timestamp,open,high,low,close,volume
2026-01-05T05:00:00Z,25487.5,25489.25,25469.0,25470.5,2494.0
2026-01-05T05:15:00Z,25470.0,25483.0,25465.75,25479.75,2571.0
2026-01-05T05:30:00Z,25479.75,25484.5,25475.25,25482.5,2132.0
2026-01-05T05:45:00Z,25482.0,25497.5,25479.75,25495.0,3080.0
2026-01-05T06:00:00Z,25494.5,25502.0,25491.0,25495.25,3229.0
2026-01-05T06:15:00Z,25495.75,25504.5,25478.0,25480.0,3852.0
2026-01-05T06:30:00Z,25479.75,25490.0,25468.5,25488.75,4713.0
2026-01-05T06:45:00Z,25489.25,25508.25,25488.5,25506.25,3863.0
2026-01-05T07:00:00Z,25506.25,25509.25,25488.5,25494.0,3607.0
2026-01-05T07:15:00Z,25494.0,25494.25,25458.75,25470.75,5439.0
2026-01-05T07:30:00Z,25471.0,25483.75,25462.0,25464.25,4742.0
2026-01-05T07:45:00Z,25464.25,25483.5,25455.25,25478.0,4122.0
2026-01-05T08:00:00Z,25478.0,25523.0,25467.5,25520.75,9306.0
2026-01-05T08:15:00Z,25521.5,25556.0,25519.5,25537.5,10966.0
2026-01-05T08:30:00Z,25537.0,25544.75,25515.75,25522.25,5607.0
2026-01-05T08:45:00Z,25522.0,25528.0,25507.5,25512.25,4574.0
2026-01-05T09:00:00Z,25511.5,25532.5,25506.75,25522.5,5583.0
2026-01-05T09:15:00Z,25521.75,25530.0,25495.5,25498.75,5130.0
2026-01-05T09:30:00Z,25497.75,25524.5,25495.25,25517.25,5082.0
2026-01-05T09:45:00Z,25517.0,25523.25,25505.25,25511.75,3662.0
2026-01-05T10:00:00Z,25511.75,25546.0,25510.5,25541.0,4970.0
2026-01-05T10:15:00Z,25541.25,25554.75,25540.0,25544.5,4732.0
2026-01-05T10:30:00Z,25544.5,25549.25,25534.25,25541.0,4115.0
2026-01-05T10:45:00Z,25541.75,25558.75,25541.5,25553.75,3988.0
2026-01-05T11:00:00Z,25554.25,25563.5,25544.25,25554.25,4174.0
2026-01-05T11:15:00Z,25555.0,25567.5,25548.25,25548.5,4954.0
2026-01-05T11:30:00Z,25548.25,25573.0,25548.0,25567.25,4952.0
2026-01-05T11:45:00Z,25566.5,25577.0,25565.5,25567.75,3985.0
2026-01-05T12:00:00Z,25567.75,25586.75,25561.5,25568.5,6885.0
2026-01-05T12:15:00Z,25568.5,25578.75,25557.25,25558.75,3712.0
2026-01-05T12:30:00Z,25559.5,25572.25,25545.0,25550.5,6359.0
2026-01-05T12:45:00Z,25551.0,25563.25,25544.5,25557.5,4571.0
2026-01-05T13:00:00Z,25558.0,25572.75,25545.25,25562.0,6674.0
2026-01-05T13:15:00Z,25562.0,25563.25,25520.0,25537.75,10021.0
2026-01-05T13:30:00Z,25537.5,25564.25,25537.5,25546.75,9212.0
2026-01-05T13:45:00Z,25547.0,25591.5,25544.0,25576.0,11792.0
2026-01-05T14:00:00Z,25575.75,25616.5,25575.25,25607.75,19625.0
2026-01-05T14:15:00Z,25607.75,25646.75,25606.0,25642.5,21344.0
2026-01-05T14:30:00Z,25643.0,25673.0,25539.25,25602.25,145046.0
2026-01-05T14:45:00Z,25602.5,25632.75,25560.25,25594.75,97525.0
2026-01-05T15:00:00Z,25594.75,25652.0,25565.5,25639.0,74688.0
2026-01-05T15:15:00Z,25639.5,25684.0,25625.0,25673.25,62839.0
2026-01-05T15:30:00Z,25673.5,25691.25,25636.75,25641.25,51261.0
2026-01-05T15:45:00Z,25641.25,25671.75,25640.75,25664.5,34379.0
2026-01-05T16:00:00Z,25664.5,25696.75,25651.25,25672.5,35980.0
2026-01-05T16:15:00Z,25672.5,25690.5,25668.0,25683.75,22308.0
2026-01-05T16:30:00Z,25683.5,25696.5,25662.5,25680.5,28191.0
2026-01-05T16:45:00Z,25680.5,25708.0,25657.25,25658.0,33539.0
2026-01-05T17:00:00Z,25658.75,25673.5,25642.5,25671.5,31289.0
2026-01-05T17:15:00Z,25672.0,25673.25,25615.25,25628.75,32987.0
2026-01-05T17:30:00Z,25629.25,25635.0,25607.5,25613.5,26205.0
2026-01-05T17:45:00Z,25613.5,25635.25,25610.5,25626.75,20528.0
2026-01-05T18:00:00Z,25626.5,25632.25,25589.25,25597.75,24496.0
2026-01-05T18:15:00Z,25597.5,25607.5,25557.0,25605.75,39381.0
2026-01-05T18:30:00Z,25605.5,25620.0,25589.25,25618.0,23101.0
2026-01-05T18:45:00Z,25618.0,25625.75,25605.75,25612.75,15246.0
2026-01-05T19:00:00Z,25613.0,25618.5,25592.0,25601.25,17112.0
2026-01-05T19:15:00Z,25601.25,25604.5,25583.75,25585.0,11871.0
2026-01-05T19:30:00Z,25585.5,25591.25,25548.5,25563.25,25776.0
2026-01-05T19:45:00Z,25563.0,25587.5,25562.0,25577.0,22081.0
2026-01-05T20:00:00Z,25577.25,25603.75,25565.75,25599.75,25859.0
2026-01-05T20:15:00Z,25599.75,25607.25,25592.5,25600.0,14642.0
2026-01-05T20:30:00Z,25600.25,25605.0,25590.5,25599.75,13794.0
2026-01-05T20:45:00Z,25599.5,25618.75,25566.5,25587.0,45891.0
2026-01-05T21:00:00Z,25587.5,25590.5,25573.0,25579.25,11813.0
2026-01-05T21:15:00Z,25579.25,25588.75,25576.75,25584.5,3764.0
2026-01-05T21:30:00Z,25584.75,25588.75,25578.25,25579.5,3046.0
2026-01-05T21:45:00Z,25579.25,25584.75,25576.75,25578.5,2871.0
2026-01-05T23:00:00Z,25581.0,25597.5,25580.25,25587.5,2334.0
2026-01-05T23:15:00Z,25588.5,25591.0,25578.0,25587.75,3012.0
2026-01-05T23:30:00Z,25587.25,25588.0,25565.25,25571.0,5112.0
2026-01-05T23:45:00Z,25571.5,25574.25,25560.0,25566.0,3791.0
2026-01-06T00:00:00Z,25566.25,25582.25,25555.25,25556.25,6526.0
2026-01-06T00:15:00Z,25556.25,25572.5,25554.0,25572.0,3629.0
2026-01-06T00:30:00Z,25571.75,25574.0,25552.25,25559.0,4169.0
2026-01-06T00:45:00Z,25558.75,25567.0,25557.5,25563.75,2642.0
2026-01-06T01:00:00Z,25564.0,25579.5,25555.5,25572.0,4605.0
2026-01-06T01:15:00Z,25572.0,25598.75,25566.25,25593.75,5775.0
2026-01-06T01:30:00Z,25593.25,25598.5,25591.0,25593.0,3158.0
2026-01-06T01:45:00Z,25593.0,25602.75,25590.0,25597.75,3525.0
2026-01-06T02:00:00Z,25598.0,25606.0,25593.5,25593.75,3261.0
2026-01-06T02:15:00Z,25593.75,25608.0,25592.75,25603.75,2953.0
2026-01-06T02:30:00Z,25604.75,25617.0,25600.75,25614.25,3324.0
2026-01-06T02:45:00Z,25613.75,25625.25,25611.75,25624.0,3150.0
2026-01-06T03:00:00Z,25623.75,25629.5,25620.75,25625.25,2566.0
2026-01-06T03:15:00Z,25625.25,25627.75,25620.5,25622.5,1714.0
2026-01-06T03:30:00Z,25622.25,25628.5,25621.0,25625.75,2051.0
2026-01-06T03:45:00Z,25626.25,25626.5,25616.5,25620.5,2629.0
2026-01-06T04:00:00Z,25620.75,25639.25,25620.25,25637.0,4115.0
2026-01-06T04:15:00Z,25636.75,25641.75,25633.75,25640.0,2315.0
2026-01-06T04:30:00Z,25640.25,25645.75,25632.25,25639.25,3589.0
2026-01-06T04:45:00Z,25639.25,25647.5,25636.5,25647.25,2074.0
2026-01-06T05:00:00Z,25642.5,25651.5,25640.25,25651.0,3290.0
2026-01-06T05:15:00Z,25651.25,25653.5,25646.25,25647.25,2277.0
2026-01-06T05:30:00Z,25647.0,25651.5,25641.75,25642.25,2129.0
2026-01-06T05:45:00Z,25642.25,25644.5,25638.25,25643.0,2242.0
2026-01-06T06:00:00Z,25643.0,25658.75,25641.5,25656.5,3217.0
2026-01-06T06:15:00Z,25657.0,25668.0,25654.5,25661.25,3569.0
2026-01-06T06:30:00Z,25661.5,25674.5,25660.75,25673.0,3531.0
2026-01-06T06:45:00Z,25673.0,25673.25,25664.25,25669.0,1874.0
2026-01-06T07:00:00Z,25669.25,25669.75,25655.0,25660.75,2666.0
2026-01-06T07:15:00Z,25660.5,25661.0,25649.5,25652.5,2403.0
2026-01-06T07:30:00Z,25652.75,25657.5,25647.5,25648.0,2127.0
2026-01-06T07:45:00Z,25648.0,25649.5,25642.5,25646.75,2299.0
2026-01-06T08:00:00Z,25647.25,25647.75,25586.25,25588.75,11490.0
2026-01-06T08:15:00Z,25588.75,25593.0,25546.0,25554.5,14639.0
2026-01-06T08:30:00Z,25553.75,25562.0,25527.0,25559.0,14542.0
2026-01-06T08:45:00Z,25559.25,25578.75,25554.75,25572.75,6104.0
2026-01-06T09:00:00Z,25572.0,25583.25,25557.0,25578.25,7546.0
2026-01-06T09:15:00Z,25577.75,25587.75,25561.0,25569.75,4781.0
2026-01-06T09:30:00Z,25569.75,25590.5,25564.25,25588.5,4142.0
2026-01-06T09:45:00Z,25588.5,25608.25,25579.5,25585.75,7680.0
2026-01-06T10:00:00Z,25586.5,25592.0,25575.5,25579.25,4109.0
2026-01-06T10:15:00Z,25579.25,25583.5,25571.25,25580.25,3235.0
2026-01-06T10:30:00Z,25580.0,25594.75,25577.5,25591.0,2723.0
2026-01-06T10:45:00Z,25591.5,25597.5,25583.75,25592.25,2910.0
2026-01-06T11:00:00Z,25593.25,25605.0,25592.5,25599.5,3049.0
2026-01-06T11:15:00Z,25600.0,25602.0,25589.5,25592.75,2703.0
2026-01-06T11:30:00Z,25592.75,25597.75,25590.5,25595.75,2022.0
2026-01-06T11:45:00Z,25595.5,25614.25,25590.0,25596.75,3993.0
2026-01-06T12:00:00Z,25596.5,25616.75,25591.5,25614.5,4294.0
2026-01-06T12:15:00Z,25614.25,25617.0,25608.0,25615.75,2970.0
2026-01-06T12:30:00Z,25615.75,25635.0,25611.5,25633.25,5717.0
2026-01-06T12:45:00Z,25633.75,25649.25,25631.5,25641.25,6977.0
2026-01-06T13:00:00Z,25640.75,25652.75,25623.75,25631.0,8231.0
2026-01-06T13:15:00Z,25631.0,25642.25,25619.75,25625.5,6012.0
2026-01-06T13:30:00Z,25624.5,25637.5,25620.25,25621.25,6220.0
2026-01-06T13:45:00Z,25621.25,25625.25,25590.5,25616.25,14157.0
2026-01-06T14:00:00Z,25616.5,25619.25,25592.75,25615.0,14546.0
2026-01-06T14:15:00Z,25615.25,25639.75,25608.0,25636.25,14678.0
2026-01-06T14:30:00Z,25636.0,25679.0,25608.75,25666.25,122208.0
2026-01-06T14:45:00Z,25666.0,25761.5,25661.75,25753.0,101061.0
2026-01-06T15:00:00Z,25753.25,25773.0,25726.25,25754.0,75840.0
2026-01-06T15:15:00Z,25753.75,25778.75,25731.75,25760.25,54831.0
2026-01-06T15:30:00Z,25767.0,25767.0,25729.25,25731.5,55364.0
2026-01-06T15:45:00Z,25716.0,25735.0,25676.5,25687.75,76246.0
2026-01-06T16:00:00Z,25687.25,25687.75,25645.5,25670.0,68658.0
2026-01-06T16:15:00Z,25676.25,25706.25,25673.75,25676.75,52990.0
2026-01-06T16:30:00Z,25677.0,25692.0,25658.5,25665.5,46556.0
2026-01-06T16:45:00Z,25665.75,25697.75,25663.0,25695.75,35157.0
2026-01-06T17:00:00Z,25695.75,25718.25,25674.5,25714.5,33730.0
2026-01-06T17:15:00Z,25714.0,25743.0,25712.75,25735.0,30570.0
2026-01-06T17:30:00Z,25735.25,25772.75,25735.25,25769.25,33525.0
2026-01-06T17:45:00Z,25772.25,25772.75,25747.5,25759.75,24554.0
2026-01-06T18:00:00Z,25759.75,25763.25,25745.25,25758.0,15854.0
2026-01-06T18:15:00Z,25770.75,25779.0,25757.75,25759.5,22190.0
2026-01-06T18:30:00Z,25759.75,25771.5,25750.0,25770.0,16045.0
2026-01-06T18:45:00Z,25786.0,25806.0,25785.5,25800.0,29630.0
2026-01-06T19:00:00Z,25805.0,25809.5,25794.0,25807.25,21524.0
2026-01-06T19:15:00Z,25807.0,25814.5,25801.75,25808.75,13468.0
2026-01-06T19:30:00Z,25808.75,25820.25,25806.5,25818.5,13223.0
2026-01-06T19:45:00Z,25816.25,25818.75,25806.25,25809.5,13296.0
2026-01-06T20:00:00Z,25812.5,25815.75,25802.25,25813.5,17236.0
2026-01-06T20:15:00Z,25814.25,25830.0,25809.0,25815.75,13998.0
2026-01-06T20:30:00Z,25814.0,25829.75,25812.0,25829.0,20456.0
2026-01-06T20:45:00Z,25829.25,25837.75,25822.25,25835.5,28304.0
2026-01-06T21:00:00Z,25818.75,25826.5,25817.5,25820.25,25601.0
2026-01-06T21:15:00Z,25820.0,25826.75,25819.75,25822.75,3265.0
2026-01-06T21:30:00Z,25822.75,25827.75,25818.5,25826.5,4031.0
2026-01-06T21:45:00Z,25826.25,25833.25,25825.0,25831.25,4259.0
2026-01-06T23:00:00Z,25834.5,25844.75,25821.75,25830.0,2518.0
2026-01-06T23:15:00Z,25829.75,25831.25,25820.0,25825.5,2769.0
2026-01-06T23:30:00Z,25825.5,25825.75,25814.5,25818.75,2766.0
2026-01-06T23:45:00Z,25818.75,25830.75,25818.25,25825.0,2917.0
2026-01-07T00:00:00Z,25825.25,25842.5,25820.75,25832.0,6704.0
2026-01-07T00:15:00Z,25831.5,25837.25,25827.25,25832.0,2336.0
2026-01-07T00:30:00Z,25832.0,25832.5,25818.75,25823.75,3000.0
2026-01-07T00:45:00Z,25824.25,25838.0,25822.75,25829.0,3875.0
2026-01-07T01:00:00Z,25829.0,25835.0,25826.75,25831.75,2255.0
2026-01-07T01:15:00Z,25831.5,25831.5,25811.5,25814.75,5404.0
2026-01-07T01:30:00Z,25815.0,25828.75,25811.75,25819.0,3563.0
2026-01-07T01:45:00Z,25818.5,25822.25,25812.0,25816.25,2799.0
2026-01-07T02:00:00Z,25816.5,25832.75,25810.25,25814.0,4057.0
2026-01-07T02:15:00Z,25813.75,25818.0,25808.5,25808.75,2103.0
2026-01-07T02:30:00Z,25808.75,25813.0,25802.5,25810.0,2947.0
2026-01-07T02:45:00Z,25810.75,25812.25,25801.75,25806.75,1828.0
2026-01-07T03:00:00Z,25807.0,25815.75,25806.25,25812.5,2008.0
2026-01-07T03:15:00Z,25813.0,25822.0,25812.75,25816.5,2685.0
2026-01-07T03:30:00Z,25816.5,25818.75,25810.0,25815.25,1613.0
2026-01-07T03:45:00Z,25815.25,25820.0,25797.5,25800.0,3353.0
2026-01-07T04:00:00Z,25800.25,25803.5,25783.75,25790.5,5258.0
2026-01-07T04:15:00Z,25791.0,25792.5,25781.0,25781.25,2825.0
2026-01-07T04:30:00Z,25782.0,25789.75,25780.75,25788.5,2894.0
2026-01-07T04:45:00Z,25789.5,25794.75,25783.75,25784.75,2563.0
2026-01-07T05:00:00Z,25782.0,25788.25,25781.25,25787.25,3681.0
2026-01-07T05:15:00Z,25787.5,25790.0,25780.25,25785.0,2078.0
2026-01-07T05:30:00Z,25785.0,25794.5,25782.5,25784.0,2939.0
2026-01-07T05:45:00Z,25783.75,25786.5,25779.0,25783.5,2113.0
2026-01-07T06:00:00Z,25783.0,25798.5,25782.5,25797.25,2484.0
2026-01-07T06:15:00Z,25797.5,25799.75,25783.25,25786.0,2669.0
2026-01-07T06:30:00Z,25785.5,25792.75,25769.0,25771.25,3651.0
2026-01-07T06:45:00Z,25772.25,25777.75,25768.0,25768.75,3267.0
2026-01-07T07:00:00Z,25768.0,25776.5,25764.25,25772.25,2924.0
2026-01-07T07:15:00Z,25772.5,25779.75,25771.25,25775.25,2376.0
2026-01-07T07:30:00Z,25775.0,25775.75,25766.5,25769.0,2311.0
2026-01-07T07:45:00Z,25768.75,25776.25,25765.0,25766.5,2001.0
2026-01-07T08:00:00Z,25766.0,25778.75,25759.25,25774.5,5664.0
2026-01-07T08:15:00Z,25775.0,25788.25,25768.5,25770.5,4846.0
2026-01-07T08:30:00Z,25770.25,25775.5,25765.25,25773.0,3441.0
2026-01-07T08:45:00Z,25772.25,25775.5,25753.5,25753.5,4796.0
2026-01-07T09:00:00Z,25754.0,25758.75,25732.25,25743.5,9482.0
2026-01-07T09:15:00Z,25744.0,25746.75,25727.0,25744.25,5099.0
2026-01-07T09:30:00Z,25744.5,25755.25,25740.25,25750.75,4963.0
2026-01-07T09:45:00Z,25751.0,25757.5,25747.75,25753.0,2245.0
2026-01-07T10:00:00Z,25753.0,25762.5,25744.0,25758.5,3598.0
2026-01-07T10:15:00Z,25758.75,25759.0,25734.25,25735.75,3567.0
2026-01-07T10:30:00Z,25734.75,25741.5,25727.75,25733.25,3243.0
2026-01-07T10:45:00Z,25734.0,25739.75,25728.0,25739.25,3162.0
2026-01-07T11:00:00Z,25739.75,25748.25,25731.75,25744.5,3517.0
2026-01-07T11:15:00Z,25744.5,25750.0,25738.75,25741.75,2692.0
2026-01-07T11:30:00Z,25742.0,25767.5,25739.75,25758.0,5692.0
2026-01-07T11:45:00Z,25758.0,25768.75,25756.25,25767.75,3312.0
2026-01-07T12:00:00Z,25767.25,25781.0,25762.0,25772.5,6217.0
2026-01-07T12:15:00Z,25772.5,25782.25,25769.25,25774.75,4455.0
2026-01-07T12:30:00Z,25774.5,25775.0,25753.25,25767.25,6835.0
2026-01-07T12:45:00Z,25767.25,25777.75,25759.25,25766.25,4924.0
2026-01-07T13:00:00Z,25766.0,25769.0,25755.25,25758.75,5859.0
2026-01-07T13:15:00Z,25763.0,25776.5,25761.25,25775.25,6689.0
2026-01-07T13:30:00Z,25775.5,25793.75,25766.0,25790.75,13488.0
2026-01-07T13:45:00Z,25790.25,25790.75,25771.25,25788.5,9654.0
2026-01-07T14:00:00Z,25788.5,25789.5,25761.5,25772.5,12727.0
2026-01-07T14:15:00Z,25772.5,25791.5,25763.0,25790.25,16276.0
2026-01-07T14:30:00Z,25790.75,25864.25,25770.75,25854.75,107852.0
2026-01-07T14:45:00Z,25854.75,25880.0,25840.5,25857.0,64403.0
2026-01-07T15:00:00Z,25855.0,25870.75,25812.0,25859.25,78761.0
2026-01-07T15:15:00Z,25859.0,25875.75,25822.25,25866.0,66676.0
2026-01-07T15:30:00Z,25866.25,25902.0,25810.0,25854.5,90387.0
2026-01-07T15:45:00Z,25854.75,25911.25,25851.25,25905.75,47757.0
2026-01-07T16:00:00Z,25905.25,25928.75,25903.0,25924.0,33263.0
2026-01-07T16:15:00Z,25924.25,25930.0,25879.25,25895.75,39535.0
2026-01-07T16:30:00Z,25895.5,25944.75,25889.5,25942.25,42991.0
2026-01-07T16:45:00Z,25942.5,25971.25,25939.25,25970.0,37995.0
2026-01-07T17:00:00Z,25970.0,25988.5,25964.25,25975.5,31572.0
2026-01-07T17:15:00Z,25975.5,25991.0,25969.5,25984.25,21785.0
2026-01-07T17:30:00Z,25984.25,25998.0,25974.75,25993.75,19826.0
2026-01-07T17:45:00Z,25994.0,25996.5,25961.0,25971.0,30173.0
2026-01-07T18:00:00Z,25970.75,25972.25,25947.5,25961.25,25064.0
2026-01-07T18:15:00Z,25961.25,25961.5,25925.5,25930.25,32979.0
2026-01-07T18:30:00Z,25930.0,25972.25,25929.0,25969.5,30624.0
2026-01-07T18:45:00Z,25969.5,25978.75,25949.0,25955.5,22742.0
2026-01-07T19:00:00Z,25956.0,25956.5,25900.75,25919.0,36023.0
2026-01-07T19:15:00Z,25919.0,25921.75,25888.75,25899.5,33914.0
2026-01-07T19:30:00Z,25899.0,25921.25,25891.75,25914.75,26006.0
2026-01-07T19:45:00Z,25914.75,25918.0,25900.75,25902.75,14584.0
2026-01-07T20:00:00Z,25902.75,25913.5,25863.5,25870.0,31211.0
2026-01-07T20:15:00Z,25869.75,25887.25,25852.25,25860.25,37757.0
2026-01-07T20:30:00Z,25860.25,25862.5,25814.25,25832.25,45307.0
2026-01-07T20:45:00Z,25833.0,25847.5,25818.75,25834.25,42050.0
2026-01-07T21:00:00Z,25834.5,25836.0,25821.5,25826.75,13058.0
2026-01-07T21:15:00Z,25827.0,25835.5,25820.0,25830.75,5209.0
2026-01-07T21:30:00Z,25830.5,25833.0,25827.25,25830.25,3691.0
2026-01-07T21:45:00Z,25830.0,25839.0,25829.75,25836.5,4018.0
2026-01-07T23:00:00Z,25839.25,25850.25,25826.5,25827.0,3273.0
2026-01-07T23:15:00Z,25828.0,25836.75,25823.0,25829.5,3102.0
2026-01-07T23:30:00Z,25830.0,25835.5,25825.75,25832.5,1796.0
2026-01-07T23:45:00Z,25832.75,25834.0,25818.25,25823.5,2749.0
2026-01-08T00:00:00Z,25822.75,25825.75,25815.0,25821.75,2984.0
2026-01-08T00:15:00Z,25822.75,25828.0,25806.25,25810.5,4349.0
2026-01-08T00:30:00Z,25810.5,25835.75,25810.0,25833.5,5189.0
2026-01-08T00:45:00Z,25833.75,25843.5,25833.0,25842.5,3533.0
2026-01-08T01:00:00Z,25842.0,25844.25,25816.5,25820.0,5089.0
2026-01-08T01:15:00Z,25820.0,25839.0,25819.25,25837.25,3480.0
2026-01-08T01:30:00Z,25837.25,25837.75,25820.5,25834.5,3948.0
2026-01-08T01:45:00Z,25834.75,25840.5,25831.0,25837.0,2861.0
2026-01-08T02:00:00Z,25837.25,25840.5,25826.0,25827.25,3196.0
2026-01-08T02:15:00Z,25827.0,25833.0,25821.0,25825.0,2767.0
2026-01-08T02:30:00Z,25825.5,25827.0,25795.5,25798.0,6133.0
2026-01-08T02:45:00Z,25798.75,25800.75,25773.75,25785.75,7585.0
2026-01-08T03:00:00Z,25786.0,25795.5,25777.75,25789.5,4351.0
2026-01-08T03:15:00Z,25789.5,25793.5,25779.5,25783.5,3150.0
2026-01-08T03:30:00Z,25784.0,25790.75,25774.25,25775.5,3786.0
2026-01-08T03:45:00Z,25775.75,25781.75,25769.25,25776.25,3566.0
2026-01-08T04:00:00Z,25776.5,25786.5,25773.0,25782.25,2968.0
2026-01-08T04:15:00Z,25782.75,25793.5,25775.25,25783.5,3742.0
2026-01-08T04:30:00Z,25783.75,25786.75,25773.5,25775.75,2302.0
2026-01-08T04:45:00Z,25775.75,25781.5,25773.5,25779.0,1939.0
2026-01-08T05:00:00Z,25778.25,25779.75,25759.5,25760.25,4214.0
2026-01-08T05:15:00Z,25760.0,25768.0,25759.5,25762.75,2695.0
2026-01-08T05:30:00Z,25762.75,25763.75,25743.25,25747.0,5334.0
2026-01-08T05:45:00Z,25747.0,25752.75,25737.5,25737.75,3028.0
2026-01-08T06:00:00Z,25738.5,25742.0,25687.25,25694.0,13856.0
2026-01-08T06:15:00Z,25694.5,25695.5,25671.0,25674.75,10202.0
2026-01-08T06:30:00Z,25675.25,25701.25,25671.5,25699.5,7620.0
2026-01-08T06:45:00Z,25699.75,25709.75,25696.25,25705.0,4860.0
2026-01-08T07:00:00Z,25705.5,25717.25,25680.25,25716.25,7353.0
2026-01-08T07:15:00Z,25716.5,25804.5,25709.5,25758.5,19690.0
2026-01-08T07:30:00Z,25758.0,25779.5,25741.5,25772.25,10109.0
2026-01-08T07:45:00Z,25772.75,25773.0,25747.75,25749.75,5074.0
2026-01-08T08:00:00Z,25749.25,25777.5,25747.75,25775.75,7144.0
2026-01-08T08:15:00Z,25776.0,25787.0,25769.75,25787.0,4886.0
2026-01-08T08:30:00Z,25786.5,25803.0,25777.0,25800.5,5858.0
2026-01-08T08:45:00Z,25800.75,25801.75,25778.75,25780.0,4475.0
2026-01-08T09:00:00Z,25780.5,25795.5,25772.0,25783.5,4866.0
2026-01-08T09:15:00Z,25784.25,25784.25,25762.0,25771.0,5186.0
2026-01-08T09:30:00Z,25770.75,25773.5,25755.75,25759.25,3931.0
2026-01-08T09:45:00Z,25759.75,25770.25,25751.0,25769.5,4734.0
2026-01-08T10:00:00Z,25769.5,25769.5,25743.5,25751.0,4406.0
2026-01-08T10:15:00Z,25750.25,25756.0,25745.25,25749.0,3170.0
2026-01-08T10:30:00Z,25747.5,25768.25,25745.5,25765.0,4096.0
2026-01-08T10:45:00Z,25764.5,25774.5,25752.5,25772.5,3511.0
2026-01-08T11:00:00Z,25772.5,25780.75,25762.75,25774.0,4414.0
2026-01-08T11:15:00Z,25774.0,25786.25,25766.0,25778.75,3305.0
2026-01-08T11:30:00Z,25778.25,25785.75,25739.0,25774.75,10780.0
2026-01-08T11:45:00Z,25774.25,25785.0,25767.75,25770.75,3671.0
2026-01-08T12:00:00Z,25770.5,25774.75,25746.5,25759.5,8434.0
2026-01-08T12:15:00Z,25760.0,25777.75,25758.75,25774.5,4924.0
2026-01-08T12:30:00Z,25774.0,25774.75,25753.75,25758.25,5035.0
2026-01-08T12:45:00Z,25758.75,25777.25,25754.75,25767.5,4307.0
2026-01-08T13:00:00Z,25767.25,25787.0,25757.0,25782.75,5946.0
2026-01-08T13:15:00Z,25783.0,25810.5,25772.25,25804.0,10528.0
2026-01-08T13:30:00Z,25803.5,25818.75,25786.0,25799.25,14266.0
2026-01-08T13:45:00Z,25799.25,25801.25,25787.5,25799.25,8588.0
2026-01-08T14:00:00Z,25799.0,25811.0,25781.25,25795.0,14245.0
2026-01-08T14:15:00Z,25794.75,25799.0,25774.0,25785.5,14708.0
2026-01-08T14:30:00Z,25786.25,25802.75,25613.25,25621.75,153484.0
2026-01-08T14:45:00Z,25622.25,25676.25,25597.5,25603.5,122620.0
2026-01-08T15:00:00Z,25603.25,25682.5,25569.5,25677.25,110418.0
2026-01-08T15:15:00Z,25677.75,25713.5,25667.75,25697.0,60727.0
2026-01-08T15:30:00Z,25697.25,25705.5,25625.0,25683.25,78082.0
2026-01-08T15:45:00Z,25683.0,25692.0,25610.0,25684.75,66605.0
2026-01-08T16:00:00Z,25684.25,25686.75,25628.0,25635.25,51412.0
2026-01-08T16:15:00Z,25635.0,25670.0,25614.25,25624.5,48642.0
2026-01-08T16:30:00Z,25624.25,25653.25,25583.75,25648.0,52772.0
2026-01-08T16:45:00Z,25648.75,25679.0,25632.75,25670.75,39939.0
2026-01-08T17:00:00Z,25671.25,25674.5,25634.75,25651.0,27322.0
2026-01-08T17:15:00Z,25651.25,25680.0,25626.75,25636.5,31234.0
2026-01-08T17:30:00Z,25636.5,25681.25,25634.5,25674.0,25602.0
2026-01-08T17:45:00Z,25673.75,25703.5,25673.5,25680.5,27662.0
2026-01-08T18:00:00Z,25680.5,25684.5,25620.5,25627.25,35568.0
2026-01-08T18:15:00Z,25626.25,25669.25,25619.5,25658.25,31757.0
2026-01-08T18:30:00Z,25658.25,25666.0,25648.25,25660.0,17403.0
2026-01-08T18:45:00Z,25659.75,25676.0,25624.5,25631.5,26944.0
2026-01-08T19:00:00Z,25631.0,25658.0,25613.5,25614.0,29710.0
2026-01-08T19:15:00Z,25614.0,25648.0,25597.0,25628.0,32588.0
2026-01-08T19:30:00Z,25627.5,25646.0,25611.5,25620.75,24335.0
2026-01-08T19:45:00Z,25620.5,25646.0,25617.0,25633.75,24696.0
2026-01-08T20:00:00Z,25633.5,25656.5,25625.25,25654.75,24125.0
2026-01-08T20:15:00Z,25655.0,25683.5,25638.5,25676.0,30487.0
2026-01-08T20:30:00Z,25676.0,25699.5,25667.0,25679.75,33633.0
2026-01-08T20:45:00Z,25679.5,25700.0,25670.5,25682.5,41867.0
2026-01-08T21:00:00Z,25683.0,25701.75,25681.25,25689.25,16662.0
2026-01-08T21:15:00Z,25689.25,25698.25,25685.25,25695.75,3469.0
2026-01-08T21:30:00Z,25695.75,25741.75,25695.5,25730.75,10745.0
2026-01-08T21:45:00Z,25731.0,25735.0,25706.5,25711.5,6560.0
2026-01-08T23:00:00Z,25720.5,25727.0,25707.0,25709.25,2266.0
2026-01-08T23:15:00Z,25709.0,25710.75,25692.5,25693.75,3235.0
2026-01-08T23:30:00Z,25694.0,25698.0,25683.5,25686.5,3491.0
2026-01-08T23:45:00Z,25686.75,25692.75,25672.25,25675.75,4689.0
2026-01-09T00:00:00Z,25675.25,25689.75,25671.75,25686.75,4705.0
2026-01-09T00:15:00Z,25686.75,25695.0,25673.5,25685.5,4417.0
2026-01-09T00:30:00Z,25686.0,25695.5,25683.25,25694.5,3466.0
2026-01-09T00:45:00Z,25694.5,25694.5,25664.5,25666.0,5008.0
2026-01-09T01:00:00Z,25666.5,25679.5,25663.75,25668.25,4598.0
2026-01-09T01:15:00Z,25667.75,25673.0,25630.0,25637.25,7686.0
2026-01-09T01:30:00Z,25637.25,25642.0,25627.0,25637.5,4515.0
2026-01-09T01:45:00Z,25637.0,25654.0,25634.5,25651.5,4522.0
2026-01-09T02:00:00Z,25651.5,25663.5,25649.0,25653.5,4200.0
2026-01-09T02:15:00Z,25654.25,25690.0,25652.0,25687.75,6730.0
2026-01-09T02:30:00Z,25688.0,25690.5,25673.25,25688.75,3923.0
2026-01-09T02:45:00Z,25688.0,25694.0,25676.25,25684.25,3574.0
2026-01-09T03:00:00Z,25683.75,25688.0,25669.25,25684.0,4234.0
2026-01-09T03:15:00Z,25683.75,25690.25,25671.5,25672.25,3167.0
2026-01-09T03:30:00Z,25672.25,25682.5,25666.75,25680.5,3099.0
2026-01-09T03:45:00Z,25681.0,25684.0,25670.5,25674.5,2289.0
2026-01-09T04:00:00Z,25674.75,25680.5,25664.5,25669.75,2963.0
2026-01-09T04:15:00Z,25669.75,25674.0,25657.75,25670.0,2918.0
2026-01-09T04:30:00Z,25669.5,25676.0,25667.75,25672.75,1747.0
2026-01-09T04:45:00Z,25673.0,25680.75,25665.75,25678.0,2359.0
2026-01-09T05:00:00Z,25683.75,25687.25,25674.75,25677.25,3332.0
2026-01-09T05:15:00Z,25675.75,25683.75,25672.75,25681.0,1810.0
2026-01-09T05:30:00Z,25681.25,25681.5,25666.75,25670.75,1891.0
2026-01-09T05:45:00Z,25671.5,25695.5,25667.25,25693.25,3345.0
2026-01-09T06:00:00Z,25693.25,25702.0,25672.5,25681.25,4164.0
2026-01-09T06:15:00Z,25680.75,25684.0,25675.0,25681.75,1802.0
2026-01-09T06:30:00Z,25681.75,25696.5,25681.25,25693.5,2484.0
2026-01-09T06:45:00Z,25694.25,25699.5,25687.5,25691.0,1791.0
2026-01-09T07:00:00Z,25691.0,25692.0,25679.5,25687.5,2374.0
2026-01-09T07:15:00Z,25687.25,25688.0,25653.5,25658.5,4781.0
2026-01-09T07:30:00Z,25658.5,25676.0,25652.0,25670.25,4320.0
2026-01-09T07:45:00Z,25670.75,25681.5,25668.5,25672.5,3091.0
2026-01-09T08:00:00Z,25672.5,25700.0,25671.5,25689.75,6700.0
2026-01-09T08:15:00Z,25689.75,25701.5,25683.0,25691.0,4541.0
2026-01-09T08:30:00Z,25690.75,25699.0,25671.0,25690.5,5481.0
2026-01-09T08:45:00Z,25690.25,25691.0,25665.25,25674.5,5524.0
2026-01-09T09:00:00Z,25674.5,25681.75,25662.25,25673.25,4333.0
2026-01-09T09:15:00Z,25673.75,25696.5,25672.25,25695.75,3415.0
2026-01-09T09:30:00Z,25696.25,25724.0,25696.25,25711.0,7475.0
2026-01-09T09:45:00Z,25711.5,25725.75,25710.25,25721.75,4150.0
2026-01-09T10:00:00Z,25722.75,25729.75,25716.75,25722.5,4008.0
2026-01-09T10:15:00Z,25722.5,25737.75,25721.75,25730.0,3107.0
2026-01-09T10:30:00Z,25730.25,25735.0,25721.5,25725.5,2889.0
2026-01-09T10:45:00Z,25726.25,25735.75,25725.25,25727.75,2193.0
2026-01-09T11:00:00Z,25727.75,25735.25,25721.25,25727.0,3121.0
2026-01-09T11:15:00Z,25726.75,25748.75,25724.0,25746.0,3987.0
2026-01-09T11:30:00Z,25746.0,25766.5,25744.0,25765.0,6322.0
2026-01-09T11:45:00Z,25765.75,25767.0,25738.0,25740.5,4329.0
2026-01-09T12:00:00Z,25740.5,25752.75,25736.0,25737.75,4518.0
2026-01-09T12:15:00Z,25737.75,25738.5,25720.5,25726.0,4597.0
2026-01-09T12:30:00Z,25726.25,25729.75,25713.5,25729.0,4847.0
2026-01-09T12:45:00Z,25728.25,25749.0,25728.25,25749.0,5690.0
2026-01-09T13:00:00Z,25748.75,25753.0,25732.0,25741.75,6507.0
2026-01-09T13:15:00Z,25741.0,25750.75,25726.25,25744.0,7659.0
2026-01-09T13:30:00Z,25744.0,25806.0,25715.25,25794.25,29034.0
2026-01-09T13:45:00Z,25794.5,25809.25,25782.75,25804.75,15124.0
2026-01-09T14:00:00Z,25805.0,25824.75,25752.75,25768.5,30741.0
2026-01-09T14:15:00Z,25769.0,25773.5,25700.25,25714.0,38026.0
2026-01-09T14:30:00Z,25714.25,25791.0,25648.25,25751.75,148159.0
2026-01-09T14:45:00Z,25751.5,25769.75,25673.75,25734.0,102933.0
2026-01-09T15:00:00Z,25738.25,25759.75,25615.75,25748.0,138715.0
2026-01-09T15:15:00Z,25747.5,25860.75,25731.75,25853.5,106924.0
2026-01-09T15:30:00Z,25853.5,25879.0,25780.0,25780.75,93399.0
2026-01-09T15:45:00Z,25780.75,25815.0,25761.0,25811.75,83014.0
2026-01-09T16:00:00Z,25811.25,25901.5,25810.75,25891.0,73726.0
2026-01-09T16:15:00Z,25891.0,25895.0,25858.5,25864.0,38713.0
2026-01-09T16:30:00Z,25864.0,25877.25,25845.0,25868.25,40645.0
2026-01-09T16:45:00Z,25868.0,25920.5,25866.75,25910.25,39695.0
2026-01-09T17:00:00Z,25910.0,25926.0,25898.0,25913.25,29155.0
2026-01-09T17:15:00Z,25913.25,25922.5,25885.25,25913.25,28216.0
2026-01-09T17:30:00Z,25913.25,25927.5,25904.0,25910.0,20955.0
2026-01-09T17:45:00Z,25910.5,25936.0,25905.75,25923.0,24518.0
2026-01-09T18:00:00Z,25923.25,25923.5,25886.0,25891.25,27806.0
2026-01-09T18:15:00Z,25891.25,25909.25,25882.0,25908.0,20031.0
2026-01-09T18:30:00Z,25908.25,25959.75,25906.75,25939.5,32557.0
2026-01-09T18:45:00Z,25939.25,25968.25,25936.75,25961.25,21428.0
2026-01-09T19:00:00Z,25962.25,25963.75,25948.0,25954.0,16882.0
2026-01-09T19:15:00Z,25954.25,25967.0,25954.25,25958.75,12501.0
2026-01-09T19:30:00Z,25959.25,25964.0,25952.0,25962.25,11493.0
2026-01-09T19:45:00Z,25962.0,25972.75,25953.5,25954.5,20836.0
2026-01-09T20:00:00Z,25954.25,25976.25,25949.25,25966.25,17963.0
2026-01-09T20:15:00Z,25966.0,25986.0,25963.75,25967.5,19077.0
2026-01-09T20:30:00Z,25967.25,25972.75,25954.0,25961.25,17517.0
2026-01-09T20:45:00Z,25961.0,25965.0,25930.75,25932.75,38393.0
2026-01-09T21:00:00Z,25933.25,25943.5,25926.25,25933.5,15772.0
2026-01-09T21:15:00Z,25933.0,25941.0,25929.75,25933.5,4540.0
2026-01-09T21:30:00Z,25933.25,25934.0,25924.5,25926.0,4185.0
2026-01-09T21:45:00Z,25925.75,25933.75,25923.5,25931.5,3836.0
2026-01-11T23:00:00Z,25913.25,25919.75,25900.25,25906.0,2030.0
2026-01-11T23:15:00Z,25906.0,25912.75,25879.75,25902.25,6640.0
2026-01-11T23:30:00Z,25902.5,25912.0,25896.25,25905.5,4069.0
2026-01-11T23:45:00Z,25904.75,25911.0,25893.25,25894.0,4451.0
2026-01-12T00:00:00Z,25893.5,25902.5,25855.0,25861.0,13902.0
2026-01-12T00:15:00Z,25860.5,25872.0,25856.75,25861.75,5151.0
2026-01-12T00:30:00Z,25861.5,25862.5,25772.75,25805.25,24019.0
2026-01-12T00:45:00Z,25806.0,25813.75,25780.25,25788.5,11242.0
2026-01-12T01:00:00Z,25789.0,25797.5,25760.25,25781.75,17486.0
2026-01-12T01:15:00Z,25781.75,25784.5,25748.75,25756.5,12732.0
2026-01-12T01:30:00Z,25756.5,25770.25,25723.5,25769.25,15319.0
2026-01-12T01:45:00Z,25769.5,25785.0,25767.0,25778.0,10238.0
2026-01-12T02:00:00Z,25777.75,25778.5,25743.25,25745.0,9576.0
2026-01-12T02:15:00Z,25745.0,25749.0,25731.0,25741.75,7606.0
2026-01-12T02:30:00Z,25741.75,25758.75,25740.5,25754.75,6199.0
2026-01-12T02:45:00Z,25754.75,25764.5,25740.0,25747.75,7728.0
2026-01-12T03:00:00Z,25747.75,25753.5,25737.75,25744.75,4359.0
2026-01-12T03:15:00Z,25743.75,25752.75,25740.5,25745.5,3396.0
2026-01-12T03:30:00Z,25745.5,25752.75,25740.0,25746.0,4315.0
2026-01-12T03:45:00Z,25745.75,25746.75,25710.0,25737.75,10406.0
2026-01-12T04:00:00Z,25738.0,25740.25,25717.5,25724.5,4787.0
2026-01-12T04:15:00Z,25724.75,25730.75,25715.0,25728.75,3848.0
2026-01-12T04:30:00Z,25728.25,25738.25,25723.5,25729.75,3833.0
2026-01-12T04:45:00Z,25729.5,25733.25,25722.75,25729.0,2282.0
2026-01-12T05:00:00Z,25727.0,25743.0,25720.0,25721.0,4595.0
2026-01-12T05:15:00Z,25720.75,25722.5,25692.75,25702.75,9244.0
2026-01-12T05:30:00Z,25702.25,25702.5,25686.25,25689.0,5707.0
2026-01-12T05:45:00Z,25688.75,25700.5,25677.25,25699.0,6348.0
2026-01-12T06:00:00Z,25699.0,25726.0,25696.5,25717.25,5442.0
2026-01-12T06:15:00Z,25717.25,25718.5,25698.0,25710.5,4670.0
2026-01-12T06:30:00Z,25710.25,25717.0,25705.0,25714.0,3206.0
2026-01-12T06:45:00Z,25714.0,25721.75,25711.25,25717.5,2494.0
2026-01-12T07:00:00Z,25717.5,25746.5,25715.5,25735.25,6526.0
2026-01-12T07:15:00Z,25735.75,25740.25,25724.25,25733.75,3880.0
2026-01-12T07:30:00Z,25733.75,25735.0,25723.25,25728.0,3094.0
2026-01-12T07:45:00Z,25728.0,25736.25,25722.0,25731.5,3075.0
2026-01-12T08:00:00Z,25731.75,25750.0,25716.0,25716.25,8363.0
2026-01-12T08:15:00Z,25717.0,25722.75,25658.25,25676.75,15913.0
2026-01-12T08:30:00Z,25676.75,25678.25,25632.75,25650.25,14409.0
2026-01-12T08:45:00Z,25651.0,25673.75,25638.75,25660.0,8237.0
2026-01-12T09:00:00Z,25659.75,25701.0,25659.5,25696.0,9248.0
2026-01-12T09:15:00Z,25696.0,25701.0,25671.75,25679.75,6089.0
2026-01-12T09:30:00Z,25679.5,25684.5,25665.0,25675.75,4431.0
2026-01-12T09:45:00Z,25675.5,25706.75,25675.25,25698.0,5055.0
2026-01-12T10:00:00Z,25698.25,25702.5,25687.5,25691.0,3198.0
2026-01-12T10:15:00Z,25691.5,25706.75,25686.5,25705.75,4162.0
2026-01-12T10:30:00Z,25705.5,25723.25,25704.75,25715.75,5019.0
2026-01-12T10:45:00Z,25716.0,25718.25,25702.0,25708.0,3176.0
2026-01-12T11:00:00Z,25707.75,25733.0,25705.5,25727.0,6026.0
2026-01-12T11:15:00Z,25727.75,25731.0,25713.75,25718.75,3433.0
2026-01-12T11:30:00Z,25718.25,25723.5,25710.5,25717.25,2708.0
2026-01-12T11:45:00Z,25717.0,25724.25,25709.25,25719.0,3160.0
2026-01-12T12:00:00Z,25718.25,25742.0,25713.75,25731.75,7532.0
2026-01-12T12:15:00Z,25732.75,25739.25,25724.25,25729.5,4114.0
2026-01-12T12:30:00Z,25729.0,25748.0,25728.25,25742.75,6530.0
2026-01-12T12:45:00Z,25742.75,25761.75,25736.75,25753.5,7318.0
2026-01-12T13:00:00Z,25753.0,25761.75,25727.5,25731.75,9486.0
2026-01-12T13:15:00Z,25731.75,25762.75,25730.25,25754.0,7652.0
2026-01-12T13:30:00Z,25753.5,25755.0,25736.75,25745.0,6660.0
2026-01-12T13:45:00Z,25744.75,25759.75,25739.0,25743.5,6424.0
2026-01-12T14:00:00Z,25743.75,25754.5,25732.0,25741.75,10211.0
2026-01-12T14:15:00Z,25741.75,25750.75,25719.75,25746.0,18357.0
2026-01-12T14:30:00Z,25745.75,25892.5,25743.75,25853.0,122441.0
2026-01-12T14:45:00Z,25853.75,25924.75,25834.25,25901.0,82839.0
2026-01-12T15:00:00Z,25901.25,25910.25,25867.0,25905.75,64748.0
2026-01-12T15:15:00Z,25906.0,25933.25,25881.25,25921.75,52235.0
2026-01-12T15:30:00Z,25921.5,25922.5,25873.5,25887.75,50915.0
2026-01-12T15:45:00Z,25887.5,25920.5,25863.5,25916.0,42217.0
2026-01-12T16:00:00Z,25915.5,25947.25,25901.25,25946.25,34804.0
2026-01-12T16:15:00Z,25946.25,25960.0,25929.0,25941.75,37472.0
2026-01-12T16:30:00Z,25941.5,25953.75,25932.0,25933.0,24848.0
2026-01-12T16:45:00Z,25933.0,25969.5,25920.75,25960.5,37088.0
2026-01-12T17:00:00Z,25960.75,25977.0,25951.75,25969.75,25794.0
2026-01-12T17:15:00Z,25969.25,25970.75,25948.75,25962.5,21501.0
2026-01-12T17:30:00Z,25962.25,25963.0,25938.5,25959.25,22029.0
2026-01-12T17:45:00Z,25959.0,25972.25,25956.5,25968.25,16512.0
2026-01-12T18:00:00Z,25968.25,25992.0,25965.0,25985.5,25018.0
2026-01-12T18:15:00Z,25985.75,25997.25,25975.5,25991.0,17814.0
2026-01-12T18:30:00Z,25991.0,25993.5,25977.5,25981.75,12989.0
2026-01-12T18:45:00Z,25981.75,25992.75,25973.75,25978.5,13744.0
2026-01-12T19:00:00Z,25978.75,25983.25,25962.0,25981.0,20303.0
2026-01-12T19:15:00Z,25981.25,26003.25,25977.25,25996.25,17983.0
2026-01-12T19:30:00Z,25996.25,26016.0,25995.25,26006.5,21199.0
2026-01-12T19:45:00Z,26006.5,26018.5,26004.25,26014.75,12507.0
2026-01-12T20:00:00Z,26015.0,26020.5,25997.25,26002.5,18045.0
2026-01-12T20:15:00Z,26002.5,26003.0,25986.25,25991.0,17299.0
2026-01-12T20:30:00Z,25991.0,25995.75,25973.5,25980.0,21483.0
2026-01-12T20:45:00Z,25979.75,25991.0,25950.5,25952.5,43926.0
2026-01-12T21:00:00Z,25952.25,25964.75,25948.0,25959.5,15855.0
2026-01-12T21:15:00Z,25959.25,25974.25,25953.25,25971.25,6332.0
2026-01-12T21:30:00Z,25971.0,25971.5,25962.75,25967.25,4509.0
2026-01-12T21:45:00Z,25967.25,25968.0,25932.75,25942.25,9306.0
2026-01-12T23:00:00Z,25948.0,25954.0,25914.5,25929.25,3907.0
2026-01-12T23:15:00Z,25929.5,25938.5,25926.75,25927.25,3453.0
2026-01-12T23:30:00Z,25927.0,25932.25,25913.5,25918.0,3555.0
2026-01-12T23:45:00Z,25919.0,25919.0,25893.5,25895.75,6866.0
2026-01-13T00:00:00Z,25896.0,25899.75,25881.75,25887.5,7113.0
2026-01-13T00:15:00Z,25887.25,25897.0,25883.0,25884.5,4094.0
2026-01-13T00:30:00Z,25884.25,25890.5,25872.25,25875.5,6315.0
2026-01-13T00:45:00Z,25875.5,25882.25,25871.5,25875.5,3906.0
2026-01-13T01:00:00Z,25875.0,25883.25,25870.25,25874.25,4618.0
2026-01-13T01:15:00Z,25874.25,25881.25,25871.5,25873.5,3573.0
2026-01-13T01:30:00Z,25873.0,25877.0,25846.0,25853.25,8456.0
2026-01-13T01:45:00Z,25853.0,25891.0,25846.0,25879.25,10003.0
2026-01-13T02:00:00Z,25879.25,25897.25,25877.0,25890.75,7085.0
2026-01-13T02:15:00Z,25891.5,25897.25,25876.0,25879.75,5063.0
2026-01-13T02:30:00Z,25879.25,25892.0,25875.5,25886.5,3979.0
2026-01-13T02:45:00Z,25886.75,25890.0,25874.0,25878.25,2900.0
2026-01-13T03:00:00Z,25878.25,25888.75,25866.5,25885.0,4573.0
2026-01-13T03:15:00Z,25885.5,25892.75,25879.75,25885.5,2317.0
2026-01-13T03:30:00Z,25884.5,25886.5,25861.25,25867.75,4220.0
2026-01-13T03:45:00Z,25868.5,25885.25,25862.0,25883.0,2971.0
2026-01-13T04:00:00Z,25883.5,25886.5,25875.0,25877.25,2558.0
2026-01-13T04:15:00Z,25878.0,25891.75,25875.0,25884.0,3161.0
2026-01-13T04:30:00Z,25884.25,25886.75,25870.75,25873.25,2116.0
2026-01-13T04:45:00Z,25872.75,25891.0,25869.0,25886.25,3270.0
2026-01-13T05:00:00Z,25881.5,25883.75,25877.5,25882.5,2324.0
2026-01-13T05:15:00Z,25883.0,25906.75,25880.25,25905.25,4186.0
2026-01-13T05:30:00Z,25904.75,25907.5,25883.75,25898.0,4179.0
2026-01-13T05:45:00Z,25897.75,25907.25,25896.0,25901.75,2755.0
2026-01-13T06:00:00Z,25901.75,25915.75,25900.5,25912.75,4303.0
2026-01-13T06:15:00Z,25912.75,25921.0,25910.0,25918.25,3316.0
2026-01-13T06:30:00Z,25918.25,25925.25,25911.5,25916.5,4010.0
2026-01-13T06:45:00Z,25916.75,25932.75,25910.5,25915.75,3621.0
2026-01-13T07:00:00Z,25916.0,25924.5,25906.75,25923.75,3558.0
2026-01-13T07:15:00Z,25924.25,25925.75,25907.25,25915.5,3131.0
2026-01-13T07:30:00Z,25915.25,25919.75,25910.0,25917.0,1765.0
2026-01-13T07:45:00Z,25917.0,25923.5,25916.25,25917.25,1648.0
2026-01-13T08:00:00Z,25916.75,25921.75,25901.25,25903.0,5065.0
2026-01-13T08:15:00Z,25903.0,25924.5,25901.0,25919.25,4396.0
2026-01-13T08:30:00Z,25918.25,25926.5,25895.25,25915.75,6131.0
2026-01-13T08:45:00Z,25915.25,25915.75,25904.25,25906.25,2363.0
2026-01-13T09:00:00Z,25906.25,25931.5,25906.25,25928.0,5311.0
2026-01-13T09:15:00Z,25927.75,25937.25,25922.0,25924.25,3586.0
2026-01-13T09:30:00Z,25923.5,25927.25,25887.5,25898.5,5476.0
2026-01-13T09:45:00Z,25898.25,25915.75,25893.5,25910.0,3697.0
2026-01-13T10:00:00Z,25909.5,25914.5,25875.0,25878.0,5549.0
2026-01-13T10:15:00Z,25878.5,25890.25,25867.25,25881.25,5392.0
2026-01-13T10:30:00Z,25880.75,25896.0,25880.0,25884.0,3282.0
2026-01-13T10:45:00Z,25884.0,25888.25,25875.25,25878.5,2822.0
2026-01-13T11:00:00Z,25878.5,25895.5,25876.0,25883.5,3672.0
2026-01-13T11:15:00Z,25883.0,25894.25,25880.25,25889.25,2929.0
2026-01-13T11:30:00Z,25889.0,25889.5,25871.5,25874.75,5254.0
2026-01-13T11:45:00Z,25875.0,25901.25,25874.5,25900.75,5373.0
2026-01-13T12:00:00Z,25900.5,25908.25,25888.5,25904.5,5649.0
2026-01-13T12:15:00Z,25904.0,25918.0,25903.0,25915.25,4141.0
2026-01-13T12:30:00Z,25915.25,25919.25,25909.5,25915.25,3505.0
2026-01-13T12:45:00Z,25915.5,25917.0,25888.25,25895.25,7249.0
2026-01-13T13:00:00Z,25895.0,25908.75,25887.75,25899.75,5311.0
2026-01-13T13:15:00Z,25900.25,25912.5,25886.5,25912.5,6991.0
2026-01-13T13:30:00Z,25910.75,26046.25,25910.75,25989.0,54028.0
2026-01-13T13:45:00Z,25989.0,25992.0,25949.25,25971.0,28419.0
2026-01-13T14:00:00Z,25970.75,25979.75,25959.75,25970.25,15714.0
2026-01-13T14:15:00Z,25970.5,26000.5,25948.25,25950.0,24564.0
2026-01-13T14:30:00Z,25950.25,26043.0,25930.75,25990.75,135755.0
2026-01-13T14:45:00Z,25990.5,26003.0,25940.5,25947.0,91194.0
2026-01-13T15:00:00Z,25946.25,25971.25,25892.5,25914.25,109400.0
2026-01-13T15:15:00Z,25913.75,25914.25,25811.75,25842.5,108961.0
2026-01-13T15:30:00Z,25842.0,25881.25,25819.0,25832.75,85229.0
2026-01-13T15:45:00Z,25832.5,25904.5,25806.0,25894.5,81550.0
2026-01-13T16:00:00Z,25894.5,25911.75,25881.0,25903.25,47564.0
2026-01-13T16:15:00Z,25903.0,25924.5,25847.25,25904.75,52683.0
2026-01-13T16:30:00Z,25905.0,25981.5,25893.75,25973.0,54063.0
2026-01-13T16:45:00Z,25972.75,26026.0,25970.25,26008.75,45335.0
2026-01-13T17:00:00Z,26008.5,26018.0,25992.5,25993.25,26524.0
2026-01-13T17:15:00Z,25993.25,25996.5,25944.0,25966.75,45490.0
2026-01-13T17:30:00Z,25966.5,25978.75,25914.0,25927.0,46841.0
2026-01-13T17:45:00Z,25927.25,25947.75,25857.25,25876.75,56256.0
2026-01-13T18:00:00Z,25876.25,25904.0,25851.0,25903.75,52961.0
2026-01-13T18:15:00Z,25904.0,25911.25,25865.25,25874.0,33964.0
2026-01-13T18:30:00Z,25873.75,25904.25,25863.75,25865.75,28987.0
2026-01-13T18:45:00Z,25866.25,25882.0,25833.75,25840.0,34962.0
2026-01-13T19:00:00Z,25840.25,25853.0,25821.5,25830.25,34848.0
2026-01-13T19:15:00Z,25830.5,25871.5,25828.5,25866.0,43728.0
2026-01-13T19:30:00Z,25865.75,25873.0,25848.75,25856.5,26103.0
2026-01-13T19:45:00Z,25857.0,25885.5,25843.75,25866.25,28897.0
2026-01-13T20:00:00Z,25866.25,25866.5,25838.25,25840.5,26765.0
2026-01-13T20:15:00Z,25841.0,25851.5,25824.5,25827.0,22183.0
2026-01-13T20:30:00Z,25827.0,25846.75,25803.25,25844.5,35821.0
2026-01-13T20:45:00Z,25844.5,25912.25,25836.25,25904.0,53952.0
2026-01-13T21:00:00Z,25904.25,25926.75,25903.5,25911.25,19916.0
2026-01-13T21:15:00Z,25911.0,25917.5,25906.25,25914.25,4164.0
2026-01-13T21:30:00Z,25914.0,25914.25,25898.5,25898.5,3707.0
2026-01-13T21:45:00Z,25899.0,25903.75,25895.75,25898.25,3016.0
2026-01-13T23:00:00Z,25900.0,25914.0,25890.75,25900.5,3238.0
2026-01-13T23:15:00Z,25901.0,25903.5,25886.25,25891.0,3804.0
2026-01-13T23:30:00Z,25891.5,25903.25,25890.0,25897.25,2420.0
2026-01-13T23:45:00Z,25897.25,25897.25,25888.0,25891.0,2103.0
2026-01-14T00:00:00Z,25891.25,25922.0,25883.25,25916.0,7771.0
2026-01-14T00:15:00Z,25915.25,25923.5,25910.5,25923.25,3034.0
2026-01-14T00:30:00Z,25923.0,25924.75,25907.5,25913.75,2930.0
2026-01-14T00:45:00Z,25913.0,25921.5,25905.75,25907.0,2694.0
2026-01-14T01:00:00Z,25906.5,25917.0,25897.75,25903.0,4174.0
2026-01-14T01:15:00Z,25903.75,25924.5,25902.5,25921.0,3416.0
2026-01-14T01:30:00Z,25920.25,25922.75,25896.25,25901.25,4226.0
2026-01-14T01:45:00Z,25900.75,25901.5,25878.75,25886.0,5218.0
2026-01-14T02:00:00Z,25885.5,25893.5,25873.0,25890.25,4179.0
2026-01-14T02:15:00Z,25889.75,25897.25,25878.0,25894.75,3127.0
2026-01-14T02:30:00Z,25895.25,25896.5,25886.0,25888.5,1917.0
2026-01-14T02:45:00Z,25889.0,25895.25,25886.75,25893.75,1769.0
2026-01-14T03:00:00Z,25893.5,25917.25,25889.5,25913.0,4255.0
2026-01-14T03:15:00Z,25913.25,25920.25,25908.25,25915.75,2925.0
2026-01-14T03:30:00Z,25915.75,25926.0,25915.0,25921.75,3525.0
2026-01-14T03:45:00Z,25922.25,25923.0,25912.0,25915.0,2677.0
2026-01-14T04:00:00Z,25915.5,25919.0,25897.5,25897.5,3710.0
2026-01-14T04:15:00Z,25898.25,25904.0,25895.75,25900.75,3010.0
2026-01-14T04:30:00Z,25901.0,25901.0,25889.0,25891.5,2663.0
2026-01-14T04:45:00Z,25891.25,25892.0,25873.25,25882.5,4587.0
2026-01-14T05:00:00Z,25876.75,25882.0,25872.25,25875.25,3841.0
2026-01-14T05:15:00Z,25875.25,25877.75,25860.0,25864.75,4082.0
2026-01-14T05:30:00Z,25864.75,25874.75,25861.25,25864.5,3078.0
2026-01-14T05:45:00Z,25864.25,25864.25,25852.5,25855.75,3466.0
2026-01-14T06:00:00Z,25856.25,25858.75,25838.5,25852.75,5090.0
2026-01-14T06:15:00Z,25852.5,25856.0,25843.25,25850.25,3202.0
2026-01-14T06:30:00Z,25850.5,25863.75,25835.5,25857.75,5606.0
2026-01-14T06:45:00Z,25857.25,25860.5,25843.25,25859.75,3345.0
2026-01-14T07:00:00Z,25860.75,25864.0,25851.5,25859.25,2803.0
2026-01-14T07:15:00Z,25859.5,25867.5,25848.5,25859.5,3519.0
2026-01-14T07:30:00Z,25859.75,25871.75,25858.0,25866.75,2296.0
2026-01-14T07:45:00Z,25867.25,25868.5,25854.0,25862.5,2180.0
2026-01-14T08:00:00Z,25862.25,25876.0,25858.0,25862.0,4202.0
2026-01-14T08:15:00Z,25862.5,25869.0,25851.0,25865.25,4373.0
2026-01-14T08:30:00Z,25864.0,25866.75,25840.25,25854.25,4842.0
2026-01-14T08:45:00Z,25854.25,25861.75,25840.5,25857.75,2678.0
2026-01-14T09:00:00Z,25858.25,25878.75,25854.75,25873.5,4605.0
2026-01-14T09:15:00Z,25874.0,25878.25,25860.75,25865.0,2690.0
2026-01-14T09:30:00Z,25865.5,25869.25,25847.0,25855.0,3139.0
2026-01-14T09:45:00Z,25855.0,25858.0,25836.0,25851.75,4052.0
2026-01-14T10:00:00Z,25852.25,25852.75,25829.5,25833.5,4543.0
2026-01-14T10:15:00Z,25834.25,25834.5,25755.75,25770.5,17936.0
2026-01-14T10:30:00Z,25770.25,25775.0,25737.25,25751.75,12753.0
2026-01-14T10:45:00Z,25752.75,25754.5,25711.5,25737.0,12087.0
2026-01-14T11:00:00Z,25737.5,25742.5,25714.25,25738.75,9703.0
2026-01-14T11:15:00Z,25738.0,25765.5,25735.0,25759.0,7114.0
2026-01-14T11:30:00Z,25759.75,25769.0,25742.75,25747.25,5752.0
2026-01-14T11:45:00Z,25746.75,25759.75,25738.25,25743.0,5343.0
2026-01-14T12:00:00Z,25743.0,25751.75,25701.0,25751.25,14155.0
2026-01-14T12:15:00Z,25751.25,25780.0,25747.25,25774.75,7615.0
2026-01-14T12:30:00Z,25774.0,25785.5,25770.5,25778.0,5335.0
2026-01-14T12:45:00Z,25778.0,25781.75,25768.5,25779.5,4055.0
2026-01-14T13:00:00Z,25778.0,25784.75,25757.5,25766.0,7626.0
2026-01-14T13:15:00Z,25765.75,25800.0,25751.75,25800.0,11570.0
2026-01-14T13:30:00Z,25800.0,25807.75,25746.0,25746.75,19815.0
2026-01-14T13:45:00Z,25746.75,25761.75,25732.5,25754.25,16589.0
2026-01-14T14:00:00Z,25754.25,25770.0,25734.25,25748.0,15459.0
2026-01-14T14:15:00Z,25748.25,25772.75,25734.0,25740.0,19338.0
2026-01-14T14:30:00Z,25740.0,25791.25,25623.5,25631.75,179642.0
2026-01-14T14:45:00Z,25631.75,25674.25,25578.25,25585.25,127417.0
2026-01-14T15:00:00Z,25585.75,25676.0,25533.0,25674.0,129319.0
2026-01-14T15:15:00Z,25674.0,25695.0,25609.25,25613.0,98908.0
2026-01-14T15:30:00Z,25612.5,25634.25,25548.75,25558.25,94855.0
2026-01-14T15:45:00Z,25558.0,25571.5,25469.5,25491.75,97878.0
2026-01-14T16:00:00Z,25491.75,25536.5,25486.75,25499.5,58270.0
2026-01-14T16:15:00Z,25499.5,25589.5,25490.25,25578.25,58663.0
2026-01-14T16:30:00Z,25578.5,25592.0,25510.75,25513.75,60559.0
2026-01-14T16:45:00Z,25514.25,25514.25,25440.0,25460.0,77591.0
2026-01-14T17:00:00Z,25459.75,25505.75,25442.75,25495.25,52706.0
2026-01-14T17:15:00Z,25495.75,25501.75,25433.25,25493.5,55266.0
2026-01-14T17:30:00Z,25493.5,25493.5,25446.25,25478.25,41568.0
2026-01-14T17:45:00Z,25478.0,25508.75,25433.25,25449.75,51284.0
2026-01-14T18:00:00Z,25449.5,25494.5,25444.5,25487.75,37824.0
2026-01-14T18:15:00Z,25487.5,25499.75,25464.5,25497.0,36931.0
2026-01-14T18:30:00Z,25497.0,25507.5,25421.25,25463.75,47942.0
2026-01-14T18:45:00Z,25463.5,25526.5,25453.5,25515.0,49358.0
2026-01-14T19:00:00Z,25515.0,25517.75,25485.25,25500.75,41315.0
2026-01-14T19:15:00Z,25501.0,25524.75,25492.0,25513.5,28917.0
2026-01-14T19:30:00Z,25513.5,25532.0,25502.5,25512.75,31067.0
2026-01-14T19:45:00Z,25512.75,25534.0,25492.75,25500.5,31379.0
2026-01-14T20:00:00Z,25500.25,25593.75,25462.25,25553.5,96344.0
2026-01-14T20:15:00Z,25553.75,25567.5,25520.0,25564.25,42337.0
2026-01-14T20:30:00Z,25564.0,25636.0,25563.25,25586.0,52888.0
2026-01-14T20:45:00Z,25586.75,25644.0,25563.5,25636.75,67114.0
2026-01-14T21:00:00Z,25636.5,25658.5,25620.5,25635.0,20599.0
2026-01-14T21:15:00Z,25634.5,25636.5,25614.5,25621.25,5907.0
2026-01-14T21:30:00Z,25621.5,25624.25,25605.0,25620.25,4852.0
2026-01-14T21:45:00Z,25620.25,25629.5,25552.25,25610.5,8903.0
2026-01-14T23:00:00Z,25597.25,25615.75,25576.5,25591.0,5318.0
2026-01-14T23:15:00Z,25591.5,25603.5,25562.75,25595.5,8446.0
2026-01-14T23:30:00Z,25595.75,25611.5,25586.0,25592.0,5811.0
2026-01-14T23:45:00Z,25591.75,25609.75,25585.75,25605.5,3538.0
2026-01-15T00:00:00Z,25605.5,25608.0,25594.75,25603.25,4681.0
2026-01-15T00:15:00Z,25602.25,25606.5,25587.25,25593.75,4417.0
2026-01-15T00:30:00Z,25593.75,25600.75,25593.75,25598.5,2400.0
2026-01-15T00:45:00Z,25599.0,25613.0,25586.0,25602.5,4643.0
2026-01-15T01:00:00Z,25601.75,25643.5,25601.5,25621.75,10001.0
2026-01-15T01:15:00Z,25621.75,25624.0,25605.0,25613.75,6339.0
2026-01-15T01:30:00Z,25614.0,25619.75,25562.5,25605.5,14440.0
2026-01-15T01:45:00Z,25606.0,25632.0,25602.25,25629.75,5388.0
2026-01-15T02:00:00Z,25630.0,25632.25,25619.5,25627.25,3696.0
2026-01-15T02:15:00Z,25627.5,25634.25,25605.25,25607.5,5423.0
2026-01-15T02:30:00Z,25607.5,25615.0,25596.0,25606.75,3690.0
2026-01-15T02:45:00Z,25605.75,25616.0,25597.5,25609.0,3355.0
2026-01-15T03:00:00Z,25609.25,25627.25,25609.25,25616.25,2794.0
2026-01-15T03:15:00Z,25615.5,25625.25,25596.75,25598.0,3969.0
2026-01-15T03:30:00Z,25597.25,25615.75,25587.75,25601.5,5102.0
2026-01-15T03:45:00Z,25601.5,25604.25,25579.5,25582.0,3987.0
2026-01-15T04:00:00Z,25582.0,25593.75,25577.5,25592.5,3262.0
2026-01-15T04:15:00Z,25592.0,25599.75,25579.25,25590.5,3870.0
2026-01-15T04:30:00Z,25590.5,25593.0,25576.5,25584.75,3812.0
2026-01-15T04:45:00Z,25584.75,25587.5,25570.0,25580.5,3115.0
2026-01-15T05:00:00Z,25601.25,25613.25,25598.5,25609.0,5906.0
2026-01-15T05:15:00Z,25608.75,25619.5,25604.5,25611.0,3706.0
2026-01-15T05:30:00Z,25610.5,25637.5,25608.5,25637.5,8412.0
2026-01-15T05:45:00Z,25637.5,25647.75,25619.0,25622.5,6084.0
2026-01-15T06:00:00Z,25622.0,25655.0,25611.0,25645.5,7522.0
2026-01-15T06:15:00Z,25646.0,25719.75,25644.25,25698.5,18875.0
2026-01-15T06:30:00Z,25699.25,25722.75,25685.75,25721.0,8037.0
2026-01-15T06:45:00Z,25721.25,25722.75,25699.5,25700.75,5169.0
2026-01-15T07:00:00Z,25700.25,25708.0,25685.5,25693.0,5874.0
2026-01-15T07:15:00Z,25693.25,25697.5,25678.5,25683.5,4312.0
2026-01-15T07:30:00Z,25683.5,25703.0,25680.25,25685.75,4847.0
2026-01-15T07:45:00Z,25685.75,25700.25,25677.25,25688.5,5125.0
2026-01-15T08:00:00Z,25689.5,25747.5,25673.5,25719.75,13515.0
2026-01-15T08:15:00Z,25719.75,25731.75,25704.0,25712.5,7516.0
2026-01-15T08:30:00Z,25712.25,25733.25,25710.5,25731.25,6243.0
2026-01-15T08:45:00Z,25731.25,25741.5,25718.0,25738.25,4420.0
2026-01-15T09:00:00Z,25737.25,25780.0,25733.25,25777.5,9981.0
2026-01-15T09:15:00Z,25777.25,25809.0,25762.5,25803.0,9576.0
2026-01-15T09:30:00Z,25803.75,25833.25,25803.25,25827.75,9338.0
2026-01-15T09:45:00Z,25828.0,25833.0,25806.25,25813.0,6299.0
2026-01-15T10:00:00Z,25812.25,25830.0,25809.75,25824.5,5788.0
2026-01-15T10:15:00Z,25825.25,25825.75,25800.0,25814.0,5608.0
2026-01-15T10:30:00Z,25814.0,25823.5,25808.5,25823.0,3209.0
2026-01-15T10:45:00Z,25823.5,25827.75,25812.0,25817.25,3486.0
2026-01-15T11:00:00Z,25818.0,25847.0,25816.5,25846.0,7150.0
2026-01-15T11:15:00Z,25845.5,25848.0,25831.75,25833.5,5104.0
2026-01-15T11:30:00Z,25833.25,25850.5,25830.0,25838.25,5046.0
2026-01-15T11:45:00Z,25839.0,25855.75,25838.5,25841.5,4018.0
2026-01-15T12:00:00Z,25841.5,25844.25,25827.0,25829.5,5794.0
2026-01-15T12:15:00Z,25829.5,25835.75,25816.0,25830.5,8902.0
2026-01-15T12:30:00Z,25830.5,25833.75,25811.0,25832.5,6537.0
2026-01-15T12:45:00Z,25832.5,25854.0,25829.75,25852.25,7920.0
2026-01-15T13:00:00Z,25852.0,25869.75,25833.75,25860.75,11948.0
2026-01-15T13:15:00Z,25860.75,25873.5,25852.25,25868.75,6648.0
2026-01-15T13:30:00Z,25868.75,25894.0,25853.5,25893.5,17460.0
2026-01-15T13:45:00Z,25893.75,25916.5,25892.0,25893.25,14809.0
2026-01-15T14:00:00Z,25894.25,25921.0,25890.75,25900.0,15966.0
2026-01-15T14:15:00Z,25899.5,25953.0,25894.0,25924.5,25728.0
2026-01-15T14:30:00Z,25925.0,25946.75,25853.0,25926.5,147467.0
2026-01-15T14:45:00Z,25927.0,25954.25,25842.75,25864.0,118411.0
2026-01-15T15:00:00Z,25863.75,25892.75,25837.25,25879.5,80232.0
2026-01-15T15:15:00Z,25880.25,25915.75,25843.5,25862.75,69987.0
2026-01-15T15:30:00Z,25863.25,25925.75,25849.0,25852.25,71715.0
2026-01-15T15:45:00Z,25852.0,25888.75,25803.5,25884.0,104906.0
2026-01-15T16:00:00Z,25884.5,25916.5,25877.25,25894.5,52333.0
2026-01-15T16:15:00Z,25894.5,25931.75,25886.75,25905.0,45203.0
2026-01-15T16:30:00Z,25904.75,25919.0,25880.0,25915.5,33056.0
2026-01-15T16:45:00Z,25915.25,25937.25,25902.5,25924.5,35580.0
2026-01-15T17:00:00Z,25924.75,25939.75,25905.5,25908.0,25269.0
2026-01-15T17:15:00Z,25907.75,25911.75,25877.0,25880.5,32045.0
2026-01-15T17:30:00Z,25880.75,25889.25,25859.75,25881.75,32796.0
2026-01-15T17:45:00Z,25881.25,25894.75,25849.25,25853.75,32658.0
2026-01-15T18:00:00Z,25853.5,25897.5,25848.5,25883.5,30831.0
2026-01-15T18:15:00Z,25884.0,25900.0,25871.0,25897.0,19854.0
2026-01-15T18:30:00Z,25896.5,25911.0,25881.0,25895.5,24671.0
2026-01-15T18:45:00Z,25895.75,25900.25,25877.75,25885.5,16100.0
2026-01-15T19:00:00Z,25885.0,25885.0,25821.5,25840.0,43354.0
2026-01-15T19:15:00Z,25840.0,25848.75,25791.25,25799.75,40604.0
2026-01-15T19:30:00Z,25799.5,25804.75,25752.75,25788.5,59078.0
2026-01-15T19:45:00Z,25788.5,25799.0,25746.0,25757.0,36461.0
2026-01-15T20:00:00Z,25756.25,25771.75,25731.0,25750.75,38971.0
2026-01-15T20:15:00Z,25750.75,25751.5,25690.25,25718.75,58766.0
2026-01-15T20:30:00Z,25719.25,25726.75,25686.5,25711.0,43382.0
2026-01-15T20:45:00Z,25711.5,25723.5,25680.75,25719.0,53842.0
2026-01-15T21:00:00Z,25718.75,25727.0,25699.75,25702.0,17700.0
2026-01-15T21:15:00Z,25701.75,25707.75,25694.0,25700.0,4457.0
2026-01-15T21:30:00Z,25699.5,25708.0,25695.0,25705.0,3695.0
2026-01-15T21:45:00Z,25705.0,25709.5,25703.25,25705.75,3073.0
2026-01-15T23:00:00Z,25720.0,25724.5,25704.25,25723.0,2958.0
2026-01-15T23:15:00Z,25723.75,25734.0,25720.0,25732.0,4293.0
2026-01-15T23:30:00Z,25732.0,25735.0,25722.5,25732.25,2700.0
2026-01-15T23:45:00Z,25732.75,25751.0,25729.25,25741.5,3950.0
2026-01-16T00:00:00Z,25741.25,25754.0,25730.5,25738.75,5087.0
2026-01-16T00:15:00Z,25738.25,25749.5,25737.5,25748.5,2488.0
2026-01-16T00:30:00Z,25749.25,25756.75,25747.25,25755.75,3151.0
2026-01-16T00:45:00Z,25755.75,25762.25,25752.25,25760.75,3060.0
2026-01-16T01:00:00Z,25760.0,25776.0,25757.75,25759.75,5082.0
2026-01-16T01:15:00Z,25760.0,25768.25,25748.75,25760.5,5619.0
2026-01-16T01:30:00Z,25760.0,25783.75,25760.0,25770.5,6255.0
2026-01-16T01:45:00Z,25770.75,25776.25,25767.25,25770.25,2374.0
2026-01-16T02:00:00Z,25769.25,25787.0,25762.25,25785.5,3872.0
2026-01-16T02:15:00Z,25785.5,25789.25,25780.25,25789.0,2338.0
2026-01-16T02:30:00Z,25788.5,25797.75,25786.75,25790.0,4111.0
2026-01-16T02:45:00Z,25790.0,25795.75,25786.0,25787.0,2340.0
2026-01-16T03:00:00Z,25787.5,25793.75,25785.25,25791.25,2100.0
2026-01-16T03:15:00Z,25791.25,25800.0,25788.5,25790.0,2477.0
2026-01-16T03:30:00Z,25789.75,25795.5,25787.75,25789.25,1952.0
2026-01-16T03:45:00Z,25788.75,25793.0,25784.0,25786.75,2096.0
2026-01-16T04:00:00Z,25787.0,25793.75,25784.25,25792.5,1984.0
2026-01-16T04:15:00Z,25792.5,25810.0,25790.25,25802.25,4935.0
2026-01-16T04:30:00Z,25802.0,25803.75,25794.25,25798.75,2099.0
2026-01-16T04:45:00Z,25799.0,25810.75,25799.0,25809.0,2264.0
2026-01-16T05:00:00Z,25812.0,25813.5,25802.25,25806.25,2855.0
2026-01-16T05:15:00Z,25806.0,25820.0,25803.25,25818.5,2866.0
2026-01-16T05:30:00Z,25818.5,25820.25,25804.5,25806.0,2624.0
2026-01-16T05:45:00Z,25806.0,25811.0,25804.25,25807.75,1674.0
2026-01-16T06:00:00Z,25808.0,25815.25,25803.25,25812.0,2732.0
2026-01-16T06:15:00Z,25811.75,25821.0,25808.25,25813.0,2291.0
2026-01-16T06:30:00Z,25812.5,25820.5,25809.5,25817.25,2212.0
2026-01-16T06:45:00Z,25817.25,25827.25,25816.0,25823.5,2492.0
2026-01-16T07:00:00Z,25823.75,25826.75,25815.75,25819.0,2427.0
2026-01-16T07:15:00Z,25819.25,25829.5,25815.25,25822.5,2409.0
2026-01-16T07:30:00Z,25822.75,25825.75,25806.75,25825.0,4287.0
2026-01-16T07:45:00Z,25824.5,25838.0,25822.75,25823.75,4012.0
2026-01-16T08:00:00Z,25823.25,25845.5,25822.75,25827.5,5576.0
2026-01-16T08:15:00Z,25828.0,25837.0,25813.5,25817.5,4514.0
2026-01-16T08:30:00Z,25818.0,25821.0,25795.25,25809.75,6329.0
2026-01-16T08:45:00Z,25810.5,25834.75,25806.0,25816.25,5491.0
2026-01-16T09:00:00Z,25817.25,25839.75,25816.0,25832.5,4884.0
2026-01-16T09:15:00Z,25832.25,25840.5,25810.0,25839.5,5536.0
2026-01-16T09:30:00Z,25839.5,25842.5,25823.75,25827.75,3468.0
2026-01-16T09:45:00Z,25827.75,25832.0,25814.0,25815.25,3481.0
2026-01-16T10:00:00Z,25815.5,25832.25,25810.0,25828.5,4033.0
2026-01-16T10:15:00Z,25828.5,25841.75,25823.25,25837.25,3045.0
2026-01-16T10:30:00Z,25837.5,25857.5,25837.0,25854.5,5788.0
2026-01-16T10:45:00Z,25855.0,25864.5,25848.5,25854.25,5231.0
2026-01-16T11:00:00Z,25854.75,25863.75,25846.75,25861.75,3501.0
2026-01-16T11:15:00Z,25862.0,25873.5,25860.25,25867.75,5182.0
2026-01-16T11:30:00Z,25868.0,25869.25,25850.0,25851.25,4425.0
2026-01-16T11:45:00Z,25850.5,25853.0,25825.75,25833.25,7841.0
2026-01-16T12:00:00Z,25833.0,25844.25,25821.75,25837.25,5584.0
2026-01-16T12:15:00Z,25836.75,25841.5,25820.25,25833.75,5427.0
2026-01-16T12:30:00Z,25834.0,25847.75,25822.5,25846.0,5539.0
2026-01-16T12:45:00Z,25845.25,25853.0,25805.75,25831.25,11115.0
2026-01-16T13:00:00Z,25830.75,25834.0,25811.0,25815.75,7809.0
2026-01-16T13:15:00Z,25815.5,25827.25,25801.75,25824.0,9593.0
2026-01-16T13:30:00Z,25823.25,25838.5,25808.75,25823.0,12084.0
2026-01-16T13:45:00Z,25822.75,25835.5,25821.5,25826.0,7399.0
2026-01-16T14:00:00Z,25826.25,25843.0,25822.0,25839.0,11800.0
2026-01-16T14:15:00Z,25838.75,25878.0,25829.75,25868.0,30674.0
2026-01-16T14:30:00Z,25868.25,25891.25,25817.5,25820.25,104666.0
2026-01-16T14:45:00Z,25820.5,25853.0,25726.25,25728.75,108735.0
2026-01-16T15:00:00Z,25729.0,25765.5,25709.25,25721.0,95288.0
2026-01-16T15:15:00Z,25720.5,25730.5,25662.75,25669.0,98275.0
2026-01-16T15:30:00Z,25668.75,25675.0,25590.25,25622.75,96491.0
2026-01-16T15:45:00Z,25622.75,25682.25,25600.25,25680.75,76098.0
2026-01-16T16:00:00Z,25680.5,25705.5,25660.5,25690.0,59985.0
2026-01-16T16:15:00Z,25690.25,25719.75,25680.0,25716.75,40960.0
2026-01-16T16:30:00Z,25716.75,25743.5,25713.75,25737.5,36595.0
2026-01-16T16:45:00Z,25737.5,25753.25,25687.0,25717.0,47604.0
2026-01-16T17:00:00Z,25716.75,25721.5,25700.5,25709.0,28153.0
2026-01-16T17:15:00Z,25709.0,25717.25,25695.0,25701.25,25129.0
2026-01-16T17:30:00Z,25700.75,25713.75,25678.25,25701.0,27997.0
2026-01-16T17:45:00Z,25700.0,25700.0,25657.75,25660.25,29276.0
2026-01-16T18:00:00Z,25660.5,25703.5,25654.0,25693.75,30156.0
2026-01-16T18:15:00Z,25693.25,25729.25,25693.25,25719.5,25055.0
2026-01-16T18:30:00Z,25719.5,25732.5,25710.5,25719.25,16898.0
2026-01-16T18:45:00Z,25719.0,25726.0,25707.0,25716.5,15952.0
2026-01-16T19:00:00Z,25716.25,25748.25,25690.75,25695.0,34558.0
2026-01-16T19:15:00Z,25694.75,25701.5,25672.5,25681.0,31045.0
2026-01-16T19:30:00Z,25681.5,25722.5,25679.0,25709.75,27326.0
2026-01-16T19:45:00Z,25709.25,25729.25,25707.5,25716.0,20855.0
2026-01-16T20:00:00Z,25715.75,25727.0,25703.5,25722.0,19955.0
2026-01-16T20:15:00Z,25722.0,25729.75,25710.0,25711.5,18222.0
2026-01-16T20:30:00Z,25711.25,25722.75,25695.75,25708.5,32046.0
2026-01-16T20:45:00Z,25708.25,25715.75,25681.75,25684.75,54554.0
2026-01-16T21:00:00Z,25684.25,25702.5,25670.75,25679.25,17284.0
2026-01-16T21:15:00Z,25679.25,25688.0,25677.5,25686.25,5110.0
2026-01-16T21:30:00Z,25686.25,25686.25,25679.75,25683.0,2913.0
2026-01-16T21:45:00Z,25683.25,25689.0,25678.25,25681.75,3271.0
2026-01-19T04:30:00Z,25689.0,25689.0,25388.75,25389.5,1222.0
2026-01-19T04:45:00Z,25390.0,25390.75,25375.0,25376.5,2837.0
2026-01-20T05:00:00Z,25380.5,25392.75,25367.0,25383.25,6416.0
2026-01-20T05:15:00Z,25384.25,25412.75,25374.75,25407.25,4507.0
2026-01-20T05:30:00Z,25407.0,25412.25,25380.25,25385.5,4641.0
2026-01-20T05:45:00Z,25385.25,25399.5,25381.75,25382.75,4285.0
2026-01-20T06:00:00Z,25382.75,25390.25,25344.75,25352.75,8041.0
2026-01-20T06:15:00Z,25353.0,25353.0,25292.75,25303.5,13486.0
2026-01-20T06:30:00Z,25303.25,25315.5,25269.5,25293.0,15447.0
2026-01-20T06:45:00Z,25293.0,25314.0,25259.75,25311.0,13105.0
2026-01-20T07:00:00Z,25310.75,25320.5,25287.25,25287.75,11148.0
2026-01-20T07:15:00Z,25288.25,25301.5,25256.5,25297.25,10898.0
2026-01-20T07:30:00Z,25296.75,25301.25,25272.5,25272.75,6589.0
2026-01-20T07:45:00Z,25272.75,25294.75,25257.75,25283.75,8272.0
2026-01-20T08:00:00Z,25283.5,25288.75,25227.75,25259.25,20662.0
2026-01-20T08:15:00Z,25259.75,25265.5,25225.0,25237.25,14307.0
2026-01-20T08:30:00Z,25236.25,25236.75,25166.75,25201.75,22957.0
2026-01-20T08:45:00Z,25202.75,25226.5,25193.0,25201.0,13901.0
2026-01-20T09:00:00Z,25201.5,25220.75,25167.75,25177.0,17518.0
2026-01-20T09:15:00Z,25176.0,25184.75,25130.0,25143.75,19235.0
2026-01-20T09:30:00Z,25143.5,25144.5,25100.25,25127.25,18166.0
2026-01-20T09:45:00Z,25127.25,25139.5,25095.25,25134.5,12650.0
2026-01-20T10:00:00Z,25134.5,25168.5,25106.75,25163.25,11578.0
2026-01-20T10:15:00Z,25163.75,25207.75,25162.0,25196.0,14609.0
2026-01-20T10:30:00Z,25196.5,25204.25,25166.5,25188.0,9869.0
2026-01-20T10:45:00Z,25188.0,25198.75,25173.5,25175.25,6649.0
2026-01-20T11:00:00Z,25175.0,25210.75,25173.0,25198.25,8705.0
2026-01-20T11:15:00Z,25198.25,25228.5,25174.0,25201.25,12554.0
2026-01-20T11:30:00Z,25200.75,25205.5,25175.25,25194.0,8190.0
2026-01-20T11:45:00Z,25194.0,25221.0,25180.5,25206.0,8146.0
2026-01-20T12:00:00Z,25205.5,25254.0,25191.75,25247.5,14060.0
2026-01-20T12:15:00Z,25246.5,25255.25,25212.5,25234.25,14842.0
2026-01-20T12:30:00Z,25233.5,25275.5,25227.5,25271.5,11623.0
2026-01-20T12:45:00Z,25272.0,25283.75,25250.75,25258.0,14210.0
2026-01-20T13:00:00Z,25258.0,25274.5,25222.75,25226.25,15339.0
2026-01-20T13:15:00Z,25226.75,25277.5,25222.75,25247.0,16523.0
2026-01-20T13:30:00Z,25247.75,25251.5,25181.5,25213.0,46525.0
2026-01-20T13:45:00Z,25213.25,25236.25,25204.0,25212.5,22714.0
2026-01-20T14:00:00Z,25212.25,25244.0,25206.25,25235.0,22525.0
2026-01-20T14:15:00Z,25234.75,25253.5,25201.25,25242.25,29349.0
2026-01-20T14:30:00Z,25242.25,25357.25,25232.5,25333.5,154516.0
2026-01-20T14:45:00Z,25333.75,25369.0,25267.5,25323.25,113278.0
2026-01-20T15:00:00Z,25323.0,25335.0,25260.75,25284.75,90844.0
2026-01-20T15:15:00Z,25284.5,25364.0,25254.0,25361.5,103588.0
2026-01-20T15:30:00Z,25361.75,25417.75,25348.0,25388.75,87610.0
2026-01-20T15:45:00Z,25388.75,25393.0,25313.25,25363.25,81767.0
2026-01-20T16:00:00Z,25363.0,25428.25,25358.25,25399.5,74700.0
2026-01-20T16:15:00Z,25399.25,25407.25,25333.5,25403.5,63308.0
2026-01-20T16:30:00Z,25404.25,25430.0,25351.0,25354.0,59269.0
2026-01-20T16:45:00Z,25354.0,25414.0,25335.5,25399.0,73739.0
2026-01-20T17:00:00Z,25398.5,25407.25,25345.0,25360.75,54806.0
2026-01-20T17:15:00Z,25360.75,25371.25,25326.25,25339.25,45143.0
2026-01-20T17:30:00Z,25338.75,25339.0,25291.25,25292.75,57945.0
2026-01-20T17:45:00Z,25292.25,25302.25,25255.0,25292.75,53072.0
2026-01-20T18:00:00Z,25293.0,25311.25,25274.25,25284.75,33779.0
2026-01-20T18:15:00Z,25284.25,25287.75,25243.0,25247.75,30839.0
2026-01-20T18:30:00Z,25247.0,25256.5,25201.75,25210.0,48285.0
2026-01-20T18:45:00Z,25209.25,25221.0,25170.75,25199.25,50393.0
2026-01-20T19:00:00Z,25199.25,25225.25,25178.5,25193.25,39327.0
2026-01-20T19:15:00Z,25193.5,25194.0,25149.25,25161.5,38567.0
2026-01-20T19:30:00Z,25161.0,25179.75,25128.0,25149.25,51117.0
2026-01-20T19:45:00Z,25149.25,25177.75,25141.25,25169.25,33841.0
2026-01-20T20:00:00Z,25169.25,25169.5,25116.75,25121.5,36361.0
2026-01-20T20:15:00Z,25121.75,25169.5,25115.25,25128.75,52301.0
2026-01-20T20:30:00Z,25129.5,25143.25,25104.0,25120.5,43077.0
2026-01-20T20:45:00Z,25120.5,25144.25,25099.0,25142.0,59594.0
2026-01-20T21:00:00Z,25141.75,25167.0,25127.5,25162.75,22591.0
2026-01-20T21:15:00Z,25163.0,25166.0,25134.5,25143.75,6986.0
2026-01-20T21:30:00Z,25143.5,25144.0,25122.5,25133.25,5827.0
2026-01-20T21:45:00Z,25133.75,25146.25,25131.25,25143.25,3775.0
2026-01-20T23:00:00Z,25147.0,25175.5,25138.25,25159.0,4188.0
2026-01-20T23:15:00Z,25159.25,25162.75,25149.75,25154.75,3605.0
2026-01-20T23:30:00Z,25154.75,25164.25,25150.5,25161.5,2738.0
2026-01-20T23:45:00Z,25161.25,25161.5,25103.5,25116.25,11395.0
2026-01-21T00:00:00Z,25116.75,25150.25,25115.5,25141.5,8021.0
2026-01-21T00:15:00Z,25141.25,25159.0,25132.5,25157.25,5817.0
2026-01-21T00:30:00Z,25157.0,25183.0,25154.5,25173.75,7344.0
2026-01-21T00:45:00Z,25173.25,25186.0,25171.0,25178.75,5587.0
2026-01-21T01:00:00Z,25179.0,25202.5,25178.5,25201.75,6339.0
2026-01-21T01:15:00Z,25201.75,25217.5,25197.0,25211.0,6699.0
2026-01-21T01:30:00Z,25211.25,25218.75,25197.25,25212.75,6703.0
2026-01-21T01:45:00Z,25213.25,25216.0,25201.0,25201.75,4476.0
2026-01-21T02:00:00Z,25202.0,25209.75,25193.25,25207.25,4996.0
2026-01-21T02:15:00Z,25207.5,25209.0,25177.75,25178.0,7398.0
2026-01-21T02:30:00Z,25178.5,25191.5,25168.0,25187.5,7282.0
2026-01-21T02:45:00Z,25187.25,25190.0,25178.5,25180.0,2890.0
2026-01-21T03:00:00Z,25179.75,25208.5,25178.5,25204.75,6523.0
2026-01-21T03:15:00Z,25205.0,25227.5,25202.25,25221.0,7205.0
2026-01-21T03:30:00Z,25222.0,25226.25,25202.25,25203.75,4342.0
2026-01-21T03:45:00Z,25204.25,25212.75,25185.75,25197.75,6183.0
2026-01-21T04:00:00Z,25197.5,25212.0,25194.0,25196.75,4081.0
2026-01-21T04:15:00Z,25197.25,25213.75,25182.5,25206.5,5024.0
2026-01-21T04:30:00Z,25206.0,25212.25,25198.0,25201.0,3095.0
2026-01-21T04:45:00Z,25201.75,25207.0,25193.25,25200.0,2307.0
2026-01-21T05:00:00Z,25204.5,25220.0,25204.5,25217.5,5787.0
2026-01-21T05:15:00Z,25217.25,25218.5,25200.5,25211.75,3351.0
2026-01-21T05:30:00Z,25210.25,25225.75,25210.25,25224.25,2778.0
2026-01-21T05:45:00Z,25224.25,25225.5,25215.75,25220.0,2524.0
2026-01-21T06:00:00Z,25220.0,25230.25,25211.0,25225.0,4489.0
2026-01-21T06:15:00Z,25225.75,25228.0,25208.75,25219.75,3739.0
2026-01-21T06:30:00Z,25220.25,25234.5,25212.5,25216.0,5190.0
2026-01-21T06:45:00Z,25216.0,25216.0,25191.75,25196.25,4898.0
2026-01-21T07:00:00Z,25196.25,25234.75,25193.0,25233.5,6661.0
2026-01-21T07:15:00Z,25233.5,25246.75,25232.25,25240.0,5495.0
2026-01-21T07:30:00Z,25239.75,25241.0,25229.5,25231.5,3153.0
2026-01-21T07:45:00Z,25231.0,25231.5,25205.0,25212.75,4486.0
2026-01-21T08:00:00Z,25212.75,25223.25,25195.0,25197.25,7104.0
2026-01-21T08:15:00Z,25197.25,25233.5,25196.75,25221.0,7016.0
2026-01-21T08:30:00Z,25220.25,25227.25,25208.25,25225.5,5790.0
2026-01-21T08:45:00Z,25225.0,25228.25,25204.0,25204.75,5214.0
2026-01-21T09:00:00Z,25204.25,25226.75,25193.5,25209.75,7834.0
2026-01-21T09:15:00Z,25209.25,25216.5,25182.5,25195.25,6506.0
2026-01-21T09:30:00Z,25195.75,25196.0,25170.25,25175.5,6755.0
2026-01-21T09:45:00Z,25175.5,25176.5,25128.5,25129.0,11309.0
2026-01-21T10:00:00Z,25129.5,25165.5,25121.75,25158.25,9605.0
2026-01-21T10:15:00Z,25159.0,25183.0,25151.75,25177.0,7013.0
2026-01-21T10:30:00Z,25177.5,25188.5,25171.5,25182.75,4646.0
2026-01-21T10:45:00Z,25182.75,25187.75,25151.5,25153.0,5007.0
2026-01-21T11:00:00Z,25153.0,25154.0,25133.25,25139.0,6800.0
2026-01-21T11:15:00Z,25139.0,25159.75,25135.5,25142.25,6414.0
2026-01-21T11:30:00Z,25143.25,25158.25,25109.25,25116.75,10187.0
2026-01-21T11:45:00Z,25117.5,25119.25,25040.25,25047.75,21740.0
2026-01-21T12:00:00Z,25047.5,25071.0,25026.0,25059.0,18530.0
2026-01-21T12:15:00Z,25059.5,25089.75,25048.5,25072.0,11237.0
2026-01-21T12:30:00Z,25071.25,25075.5,25041.0,25053.5,11734.0
2026-01-21T12:45:00Z,25053.75,25090.25,25032.25,25086.25,12989.0
2026-01-21T13:00:00Z,25086.0,25113.25,25070.0,25095.75,12823.0
2026-01-21T13:15:00Z,25096.0,25101.0,25071.75,25075.5,11831.0
2026-01-21T13:30:00Z,25075.5,25079.75,25040.0,25048.75,19621.0
2026-01-21T13:45:00Z,25049.25,25125.75,25046.25,25085.0,36353.0
2026-01-21T14:00:00Z,25084.0,25213.0,25072.25,25197.0,76081.0
2026-01-21T14:15:00Z,25196.25,25257.0,25165.5,25197.75,56290.0
2026-01-21T14:30:00Z,25197.0,25223.0,25128.5,25201.5,142775.0
2026-01-21T14:45:00Z,25201.5,25339.75,25196.75,25325.0,113412.0
2026-01-21T15:00:00Z,25324.5,25342.0,25293.0,25328.0,84887.0
2026-01-21T15:15:00Z,25328.25,25387.25,25318.25,25379.5,98479.0
2026-01-21T15:30:00Z,25379.75,25460.75,25377.75,25452.25,81908.0
2026-01-21T15:45:00Z,25452.0,25488.0,25452.0,25470.0,65281.0
2026-01-21T16:00:00Z,25469.75,25496.5,25446.75,25457.0,64177.0
2026-01-21T16:15:00Z,25457.0,25478.0,25442.25,25458.0,55461.0
2026-01-21T16:30:00Z,25458.25,25460.5,25290.75,25294.5,124283.0
2026-01-21T16:45:00Z,25294.25,25310.0,25221.0,25229.75,108482.0
2026-01-21T17:00:00Z,25229.75,25262.75,25144.25,25153.75,103899.0
2026-01-21T17:15:00Z,25154.0,25231.5,25142.75,25206.0,96465.0
2026-01-21T17:30:00Z,25205.5,25218.5,25171.5,25182.25,75019.0
2026-01-21T17:45:00Z,25182.5,25260.75,25168.75,25246.0,68389.0
2026-01-21T18:00:00Z,25245.5,25251.75,25151.25,25230.5,75590.0
2026-01-21T18:15:00Z,25230.75,25242.25,25184.0,25235.25,53352.0
2026-01-21T18:30:00Z,25235.75,25258.5,25205.5,25217.5,46209.0
2026-01-21T18:45:00Z,25218.25,25294.75,25203.5,25282.75,55428.0
2026-01-21T19:00:00Z,25282.5,25296.0,25232.75,25242.25,42438.0
2026-01-21T19:15:00Z,25242.75,25457.25,25233.25,25429.25,72734.0
2026-01-21T19:30:00Z,25429.25,25572.75,25420.75,25557.25,112462.0
2026-01-21T19:45:00Z,25557.25,25641.75,25557.0,25639.0,85133.0
2026-01-21T20:00:00Z,25639.0,25653.25,25573.25,25588.5,65292.0
2026-01-21T20:15:00Z,25588.5,25593.0,25485.0,25486.5,70296.0
2026-01-21T20:30:00Z,25486.5,25515.5,25447.25,25483.25,62728.0
2026-01-21T20:45:00Z,25483.5,25492.75,25445.75,25471.0,53750.0
2026-01-21T21:00:00Z,25471.5,25528.0,25467.0,25523.75,19253.0
2026-01-21T21:15:00Z,25524.25,25530.75,25504.0,25512.75,7133.0
2026-01-21T21:30:00Z,25513.0,25515.0,25501.0,25512.75,4140.0
2026-01-21T21:45:00Z,25513.0,25513.5,25499.5,25509.0,4444.0
2026-01-21T23:00:00Z,25529.0,25569.75,25528.0,25546.25,4784.0
2026-01-21T23:15:00Z,25546.0,25563.0,25544.0,25557.25,4199.0
2026-01-21T23:30:00Z,25557.75,25559.25,25523.0,25540.25,5930.0
2026-01-21T23:45:00Z,25540.0,25559.75,25536.25,25552.25,4026.0
2026-01-22T00:00:00Z,25553.25,25570.5,25537.75,25567.25,6255.0
2026-01-22T00:15:00Z,25567.75,25582.25,25555.75,25566.75,6744.0
2026-01-22T00:30:00Z,25567.5,25578.5,25546.25,25559.25,6483.0
2026-01-22T00:45:00Z,25559.75,25567.25,25551.5,25559.5,3617.0
2026-01-22T01:00:00Z,25559.25,25565.75,25552.5,25563.25,3475.0
2026-01-22T01:15:00Z,25564.0,25592.0,25561.0,25590.75,6048.0
2026-01-22T01:30:00Z,25589.75,25599.5,25585.25,25598.75,5474.0
2026-01-22T01:45:00Z,25599.0,25601.0,25587.0,25594.5,4003.0
2026-01-22T02:00:00Z,25594.5,25602.75,25590.25,25593.75,3212.0
2026-01-22T02:15:00Z,25594.25,25594.75,25577.75,25583.0,4002.0
2026-01-22T02:30:00Z,25583.0,25583.75,25565.0,25566.5,4379.0
2026-01-22T02:45:00Z,25566.5,25576.25,25565.0,25568.25,3241.0
2026-01-22T03:00:00Z,25569.25,25595.25,25568.0,25583.0,4898.0
2026-01-22T03:15:00Z,25583.5,25592.0,25574.25,25585.0,3507.0
2026-01-22T03:30:00Z,25585.0,25588.25,25575.5,25579.5,2763.0
2026-01-22T03:45:00Z,25579.0,25592.25,25576.75,25589.75,2867.0
2026-01-22T04:00:00Z,25589.5,25590.5,25579.0,25582.75,2493.0
2026-01-22T04:15:00Z,25582.75,25582.75,25565.75,25576.25,3308.0
2026-01-22T04:30:00Z,25575.75,25580.25,25567.75,25569.25,2290.0
2026-01-22T04:45:00Z,25568.75,25575.5,25566.5,25574.5,2287.0
2026-01-22T05:00:00Z,25575.25,25575.5,25563.5,25566.75,4142.0
2026-01-22T05:15:00Z,25566.25,25569.0,25561.25,25567.0,3041.0
2026-01-22T05:30:00Z,25566.75,25569.0,25536.75,25543.75,5654.0
2026-01-22T05:45:00Z,25544.0,25551.25,25528.0,25533.75,5145.0
2026-01-22T06:00:00Z,25533.75,25548.25,25486.0,25488.25,9920.0
2026-01-22T06:15:00Z,25488.0,25509.25,25483.25,25489.75,7559.0
2026-01-22T06:30:00Z,25490.25,25526.75,25486.75,25526.25,6471.0
2026-01-22T06:45:00Z,25526.25,25546.75,25517.0,25539.75,6390.0
2026-01-22T07:00:00Z,25539.75,25550.5,25498.25,25516.75,8818.0
2026-01-22T07:15:00Z,25516.0,25536.0,25505.75,25536.0,4559.0
2026-01-22T07:30:00Z,25535.0,25593.75,25533.5,25587.75,10196.0
2026-01-22T07:45:00Z,25588.0,25590.5,25563.25,25588.0,6302.0
2026-01-22T08:00:00Z,25587.5,25626.25,25582.5,25619.75,12431.0
2026-01-22T08:15:00Z,25620.0,25669.0,25615.75,25652.0,13062.0
2026-01-22T08:30:00Z,25651.25,25673.75,25640.25,25666.75,9530.0
2026-01-22T08:45:00Z,25666.25,25707.5,25656.25,25683.0,11208.0
2026-01-22T09:00:00Z,25682.5,25706.25,25672.75,25702.75,8097.0
2026-01-22T09:15:00Z,25703.25,25715.75,25687.75,25693.5,7424.0
2026-01-22T09:30:00Z,25693.5,25709.5,25689.75,25701.0,5088.0
2026-01-22T09:45:00Z,25700.75,25712.5,25693.0,25699.0,4277.0
2026-01-22T10:00:00Z,25699.25,25703.75,25682.0,25685.5,5190.0
2026-01-22T10:15:00Z,25686.0,25702.25,25670.25,25688.0,9719.0
2026-01-22T10:30:00Z,25688.0,25698.75,25684.75,25687.5,3408.0
2026-01-22T10:45:00Z,25687.5,25696.25,25683.0,25688.5,3550.0
2026-01-22T11:00:00Z,25688.75,25715.0,25688.0,25692.0,7993.0
2026-01-22T11:15:00Z,25692.0,25697.5,25666.25,25681.25,9478.0
2026-01-22T11:30:00Z,25681.5,25703.5,25670.75,25679.0,8828.0
2026-01-22T11:45:00Z,25678.25,25684.5,25672.75,25675.0,4126.0
2026-01-22T12:00:00Z,25675.25,25684.25,25659.0,25667.25,7856.0
2026-01-22T12:15:00Z,25667.75,25690.75,25667.0,25684.0,5418.0
2026-01-22T12:30:00Z,25683.5,25691.5,25670.25,25684.0,6799.0
2026-01-22T12:45:00Z,25684.5,25696.25,25676.25,25691.25,5386.0
2026-01-22T13:00:00Z,25690.75,25708.5,25677.5,25691.75,10591.0
2026-01-22T13:15:00Z,25692.0,25707.5,25691.25,25703.25,7227.0
2026-01-22T13:30:00Z,25702.75,25712.25,25678.0,25691.5,18655.0
2026-01-22T13:45:00Z,25691.0,25739.75,25690.75,25735.75,20839.0
2026-01-22T14:00:00Z,25735.75,25739.25,25704.25,25717.75,18254.0
2026-01-22T14:15:00Z,25717.75,25738.5,25709.0,25730.0,21528.0
2026-01-22T14:30:00Z,25729.75,25732.25,25612.25,25645.75,138173.0
2026-01-22T14:45:00Z,25646.25,25659.0,25554.25,25580.25,132621.0
2026-01-22T15:00:00Z,25580.0,25585.25,25534.75,25553.75,91552.0
2026-01-22T15:15:00Z,25553.75,25610.25,25537.5,25592.5,96846.0
2026-01-22T15:30:00Z,25592.75,25648.25,25571.5,25645.75,71536.0
2026-01-22T15:45:00Z,25645.75,25658.75,25601.5,25606.0,64258.0
2026-01-22T16:00:00Z,25606.0,25660.0,25603.25,25654.0,57344.0
2026-01-22T16:15:00Z,25653.75,25685.5,25639.5,25672.0,42473.0
2026-01-22T16:30:00Z,25672.25,25690.5,25655.25,25680.75,33708.0
2026-01-22T16:45:00Z,25681.25,25699.75,25663.0,25669.25,33290.0
2026-01-22T17:00:00Z,25668.5,25694.0,25652.5,25688.5,40539.0
2026-01-22T17:15:00Z,25688.25,25692.5,25657.0,25679.75,31027.0
2026-01-22T17:30:00Z,25680.0,25710.0,25680.0,25700.5,34826.0
2026-01-22T17:45:00Z,25700.75,25721.0,25698.75,25711.5,23300.0
2026-01-22T18:00:00Z,25711.5,25721.25,25685.5,25695.5,31670.0
2026-01-22T18:15:00Z,25695.75,25708.75,25682.25,25697.75,23032.0
2026-01-22T18:30:00Z,25698.0,25709.25,25689.75,25692.25,16572.0
2026-01-22T18:45:00Z,25692.5,25713.75,25666.5,25673.5,26265.0
2026-01-22T19:00:00Z,25673.5,25711.0,25671.0,25701.0,29733.0
2026-01-22T19:15:00Z,25700.75,25715.0,25692.0,25709.25,16950.0
2026-01-22T19:30:00Z,25709.5,25713.0,25670.75,25675.0,26671.0
2026-01-22T19:45:00Z,25675.0,25681.25,25634.0,25639.75,37900.0
2026-01-22T20:00:00Z,25639.5,25653.25,25631.25,25647.5,31619.0
2026-01-22T20:15:00Z,25647.75,25663.75,25608.0,25609.25,37665.0
2026-01-22T20:30:00Z,25609.0,25620.25,25584.25,25613.75,49202.0
2026-01-22T20:45:00Z,25614.0,25665.25,25613.75,25661.0,48454.0
2026-01-22T21:00:00Z,25661.75,25678.5,25628.25,25644.5,25615.0
2026-01-22T21:15:00Z,25644.5,25662.75,25640.75,25661.0,5642.0
2026-01-22T21:30:00Z,25660.75,25662.5,25641.0,25642.25,4303.0
2026-01-22T21:45:00Z,25642.25,25649.75,25610.0,25630.0,5211.0
2026-01-22T23:00:00Z,25609.75,25617.75,25577.25,25591.25,5197.0
2026-01-22T23:15:00Z,25591.25,25621.75,25589.5,25615.0,5516.0
2026-01-22T23:30:00Z,25614.75,25629.0,25612.75,25624.0,3978.0
2026-01-22T23:45:00Z,25623.75,25628.75,25601.0,25617.25,4976.0
2026-01-23T00:00:00Z,25617.25,25631.0,25597.0,25626.75,6182.0
2026-01-23T00:15:00Z,25626.75,25639.0,25618.75,25627.0,4597.0
2026-01-23T00:30:00Z,25626.5,25647.5,25622.0,25645.25,4055.0
2026-01-23T00:45:00Z,25645.75,25654.5,25639.5,25654.0,2879.0
2026-01-23T01:00:00Z,25653.75,25676.75,25648.5,25669.5,6955.0
2026-01-23T01:15:00Z,25669.25,25682.25,25658.25,25665.5,7431.0
2026-01-23T01:30:00Z,25665.0,25681.0,25661.0,25668.75,5846.0
2026-01-23T01:45:00Z,25668.75,25688.0,25666.0,25687.0,3773.0
2026-01-23T02:00:00Z,25687.0,25688.0,25674.75,25687.25,3578.0
2026-01-23T02:15:00Z,25686.5,25689.75,25671.75,25676.5,3064.0
2026-01-23T02:30:00Z,25676.5,25677.25,25667.75,25669.0,2814.0
2026-01-23T02:45:00Z,25669.0,25673.25,25664.75,25668.75,2486.0
2026-01-23T03:00:00Z,25669.0,25695.5,25668.25,25693.5,5239.0
2026-01-23T03:15:00Z,25693.5,25708.0,25693.0,25701.25,4821.0
2026-01-23T03:30:00Z,25701.75,25704.25,25690.0,25701.0,4148.0
2026-01-23T03:45:00Z,25700.75,25702.5,25691.5,25695.5,2093.0
2026-01-23T04:00:00Z,25695.25,25700.0,25689.25,25698.25,2368.0
2026-01-23T04:15:00Z,25698.25,25699.75,25685.75,25697.25,3286.0
2026-01-23T04:30:00Z,25697.75,25706.75,25695.25,25695.25,3013.0
2026-01-23T04:45:00Z,25695.25,25707.75,25689.5,25702.25,3739.0
2026-01-23T05:00:00Z,25703.25,25711.0,25701.25,25707.0,3484.0
2026-01-23T05:15:00Z,25707.25,25712.0,25702.75,25702.75,2282.0
2026-01-23T05:30:00Z,25702.5,25708.5,25698.75,25699.0,2416.0
2026-01-23T05:45:00Z,25699.5,25714.5,25699.5,25713.25,2652.0
2026-01-23T06:00:00Z,25713.25,25731.25,25713.0,25722.25,5604.0
2026-01-23T06:15:00Z,25722.0,25731.75,25717.25,25723.0,3455.0
2026-01-23T06:30:00Z,25722.25,25728.25,25704.0,25705.75,4066.0
2026-01-23T06:45:00Z,25705.5,25710.5,25702.75,25705.75,1803.0
2026-01-23T07:00:00Z,25705.75,25712.5,25696.25,25699.25,4149.0
2026-01-23T07:15:00Z,25699.5,25725.0,25699.25,25717.5,3480.0
2026-01-23T07:30:00Z,25718.75,25718.75,25699.0,25703.5,3524.0
2026-01-23T07:45:00Z,25703.5,25705.0,25682.5,25691.5,5478.0
2026-01-23T08:00:00Z,25692.25,25692.25,25655.5,25656.75,8373.0
2026-01-23T08:15:00Z,25656.5,25671.0,25620.25,25629.5,10880.0
2026-01-23T08:30:00Z,25629.0,25635.0,25603.5,25614.75,10377.0
2026-01-23T08:45:00Z,25614.5,25628.5,25580.5,25600.75,10170.0
2026-01-23T09:00:00Z,25601.75,25629.25,25592.75,25600.0,10099.0
2026-01-23T09:15:00Z,25600.0,25622.75,25594.5,25603.25,7353.0
2026-01-23T09:30:00Z,25603.5,25605.5,25546.0,25553.25,12655.0
2026-01-23T09:45:00Z,25552.75,25573.0,25540.0,25558.25,10926.0
2026-01-23T10:00:00Z,25558.0,25575.0,25551.0,25553.0,6182.0
2026-01-23T10:15:00Z,25553.0,25574.25,25550.0,25562.5,4994.0
2026-01-23T10:30:00Z,25562.0,25565.5,25550.25,25554.75,4400.0
2026-01-23T10:45:00Z,25555.25,25574.25,25553.75,25573.75,4271.0
2026-01-23T11:00:00Z,25574.5,25640.25,25570.75,25626.75,22567.0
2026-01-23T11:15:00Z,25626.75,25646.5,25619.5,25645.25,6744.0
2026-01-23T11:30:00Z,25645.0,25658.25,25629.0,25632.75,8684.0
2026-01-23T11:45:00Z,25632.75,25634.75,25595.75,25607.0,9103.0
2026-01-23T12:00:00Z,25606.5,25627.25,25598.5,25611.5,8739.0
2026-01-23T12:15:00Z,25612.25,25619.25,25597.0,25617.0,5741.0
2026-01-23T12:30:00Z,25617.25,25624.75,25583.75,25616.25,9784.0
2026-01-23T12:45:00Z,25617.25,25632.75,25613.75,25628.5,7163.0
2026-01-23T13:00:00Z,25628.0,25635.75,25615.75,25625.0,6873.0
2026-01-23T13:15:00Z,25624.25,25627.0,25572.25,25573.0,11366.0
2026-01-23T13:30:00Z,25573.25,25605.75,25571.75,25589.0,13708.0
2026-01-23T13:45:00Z,25589.0,25589.5,25560.25,25571.5,15440.0
2026-01-23T14:00:00Z,25570.75,25583.5,25556.75,25569.75,16817.0
2026-01-23T14:15:00Z,25569.5,25612.5,25562.25,25607.0,21292.0
2026-01-23T14:30:00Z,25607.0,25652.75,25562.5,25614.0,132140.0
2026-01-23T14:45:00Z,25615.75,25674.0,25579.5,25673.5,81030.0
2026-01-23T15:00:00Z,25673.25,25719.5,25662.5,25688.25,84782.0
2026-01-23T15:15:00Z,25688.0,25764.75,25671.5,25746.0,88548.0
2026-01-23T15:30:00Z,25746.75,25786.0,25744.75,25781.25,48648.0
2026-01-23T15:45:00Z,25781.25,25827.5,25771.0,25826.5,50575.0
2026-01-23T16:00:00Z,25826.5,25845.5,25804.75,25823.5,54575.0
2026-01-23T16:15:00Z,25823.5,25829.75,25778.5,25791.25,40507.0
2026-01-23T16:30:00Z,25791.25,25826.0,25760.75,25812.0,59731.0
2026-01-23T16:45:00Z,25812.25,25828.5,25784.5,25788.25,39164.0
2026-01-23T17:00:00Z,25789.25,25805.25,25766.0,25805.25,38444.0
2026-01-23T17:15:00Z,25805.5,25808.25,25778.25,25798.75,26250.0
2026-01-23T17:30:00Z,25798.5,25800.25,25722.25,25729.5,43849.0
2026-01-23T17:45:00Z,25729.75,25743.0,25682.75,25694.0,66737.0
2026-01-23T18:00:00Z,25693.75,25758.75,25688.5,25729.5,53252.0
2026-01-23T18:15:00Z,25729.75,25764.0,25727.25,25752.75,34126.0
2026-01-23T18:30:00Z,25753.0,25762.75,25725.25,25731.5,31791.0
2026-01-23T18:45:00Z,25731.5,25741.5,25714.0,25725.5,27055.0
2026-01-23T19:00:00Z,25725.25,25768.75,25723.25,25747.0,34427.0
2026-01-23T19:15:00Z,25747.5,25775.0,25744.0,25745.25,26239.0
2026-01-23T19:30:00Z,25745.25,25758.75,25719.0,25745.75,31725.0
2026-01-23T19:45:00Z,25746.0,25754.75,25730.5,25748.0,20501.0
2026-01-23T20:00:00Z,25747.75,25751.5,25691.25,25725.5,37441.0
2026-01-23T20:15:00Z,25725.25,25744.75,25708.5,25710.25,28817.0
2026-01-23T20:30:00Z,25710.25,25733.0,25695.5,25731.0,31530.0
2026-01-23T20:45:00Z,25731.0,25756.0,25714.0,25734.75,46896.0
2026-01-23T21:00:00Z,25734.75,25738.5,25702.0,25703.0,16238.0
2026-01-23T21:15:00Z,25703.0,25703.0,25672.0,25687.25,12720.0
2026-01-23T21:30:00Z,25687.75,25696.5,25683.0,25690.75,6117.0
2026-01-23T21:45:00Z,25691.0,25738.25,25677.25,25738.25,5711.0
2026-01-25T23:00:00Z,25464.25,25501.25,25462.0,25499.0,4291.0
2026-01-25T23:15:00Z,25499.0,25542.5,25487.25,25529.75,16743.0
2026-01-25T23:30:00Z,25530.0,25545.25,25493.0,25497.5,14508.0
2026-01-25T23:45:00Z,25498.0,25571.5,25494.25,25559.5,16305.0
2026-01-26T00:00:00Z,25559.25,25596.5,25543.25,25578.25,15931.0
2026-01-26T00:15:00Z,25578.25,25610.0,25571.0,25607.25,11804.0
2026-01-26T00:30:00Z,25606.75,25618.0,25566.0,25579.75,13489.0
2026-01-26T00:45:00Z,25579.5,25594.25,25562.5,25582.0,9518.0
2026-01-26T01:00:00Z,25582.25,25645.75,25570.0,25606.75,17666.0
2026-01-26T01:15:00Z,25606.25,25661.75,25605.75,25651.0,13365.0
2026-01-26T01:30:00Z,25650.25,25654.75,25631.0,25647.25,7462.0
2026-01-26T01:45:00Z,25646.25,25669.25,25641.0,25649.5,8665.0
2026-01-26T02:00:00Z,25649.75,25666.25,25647.75,25656.0,5911.0
2026-01-26T02:15:00Z,25655.5,25664.75,25641.75,25649.0,6541.0
2026-01-26T02:30:00Z,25649.25,25651.0,25616.25,25619.0,8268.0
2026-01-26T02:45:00Z,25619.25,25620.0,25598.0,25610.0,9552.0
2026-01-26T03:00:00Z,25609.75,25657.75,25608.75,25644.75,10249.0
2026-01-26T03:15:00Z,25645.0,25646.75,25622.0,25638.75,7199.0
2026-01-26T03:30:00Z,25638.25,25646.25,25625.75,25634.5,5362.0
2026-01-26T03:45:00Z,25635.0,25648.5,25600.0,25634.25,7850.0
2026-01-26T04:00:00Z,25635.0,25635.25,25623.0,25628.25,2983.0
2026-01-26T04:15:00Z,25627.75,25651.75,25625.0,25650.25,4349.0
2026-01-26T04:30:00Z,25650.75,25659.25,25622.75,25628.75,7117.0
2026-01-26T04:45:00Z,25629.25,25641.75,25623.25,25638.25,3022.0
2026-01-26T05:00:00Z,25635.25,25640.75,25626.5,25629.5,2191.0
2026-01-26T05:15:00Z,25630.0,25668.5,25629.0,25663.5,5416.0
2026-01-26T05:30:00Z,25663.75,25677.0,25657.0,25666.5,5230.0
2026-01-26T05:45:00Z,25666.25,25676.25,25658.5,25674.75,3039.0
2026-01-26T06:00:00Z,25674.75,25690.0,25673.25,25687.0,6493.0
2026-01-26T06:15:00Z,25687.5,25703.5,25683.5,25693.5,5382.0
2026-01-26T06:30:00Z,25694.0,25698.25,25668.25,25672.75,5310.0
2026-01-26T06:45:00Z,25672.75,25695.75,25665.25,25669.0,6610.0
2026-01-26T07:00:00Z,25668.75,25686.0,25665.0,25684.5,4057.0
2026-01-26T07:15:00Z,25684.75,25696.25,25675.0,25694.25,3320.0
2026-01-26T07:30:00Z,25693.5,25699.5,25678.0,25695.25,3291.0
2026-01-26T07:45:00Z,25694.5,25711.5,25688.0,25699.75,4877.0
2026-01-26T08:00:00Z,25700.5,25721.0,25699.0,25709.75,6005.0
2026-01-26T08:15:00Z,25710.5,25742.25,25704.0,25729.75,6652.0
2026-01-26T08:30:00Z,25728.75,25741.5,25717.5,25722.75,5163.0
2026-01-26T08:45:00Z,25723.25,25731.0,25713.5,25727.5,3453.0
2026-01-26T09:00:00Z,25727.5,25735.0,25703.75,25705.5,5411.0
2026-01-26T09:15:00Z,25705.25,25713.5,25687.75,25688.5,6217.0
2026-01-26T09:30:00Z,25688.5,25690.0,25613.75,25616.0,13336.0
2026-01-26T09:45:00Z,25616.75,25624.5,25582.25,25618.5,13038.0
2026-01-26T10:00:00Z,25617.75,25639.5,25614.0,25638.0,6526.0
2026-01-26T10:15:00Z,25638.25,25656.75,25626.0,25651.5,6803.0
2026-01-26T10:30:00Z,25650.75,25674.25,25647.75,25657.25,6172.0
2026-01-26T10:45:00Z,25656.75,25665.5,25649.5,25651.5,3974.0
2026-01-26T11:00:00Z,25651.5,25659.75,25641.75,25650.75,4318.0
2026-01-26T11:15:00Z,25651.25,25659.5,25644.0,25648.5,2992.0
2026-01-26T11:30:00Z,25649.75,25662.0,25647.0,25653.5,3282.0
2026-01-26T11:45:00Z,25653.75,25673.25,25647.25,25670.5,3498.0
2026-01-26T12:00:00Z,25669.75,25714.75,25668.75,25707.25,9813.0
2026-01-26T12:15:00Z,25707.25,25709.0,25682.5,25690.5,5496.0
2026-01-26T12:30:00Z,25690.0,25696.0,25677.75,25679.25,5015.0
2026-01-26T12:45:00Z,25679.0,25691.5,25675.0,25688.5,5137.0
2026-01-26T13:00:00Z,25688.5,25703.5,25676.25,25702.0,7545.0
2026-01-26T13:15:00Z,25701.5,25708.0,25685.5,25688.25,7391.0
2026-01-26T13:30:00Z,25689.5,25693.5,25658.0,25674.25,12471.0
2026-01-26T13:45:00Z,25674.5,25722.75,25672.0,25716.5,14110.0
2026-01-26T14:00:00Z,25716.75,25737.5,25716.25,25721.75,14896.0
2026-01-26T14:15:00Z,25722.25,25749.75,25714.0,25748.75,17524.0
2026-01-26T14:30:00Z,25748.75,25827.25,25704.25,25816.5,123568.0
2026-01-26T14:45:00Z,25816.5,25853.5,25800.75,25838.0,78144.0
2026-01-26T15:00:00Z,25837.5,25849.5,25803.0,25839.25,60852.0
2026-01-26T15:15:00Z,25839.25,25886.75,25829.0,25846.0,68941.0
2026-01-26T15:30:00Z,25846.0,25878.0,25833.0,25839.75,60101.0
2026-01-26T15:45:00Z,25839.5,25898.75,25839.25,25881.5,50504.0
2026-01-26T16:00:00Z,25881.25,25897.5,25866.5,25886.25,34423.0
2026-01-26T16:15:00Z,25886.0,25909.5,25850.75,25905.75,49389.0
2026-01-26T16:30:00Z,25906.0,25928.25,25895.75,25897.75,38311.0
2026-01-26T16:45:00Z,25897.75,25911.0,25887.75,25906.25,28556.0
2026-01-26T17:00:00Z,25906.5,25932.5,25903.0,25914.0,28174.0
2026-01-26T17:15:00Z,25914.0,25927.5,25907.0,25912.25,19508.0
2026-01-26T17:30:00Z,25912.5,25915.75,25897.5,25909.0,22691.0
2026-01-26T17:45:00Z,25909.0,25909.5,25881.75,25890.75,29277.0
2026-01-26T18:00:00Z,25891.0,25897.75,25873.25,25881.5,24654.0
2026-01-26T18:15:00Z,25881.25,25913.75,25875.25,25907.25,27937.0
2026-01-26T18:30:00Z,25907.25,25932.75,25892.0,25895.75,33557.0
2026-01-26T18:45:00Z,25895.75,25905.25,25885.25,25899.0,20238.0
2026-01-26T19:00:00Z,25898.75,25914.25,25892.5,25908.0,19530.0
2026-01-26T19:15:00Z,25908.0,25912.75,25884.0,25900.0,20113.0
2026-01-26T19:30:00Z,25900.25,25912.25,25890.0,25903.75,19256.0
2026-01-26T19:45:00Z,25904.0,25906.5,25877.75,25878.5,20035.0
2026-01-26T20:00:00Z,25878.75,25894.5,25871.25,25881.75,19290.0
2026-01-26T20:15:00Z,25881.75,25885.0,25866.75,25880.75,19791.0
2026-01-26T20:30:00Z,25881.0,25901.5,25877.5,25885.0,17673.0
2026-01-26T20:45:00Z,25884.75,25892.75,25840.25,25844.25,48292.0
2026-01-26T21:00:00Z,25844.25,25856.5,25833.75,25854.75,20661.0
2026-01-26T21:15:00Z,25855.0,25871.0,25853.75,25868.75,7550.0
2026-01-26T21:30:00Z,25868.0,25870.0,25860.75,25867.5,4677.0
2026-01-26T21:45:00Z,25867.0,25868.0,25851.75,25861.75,5219.0
2026-01-26T23:00:00Z,25857.25,25869.0,25839.75,25868.0,3886.0
2026-01-26T23:15:00Z,25867.75,25897.0,25865.5,25878.5,7842.0
2026-01-26T23:30:00Z,25879.0,25885.0,25870.5,25881.5,3889.0
2026-01-26T23:45:00Z,25882.25,25890.75,25877.75,25889.75,4172.0
2026-01-27T00:00:00Z,25889.75,25891.25,25874.75,25884.75,4991.0
2026-01-27T00:15:00Z,25885.75,25900.0,25884.25,25890.25,3522.0
2026-01-27T00:30:00Z,25890.75,25903.25,25885.25,25896.25,3746.0
2026-01-27T00:45:00Z,25897.0,25902.0,25893.25,25898.75,2376.0
2026-01-27T01:00:00Z,25898.5,25912.75,25895.5,25909.0,4347.0
2026-01-27T01:15:00Z,25909.25,25916.0,25904.5,25912.25,3151.0
2026-01-27T01:30:00Z,25911.75,25919.5,25910.0,25918.25,3477.0
2026-01-27T01:45:00Z,25918.0,25926.25,25915.25,25922.25,4149.0
2026-01-27T02:00:00Z,25922.25,25951.25,25921.5,25947.5,7957.0
2026-01-27T02:15:00Z,25947.5,25956.75,25947.0,25949.0,4629.0
2026-01-27T02:30:00Z,25948.75,25963.75,25943.5,25961.5,5538.0
2026-01-27T02:45:00Z,25961.5,25975.0,25955.5,25970.75,4832.0
2026-01-27T03:00:00Z,25970.5,25977.5,25967.75,25967.75,3612.0
2026-01-27T03:15:00Z,25968.0,25973.75,25965.0,25965.5,2665.0
2026-01-27T03:30:00Z,25966.0,25975.0,25962.0,25971.5,3260.0
2026-01-27T03:45:00Z,25971.25,25979.5,25963.0,25976.0,3458.0
2026-01-27T04:00:00Z,25976.0,26003.0,25971.75,25990.75,7882.0
2026-01-27T04:15:00Z,25991.0,25994.5,25982.0,25986.5,3236.0
2026-01-27T04:30:00Z,25986.5,25992.0,25986.0,25990.25,2434.0
2026-01-27T04:45:00Z,25989.75,25993.5,25989.25,25990.25,1141.0
2026-01-27T05:00:00Z,25980.5,25981.75,25971.75,25978.5,4860.0
2026-01-27T05:15:00Z,25978.75,25982.5,25973.5,25980.75,2147.0
2026-01-27T05:30:00Z,25981.25,25996.0,25981.25,25995.75,3589.0
2026-01-27T05:45:00Z,25995.75,26010.0,25994.0,26008.25,4299.0
2026-01-27T06:00:00Z,26007.75,26028.25,26007.75,26018.25,7536.0
2026-01-27T06:15:00Z,26017.75,26026.0,26015.0,26024.0,3072.0
2026-01-27T06:30:00Z,26024.25,26024.75,26002.5,26005.75,4232.0
2026-01-27T06:45:00Z,26005.0,26007.5,25998.5,26001.5,2958.0
2026-01-27T07:00:00Z,26002.5,26013.5,26000.0,26004.5,4152.0
2026-01-27T07:15:00Z,26005.0,26008.75,25992.25,25999.0,3152.0
2026-01-27T07:30:00Z,25998.75,26020.75,25995.5,26011.75,4369.0
2026-01-27T07:45:00Z,26011.0,26011.5,25994.75,26006.25,3874.0
2026-01-27T08:00:00Z,26005.75,26012.0,25981.5,25990.25,6632.0
2026-01-27T08:15:00Z,25990.75,26003.25,25974.75,25980.5,6349.0
2026-01-27T08:30:00Z,25981.0,25985.5,25967.0,25978.25,6226.0
2026-01-27T08:45:00Z,25977.5,25989.75,25975.25,25984.0,3880.0
2026-01-27T09:00:00Z,25983.5,25993.25,25970.5,25981.0,6832.0
2026-01-27T09:15:00Z,25980.75,25995.5,25979.75,25983.25,4163.0
2026-01-27T09:30:00Z,25982.5,25989.0,25976.25,25983.25,3468.0
2026-01-27T09:45:00Z,25983.25,25986.75,25967.0,25974.0,4508.0
2026-01-27T10:00:00Z,25974.0,25992.25,25970.25,25983.25,4233.0
2026-01-27T10:15:00Z,25983.25,25999.75,25982.5,25997.0,3462.0
2026-01-27T10:30:00Z,25997.5,26000.5,25991.75,25994.25,2853.0
2026-01-27T10:45:00Z,25994.0,26007.75,25992.75,26005.75,5214.0
2026-01-27T11:00:00Z,26006.0,26010.0,25991.75,26003.0,4539.0
2026-01-27T11:15:00Z,26002.75,26008.0,25992.75,26005.0,3458.0
2026-01-27T11:30:00Z,26005.5,26033.75,26002.0,26031.75,9380.0
2026-01-27T11:45:00Z,26031.75,26043.5,26024.75,26032.25,7074.0
2026-01-27T12:00:00Z,26031.5,26033.25,26010.25,26016.25,6205.0
2026-01-27T12:15:00Z,26016.0,26021.5,25995.25,25996.25,7572.0
2026-01-27T12:30:00Z,25997.0,26018.25,25991.0,26010.0,8086.0
2026-01-27T12:45:00Z,26010.0,26012.75,26000.0,26004.25,4353.0
2026-01-27T13:00:00Z,26004.0,26018.25,26001.75,26016.0,5856.0
2026-01-27T13:15:00Z,26016.75,26018.25,26001.0,26002.75,5088.0
2026-01-27T13:30:00Z,26002.5,26008.5,25994.0,26000.75,7582.0
2026-01-27T13:45:00Z,26001.0,26008.0,25982.5,25990.25,10499.0
2026-01-27T14:00:00Z,25990.5,26010.0,25990.0,25994.5,12286.0
2026-01-27T14:15:00Z,25994.5,26005.5,25979.0,25982.5,18729.0
2026-01-27T14:30:00Z,25982.25,26012.5,25917.25,25959.0,140339.0
2026-01-27T14:45:00Z,25959.0,26061.0,25958.75,26054.25,96704.0
2026-01-27T15:00:00Z,26052.75,26077.5,26022.0,26059.75,79831.0
2026-01-27T15:15:00Z,26059.75,26075.0,26037.75,26042.5,48330.0
2026-01-27T15:30:00Z,26042.5,26096.0,26039.0,26090.75,53530.0
2026-01-27T15:45:00Z,26091.0,26098.5,26063.25,26078.5,41619.0
2026-01-27T16:00:00Z,26078.5,26100.0,26072.75,26098.0,34479.0
2026-01-27T16:15:00Z,26098.25,26107.0,26087.5,26090.25,25370.0
2026-01-27T16:30:00Z,26090.75,26100.0,26084.5,26090.0,20016.0
2026-01-27T16:45:00Z,26090.0,26096.5,26077.0,26079.75,26526.0
2026-01-27T17:00:00Z,26079.75,26087.5,26065.0,26070.5,26630.0
2026-01-27T17:15:00Z,26070.25,26089.0,26050.5,26083.0,35759.0
2026-01-27T17:30:00Z,26082.75,26092.0,26069.5,26076.25,25589.0
2026-01-27T17:45:00Z,26075.75,26077.5,26057.75,26061.75,17828.0
2026-01-27T18:00:00Z,26062.25,26071.75,26036.75,26068.25,34252.0
2026-01-27T18:15:00Z,26068.0,26087.0,26067.25,26076.5,20274.0
2026-01-27T18:30:00Z,26076.75,26094.25,26076.25,26081.5,16474.0
2026-01-27T18:45:00Z,26081.5,26097.0,26079.25,26090.25,13635.0
2026-01-27T19:00:00Z,26090.0,26090.0,26074.0,26086.5,18322.0
2026-01-27T19:15:00Z,26086.5,26095.25,26084.25,26092.75,11675.0
2026-01-27T19:30:00Z,26093.0,26099.5,26078.0,26085.75,15340.0
2026-01-27T19:45:00Z,26085.5,26098.75,26077.75,26092.25,13788.0
2026-01-27T20:00:00Z,26092.0,26111.75,26083.5,26110.25,19347.0
2026-01-27T20:15:00Z,26110.5,26114.5,26094.0,26096.0,17929.0
2026-01-27T20:30:00Z,26096.0,26097.5,26084.25,26091.5,18180.0
2026-01-27T20:45:00Z,26091.25,26101.5,26068.25,26075.5,39201.0
2026-01-27T21:00:00Z,26075.5,26090.0,26061.0,26079.0,22481.0
2026-01-27T21:15:00Z,26079.25,26106.0,26079.25,26095.25,9294.0
2026-01-27T21:30:00Z,26095.75,26114.25,26093.5,26113.25,6198.0
2026-01-27T21:45:00Z,26112.75,26119.0,26107.75,26109.5,5540.0
2026-01-27T23:00:00Z,26112.0,26147.0,26109.5,26144.5,4396.0
2026-01-27T23:15:00Z,26144.25,26146.5,26128.5,26135.75,4112.0
2026-01-27T23:30:00Z,26136.5,26140.0,26131.5,26139.75,2330.0
2026-01-27T23:45:00Z,26139.25,26142.0,26136.0,26138.25,1941.0
2026-01-28T00:00:00Z,26138.0,26163.5,26135.25,26157.0,5098.0
2026-01-28T00:15:00Z,26157.5,26171.25,26153.75,26168.25,5206.0
2026-01-28T00:30:00Z,26168.0,26207.75,26167.25,26207.25,12015.0
2026-01-28T00:45:00Z,26207.25,26208.25,26194.5,26206.75,5946.0
2026-01-28T01:00:00Z,26206.75,26228.5,26206.5,26223.25,8702.0
2026-01-28T01:15:00Z,26223.25,26226.25,26214.75,26224.0,4430.0
2026-01-28T01:30:00Z,26224.25,26226.0,26207.75,26208.75,4618.0
2026-01-28T01:45:00Z,26208.75,26217.25,26201.5,26204.75,4641.0
2026-01-28T02:00:00Z,26205.0,26221.75,26203.25,26217.75,4948.0
2026-01-28T02:15:00Z,26216.75,26220.5,26213.0,26213.25,2209.0
2026-01-28T02:30:00Z,26213.25,26219.0,26206.75,26211.5,2497.0
2026-01-28T02:45:00Z,26211.25,26221.25,26208.75,26213.75,2715.0
2026-01-28T03:00:00Z,26214.25,26218.5,26211.0,26213.0,1897.0
2026-01-28T03:15:00Z,26213.25,26216.5,26196.25,26202.75,3771.0
2026-01-28T03:30:00Z,26202.5,26210.0,26194.5,26195.25,4135.0
2026-01-28T03:45:00Z,26195.25,26203.5,26190.25,26199.75,3292.0
2026-01-28T04:00:00Z,26200.0,26223.25,26199.5,26219.75,5257.0
2026-01-28T04:15:00Z,26219.5,26227.25,26217.5,26225.25,2504.0
2026-01-28T04:30:00Z,26225.25,26226.5,26217.25,26218.75,2108.0
2026-01-28T04:45:00Z,26219.0,26220.5,26213.25,26220.0,2273.0
2026-01-28T05:00:00Z,26225.0,26231.5,26225.0,26228.5,3287.0
2026-01-28T05:15:00Z,26228.75,26233.25,26226.5,26231.75,2734.0
2026-01-28T05:30:00Z,26232.0,26241.25,26231.0,26239.0,3133.0
2026-01-28T05:45:00Z,26239.25,26248.75,26238.5,26245.75,3286.0
2026-01-28T06:00:00Z,26245.75,26306.75,26245.75,26305.0,20086.0
2026-01-28T06:15:00Z,26305.25,26320.75,26294.75,26301.75,8174.0
2026-01-28T06:30:00Z,26302.25,26349.0,26301.25,26316.75,12829.0
2026-01-28T06:45:00Z,26317.0,26328.5,26300.5,26302.5,6154.0
2026-01-28T07:00:00Z,26301.75,26324.25,26292.0,26321.75,7991.0
2026-01-28T07:15:00Z,26321.75,26322.5,26301.5,26303.75,3480.0
2026-01-28T07:30:00Z,26303.5,26321.5,26288.75,26318.5,6102.0
2026-01-28T07:45:00Z,26319.25,26323.0,26307.5,26316.0,3772.0
2026-01-28T08:00:00Z,26315.25,26332.0,26300.0,26303.0,6774.0
2026-01-28T08:15:00Z,26303.5,26319.0,26277.0,26302.5,8985.0
2026-01-28T08:30:00Z,26302.0,26315.0,26300.5,26304.0,3651.0
2026-01-28T08:45:00Z,26303.5,26303.75,26270.25,26279.75,8009.0
2026-01-28T09:00:00Z,26279.75,26284.75,26257.5,26271.0,7794.0
2026-01-28T09:15:00Z,26271.0,26280.0,26255.5,26262.75,4984.0
2026-01-28T09:30:00Z,26262.5,26275.0,26252.0,26274.25,5418.0
2026-01-28T09:45:00Z,26274.5,26291.0,26269.75,26285.25,4605.0
2026-01-28T10:00:00Z,26284.75,26294.0,26271.75,26287.0,4695.0
2026-01-28T10:15:00Z,26286.75,26296.75,26277.5,26294.0,3612.0
2026-01-28T10:30:00Z,26294.75,26316.5,26292.25,26309.0,5111.0
2026-01-28T10:45:00Z,26308.25,26320.75,26299.75,26316.75,4226.0
2026-01-28T11:00:00Z,26317.25,26318.75,26295.25,26298.75,5128.0
2026-01-28T11:15:00Z,26299.25,26310.75,26287.5,26309.25,4759.0
2026-01-28T11:30:00Z,26310.0,26319.0,26308.0,26313.5,3548.0
2026-01-28T11:45:00Z,26313.0,26326.75,26306.25,26318.5,5632.0
2026-01-28T12:00:00Z,26319.25,26320.75,26266.25,26293.25,12587.0
2026-01-28T12:15:00Z,26292.75,26297.0,26265.0,26277.5,10086.0
2026-01-28T12:30:00Z,26279.0,26296.75,26270.5,26286.0,7164.0
2026-01-28T12:45:00Z,26286.0,26301.5,26280.0,26281.25,7589.0
2026-01-28T13:00:00Z,26281.75,26306.0,26268.25,26270.5,7883.0
2026-01-28T13:15:00Z,26270.0,26293.75,26267.5,26278.75,7154.0
2026-01-28T13:30:00Z,26278.0,26283.0,26255.25,26260.75,9907.0
2026-01-28T13:45:00Z,26260.75,26286.25,26259.5,26273.5,11505.0
2026-01-28T14:00:00Z,26273.25,26279.25,26242.25,26246.0,15996.0
2026-01-28T14:15:00Z,26246.25,26262.25,26234.0,26253.0,21853.0
2026-01-28T14:30:00Z,26253.0,26298.5,26213.5,26286.0,112133.0
2026-01-28T14:45:00Z,26284.75,26305.25,26230.0,26253.5,83416.0
2026-01-28T15:00:00Z,26253.0,26265.5,26214.25,26216.0,67113.0
2026-01-28T15:15:00Z,26215.75,26254.25,26207.25,26220.75,58303.0
2026-01-28T15:30:00Z,26220.5,26236.5,26181.0,26183.75,63351.0
2026-01-28T15:45:00Z,26183.75,26191.5,26159.0,26162.5,46427.0
2026-01-28T16:00:00Z,26162.5,26198.75,26162.0,26183.75,39007.0
2026-01-28T16:15:00Z,26183.5,26187.25,26149.5,26183.0,35733.0
2026-01-28T16:30:00Z,26182.5,26182.5,26121.0,26122.25,43802.0
2026-01-28T16:45:00Z,26122.25,26138.5,26100.75,26116.75,41106.0
2026-01-28T17:00:00Z,26116.75,26157.0,26114.0,26151.75,35102.0
2026-01-28T17:15:00Z,26151.75,26164.0,26115.75,26127.0,30954.0
2026-01-28T17:30:00Z,26127.25,26138.25,26110.0,26130.5,24164.0
2026-01-28T17:45:00Z,26130.25,26164.75,26119.5,26141.25,26222.0
2026-01-28T18:00:00Z,26140.75,26159.5,26122.0,26159.0,23186.0
2026-01-28T18:15:00Z,26159.25,26171.0,26152.25,26160.5,18030.0
2026-01-28T18:30:00Z,26160.25,26166.75,26145.25,26155.0,16064.0
2026-01-28T18:45:00Z,26155.25,26180.0,26147.25,26168.0,15074.0
2026-01-28T19:00:00Z,26168.0,26196.0,26116.25,26143.25,47232.0
2026-01-28T19:15:00Z,26143.5,26171.75,26118.75,26122.25,28578.0
2026-01-28T19:30:00Z,26121.75,26179.0,26111.75,26147.75,80946.0
2026-01-28T19:45:00Z,26148.25,26210.75,26144.25,26160.75,60436.0
2026-01-28T20:00:00Z,26160.75,26212.0,26153.5,26197.5,35898.0
2026-01-28T20:15:00Z,26197.25,26210.75,26171.75,26174.25,29333.0
2026-01-28T20:30:00Z,26174.25,26182.75,26149.5,26156.75,28764.0
2026-01-28T20:45:00Z,26156.5,26188.75,26131.25,26151.0,40315.0
2026-01-28T21:00:00Z,26151.0,26199.5,25996.25,26195.75,83047.0
2026-01-28T21:15:00Z,26196.25,26265.0,26180.25,26262.5,32407.0
2026-01-28T21:30:00Z,26262.25,26274.5,26245.0,26266.25,16927.0
2026-01-28T21:45:00Z,26266.75,26287.75,26243.5,26268.5,9869.0
2026-01-28T23:00:00Z,26278.0,26294.5,26161.5,26163.25,9252.0
2026-01-28T23:15:00Z,26162.75,26243.75,26160.5,26209.0,15990.0
2026-01-28T23:30:00Z,26209.75,26216.25,26176.25,26187.5,8625.0
2026-01-28T23:45:00Z,26187.25,26219.0,26159.0,26170.0,12396.0
2026-01-29T00:00:00Z,26169.0,26179.75,26104.75,26145.25,20627.0
2026-01-29T00:15:00Z,26144.5,26171.25,26129.25,26170.75,10051.0
2026-01-29T00:30:00Z,26170.5,26171.0,26126.75,26135.75,8463.0
2026-01-29T00:45:00Z,26135.25,26163.75,26127.5,26163.0,6119.0
2026-01-29T01:00:00Z,26163.0,26168.5,26141.5,26147.0,7208.0
2026-01-29T01:15:00Z,26147.5,26150.0,26085.75,26111.75,12751.0
2026-01-29T01:30:00Z,26112.5,26124.25,26090.75,26107.5,9565.0
2026-01-29T01:45:00Z,26107.75,26130.25,26103.0,26128.5,5635.0
2026-01-29T02:00:00Z,26129.25,26153.5,26122.0,26134.5,8066.0
2026-01-29T02:15:00Z,26135.25,26176.25,26127.75,26171.25,8910.0
2026-01-29T02:30:00Z,26171.5,26177.25,26157.75,26161.5,5019.0
2026-01-29T02:45:00Z,26160.75,26175.5,26147.5,26162.25,6890.0
2026-01-29T03:00:00Z,26161.5,26181.25,26161.5,26179.75,4691.0
2026-01-29T03:15:00Z,26180.25,26194.0,26179.5,26183.25,4274.0
2026-01-29T03:30:00Z,26183.5,26196.75,26177.75,26196.5,4017.0
2026-01-29T03:45:00Z,26195.75,26199.75,26185.75,26197.75,2997.0
2026-01-29T04:00:00Z,26200.25,26204.25,26195.25,26202.25,2633.0
2026-01-29T04:15:00Z,26202.75,26226.5,26201.25,26213.75,5192.0
2026-01-29T04:30:00Z,26214.75,26231.0,26214.5,26223.75,2677.0
2026-01-29T04:45:00Z,26224.0,26233.75,26220.5,26229.0,2259.0
2026-01-29T05:00:00Z,26222.0,26223.75,26210.75,26217.0,4404.0
2026-01-29T05:15:00Z,26217.0,26233.0,26216.75,26230.25,2771.0
2026-01-29T05:30:00Z,26231.0,26249.75,26230.0,26249.25,4155.0
2026-01-29T05:45:00Z,26248.5,26249.25,26227.75,26234.0,4365.0
2026-01-29T06:00:00Z,26233.5,26265.0,26232.75,26263.5,4172.0
2026-01-29T06:15:00Z,26262.75,26267.0,26248.0,26255.25,3625.0
2026-01-29T06:30:00Z,26255.25,26262.75,26242.0,26246.75,3147.0
2026-01-29T06:45:00Z,26246.75,26251.0,26231.5,26246.75,3931.0
2026-01-29T07:00:00Z,26246.25,26258.5,26240.75,26247.0,3577.0
2026-01-29T07:15:00Z,26247.25,26250.0,26231.5,26249.25,3442.0
2026-01-29T07:30:00Z,26249.5,26276.75,26245.0,26273.0,5369.0
2026-01-29T07:45:00Z,26273.5,26275.75,26251.5,26255.25,3818.0
2026-01-29T08:00:00Z,26255.25,26269.0,26226.75,26265.25,11821.0
2026-01-29T08:15:00Z,26264.5,26280.75,26249.5,26268.75,6345.0
2026-01-29T08:30:00Z,26268.5,26271.5,26244.0,26262.0,5705.0
2026-01-29T08:45:00Z,26261.5,26266.75,26233.0,26248.75,5937.0
2026-01-29T09:00:00Z,26248.75,26273.0,26245.0,26266.25,5520.0
2026-01-29T09:15:00Z,26267.0,26270.75,26251.0,26252.5,4216.0
2026-01-29T09:30:00Z,26252.25,26266.25,26240.75,26253.0,4614.0
2026-01-29T09:45:00Z,26253.0,26253.25,26210.25,26211.5,6500.0
2026-01-29T10:00:00Z,26211.25,26221.25,26197.25,26204.25,9171.0
2026-01-29T10:15:00Z,26205.0,26237.25,26204.5,26228.25,5711.0
2026-01-29T10:30:00Z,26228.75,26230.75,26210.75,26217.75,3915.0
2026-01-29T10:45:00Z,26217.5,26223.75,26186.75,26191.5,6667.0
2026-01-29T11:00:00Z,26192.0,26206.75,26175.5,26194.75,8006.0
2026-01-29T11:15:00Z,26195.0,26203.0,26180.75,26194.0,5590.0
2026-01-29T11:30:00Z,26194.25,26203.75,26178.25,26193.0,7372.0
2026-01-29T11:45:00Z,26193.75,26208.5,26191.0,26201.0,4994.0
2026-01-29T12:00:00Z,26201.0,26222.0,26198.5,26212.0,6167.0
2026-01-29T12:15:00Z,26212.75,26217.5,26188.25,26198.75,5349.0
2026-01-29T12:30:00Z,26198.75,26200.75,26159.0,26162.25,8579.0
2026-01-29T12:45:00Z,26162.25,26179.75,26155.75,26176.0,7605.0
2026-01-29T13:00:00Z,26175.25,26188.5,26169.75,26174.75,6359.0
2026-01-29T13:15:00Z,26174.75,26176.5,26150.75,26175.0,8348.0
2026-01-29T13:30:00Z,26175.0,26204.0,26158.75,26198.25,11987.0
2026-01-29T13:45:00Z,26198.0,26202.0,26184.25,26194.5,9113.0
2026-01-29T14:00:00Z,26194.5,26197.0,26142.0,26149.75,20469.0
2026-01-29T14:15:00Z,26150.0,26161.0,26131.75,26132.75,18535.0
2026-01-29T14:30:00Z,26133.0,26177.25,25946.0,25950.75,172150.0
2026-01-29T14:45:00Z,25951.25,26008.0,25858.25,25864.0,161030.0
2026-01-29T15:00:00Z,25864.25,25868.5,25718.25,25721.0,172455.0
2026-01-29T15:15:00Z,25720.75,25822.0,25720.0,25735.75,136092.0
2026-01-29T15:30:00Z,25735.5,25753.5,25609.0,25624.25,114830.0
2026-01-29T15:45:00Z,25624.75,25643.5,25536.0,25576.75,120704.0
2026-01-29T16:00:00Z,25576.5,25667.25,25537.75,25662.5,98806.0
2026-01-29T16:15:00Z,25662.25,25714.25,25652.5,25684.5,99244.0
2026-01-29T16:30:00Z,25684.75,25731.75,25667.0,25709.0,76144.0
2026-01-29T16:45:00Z,25709.0,25739.5,25684.5,25711.25,67363.0
2026-01-29T17:00:00Z,25711.5,25809.5,25708.5,25799.5,60357.0
2026-01-29T17:15:00Z,25799.75,25853.0,25791.25,25839.0,52110.0
2026-01-29T17:30:00Z,25839.25,25878.75,25813.75,25836.75,55789.0
2026-01-29T17:45:00Z,25836.75,25838.0,25749.25,25760.5,67605.0
2026-01-29T18:00:00Z,25760.25,25860.75,25757.75,25853.25,68688.0
2026-01-29T18:15:00Z,25853.0,25856.75,25813.5,25846.25,43077.0
2026-01-29T18:30:00Z,25846.25,25890.25,25820.0,25867.5,49097.0
2026-01-29T18:45:00Z,25867.75,25879.0,25836.0,25837.75,36501.0
2026-01-29T19:00:00Z,25837.0,25883.75,25820.25,25876.25,42716.0
2026-01-29T19:15:00Z,25876.0,25898.5,25867.5,25878.75,28712.0
2026-01-29T19:30:00Z,25878.75,25887.25,25844.75,25857.0,38596.0
2026-01-29T19:45:00Z,25857.25,25872.0,25834.25,25849.0,29298.0
2026-01-29T20:00:00Z,25849.75,25881.5,25841.25,25869.0,29103.0
2026-01-29T20:15:00Z,25869.25,25880.75,25851.75,25853.25,21471.0
2026-01-29T20:30:00Z,25854.0,25927.0,25846.5,25921.75,37701.0
2026-01-29T20:45:00Z,25921.5,26020.0,25911.75,25991.75,62133.0
2026-01-29T21:00:00Z,25997.75,26019.75,25967.5,25983.25,30350.0
2026-01-29T21:15:00Z,25983.0,26018.25,25948.0,25987.0,10565.0
2026-01-29T21:30:00Z,25987.0,26040.25,25971.0,25983.25,18647.0
2026-01-29T21:45:00Z,25983.75,26001.25,25970.0,25982.5,6017.0
2026-01-29T23:00:00Z,25994.5,26012.25,25901.25,25906.25,10432.0
2026-01-29T23:15:00Z,25907.0,25983.5,25884.0,25941.5,13930.0
2026-01-29T23:30:00Z,25942.0,26019.0,25939.75,26003.5,11463.0
2026-01-29T23:45:00Z,26004.25,26011.75,25957.0,25972.0,7921.0
2026-01-30T00:00:00Z,25971.5,25991.0,25936.75,25954.5,8994.0
2026-01-30T00:15:00Z,25955.25,25971.5,25907.25,25925.25,11628.0
2026-01-30T00:30:00Z,25926.5,25994.0,25914.5,25922.0,12489.0
2026-01-30T00:45:00Z,25922.0,25948.5,25916.0,25929.25,5157.0
2026-01-30T01:00:00Z,25930.75,25933.75,25895.75,25903.0,8866.0
2026-01-30T01:15:00Z,25902.5,25909.75,25881.0,25886.25,8925.0
2026-01-30T01:30:00Z,25886.5,25890.5,25798.5,25811.0,16005.0
2026-01-30T01:45:00Z,25823.5,25867.0,25809.0,25852.5,14219.0
2026-01-30T02:00:00Z,25852.25,25865.75,25815.75,25823.25,12297.0
2026-01-30T02:15:00Z,25823.5,25842.75,25751.0,25751.75,18969.0
2026-01-30T02:30:00Z,25751.75,25800.5,25736.25,25787.0,12651.0
2026-01-30T02:45:00Z,25788.25,25847.75,25780.5,25843.75,9982.0
2026-01-30T03:00:00Z,25844.25,25888.0,25840.0,25857.0,12598.0
2026-01-30T03:15:00Z,25856.75,25872.75,25827.5,25850.0,11043.0
2026-01-30T03:30:00Z,25848.75,25880.0,25843.5,25854.0,7987.0
2026-01-30T03:45:00Z,25854.5,25874.75,25846.0,25847.5,5256.0
2026-01-30T04:00:00Z,25847.5,25887.5,25843.0,25887.5,4891.0
2026-01-30T04:15:00Z,25887.75,25896.0,25862.75,25879.25,5711.0
2026-01-30T04:30:00Z,25878.75,25896.5,25875.25,25881.75,3964.0
2026-01-30T04:45:00Z,25883.0,25888.25,25851.5,25854.0,4490.0
2026-01-30T05:00:00Z,25886.25,25886.5,25856.25,25864.5,5179.0
2026-01-30T05:15:00Z,25864.0,25873.75,25849.75,25867.0,4196.0
2026-01-30T05:30:00Z,25866.0,25868.0,25844.5,25847.25,3824.0
2026-01-30T05:45:00Z,25847.5,25862.25,25831.5,25833.25,4057.0
2026-01-30T06:00:00Z,25833.25,25839.0,25801.25,25812.5,7007.0
2026-01-30T06:15:00Z,25812.25,25813.5,25756.75,25784.25,8776.0
2026-01-30T06:30:00Z,25783.75,25814.25,25771.0,25789.0,7353.0
2026-01-30T06:45:00Z,25788.25,25796.75,25736.75,25751.25,10751.0
2026-01-30T07:00:00Z,25751.0,25804.75,25744.0,25791.75,9055.0
2026-01-30T07:15:00Z,25791.0,25793.0,25755.75,25761.5,7331.0
2026-01-30T07:30:00Z,25761.5,25780.0,25707.75,25738.25,12321.0
2026-01-30T07:45:00Z,25738.25,25747.25,25700.25,25708.75,7411.0
2026-01-30T08:00:00Z,25709.25,25746.75,25681.75,25741.5,14221.0
2026-01-30T08:15:00Z,25741.0,25770.25,25721.75,25748.0,9724.0
2026-01-30T08:30:00Z,25748.0,25748.0,25691.5,25728.0,9756.0
2026-01-30T08:45:00Z,25727.25,25792.75,25716.0,25768.5,9357.0
2026-01-30T09:00:00Z,25768.75,25787.0,25712.0,25719.25,9775.0
2026-01-30T09:15:00Z,25719.5,25731.75,25688.0,25706.0,8429.0
2026-01-30T09:30:00Z,25705.25,25731.25,25693.75,25706.75,6418.0
2026-01-30T09:45:00Z,25706.0,25717.0,25649.0,25696.5,13698.0
2026-01-30T10:00:00Z,25697.0,25741.75,25693.25,25738.5,8473.0
2026-01-30T10:15:00Z,25737.75,25749.5,25716.25,25728.25,6550.0
2026-01-30T10:30:00Z,25727.5,25784.5,25727.25,25774.25,8402.0
2026-01-30T10:45:00Z,25776.5,25790.0,25757.0,25764.25,6082.0
2026-01-30T11:00:00Z,25765.5,25807.5,25763.0,25805.5,7724.0
2026-01-30T11:15:00Z,25806.0,25819.75,25793.25,25817.75,5938.0
2026-01-30T11:30:00Z,25817.5,25846.25,25807.5,25830.5,8328.0
2026-01-30T11:45:00Z,25831.25,25883.75,25787.25,25870.75,15896.0
2026-01-30T12:00:00Z,25870.25,25905.0,25859.25,25869.75,13345.0
2026-01-30T12:15:00Z,25870.75,25884.75,25853.75,25866.0,7562.0
2026-01-30T12:30:00Z,25866.75,25894.75,25847.5,25850.0,9127.0
2026-01-30T12:45:00Z,25850.25,25870.75,25821.25,25846.5,11910.0
2026-01-30T13:00:00Z,25846.5,25886.0,25840.0,25878.5,9335.0
2026-01-30T13:15:00Z,25879.25,25886.75,25828.0,25841.25,10196.0
2026-01-30T13:30:00Z,25839.25,25864.0,25776.5,25842.5,23819.0
2026-01-30T13:45:00Z,25843.25,25853.75,25811.25,25825.75,13944.0
2026-01-30T14:00:00Z,25825.5,25850.0,25808.75,25834.75,18547.0
2026-01-30T14:15:00Z,25833.75,25847.5,25805.0,25834.0,19309.0
2026-01-30T14:30:00Z,25834.25,25939.25,25813.0,25872.0,143829.0
2026-01-30T14:45:00Z,25871.5,25931.0,25806.75,25828.25,110122.0
2026-01-30T15:00:00Z,25827.5,25925.75,25810.25,25895.5,110305.0
2026-01-30T15:15:00Z,25895.5,25919.25,25790.5,25794.0,93995.0
2026-01-30T15:30:00Z,25794.25,25912.5,25770.25,25893.0,113560.0
2026-01-30T15:45:00Z,25893.25,25934.25,25824.5,25841.25,87615.0
2026-01-30T16:00:00Z,25841.75,25869.25,25813.75,25832.25,68557.0
2026-01-30T16:15:00Z,25832.0,25833.5,25753.25,25798.75,84028.0
2026-01-30T16:30:00Z,25798.75,25859.25,25783.75,25835.5,72114.0
2026-01-30T16:45:00Z,25835.5,25838.75,25744.0,25757.5,67030.0
2026-01-30T17:00:00Z,25758.25,25762.75,25685.75,25703.0,77020.0
2026-01-30T17:15:00Z,25703.0,25789.75,25688.75,25782.25,70117.0
2026-01-30T17:30:00Z,25782.25,25795.75,25702.0,25742.0,57503.0
2026-01-30T17:45:00Z,25742.25,25773.75,25678.5,25679.75,56240.0
2026-01-30T18:00:00Z,25679.5,25714.0,25660.75,25672.25,49731.0
2026-01-30T18:15:00Z,25672.0,25680.25,25568.75,25671.0,88081.0
2026-01-30T18:30:00Z,25671.0,25683.0,25600.25,25623.75,61565.0
2026-01-30T18:45:00Z,25624.25,25771.5,25620.25,25741.5,68401.0
2026-01-30T19:00:00Z,25741.25,25781.25,25726.5,25744.25,58167.0
2026-01-30T19:15:00Z,25743.25,25763.0,25714.75,25716.5,44542.0
2026-01-30T19:30:00Z,25716.5,25738.25,25674.25,25693.5,71407.0
2026-01-30T19:45:00Z,25693.25,25724.75,25652.0,25658.0,55510.0
2026-01-30T20:00:00Z,25657.75,25683.0,25613.5,25616.0,48903.0
2026-01-30T20:15:00Z,25615.5,25615.5,25571.0,25596.0,60441.0
2026-01-30T20:30:00Z,25596.0,25654.75,25591.0,25649.25,61425.0
2026-01-30T20:45:00Z,25649.0,25730.25,25624.25,25674.75,94233.0
2026-01-30T21:00:00Z,25677.25,25707.0,25625.5,25648.25,27290.0
2026-01-30T21:15:00Z,25648.5,25676.5,25644.5,25650.25,6999.0
2026-01-30T21:30:00Z,25650.0,25657.0,25629.75,25633.25,5364.0
2026-01-30T21:45:00Z,25633.5,25642.5,25629.25,25639.25,1783.0
2026-02-01T23:00:00Z,25423.25,25454.75,25400.5,25441.5,6083.0
2026-02-01T23:15:00Z,25442.0,25465.5,25373.25,25434.75,19509.0
2026-02-01T23:30:00Z,25433.5,25559.0,25418.5,25545.25,19810.0
2026-02-01T23:45:00Z,25546.0,25570.75,25528.75,25533.5,13614.0
2026-02-02T00:00:00Z,25532.75,25607.0,25487.25,25584.0,22165.0
2026-02-02T00:15:00Z,25584.0,25634.25,25578.75,25612.5,15833.0
2026-02-02T00:30:00Z,25613.75,25646.0,25591.75,25623.5,13208.0
2026-02-02T00:45:00Z,25623.25,25633.75,25594.0,25604.0,9411.0
2026-02-02T01:00:00Z,25604.5,25637.5,25477.25,25494.75,24416.0
2026-02-02T01:15:00Z,25494.5,25548.0,25481.0,25527.0,19265.0
2026-02-02T01:30:00Z,25528.25,25532.25,25440.5,25450.0,23350.0
2026-02-02T01:45:00Z,25450.25,25457.5,25398.25,25407.25,20619.0
2026-02-02T02:00:00Z,25407.25,25450.0,25387.0,25421.5,18499.0
2026-02-02T02:15:00Z,25421.75,25443.25,25397.25,25420.75,14486.0
2026-02-02T02:30:00Z,25420.5,25448.5,25396.75,25426.75,12075.0
2026-02-02T02:45:00Z,25426.25,25433.25,25356.75,25366.75,17245.0
2026-02-02T03:00:00Z,25366.75,25388.0,25315.25,25341.0,13950.0
2026-02-02T03:15:00Z,25341.0,25366.5,25326.0,25332.25,12517.0
2026-02-02T03:30:00Z,25333.0,25344.0,25282.75,25298.25,17438.0
2026-02-02T03:45:00Z,25298.25,25325.75,25262.25,25280.0,18041.0
2026-02-02T04:00:00Z,25280.75,25286.5,25216.5,25253.75,22473.0
2026-02-02T04:15:00Z,25253.75,25333.0,25247.5,25310.25,17139.0
2026-02-02T04:30:00Z,25309.5,25376.0,25307.5,25368.0,12296.0
2026-02-02T04:45:00Z,25367.75,25373.0,25334.25,25352.75,8231.0
2026-02-02T05:00:00Z,25341.0,25348.75,25286.5,25310.0,13376.0
2026-02-02T05:15:00Z,25309.75,25322.25,25266.0,25273.25,10436.0
2026-02-02T05:30:00Z,25273.0,25279.75,25245.5,25254.0,12603.0
2026-02-02T05:45:00Z,25253.5,25283.25,25236.0,25250.25,12469.0
2026-02-02T06:00:00Z,25249.75,25273.75,25205.25,25206.75,12256.0
2026-02-02T06:15:00Z,25207.5,25250.75,25186.0,25246.75,16113.0
2026-02-02T06:30:00Z,25245.5,25257.5,25180.25,25225.5,14152.0
2026-02-02T06:45:00Z,25226.0,25238.5,25186.25,25233.25,9999.0
2026-02-02T07:00:00Z,25233.75,25307.0,25231.75,25277.75,16753.0
2026-02-02T07:15:00Z,25277.5,25305.5,25254.75,25303.0,8915.0
2026-02-02T07:30:00Z,25302.75,25322.5,25276.25,25294.25,10252.0
2026-02-02T07:45:00Z,25294.5,25351.25,25294.25,25350.0,9521.0
2026-02-02T08:00:00Z,25348.5,25394.25,25340.5,25372.0,15584.0
2026-02-02T08:15:00Z,25372.25,25403.0,25361.25,25390.75,10987.0
2026-02-02T08:30:00Z,25390.75,25419.25,25379.75,25405.25,10239.0
2026-02-02T08:45:00Z,25405.5,25423.25,25397.75,25401.0,6779.0
2026-02-02T09:00:00Z,25401.0,25409.0,25355.25,25389.25,14261.0
2026-02-02T09:15:00Z,25389.75,25458.5,25373.0,25438.5,12033.0
2026-02-02T09:30:00Z,25437.75,25463.0,25432.25,25444.0,7129.0
2026-02-02T09:45:00Z,25444.0,25459.25,25439.0,25454.5,5289.0
2026-02-02T10:00:00Z,25453.5,25472.0,25435.0,25445.0,7614.0
2026-02-02T10:15:00Z,25446.0,25464.25,25439.0,25448.5,5218.0
2026-02-02T10:30:00Z,25448.0,25452.75,25399.5,25404.5,8951.0
2026-02-02T10:45:00Z,25404.75,25420.0,25390.5,25406.5,6807.0
2026-02-02T11:00:00Z,25407.75,25443.0,25400.0,25440.0,6777.0
2026-02-02T11:15:00Z,25440.75,25458.5,25419.5,25457.5,6083.0
2026-02-02T11:30:00Z,25456.5,25472.75,25440.5,25465.75,8121.0
2026-02-02T11:45:00Z,25465.5,25492.0,25446.25,25452.5,8810.0
2026-02-02T12:00:00Z,25451.5,25483.5,25449.5,25476.0,7392.0
2026-02-02T12:15:00Z,25476.5,25514.75,25474.0,25509.5,10923.0
2026-02-02T12:30:00Z,25509.25,25524.0,25499.25,25521.5,7860.0
2026-02-02T12:45:00Z,25521.75,25527.25,25474.5,25488.5,9689.0
2026-02-02T13:00:00Z,25487.25,25498.0,25456.25,25494.0,12505.0
2026-02-02T13:15:00Z,25494.25,25501.75,25473.75,25476.5,9302.0
2026-02-02T13:30:00Z,25476.5,25495.25,25456.75,25495.25,10014.0
2026-02-02T13:45:00Z,25494.5,25540.0,25492.25,25529.25,12489.0
2026-02-02T14:00:00Z,25529.0,25546.75,25519.5,25539.5,15020.0
2026-02-02T14:15:00Z,25539.75,25549.25,25520.0,25542.75,14077.0
2026-02-02T14:30:00Z,25542.0,25734.0,25540.25,25717.75,138885.0
2026-02-02T14:45:00Z,25718.75,25799.25,25698.25,25755.75,100432.0
2026-02-02T15:00:00Z,25752.75,25878.0,25714.0,25874.75,94335.0
2026-02-02T15:15:00Z,25874.75,25912.25,25856.75,25865.5,77156.0
2026-02-02T15:30:00Z,25865.5,25907.25,25851.5,25874.25,63038.0
2026-02-02T15:45:00Z,25874.25,25875.5,25816.25,25840.5,59181.0
2026-02-02T16:00:00Z,25840.5,25857.5,25803.25,25855.25,49971.0
2026-02-02T16:15:00Z,25855.5,25898.75,25847.75,25893.25,41288.0
2026-02-02T16:30:00Z,25893.5,25901.75,25857.25,25868.0,33232.0
2026-02-02T16:45:00Z,25868.0,25902.0,25836.25,25894.5,37667.0
2026-02-02T17:00:00Z,25894.5,25924.5,25888.5,25904.5,37654.0
2026-02-02T17:15:00Z,25904.75,25921.25,25896.0,25915.25,24872.0
2026-02-02T17:30:00Z,25915.5,25932.75,25901.25,25912.0,25210.0
2026-02-02T17:45:00Z,25911.75,25941.25,25908.25,25923.5,22576.0
2026-02-02T18:00:00Z,25923.5,25936.75,25922.75,25925.75,15257.0
2026-02-02T18:15:00Z,25925.5,25928.5,25897.25,25911.75,23698.0
2026-02-02T18:30:00Z,25911.75,25934.5,25907.0,25926.25,21555.0
2026-02-02T18:45:00Z,25926.0,25949.0,25924.0,25941.75,19358.0
2026-02-02T19:00:00Z,25941.75,25945.5,25930.5,25931.0,16712.0
2026-02-02T19:15:00Z,25931.0,25939.75,25919.0,25922.0,15562.0
2026-02-02T19:30:00Z,25922.25,25922.5,25893.75,25906.25,25661.0
2026-02-02T19:45:00Z,25906.25,25911.75,25841.25,25846.75,37869.0
2026-02-02T20:00:00Z,25846.75,25900.25,25821.5,25870.5,58315.0
2026-02-02T20:15:00Z,25870.25,25897.5,25859.0,25864.75,31329.0
2026-02-02T20:30:00Z,25864.25,25868.0,25842.25,25848.25,29030.0
2026-02-02T20:45:00Z,25848.0,25864.75,25832.0,25856.25,41694.0
2026-02-02T21:00:00Z,25856.25,25896.75,25835.25,25875.75,28070.0
2026-02-02T21:15:00Z,25876.25,25889.0,25860.75,25884.75,8572.0
2026-02-02T21:30:00Z,25884.75,25892.25,25869.5,25872.75,6423.0
2026-02-02T21:45:00Z,25872.5,25884.75,25865.75,25873.0,4862.0
2026-02-02T23:00:00Z,25873.25,25936.0,25866.0,25917.5,6251.0
2026-02-02T23:15:00Z,25917.5,25940.5,25917.5,25938.75,5006.0
2026-02-02T23:30:00Z,25938.75,25978.75,25931.75,25961.0,11587.0
2026-02-02T23:45:00Z,25961.25,25968.0,25946.0,25948.0,4880.0
2026-02-03T00:00:00Z,25948.25,25955.5,25914.5,25940.25,9369.0
2026-02-03T00:15:00Z,25940.0,25984.75,25934.0,25973.5,9410.0
2026-02-03T00:30:00Z,25973.25,25977.25,25951.0,25957.75,4967.0
2026-02-03T00:45:00Z,25958.25,25959.5,25943.5,25952.5,4382.0
2026-02-03T01:00:00Z,25952.5,25981.75,25951.75,25978.0,6524.0
2026-02-03T01:15:00Z,25977.5,25990.75,25969.5,25974.0,6308.0
2026-02-03T01:30:00Z,25973.25,25976.75,25955.75,25974.25,5845.0
2026-02-03T01:45:00Z,25974.5,25975.5,25947.5,25959.75,5283.0
2026-02-03T02:00:00Z,25959.0,25959.75,25920.0,25924.75,8344.0
2026-02-03T02:15:00Z,25924.75,25952.25,25921.75,25926.75,7367.0
2026-02-03T02:30:00Z,25926.5,25930.25,25900.5,25911.5,8559.0
2026-02-03T02:45:00Z,25911.0,25935.75,25900.5,25928.25,7187.0
2026-02-03T03:00:00Z,25927.5,25948.5,25919.25,25924.25,6319.0
2026-02-03T03:15:00Z,25924.0,25944.75,25913.0,25939.25,5371.0
2026-02-03T03:30:00Z,25939.25,25961.0,25928.5,25959.75,5394.0
2026-02-03T03:45:00Z,25959.75,25964.75,25946.0,25956.25,3876.0
2026-02-03T04:00:00Z,25956.0,25976.75,25956.0,25963.0,3696.0
2026-02-03T04:15:00Z,25963.5,25966.0,25952.75,25962.0,2672.0
2026-02-03T04:30:00Z,25962.0,25983.0,25962.0,25979.75,3880.0
2026-02-03T04:45:00Z,25979.5,25987.75,25973.75,25978.5,2672.0
2026-02-03T05:00:00Z,25960.75,25964.25,25951.75,25959.5,4543.0
2026-02-03T05:15:00Z,25960.25,25978.75,25956.75,25968.75,2936.0
2026-02-03T05:30:00Z,25969.25,25982.0,25965.25,25979.0,2742.0
2026-02-03T05:45:00Z,25979.0,25996.75,25976.75,25987.5,4066.0
2026-02-03T06:00:00Z,25987.5,25996.5,25973.0,25995.75,4101.0
2026-02-03T06:15:00Z,25995.75,26003.5,25985.5,25986.5,4056.0
2026-02-03T06:30:00Z,25986.0,26008.5,25981.75,26003.5,5432.0
2026-02-03T06:45:00Z,26004.0,26004.25,25988.75,25992.0,3069.0
2026-02-03T07:00:00Z,25992.0,26003.25,25985.25,25996.5,4387.0
2026-02-03T07:15:00Z,25995.25,25999.5,25974.75,25988.25,5613.0
2026-02-03T07:30:00Z,25988.5,26012.75,25983.75,26011.25,4635.0
2026-02-03T07:45:00Z,26011.0,26027.75,26007.0,26012.0,6039.0
2026-02-03T08:00:00Z,26011.75,26023.25,25990.5,26020.5,10048.0
2026-02-03T08:15:00Z,26019.75,26024.0,26002.75,26003.0,5029.0
2026-02-03T08:30:00Z,26002.75,26005.0,25980.5,25989.25,6228.0
2026-02-03T08:45:00Z,25989.25,25997.25,25969.5,25977.0,5496.0
2026-02-03T09:00:00Z,25976.5,26010.75,25974.75,25977.5,8105.0
2026-02-03T09:15:00Z,25978.0,25988.0,25958.0,25964.5,6463.0
2026-02-03T09:30:00Z,25965.75,25979.0,25958.0,25968.25,4986.0
2026-02-03T09:45:00Z,25968.5,25978.5,25959.0,25969.75,4175.0
2026-02-03T10:00:00Z,25969.75,25993.5,25966.75,25978.75,5344.0
2026-02-03T10:15:00Z,25978.5,25986.5,25967.5,25972.25,3328.0
2026-02-03T10:30:00Z,25970.5,25970.5,25944.5,25951.75,6023.0
2026-02-03T10:45:00Z,25951.5,25964.25,25947.5,25956.0,3677.0
2026-02-03T11:00:00Z,25955.75,25966.0,25940.0,25955.5,5879.0
2026-02-03T11:15:00Z,25953.75,25964.25,25941.75,25946.25,4232.0
2026-02-03T11:30:00Z,25945.75,25956.75,25935.0,25952.75,5098.0
2026-02-03T11:45:00Z,25953.25,25964.0,25942.25,25945.75,5252.0
2026-02-03T12:00:00Z,25945.0,25969.0,25922.75,25968.0,9178.0
2026-02-03T12:15:00Z,25968.5,25989.0,25959.0,25986.25,7645.0
2026-02-03T12:30:00Z,25985.75,25995.5,25981.5,25984.25,6761.0
2026-02-03T12:45:00Z,25985.0,25997.25,25978.0,25981.75,6358.0
2026-02-03T13:00:00Z,25982.0,26003.5,25976.25,25989.25,9012.0
2026-02-03T13:15:00Z,25989.25,25998.75,25973.5,25991.5,7236.0
2026-02-03T13:30:00Z,25991.5,25999.5,25971.25,25975.25,9703.0
2026-02-03T13:45:00Z,25975.5,25983.0,25961.5,25967.25,10102.0
2026-02-03T14:00:00Z,25967.25,25978.0,25953.25,25956.25,13962.0
2026-02-03T14:15:00Z,25956.5,25957.25,25926.75,25934.0,21417.0
2026-02-03T14:30:00Z,25934.0,25952.5,25721.75,25752.25,180840.0
2026-02-03T14:45:00Z,25752.5,25811.5,25623.0,25631.25,141934.0
2026-02-03T15:00:00Z,25632.0,25647.25,25529.75,25554.25,153586.0
2026-02-03T15:15:00Z,25554.0,25604.75,25470.25,25547.0,148602.0
2026-02-03T15:30:00Z,25546.5,25563.75,25481.25,25524.5,107910.0
2026-02-03T15:45:00Z,25523.75,25631.75,25496.25,25617.5,113167.0
2026-02-03T16:00:00Z,25617.25,25620.0,25535.0,25552.25,78201.0
2026-02-03T16:15:00Z,25552.5,25575.0,25493.5,25496.75,72020.0
2026-02-03T16:30:00Z,25496.75,25534.25,25478.5,25503.75,58982.0
2026-02-03T16:45:00Z,25504.25,25527.0,25465.75,25491.75,54773.0
2026-02-03T17:00:00Z,25491.5,25502.25,25401.0,25419.25,67121.0
2026-02-03T17:15:00Z,25420.0,25466.0,25407.25,25415.25,67492.0
2026-02-03T17:30:00Z,25415.25,25422.25,25344.5,25359.0,62480.0
2026-02-03T17:45:00Z,25358.25,25428.0,25353.5,25387.25,59735.0
2026-02-03T18:00:00Z,25387.0,25424.0,25326.25,25333.5,65015.0
2026-02-03T18:15:00Z,25333.75,25367.25,25311.75,25331.75,54244.0
2026-02-03T18:30:00Z,25331.75,25331.75,25282.5,25290.25,52890.0
2026-02-03T18:45:00Z,25290.0,25296.5,25246.0,25246.25,49143.0
2026-02-03T19:00:00Z,25246.25,25326.0,25218.0,25323.0,77444.0
2026-02-03T19:15:00Z,25323.25,25359.25,25278.5,25295.5,90070.0
2026-02-03T19:30:00Z,25295.25,25324.25,25260.5,25269.0,72164.0
2026-02-03T19:45:00Z,25268.75,25329.5,25234.25,25316.75,73968.0
2026-02-03T20:00:00Z,25316.25,25327.0,25269.5,25309.5,53776.0
2026-02-03T20:15:00Z,25309.0,25343.5,25284.0,25330.5,54369.0
2026-02-03T20:30:00Z,25330.25,25421.75,25328.5,25392.5,63982.0
2026-02-03T20:45:00Z,25392.5,25459.25,25385.5,25446.0,63532.0
2026-02-03T21:00:00Z,25445.75,25472.5,25435.75,25447.75,28917.0
2026-02-03T21:15:00Z,25447.75,25478.0,25380.5,25425.25,30491.0
2026-02-03T21:30:00Z,25424.75,25428.0,25400.5,25414.5,15336.0
2026-02-03T21:45:00Z,25415.0,25423.25,25401.25,25421.5,8427.0
2026-02-03T23:00:00Z,25390.25,25422.25,25361.5,25421.0,7641.0
2026-02-03T23:15:00Z,25420.75,25441.5,25388.0,25395.0,9199.0
2026-02-03T23:30:00Z,25394.75,25402.75,25385.25,25400.5,4525.0
2026-02-03T23:45:00Z,25399.5,25434.25,25388.75,25427.75,5956.0
2026-02-04T00:00:00Z,25427.25,25434.25,25390.25,25403.75,8425.0
2026-02-04T00:15:00Z,25404.75,25435.25,25398.0,25406.75,7123.0
2026-02-04T00:30:00Z,25406.5,25428.75,25395.5,25400.25,5214.0
2026-02-04T00:45:00Z,25401.25,25411.5,25375.5,25376.5,6428.0
2026-02-04T01:00:00Z,25376.0,25443.25,25375.5,25437.75,11867.0
2026-02-04T01:15:00Z,25437.5,25452.25,25432.5,25444.0,6622.0
2026-02-04T01:30:00Z,25444.5,25455.0,25423.0,25431.0,6239.0
2026-02-04T01:45:00Z,25430.75,25444.75,25413.75,25439.0,6709.0
2026-02-04T02:00:00Z,25440.0,25473.5,25440.0,25455.25,8688.0
2026-02-04T02:15:00Z,25455.5,25464.75,25415.0,25425.5,7465.0
2026-02-04T02:30:00Z,25425.5,25437.5,25406.25,25423.0,5802.0
2026-02-04T02:45:00Z,25423.25,25429.5,25398.75,25413.5,5382.0
2026-02-04T03:00:00Z,25412.75,25433.0,25402.75,25423.5,4793.0
2026-02-04T03:15:00Z,25423.25,25436.5,25407.5,25423.0,5716.0
2026-02-04T03:30:00Z,25423.0,25452.5,25422.0,25430.75,5261.0
2026-02-04T03:45:00Z,25431.5,25436.25,25411.5,25433.25,5202.0
2026-02-04T04:00:00Z,25433.5,25442.0,25424.75,25432.5,2542.0
2026-02-04T04:15:00Z,25432.0,25435.25,25417.0,25424.25,2367.0
2026-02-04T04:30:00Z,25424.25,25448.5,25423.25,25439.5,2849.0
2026-02-04T04:45:00Z,25439.0,25442.0,25423.25,25427.5,2192.0
2026-02-04T05:00:00Z,25421.5,25427.0,25416.0,25421.5,3070.0
2026-02-04T05:15:00Z,25421.75,25438.25,25420.75,25430.5,2203.0
2026-02-04T05:30:00Z,25431.5,25435.25,25408.25,25429.5,3316.0
2026-02-04T05:45:00Z,25430.0,25443.5,25427.5,25442.75,2615.0
2026-02-04T06:00:00Z,25443.25,25465.75,25435.25,25461.0,4176.0
2026-02-04T06:15:00Z,25461.25,25462.75,25435.75,25455.75,3941.0
2026-02-04T06:30:00Z,25456.0,25479.0,25447.0,25476.75,5280.0
2026-02-04T06:45:00Z,25475.75,25489.75,25466.5,25470.5,5752.0
2026-02-04T07:00:00Z,25470.75,25491.0,25468.25,25485.5,4732.0
2026-02-04T07:15:00Z,25485.5,25499.0,25481.25,25490.75,4087.0
2026-02-04T07:30:00Z,25490.75,25508.75,25475.5,25504.75,5788.0
2026-02-04T07:45:00Z,25505.25,25514.5,25499.5,25502.75,4175.0
2026-02-04T08:00:00Z,25502.25,25509.75,25458.25,25492.25,12430.0
2026-02-04T08:15:00Z,25492.75,25494.5,25408.75,25412.75,13478.0
2026-02-04T08:30:00Z,25412.5,25452.75,25401.0,25450.75,11698.0
2026-02-04T08:45:00Z,25450.5,25455.5,25414.75,25425.5,8483.0
2026-02-04T09:00:00Z,25426.0,25449.25,25408.5,25413.5,8567.0
2026-02-04T09:15:00Z,25414.0,25416.25,25358.0,25381.75,15317.0
2026-02-04T09:30:00Z,25382.5,25398.25,25355.0,25373.25,8672.0
2026-02-04T09:45:00Z,25374.5,25407.25,25367.75,25402.5,7231.0
2026-02-04T10:00:00Z,25402.5,25440.5,25395.0,25421.25,9243.0
2026-02-04T10:15:00Z,25420.75,25448.5,25418.25,25443.5,6423.0
2026-02-04T10:30:00Z,25443.75,25466.75,25436.5,25444.5,7651.0
2026-02-04T10:45:00Z,25444.5,25460.5,25434.5,25449.5,5282.0
2026-02-04T11:00:00Z,25450.25,25459.5,25436.0,25444.5,4324.0
2026-02-04T11:15:00Z,25444.25,25462.75,25439.5,25448.75,5072.0
2026-02-04T11:30:00Z,25449.25,25479.25,25445.0,25462.75,6033.0
2026-02-04T11:45:00Z,25463.0,25483.5,25455.0,25474.25,9017.0
2026-02-04T12:00:00Z,25474.25,25491.0,25438.0,25461.0,8760.0
2026-02-04T12:15:00Z,25460.5,25466.0,25420.25,25431.0,7383.0
2026-02-04T12:30:00Z,25430.5,25448.25,25397.25,25415.5,9177.0
2026-02-04T12:45:00Z,25416.5,25427.5,25396.25,25406.0,8394.0
2026-02-04T13:00:00Z,25406.5,25417.0,25373.75,25390.0,10738.0
2026-02-04T13:15:00Z,25392.25,25409.0,25369.5,25393.25,10096.0
2026-02-04T13:30:00Z,25391.75,25417.0,25373.75,25393.0,14816.0
2026-02-04T13:45:00Z,25392.75,25393.0,25342.25,25358.25,22450.0
2026-02-04T14:00:00Z,25357.75,25360.75,25325.0,25348.75,25166.0
2026-02-04T14:15:00Z,25349.0,25389.25,25333.5,25385.5,24050.0
2026-02-04T14:30:00Z,25385.0,25386.5,25230.0,25333.25,148255.0
2026-02-04T14:45:00Z,25330.25,25371.75,25186.0,25200.75,136222.0
2026-02-04T15:00:00Z,25197.5,25260.75,25107.75,25217.5,166809.0
2026-02-04T15:15:00Z,25218.25,25305.75,25180.0,25248.25,104787.0
2026-02-04T15:30:00Z,25248.25,25271.0,25119.5,25211.25,126231.0
2026-02-04T15:45:00Z,25211.5,25221.5,25131.25,25151.75,92793.0
2026-02-04T16:00:00Z,25152.25,25171.5,25052.25,25111.25,115833.0
2026-02-04T16:15:00Z,25111.5,25139.75,25041.75,25130.75,95437.0
2026-02-04T16:30:00Z,25130.75,25137.0,24975.0,24978.75,82763.0
2026-02-04T16:45:00Z,24978.75,25043.75,24928.0,25035.75,97389.0
2026-02-04T17:00:00Z,25035.75,25057.5,24983.75,25031.0,76357.0
2026-02-04T17:15:00Z,25031.0,25042.75,24873.75,24889.0,84054.0
2026-02-04T17:30:00Z,24889.25,24947.25,24798.75,24850.5,88576.0
2026-02-04T17:45:00Z,24850.25,24883.5,24784.0,24874.25,64924.0
2026-02-04T18:00:00Z,24873.75,24900.75,24819.0,24850.75,72717.0
2026-02-04T18:15:00Z,24850.0,24950.0,24825.25,24941.5,61068.0
2026-02-04T18:30:00Z,24941.75,24944.25,24853.0,24888.0,68880.0
2026-02-04T18:45:00Z,24887.5,24959.0,24833.75,24923.75,62827.0
2026-02-04T19:00:00Z,24923.75,24941.25,24863.25,24905.25,49263.0
2026-02-04T19:15:00Z,24904.0,24967.75,24890.0,24963.25,38865.0
2026-02-04T19:30:00Z,24963.0,25044.25,24959.5,25025.25,47023.0
2026-02-04T19:45:00Z,25025.75,25115.5,25010.75,25105.75,57617.0
2026-02-04T20:00:00Z,25106.25,25119.25,25020.25,25047.5,39351.0
2026-02-04T20:15:00Z,25047.75,25092.0,25027.5,25059.0,38128.0
2026-02-04T20:30:00Z,25059.5,25099.25,25039.25,25065.0,27852.0
2026-02-04T20:45:00Z,25065.0,25097.5,24983.0,24997.75,35569.0
2026-02-04T21:00:00Z,24996.75,25064.25,24875.0,25045.75,42669.0
2026-02-04T21:15:00Z,25045.75,25058.25,24994.25,25042.5,13045.0
2026-02-04T21:30:00Z,25041.75,25181.25,25036.25,25154.75,19571.0
2026-02-04T21:45:00Z,25154.5,25173.0,25107.25,25118.25,8988.0
2026-02-04T23:00:00Z,25067.25,25114.75,25056.25,25070.0,8599.0
2026-02-04T23:15:00Z,25070.75,25097.25,25063.75,25095.0,6321.0
2026-02-04T23:30:00Z,25095.5,25125.25,25061.0,25078.0,10296.0
2026-02-04T23:45:00Z,25077.25,25103.5,25042.25,25067.75,7029.0
2026-02-05T00:00:00Z,25068.5,25074.0,25030.25,25066.5,8825.0
2026-02-05T00:15:00Z,25065.75,25121.0,25065.5,25113.5,8716.0
2026-02-05T00:30:00Z,25114.25,25136.0,25101.5,25127.5,7039.0
2026-02-05T00:45:00Z,25127.0,25134.0,25106.5,25108.0,6008.0
2026-02-05T01:00:00Z,25108.75,25159.0,25098.25,25153.75,10001.0
2026-02-05T01:15:00Z,25154.25,25169.25,25110.0,25127.0,10777.0
2026-02-05T01:30:00Z,25128.0,25152.25,25120.5,25143.75,6440.0
2026-02-05T01:45:00Z,25145.0,25153.25,25116.0,25123.0,5546.0
2026-02-05T02:00:00Z,25123.75,25134.75,25011.25,25012.5,16183.0
2026-02-05T02:15:00Z,25012.5,25064.0,24959.25,25060.0,22745.0
2026-02-05T02:30:00Z,25060.25,25094.75,25055.25,25071.5,11964.0
2026-02-05T02:45:00Z,25071.75,25077.25,24958.5,24961.75,18251.0
2026-02-05T03:00:00Z,24961.25,25018.5,24947.75,25006.0,15909.0
2026-02-05T03:15:00Z,25006.5,25037.0,24980.0,25013.0,9842.0
2026-02-05T03:30:00Z,25013.0,25019.5,24959.0,25000.0,10955.0
2026-02-05T03:45:00Z,24998.5,24998.5,24929.0,24947.75,11601.0
2026-02-05T04:00:00Z,24948.75,24986.0,24940.75,24957.25,9411.0
2026-02-05T04:15:00Z,24958.75,24960.0,24915.5,24950.25,9611.0
2026-02-05T04:30:00Z,24949.5,25017.25,24940.75,25013.25,10321.0
2026-02-05T04:45:00Z,25013.75,25027.0,25001.0,25006.25,6217.0
2026-02-05T05:00:00Z,24986.5,25011.75,24982.75,24986.75,7558.0
2026-02-05T05:15:00Z,24986.75,25009.5,24962.5,25002.0,7725.0
2026-02-05T05:30:00Z,25002.5,25045.0,24982.0,25029.25,8086.0
2026-02-05T05:45:00Z,25029.5,25036.75,24989.75,24996.5,6452.0
2026-02-05T06:00:00Z,24996.5,25033.75,24992.5,25027.25,6286.0
2026-02-05T06:15:00Z,25027.75,25053.0,25010.25,25029.25,7372.0
2026-02-05T06:30:00Z,25027.75,25058.75,25020.75,25049.5,6421.0
2026-02-05T06:45:00Z,25050.25,25076.75,25050.25,25072.0,5806.0
2026-02-05T07:00:00Z,25072.25,25086.5,25061.25,25066.0,6984.0
2026-02-05T07:15:00Z,25065.25,25089.25,25055.0,25080.5,6288.0
2026-02-05T07:30:00Z,25080.5,25089.0,25047.25,25061.25,6016.0
2026-02-05T07:45:00Z,25061.5,25089.0,25040.0,25045.75,7954.0
2026-02-05T08:00:00Z,25044.0,25114.25,25043.25,25098.5,16487.0
2026-02-05T08:15:00Z,25097.75,25124.0,25078.25,25092.75,10204.0
2026-02-05T08:30:00Z,25093.25,25113.5,25070.0,25086.0,10430.0
2026-02-05T08:45:00Z,25085.25,25085.25,24998.5,24998.75,15908.0
2026-02-05T09:00:00Z,24999.25,25043.25,24978.0,25001.25,14134.0
2026-02-05T09:15:00Z,25001.0,25071.75,24983.5,25070.25,8912.0
2026-02-05T09:30:00Z,25070.75,25097.0,25028.5,25031.75,9423.0
2026-02-05T09:45:00Z,25031.75,25058.5,25011.0,25028.75,7427.0
2026-02-05T10:00:00Z,25030.25,25079.75,25021.75,25079.5,7028.0
2026-02-05T10:15:00Z,25079.75,25092.25,25065.75,25085.0,6552.0
2026-02-05T10:30:00Z,25086.5,25089.0,25026.25,25036.75,8173.0
2026-02-05T10:45:00Z,25037.5,25054.0,25029.5,25033.75,4887.0
2026-02-05T11:00:00Z,25033.25,25041.75,25011.25,25035.75,6162.0
2026-02-05T11:15:00Z,25035.75,25065.25,25021.75,25021.75,7137.0
2026-02-05T11:30:00Z,25022.0,25033.0,24991.0,25012.25,10845.0
2026-02-05T11:45:00Z,25013.25,25034.25,25006.25,25030.0,6630.0
2026-02-05T12:00:00Z,25029.75,25056.5,25001.0,25040.25,10655.0
2026-02-05T12:15:00Z,25040.75,25048.0,24880.0,24905.25,24371.0
2026-02-05T12:30:00Z,24904.25,24918.0,24753.0,24788.75,38057.0
2026-02-05T12:45:00Z,24788.25,24806.0,24707.75,24793.75,38111.0
2026-02-05T13:00:00Z,24793.25,24839.5,24770.75,24803.5,25199.0
2026-02-05T13:15:00Z,24803.0,24825.0,24780.75,24791.0,17412.0
2026-02-05T13:30:00Z,24792.25,24869.0,24761.5,24814.0,28543.0
2026-02-05T13:45:00Z,24815.25,24824.5,24758.5,24767.5,32754.0
2026-02-05T14:00:00Z,24767.75,24839.75,24735.5,24762.75,35008.0
2026-02-05T14:15:00Z,24763.5,24780.5,24725.25,24770.75,31407.0
2026-02-05T14:30:00Z,24771.0,24936.25,24651.75,24913.5,171555.0
2026-02-05T14:45:00Z,24914.25,24961.25,24758.75,24769.5,126290.0
2026-02-05T15:00:00Z,24769.75,24805.5,24557.25,24559.25,145817.0
2026-02-05T15:15:00Z,24559.5,24664.25,24550.75,24578.0,138235.0
2026-02-05T15:30:00Z,24578.75,24701.0,24552.5,24677.25,80938.0
2026-02-05T15:45:00Z,24677.5,24691.5,24568.75,24635.0,80408.0
2026-02-05T16:00:00Z,24634.5,24653.0,24537.0,24551.5,68410.0
2026-02-05T16:15:00Z,24551.5,24783.75,24549.75,24779.5,97444.0
2026-02-05T16:30:00Z,24780.0,24824.5,24761.0,24783.5,68706.0
2026-02-05T16:45:00Z,24784.0,24856.75,24730.0,24829.5,63906.0
2026-02-05T17:00:00Z,24829.0,24834.0,24735.75,24772.5,47934.0
2026-02-05T17:15:00Z,24773.25,24864.5,24722.75,24837.75,48435.0
2026-02-05T17:30:00Z,24839.0,24877.5,24795.5,24850.0,40901.0
2026-02-05T17:45:00Z,24849.5,24887.75,24768.25,24782.5,44437.0
2026-02-05T18:00:00Z,24783.5,24834.5,24746.0,24772.75,39293.0
2026-02-05T18:15:00Z,24772.5,24786.25,24710.5,24732.75,34196.0
2026-02-05T18:30:00Z,24732.75,24774.25,24693.75,24713.5,35436.0
2026-02-05T18:45:00Z,24713.0,24725.75,24661.75,24700.5,33721.0
2026-02-05T19:00:00Z,24700.5,24816.75,24685.75,24803.0,46374.0
2026-02-05T19:15:00Z,24802.25,24839.0,24759.5,24765.0,42421.0
2026-02-05T19:30:00Z,24765.0,24765.0,24682.5,24696.75,52527.0
2026-02-05T19:45:00Z,24696.75,24717.25,24672.0,24712.5,34741.0
2026-02-05T20:00:00Z,24712.0,24808.25,24692.75,24748.25,47317.0
2026-02-05T20:15:00Z,24747.75,24751.0,24630.5,24637.75,54109.0
2026-02-05T20:30:00Z,24638.25,24674.5,24604.0,24614.5,53784.0
2026-02-05T20:45:00Z,24614.5,24664.5,24567.0,24639.0,64626.0
2026-02-05T21:00:00Z,24639.25,24703.75,24552.0,24605.5,57613.0
2026-02-05T21:15:00Z,24605.0,24614.0,24528.5,24545.25,19091.0
2026-02-05T21:30:00Z,24544.75,24547.0,24435.0,24463.5,20815.0
2026-02-05T21:45:00Z,24464.0,24485.5,24407.0,24425.75,15408.0
2026-02-05T23:00:00Z,24410.0,24475.0,24395.25,24433.0,8451.0
2026-02-05T23:15:00Z,24434.25,24446.25,24358.75,24425.25,15365.0
2026-02-05T23:30:00Z,24426.0,24433.0,24343.75,24349.75,14137.0
2026-02-05T23:45:00Z,24349.75,24358.5,24293.75,24335.0,17154.0
2026-02-06T00:00:00Z,24335.0,24337.5,24260.0,24268.0,19610.0
2026-02-06T00:15:00Z,24268.0,24375.75,24240.5,24369.0,23761.0
2026-02-06T00:30:00Z,24369.25,24402.0,24346.75,24374.0,17845.0
2026-02-06T00:45:00Z,24373.25,24408.75,24344.0,24400.25,15203.0
2026-02-06T01:00:00Z,24400.75,24439.75,24375.5,24377.75,18857.0
2026-02-06T01:15:00Z,24378.25,24392.25,24340.5,24364.25,14941.0
2026-02-06T01:30:00Z,24365.25,24481.0,24364.5,24480.0,15545.0
2026-02-06T01:45:00Z,24479.75,24535.5,24462.0,24530.75,14972.0
2026-02-06T02:00:00Z,24530.0,24571.25,24530.0,24543.5,15405.0
2026-02-06T02:15:00Z,24543.75,24568.5,24520.75,24557.25,12705.0
2026-02-06T02:30:00Z,24557.0,24578.25,24529.5,24553.75,11101.0
2026-02-06T02:45:00Z,24554.0,24559.25,24510.5,24534.25,8949.0
2026-02-06T03:00:00Z,24533.75,24565.75,24524.25,24535.75,8504.0
2026-02-06T03:15:00Z,24535.25,24542.25,24502.25,24521.5,8118.0
2026-02-06T03:30:00Z,24521.75,24554.0,24472.5,24483.0,12150.0
2026-02-06T03:45:00Z,24481.5,24534.75,24480.25,24527.0,7851.0
2026-02-06T04:00:00Z,24527.0,24528.25,24496.25,24509.0,6250.0
2026-02-06T04:15:00Z,24508.75,24516.0,24486.25,24491.75,4920.0
2026-02-06T04:30:00Z,24491.5,24497.5,24444.0,24467.75,8931.0
2026-02-06T04:45:00Z,24468.5,24477.5,24426.25,24448.5,7721.0
2026-02-06T05:00:00Z,24442.75,24468.0,24430.75,24466.0,9919.0
2026-02-06T05:15:00Z,24465.0,24491.75,24453.25,24491.0,8075.0
2026-02-06T05:30:00Z,24490.25,24561.5,24487.25,24557.25,9363.0
2026-02-06T05:45:00Z,24558.0,24597.25,24544.25,24582.5,7546.0
2026-02-06T06:00:00Z,24582.0,24611.25,24576.75,24595.25,7500.0
2026-02-06T06:15:00Z,24594.0,24611.5,24580.75,24596.75,5609.0
2026-02-06T06:30:00Z,24597.0,24614.25,24547.25,24558.0,8181.0
2026-02-06T06:45:00Z,24557.75,24564.75,24540.5,24547.75,5278.0
2026-02-06T07:00:00Z,24547.25,24551.25,24506.5,24528.5,9551.0
2026-02-06T07:15:00Z,24529.25,24577.25,24522.25,24572.25,8719.0
2026-02-06T07:30:00Z,24571.0,24579.0,24543.75,24546.75,6487.0
2026-02-06T07:45:00Z,24545.5,24558.0,24528.0,24557.5,6258.0
2026-02-06T08:00:00Z,24557.5,24590.25,24490.5,24572.75,16579.0
2026-02-06T08:15:00Z,24572.5,24591.25,24549.5,24551.5,10450.0
2026-02-06T08:30:00Z,24551.25,24589.75,24529.25,24568.0,11800.0
2026-02-06T08:45:00Z,24568.75,24606.0,24536.25,24583.5,7839.0
2026-02-06T09:00:00Z,24584.0,24660.0,24562.0,24656.75,12785.0
2026-02-06T09:15:00Z,24656.5,24726.0,24632.5,24722.0,19178.0
2026-02-06T09:30:00Z,24722.25,24783.25,24720.25,24774.25,17528.0
2026-02-06T09:45:00Z,24774.5,24775.5,24735.0,24750.5,10493.0
2026-02-06T10:00:00Z,24750.0,24751.0,24713.5,24735.25,9025.0
2026-02-06T10:15:00Z,24735.0,24753.0,24715.0,24718.75,7585.0
2026-02-06T10:30:00Z,24719.25,24766.25,24711.25,24751.25,7988.0
2026-02-06T10:45:00Z,24751.25,24798.5,24738.75,24795.25,7670.0
2026-02-06T11:00:00Z,24793.5,24830.5,24788.75,24826.75,14192.0
2026-02-06T11:15:00Z,24826.25,24833.25,24803.5,24812.25,7565.0
2026-02-06T11:30:00Z,24811.25,24861.5,24809.25,24844.5,12746.0
2026-02-06T11:45:00Z,24843.75,24873.25,24825.5,24854.75,10582.0
2026-02-06T12:00:00Z,24854.25,24861.0,24800.25,24800.25,13529.0
2026-02-06T12:15:00Z,24800.0,24825.0,24783.75,24794.25,12491.0
2026-02-06T12:30:00Z,24794.5,24823.75,24774.5,24795.0,13593.0
2026-02-06T12:45:00Z,24795.75,24810.0,24761.0,24783.0,11137.0
2026-02-06T13:00:00Z,24782.75,24806.75,24757.5,24801.5,12391.0
2026-02-06T13:15:00Z,24801.75,24848.5,24781.5,24819.75,14886.0
2026-02-06T13:30:00Z,24820.25,24853.25,24778.25,24808.25,19476.0
2026-02-06T13:45:00Z,24808.0,24821.75,24776.5,24798.25,16222.0
2026-02-06T14:00:00Z,24797.5,24817.5,24775.75,24795.25,17830.0
2026-02-06T14:15:00Z,24795.25,24809.25,24748.0,24760.25,21643.0
2026-02-06T14:30:00Z,24760.5,24927.5,24700.5,24926.75,155788.0
2026-02-06T14:45:00Z,24927.25,24984.0,24847.75,24855.0,109509.0
2026-02-06T15:00:00Z,24854.75,24870.5,24758.0,24769.75,128700.0
2026-02-06T15:15:00Z,24769.75,24916.25,24742.0,24904.0,124351.0
2026-02-06T15:30:00Z,24904.25,24947.5,24859.75,24925.0,68282.0
2026-02-06T15:45:00Z,24925.25,24962.25,24820.0,24895.75,84651.0
2026-02-06T16:00:00Z,24895.5,25004.75,24880.25,25002.75,71487.0
2026-02-06T16:15:00Z,25002.75,25036.5,24974.25,25006.25,54854.0
2026-02-06T16:30:00Z,25006.75,25051.75,25003.5,25024.75,52270.0
2026-02-06T16:45:00Z,25025.25,25041.75,24978.75,25000.75,37429.0
2026-02-06T17:00:00Z,25000.75,25056.75,24986.25,25041.75,40114.0
2026-02-06T17:15:00Z,25042.25,25075.0,25025.75,25070.0,32729.0
2026-02-06T17:30:00Z,25070.0,25098.0,25036.5,25071.25,38747.0
2026-02-06T17:45:00Z,25071.5,25109.0,25071.25,25092.25,30153.0
2026-02-06T18:00:00Z,25092.25,25123.75,25091.75,25097.25,29098.0
2026-02-06T18:15:00Z,25097.25,25119.0,25073.75,25089.5,29717.0
2026-02-06T18:30:00Z,25089.75,25107.0,25080.25,25095.5,20896.0
2026-02-06T18:45:00Z,25096.0,25110.5,25081.75,25084.25,16833.0
2026-02-06T19:00:00Z,25084.25,25102.0,25074.5,25075.5,17344.0
2026-02-06T19:15:00Z,25075.5,25107.75,25065.0,25105.0,22716.0
2026-02-06T19:30:00Z,25105.25,25108.75,25074.75,25076.5,18142.0
2026-02-06T19:45:00Z,25076.5,25106.0,25069.25,25069.75,19111.0
2026-02-06T20:00:00Z,25070.5,25104.25,25055.75,25096.5,23008.0
2026-02-06T20:15:00Z,25097.0,25128.0,25096.25,25110.75,24707.0
2026-02-06T20:30:00Z,25109.75,25150.5,25099.25,25149.25,27647.0
2026-02-06T20:45:00Z,25150.0,25221.5,25143.25,25148.0,69606.0
2026-02-06T21:00:00Z,25147.5,25164.5,25122.5,25128.0,25223.0
2026-02-06T21:15:00Z,25128.5,25135.0,25108.5,25111.0,8015.0
2026-02-06T21:30:00Z,25111.0,25114.25,25097.5,25110.0,6403.0
2026-02-06T21:45:00Z,25109.75,25163.25,25089.25,25163.25,5918.0
2026-02-08T23:00:00Z,25241.75,25250.0,25232.25,25245.5,2405.0
2026-02-08T23:15:00Z,25245.5,25265.5,25234.0,25235.0,9783.0
2026-02-08T23:30:00Z,25235.25,25280.0,25223.5,25274.0,11028.0
2026-02-08T23:45:00Z,25274.5,25295.0,25262.25,25275.75,10911.0
2026-02-09T00:00:00Z,25275.25,25335.0,25269.25,25330.0,16753.0
2026-02-09T00:15:00Z,25330.0,25347.0,25293.25,25294.75,10676.0
2026-02-09T00:30:00Z,25294.5,25329.75,25288.75,25294.75,7659.0
2026-02-09T00:45:00Z,25294.5,25299.5,25257.5,25263.5,8692.0
2026-02-09T01:00:00Z,25263.5,25265.75,25237.0,25244.25,11701.0
2026-02-09T01:15:00Z,25244.75,25261.25,25234.5,25237.25,8276.0
2026-02-09T01:30:00Z,25236.5,25263.25,25220.0,25229.5,8806.0
2026-02-09T01:45:00Z,25229.75,25235.0,25196.25,25217.75,10965.0
2026-02-09T02:00:00Z,25217.5,25252.5,25207.5,25227.25,8970.0
2026-02-09T02:15:00Z,25227.0,25242.25,25213.0,25225.25,5356.0
2026-02-09T02:30:00Z,25226.0,25266.0,25225.5,25258.25,6632.0
2026-02-09T02:45:00Z,25258.0,25262.25,25221.0,25228.25,5756.0
2026-02-09T03:00:00Z,25228.25,25242.25,25217.5,25226.25,3860.0
2026-02-09T03:15:00Z,25225.5,25236.5,25214.5,25215.25,3920.0
2026-02-09T03:30:00Z,25215.0,25228.25,25191.25,25208.75,7718.0
2026-02-09T03:45:00Z,25209.5,25219.5,25188.0,25189.75,4963.0
2026-02-09T04:00:00Z,25190.0,25223.0,25188.75,25214.75,4986.0
2026-02-09T04:15:00Z,25214.5,25220.25,25205.25,25213.25,3443.0
2026-02-09T04:30:00Z,25213.75,25214.75,25193.25,25199.0,4190.0
2026-02-09T04:45:00Z,25199.0,25204.25,25180.0,25185.25,3736.0
2026-02-09T05:00:00Z,25187.0,25200.75,25176.75,25194.75,4567.0
2026-02-09T05:15:00Z,25195.75,25222.5,25195.5,25209.5,4668.0
2026-02-09T05:30:00Z,25208.75,25229.0,25196.0,25198.0,5730.0
2026-02-09T05:45:00Z,25198.75,25220.0,25190.25,25215.5,3410.0
2026-02-09T06:00:00Z,25216.0,25222.0,25163.5,25195.0,13223.0
2026-02-09T06:15:00Z,25194.0,25194.5,25158.75,25166.75,7199.0
2026-02-09T06:30:00Z,25167.5,25201.0,25164.5,25183.25,5549.0
2026-02-09T06:45:00Z,25182.0,25198.75,25156.75,25167.0,6584.0
2026-02-09T07:00:00Z,25167.25,25181.75,25152.75,25156.75,6141.0
2026-02-09T07:15:00Z,25157.5,25172.25,25131.75,25139.75,7990.0
2026-02-09T07:30:00Z,25139.5,25152.0,25120.5,25144.75,6903.0
2026-02-09T07:45:00Z,25144.75,25174.75,25144.25,25159.25,5669.0
2026-02-09T08:00:00Z,25159.25,25214.75,25154.25,25200.5,12982.0
2026-02-09T08:15:00Z,25201.0,25211.0,25175.25,25181.25,7614.0
2026-02-09T08:30:00Z,25181.0,25189.75,25147.5,25172.25,9536.0
2026-02-09T08:45:00Z,25171.25,25186.0,25159.75,25161.25,4974.0
2026-02-09T09:00:00Z,25160.0,25185.5,25157.25,25159.5,6783.0
2026-02-09T09:15:00Z,25159.0,25170.75,25143.75,25156.5,6343.0
2026-02-09T09:30:00Z,25156.0,25162.75,25114.0,25131.5,8123.0
2026-02-09T09:45:00Z,25131.0,25138.5,25074.0,25087.75,11184.0
2026-02-09T10:00:00Z,25088.0,25094.5,25049.5,25067.25,10606.0
2026-02-09T10:15:00Z,25067.0,25067.0,25034.5,25038.75,9526.0
2026-02-09T10:30:00Z,25039.25,25041.25,24967.75,24986.25,20375.0
2026-02-09T10:45:00Z,24985.5,25055.0,24979.0,25044.0,14563.0
2026-02-09T11:00:00Z,25045.25,25058.75,25020.5,25034.75,9029.0
2026-02-09T11:15:00Z,25035.0,25070.25,25026.5,25065.25,8025.0
2026-02-09T11:30:00Z,25064.75,25072.0,25042.75,25050.0,6950.0
2026-02-09T11:45:00Z,25049.25,25063.25,25033.75,25047.5,7363.0
2026-02-09T12:00:00Z,25049.25,25099.5,25014.5,25096.25,16233.0
2026-02-09T12:15:00Z,25095.5,25097.0,25061.75,25091.5,8139.0
2026-02-09T12:30:00Z,25091.75,25104.75,25073.0,25078.25,8197.0
2026-02-09T12:45:00Z,25078.0,25102.0,25072.5,25101.75,7422.0
2026-02-09T13:00:00Z,25101.25,25152.75,25099.5,25138.0,13971.0
2026-02-09T13:15:00Z,25138.25,25157.25,25114.25,25121.0,11708.0
2026-02-09T13:30:00Z,25121.0,25123.75,25093.75,25106.75,12900.0
2026-02-09T13:45:00Z,25106.5,25115.0,25074.25,25079.0,14891.0
2026-02-09T14:00:00Z,25079.25,25094.25,25054.75,25072.75,19406.0
2026-02-09T14:15:00Z,25073.5,25081.75,25038.0,25057.25,23345.0
2026-02-09T14:30:00Z,25057.75,25152.5,24955.5,25150.25,123622.0
2026-02-09T14:45:00Z,25150.0,25188.5,25092.25,25113.5,112742.0
2026-02-09T15:00:00Z,25112.5,25217.75,25103.25,25214.0,89637.0
2026-02-09T15:15:00Z,25214.25,25254.25,25166.0,25182.5,69681.0
2026-02-09T15:30:00Z,25182.5,25275.5,25181.5,25264.75,56113.0
2026-02-09T15:45:00Z,25265.0,25329.0,25257.0,25312.0,49096.0
2026-02-09T16:00:00Z,25312.25,25335.25,25305.5,25331.5,35052.0
2026-02-09T16:15:00Z,25332.25,25357.75,25313.75,25356.0,31738.0
2026-02-09T16:30:00Z,25355.75,25367.0,25339.75,25365.0,27788.0
2026-02-09T16:45:00Z,25365.0,25405.5,25364.25,25391.0,35966.0
2026-02-09T17:00:00Z,25390.75,25416.75,25382.5,25408.0,25642.0
2026-02-09T17:15:00Z,25407.75,25415.0,25378.5,25384.0,26103.0
2026-02-09T17:30:00Z,25384.25,25401.25,25373.0,25380.0,26461.0
2026-02-09T17:45:00Z,25380.25,25387.0,25349.5,25355.5,25452.0
2026-02-09T18:00:00Z,25355.0,25382.0,25344.0,25373.25,31609.0
2026-02-09T18:15:00Z,25373.5,25381.25,25311.5,25342.75,43686.0
2026-02-09T18:30:00Z,25342.5,25387.5,25330.5,25381.25,29887.0
2026-02-09T18:45:00Z,25381.0,25389.0,25363.0,25369.75,21121.0
2026-02-09T19:00:00Z,25370.0,25398.5,25363.75,25396.0,23635.0
2026-02-09T19:15:00Z,25395.5,25423.75,25392.25,25418.25,23666.0
2026-02-09T19:30:00Z,25418.25,25429.0,25412.75,25415.75,17357.0
2026-02-09T19:45:00Z,25416.0,25420.5,25397.25,25399.0,16391.0
2026-02-09T20:00:00Z,25399.5,25413.75,25393.5,25401.0,17073.0
2026-02-09T20:15:00Z,25400.75,25401.25,25354.5,25364.0,30818.0
2026-02-09T20:30:00Z,25364.25,25378.5,25334.0,25366.25,40894.0
2026-02-09T20:45:00Z,25366.25,25392.5,25337.5,25338.5,46084.0
2026-02-09T21:00:00Z,25338.0,25374.75,25336.0,25371.75,18491.0
2026-02-09T21:15:00Z,25371.75,25374.25,25352.75,25364.75,4729.0
2026-02-09T21:30:00Z,25364.75,25371.75,25361.5,25370.0,3790.0
2026-02-09T21:45:00Z,25370.25,25372.0,25359.0,25361.5,3957.0
2026-02-09T23:00:00Z,25361.25,25396.25,25346.0,25357.0,6363.0
2026-02-09T23:15:00Z,25357.25,25361.25,25340.75,25352.5,6288.0
2026-02-09T23:30:00Z,25351.75,25373.75,25335.75,25364.25,7758.0
2026-02-09T23:45:00Z,25364.75,25365.0,25328.0,25345.0,7760.0
2026-02-10T00:00:00Z,25344.5,25362.75,25315.0,25317.5,8759.0
2026-02-10T00:15:00Z,25318.0,25335.5,25316.25,25327.25,5864.0
2026-02-10T00:30:00Z,25326.75,25335.25,25313.25,25315.75,5282.0
2026-02-10T00:45:00Z,25316.0,25343.25,25312.0,25334.5,6232.0
2026-02-10T01:00:00Z,25335.25,25342.25,25324.5,25332.0,5493.0
2026-02-10T01:15:00Z,25332.5,25340.25,25313.25,25317.25,6725.0
2026-02-10T01:30:00Z,25316.75,25338.0,25300.0,25333.0,11707.0
2026-02-10T01:45:00Z,25333.0,25352.25,25318.5,25334.75,9010.0
2026-02-10T02:00:00Z,25334.5,25336.0,25310.0,25322.0,4546.0
2026-02-10T02:15:00Z,25322.5,25333.0,25308.5,25320.75,4208.0
2026-02-10T02:30:00Z,25320.5,25323.25,25287.0,25304.5,7599.0
2026-02-10T02:45:00Z,25305.0,25315.5,25296.25,25306.0,4278.0
2026-02-10T03:00:00Z,25307.75,25309.0,25282.25,25287.25,4565.0
2026-02-10T03:15:00Z,25286.75,25303.5,25278.5,25291.0,5370.0
2026-02-10T03:30:00Z,25290.5,25313.75,25287.0,25295.25,4591.0
2026-02-10T03:45:00Z,25295.25,25310.25,25291.75,25300.0,2857.0
2026-02-10T04:00:00Z,25299.5,25320.5,25298.75,25313.75,3544.0
2026-02-10T04:15:00Z,25313.75,25323.5,25308.75,25321.25,2637.0
2026-02-10T04:30:00Z,25320.5,25328.0,25314.25,25323.75,2797.0
2026-02-10T04:45:00Z,25324.0,25347.25,25321.75,25343.5,4593.0
2026-02-10T05:00:00Z,25334.25,25337.25,25330.25,25334.0,4065.0
2026-02-10T05:15:00Z,25334.0,25335.0,25312.25,25315.25,3715.0
2026-02-10T05:30:00Z,25314.75,25355.75,25311.75,25337.75,7683.0
2026-02-10T05:45:00Z,25337.25,25358.0,25333.5,25352.5,4270.0
2026-02-10T06:00:00Z,25352.25,25354.0,25325.75,25330.75,4350.0
2026-02-10T06:15:00Z,25330.75,25332.75,25309.75,25319.25,4754.0
2026-02-10T06:30:00Z,25318.75,25327.25,25296.25,25303.0,4883.0
2026-02-10T06:45:00Z,25302.5,25313.75,25291.25,25313.25,4554.0
2026-02-10T07:00:00Z,25314.0,25336.5,25306.75,25323.25,6231.0
2026-02-10T07:15:00Z,25323.25,25339.5,25315.0,25330.5,4169.0
2026-02-10T07:30:00Z,25330.75,25343.75,25326.25,25336.75,3285.0
2026-02-10T07:45:00Z,25336.25,25349.25,25329.0,25349.25,2567.0
2026-02-10T08:00:00Z,25349.25,25366.75,25321.75,25364.0,11102.0
2026-02-10T08:15:00Z,25363.75,25367.5,25334.0,25340.75,7813.0
2026-02-10T08:30:00Z,25340.75,25353.75,25329.75,25331.25,6732.0
2026-02-10T08:45:00Z,25331.75,25348.5,25326.25,25334.5,5027.0
2026-02-10T09:00:00Z,25334.0,25385.0,25334.0,25377.0,8139.0
2026-02-10T09:15:00Z,25377.5,25405.75,25377.5,25396.0,7418.0
2026-02-10T09:30:00Z,25395.25,25399.0,25383.75,25387.0,4404.0
2026-02-10T09:45:00Z,25387.25,25387.75,25353.75,25363.5,6139.0
2026-02-10T10:00:00Z,25363.75,25366.25,25341.75,25364.5,7477.0
2026-02-10T10:15:00Z,25364.0,25367.5,25347.0,25362.75,7770.0
2026-02-10T10:30:00Z,25362.75,25363.0,25343.25,25352.75,6427.0
2026-02-10T10:45:00Z,25351.75,25374.75,25349.0,25355.5,5892.0
2026-02-10T11:00:00Z,25355.5,25356.0,25333.0,25346.5,7173.0
2026-02-10T11:15:00Z,25347.0,25363.75,25346.0,25353.25,4648.0
2026-02-10T11:30:00Z,25352.75,25368.5,25351.0,25360.5,4328.0
2026-02-10T11:45:00Z,25360.5,25373.75,25358.0,25370.0,3681.0
2026-02-10T12:00:00Z,25370.0,25397.0,25369.0,25392.25,7547.0
2026-02-10T12:15:00Z,25392.5,25415.5,25390.0,25414.5,7088.0
2026-02-10T12:30:00Z,25415.0,25421.75,25358.25,25376.0,14605.0
2026-02-10T12:45:00Z,25376.25,25376.5,25337.75,25338.25,15276.0
2026-02-10T13:00:00Z,25339.25,25342.5,25292.5,25320.75,20049.0
2026-02-10T13:15:00Z,25320.75,25342.25,25306.0,25332.0,14274.0
2026-02-10T13:30:00Z,25330.75,25355.75,25301.5,25350.0,21771.0
2026-02-10T13:45:00Z,25350.5,25374.5,25348.0,25372.75,15423.0
2026-02-10T14:00:00Z,25372.5,25386.0,25367.25,25382.75,15345.0
2026-02-10T14:15:00Z,25383.25,25398.0,25375.75,25376.0,18895.0
2026-02-10T14:30:00Z,25376.0,25410.25,25265.25,25309.5,154413.0
2026-02-10T14:45:00Z,25309.75,25407.75,25251.25,25391.75,129711.0
2026-02-10T15:00:00Z,25392.0,25447.0,25356.25,25391.25,106405.0
2026-02-10T15:15:00Z,25391.0,25427.5,25362.25,25400.75,91764.0
2026-02-10T15:30:00Z,25401.25,25438.75,25382.5,25412.5,70622.0
2026-02-10T15:45:00Z,25412.25,25429.25,25347.75,25374.75,73322.0
2026-02-10T16:00:00Z,25375.0,25401.25,25350.75,25376.75,54767.0
2026-02-10T16:15:00Z,25376.5,25395.0,25331.25,25351.0,70449.0
2026-02-10T16:30:00Z,25350.25,25362.0,25324.75,25329.75,56408.0
2026-02-10T16:45:00Z,25329.75,25367.0,25316.75,25327.25,48757.0
2026-02-10T17:00:00Z,25327.25,25370.5,25305.0,25364.5,43570.0
2026-02-10T17:15:00Z,25364.75,25385.75,25356.0,25367.5,34431.0
2026-02-10T17:30:00Z,25367.25,25382.5,25352.75,25376.75,26108.0
2026-02-10T17:45:00Z,25376.75,25397.75,25375.25,25383.75,25535.0
2026-02-10T18:00:00Z,25383.5,25385.25,25342.0,25345.5,32208.0
2026-02-10T18:15:00Z,25345.75,25349.75,25288.5,25292.25,53665.0
2026-02-10T18:30:00Z,25292.0,25308.0,25271.0,25297.5,49938.0
2026-02-10T18:45:00Z,25297.0,25322.75,25275.5,25312.75,40039.0
2026-02-10T19:00:00Z,25312.5,25323.0,25284.5,25301.0,36914.0
2026-02-10T19:15:00Z,25300.5,25305.5,25274.5,25300.0,26612.0
2026-02-10T19:30:00Z,25300.0,25313.25,25274.5,25281.75,25158.0
2026-02-10T19:45:00Z,25282.0,25304.75,25275.75,25294.25,24008.0
2026-02-10T20:00:00Z,25294.25,25297.0,25245.25,25251.25,34208.0
2026-02-10T20:15:00Z,25251.5,25276.0,25243.5,25254.5,32559.0
2026-02-10T20:30:00Z,25253.25,25268.5,25228.75,25248.25,33865.0
2026-02-10T20:45:00Z,25248.25,25265.5,25197.5,25219.0,69252.0
2026-02-10T21:00:00Z,25219.25,25239.75,25208.5,25235.0,19686.0
2026-02-10T21:15:00Z,25235.0,25239.0,25226.0,25231.5,3845.0
2026-02-10T21:30:00Z,25232.5,25245.25,25231.25,25244.5,4212.0
2026-02-10T21:45:00Z,25244.5,25260.0,25241.25,25257.75,4037.0
2026-02-10T23:00:00Z,25254.0,25278.75,25254.0,25278.75,3073.0
2026-02-10T23:15:00Z,25278.75,25287.5,25276.0,25278.5,4865.0
2026-02-10T23:30:00Z,25278.0,25282.5,25268.5,25279.75,4622.0
2026-02-10T23:45:00Z,25279.5,25285.0,25271.25,25273.25,2819.0
2026-02-11T00:00:00Z,25273.25,25286.25,25271.5,25280.0,3372.0
2026-02-11T00:15:00Z,25280.0,25283.5,25265.75,25277.0,4179.0
2026-02-11T00:30:00Z,25277.0,25291.75,25275.75,25289.5,3204.0
2026-02-11T00:45:00Z,25289.5,25296.5,25286.0,25290.0,2187.0
2026-02-11T01:00:00Z,25290.75,25312.75,25290.5,25310.0,5281.0
2026-02-11T01:15:00Z,25309.75,25314.5,25301.25,25305.75,3484.0
2026-02-11T01:30:00Z,25305.25,25317.25,25300.25,25314.0,4351.0
2026-02-11T01:45:00Z,25313.5,25326.25,25313.25,25315.5,4569.0
2026-02-11T02:00:00Z,25316.0,25322.0,25308.0,25318.5,4280.0
2026-02-11T02:15:00Z,25318.25,25330.0,25314.0,25320.0,3996.0
2026-02-11T02:30:00Z,25319.5,25324.75,25306.0,25309.5,3339.0
2026-02-11T02:45:00Z,25310.25,25327.5,25309.75,25322.0,3462.0
2026-02-11T03:00:00Z,25321.5,25325.0,25309.75,25313.75,2987.0
2026-02-11T03:15:00Z,25314.25,25325.5,25303.0,25322.5,4029.0
2026-02-11T03:30:00Z,25322.5,25336.0,25316.75,25332.75,4217.0
2026-02-11T03:45:00Z,25332.5,25345.25,25331.0,25338.0,4375.0
2026-02-11T04:00:00Z,25337.75,25340.25,25321.0,25324.0,3535.0
2026-02-11T04:15:00Z,25324.0,25332.5,25312.0,25313.5,3209.0
2026-02-11T04:30:00Z,25314.0,25317.5,25295.5,25302.5,4633.0
2026-02-11T04:45:00Z,25303.25,25314.25,25302.0,25304.25,2747.0
2026-02-11T05:00:00Z,25316.0,25319.75,25311.75,25314.25,3171.0
2026-02-11T05:15:00Z,25314.25,25325.5,25302.0,25305.0,3541.0
2026-02-11T05:30:00Z,25305.25,25307.0,25284.25,25286.0,5122.0
2026-02-11T05:45:00Z,25285.0,25292.25,25278.75,25286.75,2832.0
2026-02-11T06:00:00Z,25287.25,25316.5,25286.5,25291.25,5325.0
2026-02-11T06:15:00Z,25291.25,25292.5,25273.5,25275.25,4723.0
2026-02-11T06:30:00Z,25275.5,25286.5,25270.0,25278.5,3262.0
2026-02-11T06:45:00Z,25279.25,25279.5,25266.75,25269.25,3483.0
2026-02-11T07:00:00Z,25269.25,25287.0,25252.75,25255.25,5613.0
2026-02-11T07:15:00Z,25255.75,25290.25,25255.0,25284.0,4214.0
2026-02-11T07:30:00Z,25284.25,25284.75,25260.5,25272.75,3818.0
2026-02-11T07:45:00Z,25273.0,25285.5,25263.0,25270.5,3426.0
2026-02-11T08:00:00Z,25270.75,25279.5,25225.0,25227.0,9241.0
2026-02-11T08:15:00Z,25228.0,25247.0,25209.5,25236.0,9674.0
2026-02-11T08:30:00Z,25237.75,25266.5,25237.5,25257.75,6064.0
2026-02-11T08:45:00Z,25257.75,25262.25,25248.25,25250.5,3113.0
2026-02-11T09:00:00Z,25250.25,25279.0,25241.5,25259.5,7097.0
2026-02-11T09:15:00Z,25259.75,25262.75,25236.25,25254.0,5930.0
2026-02-11T09:30:00Z,25254.75,25257.25,25204.25,25213.75,8986.0
2026-02-11T09:45:00Z,25214.0,25230.25,25204.0,25204.75,6325.0
2026-02-11T10:00:00Z,25204.5,25206.75,25147.0,25162.0,19637.0
2026-02-11T10:15:00Z,25162.25,25198.0,25159.5,25190.75,7089.0
2026-02-11T10:30:00Z,25191.5,25195.5,25175.0,25189.25,5697.0
2026-02-11T10:45:00Z,25188.25,25207.5,25166.25,25207.5,7074.0
2026-02-11T11:00:00Z,25207.25,25233.25,25205.5,25216.25,7970.0
2026-02-11T11:15:00Z,25216.5,25248.5,25215.25,25248.25,6054.0
2026-02-11T11:30:00Z,25247.75,25250.5,25213.5,25223.0,7976.0
2026-02-11T11:45:00Z,25222.0,25238.5,25206.25,25209.0,6808.0
2026-02-11T12:00:00Z,25209.25,25276.75,25205.5,25273.5,13951.0
2026-02-11T12:15:00Z,25273.75,25274.5,25250.25,25252.75,5931.0
2026-02-11T12:30:00Z,25252.5,25259.5,25237.75,25247.25,7314.0
2026-02-11T12:45:00Z,25247.25,25248.75,25222.75,25247.25,6641.0
2026-02-11T13:00:00Z,25247.25,25256.0,25236.0,25248.75,5997.0
2026-02-11T13:15:00Z,25249.5,25270.5,25225.5,25247.0,8189.0
2026-02-11T13:30:00Z,25241.5,25367.75,25225.0,25342.25,43215.0
2026-02-11T13:45:00Z,25343.0,25451.5,25343.0,25443.5,42980.0
2026-02-11T14:00:00Z,25443.5,25446.5,25410.0,25420.0,24679.0
2026-02-11T14:15:00Z,25419.5,25441.0,25407.5,25419.0,18720.0
2026-02-11T14:30:00Z,25418.75,25465.5,25339.0,25391.25,147010.0
2026-02-11T14:45:00Z,25391.75,25436.25,25290.0,25305.0,116373.0
2026-02-11T15:00:00Z,25305.0,25342.75,25142.0,25188.25,141782.0
2026-02-11T15:15:00Z,25188.0,25195.0,25058.0,25076.75,138397.0
2026-02-11T15:30:00Z,25076.75,25193.0,25067.75,25181.0,115307.0
2026-02-11T15:45:00Z,25180.5,25271.0,25133.0,25244.75,125493.0
2026-02-11T16:00:00Z,25244.5,25264.0,25182.0,25258.25,89854.0
2026-02-11T16:15:00Z,25258.25,25275.25,25192.75,25193.25,68798.0
2026-02-11T16:30:00Z,25193.0,25256.5,25175.0,25228.75,66124.0
2026-02-11T16:45:00Z,25229.25,25241.75,25178.0,25180.75,49064.0
2026-02-11T17:00:00Z,25180.25,25224.25,25142.0,25212.25,65752.0
2026-02-11T17:15:00Z,25212.5,25297.0,25198.0,25289.5,62710.0
2026-02-11T17:30:00Z,25289.75,25313.0,25262.75,25304.0,43429.0
2026-02-11T17:45:00Z,25304.25,25325.0,25255.5,25264.5,41234.0
2026-02-11T18:00:00Z,25264.25,25277.25,25205.0,25210.75,47383.0
2026-02-11T18:15:00Z,25210.5,25280.0,25200.75,25276.5,49615.0
2026-02-11T18:30:00Z,25276.25,25287.75,25254.25,25270.25,38011.0
2026-02-11T18:45:00Z,25270.75,25312.5,25254.25,25301.5,37484.0
2026-02-11T19:00:00Z,25301.5,25326.5,25257.75,25316.75,41065.0
2026-02-11T19:15:00Z,25316.0,25360.75,25315.75,25348.75,32549.0
2026-02-11T19:30:00Z,25349.0,25356.5,25327.75,25341.75,26827.0
2026-02-11T19:45:00Z,25341.5,25344.5,25281.5,25309.0,41866.0
2026-02-11T20:00:00Z,25308.75,25321.25,25296.75,25307.25,21488.0
2026-02-11T20:15:00Z,25307.25,25322.75,25283.75,25285.0,25657.0
2026-02-11T20:30:00Z,25284.75,25320.0,25272.0,25305.0,31990.0
2026-02-11T20:45:00Z,25304.75,25321.75,25274.0,25278.25,47539.0
2026-02-11T21:00:00Z,25278.5,25308.0,25268.25,25276.5,22687.0
2026-02-11T21:15:00Z,25276.0,25297.75,25273.75,25286.75,6956.0
2026-02-11T21:30:00Z,25287.25,25295.75,25278.5,25279.5,4757.0
2026-02-11T21:45:00Z,25279.75,25292.25,25277.0,25277.75,4613.0
2026-02-11T23:00:00Z,25281.75,25294.5,25250.25,25253.0,4778.0
2026-02-11T23:15:00Z,25252.25,25271.0,25237.25,25238.25,7222.0
2026-02-11T23:30:00Z,25238.25,25242.0,25205.5,25213.5,6320.0
2026-02-11T23:45:00Z,25288.5,25288.5,25226.0,25235.0,10421.0
2026-02-12T00:00:00Z,25234.5,25254.75,25222.25,25231.0,9078.0
2026-02-12T00:15:00Z,25231.25,25239.5,25213.75,25230.0,5763.0
2026-02-12T00:30:00Z,25230.75,25273.25,25230.75,25271.5,7979.0
2026-02-12T00:45:00Z,25271.5,25273.5,25259.5,25265.0,3800.0
2026-02-12T01:00:00Z,25265.5,25278.0,25254.25,25268.25,6355.0
2026-02-12T01:15:00Z,25268.5,25288.5,25242.5,25281.5,7942.0
2026-02-12T01:30:00Z,25280.0,25314.75,25274.0,25301.75,9214.0
2026-02-12T01:45:00Z,25302.25,25310.75,25289.25,25300.0,5983.0
2026-02-12T02:00:00Z,25301.5,25310.25,25287.0,25287.75,5311.0
2026-02-12T02:15:00Z,25287.75,25294.0,25269.0,25281.25,5653.0
2026-02-12T02:30:00Z,25282.75,25287.5,25271.75,25274.75,2933.0
2026-02-12T02:45:00Z,25275.0,25298.75,25269.25,25293.0,4567.0
2026-02-12T03:00:00Z,25293.25,25304.75,25286.75,25298.25,3420.0
2026-02-12T03:15:00Z,25298.0,25307.25,25282.0,25305.5,4526.0
2026-02-12T03:30:00Z,25306.0,25321.0,25303.5,25320.0,4370.0
2026-02-12T03:45:00Z,25320.5,25321.0,25309.0,25310.75,2416.0
2026-02-12T04:00:00Z,25310.25,25314.0,25303.0,25311.75,2816.0
2026-02-12T04:15:00Z,25311.75,25339.5,25309.25,25338.0,6182.0
2026-02-12T04:30:00Z,25338.0,25338.5,25316.25,25318.0,3545.0
2026-02-12T04:45:00Z,25317.75,25331.25,25317.0,25328.5,1991.0
2026-02-12T05:00:00Z,25334.25,25337.0,25331.0,25336.0,2535.0
2026-02-12T05:15:00Z,25337.0,25344.25,25332.25,25333.25,2753.0
2026-02-12T05:30:00Z,25333.0,25344.5,25327.5,25336.25,2887.0
2026-02-12T05:45:00Z,25336.25,25341.5,25329.75,25339.0,2823.0
2026-02-12T06:00:00Z,25339.0,25344.5,25321.0,25336.25,4545.0
2026-02-12T06:15:00Z,25336.25,25344.5,25312.0,25320.5,4804.0
2026-02-12T06:30:00Z,25321.75,25333.25,25294.75,25298.25,6607.0
2026-02-12T06:45:00Z,25298.25,25323.5,25292.5,25320.25,4668.0
2026-02-12T07:00:00Z,25320.75,25338.0,25313.25,25333.0,5075.0
2026-02-12T07:15:00Z,25333.25,25357.25,25328.25,25351.0,4999.0
2026-02-12T07:30:00Z,25350.5,25359.25,25346.0,25350.25,3900.0
2026-02-12T07:45:00Z,25350.75,25355.0,25342.0,25350.25,3098.0
2026-02-12T08:00:00Z,25350.5,25369.5,25339.5,25349.75,9923.0
2026-02-12T08:15:00Z,25350.0,25362.75,25339.5,25345.0,5552.0
2026-02-12T08:30:00Z,25344.75,25351.0,25324.5,25331.25,5762.0
2026-02-12T08:45:00Z,25331.25,25360.5,25327.75,25353.5,4455.0
2026-02-12T09:00:00Z,25353.25,25363.5,25340.5,25357.25,5446.0
2026-02-12T09:15:00Z,25356.5,25364.5,25348.25,25348.25,3570.0
2026-02-12T09:30:00Z,25349.0,25360.75,25341.0,25343.5,3525.0
2026-02-12T09:45:00Z,25343.25,25358.75,25329.5,25355.0,4748.0
2026-02-12T10:00:00Z,25355.0,25374.0,25340.75,25343.25,6655.0
2026-02-12T10:15:00Z,25342.75,25349.75,25334.5,25337.75,3375.0
2026-02-12T10:30:00Z,25348.5,25351.75,25342.0,25342.5,3549.0
2026-02-12T10:45:00Z,25342.75,25350.75,25339.75,25349.5,2386.0
2026-02-12T11:00:00Z,25350.0,25360.5,25338.0,25356.25,5585.0
2026-02-12T11:15:00Z,25356.25,25371.0,25353.0,25366.75,3445.0
2026-02-12T11:30:00Z,25367.0,25370.5,25342.0,25345.0,3774.0
2026-02-12T11:45:00Z,25344.5,25369.75,25344.0,25366.5,4387.0
2026-02-12T12:00:00Z,25366.25,25368.75,25343.0,25354.0,5699.0
2026-02-12T12:15:00Z,25354.25,25367.0,25347.75,25364.5,3911.0
2026-02-12T12:30:00Z,25364.5,25384.0,25363.25,25364.5,8427.0
2026-02-12T12:45:00Z,25364.25,25374.0,25351.5,25357.0,6913.0
2026-02-12T13:00:00Z,25356.75,25358.5,25328.0,25329.0,9493.0
2026-02-12T13:15:00Z,25328.5,25344.0,25320.0,25343.5,9106.0
2026-02-12T13:30:00Z,25342.25,25420.0,25332.5,25411.5,24889.0
2026-02-12T13:45:00Z,25411.75,25413.75,25381.0,25395.5,18225.0
2026-02-12T14:00:00Z,25395.75,25400.25,25365.0,25368.25,16842.0
2026-02-12T14:15:00Z,25368.0,25381.0,25346.0,25347.0,17224.0
2026-02-12T14:30:00Z,25346.75,25393.75,25303.75,25309.25,131067.0
2026-02-12T14:45:00Z,25309.5,25324.25,25186.25,25206.25,142798.0
2026-02-12T15:00:00Z,25208.25,25251.75,25170.0,25233.25,121021.0
2026-02-12T15:15:00Z,25233.0,25260.25,25194.0,25232.25,87814.0
2026-02-12T15:30:00Z,25233.0,25254.25,25081.75,25087.5,108611.0
2026-02-12T15:45:00Z,25086.25,25121.25,25006.5,25010.75,103556.0
2026-02-12T16:00:00Z,25011.25,25032.25,24926.25,24940.0,122550.0
2026-02-12T16:15:00Z,24939.75,24950.75,24811.5,24818.75,136961.0
2026-02-12T16:30:00Z,24819.0,24920.0,24805.5,24876.5,127523.0
2026-02-12T16:45:00Z,24875.5,24902.0,24842.25,24878.75,76149.0
2026-02-12T17:00:00Z,24878.5,24903.75,24832.0,24858.25,72443.0
2026-02-12T17:15:00Z,24858.0,24923.5,24833.75,24871.25,71530.0
2026-02-12T17:30:00Z,24871.25,24940.75,24862.5,24898.75,63360.0
2026-02-12T17:45:00Z,24899.25,24915.5,24824.0,24825.5,56603.0
2026-02-12T18:00:00Z,24825.25,24881.5,24801.0,24854.75,64240.0
2026-02-12T18:15:00Z,24855.0,24862.25,24804.5,24841.75,55570.0
2026-02-12T18:30:00Z,24843.0,24911.25,24824.75,24907.75,51437.0
2026-02-12T18:45:00Z,24907.5,24929.75,24875.5,24905.5,44555.0
2026-02-12T19:00:00Z,24906.5,24923.5,24846.0,24868.5,41553.0
2026-02-12T19:15:00Z,24868.0,24928.25,24866.0,24871.75,46362.0
2026-02-12T19:30:00Z,24871.0,24937.75,24870.5,24915.5,41230.0
2026-02-12T19:45:00Z,24915.5,24944.0,24884.25,24898.5,46001.0
2026-02-12T20:00:00Z,24898.75,24912.75,24843.0,24871.5,39029.0
2026-02-12T20:15:00Z,24871.5,24873.75,24796.75,24804.75,44228.0
2026-02-12T20:30:00Z,24804.75,24834.75,24783.5,24804.25,49158.0
2026-02-12T20:45:00Z,24803.5,24808.5,24721.5,24762.75,80325.0
2026-02-12T21:00:00Z,24764.25,24807.25,24744.0,24804.0,30604.0
2026-02-12T21:15:00Z,24804.5,24823.25,24797.0,24823.25,9275.0
2026-02-12T21:30:00Z,24822.75,24834.0,24819.0,24823.5,8440.0
2026-02-12T21:45:00Z,24824.0,24839.0,24817.75,24822.0,6157.0
2026-02-12T22:00:00Z,24822.0,24822.0,24822.0,24822.0,1.0
2026-02-12T23:00:00Z,24838.75,24849.25,24800.0,24835.25,7206.0
2026-02-12T23:15:00Z,24835.5,24855.5,24821.5,24840.75,7535.0
2026-02-12T23:30:00Z,24841.5,24849.25,24744.5,24787.75,16695.0
2026-02-12T23:45:00Z,24786.5,24835.0,24777.0,24823.25,9378.0
2026-02-13T00:00:00Z,24823.0,24864.5,24801.75,24844.75,13855.0
2026-02-13T00:15:00Z,24844.0,24847.0,24765.5,24781.25,14785.0
2026-02-13T00:30:00Z,24781.25,24796.25,24741.75,24743.5,12403.0
2026-02-13T00:45:00Z,24743.5,24755.0,24708.5,24731.0,17816.0
2026-02-13T01:00:00Z,24731.75,24815.0,24730.0,24806.0,15894.0
2026-02-13T01:15:00Z,24806.0,24820.25,24770.25,24798.0,13815.0
2026-02-13T01:30:00Z,24797.25,24812.5,24780.75,24794.5,9116.0
2026-02-13T01:45:00Z,24795.0,24822.5,24764.75,24787.0,10863.0
2026-02-13T02:00:00Z,24786.5,24825.75,24785.75,24819.25,8624.0
2026-02-13T02:15:00Z,24818.5,24820.0,24793.5,24812.75,7026.0
2026-02-13T02:30:00Z,24812.5,24832.25,24804.0,24806.5,6700.0
2026-02-13T02:45:00Z,24806.5,24810.5,24794.75,24802.5,4231.0
2026-02-13T03:00:00Z,24803.5,24820.5,24797.0,24802.5,4071.0
2026-02-13T03:15:00Z,24802.75,24808.25,24770.0,24776.25,6857.0
2026-02-13T03:30:00Z,24776.0,24796.5,24774.25,24783.0,4574.0
2026-02-13T03:45:00Z,24783.25,24787.25,24744.75,24749.75,6642.0
2026-02-13T04:00:00Z,24750.25,24770.0,24743.75,24769.5,4411.0
2026-02-13T04:15:00Z,24769.25,24803.25,24768.75,24783.75,6452.0
2026-02-13T04:30:00Z,24783.75,24788.25,24758.0,24761.0,4862.0
2026-02-13T04:45:00Z,24761.5,24768.25,24753.0,24762.0,3531.0
2026-02-13T05:00:00Z,24759.0,24768.0,24749.75,24750.25,4430.0
2026-02-13T05:15:00Z,24751.5,24753.5,24705.25,24707.25,9324.0
2026-02-13T05:30:00Z,24707.5,24729.25,24690.75,24712.5,10890.0
2026-02-13T05:45:00Z,24712.25,24736.75,24697.25,24711.75,7993.0
2026-02-13T06:00:00Z,24711.75,24731.5,24704.75,24718.75,6545.0
2026-02-13T06:15:00Z,24719.5,24732.0,24677.25,24686.25,9247.0
2026-02-13T06:30:00Z,24686.25,24688.75,24642.75,24665.25,12257.0
2026-02-13T06:45:00Z,24665.5,24723.25,24656.0,24713.75,8005.0
2026-02-13T07:00:00Z,24713.25,24744.75,24711.25,24736.0,10454.0
2026-02-13T07:15:00Z,24736.0,24763.0,24734.75,24738.75,7400.0
2026-02-13T07:30:00Z,24739.0,24747.0,24719.25,24727.0,6369.0
2026-02-13T07:45:00Z,24727.0,24750.25,24714.25,24746.75,5618.0
2026-02-13T08:00:00Z,24747.75,24775.75,24722.0,24731.25,13884.0
2026-02-13T08:15:00Z,24731.5,24748.0,24674.5,24744.5,16156.0
2026-02-13T08:30:00Z,24743.5,24760.5,24715.75,24748.25,9983.0
2026-02-13T08:45:00Z,24748.5,24784.0,24748.25,24775.25,9335.0
2026-02-13T09:00:00Z,24775.75,24779.75,24731.0,24756.75,10060.0
2026-02-13T09:15:00Z,24756.0,24807.0,24753.75,24794.25,8386.0
2026-02-13T09:30:00Z,24794.75,24805.5,24784.5,24789.0,7151.0
2026-02-13T09:45:00Z,24789.75,24808.75,24765.75,24774.5,7305.0
2026-02-13T10:00:00Z,24773.25,24790.5,24759.5,24785.75,6523.0
2026-02-13T10:15:00Z,24786.25,24799.5,24775.75,24788.0,4348.0
2026-02-13T10:30:00Z,24788.5,24793.25,24752.75,24758.75,6426.0
2026-02-13T10:45:00Z,24758.75,24768.75,24727.25,24729.25,8173.0
2026-02-13T11:00:00Z,24729.75,24738.75,24670.25,24672.25,12177.0
2026-02-13T11:15:00Z,24672.0,24696.5,24650.75,24663.75,14641.0
2026-02-13T11:30:00Z,24663.25,24700.75,24624.25,24674.0,16859.0
2026-02-13T11:45:00Z,24673.0,24723.25,24659.25,24720.75,9783.0
2026-02-13T12:00:00Z,24720.5,24745.5,24676.5,24684.5,13673.0
2026-02-13T12:15:00Z,24684.25,24725.0,24670.75,24706.5,11346.0
2026-02-13T12:30:00Z,24707.25,24730.75,24703.25,24722.5,7977.0
2026-02-13T12:45:00Z,24723.0,24735.5,24666.5,24695.5,15493.0
2026-02-13T13:00:00Z,24695.75,24719.5,24625.25,24631.25,17251.0
2026-02-13T13:15:00Z,24631.0,24717.0,24620.0,24697.0,18855.0
2026-02-13T13:30:00Z,24703.25,24824.5,24697.5,24774.75,53930.0
2026-02-13T13:45:00Z,24774.75,24812.0,24730.0,24781.25,39537.0
2026-02-13T14:00:00Z,24781.0,24820.5,24718.0,24743.0,39382.0
2026-02-13T14:15:00Z,24742.75,24756.25,24716.0,24742.25,25113.0
2026-02-13T14:30:00Z,24742.75,24800.0,24578.75,24715.0,172863.0
2026-02-13T14:45:00Z,24715.25,24849.75,24680.0,24698.5,154263.0
2026-02-13T15:00:00Z,24699.0,24833.25,24691.75,24759.5,107264.0
2026-02-13T15:15:00Z,24759.75,24870.75,24717.75,24849.0,100727.0
2026-02-13T15:30:00Z,24848.5,24929.25,24767.75,24774.5,109030.0
2026-02-13T15:45:00Z,24774.25,24845.75,24720.25,24811.0,100140.0
2026-02-13T16:00:00Z,24810.75,24888.5,24800.0,24840.0,82592.0
2026-02-13T16:15:00Z,24840.0,24869.25,24762.75,24851.5,73272.0
2026-02-13T16:30:00Z,24850.0,24892.75,24810.5,24889.5,59176.0
2026-02-13T16:45:00Z,24888.75,24934.75,24866.5,24894.5,55316.0
2026-02-13T17:00:00Z,24894.25,24959.5,24883.25,24952.25,43716.0
2026-02-13T17:15:00Z,24952.0,24969.75,24907.25,24949.75,49213.0
2026-02-13T17:30:00Z,24950.5,24994.0,24942.75,24965.5,37665.0
2026-02-13T17:45:00Z,24965.5,24982.75,24932.0,24938.25,41909.0
2026-02-13T18:00:00Z,24939.0,24962.5,24900.5,24943.5,49062.0
2026-02-13T18:15:00Z,24942.75,24991.25,24932.0,24955.0,45468.0
2026-02-13T18:30:00Z,24955.0,24995.5,24940.0,24948.25,36698.0
2026-02-13T18:45:00Z,24948.75,24985.5,24923.0,24939.75,39912.0
2026-02-13T19:00:00Z,24940.0,24965.75,24920.5,24947.0,38163.0
2026-02-13T19:15:00Z,24947.25,24968.75,24912.25,24924.5,35081.0
2026-02-13T19:30:00Z,24924.25,24949.25,24888.0,24907.25,42494.0
2026-02-13T19:45:00Z,24907.5,24935.5,24848.0,24852.75,44220.0
2026-02-13T20:00:00Z,24853.25,24890.75,24822.75,24824.25,43495.0
2026-02-13T20:15:00Z,24824.0,24853.25,24754.25,24765.25,58216.0
2026-02-13T20:30:00Z,24765.25,24786.5,24731.5,24749.75,71846.0
2026-02-13T20:45:00Z,24749.75,24812.0,24745.0,24803.5,70173.0
2026-02-13T21:00:00Z,24802.5,24828.25,24776.25,24799.5,22284.0
2026-02-13T21:15:00Z,24799.0,24804.25,24775.75,24781.25,7460.0
2026-02-13T21:30:00Z,24782.0,24795.5,24780.0,24782.5,4126.0
2026-02-13T21:45:00Z,24782.75,24791.5,24770.75,24772.75,4419.0
2026-02-15T23:15:00Z,24803.25,24803.25,24803.25,24803.25,0.0
2026-02-15T23:30:00Z,24818.5,24831.0,24797.25,24817.5,7315.0
2026-02-15T23:45:00Z,24817.5,24839.5,24793.0,24836.25,8414.0
2026-02-16T00:00:00Z,24836.25,24848.0,24809.25,24840.5,12179.0
2026-02-16T00:15:00Z,24841.25,24847.0,24826.25,24839.5,5059.0
2026-02-16T00:30:00Z,24839.5,24849.0,24831.75,24832.75,3712.0
2026-02-16T00:45:00Z,24833.5,24848.0,24827.5,24834.75,4196.0
2026-02-16T01:00:00Z,24834.5,24847.25,24821.75,24832.25,5005.0
2026-02-16T01:15:00Z,24832.25,24842.75,24831.0,24834.25,2783.0
2026-02-16T01:30:00Z,24834.5,24843.0,24827.0,24837.5,2999.0
2026-02-16T01:45:00Z,24837.75,24868.75,24832.75,24860.25,6202.0
2026-02-16T02:00:00Z,24860.5,24872.5,24838.75,24845.25,6160.0
2026-02-16T02:15:00Z,24846.5,24853.75,24836.75,24844.25,4309.0
2026-02-16T02:30:00Z,24843.25,24850.25,24838.25,24842.25,2531.0
2026-02-16T02:45:00Z,24842.25,24844.75,24827.0,24831.25,3416.0
2026-02-16T03:00:00Z,24831.25,24835.5,24823.75,24830.75,2722.0
2026-02-16T03:15:00Z,24830.0,24836.5,24814.75,24816.75,4106.0
2026-02-16T03:30:00Z,24816.75,24820.0,24808.25,24814.0,4168.0
2026-02-16T03:45:00Z,24814.75,24825.0,24810.75,24824.0,2853.0
2026-02-16T04:00:00Z,24823.5,24839.0,24822.0,24829.0,5040.0
2026-02-16T04:15:00Z,24828.75,24839.5,24818.5,24836.75,3506.0
2026-02-16T04:30:00Z,24837.25,24840.5,24822.75,24825.25,2816.0
2026-02-16T04:45:00Z,24825.25,24834.5,24820.5,24826.5,1845.0
2026-02-17T05:00:00Z,24622.75,24626.0,24599.0,24600.5,4643.0
2026-02-17T05:15:00Z,24600.0,24604.5,24567.5,24598.0,10037.0
2026-02-17T05:30:00Z,24598.5,24603.25,24558.0,24598.0,10744.0
2026-02-17T05:45:00Z,24598.0,24612.0,24573.75,24582.0,8877.0
2026-02-17T06:00:00Z,24581.75,24634.0,24581.5,24620.0,8870.0
2026-02-17T06:15:00Z,24620.0,24626.0,24606.0,24610.0,3992.0
2026-02-17T06:30:00Z,24610.25,24638.5,24601.0,24628.75,6490.0
2026-02-17T06:45:00Z,24628.5,24640.75,24620.25,24629.25,4276.0
2026-02-17T07:00:00Z,24629.25,24631.0,24596.25,24599.25,6690.0
2026-02-17T07:15:00Z,24600.0,24616.25,24584.75,24593.5,7117.0
2026-02-17T07:30:00Z,24592.75,24635.0,24584.0,24627.75,8143.0
2026-02-17T07:45:00Z,24627.5,24664.0,24622.25,24660.0,9435.0
2026-02-17T08:00:00Z,24660.25,24727.0,24652.5,24704.75,16437.0
2026-02-17T08:15:00Z,24704.5,24706.5,24674.75,24686.25,9393.0
2026-02-17T08:30:00Z,24686.5,24690.5,24637.0,24643.0,9732.0
2026-02-17T08:45:00Z,24643.25,24654.75,24624.0,24639.75,8783.0
2026-02-17T09:00:00Z,24640.5,24679.75,24636.0,24644.0,11320.0
2026-02-17T09:15:00Z,24644.5,24672.75,24637.5,24671.25,6043.0
2026-02-17T09:30:00Z,24671.75,24693.75,24667.5,24683.5,6533.0
2026-02-17T09:45:00Z,24684.0,24696.0,24671.5,24685.75,4706.0
2026-02-17T10:00:00Z,24686.5,24697.5,24657.25,24662.5,4863.0
2026-02-17T10:15:00Z,24663.5,24668.75,24647.0,24662.0,4334.0
2026-02-17T10:30:00Z,24661.25,24661.5,24602.0,24607.0,8883.0
2026-02-17T10:45:00Z,24607.25,24625.0,24590.5,24606.5,7835.0
2026-02-17T11:00:00Z,24605.5,24623.75,24586.0,24599.75,7922.0
2026-02-17T11:15:00Z,24599.75,24619.0,24572.0,24618.75,10534.0
2026-02-17T11:30:00Z,24618.5,24629.75,24600.0,24612.5,7804.0
2026-02-17T11:45:00Z,24611.75,24637.0,24606.25,24623.0,5731.0
2026-02-17T12:00:00Z,24623.25,24667.5,24609.0,24651.25,10182.0
2026-02-17T12:15:00Z,24651.75,24660.25,24617.0,24619.25,9250.0
2026-02-17T12:30:00Z,24620.0,24622.0,24596.25,24607.5,9717.0
2026-02-17T12:45:00Z,24607.75,24610.25,24576.75,24584.75,11595.0
2026-02-17T13:00:00Z,24584.25,24591.5,24518.0,24548.25,23003.0
2026-02-17T13:15:00Z,24548.5,24623.0,24533.0,24605.75,22201.0
2026-02-17T13:30:00Z,24609.25,24612.0,24577.0,24601.0,12469.0
2026-02-17T13:45:00Z,24601.5,24703.75,24578.0,24612.5,48332.0
2026-02-17T14:00:00Z,24612.75,24671.0,24611.5,24650.75,26853.0
2026-02-17T14:15:00Z,24650.75,24669.75,24632.75,24658.5,19894.0
2026-02-17T14:30:00Z,24658.75,24815.5,24606.75,24700.75,145656.0
2026-02-17T14:45:00Z,24701.25,24711.5,24475.75,24484.75,149066.0
2026-02-17T15:00:00Z,24484.25,24571.75,24461.25,24498.75,114756.0
2026-02-17T15:15:00Z,24499.25,24641.25,24496.0,24527.25,115870.0
2026-02-17T15:30:00Z,24526.0,24543.0,24449.25,24511.25,92298.0
2026-02-17T15:45:00Z,24512.0,24603.75,24503.75,24600.0,89296.0
2026-02-17T16:00:00Z,24599.5,24787.0,24592.75,24773.75,92474.0
2026-02-17T16:15:00Z,24773.5,24796.5,24722.25,24727.5,70589.0
2026-02-17T16:30:00Z,24727.5,24779.5,24693.0,24735.0,68189.0
2026-02-17T16:45:00Z,24735.0,24787.75,24721.25,24759.5,48721.0
2026-02-17T17:00:00Z,24759.5,24765.5,24685.5,24702.5,44012.0
2026-02-17T17:15:00Z,24702.0,24756.25,24669.0,24755.5,48408.0
2026-02-17T17:30:00Z,24756.25,24760.0,24647.0,24648.75,51060.0
2026-02-17T17:45:00Z,24648.75,24706.0,24608.5,24697.5,64601.0
2026-02-17T18:00:00Z,24697.75,24704.25,24649.0,24674.0,46735.0
2026-02-17T18:15:00Z,24673.75,24785.25,24651.75,24767.75,56023.0
2026-02-17T18:30:00Z,24768.25,24853.75,24750.5,24826.25,55687.0
2026-02-17T18:45:00Z,24826.0,24872.75,24812.75,24845.25,43272.0
2026-02-17T19:00:00Z,24845.5,24863.5,24826.75,24851.75,36043.0
2026-02-17T19:15:00Z,24851.25,24867.5,24831.75,24835.75,31769.0
2026-02-17T19:30:00Z,24836.0,24889.5,24828.75,24872.75,33767.0
2026-02-17T19:45:00Z,24872.25,24876.0,24807.25,24814.75,35178.0
2026-02-17T20:00:00Z,24814.75,24842.0,24794.75,24812.5,36046.0
2026-02-17T20:15:00Z,24812.0,24818.5,24765.5,24773.0,41245.0
2026-02-17T20:30:00Z,24773.5,24796.0,24735.75,24782.0,44223.0
2026-02-17T20:45:00Z,24782.25,24788.25,24739.25,24776.75,46434.0
2026-02-17T21:00:00Z,24779.0,24796.25,24764.75,24777.25,19573.0
2026-02-17T21:15:00Z,24777.75,24818.5,24777.25,24788.5,16028.0
2026-02-17T21:30:00Z,24788.25,24789.0,24755.0,24766.75,8822.0
2026-02-17T21:45:00Z,24767.0,24775.0,24757.5,24770.25,4495.0
2026-02-17T23:00:00Z,24786.0,24786.0,24728.5,24736.75,5158.0
2026-02-17T23:15:00Z,24737.25,24761.25,24722.75,24742.75,7012.0
2026-02-17T23:30:00Z,24743.25,24756.25,24711.5,24724.25,9575.0
2026-02-17T23:45:00Z,24725.0,24730.75,24702.0,24710.75,7085.0
2026-02-18T00:00:00Z,24711.0,24750.0,24707.75,24747.25,9009.0
2026-02-18T00:15:00Z,24745.75,24755.0,24711.5,24738.25,7661.0
2026-02-18T00:30:00Z,24738.25,24753.25,24729.5,24734.75,7204.0
2026-02-18T00:45:00Z,24735.75,24738.75,24714.5,24726.75,7233.0
2026-02-18T01:00:00Z,24725.75,24732.0,24709.25,24718.5,6303.0
2026-02-18T01:15:00Z,24718.0,24741.5,24712.75,24718.0,4766.0
2026-02-18T01:30:00Z,24718.25,24732.0,24710.0,24730.25,3971.0
2026-02-18T01:45:00Z,24730.25,24746.25,24716.75,24744.5,4097.0
2026-02-18T02:00:00Z,24744.5,24762.5,24743.0,24756.5,5629.0
2026-02-18T02:15:00Z,24756.5,24760.5,24735.0,24748.5,4102.0
2026-02-18T02:30:00Z,24749.0,24769.5,24748.5,24764.0,3849.0
2026-02-18T02:45:00Z,24764.25,24771.5,24754.0,24758.0,3374.0
2026-02-18T03:00:00Z,24758.75,24770.25,24743.5,24746.75,4031.0
2026-02-18T03:15:00Z,24747.25,24750.0,24736.25,24747.25,3727.0
2026-02-18T03:30:00Z,24747.75,24769.5,24745.0,24765.5,3812.0
2026-02-18T03:45:00Z,24765.5,24799.0,24764.75,24793.0,5638.0
2026-02-18T04:00:00Z,24793.25,24814.25,24783.75,24804.0,6009.0
2026-02-18T04:15:00Z,24803.5,24818.5,24795.5,24813.0,3299.0
2026-02-18T04:30:00Z,24813.0,24840.5,24811.0,24837.0,4962.0
2026-02-18T04:45:00Z,24837.25,24838.75,24827.25,24837.5,3298.0
2026-02-18T05:00:00Z,24828.25,24834.25,24825.75,24833.75,3036.0
2026-02-18T05:15:00Z,24833.75,24840.0,24828.75,24830.75,2680.0
2026-02-18T05:30:00Z,24830.75,24844.5,24826.5,24830.0,3314.0
2026-02-18T05:45:00Z,24830.0,24833.5,24820.0,24824.75,3318.0
2026-02-18T06:00:00Z,24825.25,24830.0,24809.0,24816.75,4298.0
2026-02-18T06:15:00Z,24817.0,24830.75,24813.5,24825.25,3702.0
2026-02-18T06:30:00Z,24825.25,24841.25,24812.0,24840.0,3970.0
2026-02-18T06:45:00Z,24839.0,24848.25,24823.0,24824.0,3381.0
2026-02-18T07:00:00Z,24823.5,24828.75,24806.25,24811.75,4244.0
2026-02-18T07:15:00Z,24811.5,24823.75,24802.0,24822.5,3561.0
2026-02-18T07:30:00Z,24823.0,24839.75,24819.25,24839.5,3466.0
2026-02-18T07:45:00Z,24839.25,24842.0,24826.25,24833.5,2480.0
2026-02-18T08:00:00Z,24833.75,24879.5,24832.75,24866.0,11992.0
2026-02-18T08:15:00Z,24865.25,24915.5,24865.0,24896.75,13271.0
2026-02-18T08:30:00Z,24895.25,24916.5,24889.75,24896.75,6957.0
2026-02-18T08:45:00Z,24897.25,24910.0,24889.75,24903.5,5319.0
2026-02-18T09:00:00Z,24903.25,24926.25,24899.5,24915.0,8748.0
2026-02-18T09:15:00Z,24914.5,24925.5,24902.25,24919.25,5539.0
2026-02-18T09:30:00Z,24919.25,24942.0,24916.75,24936.5,6368.0
2026-02-18T09:45:00Z,24936.5,24938.0,24905.75,24909.25,6883.0
2026-02-18T10:00:00Z,24909.25,24938.0,24907.75,24931.25,6083.0
2026-02-18T10:15:00Z,24930.75,24937.75,24924.5,24932.25,2874.0
2026-02-18T10:30:00Z,24933.0,24940.0,24917.0,24925.75,4728.0
2026-02-18T10:45:00Z,24925.5,24932.5,24913.5,24922.0,4339.0
2026-02-18T11:00:00Z,24921.75,24928.5,24896.5,24903.75,5459.0
2026-02-18T11:15:00Z,24902.75,24926.25,24901.25,24907.5,5125.0
2026-02-18T11:30:00Z,24908.0,24916.75,24889.0,24894.75,6556.0
2026-02-18T11:45:00Z,24894.75,24906.0,24890.0,24895.0,4094.0
2026-02-18T12:00:00Z,24895.0,24960.0,24893.75,24957.5,18701.0
2026-02-18T12:15:00Z,24958.0,24962.25,24899.5,24901.25,11757.0
2026-02-18T12:30:00Z,24901.5,24903.5,24844.0,24885.0,20357.0
2026-02-18T12:45:00Z,24884.75,24897.75,24865.5,24889.75,10464.0
2026-02-18T13:00:00Z,24890.25,24900.0,24868.0,24890.75,9574.0
2026-02-18T13:15:00Z,24889.5,24902.0,24867.0,24894.75,9870.0
2026-02-18T13:30:00Z,24895.75,24921.75,24835.0,24848.5,22433.0
2026-02-18T13:45:00Z,24849.0,24854.0,24817.0,24828.0,20280.0
2026-02-18T14:00:00Z,24828.25,24842.25,24809.0,24831.75,18039.0
2026-02-18T14:15:00Z,24831.25,24848.5,24807.5,24808.75,18974.0
2026-02-18T14:30:00Z,24808.75,24868.75,24752.0,24850.25,150584.0
2026-02-18T14:45:00Z,24851.0,24958.75,24792.5,24940.5,124000.0
2026-02-18T15:00:00Z,24941.0,25049.0,24937.0,25042.75,100834.0
2026-02-18T15:15:00Z,25043.0,25074.75,25035.75,25057.5,66022.0
2026-02-18T15:30:00Z,25057.25,25081.75,25021.25,25065.25,59348.0
2026-02-18T15:45:00Z,25064.75,25099.5,25051.5,25086.25,50889.0
2026-02-18T16:00:00Z,25086.5,25116.0,25081.75,25098.75,42858.0
2026-02-18T16:15:00Z,25098.75,25110.0,25077.0,25093.5,36558.0
2026-02-18T16:30:00Z,25094.0,25118.75,25086.25,25104.25,31799.0
2026-02-18T16:45:00Z,25104.25,25110.75,25057.75,25061.25,39885.0
2026-02-18T17:00:00Z,25061.75,25128.5,25058.0,25083.25,52083.0
2026-02-18T17:15:00Z,25083.0,25114.0,25079.5,25090.0,26031.0
2026-02-18T17:30:00Z,25089.5,25102.75,25069.75,25079.25,24289.0
2026-02-18T17:45:00Z,25079.5,25114.5,25075.25,25097.75,23097.0
2026-02-18T18:00:00Z,25097.5,25127.5,25079.5,25083.75,26732.0
2026-02-18T18:15:00Z,25083.75,25092.75,25051.0,25063.25,32960.0
2026-02-18T18:30:00Z,25063.5,25076.25,25009.75,25029.25,45583.0
2026-02-18T18:45:00Z,25029.25,25049.75,24982.0,25027.25,47991.0
2026-02-18T19:00:00Z,25027.75,25036.75,25005.25,25008.5,32625.0
2026-02-18T19:15:00Z,25009.0,25023.25,24985.5,24992.0,38715.0
2026-02-18T19:30:00Z,24991.75,25000.5,24913.25,24925.75,65922.0
2026-02-18T19:45:00Z,24926.0,24951.5,24861.75,24883.0,54430.0
2026-02-18T20:00:00Z,24884.0,24921.25,24865.5,24877.0,47099.0
2026-02-18T20:15:00Z,24877.0,24892.0,24856.0,24876.0,36834.0
2026-02-18T20:30:00Z,24875.75,24951.75,24871.0,24942.0,44013.0
2026-02-18T20:45:00Z,24942.5,24997.75,24936.0,24957.5,56364.0
2026-02-18T21:00:00Z,24957.5,24967.0,24932.0,24944.0,17271.0
2026-02-18T21:15:00Z,24944.0,24944.25,24929.25,24939.0,5720.0
2026-02-18T21:30:00Z,24938.5,24947.5,24937.0,24944.0,3982.0
2026-02-18T21:45:00Z,24944.25,24950.75,24926.25,24937.0,3773.0
2026-02-18T23:00:00Z,24940.25,24994.75,24940.25,24991.25,4624.0
2026-02-18T23:15:00Z,24991.75,24993.75,24966.5,24981.0,6804.0
2026-02-18T23:30:00Z,24981.25,24989.25,24967.5,24971.75,4776.0
2026-02-18T23:45:00Z,24971.25,24986.75,24961.75,24964.25,5543.0
2026-02-19T00:00:00Z,24964.5,24974.0,24943.25,24953.5,7997.0
2026-02-19T00:15:00Z,24954.0,24958.75,24916.25,24925.25,8794.0
2026-02-19T00:30:00Z,24926.25,24951.75,24920.75,24933.75,6358.0
2026-02-19T00:45:00Z,24934.75,24949.0,24931.0,24947.5,5160.0
2026-02-19T01:00:00Z,24946.75,24994.75,24939.25,24990.5,9996.0
2026-02-19T01:15:00Z,24990.25,24994.0,24958.25,24962.75,6869.0
2026-02-19T01:30:00Z,24963.0,24971.25,24937.75,24953.25,7246.0
2026-02-19T01:45:00Z,24952.75,24973.75,24939.25,24973.5,6488.0
2026-02-19T02:00:00Z,24973.0,24978.5,24953.0,24972.25,6118.0
2026-02-19T02:15:00Z,24973.0,24985.5,24969.0,24982.75,3903.0
2026-02-19T02:30:00Z,24982.75,24986.25,24970.75,24981.0,2916.0
2026-02-19T02:45:00Z,24981.0,24988.5,24969.5,24979.75,3412.0
2026-02-19T03:00:00Z,24979.75,24990.5,24974.25,24983.75,3120.0
2026-02-19T03:15:00Z,24983.75,24996.5,24979.75,24995.25,3322.0
2026-02-19T03:30:00Z,24995.0,24999.5,24970.25,24978.5,5205.0
2026-02-19T03:45:00Z,24978.0,24988.0,24966.25,24984.0,4340.0
2026-02-19T04:00:00Z,24984.75,24992.5,24980.75,24988.25,3195.0
2026-02-19T04:15:00Z,24988.0,24994.5,24973.0,24973.0,3019.0
2026-02-19T04:30:00Z,24973.75,24983.0,24968.75,24973.0,2853.0
2026-02-19T04:45:00Z,24973.25,24975.5,24953.5,24957.0,4098.0
2026-02-19T05:00:00Z,24947.5,24957.75,24943.25,24955.5,5150.0
2026-02-19T05:15:00Z,24956.0,24976.0,24954.5,24974.0,4115.0
2026-02-19T05:30:00Z,24973.5,24988.75,24973.25,24982.75,3634.0
2026-02-19T05:45:00Z,24983.25,25004.5,24981.75,24996.5,5070.0
2026-02-19T06:00:00Z,24996.0,25003.75,24987.5,24994.5,4313.0
2026-02-19T06:15:00Z,24995.5,24999.5,24990.0,24998.25,1923.0
2026-02-19T06:30:00Z,24998.25,25015.5,24997.75,25003.25,7339.0
2026-02-19T06:45:00Z,25004.0,25022.25,24996.75,25018.75,3601.0
2026-02-19T07:00:00Z,25019.5,25029.0,25007.5,25025.5,4959.0
2026-02-19T07:15:00Z,25025.25,25045.5,25018.25,25040.75,5141.0
2026-02-19T07:30:00Z,25040.5,25048.0,25023.5,25032.0,4855.0
2026-02-19T07:45:00Z,25032.0,25037.75,25018.0,25019.5,3740.0
2026-02-19T08:00:00Z,25019.75,25042.75,25012.25,25030.75,8815.0
2026-02-19T08:15:00Z,25030.5,25054.25,25029.5,25039.0,6246.0
2026-02-19T08:30:00Z,25039.25,25049.0,25005.0,25009.5,7450.0
2026-02-19T08:45:00Z,25010.0,25010.75,24945.0,24954.75,12844.0
2026-02-19T09:00:00Z,24955.25,24974.25,24941.0,24967.5,10238.0
2026-02-19T09:15:00Z,24966.5,24972.0,24929.25,24934.75,10886.0
2026-02-19T09:30:00Z,24934.75,24948.25,24892.0,24899.5,14053.0
2026-02-19T09:45:00Z,24898.75,24901.0,24850.5,24893.0,14854.0
2026-02-19T10:00:00Z,24892.5,24902.75,24835.75,24838.0,16973.0
2026-02-19T10:15:00Z,24837.75,24868.75,24832.25,24840.25,9350.0
2026-02-19T10:30:00Z,24840.5,24865.0,24825.25,24859.25,11109.0
2026-02-19T10:45:00Z,24859.25,24870.75,24838.0,24854.5,8751.0
2026-02-19T11:00:00Z,24855.0,24878.75,24836.25,24870.75,9159.0
2026-02-19T11:15:00Z,24870.5,24883.5,24857.25,24873.75,6933.0
2026-02-19T11:30:00Z,24873.75,24885.75,24860.75,24868.25,5499.0
2026-02-19T11:45:00Z,24867.25,24881.0,24843.25,24879.0,7442.0
2026-02-19T12:00:00Z,24878.25,24880.5,24814.0,24859.75,16089.0
2026-02-19T12:15:00Z,24860.0,24897.5,24847.25,24880.0,10223.0
2026-02-19T12:30:00Z,24879.75,24896.0,24865.5,24891.0,8629.0
2026-02-19T12:45:00Z,24890.25,24895.0,24866.75,24868.5,6788.0
2026-02-19T13:00:00Z,24869.0,24878.25,24842.75,24849.75,10177.0
2026-02-19T13:15:00Z,24849.5,24855.25,24810.75,24829.0,14338.0
2026-02-19T13:30:00Z,24831.5,24881.0,24796.25,24849.75,25400.0
2026-02-19T13:45:00Z,24849.5,24880.75,24836.25,24854.0,16491.0
2026-02-19T14:00:00Z,24854.0,24866.0,24828.0,24848.75,17030.0
2026-02-19T14:15:00Z,24848.5,24874.0,24830.25,24833.25,21692.0
2026-02-19T14:30:00Z,24834.0,24883.25,24762.5,24846.5,136876.0
2026-02-19T14:45:00Z,24846.25,24920.0,24777.0,24881.75,117897.0
2026-02-19T15:00:00Z,24880.25,24950.5,24842.25,24877.0,114823.0
2026-02-19T15:15:00Z,24877.0,24930.75,24855.5,24858.5,93147.0
2026-02-19T15:30:00Z,24858.75,24944.5,24849.5,24920.0,77278.0
2026-02-19T15:45:00Z,24920.0,24932.5,24862.0,24924.5,67419.0
2026-02-19T16:00:00Z,24924.75,24934.0,24852.0,24907.0,60699.0
2026-02-19T16:15:00Z,24907.0,24961.75,24872.75,24873.5,67609.0
2026-02-19T16:30:00Z,24874.25,24921.0,24837.75,24843.25,60650.0
2026-02-19T16:45:00Z,24842.5,24872.5,24801.75,24843.5,74214.0
2026-02-19T17:00:00Z,24844.5,24853.0,24810.25,24845.75,48395.0
2026-02-19T17:15:00Z,24845.25,24905.0,24827.0,24860.25,52258.0
2026-02-19T17:30:00Z,24860.25,24870.75,24836.0,24841.0,40652.0
2026-02-19T17:45:00Z,24841.0,24844.25,24765.0,24780.75,65559.0
2026-02-19T18:00:00Z,24780.5,24839.25,24766.5,24831.5,43976.0
2026-02-19T18:15:00Z,24831.0,24833.25,24748.0,24788.5,60991.0
2026-02-19T18:30:00Z,24788.5,24804.0,24766.25,24784.5,38710.0
2026-02-19T18:45:00Z,24784.25,24849.0,24782.75,24840.75,40613.0
2026-02-19T19:00:00Z,24841.25,24846.5,24813.5,24824.25,36589.0
2026-02-19T19:15:00Z,24824.0,24850.0,24794.75,24808.5,30297.0
2026-02-19T19:30:00Z,24808.75,24825.5,24755.75,24774.25,43842.0
2026-02-19T19:45:00Z,24773.75,24792.75,24751.5,24782.25,40123.0
2026-02-19T20:00:00Z,24782.0,24821.25,24780.75,24795.25,36985.0
2026-02-19T20:15:00Z,24795.75,24809.75,24777.0,24788.25,30583.0
2026-02-19T20:30:00Z,24787.5,24817.5,24782.75,24808.25,30239.0
2026-02-19T20:45:00Z,24808.5,24865.75,24804.75,24863.0,49245.0
2026-02-19T21:00:00Z,24863.75,24872.0,24851.25,24852.5,20437.0
2026-02-19T21:15:00Z,24852.0,24868.5,24830.5,24848.0,14000.0
2026-02-19T21:30:00Z,24849.0,24849.0,24829.0,24829.25,6807.0
2026-02-19T21:45:00Z,24829.5,24840.5,24828.25,24836.25,4497.0
2026-02-19T23:00:00Z,24844.0,24852.25,24825.25,24844.75,4731.0
2026-02-19T23:15:00Z,24845.25,24867.5,24845.25,24859.25,5016.0
2026-02-19T23:30:00Z,24859.75,24888.75,24857.75,24872.75,5482.0
2026-02-19T23:45:00Z,24872.75,24885.25,24865.0,24878.25,4650.0
2026-02-20T00:00:00Z,24877.25,24893.5,24858.0,24889.5,7778.0
2026-02-20T00:15:00Z,24888.5,24895.75,24858.75,24890.0,9557.0
2026-02-20T00:30:00Z,24890.0,24913.25,24889.25,24897.5,7218.0
2026-02-20T00:45:00Z,24897.5,24908.75,24897.25,24901.5,3570.0
2026-02-20T01:00:00Z,24901.0,24936.0,24897.75,24931.75,7614.0
2026-02-20T01:15:00Z,24931.75,24932.25,24908.0,24921.25,6555.0
2026-02-20T01:30:00Z,24920.5,24926.0,24898.75,24901.5,4986.0
2026-02-20T01:45:00Z,24901.5,24919.25,24891.0,24906.5,6571.0
2026-02-20T02:00:00Z,24907.0,24934.0,24891.5,24893.75,7577.0
2026-02-20T02:15:00Z,24893.75,24902.25,24883.0,24888.5,6187.0
2026-02-20T02:30:00Z,24888.25,24907.25,24887.0,24889.75,5335.0
2026-02-20T02:45:00Z,24889.75,24902.0,24877.0,24896.75,5367.0
2026-02-20T03:00:00Z,24896.5,24908.5,24892.25,24904.25,3893.0
2026-02-20T03:15:00Z,24905.25,24911.25,24899.5,24902.75,2489.0
2026-02-20T03:30:00Z,24903.25,24906.25,24889.0,24890.5,3019.0
2026-02-20T03:45:00Z,24891.0,24903.0,24887.5,24890.0,2898.0
2026-02-20T04:00:00Z,24890.25,24914.25,24885.25,24912.0,4586.0
2026-02-20T04:15:00Z,24912.25,24914.75,24893.25,24902.25,3144.0
2026-02-20T04:30:00Z,24902.75,24903.75,24892.5,24902.75,1868.0
2026-02-20T04:45:00Z,24903.0,24908.75,24894.25,24899.0,1977.0
2026-02-20T05:00:00Z,24908.0,24916.0,24906.5,24907.0,3264.0
2026-02-20T05:15:00Z,24907.25,24927.25,24905.25,24925.5,2833.0
2026-02-20T05:30:00Z,24925.5,24946.5,24925.25,24937.0,6197.0
2026-02-20T05:45:00Z,24936.75,24947.75,24932.5,24943.0,2473.0
2026-02-20T06:00:00Z,24942.75,24960.0,24939.75,24953.25,3659.0
2026-02-20T06:15:00Z,24953.5,24956.25,24943.75,24945.25,2837.0
2026-02-20T06:30:00Z,24944.75,24945.5,24932.0,24936.75,3409.0
2026-02-20T06:45:00Z,24937.25,24944.75,24930.5,24943.25,2862.0
2026-02-20T07:00:00Z,24943.0,24954.75,24937.75,24947.75,3886.0
2026-02-20T07:15:00Z,24948.0,24953.0,24939.0,24941.0,2803.0
2026-02-20T07:30:00Z,24940.5,24946.0,24924.0,24937.75,4497.0
2026-02-20T07:45:00Z,24937.75,24939.75,24908.0,24921.25,4927.0
2026-02-20T08:00:00Z,24922.0,24936.0,24906.0,24911.5,7023.0
2026-02-20T08:15:00Z,24912.25,24930.75,24896.25,24929.5,5163.0
2026-02-20T08:30:00Z,24929.75,24932.0,24897.75,24921.5,5828.0
2026-02-20T08:45:00Z,24921.5,24942.5,24916.75,24937.25,4326.0
2026-02-20T09:00:00Z,24937.0,24964.75,24932.0,24960.5,7184.0
2026-02-20T09:15:00Z,24960.5,24985.25,24959.5,24975.5,8115.0
2026-02-20T09:30:00Z,24975.25,24981.75,24950.0,24958.0,6080.0
2026-02-20T09:45:00Z,24957.75,24960.75,24931.5,24936.0,5537.0
2026-02-20T10:00:00Z,24935.75,24944.75,24924.0,24941.75,4767.0
2026-02-20T10:15:00Z,24941.5,24947.0,24919.75,24926.5,4991.0
2026-02-20T10:30:00Z,24927.25,24937.0,24917.25,24925.5,4253.0
2026-02-20T10:45:00Z,24926.0,24936.25,24900.75,24902.5,5855.0
2026-02-20T11:00:00Z,24902.25,24902.25,24843.0,24868.0,16994.0
2026-02-20T11:15:00Z,24867.75,24885.75,24855.75,24878.75,7763.0
2026-02-20T11:30:00Z,24878.75,24888.25,24850.0,24862.0,7232.0
2026-02-20T11:45:00Z,24862.5,24863.75,24811.25,24829.0,12264.0
2026-02-20T12:00:00Z,24829.25,24842.75,24805.0,24840.0,11503.0
2026-02-20T12:15:00Z,24840.25,24850.0,24798.75,24808.25,12929.0
2026-02-20T12:30:00Z,24808.25,24820.0,24790.5,24804.25,11899.0
2026-02-20T12:45:00Z,24803.5,24830.75,24792.0,24829.75,10598.0
2026-02-20T13:00:00Z,24829.0,24834.0,24815.5,24824.25,7970.0
2026-02-20T13:15:00Z,24823.5,24864.0,24823.5,24857.75,12906.0
2026-02-20T13:30:00Z,24858.75,24861.25,24724.75,24745.5,48522.0
2026-02-20T13:45:00Z,24745.25,24773.25,24721.75,24769.5,25727.0
2026-02-20T14:00:00Z,24769.0,24784.0,24728.0,24737.5,22898.0
2026-02-20T14:15:00Z,24737.25,24738.75,24696.25,24715.25,33897.0
2026-02-20T14:30:00Z,24715.25,24948.75,24677.0,24930.25,139892.0
2026-02-20T14:45:00Z,24925.5,24958.0,24845.5,24900.0,94005.0
2026-02-20T15:00:00Z,24899.25,25082.25,24858.25,24927.25,171117.0
2026-02-20T15:15:00Z,24928.0,25038.0,24860.5,24973.5,110001.0
2026-02-20T15:30:00Z,24974.25,25068.0,24908.0,25061.0,100157.0
2026-02-20T15:45:00Z,25061.0,25127.0,25025.75,25118.75,82003.0
2026-02-20T16:00:00Z,25118.0,25139.75,25070.25,25076.25,65909.0
2026-02-20T16:15:00Z,25076.5,25086.0,24975.25,24977.25,83095.0
2026-02-20T16:30:00Z,24977.25,25110.0,24967.0,25092.75,70774.0
2026-02-20T16:45:00Z,25092.75,25130.0,25089.25,25098.5,49883.0
2026-02-20T17:00:00Z,25098.5,25109.5,24980.5,24982.5,64097.0
2026-02-20T17:15:00Z,24982.0,24983.0,24879.25,24926.5,87678.0
2026-02-20T17:30:00Z,24926.5,24973.25,24912.25,24963.25,64981.0
2026-02-20T17:45:00Z,24962.75,25044.0,24946.75,25034.75,66664.0
2026-02-20T18:00:00Z,25034.0,25045.75,24991.75,25002.5,40078.0
2026-02-20T18:15:00Z,25002.75,25003.75,24929.0,24965.25,54138.0
2026-02-20T18:30:00Z,24966.25,25077.0,24929.5,25070.5,79500.0
2026-02-20T18:45:00Z,25070.5,25122.5,25047.0,25098.25,47853.0
2026-02-20T19:00:00Z,25098.5,25120.0,25059.0,25062.75,32879.0
2026-02-20T19:15:00Z,25062.75,25084.75,25036.75,25053.0,29311.0
2026-02-20T19:30:00Z,25053.5,25078.75,25034.25,25039.25,23693.0
2026-02-20T19:45:00Z,25039.25,25064.0,25017.75,25022.5,23818.0
2026-02-20T20:00:00Z,25023.0,25077.25,25016.0,25067.0,25943.0
2026-02-20T20:15:00Z,25067.0,25069.5,25013.75,25021.25,20743.0
2026-02-20T20:30:00Z,25021.5,25060.75,25018.0,25059.75,21669.0
2026-02-20T20:45:00Z,25059.5,25079.0,25034.75,25073.75,36145.0
2026-02-20T21:00:00Z,25074.75,25088.25,25063.5,25079.0,16092.0
2026-02-20T21:15:00Z,25078.25,25078.5,25066.25,25068.5,3805.0
2026-02-20T21:30:00Z,25068.0,25080.0,25066.25,25074.0,3487.0
2026-02-20T21:45:00Z,25074.5,25081.25,25067.5,25067.5,3720.0
2026-02-22T23:00:00Z,25032.0,25055.25,25030.0,25050.25,2075.0
2026-02-22T23:15:00Z,25050.0,25057.5,24968.0,24980.5,14479.0
2026-02-22T23:30:00Z,24979.5,24989.5,24935.75,24940.25,14622.0
2026-02-22T23:45:00Z,24940.25,24982.5,24936.25,24973.0,11893.0
2026-02-23T00:00:00Z,24971.75,24971.75,24927.5,24933.25,12960.0
2026-02-23T00:15:00Z,24934.25,24951.25,24883.75,24906.75,14719.0
2026-02-23T00:30:00Z,24907.5,24908.25,24877.25,24882.75,11794.0
2026-02-23T00:45:00Z,24883.25,24901.0,24848.0,24853.0,16176.0
2026-02-23T01:00:00Z,24854.0,24876.0,24839.0,24864.75,16449.0
2026-02-23T01:15:00Z,24863.25,24882.75,24853.25,24859.75,11851.0
2026-02-23T01:30:00Z,24858.75,24874.0,24842.25,24872.75,9349.0
2026-02-23T01:45:00Z,24872.75,24881.75,24831.0,24843.25,13005.0
2026-02-23T02:00:00Z,24843.0,24857.75,24814.75,24817.25,13783.0
2026-02-23T02:15:00Z,24818.0,24840.0,24810.75,24832.25,9338.0
2026-02-23T02:30:00Z,24832.75,24845.25,24828.75,24839.5,6119.0
2026-02-23T02:45:00Z,24839.0,24843.25,24831.5,24839.0,3416.0
2026-02-23T03:00:00Z,24838.5,24863.25,24838.25,24849.5,7999.0
2026-02-23T03:15:00Z,24848.5,24850.25,24815.75,24833.25,9387.0
2026-02-23T03:30:00Z,24832.25,24839.75,24813.25,24838.5,6916.0
2026-02-23T03:45:00Z,24838.75,24844.0,24830.5,24841.5,3930.0
2026-02-23T04:00:00Z,24842.25,24853.0,24826.75,24843.0,5710.0
2026-02-23T04:15:00Z,24842.0,24842.5,24821.0,24830.75,4904.0
2026-02-23T04:30:00Z,24830.5,24839.25,24811.25,24824.5,4487.0
2026-02-23T04:45:00Z,24824.5,24833.0,24818.75,24829.0,2417.0
2026-02-23T05:00:00Z,24833.75,24835.25,24815.75,24820.5,3575.0
2026-02-23T05:15:00Z,24820.0,24828.5,24807.0,24827.0,5509.0
2026-02-23T05:30:00Z,24827.0,24843.0,24822.75,24834.5,4508.0
2026-02-23T05:45:00Z,24835.25,24843.75,24824.0,24838.5,3610.0
2026-02-23T06:00:00Z,24838.5,24855.75,24832.25,24854.0,3318.0
2026-02-23T06:15:00Z,24854.0,24854.5,24843.75,24845.75,2407.0
2026-02-23T06:30:00Z,24846.25,24864.75,24841.5,24857.75,4097.0
2026-02-23T06:45:00Z,24857.5,24869.25,24853.0,24868.25,3010.0
2026-02-23T07:00:00Z,24867.75,24914.5,24863.25,24909.5,11173.0
2026-02-23T07:15:00Z,24909.25,24914.25,24892.75,24902.5,6513.0
2026-02-23T07:30:00Z,24902.0,24911.25,24891.25,24907.5,4064.0
2026-02-23T07:45:00Z,24907.0,24912.25,24896.75,24898.0,2991.0
2026-02-23T08:00:00Z,24898.5,24914.25,24877.25,24904.75,9422.0
2026-02-23T08:15:00Z,24905.25,24907.5,24886.5,24899.25,4707.0
2026-02-23T08:30:00Z,24900.0,24906.0,24877.75,24883.25,4764.0
2026-02-23T08:45:00Z,24883.75,24934.25,24883.75,24929.75,8855.0
2026-02-23T09:00:00Z,24929.25,24998.75,24929.25,24994.75,11868.0
2026-02-23T09:15:00Z,24994.5,24997.0,24972.5,24994.0,7412.0
2026-02-23T09:30:00Z,24994.5,25004.25,24975.0,24996.25,7191.0
2026-02-23T09:45:00Z,24996.5,25000.5,24980.0,24983.75,4410.0
2026-02-23T10:00:00Z,24984.25,25002.75,24979.25,24991.75,4486.0
2026-02-23T10:15:00Z,24991.5,24992.0,24945.5,24968.75,10084.0
2026-02-23T10:30:00Z,24969.25,24986.0,24959.5,24977.25,5043.0
2026-02-23T10:45:00Z,24976.75,24977.75,24963.25,24970.75,3514.0
2026-02-23T11:00:00Z,24970.5,24980.25,24959.5,24978.0,4625.0
2026-02-23T11:15:00Z,24978.0,24988.25,24964.75,24968.25,4325.0
2026-02-23T11:30:00Z,24968.25,24969.5,24946.0,24947.5,5107.0
2026-02-23T11:45:00Z,24948.75,24951.5,24907.75,24929.25,10300.0
2026-02-23T12:00:00Z,24928.75,24942.75,24914.0,24921.25,8707.0
2026-02-23T12:15:00Z,24921.0,24921.0,24901.25,24910.25,7135.0
2026-02-23T12:30:00Z,24910.5,24923.0,24883.75,24922.0,11275.0
2026-02-23T12:45:00Z,24921.5,24926.5,24892.5,24905.0,8868.0
2026-02-23T13:00:00Z,24904.0,24938.25,24886.5,24917.75,11765.0
2026-02-23T13:15:00Z,24917.0,24936.25,24912.25,24927.0,8722.0
2026-02-23T13:30:00Z,24927.0,24950.5,24910.25,24949.0,15890.0
2026-02-23T13:45:00Z,24949.25,24954.25,24926.5,24935.25,13717.0
2026-02-23T14:00:00Z,24935.0,24961.75,24931.5,24960.75,12340.0
2026-02-23T14:15:00Z,24961.0,24982.75,24937.75,24981.75,19195.0
2026-02-23T14:30:00Z,24981.25,25040.0,24880.25,24880.75,146040.0
2026-02-23T14:45:00Z,24881.5,24965.5,24857.5,24913.75,115356.0
2026-02-23T15:00:00Z,24913.5,24952.75,24839.5,24875.0,108047.0
2026-02-23T15:15:00Z,24874.25,24929.75,24857.5,24870.5,82062.0
2026-02-23T15:30:00Z,24870.75,24900.75,24817.0,24829.0,79678.0
2026-02-23T15:45:00Z,24828.75,24852.25,24738.0,24744.0,84343.0
2026-02-23T16:00:00Z,24743.75,24757.5,24667.75,24683.25,90730.0
2026-02-23T16:15:00Z,24683.0,24780.25,24668.25,24777.75,76900.0
2026-02-23T16:30:00Z,24777.75,24789.5,24749.75,24764.75,52101.0
2026-02-23T16:45:00Z,24765.25,24770.0,24727.5,24735.0,47995.0
2026-02-23T17:00:00Z,24735.25,24764.0,24725.0,24733.25,37237.0
2026-02-23T17:15:00Z,24733.25,24761.5,24731.75,24743.0,26664.0
2026-02-23T17:30:00Z,24742.25,24746.25,24677.5,24701.0,48098.0
2026-02-23T17:45:00Z,24701.5,24755.75,24694.0,24744.5,39136.0
2026-02-23T18:00:00Z,24744.5,24788.75,24739.25,24784.25,30014.0
2026-02-23T18:15:00Z,24784.25,24820.5,24780.0,24810.5,35615.0
2026-02-23T18:30:00Z,24810.25,24819.75,24777.0,24785.0,30821.0
2026-02-23T18:45:00Z,24785.25,24801.5,24720.25,24727.25,40249.0
2026-02-23T19:00:00Z,24727.5,24754.75,24721.5,24742.5,33921.0
2026-02-23T19:15:00Z,24742.75,24753.25,24708.75,24714.25,25876.0
2026-02-23T19:30:00Z,24714.25,24730.25,24683.5,24698.0,31747.0
2026-02-23T19:45:00Z,24698.25,24716.75,24684.5,24692.0,30497.0
2026-02-23T20:00:00Z,24692.0,24705.75,24678.5,24685.25,26173.0
2026-02-23T20:15:00Z,24685.0,24715.25,24684.5,24706.5,25649.0
2026-02-23T20:30:00Z,24707.0,24751.5,24704.75,24730.5,39010.0
2026-02-23T20:45:00Z,24730.5,24772.75,24710.5,24766.25,52171.0
2026-02-23T21:00:00Z,24768.5,24786.75,24757.75,24782.25,21518.0
2026-02-23T21:15:00Z,24781.75,24784.0,24769.5,24779.25,5007.0
2026-02-23T21:30:00Z,24779.5,24791.0,24778.0,24784.0,4220.0
2026-02-23T21:45:00Z,24784.75,24796.75,24777.0,24787.0,3735.0
2026-02-23T23:00:00Z,24787.0,24815.0,24769.25,24796.0,6166.0
2026-02-23T23:15:00Z,24795.75,24807.0,24784.5,24806.5,4840.0
2026-02-23T23:30:00Z,24806.5,24824.75,24803.0,24813.75,7236.0
2026-02-23T23:45:00Z,24813.0,24818.0,24786.0,24788.25,6814.0
2026-02-24T00:00:00Z,24789.0,24812.25,24781.5,24799.0,10146.0
2026-02-24T00:15:00Z,24799.25,24818.0,24772.75,24781.0,8450.0
2026-02-24T00:30:00Z,24781.0,24807.0,24776.25,24805.0,5335.0
2026-02-24T00:45:00Z,24805.0,24824.25,24799.75,24816.0,6841.0
2026-02-24T01:00:00Z,24816.5,24818.25,24795.25,24804.75,5771.0
2026-02-24T01:15:00Z,24805.25,24829.75,24795.0,24820.75,7025.0
2026-02-24T01:30:00Z,24821.0,24836.0,24798.75,24827.75,8487.0
2026-02-24T01:45:00Z,24827.75,24829.0,24811.5,24822.0,4345.0
2026-02-24T02:00:00Z,24822.0,24840.5,24816.5,24836.5,5101.0
2026-02-24T02:15:00Z,24835.75,24867.5,24832.5,24863.5,7577.0
2026-02-24T02:30:00Z,24862.5,24879.5,24858.75,24863.75,7857.0
2026-02-24T02:45:00Z,24863.75,24873.75,24857.5,24869.25,4477.0
2026-02-24T03:00:00Z,24869.5,24876.25,24866.25,24872.5,3229.0
2026-02-24T03:15:00Z,24873.0,24884.75,24869.75,24878.25,5235.0
2026-02-24T03:30:00Z,24878.75,24880.5,24869.5,24873.75,2621.0
2026-02-24T03:45:00Z,24873.75,24877.75,24869.0,24873.0,2395.0
2026-02-24T04:00:00Z,24873.0,24881.0,24870.25,24873.75,1977.0
2026-02-24T04:15:00Z,24874.0,24883.25,24865.25,24878.25,3174.0
2026-02-24T04:30:00Z,24878.0,24884.0,24866.5,24872.0,2444.0
2026-02-24T04:45:00Z,24872.0,24880.25,24870.0,24878.75,1644.0
2026-02-24T05:00:00Z,24884.5,24886.75,24881.75,24882.25,3659.0
2026-02-24T05:15:00Z,24882.25,24883.0,24853.75,24862.25,5080.0
2026-02-24T05:30:00Z,24862.25,24862.25,24843.25,24855.75,4900.0
2026-02-24T05:45:00Z,24855.5,24855.75,24825.75,24840.75,5738.0
2026-02-24T06:00:00Z,24840.25,24853.0,24834.75,24837.25,3896.0
2026-02-24T06:15:00Z,24836.25,24850.5,24822.75,24832.0,4504.0
2026-02-24T06:30:00Z,24832.5,24843.75,24823.5,24839.25,3862.0
2026-02-24T06:45:00Z,24839.75,24843.75,24829.5,24838.0,2382.0
2026-02-24T07:00:00Z,24837.5,24861.0,24833.75,24857.75,5691.0
2026-02-24T07:15:00Z,24858.0,24862.25,24846.0,24859.75,3053.0
2026-02-24T07:30:00Z,24859.75,24869.0,24830.75,24836.0,4829.0
2026-02-24T07:45:00Z,24836.5,24846.25,24829.75,24832.75,3662.0
2026-02-24T08:00:00Z,24833.75,24834.5,24783.0,24792.75,16310.0
2026-02-24T08:15:00Z,24792.5,24817.75,24774.25,24807.5,11918.0
2026-02-24T08:30:00Z,24807.5,24821.25,24776.5,24786.75,8105.0
2026-02-24T08:45:00Z,24786.75,24799.0,24761.0,24791.25,9335.0
2026-02-24T09:00:00Z,24791.25,24838.5,24788.0,24837.5,10026.0
2026-02-24T09:15:00Z,24837.5,24843.0,24820.25,24825.25,6935.0
2026-02-24T09:30:00Z,24825.0,24830.5,24794.25,24828.25,7651.0
2026-02-24T09:45:00Z,24828.75,24848.0,24823.0,24846.75,4638.0
2026-02-24T10:00:00Z,24847.5,24865.75,24841.75,24842.0,6024.0
2026-02-24T10:15:00Z,24842.0,24848.25,24835.0,24839.75,4002.0
2026-02-24T10:30:00Z,24840.75,24847.25,24826.25,24843.75,4601.0
2026-02-24T10:45:00Z,24844.25,24844.25,24824.0,24841.75,4166.0
2026-02-24T11:00:00Z,24842.25,24853.5,24822.75,24824.5,5902.0
2026-02-24T11:15:00Z,24825.0,24832.75,24813.75,24822.25,5221.0
2026-02-24T11:30:00Z,24822.25,24828.0,24808.75,24819.5,4984.0
2026-02-24T11:45:00Z,24819.0,24834.5,24811.75,24833.0,5095.0
2026-02-24T12:00:00Z,24832.75,24901.25,24829.0,24872.0,22271.0
2026-02-24T12:15:00Z,24872.25,24874.25,24834.0,24840.0,10272.0
2026-02-24T12:30:00Z,24840.5,24847.0,24800.25,24819.0,14491.0
2026-02-24T12:45:00Z,24818.25,24823.5,24796.25,24815.75,10827.0
2026-02-24T13:00:00Z,24817.25,24839.75,24814.0,24826.75,13058.0
2026-02-24T13:15:00Z,24826.0,24858.75,24823.25,24857.75,10666.0
2026-02-24T13:30:00Z,24857.75,24877.0,24836.75,24872.25,15782.0
2026-02-24T13:45:00Z,24872.5,24891.25,24869.5,24877.5,13858.0
2026-02-24T14:00:00Z,24877.0,24879.25,24844.75,24852.5,15960.0
2026-02-24T14:15:00Z,24852.5,24854.5,24797.0,24804.5,21727.0
2026-02-24T14:30:00Z,24804.75,24912.25,24694.0,24910.75,175805.0
2026-02-24T14:45:00Z,24911.25,24964.25,24860.75,24877.5,121321.0
2026-02-24T15:00:00Z,24876.75,24922.75,24819.5,24865.0,122921.0
2026-02-24T15:15:00Z,24865.0,25014.5,24853.75,25012.0,104576.0
2026-02-24T15:30:00Z,25011.25,25031.25,24986.75,25017.5,77045.0
2026-02-24T15:45:00Z,25017.5,25019.0,24967.0,24976.25,57414.0
2026-02-24T16:00:00Z,24976.25,25047.0,24974.0,25033.75,61610.0
2026-02-24T16:15:00Z,25033.25,25041.0,24995.0,25014.75,44003.0
2026-02-24T16:30:00Z,25014.75,25016.25,24969.25,24988.5,54912.0
2026-02-24T16:45:00Z,24988.5,25040.25,24986.25,25028.75,39189.0
2026-02-24T17:00:00Z,25029.0,25076.0,25021.5,25055.25,40957.0
2026-02-24T17:15:00Z,25055.5,25074.25,25043.25,25060.5,28480.0
2026-02-24T17:30:00Z,25060.75,25069.75,25036.5,25041.75,24126.0
2026-02-24T17:45:00Z,25041.75,25064.25,25031.25,25046.5,23652.0
2026-02-24T18:00:00Z,25046.25,25080.75,25038.5,25043.25,28091.0
2026-02-24T18:15:00Z,25043.25,25045.0,25015.5,25019.0,27251.0
2026-02-24T18:30:00Z,25019.75,25051.25,25011.75,25038.75,29907.0
2026-02-24T18:45:00Z,25039.0,25044.75,25022.25,25029.5,20590.0
2026-02-24T19:00:00Z,25029.5,25037.75,25008.75,25014.75,23715.0
2026-02-24T19:15:00Z,25014.5,25016.0,24988.25,25003.25,30391.0
2026-02-24T19:30:00Z,25003.0,25030.5,25000.25,25019.0,23937.0
2026-02-24T19:45:00Z,25019.25,25050.75,25013.5,25021.25,29319.0
2026-02-24T20:00:00Z,25021.75,25029.0,25000.5,25004.5,20728.0
2026-02-24T20:15:00Z,25004.25,25025.25,24995.75,24999.25,25443.0
2026-02-24T20:30:00Z,24999.0,25032.0,24994.75,25030.25,23011.0
2026-02-24T20:45:00Z,25030.5,25071.75,25022.25,25029.0,48992.0
2026-02-24T21:00:00Z,25029.75,25037.25,25003.75,25019.5,17298.0
2026-02-24T21:15:00Z,25019.5,25027.75,25014.0,25023.5,4321.0
2026-02-24T21:30:00Z,25023.25,25029.25,25018.0,25018.5,4045.0
2026-02-24T21:45:00Z,25018.0,25023.0,25012.25,25017.0,5016.0
2026-02-24T23:00:00Z,25020.5,25026.25,24992.25,25020.25,4323.0
2026-02-24T23:15:00Z,25019.5,25028.25,25009.0,25022.5,3538.0
2026-02-24T23:30:00Z,25022.0,25038.0,25016.5,25032.75,4469.0
2026-02-24T23:45:00Z,25032.25,25051.0,25027.0,25044.25,4328.0
2026-02-25T00:00:00Z,25044.25,25045.25,25027.5,25029.25,5153.0
2026-02-25T00:15:00Z,25029.0,25045.0,25022.5,25028.0,4584.0
2026-02-25T00:30:00Z,25028.0,25062.75,25018.5,25060.25,6489.0
2026-02-25T00:45:00Z,25060.75,25075.0,25046.25,25071.25,7054.0
2026-02-25T01:00:00Z,25071.5,25093.0,25062.5,25089.5,11009.0
2026-02-25T01:15:00Z,25090.0,25108.5,25071.25,25080.0,10884.0
2026-02-25T01:30:00Z,25080.25,25103.0,25073.0,25092.75,6288.0
2026-02-25T01:45:00Z,25094.0,25113.25,25092.25,25102.75,6810.0
2026-02-25T02:00:00Z,25102.75,25110.75,25091.0,25102.75,6218.0
2026-02-25T02:15:00Z,25103.0,25107.5,25083.75,25101.5,7315.0
2026-02-25T02:30:00Z,25101.25,25118.0,25092.0,25096.0,6801.0
2026-02-25T02:45:00Z,25097.0,25108.75,25091.75,25107.25,4240.0
2026-02-25T03:00:00Z,25106.75,25110.0,25076.75,25078.5,7119.0
2026-02-25T03:15:00Z,25079.0,25082.5,25054.5,25070.0,8472.0
2026-02-25T03:30:00Z,25069.5,25076.25,24995.0,25057.25,18527.0
2026-02-25T03:45:00Z,25058.0,25081.5,25050.0,25066.5,6173.0
2026-02-25T04:00:00Z,25067.5,25068.25,25034.75,25041.5,6811.0
2026-02-25T04:15:00Z,25041.5,25054.5,25033.25,25054.5,4398.0
2026-02-25T04:30:00Z,25053.5,25062.75,25052.75,25055.5,2865.0
2026-02-25T04:45:00Z,25056.25,25061.5,25045.5,25047.25,2856.0
2026-02-25T05:00:00Z,25059.25,25067.75,25051.5,25054.5,3756.0
2026-02-25T05:15:00Z,25054.5,25055.5,25035.25,25041.0,3545.0
2026-02-25T05:30:00Z,25042.0,25047.0,25030.25,25040.25,3590.0
2026-02-25T05:45:00Z,25041.25,25057.25,25037.25,25040.75,3475.0
2026-02-25T06:00:00Z,25040.75,25045.75,25032.0,25045.5,3531.0
2026-02-25T06:15:00Z,25045.0,25059.0,25040.5,25041.75,3681.0
2026-02-25T06:30:00Z,25040.75,25059.0,25036.5,25044.5,3054.0
2026-02-25T06:45:00Z,25045.0,25046.5,25037.0,25041.25,2084.0
2026-02-25T07:00:00Z,25042.25,25053.75,25034.25,25041.0,4093.0
2026-02-25T07:15:00Z,25041.25,25048.0,25035.25,25041.0,2431.0
2026-02-25T07:30:00Z,25041.25,25042.75,25017.5,25027.25,6622.0
2026-02-25T07:45:00Z,25027.25,25042.25,25026.25,25036.0,2946.0
2026-02-25T08:00:00Z,25036.25,25077.75,25036.0,25056.75,10516.0
2026-02-25T08:15:00Z,25057.0,25090.75,25048.5,25074.5,7406.0
2026-02-25T08:30:00Z,25075.5,25080.5,25061.5,25075.25,4593.0
2026-02-25T08:45:00Z,25076.25,25083.75,25063.75,25074.5,3911.0
2026-02-25T09:00:00Z,25073.75,25088.0,25055.0,25079.75,5686.0
2026-02-25T09:15:00Z,25079.25,25083.0,25063.75,25069.0,3632.0
2026-02-25T09:30:00Z,25069.25,25083.0,25063.75,25081.5,3002.0
2026-02-25T09:45:00Z,25082.0,25088.0,25072.25,25081.75,3123.0
2026-02-25T10:00:00Z,25082.25,25086.0,25066.0,25071.0,3486.0
2026-02-25T10:15:00Z,25070.5,25082.75,25065.0,25076.0,3459.0
2026-02-25T10:30:00Z,25076.0,25094.25,25073.0,25088.0,3471.0
2026-02-25T10:45:00Z,25087.75,25088.5,25067.25,25073.5,3558.0
2026-02-25T11:00:00Z,25073.75,25083.25,25068.25,25080.25,2951.0
2026-02-25T11:15:00Z,25079.75,25085.0,25070.0,25080.25,2740.0
2026-02-25T11:30:00Z,25080.75,25110.25,25080.75,25109.5,6746.0
2026-02-25T11:45:00Z,25109.25,25128.5,25107.5,25124.75,6616.0
2026-02-25T12:00:00Z,25124.5,25131.75,25105.75,25112.0,8249.0
2026-02-25T12:15:00Z,25112.0,25150.0,25109.75,25134.0,11584.0
2026-02-25T12:30:00Z,25133.75,25143.5,25122.25,25130.5,7848.0
2026-02-25T12:45:00Z,25130.75,25146.75,25129.75,25138.75,7198.0
2026-02-25T13:00:00Z,25139.5,25154.0,25133.5,25149.5,6255.0
2026-02-25T13:15:00Z,25149.5,25149.5,25131.25,25143.5,7268.0
2026-02-25T13:30:00Z,25143.75,25144.5,25123.75,25134.75,10154.0
2026-02-25T13:45:00Z,25134.25,25166.0,25132.0,25150.25,13219.0
2026-02-25T14:00:00Z,25150.75,25177.5,25145.25,25155.75,19784.0
2026-02-25T14:15:00Z,25155.75,25164.75,25130.0,25160.25,26151.0
2026-02-25T14:30:00Z,25160.25,25279.75,25156.75,25271.5,122823.0
2026-02-25T14:45:00Z,25271.5,25352.0,25270.75,25343.25,102151.0
2026-02-25T15:00:00Z,25343.25,25361.0,25303.5,25308.75,75383.0
2026-02-25T15:15:00Z,25308.5,25341.0,25281.25,25334.25,78894.0
2026-02-25T15:30:00Z,25334.0,25341.75,25284.75,25297.5,65247.0
2026-02-25T15:45:00Z,25298.25,25313.75,25264.75,25294.75,55899.0
2026-02-25T16:00:00Z,25295.0,25310.75,25283.75,25299.5,41969.0
2026-02-25T16:15:00Z,25299.0,25305.0,25281.5,25300.25,31124.0
2026-02-25T16:30:00Z,25300.25,25327.75,25293.5,25320.75,37387.0
2026-02-25T16:45:00Z,25320.75,25333.0,25313.75,25316.5,25328.0
2026-02-25T17:00:00Z,25316.75,25341.25,25309.0,25338.75,30743.0
2026-02-25T17:15:00Z,25339.0,25340.0,25319.5,25321.25,18417.0
2026-02-25T17:30:00Z,25321.0,25340.5,25315.0,25333.75,19573.0
2026-02-25T17:45:00Z,25334.0,25354.75,25330.25,25351.75,20831.0
2026-02-25T18:00:00Z,25352.75,25356.25,25341.25,25345.0,17465.0
2026-02-25T18:15:00Z,25345.25,25346.25,25336.25,25339.25,13742.0
2026-02-25T18:30:00Z,25339.25,25354.25,25334.0,25350.75,12837.0
2026-02-25T18:45:00Z,25351.0,25356.0,25347.75,25350.5,7766.0
2026-02-25T19:00:00Z,25350.75,25374.25,25349.5,25365.75,20820.0
2026-02-25T19:15:00Z,25366.25,25377.75,25363.75,25370.75,13923.0
2026-02-25T19:30:00Z,25371.0,25379.0,25365.5,25366.5,11464.0
2026-02-25T19:45:00Z,25366.75,25375.75,25364.75,25368.5,10547.0
2026-02-25T20:00:00Z,25368.75,25376.0,25364.5,25371.0,12531.0
2026-02-25T20:15:00Z,25371.0,25374.25,25359.0,25366.75,15857.0
2026-02-25T20:30:00Z,25367.0,25385.5,25352.0,25374.0,28660.0
2026-02-25T20:45:00Z,25374.0,25396.75,25370.5,25383.5,39032.0
2026-02-25T21:00:00Z,25384.0,25411.5,25371.25,25391.75,25467.0
2026-02-25T21:15:00Z,25391.5,25420.0,25374.0,25395.5,13038.0
2026-02-25T21:30:00Z,25395.5,25495.0,25388.25,25459.25,38123.0
2026-02-25T21:45:00Z,25459.75,25471.0,25435.0,25460.75,15511.0
2026-02-25T23:00:00Z,25398.75,25418.5,25365.0,25381.25,8182.0
2026-02-25T23:15:00Z,25380.5,25393.0,25361.25,25383.25,7824.0
2026-02-25T23:30:00Z,25384.25,25387.75,25274.5,25309.5,22097.0
2026-02-25T23:45:00Z,25308.25,25333.5,25301.0,25316.5,13173.0
2026-02-26T00:00:00Z,25316.25,25337.75,25304.0,25331.5,11814.0
2026-02-26T00:15:00Z,25331.0,25340.5,25317.0,25336.75,7569.0
2026-02-26T00:30:00Z,25336.75,25343.0,25302.25,25308.75,8905.0
2026-02-26T00:45:00Z,25309.75,25325.0,25309.0,25316.0,5354.0
2026-02-26T01:00:00Z,25316.25,25320.0,25288.0,25311.5,9506.0
2026-02-26T01:15:00Z,25311.0,25314.75,25272.75,25274.5,9030.0
2026-02-26T01:30:00Z,25274.0,25312.5,25264.75,25307.5,9779.0
2026-02-26T01:45:00Z,25307.0,25320.25,25303.5,25316.5,4950.0
2026-02-26T02:00:00Z,25315.75,25320.0,25290.75,25294.0,6440.0
2026-02-26T02:15:00Z,25294.25,25312.0,25294.0,25300.5,4558.0
2026-02-26T02:30:00Z,25300.0,25303.75,25289.25,25294.5,4140.0
2026-02-26T02:45:00Z,25294.75,25309.75,25294.75,25307.5,3290.0
2026-02-26T03:00:00Z,25306.25,25312.25,25294.5,25301.75,3404.0
2026-02-26T03:15:00Z,25300.75,25311.25,25300.0,25306.0,2233.0
2026-02-26T03:30:00Z,25305.5,25323.75,25303.5,25313.25,3628.0
2026-02-26T03:45:00Z,25312.5,25319.0,25298.25,25301.25,2811.0
2026-02-26T04:00:00Z,25301.0,25310.5,25295.5,25300.0,2997.0
2026-02-26T04:15:00Z,25300.25,25304.75,25295.25,25298.75,2375.0
2026-02-26T04:30:00Z,25298.75,25305.5,25292.75,25299.25,1827.0
2026-02-26T04:45:00Z,25299.0,25306.0,25296.25,25299.0,1225.0
2026-02-26T05:00:00Z,25285.25,25293.25,25283.0,25285.5,4412.0
2026-02-26T05:15:00Z,25285.25,25304.25,25283.0,25295.25,2777.0
2026-02-26T05:30:00Z,25295.5,25300.25,25292.0,25298.0,1699.0
2026-02-26T05:45:00Z,25298.5,25310.0,25295.5,25307.25,2740.0
2026-02-26T06:00:00Z,25308.0,25333.75,25306.75,25333.5,4720.0
2026-02-26T06:15:00Z,25333.0,25333.25,25316.0,25320.5,3146.0
2026-02-26T06:30:00Z,25319.5,25340.5,25316.75,25335.25,4210.0
2026-02-26T06:45:00Z,25334.75,25344.5,25322.25,25327.5,3818.0
2026-02-26T07:00:00Z,25327.25,25351.25,25326.0,25347.75,5426.0
2026-02-26T07:15:00Z,25347.0,25355.75,25328.25,25342.0,4388.0
2026-02-26T07:30:00Z,25341.25,25361.25,25339.0,25360.75,3870.0
2026-02-26T07:45:00Z,25360.0,25365.0,25344.75,25347.5,4062.0
2026-02-26T08:00:00Z,25348.0,25367.5,25343.5,25364.25,6148.0
2026-02-26T08:15:00Z,25364.75,25392.25,25362.75,25372.0,8774.0
2026-02-26T08:30:00Z,25372.25,25375.5,25349.25,25353.5,5417.0
2026-02-26T08:45:00Z,25354.25,25359.75,25343.0,25349.5,5926.0
2026-02-26T09:00:00Z,25349.75,25372.75,25345.5,25372.75,5437.0
2026-02-26T09:15:00Z,25372.5,25380.5,25363.75,25380.5,4286.0
2026-02-26T09:30:00Z,25379.25,25398.25,25375.0,25393.0,4884.0
2026-02-26T09:45:00Z,25393.25,25402.0,25377.25,25378.0,5475.0
2026-02-26T10:00:00Z,25378.75,25389.0,25373.25,25383.25,3181.0
2026-02-26T10:15:00Z,25383.0,25385.75,25362.5,25363.5,3877.0
2026-02-26T10:30:00Z,25363.5,25373.25,25353.5,25367.5,4351.0
2026-02-26T10:45:00Z,25367.5,25369.5,25347.0,25356.5,3923.0
2026-02-26T11:00:00Z,25358.0,25363.0,25344.75,25355.5,4417.0
2026-02-26T11:15:00Z,25355.0,25370.75,25349.75,25364.0,4073.0
2026-02-26T11:30:00Z,25363.75,25370.0,25356.25,25356.5,3138.0
2026-02-26T11:45:00Z,25357.0,25370.0,25338.0,25362.25,5797.0
2026-02-26T12:00:00Z,25361.75,25385.0,25360.25,25364.75,5616.0
2026-02-26T12:15:00Z,25364.75,25389.0,25363.0,25387.0,4850.0
2026-02-26T12:30:00Z,25386.75,25390.75,25368.0,25387.0,5465.0
2026-02-26T12:45:00Z,25386.5,25387.25,25370.25,25373.5,4441.0
2026-02-26T13:00:00Z,25373.0,25380.0,25360.75,25377.75,6351.0
2026-02-26T13:15:00Z,25377.5,25399.5,25373.0,25397.5,8065.0
2026-02-26T13:30:00Z,25397.75,25404.25,25384.5,25387.0,9868.0
2026-02-26T13:45:00Z,25386.5,25415.5,25380.75,25383.75,15319.0
2026-02-26T14:00:00Z,25384.0,25398.75,25366.75,25378.25,15980.0
2026-02-26T14:15:00Z,25378.0,25385.0,25340.0,25342.0,20652.0
2026-02-26T14:30:00Z,25341.25,25342.0,25224.75,25265.5,180087.0
2026-02-26T14:45:00Z,25265.5,25265.5,25182.5,25193.25,138860.0
2026-02-26T15:00:00Z,25192.5,25211.0,25064.25,25066.75,137058.0
2026-02-26T15:15:00Z,25067.25,25067.5,24885.0,24933.5,193753.0
2026-02-26T15:30:00Z,24933.0,25000.5,24862.0,24989.5,140578.0
2026-02-26T15:45:00Z,24989.25,25027.0,24979.25,24999.75,98542.0
2026-02-26T16:00:00Z,24999.0,25051.5,24985.5,25047.0,73753.0
2026-02-26T16:15:00Z,25047.25,25085.5,25027.5,25058.5,60727.0
2026-02-26T16:30:00Z,25059.0,25071.0,24996.25,25001.5,61615.0
2026-02-26T16:45:00Z,25001.25,25029.75,24954.25,24963.5,65401.0
2026-02-26T17:00:00Z,24963.75,25009.25,24960.0,24967.0,45366.0
2026-02-26T17:15:00Z,24967.25,24977.25,24952.75,24967.75,33897.0
2026-02-26T17:30:00Z,24967.5,25008.0,24941.5,24944.75,44265.0
2026-02-26T17:45:00Z,24944.5,24953.5,24912.25,24935.25,40134.0
2026-02-26T18:00:00Z,24935.25,24939.75,24888.75,24908.25,43820.0
2026-02-26T18:15:00Z,24908.0,24936.0,24890.75,24920.0,34232.0
2026-02-26T18:30:00Z,24920.25,25013.75,24908.0,24999.25,59735.0
2026-02-26T18:45:00Z,24999.75,25030.75,24977.0,25001.25,39421.0
2026-02-26T19:00:00Z,25001.75,25072.25,24988.25,25059.25,40862.0
2026-02-26T19:15:00Z,25059.25,25086.5,25040.0,25048.25,38582.0
2026-02-26T19:30:00Z,25048.75,25078.0,25039.5,25064.25,27424.0
2026-02-26T19:45:00Z,25063.75,25099.0,25061.0,25063.0,33673.0
2026-02-26T20:00:00Z,25063.0,25093.75,25036.75,25037.25,37151.0
2026-02-26T20:15:00Z,25037.25,25053.25,25023.75,25029.25,32253.0
2026-02-26T20:30:00Z,25029.0,25073.0,25027.5,25065.75,32207.0
2026-02-26T20:45:00Z,25065.75,25086.5,25040.0,25082.75,44538.0
2026-02-26T21:00:00Z,25083.0,25090.0,25058.5,25070.0,20355.0
2026-02-26T21:15:00Z,25069.75,25075.75,25062.0,25067.75,5918.0
2026-02-26T21:30:00Z,25068.25,25072.75,25046.75,25049.75,5855.0
2026-02-26T21:45:00Z,25050.0,25051.75,25024.75,25028.75,5763.0
2026-02-26T23:00:00Z,25026.0,25030.25,24954.0,25017.25,10304.0
2026-02-26T23:15:00Z,25018.0,25036.75,25010.25,25022.0,8863.0
2026-02-26T23:30:00Z,25023.0,25023.5,24984.25,24991.25,9043.0
2026-02-26T23:45:00Z,24990.75,25003.75,24975.5,24996.25,8580.0
2026-02-27T00:00:00Z,24995.75,25019.75,24980.25,25011.25,8915.0
2026-02-27T00:15:00Z,25011.0,25026.25,24994.5,24999.5,6808.0
2026-02-27T00:30:00Z,24999.0,25003.0,24957.75,24960.5,9567.0
2026-02-27T00:45:00Z,24960.0,24996.5,24954.75,24986.25,8562.0
2026-02-27T01:00:00Z,24986.75,25005.5,24975.75,25003.75,7994.0
2026-02-27T01:15:00Z,25003.75,25018.0,24986.0,24988.75,8192.0
2026-02-27T01:30:00Z,24988.0,25006.5,24973.25,24976.25,9010.0
2026-02-27T01:45:00Z,24976.0,25003.75,24970.5,24993.25,5703.0
2026-02-27T02:00:00Z,24992.5,25017.0,24985.0,24998.5,6347.0
2026-02-27T02:15:00Z,24998.5,25018.75,24997.0,25015.5,4362.0
2026-02-27T02:30:00Z,25015.0,25017.25,24993.0,25007.0,4413.0
2026-02-27T02:45:00Z,25007.0,25033.5,25002.75,25032.0,4618.0
2026-02-27T03:00:00Z,25031.75,25036.0,25024.25,25027.0,3835.0
2026-02-27T03:15:00Z,25026.5,25032.5,25011.25,25014.25,4246.0
2026-02-27T03:30:00Z,25015.75,25023.75,25002.25,25018.25,4134.0
2026-02-27T03:45:00Z,25017.5,25034.0,25010.25,25025.25,3769.0
2026-02-27T04:00:00Z,25025.5,25036.0,25023.0,25024.25,3240.0
2026-02-27T04:15:00Z,25024.25,25030.5,25012.0,25027.75,2616.0
2026-02-27T04:30:00Z,25027.25,25034.75,25019.25,25032.0,2837.0
2026-02-27T04:45:00Z,25032.0,25032.25,25020.0,25022.5,1331.0
2026-02-27T05:00:00Z,25041.25,25047.0,25032.75,25046.5,4116.0
2026-02-27T05:15:00Z,25046.25,25057.25,25045.25,25055.5,3465.0
2026-02-27T05:30:00Z,25055.0,25059.5,25047.5,25054.75,2463.0
2026-02-27T05:45:00Z,25054.75,25060.5,25037.75,25039.5,3549.0
2026-02-27T06:00:00Z,25040.25,25046.25,25010.75,25015.25,5501.0
2026-02-27T06:15:00Z,25015.0,25018.75,24991.75,25006.0,6180.0
2026-02-27T06:30:00Z,25005.5,25038.25,25003.5,25031.75,5949.0
2026-02-27T06:45:00Z,25032.25,25037.5,25022.25,25031.75,3091.0
2026-02-27T07:00:00Z,25033.75,25054.75,25032.75,25046.5,5351.0
2026-02-27T07:15:00Z,25046.25,25073.0,25045.25,25070.0,5157.0
2026-02-27T07:30:00Z,25070.25,25074.5,25061.0,25071.0,4054.0
2026-02-27T07:45:00Z,25071.0,25079.0,25063.0,25073.25,3930.0
2026-02-27T08:00:00Z,25073.0,25090.0,25045.5,25047.5,9573.0
2026-02-27T08:15:00Z,25047.25,25071.5,25038.25,25056.75,7833.0
2026-02-27T08:30:00Z,25056.5,25076.75,25046.25,25057.0,5191.0
2026-02-27T08:45:00Z,25057.0,25071.25,25052.5,25067.5,3589.0
2026-02-27T09:00:00Z,25067.5,25089.0,25050.5,25081.25,7786.0
2026-02-27T09:15:00Z,25081.5,25098.75,25067.0,25078.0,10154.0
2026-02-27T09:30:00Z,25078.25,25079.0,25030.25,25030.75,7804.0
2026-02-27T09:45:00Z,25031.0,25047.75,25024.25,25030.25,6581.0
2026-02-27T10:00:00Z,25029.75,25033.75,24966.0,24988.5,14335.0
2026-02-27T10:15:00Z,24988.0,25022.0,24987.75,25017.5,9351.0
2026-02-27T10:30:00Z,25016.75,25045.25,25015.5,25035.0,8212.0
2026-02-27T10:45:00Z,25036.0,25036.5,24984.75,25000.75,8127.0
2026-02-27T11:00:00Z,25001.0,25012.5,24986.25,24994.25,6407.0
2026-02-27T11:15:00Z,24994.5,25007.25,24986.5,24991.25,6450.0
2026-02-27T11:30:00Z,24991.25,25002.0,24928.75,24939.0,13058.0
2026-02-27T11:45:00Z,24939.25,24958.5,24930.75,24952.75,12128.0
2026-02-27T12:00:00Z,24953.25,24979.75,24921.25,24977.25,16543.0
2026-02-27T12:15:00Z,24976.75,24994.5,24971.0,24974.25,8865.0
2026-02-27T12:30:00Z,24974.25,24985.75,24925.25,24928.25,12674.0
2026-02-27T12:45:00Z,24928.0,24938.25,24897.25,24921.25,18367.0
2026-02-27T13:00:00Z,24921.0,24942.75,24905.5,24911.0,15081.0
2026-02-27T13:15:00Z,24910.75,24924.0,24874.0,24882.0,18860.0
2026-02-27T13:30:00Z,24879.5,24891.5,24795.5,24840.5,46538.0
2026-02-27T13:45:00Z,24840.5,24879.25,24832.25,24870.25,32772.0
2026-02-27T14:00:00Z,24871.0,24878.5,24831.5,24845.25,23492.0
2026-02-27T14:15:00Z,24844.25,24844.75,24796.0,24815.25,30369.0
2026-02-27T14:30:00Z,24815.5,24910.0,24780.0,24844.0,149600.0
2026-02-27T14:45:00Z,24844.0,24938.75,24817.75,24881.0,128503.0
2026-02-27T15:00:00Z,24880.5,24993.75,24866.25,24954.0,109727.0
2026-02-27T15:15:00Z,24954.0,24997.75,24921.0,24971.0,85148.0
2026-02-27T15:30:00Z,24971.0,25007.75,24928.0,24998.75,68886.0
2026-02-27T15:45:00Z,24998.75,25017.5,24923.25,24983.0,78954.0
2026-02-27T16:00:00Z,24983.25,25021.5,24943.5,24988.5,65907.0
2026-02-27T16:15:00Z,24988.25,25013.75,24954.0,24968.25,56959.0
2026-02-27T16:30:00Z,24968.5,25010.0,24932.25,24936.25,52135.0
2026-02-27T16:45:00Z,24935.75,25005.75,24931.0,24969.25,54401.0
2026-02-27T17:00:00Z,24969.5,25036.75,24956.25,24960.75,52854.0
2026-02-27T17:15:00Z,24961.25,24967.5,24900.25,24953.0,59830.0
2026-02-27T17:30:00Z,24953.0,24994.25,24925.0,24935.0,62358.0
2026-02-27T17:45:00Z,24934.75,24953.75,24914.0,24945.75,35332.0
2026-02-27T18:00:00Z,24945.25,24955.5,24911.0,24912.75,35183.0
2026-02-27T18:15:00Z,24913.5,24920.0,24874.75,24911.25,42697.0
2026-02-27T18:30:00Z,24911.5,24931.25,24888.75,24912.0,36071.0
2026-02-27T18:45:00Z,24912.25,24924.25,24886.0,24902.75,31124.0
2026-02-27T19:00:00Z,24902.5,24960.25,24897.0,24909.5,42901.0
2026-02-27T19:15:00Z,24909.5,24922.25,24897.75,24905.75,22986.0
2026-02-27T19:30:00Z,24906.75,24919.5,24873.5,24887.0,29320.0
2026-02-27T19:45:00Z,24886.75,24904.25,24880.25,24894.5,21770.0
2026-02-27T20:00:00Z,24894.5,24969.0,24893.25,24969.0,37146.0
2026-02-27T20:15:00Z,24968.5,25004.5,24964.5,24978.75,40699.0
2026-02-27T20:30:00Z,24978.5,24985.5,24921.75,24935.5,45398.0
2026-02-27T20:45:00Z,24935.25,25022.75,24928.75,24997.75,72648.0
2026-02-27T21:00:00Z,24998.25,24998.25,24962.75,24977.25,23326.0
2026-02-27T21:15:00Z,24976.25,24979.25,24942.0,24961.25,9895.0
2026-02-27T21:30:00Z,24961.0,24980.25,24959.75,24963.0,7134.0
2026-02-27T21:45:00Z,24962.75,24963.75,24942.25,24958.25,4921.0
2026-03-01T23:00:00Z,24787.0,24816.25,24769.5,24776.25,7155.0
2026-03-01T23:15:00Z,24777.25,24802.0,24752.75,24765.25,19936.0
2026-03-01T23:30:00Z,24765.25,24778.0,24715.5,24771.5,22974.0
2026-03-01T23:45:00Z,24772.25,24779.75,24725.75,24739.0,12972.0
2026-03-02T00:00:00Z,24740.0,24778.5,24723.0,24757.75,16183.0
2026-03-02T00:15:00Z,24758.25,24758.5,24712.5,24731.5,15052.0
2026-03-02T00:30:00Z,24731.75,24756.5,24713.5,24753.5,9782.0
2026-03-02T00:45:00Z,24754.0,24797.0,24754.0,24786.25,12188.0
2026-03-02T01:00:00Z,24786.0,24893.25,24772.0,24874.0,28460.0
2026-03-02T01:15:00Z,24874.5,24883.75,24847.0,24869.25,16042.0
2026-03-02T01:30:00Z,24870.5,24901.25,24862.0,24869.5,14035.0
2026-03-02T01:45:00Z,24869.5,24873.25,24853.25,24861.75,8693.0
2026-03-02T02:00:00Z,24863.25,24875.0,24822.75,24839.0,11504.0
2026-03-02T02:15:00Z,24838.0,24845.75,24808.25,24810.0,10317.0
2026-03-02T02:30:00Z,24809.25,24847.75,24804.0,24837.0,8682.0
2026-03-02T02:45:00Z,24837.0,24843.0,24796.25,24821.0,10453.0
2026-03-02T03:00:00Z,24820.5,24828.75,24802.5,24819.0,6037.0
2026-03-02T03:15:00Z,24818.75,24835.25,24805.5,24822.25,7113.0
2026-03-02T03:30:00Z,24822.25,24824.5,24787.0,24796.25,7398.0
2026-03-02T03:45:00Z,24796.5,24814.25,24786.5,24791.75,5818.0
2026-03-02T04:00:00Z,24791.5,24798.75,24777.75,24795.5,5221.0
2026-03-02T04:15:00Z,24795.5,24809.5,24740.75,24799.25,16451.0
2026-03-02T04:30:00Z,24799.25,24817.25,24792.25,24794.0,7017.0
2026-03-02T04:45:00Z,24793.5,24797.5,24757.25,24761.5,6134.0
2026-03-02T05:00:00Z,24759.0,24768.75,24732.75,24743.5,8596.0
2026-03-02T05:15:00Z,24743.25,24757.75,24718.0,24729.0,7950.0
2026-03-02T05:30:00Z,24730.0,24749.75,24725.5,24735.25,5782.0
2026-03-02T05:45:00Z,24735.25,24739.0,24672.0,24677.0,11614.0
2026-03-02T06:00:00Z,24676.25,24702.75,24674.0,24691.25,8850.0
2026-03-02T06:15:00Z,24692.25,24699.5,24633.25,24669.0,14315.0
2026-03-02T06:30:00Z,24669.25,24679.0,24616.0,24621.0,12916.0
2026-03-02T06:45:00Z,24620.75,24623.0,24534.5,24590.5,22281.0
2026-03-02T07:00:00Z,24590.25,24603.25,24531.75,24540.0,20780.0
2026-03-02T07:15:00Z,24541.25,24588.25,24533.25,24567.0,15299.0
2026-03-02T07:30:00Z,24566.5,24583.75,24546.75,24576.5,12808.0
2026-03-02T07:45:00Z,24577.0,24577.0,24530.5,24541.5,13583.0
2026-03-02T08:00:00Z,24541.25,24556.25,24482.75,24530.5,33248.0
2026-03-02T08:15:00Z,24529.5,24537.25,24477.0,24489.0,19738.0
2026-03-02T08:30:00Z,24489.5,24569.75,24484.75,24555.0,19560.0
2026-03-02T08:45:00Z,24554.0,24591.25,24543.75,24563.5,15100.0
2026-03-02T09:00:00Z,24562.5,24633.25,24551.75,24618.0,19560.0
2026-03-02T09:15:00Z,24618.0,24655.0,24617.25,24638.5,15204.0
2026-03-02T09:30:00Z,24638.5,24654.5,24612.0,24635.5,13382.0
2026-03-02T09:45:00Z,24636.0,24639.5,24610.75,24629.25,8895.0
2026-03-02T10:00:00Z,24629.0,24684.5,24625.0,24647.75,17523.0
2026-03-02T10:15:00Z,24647.5,24673.25,24632.5,24657.75,9426.0
2026-03-02T10:30:00Z,24657.5,24685.0,24652.75,24680.5,9424.0
2026-03-02T10:45:00Z,24680.5,24683.75,24641.5,24657.75,7672.0
2026-03-02T11:00:00Z,24657.75,24668.75,24636.75,24645.25,8508.0
2026-03-02T11:15:00Z,24646.0,24671.5,24634.75,24656.25,7353.0
2026-03-02T11:30:00Z,24656.0,24692.0,24654.75,24681.25,9117.0
2026-03-02T11:45:00Z,24681.5,24729.25,24670.0,24688.0,17219.0
2026-03-02T12:00:00Z,24686.0,24705.5,24636.5,24660.5,16173.0
2026-03-02T12:15:00Z,24660.0,24660.0,24630.25,24634.0,11670.0
2026-03-02T12:30:00Z,24634.0,24656.0,24628.75,24639.5,9701.0
2026-03-02T12:45:00Z,24640.75,24664.25,24609.25,24628.75,15282.0
2026-03-02T13:00:00Z,24629.5,24663.25,24621.75,24648.75,15786.0
2026-03-02T13:15:00Z,24648.75,24739.75,24645.25,24702.25,25021.0
2026-03-02T13:30:00Z,24701.5,24711.5,24654.25,24657.5,18507.0
2026-03-02T13:45:00Z,24657.75,24675.0,24594.5,24620.5,23087.0
2026-03-02T14:00:00Z,24621.5,24652.25,24606.75,24631.75,23070.0
2026-03-02T14:15:00Z,24632.0,24649.5,24609.0,24644.5,24638.0
2026-03-02T14:30:00Z,24644.75,24885.25,24605.75,24838.0,146586.0
2026-03-02T14:45:00Z,24837.75,24899.0,24810.0,24863.0,97160.0
2026-03-02T15:00:00Z,24859.25,24947.75,24803.0,24931.0,104403.0
2026-03-02T15:15:00Z,24930.75,24946.0,24856.75,24881.75,95068.0
2026-03-02T15:30:00Z,24881.5,24941.0,24842.0,24939.0,84908.0
2026-03-02T15:45:00Z,24939.0,24957.75,24877.25,24924.0,65123.0
2026-03-02T16:00:00Z,24923.75,24988.0,24892.75,24972.5,59985.0
2026-03-02T16:15:00Z,24972.5,24975.5,24852.25,24867.25,60156.0
2026-03-02T16:30:00Z,24867.0,25019.5,24861.0,25012.75,75068.0
2026-03-02T16:45:00Z,25013.5,25044.5,24994.75,25033.5,55378.0
2026-03-02T17:00:00Z,25033.5,25040.75,25007.75,25030.5,33374.0
2026-03-02T17:15:00Z,25030.75,25076.5,25029.25,25044.25,38514.0
2026-03-02T17:30:00Z,25044.75,25055.75,25026.25,25046.5,32412.0
2026-03-02T17:45:00Z,25046.75,25075.5,25036.5,25064.75,26109.0
2026-03-02T18:00:00Z,25065.75,25074.0,25036.5,25049.5,23880.0
2026-03-02T18:15:00Z,25049.0,25051.0,25013.0,25035.75,27410.0
2026-03-02T18:30:00Z,25036.25,25039.75,24999.25,25021.5,29535.0
2026-03-02T18:45:00Z,25021.0,25022.0,24968.25,24971.75,32842.0
2026-03-02T19:00:00Z,24972.0,25054.25,24967.0,25049.0,37131.0
2026-03-02T19:15:00Z,25049.25,25089.5,25049.0,25079.5,44138.0
2026-03-02T19:30:00Z,25079.75,25098.25,25069.75,25076.5,28932.0
2026-03-02T19:45:00Z,25077.0,25100.0,25076.75,25082.75,20481.0
2026-03-02T20:00:00Z,25082.75,25090.75,24959.0,24967.75,67501.0
2026-03-02T20:15:00Z,24967.0,25021.0,24947.0,24967.25,56357.0
2026-03-02T20:30:00Z,24967.25,25015.75,24962.25,25008.75,38079.0
2026-03-02T20:45:00Z,25008.25,25062.75,24997.25,25021.75,51402.0
2026-03-02T21:00:00Z,25022.5,25028.75,24975.75,24997.0,23999.0
2026-03-02T21:15:00Z,24997.5,25001.5,24984.0,24997.5,5965.0
2026-03-02T21:30:00Z,24996.25,25008.0,24992.0,25005.75,3812.0
2026-03-02T21:45:00Z,25005.25,25006.75,24978.5,24997.5,6164.0
2026-03-02T23:00:00Z,25002.75,25011.25,24966.5,24972.5,5095.0
2026-03-02T23:15:00Z,24973.0,24977.0,24947.5,24961.25,8279.0
2026-03-02T23:30:00Z,24961.25,24972.0,24944.0,24948.5,6069.0
2026-03-02T23:45:00Z,24947.75,24978.75,24946.5,24971.75,6956.0
2026-03-03T00:00:00Z,24972.5,24983.0,24939.5,24947.0,10919.0
2026-03-03T00:15:00Z,24947.25,24960.5,24928.25,24941.25,9166.0
2026-03-03T00:30:00Z,24941.0,24947.25,24930.25,24947.0,4419.0
2026-03-03T00:45:00Z,24947.0,24951.25,24925.5,24930.75,5516.0
2026-03-03T01:00:00Z,24931.25,24957.0,24904.0,24942.25,13036.0
2026-03-03T01:15:00Z,24942.5,24962.0,24921.0,24923.0,11435.0
2026-03-03T01:30:00Z,24923.75,24933.75,24893.5,24908.5,12756.0
2026-03-03T01:45:00Z,24909.0,24914.0,24869.25,24873.75,10421.0
2026-03-03T02:00:00Z,24873.75,24879.0,24835.25,24855.25,18724.0
2026-03-03T02:15:00Z,24855.75,24859.5,24808.25,24836.0,16370.0
2026-03-03T02:30:00Z,24837.0,24878.75,24830.5,24861.0,12150.0
2026-03-03T02:45:00Z,24861.75,24877.25,24850.0,24861.25,7342.0
2026-03-03T03:00:00Z,24861.0,24884.75,24834.25,24851.5,9573.0
2026-03-03T03:15:00Z,24852.25,24861.5,24816.5,24823.25,7545.0
2026-03-03T03:30:00Z,24823.0,24873.25,24805.0,24864.0,12236.0
2026-03-03T03:45:00Z,24864.75,24879.5,24838.5,24845.75,8392.0
2026-03-03T04:00:00Z,24846.5,24863.25,24822.5,24835.5,7490.0
2026-03-03T04:15:00Z,24835.0,24846.75,24801.0,24815.5,8923.0
2026-03-03T04:30:00Z,24815.75,24830.25,24796.75,24819.5,10100.0
2026-03-03T04:45:00Z,24819.75,24825.5,24792.75,24803.25,7717.0
2026-03-03T05:00:00Z,24824.25,24829.75,24796.5,24808.75,8752.0
2026-03-03T05:15:00Z,24810.0,24823.0,24798.75,24813.5,6314.0
2026-03-03T05:30:00Z,24812.0,24812.0,24771.5,24776.75,10626.0
2026-03-03T05:45:00Z,24777.25,24784.0,24750.0,24765.0,10517.0
2026-03-03T06:00:00Z,24765.0,24789.75,24742.5,24764.0,12142.0
2026-03-03T06:15:00Z,24764.75,24798.5,24740.0,24797.5,9858.0
2026-03-03T06:30:00Z,24796.5,24800.75,24757.5,24760.0,7917.0
2026-03-03T06:45:00Z,24759.25,24765.75,24737.25,24753.25,8272.0
2026-03-03T07:00:00Z,24753.5,24768.0,24721.0,24738.0,13737.0
2026-03-03T07:15:00Z,24737.25,24758.75,24692.75,24703.5,13315.0
2026-03-03T07:30:00Z,24704.25,24713.0,24675.75,24700.75,12459.0
2026-03-03T07:45:00Z,24701.5,24714.0,24668.5,24675.75,10164.0
2026-03-03T08:00:00Z,24675.0,24695.75,24633.5,24637.75,25170.0
2026-03-03T08:15:00Z,24638.5,24662.5,24597.75,24598.75,25603.0
2026-03-03T08:30:00Z,24598.25,24621.25,24508.0,24538.75,34508.0
2026-03-03T08:45:00Z,24538.75,24548.5,24505.5,24517.0,25967.0
2026-03-03T09:00:00Z,24516.5,24582.0,24515.25,24560.25,27700.0
2026-03-03T09:15:00Z,24558.75,24560.75,24508.5,24519.5,19784.0
2026-03-03T09:30:00Z,24518.75,24543.0,24494.0,24502.75,21210.0
2026-03-03T09:45:00Z,24502.0,24504.0,24446.5,24455.0,28005.0
2026-03-03T10:00:00Z,24456.25,24483.75,24422.0,24448.5,24729.0
2026-03-03T10:15:00Z,24450.0,24481.25,24435.0,24437.0,17702.0
2026-03-03T10:30:00Z,24435.75,24469.25,24392.75,24468.75,30741.0
2026-03-03T10:45:00Z,24468.25,24484.0,24402.0,24452.5,23646.0
2026-03-03T11:00:00Z,24450.75,24478.25,24423.25,24428.5,18601.0
2026-03-03T11:15:00Z,24430.0,24487.0,24369.5,24454.75,31959.0
2026-03-03T11:30:00Z,24455.5,24504.0,24455.25,24498.0,23126.0
2026-03-03T11:45:00Z,24498.0,24514.5,24470.25,24488.0,18712.0
2026-03-03T12:00:00Z,24487.5,24576.25,24477.5,24555.25,27179.0
2026-03-03T12:15:00Z,24555.75,24602.25,24536.25,24571.75,24672.0
2026-03-03T12:30:00Z,24571.0,24592.0,24550.5,24580.25,19043.0
2026-03-03T12:45:00Z,24581.25,24607.25,24557.0,24582.0,20838.0
2026-03-03T13:00:00Z,24583.75,24590.25,24527.75,24549.5,19607.0
2026-03-03T13:15:00Z,24549.75,24574.75,24515.0,24529.5,21260.0
2026-03-03T13:30:00Z,24530.25,24532.75,24473.5,24495.5,34173.0
2026-03-03T13:45:00Z,24495.5,24501.0,24447.75,24496.25,30874.0
2026-03-03T14:00:00Z,24496.5,24506.5,24455.75,24478.5,32731.0
2026-03-03T14:15:00Z,24479.5,24542.75,24472.0,24534.0,40436.0
2026-03-03T14:30:00Z,24534.75,24661.0,24503.0,24532.5,170064.0
2026-03-03T14:45:00Z,24533.0,24613.25,24480.0,24489.75,139758.0
2026-03-03T15:00:00Z,24489.75,24563.75,24461.75,24503.0,118915.0
2026-03-03T15:15:00Z,24501.25,24520.0,24350.75,24359.5,123850.0
2026-03-03T15:30:00Z,24359.5,24472.25,24356.25,24414.75,124264.0
2026-03-03T15:45:00Z,24414.5,24460.0,24373.5,24446.75,95050.0
2026-03-03T16:00:00Z,24446.25,24590.0,24436.25,24572.5,89904.0
2026-03-03T16:15:00Z,24572.75,24642.5,24570.75,24619.25,70557.0
2026-03-03T16:30:00Z,24619.25,24653.0,24563.0,24648.0,76400.0
2026-03-03T16:45:00Z,24647.0,24725.0,24644.75,24671.25,70051.0
2026-03-03T17:00:00Z,24671.5,24691.5,24620.5,24655.75,52240.0
2026-03-03T17:15:00Z,24655.75,24712.5,24632.25,24703.75,44888.0
2026-03-03T17:30:00Z,24704.5,24708.0,24601.75,24692.25,52408.0
2026-03-03T17:45:00Z,24692.25,24698.75,24624.0,24641.0,36544.0
2026-03-03T18:00:00Z,24641.25,24704.0,24640.0,24679.25,37554.0
2026-03-03T18:15:00Z,24679.25,24771.75,24675.0,24746.5,46697.0
2026-03-03T18:30:00Z,24746.75,24835.0,24741.5,24802.25,52014.0
2026-03-03T18:45:00Z,24803.0,24825.0,24771.25,24800.0,42194.0
2026-03-03T19:00:00Z,24799.75,24813.75,24730.25,24768.0,42829.0
2026-03-03T19:15:00Z,24768.5,24803.0,24753.25,24759.25,37676.0
2026-03-03T19:30:00Z,24759.25,24822.5,24709.25,24819.75,58604.0
2026-03-03T19:45:00Z,24820.25,24850.25,24766.0,24787.0,49182.0
2026-03-03T20:00:00Z,24786.75,24821.25,24773.5,24774.75,37378.0
2026-03-03T20:15:00Z,24774.0,24790.5,24741.25,24782.5,37016.0
2026-03-03T20:30:00Z,24782.25,24808.0,24755.25,24767.75,35077.0
2026-03-03T20:45:00Z,24768.0,24780.0,24717.75,24756.5,48277.0
2026-03-03T21:00:00Z,24756.75,24759.0,24728.25,24737.5,17669.0
2026-03-03T21:15:00Z,24736.75,24746.75,24716.5,24723.0,6931.0
2026-03-03T21:30:00Z,24723.5,24731.5,24693.0,24721.0,8795.0
2026-03-03T21:45:00Z,24720.5,24727.75,24708.25,24711.5,4135.0
2026-03-03T23:00:00Z,24711.5,24759.75,24668.75,24745.0,11368.0
2026-03-03T23:15:00Z,24746.25,24759.25,24702.0,24706.75,10886.0
2026-03-03T23:30:00Z,24707.5,24733.0,24701.5,24719.5,6470.0
2026-03-03T23:45:00Z,24719.0,24742.25,24697.75,24702.5,9033.0
2026-03-04T00:00:00Z,24702.75,24745.0,24677.0,24739.25,17284.0
2026-03-04T00:15:00Z,24739.25,24804.25,24731.25,24767.0,17105.0
2026-03-04T00:30:00Z,24768.0,24771.0,24689.0,24699.75,15901.0
2026-03-04T00:45:00Z,24699.25,24765.75,24698.25,24747.5,14715.0
2026-03-04T01:00:00Z,24748.75,24773.25,24693.0,24705.75,15713.0
2026-03-04T01:15:00Z,24707.25,24719.5,24637.25,24650.25,19765.0
2026-03-04T01:30:00Z,24651.5,24722.0,24629.75,24708.0,18947.0
2026-03-04T01:45:00Z,24709.5,24713.75,24645.75,24675.25,15766.0
2026-03-04T02:00:00Z,24676.0,24703.25,24633.5,24644.5,15558.0
2026-03-04T02:15:00Z,24644.75,24667.75,24618.75,24623.0,11752.0
2026-03-04T02:30:00Z,24621.5,24630.0,24588.75,24623.0,15445.0
2026-03-04T02:45:00Z,24623.75,24667.0,24622.5,24636.5,12807.0
2026-03-04T03:00:00Z,24636.25,24638.0,24585.75,24592.75,16137.0
2026-03-04T03:15:00Z,24593.75,24603.25,24557.0,24569.25,14074.0
2026-03-04T03:30:00Z,24568.5,24573.75,24525.0,24566.25,18012.0
2026-03-04T03:45:00Z,24566.25,24600.75,24550.25,24599.0,12455.0
2026-03-04T04:00:00Z,24599.25,24644.75,24593.75,24622.5,14493.0
2026-03-04T04:15:00Z,24621.25,24637.75,24586.5,24592.75,10458.0
2026-03-04T04:30:00Z,24592.0,24606.0,24566.25,24598.5,10628.0
2026-03-04T04:45:00Z,24598.0,24608.25,24574.5,24595.25,8088.0
2026-03-04T05:00:00Z,24580.25,24588.25,24561.5,24565.25,10283.0
2026-03-04T05:15:00Z,24566.0,24593.25,24532.0,24558.0,10934.0
2026-03-04T05:30:00Z,24558.25,24617.75,24541.0,24598.0,11430.0
2026-03-04T05:45:00Z,24597.75,24607.75,24569.5,24574.0,9052.0
2026-03-04T06:00:00Z,24574.5,24574.5,24516.0,24518.25,11144.0
2026-03-04T06:15:00Z,24517.5,24548.75,24498.5,24547.25,13040.0
2026-03-04T06:30:00Z,24548.0,24590.5,24541.0,24572.25,10542.0
2026-03-04T06:45:00Z,24572.25,24575.5,24546.5,24571.5,7519.0
2026-03-04T07:00:00Z,24570.25,24585.25,24536.25,24542.0,12388.0
2026-03-04T07:15:00Z,24541.25,24615.0,24535.75,24602.0,12218.0
2026-03-04T07:30:00Z,24602.0,24666.0,24596.75,24655.25,13801.0
2026-03-04T07:45:00Z,24655.5,24677.75,24642.0,24655.5,10803.0
2026-03-04T08:00:00Z,24656.0,24677.25,24634.75,24669.0,17647.0
2026-03-04T08:15:00Z,24669.75,24689.25,24611.5,24628.75,15687.0
2026-03-04T08:30:00Z,24629.75,24669.75,24619.75,24663.5,10103.0
2026-03-04T08:45:00Z,24663.25,24678.0,24632.25,24645.25,8168.0
2026-03-04T09:00:00Z,24647.0,24708.5,24621.75,24693.0,10158.0
2026-03-04T09:15:00Z,24692.75,24721.75,24685.0,24706.5,7931.0
2026-03-04T09:30:00Z,24707.5,24745.0,24693.5,24735.0,9168.0
2026-03-04T09:45:00Z,24733.25,24771.0,24725.0,24754.75,9140.0
2026-03-04T10:00:00Z,24754.25,24858.75,24734.5,24850.25,25399.0
2026-03-04T10:15:00Z,24851.25,24866.0,24795.25,24805.5,17115.0
2026-03-04T10:30:00Z,24805.75,24846.25,24805.25,24833.0,9496.0
2026-03-04T10:45:00Z,24833.0,24854.25,24811.25,24842.5,9068.0
2026-03-04T11:00:00Z,24842.25,24874.75,24838.25,24858.75,13703.0
2026-03-04T11:15:00Z,24860.0,24894.5,24855.25,24864.0,12821.0
2026-03-04T11:30:00Z,24864.5,24873.0,24814.75,24815.25,11775.0
2026-03-04T11:45:00Z,24815.5,24836.5,24801.5,24806.0,10531.0
2026-03-04T12:00:00Z,24806.25,24844.75,24805.0,24828.25,13014.0
2026-03-04T12:15:00Z,24829.25,24829.75,24728.0,24732.75,20286.0
2026-03-04T12:30:00Z,24731.5,24794.75,24720.0,24782.25,17117.0
2026-03-04T12:45:00Z,24782.0,24803.75,24758.0,24800.25,11984.0
2026-03-04T13:00:00Z,24799.75,24925.0,24795.5,24917.5,30469.0
2026-03-04T13:15:00Z,24917.5,24928.0,24863.25,24882.0,19593.0
2026-03-04T13:30:00Z,24881.5,24922.0,24857.5,24904.5,20643.0
2026-03-04T13:45:00Z,24903.25,24918.0,24874.25,24889.5,18624.0
2026-03-04T14:00:00Z,24889.5,24905.0,24867.25,24896.25,17570.0
2026-03-04T14:15:00Z,24896.0,24911.5,24850.75,24852.75,24181.0
2026-03-04T14:30:00Z,24853.0,24970.5,24837.25,24852.25,124664.0
2026-03-04T14:45:00Z,24851.0,24944.0,24813.5,24921.25,93613.0
2026-03-04T15:00:00Z,24921.25,25010.0,24890.25,24978.0,117956.0
2026-03-04T15:15:00Z,24977.5,25142.0,24974.25,25139.25,103995.0
2026-03-04T15:30:00Z,25139.0,25147.75,25060.75,25061.75,82643.0
2026-03-04T15:45:00Z,25062.0,25132.25,25037.0,25127.25,74793.0
2026-03-04T16:00:00Z,25127.75,25158.25,25057.75,25070.25,69167.0
2026-03-04T16:15:00Z,25071.5,25121.25,25051.25,25106.5,62597.0
2026-03-04T16:30:00Z,25105.5,25168.0,25097.5,25159.5,55183.0
2026-03-04T16:45:00Z,25160.0,25172.25,25139.0,25145.0,41740.0
2026-03-04T17:00:00Z,25146.0,25175.25,25134.0,25156.25,30672.0
2026-03-04T17:15:00Z,25156.5,25165.75,25131.0,25133.5,30627.0
2026-03-04T17:30:00Z,25133.25,25173.5,25105.0,25153.25,44359.0
2026-03-04T17:45:00Z,25152.5,25181.25,25148.25,25169.0,29847.0
2026-03-04T18:00:00Z,25169.5,25184.0,25157.0,25163.25,26253.0
2026-03-04T18:15:00Z,25162.5,25175.25,25140.5,25172.0,26954.0
2026-03-04T18:30:00Z,25172.0,25213.75,25170.5,25200.0,32582.0
2026-03-04T18:45:00Z,25200.0,25215.0,25178.5,25192.5,27872.0
2026-03-04T19:00:00Z,25192.5,25217.0,25186.5,25209.5,23908.0
2026-03-04T19:15:00Z,25209.5,25216.0,25189.0,25194.25,18378.0
2026-03-04T19:30:00Z,25194.5,25210.25,25183.75,25191.5,20434.0
2026-03-04T19:45:00Z,25191.5,25201.75,25180.5,25189.0,16530.0
2026-03-04T20:00:00Z,25188.75,25196.0,25147.0,25149.75,28225.0
2026-03-04T20:15:00Z,25150.0,25155.0,25123.75,25151.0,33654.0
2026-03-04T20:30:00Z,25151.0,25167.75,25136.0,25164.75,23014.0
2026-03-04T20:45:00Z,25164.25,25166.0,25113.25,25121.0,50955.0
2026-03-04T21:00:00Z,25125.0,25157.25,25093.75,25150.5,28457.0
2026-03-04T21:15:00Z,25151.0,25163.5,25119.25,25139.0,15050.0
2026-03-04T21:30:00Z,25139.25,25145.25,25130.0,25136.75,5146.0
2026-03-04T21:45:00Z,25136.25,25154.75,25127.0,25137.75,5010.0
2026-03-04T23:00:00Z,25154.5,25177.75,25141.0,25171.5,4095.0
2026-03-04T23:15:00Z,25170.5,25173.25,25143.5,25151.5,5927.0
2026-03-04T23:30:00Z,25151.0,25185.75,25145.0,25180.25,6585.0
2026-03-04T23:45:00Z,25180.75,25190.25,25166.25,25171.75,6311.0
2026-03-05T00:00:00Z,25171.0,25202.25,25160.0,25199.25,10482.0
2026-03-05T00:15:00Z,25200.0,25243.0,25198.75,25212.25,15234.0
2026-03-05T00:30:00Z,25212.5,25228.25,25201.0,25212.25,8843.0
2026-03-05T00:45:00Z,25212.5,25221.0,25195.25,25209.0,6187.0
2026-03-05T01:00:00Z,25209.25,25217.5,25184.25,25197.0,9072.0
2026-03-05T01:15:00Z,25196.25,25197.5,25134.0,25141.0,20408.0
2026-03-05T01:30:00Z,25140.0,25174.75,25072.0,25086.75,22213.0
2026-03-05T01:45:00Z,25087.0,25122.0,25044.0,25070.25,24465.0
2026-03-05T02:00:00Z,25071.0,25095.25,25060.5,25084.75,13126.0
2026-03-05T02:15:00Z,25084.5,25094.0,25056.0,25068.5,9731.0
2026-03-05T02:30:00Z,25069.25,25095.0,25049.0,25086.5,9854.0
2026-03-05T02:45:00Z,25087.25,25125.25,25078.5,25091.0,12102.0
2026-03-05T03:00:00Z,25091.5,25101.5,25074.25,25079.5,8821.0
2026-03-05T03:15:00Z,25080.0,25086.5,25033.25,25047.75,10321.0
2026-03-05T03:30:00Z,25047.75,25061.5,25025.5,25040.25,15239.0
2026-03-05T03:45:00Z,25041.25,25070.25,25030.5,25048.0,9370.0
2026-03-05T04:00:00Z,25047.75,25084.25,25032.0,25074.5,10004.0
2026-03-05T04:15:00Z,25074.25,25089.0,25066.25,25089.0,5142.0
2026-03-05T04:30:00Z,25088.75,25095.75,25066.75,25083.0,5594.0
2026-03-05T04:45:00Z,25083.25,25106.5,25081.75,25098.0,5488.0
2026-03-05T05:00:00Z,25097.0,25104.25,25086.5,25089.75,5720.0
2026-03-05T05:15:00Z,25090.25,25090.25,25067.5,25077.25,6176.0
2026-03-05T05:30:00Z,25077.25,25081.25,25052.5,25055.5,5996.0
2026-03-05T05:45:00Z,25055.75,25066.5,25030.0,25035.25,6289.0
2026-03-05T06:00:00Z,25035.25,25041.25,24982.5,24986.25,16715.0
2026-03-05T06:15:00Z,24986.5,25022.75,24980.75,25010.75,10437.0
2026-03-05T06:30:00Z,25010.5,25012.75,24986.75,25008.5,7594.0
2026-03-05T06:45:00Z,25008.75,25092.5,24998.75,25091.75,14139.0
2026-03-05T07:00:00Z,25092.0,25096.5,25057.0,25068.5,10164.0
2026-03-05T07:15:00Z,25068.5,25093.75,25051.0,25089.0,8433.0
2026-03-05T07:30:00Z,25087.5,25089.25,25056.0,25064.25,6121.0
2026-03-05T07:45:00Z,25065.75,25074.0,25039.25,25072.75,8688.0
2026-03-05T08:00:00Z,25071.75,25079.25,24990.0,24997.5,22795.0
2026-03-05T08:15:00Z,24997.75,25044.5,24995.25,24996.25,17888.0
2026-03-05T08:30:00Z,24995.75,25023.75,24973.0,25007.0,19808.0
2026-03-05T08:45:00Z,25006.75,25053.25,24999.5,25051.75,13582.0
2026-03-05T09:00:00Z,25051.0,25206.5,25040.75,25184.25,40205.0
2026-03-05T09:15:00Z,25184.0,25195.25,25121.25,25129.75,33747.0
2026-03-05T09:30:00Z,25129.0,25146.25,25088.25,25092.25,22828.0
2026-03-05T09:45:00Z,25092.25,25123.75,25082.0,25114.25,15252.0
2026-03-05T10:00:00Z,25114.25,25131.0,25085.75,25117.0,12946.0
2026-03-05T10:15:00Z,25117.25,25142.75,25113.0,25135.75,10714.0
2026-03-05T10:30:00Z,25136.0,25143.25,25098.0,25106.25,10045.0
2026-03-05T10:45:00Z,25105.75,25123.25,25092.25,25107.0,9181.0
2026-03-05T11:00:00Z,25107.25,25138.25,25083.5,25137.5,10819.0
2026-03-05T11:15:00Z,25137.5,25148.5,25120.5,25135.5,7036.0
2026-03-05T11:30:00Z,25135.0,25152.0,25104.25,25123.25,9354.0
2026-03-05T11:45:00Z,25122.75,25137.5,25089.25,25093.25,8008.0
2026-03-05T12:00:00Z,25094.25,25111.5,25078.25,25100.25,10372.0
2026-03-05T12:15:00Z,25099.25,25156.75,25084.0,25119.0,13345.0
2026-03-05T12:30:00Z,25119.0,25124.75,25062.0,25081.75,12103.0
2026-03-05T12:45:00Z,25079.5,25103.25,25037.5,25068.25,18537.0
2026-03-05T13:00:00Z,25069.25,25076.0,25027.0,25042.75,15981.0
2026-03-05T13:15:00Z,25043.25,25060.0,25021.25,25056.0,13090.0
2026-03-05T13:30:00Z,25056.0,25070.0,24992.0,25022.0,25228.0
2026-03-05T13:45:00Z,25022.0,25051.5,24981.5,24993.75,23194.0
2026-03-05T14:00:00Z,24994.25,25013.0,24978.0,24987.25,25815.0
2026-03-05T14:15:00Z,24987.25,25002.25,24962.25,24987.75,29760.0
2026-03-05T14:30:00Z,24987.75,25125.25,24985.25,25059.25,127616.0
2026-03-05T14:45:00Z,25059.5,25188.0,25035.25,25185.75,105326.0
2026-03-05T15:00:00Z,25185.25,25208.25,25126.0,25175.75,95516.0
2026-03-05T15:15:00Z,25175.75,25180.25,24991.25,25012.25,102667.0
2026-03-05T15:30:00Z,25011.75,25071.75,24930.5,25041.5,118519.0
2026-03-05T15:45:00Z,25041.75,25097.0,25032.5,25081.5,73303.0
2026-03-05T16:00:00Z,25081.75,25092.5,24956.5,24986.0,80811.0
2026-03-05T16:15:00Z,24986.0,25011.75,24940.0,24968.5,70148.0
2026-03-05T16:30:00Z,24967.75,25039.75,24965.0,25006.0,55473.0
2026-03-05T16:45:00Z,25006.5,25054.25,25005.75,25042.75,45057.0
2026-03-05T17:00:00Z,25043.0,25123.0,25006.75,25032.25,65971.0
2026-03-05T17:15:00Z,25032.0,25033.75,24925.75,24927.5,63389.0
2026-03-05T17:30:00Z,24928.25,24944.75,24834.75,24850.0,80287.0
2026-03-05T17:45:00Z,24849.25,24852.5,24785.25,24806.75,64332.0
2026-03-05T18:00:00Z,24806.75,24887.75,24798.25,24876.25,52674.0
2026-03-05T18:15:00Z,24875.75,24889.0,24781.5,24793.5,49529.0
2026-03-05T18:30:00Z,24792.75,24869.75,24774.0,24859.75,42559.0
2026-03-05T18:45:00Z,24858.5,24863.0,24775.5,24814.25,41497.0
2026-03-05T19:00:00Z,24814.25,24860.0,24803.0,24854.0,34765.0
2026-03-05T19:15:00Z,24854.75,24881.25,24814.5,24838.75,34771.0
2026-03-05T19:30:00Z,24838.75,24852.0,24792.75,24849.75,33798.0
2026-03-05T19:45:00Z,24850.5,24883.0,24823.0,24858.0,34573.0
2026-03-05T20:00:00Z,24858.25,24934.75,24826.25,24918.75,56539.0
2026-03-05T20:15:00Z,24919.5,24994.25,24902.75,24954.5,49151.0
2026-03-05T20:30:00Z,24954.5,24999.5,24940.75,24967.75,41040.0
2026-03-05T20:45:00Z,24967.75,25055.75,24945.0,25048.5,55227.0
2026-03-05T21:00:00Z,25048.0,25051.0,25020.0,25031.25,18436.0
2026-03-05T21:15:00Z,25030.75,25045.75,25012.0,25029.75,9129.0
2026-03-05T21:30:00Z,25029.5,25030.0,25002.5,25011.25,6794.0
2026-03-05T21:45:00Z,25011.25,25021.25,25000.0,25010.5,4679.0
2026-03-05T23:00:00Z,25015.75,25045.5,25000.75,25037.0,4442.0
2026-03-05T23:15:00Z,25038.0,25054.5,25027.75,25048.0,5850.0
2026-03-05T23:30:00Z,25047.25,25066.25,25037.5,25058.75,6857.0
2026-03-05T23:45:00Z,25058.0,25070.0,25046.0,25060.75,6091.0
2026-03-06T00:00:00Z,25060.5,25098.5,25059.0,25092.0,8852.0
2026-03-06T00:15:00Z,25092.25,25094.75,25065.25,25072.75,6771.0
2026-03-06T00:30:00Z,25073.5,25086.0,25066.75,25084.5,6243.0
2026-03-06T00:45:00Z,25084.75,25093.0,25066.5,25074.0,6145.0
2026-03-06T01:00:00Z,25073.75,25090.25,25066.25,25076.75,8479.0
2026-03-06T01:15:00Z,25076.25,25091.25,25038.0,25052.5,10222.0
2026-03-06T01:30:00Z,25053.0,25088.75,25049.75,25055.0,11496.0
2026-03-06T01:45:00Z,25055.75,25084.75,25041.75,25066.75,8992.0
2026-03-06T02:00:00Z,25067.5,25103.5,25060.0,25102.75,8680.0
2026-03-06T02:15:00Z,25102.5,25116.25,25096.0,25109.5,7380.0
2026-03-06T02:30:00Z,25109.25,25112.0,25085.0,25091.75,7268.0
2026-03-06T02:45:00Z,25092.25,25096.75,25068.25,25069.5,6530.0
2026-03-06T03:00:00Z,25070.0,25099.75,25069.75,25085.25,5366.0
2026-03-06T03:15:00Z,25085.0,25095.5,25076.25,25083.75,5123.0
2026-03-06T03:30:00Z,25084.5,25102.25,25074.25,25097.75,5888.0
2026-03-06T03:45:00Z,25098.25,25116.0,25094.0,25113.0,6134.0
2026-03-06T04:00:00Z,25113.75,25115.25,25102.0,25106.0,4710.0
2026-03-06T04:15:00Z,25106.0,25110.75,25093.5,25097.5,3426.0
2026-03-06T04:30:00Z,25097.0,25137.75,25095.5,25126.5,7000.0
2026-03-06T04:45:00Z,25126.5,25135.75,25105.5,25106.75,4629.0
2026-03-06T05:00:00Z,25118.75,25130.0,25117.75,25127.75,5807.0
2026-03-06T05:15:00Z,25127.5,25128.0,25111.25,25121.0,4392.0
2026-03-06T05:30:00Z,25120.5,25141.5,25118.75,25129.5,5581.0
2026-03-06T05:45:00Z,25129.25,25130.0,25106.75,25117.75,6077.0
2026-03-06T06:00:00Z,25118.25,25137.25,25117.5,25123.0,5314.0
2026-03-06T06:15:00Z,25123.5,25125.5,25108.0,25112.25,5050.0
2026-03-06T06:30:00Z,25112.0,25122.25,25103.25,25119.0,4869.0
2026-03-06T06:45:00Z,25119.0,25119.75,25100.5,25106.75,4303.0
2026-03-06T07:00:00Z,25106.5,25120.5,25091.25,25098.0,7705.0
2026-03-06T07:15:00Z,25098.5,25140.25,25097.75,25130.5,7987.0
2026-03-06T07:30:00Z,25131.25,25139.75,25124.25,25133.5,4453.0
2026-03-06T07:45:00Z,25134.25,25134.25,25114.0,25124.75,5135.0
2026-03-06T08:00:00Z,25125.25,25128.25,25089.5,25093.5,15803.0
2026-03-06T08:15:00Z,25092.75,25112.25,25036.5,25038.25,16285.0
2026-03-06T08:30:00Z,25038.5,25091.75,25033.0,25090.75,14160.0
2026-03-06T08:45:00Z,25091.0,25109.0,25068.25,25074.0,10203.0
2026-03-06T09:00:00Z,25074.25,25082.0,25008.75,25025.75,18157.0
2026-03-06T09:15:00Z,25026.25,25029.5,24957.5,24962.0,21936.0
2026-03-06T09:30:00Z,24961.25,24980.5,24907.0,24927.25,25239.0
2026-03-06T09:45:00Z,24927.25,24934.75,24882.0,24920.5,22118.0
2026-03-06T10:00:00Z,24920.5,24968.75,24917.75,24947.0,14749.0
2026-03-06T10:15:00Z,24947.25,24980.0,24937.0,24973.25,14966.0
2026-03-06T10:30:00Z,24971.75,24975.5,24936.75,24941.75,11179.0
2026-03-06T10:45:00Z,24942.0,24962.5,24928.25,24948.0,9858.0
2026-03-06T11:00:00Z,24947.5,24953.25,24887.0,24942.25,23109.0
2026-03-06T11:15:00Z,24942.5,24963.0,24922.25,24946.5,11790.0
2026-03-06T11:30:00Z,24947.5,24951.5,24858.5,24874.5,20023.0
2026-03-06T11:45:00Z,24874.75,24896.25,24836.25,24857.0,21301.0
2026-03-06T12:00:00Z,24857.5,24877.0,24838.5,24872.0,21720.0
2026-03-06T12:15:00Z,24872.75,24884.5,24852.0,24859.0,17808.0
2026-03-06T12:30:00Z,24859.0,24861.0,24819.25,24845.25,22311.0
2026-03-06T12:45:00Z,24844.5,24852.25,24805.25,24836.0,17020.0
2026-03-06T13:00:00Z,24835.25,24863.75,24824.5,24849.75,18146.0
2026-03-06T13:15:00Z,24849.5,24877.0,24836.5,24866.0,12622.0
2026-03-06T13:30:00Z,24874.75,24894.5,24727.5,24734.25,58662.0
2026-03-06T13:45:00Z,24734.5,24735.0,24616.75,24646.0,84206.0
2026-03-06T14:00:00Z,24646.0,24668.5,24613.0,24628.5,50780.0
2026-03-06T14:15:00Z,24628.25,24687.0,24616.75,24686.0,33295.0
2026-03-06T14:30:00Z,24685.25,24732.25,24611.75,24680.5,162355.0
2026-03-06T14:45:00Z,24681.0,24742.5,24631.75,24690.25,112295.0
2026-03-06T15:00:00Z,24690.25,24796.25,24664.25,24789.75,136228.0
2026-03-06T15:15:00Z,24789.25,24828.75,24760.0,24821.75,90944.0
2026-03-06T15:30:00Z,24822.25,24892.75,24810.0,24838.0,98333.0
2026-03-06T15:45:00Z,24837.0,24884.5,24752.0,24858.5,100629.0
2026-03-06T16:00:00Z,24858.5,24899.25,24816.5,24823.75,74014.0
2026-03-06T16:15:00Z,24824.25,24864.5,24791.0,24844.0,78213.0
2026-03-06T16:30:00Z,24843.75,24874.25,24796.25,24849.75,65765.0
2026-03-06T16:45:00Z,24849.75,24915.5,24842.75,24880.5,68312.0
2026-03-06T17:00:00Z,24881.0,24921.0,24821.75,24834.5,58911.0
2026-03-06T17:15:00Z,24834.5,24870.75,24792.75,24813.25,54245.0
2026-03-06T17:30:00Z,24812.75,24826.0,24744.0,24770.0,51223.0
2026-03-06T17:45:00Z,24770.0,24825.75,24769.25,24784.75,48419.0
2026-03-06T18:00:00Z,24785.0,24895.75,24779.25,24888.0,63753.0
2026-03-06T18:15:00Z,24889.25,24899.0,24814.25,24831.0,53910.0
2026-03-06T18:30:00Z,24830.75,24861.5,24805.75,24841.0,50254.0
2026-03-06T18:45:00Z,24840.75,24848.0,24790.5,24800.5,35360.0
2026-03-06T19:00:00Z,24800.5,24854.0,24790.25,24842.5,34988.0
2026-03-06T19:15:00Z,24841.75,24848.25,24782.75,24819.25,41362.0
2026-03-06T19:30:00Z,24819.0,24840.0,24785.0,24797.5,35870.0
2026-03-06T19:45:00Z,24797.75,24815.75,24774.25,24808.75,33608.0
2026-03-06T20:00:00Z,24808.0,24853.25,24726.0,24750.0,52338.0
2026-03-06T20:15:00Z,24750.75,24774.0,24643.25,24653.25,59005.0
2026-03-06T20:30:00Z,24652.75,24707.0,24605.0,24680.0,73663.0
2026-03-06T20:45:00Z,24679.25,24703.75,24651.75,24667.75,56964.0
2026-03-06T21:00:00Z,24667.25,24678.0,24621.75,24658.5,25711.0
2026-03-06T21:15:00Z,24658.25,24659.25,24630.25,24633.5,7721.0
2026-03-06T21:30:00Z,24634.0,24668.25,24631.25,24662.25,6757.0
2026-03-06T21:45:00Z,24662.5,24682.0,24658.25,24670.25,3864.0
2026-03-08T22:00:00Z,24246.5,24285.5,24225.0,24233.5,47648.0
2026-03-08T22:15:00Z,24233.25,24299.0,24224.0,24293.25,20822.0
2026-03-08T22:30:00Z,24293.25,24312.25,24273.25,24301.75,13506.0
2026-03-08T22:45:00Z,24302.5,24320.0,24278.25,24305.25,13861.0
2026-03-08T23:00:00Z,24305.75,24326.5,24264.0,24282.25,17698.0
2026-03-08T23:15:00Z,24281.75,24296.5,24259.5,24277.0,12305.0
2026-03-08T23:30:00Z,24277.25,24280.75,24227.5,24240.75,17172.0
2026-03-08T23:45:00Z,24240.25,24242.75,24167.0,24214.5,28560.0
2026-03-09T00:00:00Z,24215.25,24239.25,24185.25,24203.0,26857.0
2026-03-09T00:15:00Z,24201.75,24208.5,24129.25,24164.0,26164.0
2026-03-09T00:30:00Z,24164.25,24207.25,24133.5,24140.75,21140.0
2026-03-09T00:45:00Z,24141.25,24148.0,24092.0,24119.0,23094.0
2026-03-09T01:00:00Z,24118.75,24137.5,24063.0,24086.5,25419.0
2026-03-09T01:15:00Z,24086.5,24102.25,24066.25,24071.75,16441.0
2026-03-09T01:30:00Z,24071.25,24116.75,24050.0,24061.25,21164.0
2026-03-09T01:45:00Z,24060.75,24067.75,24005.0,24008.25,23261.0
2026-03-09T02:00:00Z,24010.5,24057.5,24004.0,24027.5,19185.0
2026-03-09T02:15:00Z,24026.75,24066.75,23999.0,24047.5,20916.0
2026-03-09T02:30:00Z,24047.0,24087.25,24027.75,24082.0,15427.0
2026-03-09T02:45:00Z,24082.5,24103.5,24065.5,24085.0,13073.0
2026-03-09T03:00:00Z,24084.0,24110.0,24081.25,24106.75,11258.0
2026-03-09T03:15:00Z,24106.25,24130.0,24092.0,24098.75,12812.0
2026-03-09T03:30:00Z,24098.25,24132.75,24077.75,24085.0,13128.0
2026-03-09T03:45:00Z,24084.25,24114.5,24076.75,24096.0,10169.0
2026-03-09T04:00:00Z,24093.5,24134.75,24092.0,24110.25,10563.0
2026-03-09T04:15:00Z,24109.75,24133.0,24098.25,24130.5,6434.0
2026-03-09T04:30:00Z,24129.75,24134.5,24109.0,24114.25,5737.0
2026-03-09T04:45:00Z,24114.5,24120.25,24099.0,24101.5,5932.0
2026-03-09T05:00:00Z,24102.0,24151.25,24086.0,24141.25,11739.0
2026-03-09T05:15:00Z,24140.5,24205.0,24113.5,24203.25,19049.0
2026-03-09T05:30:00Z,24203.0,24222.75,24162.0,24209.0,14973.0
2026-03-09T05:45:00Z,24209.5,24258.5,24193.75,24257.75,13930.0
2026-03-09T06:00:00Z,24258.0,24303.75,24230.5,24288.75,15895.0
2026-03-09T06:15:00Z,24289.0,24316.75,24270.25,24294.25,11235.0
2026-03-09T06:30:00Z,24294.75,24307.75,24253.5,24265.5,10775.0
2026-03-09T06:45:00Z,24265.75,24270.0,24226.75,24245.25,11678.0
2026-03-09T07:00:00Z,24245.0,24278.25,24210.25,24267.5,16326.0
2026-03-09T07:15:00Z,24266.75,24314.25,24244.25,24298.75,13322.0
2026-03-09T07:30:00Z,24299.75,24304.0,24259.25,24283.5,11304.0
2026-03-09T07:45:00Z,24283.25,24295.25,24255.5,24277.5,10039.0
2026-03-09T08:00:00Z,24278.0,24311.5,24247.5,24260.0,29034.0
2026-03-09T08:15:00Z,24259.5,24315.75,24233.0,24276.75,23490.0
2026-03-09T08:30:00Z,24277.0,24337.75,24275.5,24284.75,20312.0
2026-03-09T08:45:00Z,24284.0,24327.25,24268.0,24313.5,16046.0
2026-03-09T09:00:00Z,24313.75,24350.5,24284.25,24346.0,18552.0
2026-03-09T09:15:00Z,24346.75,24428.75,24342.25,24410.0,21542.0
2026-03-09T09:30:00Z,24409.0,24495.0,24380.0,24462.5,30384.0
2026-03-09T09:45:00Z,24462.25,24483.75,24393.25,24420.0,19033.0
2026-03-09T10:00:00Z,24420.25,24434.75,24368.75,24382.0,16329.0
2026-03-09T10:15:00Z,24381.25,24416.0,24377.0,24379.25,12236.0
2026-03-09T10:30:00Z,24379.0,24417.75,24358.75,24390.75,15155.0
2026-03-09T10:45:00Z,24390.0,24401.5,24344.75,24370.75,12903.0
2026-03-09T11:00:00Z,24372.0,24413.25,24366.75,24379.5,11223.0
2026-03-09T11:15:00Z,24379.5,24392.5,24350.0,24360.75,11613.0
2026-03-09T11:30:00Z,24360.75,24423.5,24354.25,24389.0,14489.0
2026-03-09T11:45:00Z,24388.75,24412.75,24374.5,24384.0,9933.0
2026-03-09T12:00:00Z,24384.25,24439.5,24378.5,24438.0,13654.0
2026-03-09T12:15:00Z,24438.0,24460.0,24433.5,24452.5,14259.0
2026-03-09T12:30:00Z,24451.75,24457.25,24363.5,24370.0,17808.0
2026-03-09T12:45:00Z,24369.0,24383.0,24348.75,24379.5,16007.0
2026-03-09T13:00:00Z,24380.0,24445.75,24375.0,24435.25,21802.0
2026-03-09T13:15:00Z,24434.0,24441.75,24387.5,24432.5,26060.0
2026-03-09T13:30:00Z,24432.75,24526.0,24354.75,24384.0,115116.0
2026-03-09T13:45:00Z,24383.25,24420.0,24313.25,24371.25,105860.0
2026-03-09T14:00:00Z,24371.25,24476.0,24323.5,24357.25,97421.0
2026-03-09T14:15:00Z,24357.75,24469.75,24340.75,24401.75,97330.0
2026-03-09T14:30:00Z,24401.0,24537.75,24398.25,24535.0,82808.0
2026-03-09T14:45:00Z,24535.5,24584.75,24529.75,24550.25,73720.0
2026-03-09T15:00:00Z,24550.0,24609.75,24549.5,24600.5,52800.0
2026-03-09T15:15:00Z,24600.75,24649.75,24581.75,24642.75,55592.0
2026-03-09T15:30:00Z,24643.0,24644.0,24592.5,24607.75,48647.0
2026-03-09T15:45:00Z,24607.5,24658.5,24598.25,24641.5,42581.0
2026-03-09T16:00:00Z,24642.75,24678.25,24630.0,24663.25,40776.0
2026-03-09T16:15:00Z,24663.5,24728.25,24634.0,24690.75,49560.0
2026-03-09T16:30:00Z,24691.0,24747.25,24653.5,24737.75,48608.0
2026-03-09T16:45:00Z,24738.0,24750.0,24705.0,24709.0,32738.0
2026-03-09T17:00:00Z,24709.25,24712.5,24665.5,24683.75,36615.0
2026-03-09T17:15:00Z,24684.0,24688.5,24606.0,24612.75,43446.0
2026-03-09T17:30:00Z,24612.5,24623.25,24575.5,24584.0,41919.0
2026-03-09T17:45:00Z,24584.25,24630.75,24581.5,24610.75,34980.0
2026-03-09T18:00:00Z,24611.75,24649.5,24608.75,24639.25,37760.0
2026-03-09T18:15:00Z,24639.0,24683.5,24629.5,24650.5,36520.0
2026-03-09T18:30:00Z,24650.0,24702.0,24647.5,24686.5,32870.0
2026-03-09T18:45:00Z,24686.75,24708.25,24650.0,24655.75,28286.0
2026-03-09T19:00:00Z,24656.0,24681.25,24640.75,24668.25,26713.0
2026-03-09T19:15:00Z,24668.75,24960.0,24661.75,24953.0,105818.0
2026-03-09T19:30:00Z,24953.5,25054.5,24894.25,24969.25,96190.0
2026-03-09T19:45:00Z,24969.25,25018.25,24937.75,24992.0,62315.0
2026-03-09T20:00:00Z,24992.0,25025.75,24934.25,24963.5,29056.0
2026-03-09T20:15:00Z,24962.75,24967.25,24906.75,24963.25,16819.0
2026-03-09T20:30:00Z,24962.0,24975.0,24938.75,24959.75,12997.0
2026-03-09T20:45:00Z,24959.75,24974.75,24940.75,24958.25,9064.0
2026-03-09T22:00:00Z,24978.0,24983.0,24884.5,24934.75,12084.0
2026-03-09T22:15:00Z,24935.5,24945.0,24873.25,24933.5,15466.0
2026-03-09T22:30:00Z,24933.75,24935.0,24888.0,24925.75,9146.0
2026-03-09T22:45:00Z,24925.0,24936.0,24894.5,24908.0,6696.0
2026-03-09T23:00:00Z,24908.5,24933.0,24891.25,24925.0,7547.0
2026-03-09T23:15:00Z,24925.0,24933.0,24901.5,24917.5,5804.0
2026-03-09T23:30:00Z,24917.0,24918.75,24875.0,24876.5,7093.0
2026-03-09T23:45:00Z,24877.25,24887.0,24858.25,24881.75,9738.0
2026-03-10T00:00:00Z,24881.5,24894.0,24832.5,24841.75,15338.0
2026-03-10T00:15:00Z,24841.25,24919.5,24841.0,24917.25,13521.0
2026-03-10T00:30:00Z,24916.5,24965.75,24893.5,24960.0,14706.0
2026-03-10T00:45:00Z,24960.0,24970.25,24933.25,24934.5,9698.0
2026-03-10T01:00:00Z,24934.75,24975.0,24925.75,24962.25,12069.0
2026-03-10T01:15:00Z,24963.0,24978.0,24948.75,24955.25,9187.0
2026-03-10T01:30:00Z,24955.25,24969.25,24935.25,24947.75,9224.0
2026-03-10T01:45:00Z,24948.5,24998.25,24945.0,24987.75,9229.0
2026-03-10T02:00:00Z,24987.0,24999.25,24966.25,24977.75,7408.0
2026-03-10T02:15:00Z,24977.5,24980.75,24967.25,24974.0,3425.0
2026-03-10T02:30:00Z,24973.25,24975.5,24939.0,24944.75,8263.0
2026-03-10T02:45:00Z,24944.25,24950.0,24906.75,24927.0,10144.0
2026-03-10T03:00:00Z,24926.75,24950.5,24921.0,24928.75,7959.0
2026-03-10T03:15:00Z,24928.25,24961.5,24909.75,24923.5,8864.0
2026-03-10T03:30:00Z,24922.75,24925.25,24865.5,24866.5,9493.0
2026-03-10T03:45:00Z,24867.5,24899.25,24854.25,24888.5,9285.0
2026-03-10T04:00:00Z,24885.0,24893.0,24874.0,24890.0,6603.0
2026-03-10T04:15:00Z,24889.5,24906.0,24882.75,24887.0,4741.0
2026-03-10T04:30:00Z,24888.25,24920.0,24879.5,24906.0,5502.0
2026-03-10T04:45:00Z,24904.75,24913.5,24881.75,24904.5,5299.0
2026-03-10T05:00:00Z,24903.75,24956.25,24902.75,24939.25,7872.0
2026-03-10T05:15:00Z,24939.75,24948.75,24919.0,24933.75,5248.0
2026-03-10T05:30:00Z,24933.75,24954.0,24921.0,24941.0,6119.0
2026-03-10T05:45:00Z,24941.0,24962.5,24934.25,24957.0,4147.0
2026-03-10T06:00:00Z,24957.0,24967.75,24950.25,24961.5,4157.0
2026-03-10T06:15:00Z,24962.25,24967.0,24941.0,24965.25,4416.0
2026-03-10T06:30:00Z,24965.5,24983.0,24956.0,24957.5,6381.0
2026-03-10T06:45:00Z,24958.5,24963.0,24943.5,24953.25,4814.0
2026-03-10T07:00:00Z,24953.0,25019.0,24939.5,24989.75,14734.0
2026-03-10T07:15:00Z,24989.0,25065.5,24986.25,25059.5,14598.0
2026-03-10T07:30:00Z,25059.0,25076.75,25024.0,25056.0,13673.0
2026-03-10T07:45:00Z,25055.75,25074.75,25045.0,25073.0,10438.0
2026-03-10T08:00:00Z,25073.25,25145.0,25063.0,25112.75,25251.0
2026-03-10T08:15:00Z,25112.75,25135.75,25098.25,25123.75,12599.0
2026-03-10T08:30:00Z,25123.25,25146.75,25112.5,25126.75,11240.0
2026-03-10T08:45:00Z,25127.0,25139.0,25079.25,25086.75,12574.0
2026-03-10T09:00:00Z,25087.0,25134.5,25081.25,25122.5,10122.0
2026-03-10T09:15:00Z,25123.5,25124.25,25093.25,25108.0,7787.0
2026-03-10T09:30:00Z,25108.0,25127.75,25098.25,25115.25,7178.0
2026-03-10T09:45:00Z,25114.75,25117.75,25085.5,25090.75,7581.0
2026-03-10T10:00:00Z,25091.25,25095.75,25053.75,25063.75,10789.0
2026-03-10T10:15:00Z,25063.0,25082.25,25045.0,25079.5,9054.0
2026-03-10T10:30:00Z,25079.0,25092.25,25020.25,25063.75,15363.0
2026-03-10T10:45:00Z,25063.0,25074.0,25044.5,25066.5,7292.0
2026-03-10T11:00:00Z,25065.75,25108.0,25005.25,25008.0,25569.0
2026-03-10T11:15:00Z,25008.75,25029.25,24994.75,25022.75,12497.0
2026-03-10T11:30:00Z,25023.5,25027.25,24967.5,24973.5,12348.0
2026-03-10T11:45:00Z,24974.25,24992.25,24958.5,24971.5,14532.0
2026-03-10T12:00:00Z,24972.5,24976.0,24900.75,24931.75,23247.0
2026-03-10T12:15:00Z,24931.75,24951.0,24914.0,24918.75,12896.0
2026-03-10T12:30:00Z,24919.25,24960.25,24892.5,24950.25,18823.0
2026-03-10T12:45:00Z,24949.75,24999.5,24949.0,24968.75,20772.0
2026-03-10T13:00:00Z,24969.0,24992.25,24959.25,24970.25,19676.0
2026-03-10T13:15:00Z,24970.75,25008.75,24965.25,24990.75,20633.0
2026-03-10T13:30:00Z,24990.5,25081.0,24959.5,25030.5,131743.0
2026-03-10T13:45:00Z,25029.5,25056.75,24945.5,24964.25,95123.0
2026-03-10T14:00:00Z,24964.5,24998.75,24895.0,24931.25,104467.0
2026-03-10T14:15:00Z,24931.0,25024.75,24892.5,25003.5,95849.0
2026-03-10T14:30:00Z,25003.75,25117.0,25001.75,25102.75,82921.0
2026-03-10T14:45:00Z,25103.0,25153.25,25085.5,25151.75,54876.0
2026-03-10T15:00:00Z,25151.25,25182.0,25117.5,25125.0,61391.0
2026-03-10T15:15:00Z,25124.75,25177.0,25123.25,25143.25,44046.0
2026-03-10T15:30:00Z,25143.0,25172.0,25109.0,25149.5,49816.0
2026-03-10T15:45:00Z,25149.5,25163.5,25121.5,25148.75,37628.0
2026-03-10T16:00:00Z,25149.25,25150.25,25080.0,25115.25,48487.0
2026-03-10T16:15:00Z,25115.25,25161.5,25106.25,25131.5,44606.0
2026-03-10T16:30:00Z,25131.5,25165.25,25131.5,25161.25,33094.0
2026-03-10T16:45:00Z,25162.0,25169.25,25117.25,25156.0,37186.0
2026-03-10T17:00:00Z,25156.25,25180.0,25145.25,25157.25,39538.0
2026-03-10T17:15:00Z,25158.25,25217.75,25155.75,25212.0,44544.0
2026-03-10T17:30:00Z,25212.25,25212.25,25102.0,25135.0,70177.0
2026-03-10T17:45:00Z,25135.75,25188.25,25128.0,25169.25,39065.0
2026-03-10T18:00:00Z,25169.5,25180.75,25036.25,25039.5,53870.0
2026-03-10T18:15:00Z,25039.5,25104.25,24987.5,25067.5,108095.0
2026-03-10T18:30:00Z,25067.0,25109.5,25024.25,25037.0,77129.0
2026-03-10T18:45:00Z,25037.25,25087.5,25026.75,25029.0,46567.0
2026-03-10T19:00:00Z,25029.75,25052.5,25008.75,25046.75,44134.0
2026-03-10T19:15:00Z,25047.25,25073.0,24985.75,24988.0,59089.0
2026-03-10T19:30:00Z,24988.5,25032.75,24956.0,24993.0,66741.0
2026-03-10T19:45:00Z,24992.75,25006.25,24940.75,24985.75,52481.0
2026-03-10T20:00:00Z,24985.75,25038.25,24985.5,25033.0,22193.0
2026-03-10T20:15:00Z,25033.25,25035.0,25012.0,25024.25,8218.0
2026-03-10T20:30:00Z,25024.0,25029.0,25008.75,25016.75,5771.0
2026-03-10T20:45:00Z,25017.0,25026.5,24993.0,25008.75,4336.0
2026-03-10T22:00:00Z,25015.0,25015.5,24979.25,25012.5,3288.0
2026-03-10T22:15:00Z,25013.0,25020.0,24968.25,24972.0,6288.0
2026-03-10T22:30:00Z,24971.75,24977.75,24951.5,24953.0,4916.0
2026-03-10T22:45:00Z,24953.25,24970.75,24952.75,24970.0,3218.0
2026-03-10T23:00:00Z,24970.5,24987.0,24963.25,24983.75,5044.0
2026-03-10T23:15:00Z,24983.75,24995.25,24978.25,24984.75,4913.0
2026-03-10T23:30:00Z,24984.75,24986.75,24974.0,24979.75,4141.0
2026-03-10T23:45:00Z,24979.25,25025.5,24978.0,25015.75,8345.0
2026-03-11T00:00:00Z,25016.5,25073.25,25009.25,25058.0,16392.0
2026-03-11T00:15:00Z,25058.0,25085.75,25049.25,25069.25,12510.0
2026-03-11T00:30:00Z,25069.25,25076.75,25052.75,25059.5,6588.0
2026-03-11T00:45:00Z,25059.75,25076.5,25052.0,25061.0,5353.0
2026-03-11T01:00:00Z,25061.25,25077.75,25050.5,25076.5,7052.0
2026-03-11T01:15:00Z,25075.5,25083.5,25070.75,25076.0,4926.0
2026-03-11T01:30:00Z,25076.0,25098.0,25073.0,25092.75,5779.0
2026-03-11T01:45:00Z,25093.25,25094.25,25082.0,25091.0,4430.0
2026-03-11T02:00:00Z,25091.0,25093.5,25075.25,25079.0,4075.0
2026-03-11T02:15:00Z,25080.25,25102.5,25079.75,25088.5,5285.0
2026-03-11T02:30:00Z,25087.5,25092.5,25073.75,25089.0,4292.0
2026-03-11T02:45:00Z,25089.0,25099.0,25084.5,25094.25,2514.0
2026-03-11T03:00:00Z,25094.25,25100.0,25086.5,25093.25,2619.0
2026-03-11T03:15:00Z,25092.75,25099.75,25090.25,25093.0,1921.0
2026-03-11T03:30:00Z,25093.0,25119.0,25092.5,25114.5,5710.0
2026-03-11T03:45:00Z,25113.75,25123.5,25109.25,25118.0,2727.0
2026-03-11T04:00:00Z,25116.0,25117.5,25110.5,25116.25,3002.0
2026-03-11T04:15:00Z,25116.0,25119.0,25113.0,25117.75,1430.0
2026-03-11T04:30:00Z,25117.75,25118.0,25096.25,25097.0,3968.0
2026-03-11T04:45:00Z,25097.5,25106.0,25086.75,25091.75,3671.0
2026-03-11T05:00:00Z,25091.75,25095.25,25056.25,25061.75,7057.0
2026-03-11T05:15:00Z,25061.0,25076.5,25058.25,25065.25,4622.0
2026-03-11T05:30:00Z,25065.25,25066.0,25040.0,25041.0,6101.0
2026-03-11T05:45:00Z,25040.75,25043.5,25025.25,25030.25,6331.0
2026-03-11T06:00:00Z,25029.5,25038.75,25010.5,25038.25,8285.0
2026-03-11T06:15:00Z,25037.75,25042.0,25008.25,25020.25,6242.0
2026-03-11T06:30:00Z,25020.0,25053.5,25019.75,25049.25,6203.0
2026-03-11T06:45:00Z,25048.75,25048.75,25023.5,25041.25,3886.0
2026-03-11T07:00:00Z,25040.75,25048.25,25008.5,25033.25,7177.0
2026-03-11T07:15:00Z,25033.25,25035.25,24998.0,25002.0,8957.0
2026-03-11T07:30:00Z,25002.5,25009.5,24947.5,24963.75,13404.0
2026-03-11T07:45:00Z,24964.0,25006.25,24954.0,25006.0,10991.0
2026-03-11T08:00:00Z,25005.5,25028.0,24997.25,25027.0,14059.0
2026-03-11T08:15:00Z,25027.75,25032.75,24999.0,25011.0,11880.0
2026-03-11T08:30:00Z,25012.5,25037.75,24979.0,24990.75,11974.0
2026-03-11T08:45:00Z,24991.25,24999.0,24934.0,24965.75,16297.0
2026-03-11T09:00:00Z,24966.5,24969.75,24925.0,24936.25,11720.0
2026-03-11T09:15:00Z,24935.0,24971.0,24921.0,24923.25,8896.0
2026-03-11T09:30:00Z,24922.75,24948.25,24913.25,24921.75,7379.0
2026-03-11T09:45:00Z,24922.0,24940.5,24899.5,24902.25,8221.0
2026-03-11T10:00:00Z,24902.0,24974.5,24895.25,24974.0,11644.0
2026-03-11T10:15:00Z,24973.75,24986.25,24958.25,24976.75,7413.0
2026-03-11T10:30:00Z,24976.5,25020.5,24970.5,25016.0,9771.0
2026-03-11T10:45:00Z,25017.0,25025.0,25009.25,25017.25,7007.0
2026-03-11T11:00:00Z,25017.75,25043.5,25012.0,25031.75,11424.0
2026-03-11T11:15:00Z,25031.5,25039.0,24970.75,24978.0,10963.0
2026-03-11T11:30:00Z,24978.0,24994.75,24955.5,24970.5,11516.0
2026-03-11T11:45:00Z,24970.5,24998.25,24928.5,24946.25,18672.0
2026-03-11T12:00:00Z,24947.0,24972.0,24937.75,24956.0,9441.0
2026-03-11T12:15:00Z,24955.75,24998.5,24949.25,24991.5,9120.0
2026-03-11T12:30:00Z,24991.5,25056.0,24920.75,24932.5,28475.0
2026-03-11T12:45:00Z,24932.75,24958.75,24908.5,24945.5,20109.0
2026-03-11T13:00:00Z,24945.0,24999.5,24943.25,24963.75,26380.0
2026-03-11T13:15:00Z,24964.25,25036.0,24960.25,25035.0,22024.0
2026-03-11T13:30:00Z,25035.0,25115.5,25035.0,25070.25,91012.0
2026-03-11T13:45:00Z,25070.25,25108.25,25014.75,25101.5,96882.0
2026-03-11T14:00:00Z,25101.5,25180.0,25058.0,25101.25,122870.0
2026-03-11T14:15:00Z,25102.0,25111.5,24978.75,25027.75,86718.0
2026-03-11T14:30:00Z,25027.75,25053.25,24958.5,25036.25,81266.0
2026-03-11T14:45:00Z,25036.25,25080.25,25016.0,25065.0,52190.0
2026-03-11T15:00:00Z,25065.5,25090.0,24953.25,24993.75,78399.0
2026-03-11T15:15:00Z,24994.0,25018.25,24933.0,24935.25,71657.0
2026-03-11T15:30:00Z,24935.0,24964.0,24911.25,24919.25,64548.0
2026-03-11T15:45:00Z,24920.25,24960.75,24892.0,24934.75,56265.0
2026-03-11T16:00:00Z,24934.5,24941.25,24897.25,24932.75,47116.0
2026-03-11T16:15:00Z,24932.75,24953.0,24906.0,24952.0,39784.0
2026-03-11T16:30:00Z,24951.75,25007.0,24949.25,24979.25,48651.0
2026-03-11T16:45:00Z,24979.75,25012.25,24966.0,25007.0,24501.0
2026-03-11T17:00:00Z,25007.0,25035.0,24984.75,24996.0,31591.0
2026-03-11T17:15:00Z,24995.5,25021.0,24970.25,25007.25,29173.0
2026-03-11T17:30:00Z,25007.5,25016.5,24873.75,24934.5,68592.0
2026-03-11T17:45:00Z,24934.25,24984.75,24915.5,24952.25,46662.0
2026-03-11T18:00:00Z,24951.5,24961.75,24890.25,24912.75,34838.0
2026-03-11T18:15:00Z,24913.25,24958.0,24901.25,24948.5,36801.0
2026-03-11T18:30:00Z,24949.0,24966.0,24933.75,24943.0,27665.0
2026-03-11T18:45:00Z,24943.5,24977.5,24930.5,24957.75,30454.0
2026-03-11T19:00:00Z,24958.25,24966.0,24916.0,24921.5,27340.0
2026-03-11T19:15:00Z,24921.0,24944.75,24913.5,24935.0,22159.0
2026-03-11T19:30:00Z,24934.75,24987.25,24928.5,24976.75,25693.0
2026-03-11T19:45:00Z,24976.5,25006.75,24955.0,24984.0,30599.0
2026-03-11T20:00:00Z,24983.75,24991.25,24946.75,24964.25,16792.0
2026-03-11T20:15:00Z,24964.5,24970.0,24958.5,24964.5,2821.0
2026-03-11T20:30:00Z,24964.5,24969.5,24960.0,24967.75,2713.0
2026-03-11T20:45:00Z,24967.5,24969.0,24940.0,24947.5,4098.0
2026-03-11T22:00:00Z,24940.0,24949.75,24890.25,24905.0,5901.0
2026-03-11T22:15:00Z,24905.0,24907.0,24845.0,24861.0,12430.0
2026-03-11T22:30:00Z,24862.25,24871.0,24816.0,24831.5,14471.0
2026-03-11T22:45:00Z,24830.75,24851.75,24817.0,24850.0,10310.0
2026-03-11T23:00:00Z,24848.5,24854.25,24791.5,24829.0,13092.0
2026-03-11T23:15:00Z,24828.25,24848.0,24802.25,24803.75,10464.0
2026-03-11T23:30:00Z,24803.25,24805.0,24738.5,24740.25,21268.0
2026-03-11T23:45:00Z,24739.75,24789.0,24732.5,24788.0,14144.0
2026-03-12T00:00:00Z,24787.75,24791.25,24743.75,24755.25,13568.0
2026-03-12T00:15:00Z,24755.25,24781.0,24740.25,24768.5,11851.0
2026-03-12T00:30:00Z,24768.25,24805.5,24765.0,24795.25,8966.0
2026-03-12T00:45:00Z,24794.25,24804.75,24781.75,24791.0,6401.0
2026-03-12T01:00:00Z,24791.25,24801.25,24768.5,24783.5,10494.0
2026-03-12T01:15:00Z,24783.75,24820.0,24781.25,24819.25,8595.0
2026-03-12T01:30:00Z,24818.5,24842.25,24817.5,24835.75,8768.0
2026-03-12T01:45:00Z,24836.0,24836.75,24773.5,24789.25,12906.0
2026-03-12T02:00:00Z,24790.0,24795.75,24773.5,24776.25,6894.0
2026-03-12T02:15:00Z,24776.25,24786.75,24749.25,24755.25,9210.0
2026-03-12T02:30:00Z,24755.25,24760.0,24703.75,24730.5,14898.0
2026-03-12T02:45:00Z,24731.0,24737.5,24710.5,24729.75,8131.0
2026-03-12T03:00:00Z,24729.5,24758.75,24725.25,24732.0,8192.0
2026-03-12T03:15:00Z,24732.0,24743.0,24721.25,24723.25,5237.0
2026-03-12T03:30:00Z,24723.0,24725.0,24696.25,24709.75,8482.0
2026-03-12T03:45:00Z,24709.5,24729.75,24704.25,24726.5,5105.0
2026-03-12T04:00:00Z,24744.0,24744.75,24728.75,24737.25,6856.0
2026-03-12T04:15:00Z,24736.5,24751.75,24730.0,24744.0,4307.0
2026-03-12T04:30:00Z,24743.75,24746.25,24710.75,24711.0,5017.0
2026-03-12T04:45:00Z,24711.0,24726.75,24709.25,24718.75,3823.0
2026-03-12T05:00:00Z,24718.25,24777.5,24717.5,24761.75,11806.0
2026-03-12T05:15:00Z,24762.0,24766.25,24744.0,24752.5,5060.0
2026-03-12T05:30:00Z,24752.75,24779.5,24746.0,24773.0,5343.0
2026-03-12T05:45:00Z,24774.25,24776.75,24731.5,24771.25,7691.0
2026-03-12T06:00:00Z,24770.75,24771.5,24746.25,24753.5,4385.0
2026-03-12T06:15:00Z,24753.75,24787.5,24752.5,24786.75,7533.0
2026-03-12T06:30:00Z,24787.25,24799.0,24779.5,24795.75,4671.0
2026-03-12T06:45:00Z,24795.5,24813.75,24789.0,24809.5,4844.0
2026-03-12T07:00:00Z,24809.5,24825.5,24807.75,24823.75,6460.0
2026-03-12T07:15:00Z,24823.75,24838.75,24818.5,24833.75,6474.0
2026-03-12T07:30:00Z,24833.5,24835.25,24808.5,24828.75,7349.0
2026-03-12T07:45:00Z,24829.25,24872.25,24812.5,24871.75,9230.0
2026-03-12T08:00:00Z,24870.75,24902.0,24866.75,24879.5,14986.0
2026-03-12T08:15:00Z,24879.5,24893.0,24856.25,24856.5,9429.0
2026-03-12T08:30:00Z,24856.5,24875.0,24837.0,24872.5,9660.0
2026-03-12T08:45:00Z,24872.5,24890.25,24858.75,24877.25,8412.0
2026-03-12T09:00:00Z,24877.75,24883.75,24832.5,24840.25,7850.0
2026-03-12T09:15:00Z,24840.0,24853.75,24813.25,24852.0,9385.0
2026-03-12T09:30:00Z,24853.75,24908.0,24851.0,24900.75,10410.0
2026-03-12T09:45:00Z,24901.0,24921.5,24888.0,24917.0,9659.0
2026-03-12T10:00:00Z,24917.0,24926.75,24893.25,24908.25,8155.0
2026-03-12T10:15:00Z,24907.75,24909.0,24882.0,24890.0,5814.0
2026-03-12T10:30:00Z,24889.5,24926.25,24882.5,24892.25,9785.0
2026-03-12T10:45:00Z,24891.75,24906.5,24875.0,24884.0,7090.0
2026-03-12T11:00:00Z,24883.75,24890.5,24858.5,24861.25,8062.0
2026-03-12T11:15:00Z,24861.75,24886.5,24847.0,24875.5,10931.0
2026-03-12T11:30:00Z,24875.75,24929.0,24875.75,24911.25,11450.0
2026-03-12T11:45:00Z,24911.25,24912.0,24852.5,24858.25,11906.0
2026-03-12T12:00:00Z,24858.25,24862.75,24810.0,24833.5,17918.0
2026-03-12T12:15:00Z,24834.0,24844.0,24818.0,24841.75,11313.0
2026-03-12T12:30:00Z,24841.5,24844.0,24801.0,24822.0,17507.0
2026-03-12T12:45:00Z,24821.75,24834.75,24801.75,24834.25,14541.0
2026-03-12T13:00:00Z,24833.25,24852.75,24800.0,24803.5,18317.0
2026-03-12T13:15:00Z,24802.75,24813.25,24750.5,24775.5,44624.0
2026-03-12T13:30:00Z,24775.75,24834.75,24742.0,24765.25,115820.0
2026-03-12T13:45:00Z,24765.0,24767.0,24630.5,24657.5,127729.0
2026-03-12T14:00:00Z,24658.75,24746.5,24652.0,24737.0,94693.0
2026-03-12T14:15:00Z,24737.25,24750.0,24616.75,24617.25,88459.0
2026-03-12T14:30:00Z,24617.5,24649.5,24572.5,24645.0,93394.0
2026-03-12T14:45:00Z,24645.0,24725.75,24600.5,24619.75,90634.0
2026-03-12T15:00:00Z,24620.25,24633.75,24561.0,24590.5,59969.0
2026-03-12T15:15:00Z,24590.0,24640.0,24568.75,24619.5,51902.0
2026-03-12T15:30:00Z,24619.5,24710.75,24578.75,24688.25,89612.0
2026-03-12T15:45:00Z,24688.75,24697.0,24623.5,24665.25,56224.0
2026-03-12T16:00:00Z,24666.0,24706.75,24587.75,24655.0,64041.0
2026-03-12T16:15:00Z,24655.25,24735.25,24632.25,24640.75,67001.0
2026-03-12T16:30:00Z,24639.75,24715.75,24630.5,24689.0,56988.0
2026-03-12T16:45:00Z,24689.0,24696.0,24624.0,24661.75,47122.0
2026-03-12T17:00:00Z,24661.5,24724.0,24656.25,24660.75,42870.0
2026-03-12T17:15:00Z,24660.75,24688.25,24630.75,24651.0,37369.0
2026-03-12T17:30:00Z,24651.5,24693.0,24642.75,24646.25,29684.0
2026-03-12T17:45:00Z,24646.75,24656.5,24585.25,24624.25,39386.0
2026-03-12T18:00:00Z,24625.5,24671.5,24624.75,24657.5,33419.0
2026-03-12T18:15:00Z,24657.25,24670.75,24611.75,24637.25,30547.0
2026-03-12T18:30:00Z,24637.5,24646.5,24602.25,24609.5,24454.0
2026-03-12T18:45:00Z,24609.5,24630.25,24594.75,24600.0,25043.0
2026-03-12T19:00:00Z,24599.75,24633.75,24569.5,24594.25,38523.0
2026-03-12T19:15:00Z,24593.5,24630.0,24583.75,24615.5,26051.0
2026-03-12T19:30:00Z,24615.5,24643.25,24572.75,24583.25,31832.0
2026-03-12T19:45:00Z,24583.5,24585.0,24543.0,24555.75,46759.0
2026-03-12T20:00:00Z,24555.5,24574.25,24517.0,24532.75,24758.0
2026-03-12T20:15:00Z,24532.75,24565.0,24531.0,24550.0,9134.0
2026-03-12T20:30:00Z,24550.0,24569.0,24546.0,24563.5,5394.0
2026-03-12T20:45:00Z,24563.75,24577.75,24561.0,24567.25,3393.0
2026-03-12T22:00:00Z,24565.0,24587.5,24538.0,24558.25,9830.0
2026-03-12T22:15:00Z,24559.25,24583.25,24540.75,24582.0,6978.0
2026-03-12T22:30:00Z,24581.0,24601.5,24574.0,24588.25,7682.0
2026-03-12T22:45:00Z,24588.75,24597.0,24570.5,24586.25,6105.0
2026-03-12T23:00:00Z,24586.75,24613.5,24585.0,24587.5,7647.0
2026-03-12T23:15:00Z,24588.25,24589.75,24562.75,24575.75,7372.0
2026-03-12T23:30:00Z,24575.75,24587.5,24550.25,24569.5,7671.0
2026-03-12T23:45:00Z,24568.25,24569.0,24526.25,24528.75,9856.0
2026-03-13T00:00:00Z,24529.0,24579.25,24491.5,24578.0,21942.0
2026-03-13T00:15:00Z,24578.75,24639.5,24578.0,24619.25,20474.0
2026-03-13T00:30:00Z,24620.0,24647.25,24615.0,24615.5,12581.0
2026-03-13T00:45:00Z,24615.25,24630.25,24604.75,24625.75,9731.0
2026-03-13T01:00:00Z,24626.0,24661.25,24624.25,24646.25,12807.0
2026-03-13T01:15:00Z,24646.5,24656.0,24636.0,24645.5,6599.0
2026-03-13T01:30:00Z,24645.25,24653.25,24633.0,24636.0,5303.0
2026-03-13T01:45:00Z,24637.25,24639.5,24619.0,24630.25,6276.0
2026-03-13T02:00:00Z,24629.75,24651.0,24625.0,24627.25,7019.0
2026-03-13T02:15:00Z,24626.75,24634.0,24615.0,24620.25,5419.0
2026-03-13T02:30:00Z,24619.75,24639.5,24603.75,24607.0,7270.0
2026-03-13T02:45:00Z,24607.5,24617.0,24599.0,24604.0,6151.0
2026-03-13T03:00:00Z,24604.25,24620.5,24589.75,24590.25,8147.0
2026-03-13T03:15:00Z,24590.5,24611.0,24582.25,24600.0,7463.0
2026-03-13T03:30:00Z,24599.75,24613.0,24583.75,24608.75,6977.0
2026-03-13T03:45:00Z,24608.5,24629.5,24608.25,24625.25,5315.0
2026-03-13T04:00:00Z,24620.5,24620.75,24603.75,24606.5,4586.0
2026-03-13T04:15:00Z,24607.5,24610.25,24578.75,24584.5,6758.0
2026-03-13T04:30:00Z,24585.25,24587.75,24562.75,24587.25,6530.0
2026-03-13T04:45:00Z,24587.0,24588.5,24567.75,24575.75,4042.0
2026-03-13T05:00:00Z,24576.5,24585.75,24553.25,24557.75,6071.0
2026-03-13T05:15:00Z,24558.5,24584.5,24555.0,24581.0,5325.0
2026-03-13T05:30:00Z,24581.5,24599.75,24569.5,24573.25,5706.0
2026-03-13T05:45:00Z,24573.25,24589.25,24567.25,24585.75,3739.0
2026-03-13T06:00:00Z,24585.0,24596.0,24563.0,24579.0,6439.0
2026-03-13T06:15:00Z,24578.25,24580.25,24538.75,24549.25,6688.0
2026-03-13T06:30:00Z,24549.0,24560.0,24515.0,24516.5,10552.0
2026-03-13T06:45:00Z,24516.5,24521.0,24476.0,24480.75,12753.0
2026-03-13T07:00:00Z,24479.5,24488.25,24423.75,24431.75,19215.0
2026-03-13T07:15:00Z,24431.5,24462.25,24410.5,24457.25,15804.0
2026-03-13T07:30:00Z,24457.75,24476.0,24447.75,24460.75,12304.0
2026-03-13T07:45:00Z,24461.0,24463.0,24423.0,24447.5,9312.0
2026-03-13T08:00:00Z,24448.75,24460.5,24397.5,24409.75,20631.0
2026-03-13T08:15:00Z,24409.5,24435.5,24397.5,24415.5,12877.0
2026-03-13T08:30:00Z,24415.0,24483.0,24414.5,24468.25,14390.0
2026-03-13T08:45:00Z,24468.75,24523.75,24456.0,24513.0,13478.0
2026-03-13T09:00:00Z,24513.25,24574.75,24513.25,24530.5,22660.0
2026-03-13T09:15:00Z,24530.75,24542.75,24512.5,24527.5,8797.0
2026-03-13T09:30:00Z,24527.0,24534.75,24509.5,24529.5,8679.0
2026-03-13T09:45:00Z,24529.0,24553.0,24518.5,24530.25,8718.0
2026-03-13T10:00:00Z,24532.0,24594.75,24525.0,24589.75,11795.0
2026-03-13T10:15:00Z,24589.5,24613.25,24578.5,24584.5,9342.0
2026-03-13T10:30:00Z,24585.75,24587.25,24568.25,24579.0,6431.0
2026-03-13T10:45:00Z,24579.5,24623.25,24573.5,24618.0,16387.0
2026-03-13T11:00:00Z,24618.0,24645.5,24602.25,24617.75,18060.0
2026-03-13T11:15:00Z,24617.75,24653.5,24605.0,24629.25,13278.0
2026-03-13T11:30:00Z,24628.75,24649.75,24621.0,24648.0,10033.0
2026-03-13T11:45:00Z,24648.75,24665.25,24638.0,24662.75,12236.0
2026-03-13T12:00:00Z,24662.5,24676.75,24635.25,24650.0,13993.0
2026-03-13T12:15:00Z,24650.25,24659.0,24630.25,24653.75,11398.0
2026-03-13T12:30:00Z,24653.75,24680.25,24634.0,24659.25,20945.0
2026-03-13T12:45:00Z,24659.25,24735.25,24657.75,24681.25,37486.0
2026-03-13T13:00:00Z,24680.75,24689.75,24642.0,24668.0,24636.0
2026-03-13T13:15:00Z,24667.75,24684.5,24637.25,24645.5,20581.0
2026-03-13T13:30:00Z,24645.5,24772.75,24611.0,24770.0,134231.0
2026-03-13T13:45:00Z,24770.0,24805.0,24720.75,24727.75,102973.0
2026-03-13T14:00:00Z,24728.0,24765.5,24658.25,24666.75,98011.0
2026-03-13T14:15:00Z,24666.75,24703.5,24633.75,24674.25,88049.0
2026-03-13T14:30:00Z,24674.5,24728.25,24594.0,24595.25,95068.0
2026-03-13T14:45:00Z,24596.5,24597.75,24480.75,24491.0,114034.0
2026-03-13T15:00:00Z,24490.5,24569.5,24461.5,24561.5,91889.0
2026-03-13T15:15:00Z,24561.75,24564.0,24462.0,24470.0,65973.0
2026-03-13T15:30:00Z,24469.5,24496.5,24402.5,24414.25,81982.0
2026-03-13T15:45:00Z,24413.75,24474.5,24391.75,24409.0,81397.0
2026-03-13T16:00:00Z,24409.0,24474.5,24406.25,24435.5,61360.0
2026-03-13T16:15:00Z,24436.25,24463.0,24411.5,24444.25,46431.0
2026-03-13T16:30:00Z,24443.75,24488.25,24426.5,24428.25,49870.0
2026-03-13T16:45:00Z,24428.0,24473.75,24386.0,24396.75,54287.0
2026-03-13T17:00:00Z,24396.25,24459.75,24390.75,24459.25,42990.0
2026-03-13T17:15:00Z,24459.75,24474.25,24419.25,24450.25,42349.0
2026-03-13T17:30:00Z,24448.75,24456.0,24407.0,24425.25,36062.0
2026-03-13T17:45:00Z,24425.25,24433.0,24353.0,24374.25,44510.0
2026-03-13T18:00:00Z,24374.25,24407.75,24370.75,24401.25,33362.0
2026-03-13T18:15:00Z,24400.75,24416.25,24367.25,24412.0,33713.0
2026-03-13T18:30:00Z,24411.25,24462.5,24401.0,24458.0,33934.0
2026-03-13T18:45:00Z,24457.0,24472.75,24440.5,24448.75,30921.0
2026-03-13T19:00:00Z,24448.75,24449.5,24406.0,24416.25,33920.0
2026-03-13T19:15:00Z,24416.25,24431.5,24368.0,24376.75,38638.0
2026-03-13T19:30:00Z,24376.75,24398.75,24350.75,24367.75,33955.0
2026-03-13T19:45:00Z,24367.75,24404.0,24357.0,24397.5,43025.0
2026-03-13T20:00:00Z,24397.75,24400.75,24359.0,24364.25,18098.0
2026-03-13T20:15:00Z,24363.75,24379.75,24361.0,24369.0,6322.0
2026-03-13T20:30:00Z,24369.25,24383.5,24361.5,24365.0,4909.0
2026-03-13T20:45:00Z,24365.0,24394.25,24335.25,24394.25,4438.0
2026-03-15T22:00:00Z,24323.75,24337.25,24305.25,24313.0,14224.0
2026-03-15T22:15:00Z,24313.25,24350.0,24295.0,24338.75,7828.0
2026-03-15T22:30:00Z,24338.75,24396.75,24323.75,24392.25,9132.0
2026-03-15T22:45:00Z,24392.0,24476.0,24383.5,24466.0,15836.0
2026-03-15T23:00:00Z,24465.75,24495.75,24426.0,24449.25,17196.0
2026-03-15T23:15:00Z,24449.75,24454.25,24425.0,24434.25,5970.0
2026-03-15T23:30:00Z,24434.5,24449.25,24407.0,24433.5,8666.0
2026-03-15T23:45:00Z,24434.25,24461.25,24433.75,24440.5,7828.0
2026-03-16T00:00:00Z,24440.0,24519.75,24435.0,24507.75,16638.0
2026-03-16T00:15:00Z,24507.0,24526.25,24486.0,24492.25,8784.0
2026-03-16T00:30:00Z,24491.25,24512.25,24485.0,24499.0,6262.0
2026-03-16T00:45:00Z,24498.5,24521.0,24488.0,24510.75,5564.0
2026-03-16T01:00:00Z,24510.75,24523.0,24490.0,24500.75,6350.0
2026-03-16T01:15:00Z,24501.5,24520.0,24492.25,24493.25,5432.0
2026-03-16T01:30:00Z,24493.25,24497.75,24468.75,24482.0,9485.0
2026-03-16T01:45:00Z,24483.0,24525.0,24481.25,24516.5,7428.0
2026-03-16T02:00:00Z,24515.5,24518.5,24495.0,24502.0,5341.0
2026-03-16T02:15:00Z,24502.5,24512.0,24482.0,24487.25,5636.0
2026-03-16T02:30:00Z,24486.0,24491.0,24474.5,24479.0,3528.0
2026-03-16T02:45:00Z,24478.5,24500.0,24475.0,24488.5,4650.0
2026-03-16T03:00:00Z,24490.75,24502.0,24485.25,24495.5,1956.0
2026-03-16T03:15:00Z,24496.0,24514.25,24492.5,24507.5,2687.0
2026-03-16T03:30:00Z,24508.5,24520.0,24508.25,24516.5,2874.0
2026-03-16T03:45:00Z,24517.5,24539.75,24514.25,24532.75,3666.0
2026-03-16T04:00:00Z,24530.75,24542.0,24526.75,24533.0,2119.0
2026-03-16T04:15:00Z,24534.25,24550.0,24530.75,24532.75,2647.0
2026-03-16T04:30:00Z,24532.75,24534.5,24515.25,24517.0,2224.0
2026-03-16T04:45:00Z,24517.5,24530.0,24504.0,24507.0,3361.0
2026-03-16T05:00:00Z,24506.5,24526.0,24506.0,24524.0,2317.0
2026-03-16T05:15:00Z,24524.0,24526.75,24511.5,24515.5,1939.0
2026-03-16T05:30:00Z,24515.5,24542.25,24509.0,24536.75,2937.0
2026-03-16T05:45:00Z,24537.25,24562.0,24534.5,24560.0,4513.0
2026-03-16T06:00:00Z,24559.75,24564.75,24550.0,24553.5,2741.0
2026-03-16T06:15:00Z,24554.25,24558.0,24536.0,24539.0,2613.0
2026-03-16T06:30:00Z,24538.75,24557.75,24537.75,24545.25,2102.0
2026-03-16T06:45:00Z,24544.5,24568.0,24539.25,24565.25,2439.0
2026-03-16T07:00:00Z,24564.5,24585.25,24543.75,24544.25,5945.0
2026-03-16T07:15:00Z,24544.75,24551.25,24527.75,24531.25,3370.0
2026-03-16T07:30:00Z,24532.0,24541.75,24504.0,24516.0,5635.0
2026-03-16T07:45:00Z,24516.5,24535.25,24506.25,24513.75,3198.0
2026-03-16T08:00:00Z,24513.0,24570.5,24508.5,24531.25,7468.0
2026-03-16T08:15:00Z,24530.25,24552.5,24503.5,24527.75,6853.0
2026-03-16T08:30:00Z,24529.75,24542.0,24500.25,24505.0,4985.0
2026-03-16T08:45:00Z,24504.5,24541.0,24497.25,24528.5,5041.0
2026-03-16T09:00:00Z,24528.5,24536.75,24486.0,24525.0,5557.0
2026-03-16T09:15:00Z,24524.0,24533.75,24507.5,24512.0,4044.0
2026-03-16T09:30:00Z,24512.0,24512.0,24483.5,24485.25,4974.0
2026-03-16T09:45:00Z,24485.5,24515.75,24478.0,24491.75,4271.0
2026-03-16T10:00:00Z,24491.25,24533.25,24487.5,24526.0,4833.0
2026-03-16T10:15:00Z,24527.0,24582.5,24522.75,24572.0,6297.0
2026-03-16T10:30:00Z,24571.0,24598.75,24553.75,24565.75,7315.0
2026-03-16T10:45:00Z,24564.75,24614.0,24556.75,24604.25,6863.0
2026-03-16T11:00:00Z,24604.0,24612.0,24584.25,24592.0,4981.0
2026-03-16T11:15:00Z,24592.0,24606.5,24576.5,24578.0,4425.0
2026-03-16T11:30:00Z,24580.0,24634.75,24576.5,24630.25,7809.0
2026-03-16T11:45:00Z,24629.5,24636.75,24614.5,24625.75,4561.0
2026-03-16T12:00:00Z,24624.75,24675.0,24624.25,24669.75,8910.0
2026-03-16T12:15:00Z,24669.75,24678.75,24651.5,24665.0,6021.0
2026-03-16T12:30:00Z,24665.0,24688.75,24663.25,24677.0,9170.0
2026-03-16T12:45:00Z,24676.25,24689.75,24647.5,24658.25,8093.0
2026-03-16T13:00:00Z,24658.0,24682.25,24652.5,24656.75,8296.0
2026-03-16T13:15:00Z,24657.25,24671.0,24648.25,24655.5,8965.0
2026-03-16T13:30:00Z,24656.0,24717.0,24623.0,24671.5,53378.0
2026-03-16T13:45:00Z,24671.25,24744.25,24669.0,24736.75,49521.0
2026-03-16T14:00:00Z,24736.0,24761.25,24696.25,24735.25,39061.0
2026-03-16T14:15:00Z,24736.0,24765.75,24716.25,24717.5,28163.0
2026-03-16T14:30:00Z,24718.0,24721.0,24633.75,24644.5,47197.0
2026-03-16T14:45:00Z,24644.25,24695.5,24602.25,24694.5,41469.0
2026-03-16T15:00:00Z,24694.75,24708.75,24647.0,24701.75,27921.0
2026-03-16T15:15:00Z,24701.25,24736.5,24679.5,24715.75,22686.0
2026-03-16T15:30:00Z,24715.25,24739.75,24711.5,24718.0,17095.0
2026-03-16T15:45:00Z,24717.5,24734.0,24668.25,24675.5,21358.0
2026-03-16T16:00:00Z,24675.25,24704.0,24664.25,24681.5,18490.0
2026-03-16T16:15:00Z,24680.5,24692.75,24620.75,24633.75,22535.0
2026-03-16T16:30:00Z,24632.75,24688.75,24617.25,24680.5,20481.0
2026-03-16T16:45:00Z,24681.5,24698.25,24664.25,24674.0,14214.0
2026-03-16T17:00:00Z,24674.75,24721.0,24674.25,24708.0,20485.0
2026-03-16T17:15:00Z,24707.25,24727.25,24691.0,24696.5,12073.0
2026-03-16T17:30:00Z,24697.0,24712.0,24671.25,24673.5,11050.0
2026-03-16T17:45:00Z,24674.75,24696.5,24652.0,24681.5,13979.0
2026-03-16T18:00:00Z,24682.75,24721.0,24676.5,24705.75,13827.0
2026-03-16T18:15:00Z,24706.5,24730.0,24703.25,24720.0,11311.0
2026-03-16T18:30:00Z,24719.5,24735.5,24704.25,24730.75,9469.0
2026-03-16T18:45:00Z,24730.75,24735.5,24701.5,24704.75,8023.0
2026-03-16T19:00:00Z,24704.0,24816.25,24686.5,24710.0,31672.0
2026-03-16T19:15:00Z,24709.5,24732.25,24659.5,24683.5,22564.0
2026-03-16T19:30:00Z,24683.5,24693.25,24649.0,24656.75,13870.0
2026-03-16T19:45:00Z,24657.75,24680.75,24636.5,24669.5,16577.0
2026-03-16T20:00:00Z,24669.75,24685.25,24651.25,24679.5,7584.0
2026-03-16T20:15:00Z,24681.0,24681.25,24648.75,24650.0,3207.0
2026-03-16T20:30:00Z,24651.25,24666.0,24640.25,24650.5,2500.0
2026-03-16T20:45:00Z,24652.0,24661.0,24645.5,24659.5,1978.0
2026-03-16T22:00:00Z,24660.0,24666.5,24629.25,24640.25,1424.0
2026-03-16T22:15:00Z,24641.25,24660.5,24625.25,24647.75,2520.0
2026-03-16T22:30:00Z,24648.75,24652.25,24621.0,24627.0,1592.0
2026-03-16T22:45:00Z,24627.75,24632.75,24619.25,24624.0,1194.0
2026-03-16T23:00:00Z,24623.75,24647.75,24623.0,24634.0,1978.0
2026-03-16T23:15:00Z,24634.25,24642.25,24622.25,24638.75,1385.0
2026-03-16T23:30:00Z,24639.75,24657.5,24634.75,24653.0,1761.0
2026-03-16T23:45:00Z,24651.5,24667.75,24640.5,24666.5,1606.0
2026-03-17T00:00:00Z,24666.75,24667.75,24630.5,24643.75,3167.0
2026-03-17T00:15:00Z,24642.0,24648.0,24603.0,24616.75,3305.0
2026-03-17T00:30:00Z,24618.25,24649.5,24608.0,24614.0,2174.0
2026-03-17T00:45:00Z,24614.25,24623.0,24590.0,24600.25,2708.0
2026-03-17T01:00:00Z,24600.25,24626.0,24597.75,24617.0,2589.0
2026-03-17T01:15:00Z,24616.5,24621.5,24600.25,24612.5,1411.0
2026-03-17T01:30:00Z,24612.25,24634.0,24597.0,24608.0,2575.0
2026-03-17T01:45:00Z,24608.0,24625.25,24597.0,24623.0,1965.0
2026-03-17T02:00:00Z,24621.25,24625.5,24601.75,24610.25,2060.0
2026-03-17T02:15:00Z,24612.0,24617.0,24601.5,24608.0,1319.0
2026-03-17T02:30:00Z,24609.5,24619.0,24605.25,24608.25,746.0
2026-03-17T02:45:00Z,24610.25,24611.0,24572.5,24578.5,2375.0
2026-03-17T03:00:00Z,24579.0,24586.25,24572.5,24582.0,1589.0
2026-03-17T03:15:00Z,24583.25,24598.5,24582.0,24587.0,1295.0
2026-03-17T03:30:00Z,24587.5,24591.75,24566.75,24582.5,2047.0
2026-03-17T03:45:00Z,24581.5,24586.0,24573.5,24575.5,841.0
2026-03-17T04:00:00Z,24583.75,24589.75,24582.75,24588.0,177.0
2026-03-17T04:15:00Z,24589.0,24602.25,24586.25,24596.75,813.0
2026-03-17T04:30:00Z,24598.25,24619.25,24597.75,24618.5,1323.0
2026-03-17T04:45:00Z,24619.0,24635.75,24617.25,24623.0,1569.0
2026-03-17T05:00:00Z,24623.0,24639.25,24616.25,24636.0,1033.0
2026-03-17T05:15:00Z,24635.25,24640.75,24628.25,24628.5,755.0
2026-03-17T05:30:00Z,24628.75,24634.5,24604.0,24605.5,1048.0
2026-03-17T05:45:00Z,24604.75,24605.5,24540.5,24544.0,3342.0
2026-03-17T06:00:00Z,24544.0,24549.75,24517.5,24532.25,3579.0
2026-03-17T06:15:00Z,24532.5,24562.25,24527.5,24554.75,2632.0
2026-03-17T06:30:00Z,24552.75,24563.0,24541.5,24555.25,1541.0
2026-03-17T06:45:00Z,24554.75,24554.75,24530.5,24543.25,1225.0
2026-03-17T07:00:00Z,24540.75,24559.5,24525.0,24551.0,2040.0
2026-03-17T07:15:00Z,24549.0,24588.75,24545.25,24581.75,2309.0
2026-03-17T07:30:00Z,24581.5,24816.25,24580.5,24786.25,114097.0
2026-03-17T07:45:00Z,24786.25,24788.5,24763.75,24772.0,4924.0
2026-03-17T08:00:00Z,24771.25,24809.5,24757.75,24766.75,10850.0
2026-03-17T08:15:00Z,24766.0,24791.0,24754.0,24758.25,7306.0
2026-03-17T08:30:00Z,24759.0,24799.0,24739.75,24789.5,7960.0
2026-03-17T08:45:00Z,24789.25,24796.0,24748.5,24769.75,6519.0
2026-03-17T09:00:00Z,24768.25,24795.75,24768.0,24788.5,5711.0
2026-03-17T09:15:00Z,24789.0,24845.0,24778.5,24841.5,7835.0
2026-03-17T09:30:00Z,24840.25,24850.5,24821.75,24842.25,6102.0
2026-03-17T09:45:00Z,24842.5,24847.75,24827.75,24844.0,4305.0
2026-03-17T10:00:00Z,24843.25,24844.25,24816.0,24823.0,5501.0
2026-03-17T10:15:00Z,24822.75,24823.5,24793.5,24808.25,4856.0
2026-03-17T10:30:00Z,24807.75,24813.5,24801.5,24804.5,280.0
2026-03-17T10:31:28Z,24808.0,24808.0,24808.0,24808.0,0.0
