timestamp,open,high,low,close,volume
2026-03-10T04:09:00Z,24885.0,24887.5,24874.0,24875.75,0.0
2026-03-10T04:10:00Z,24876.25,24887.75,24875.25,24881.25,481.0
2026-03-10T04:11:00Z,24880.5,24887.0,24877.5,24886.0,325.0
2026-03-10T04:12:00Z,24886.0,24892.75,24886.0,24891.0,544.0
2026-03-10T04:13:00Z,24889.5,24893.0,24878.75,24878.75,353.0
2026-03-10T04:14:00Z,24878.5,24890.75,24878.5,24890.0,190.0
2026-03-10T04:15:00Z,24889.5,24893.0,24885.75,24892.25,211.0
2026-03-10T04:16:00Z,24892.5,24894.75,24882.75,24886.0,301.0
2026-03-10T04:17:00Z,24886.25,24893.75,24886.25,24889.0,213.0
2026-03-10T04:18:00Z,24889.0,24895.5,24887.5,24894.25,286.0
2026-03-10T04:19:00Z,24895.5,24905.5,24895.5,24902.75,762.0
2026-03-10T04:20:00Z,24902.75,24906.0,24900.5,24904.75,362.0
2026-03-10T04:21:00Z,24904.5,24905.0,24897.25,24900.25,408.0
2026-03-10T04:22:00Z,24901.75,24904.5,24899.75,24900.75,168.0
2026-03-10T04:23:00Z,24900.0,24902.75,24898.75,24900.5,143.0
2026-03-10T04:24:00Z,24900.5,24900.75,24896.25,24896.75,185.0
2026-03-10T04:25:00Z,24897.0,24900.25,24895.0,24898.75,277.0
2026-03-10T04:26:00Z,24898.0,24905.0,24897.5,24899.0,178.0
2026-03-10T04:27:00Z,24899.0,24900.75,24887.75,24891.25,554.0
2026-03-10T04:28:00Z,24891.0,24892.0,24884.75,24885.5,394.0
2026-03-10T04:29:00Z,24886.0,24889.0,24883.5,24887.0,299.0
2026-03-10T04:30:00Z,24888.25,24893.25,24883.75,24884.25,489.0
2026-03-10T04:31:00Z,24883.5,24901.25,24879.5,24901.25,548.0
2026-03-10T04:32:00Z,24900.5,24901.0,24894.5,24895.5,357.0
2026-03-10T04:33:00Z,24895.25,24901.5,24891.75,24897.75,284.0
2026-03-10T04:34:00Z,24897.75,24898.25,24893.75,24895.5,184.0
2026-03-10T04:35:00Z,24895.5,24895.5,24887.75,24893.25,221.0
2026-03-10T04:36:00Z,24892.0,24897.25,24892.0,24896.25,206.0
2026-03-10T04:37:00Z,24895.0,24899.25,24892.5,24897.5,191.0
2026-03-10T04:38:00Z,24897.5,24912.5,24897.25,24909.5,767.0
2026-03-10T04:39:00Z,24909.75,24916.5,24905.0,24914.75,546.0
2026-03-10T04:40:00Z,24915.0,24919.5,24913.75,24916.5,462.0
2026-03-10T04:41:00Z,24917.0,24918.5,24914.75,24917.25,288.0
2026-03-10T04:42:00Z,24918.5,24920.0,24911.25,24914.75,373.0
2026-03-10T04:43:00Z,24914.5,24914.5,24904.0,24906.75,372.0
2026-03-10T04:44:00Z,24907.0,24908.5,24904.5,24906.0,214.0
2026-03-10T04:45:00Z,24904.75,24911.25,24904.75,24906.5,176.0
2026-03-10T04:46:00Z,24906.75,24910.25,24901.75,24909.75,347.0
2026-03-10T04:47:00Z,24909.5,24913.5,24904.5,24906.75,273.0
2026-03-10T04:48:00Z,24906.0,24910.25,24904.0,24908.25,227.0
2026-03-10T04:49:00Z,24907.75,24912.0,24907.0,24908.5,211.0
2026-03-10T04:50:00Z,24908.5,24908.5,24894.75,24894.75,383.0
2026-03-10T04:51:00Z,24895.75,24896.0,24881.75,24889.75,930.0
2026-03-10T04:52:00Z,24890.75,24891.25,24884.75,24885.75,337.0
2026-03-10T04:53:00Z,24885.5,24889.5,24883.5,24889.0,291.0
2026-03-10T04:54:00Z,24888.75,24890.0,24884.75,24887.25,164.0
2026-03-10T04:55:00Z,24887.75,24894.0,24885.5,24892.75,282.0
2026-03-10T04:56:00Z,24893.0,24897.75,24891.25,24894.25,347.0
2026-03-10T04:57:00Z,24894.5,24902.75,24891.0,24899.75,360.0
2026-03-10T04:58:00Z,24899.5,24907.75,24898.25,24907.0,382.0
2026-03-10T04:59:00Z,24906.75,24912.25,24902.25,24904.5,589.0
2026-03-10T05:00:00Z,24903.75,24912.0,24902.75,24909.0,388.0
2026-03-10T05:01:00Z,24911.25,24941.75,24911.25,24938.75,1347.0
2026-03-10T05:02:00Z,24938.75,24944.25,24932.75,24936.25,763.0
2026-03-10T05:03:00Z,24936.25,24947.0,24932.5,24944.75,632.0
2026-03-10T05:04:00Z,24944.75,24949.75,24941.0,24944.75,519.0
2026-03-10T05:05:00Z,24944.75,24952.5,24936.75,24948.75,768.0
2026-03-10T05:06:00Z,24948.5,24956.25,24937.25,24937.75,724.0
2026-03-10T05:07:00Z,24938.75,24942.75,24934.0,24940.75,414.0
2026-03-10T05:08:00Z,24940.25,24941.0,24932.25,24937.5,355.0
2026-03-10T05:09:00Z,24937.25,24947.0,24933.5,24947.0,305.0
2026-03-10T05:10:00Z,24946.0,24956.0,24946.0,24947.0,524.0
2026-03-10T05:11:00Z,24946.75,24950.25,24943.5,24946.0,245.0
2026-03-10T05:12:00Z,24945.5,24946.0,24940.75,24942.25,338.0
2026-03-10T05:13:00Z,24943.5,24945.5,24938.5,24939.5,269.0
2026-03-10T05:14:00Z,24940.5,24943.25,24938.25,24939.25,281.0
2026-03-10T05:15:00Z,24939.75,24948.75,24939.75,24941.5,351.0
2026-03-10T05:16:00Z,24940.75,24942.75,24937.25,24937.5,281.0
2026-03-10T05:17:00Z,24937.75,24939.5,24934.5,24935.25,328.0
2026-03-10T05:18:00Z,24935.75,24937.75,24928.25,24937.75,440.0
2026-03-10T05:19:00Z,24937.25,24943.75,24936.75,24938.5,458.0
2026-03-10T05:20:00Z,24938.25,24942.5,24936.75,24940.25,271.0
2026-03-10T05:21:00Z,24940.0,24943.0,24934.5,24937.75,330.0
2026-03-10T05:22:00Z,24936.5,24944.25,24934.75,24943.0,266.0
2026-03-10T05:23:00Z,24944.0,24945.0,24927.25,24929.0,577.0
2026-03-10T05:24:00Z,24928.25,24931.25,24921.25,24922.0,490.0
2026-03-10T05:25:00Z,24922.25,24933.75,24919.0,24932.5,564.0
2026-03-10T05:26:00Z,24933.0,24938.0,24931.0,24934.5,275.0
2026-03-10T05:27:00Z,24934.0,24936.25,24930.75,24932.75,192.0
2026-03-10T05:28:00Z,24933.0,24933.75,24924.75,24928.25,282.0
2026-03-10T05:29:00Z,24929.0,24934.25,24927.5,24933.75,143.0
2026-03-10T05:30:00Z,24933.75,24946.25,24921.0,24946.25,1459.0
2026-03-10T05:31:00Z,24945.75,24951.0,24941.5,24949.75,801.0
2026-03-10T05:32:00Z,24949.75,24950.25,24940.25,24942.75,393.0
2026-03-10T05:33:00Z,24942.75,24954.0,24941.75,24947.75,331.0
2026-03-10T05:34:00Z,24947.5,24950.25,24943.75,24949.0,269.0
2026-03-10T05:35:00Z,24948.75,24949.5,24942.5,24943.25,425.0
2026-03-10T05:36:00Z,24942.0,24944.75,24937.0,24938.75,353.0
2026-03-10T05:37:00Z,24938.0,24938.25,24929.75,24934.0,606.0
2026-03-10T05:38:00Z,24934.75,24940.5,24934.75,24940.5,233.0
2026-03-10T05:39:00Z,24940.5,24943.5,24939.0,24940.75,187.0
2026-03-10T05:40:00Z,24940.25,24942.0,24935.5,24937.5,203.0
2026-03-10T05:41:00Z,24936.5,24940.0,24934.0,24938.5,246.0
2026-03-10T05:42:00Z,24940.0,24943.0,24936.0,24940.25,232.0
2026-03-10T05:43:00Z,24940.75,24945.5,24938.5,24941.75,206.0
2026-03-10T05:44:00Z,24942.0,24942.75,24938.5,24941.0,175.0
2026-03-10T05:45:00Z,24941.0,24942.75,24937.0,24937.25,182.0
2026-03-10T05:46:00Z,24936.75,24943.5,24934.25,24942.75,264.0
2026-03-10T05:47:00Z,24942.0,24948.0,24941.5,24944.25,320.0
2026-03-10T05:48:00Z,24944.5,24953.5,24944.5,24951.5,374.0
2026-03-10T05:49:00Z,24951.75,24952.0,24944.25,24948.0,290.0
2026-03-10T05:50:00Z,24948.5,24955.0,24947.0,24954.0,265.0
2026-03-10T05:51:00Z,24954.75,24957.5,24948.5,24953.5,382.0
2026-03-10T05:52:00Z,24953.5,24955.25,24949.25,24955.0,179.0
2026-03-10T05:53:00Z,24955.25,24961.5,24950.5,24952.5,509.0
2026-03-10T05:54:00Z,24952.0,24954.0,24949.0,24950.0,173.0
2026-03-10T05:55:00Z,24950.5,24956.5,24949.25,24951.0,256.0
2026-03-10T05:56:00Z,24951.0,24955.25,24951.0,24953.0,142.0
2026-03-10T05:57:00Z,24953.0,24957.25,24952.5,24956.5,160.0
2026-03-10T05:58:00Z,24956.5,24962.5,24952.5,24953.75,461.0
2026-03-10T05:59:00Z,24953.75,24957.5,24953.75,24957.0,190.0
2026-03-10T06:00:00Z,24957.0,24962.25,24953.75,24956.75,429.0
2026-03-10T06:01:00Z,24956.75,24962.0,24953.0,24957.0,364.0
2026-03-10T06:02:00Z,24956.25,24967.5,24956.25,24964.0,426.0
2026-03-10T06:03:00Z,24962.25,24967.0,24961.75,24966.0,292.0
2026-03-10T06:04:00Z,24965.0,24966.5,24964.0,24964.75,177.0
2026-03-10T06:05:00Z,24964.75,24967.25,24961.75,24967.25,261.0
2026-03-10T06:06:00Z,24966.5,24967.75,24955.5,24956.75,420.0
2026-03-10T06:07:00Z,24956.5,24960.25,24953.0,24956.0,362.0
2026-03-10T06:08:00Z,24956.5,24962.5,24952.0,24956.0,247.0
2026-03-10T06:09:00Z,24955.75,24960.5,24955.75,24959.0,141.0
2026-03-10T06:10:00Z,24958.75,24960.0,24952.75,24954.75,226.0
2026-03-10T06:11:00Z,24955.0,24959.0,24955.0,24956.5,217.0
2026-03-10T06:12:00Z,24956.0,24956.75,24950.25,24952.5,162.0
2026-03-10T06:13:00Z,24952.0,24960.0,24951.75,24958.5,247.0
2026-03-10T06:14:00Z,24959.25,24963.5,24956.75,24961.5,186.0
2026-03-10T06:15:00Z,24962.25,24964.75,24955.25,24963.0,241.0
2026-03-10T06:16:00Z,24963.0,24963.25,24949.0,24949.5,491.0
2026-03-10T06:17:00Z,24949.75,24953.5,24948.0,24949.75,304.0
2026-03-10T06:18:00Z,24950.5,24951.5,24944.25,24946.25,315.0
2026-03-10T06:19:00Z,24946.0,24949.5,24943.5,24946.75,268.0
2026-03-10T06:20:00Z,24947.5,24949.5,24942.25,24948.5,322.0
2026-03-10T06:21:00Z,24948.0,24948.5,24941.0,24941.5,261.0
2026-03-10T06:22:00Z,24943.0,24947.25,24941.5,24944.75,215.0
2026-03-10T06:23:00Z,24944.75,24945.75,24942.0,24944.25,149.0
2026-03-10T06:24:00Z,24945.5,24951.0,24945.5,24949.5,258.0
2026-03-10T06:25:00Z,24951.0,24955.5,24946.75,24947.0,287.0
2026-03-10T06:26:00Z,24947.0,24952.0,24946.5,24947.5,301.0
2026-03-10T06:27:00Z,24948.0,24955.25,24948.0,24952.25,207.0
2026-03-10T06:28:00Z,24953.0,24956.25,24946.5,24951.5,249.0
2026-03-10T06:29:00Z,24951.5,24967.0,24951.5,24965.25,548.0
2026-03-10T06:30:00Z,24965.5,24983.0,24964.25,24978.0,1552.0
2026-03-10T06:31:00Z,24978.75,24982.0,24974.5,24978.25,638.0
2026-03-10T06:32:00Z,24979.0,24979.75,24972.5,24974.5,343.0
2026-03-10T06:33:00Z,24973.75,24979.5,24972.0,24975.0,380.0
2026-03-10T06:34:00Z,24974.75,24978.0,24971.25,24973.5,290.0
2026-03-10T06:35:00Z,24973.25,24977.25,24970.5,24972.5,258.0
2026-03-10T06:36:00Z,24972.25,24978.0,24963.5,24965.5,441.0
2026-03-10T06:37:00Z,24965.25,24971.25,24964.25,24971.25,327.0
2026-03-10T06:38:00Z,24971.0,24976.25,24967.75,24969.25,300.0
2026-03-10T06:39:00Z,24969.5,24972.25,24960.25,24964.25,424.0
2026-03-10T06:40:00Z,24963.5,24963.5,24956.0,24962.0,405.0
2026-03-10T06:41:00Z,24962.25,24965.0,24958.75,24962.75,308.0
2026-03-10T06:42:00Z,24962.75,24967.5,24960.75,24962.75,265.0
2026-03-10T06:43:00Z,24962.5,24964.5,24958.0,24958.75,183.0
2026-03-10T06:44:00Z,24958.75,24965.5,24956.25,24957.5,267.0
2026-03-10T06:45:00Z,24958.5,24960.0,24951.25,24954.5,429.0
2026-03-10T06:46:00Z,24952.5,24961.25,24949.75,24956.5,514.0
2026-03-10T06:47:00Z,24956.25,24961.75,24955.0,24958.25,244.0
2026-03-10T06:48:00Z,24958.5,24963.0,24955.25,24956.5,394.0
2026-03-10T06:49:00Z,24956.25,24957.75,24952.0,24956.0,266.0
2026-03-10T06:50:00Z,24956.0,24961.5,24954.0,24959.75,445.0
2026-03-10T06:51:00Z,24959.75,24960.5,24951.0,24951.75,411.0
2026-03-10T06:52:00Z,24952.25,24954.5,24943.5,24945.0,581.0
2026-03-10T06:53:00Z,24945.75,24949.5,24943.5,24946.5,353.0
2026-03-10T06:54:00Z,24947.0,24948.75,24944.25,24947.75,131.0
2026-03-10T06:55:00Z,24948.75,24951.75,24945.25,24949.0,163.0
2026-03-10T06:56:00Z,24948.5,24953.25,24948.5,24951.75,192.0
2026-03-10T06:57:00Z,24952.0,24956.0,24950.5,24954.75,200.0
2026-03-10T06:58:00Z,24954.25,24958.0,24953.25,24957.5,258.0
2026-03-10T06:59:00Z,24958.5,24958.75,24952.0,24953.25,233.0
2026-03-10T07:00:00Z,24953.0,24954.25,24939.5,24946.5,985.0
2026-03-10T07:01:00Z,24946.5,24965.5,24943.75,24965.0,831.0
2026-03-10T07:02:00Z,24966.0,24976.75,24965.25,24967.0,1042.0
2026-03-10T07:03:00Z,24966.0,24982.75,24965.75,24981.5,810.0
2026-03-10T07:04:00Z,24981.5,24988.5,24979.25,24986.5,1081.0
2026-03-10T07:05:00Z,24987.25,25019.0,24986.5,25017.0,2958.0
2026-03-10T07:06:00Z,25017.25,25019.0,25006.0,25008.5,1237.0
2026-03-10T07:07:00Z,25006.75,25007.5,24991.75,24992.0,1118.0
2026-03-10T07:08:00Z,24991.25,24993.5,24985.75,24991.5,702.0
2026-03-10T07:09:00Z,24990.75,25002.75,24983.25,25002.0,734.0
2026-03-10T07:10:00Z,25001.75,25007.0,24997.5,24997.5,874.0
2026-03-10T07:11:00Z,24998.0,25000.25,24984.5,24987.75,707.0
2026-03-10T07:12:00Z,24987.25,24990.5,24981.0,24989.5,591.0
2026-03-10T07:13:00Z,24989.5,24993.75,24984.75,24988.75,448.0
2026-03-10T07:14:00Z,24989.25,24996.0,24988.0,24989.75,616.0
2026-03-10T07:15:00Z,24989.0,24998.75,24986.25,24992.5,513.0
2026-03-10T07:16:00Z,24993.0,24999.25,24993.0,24995.75,570.0
2026-03-10T07:17:00Z,24994.75,25001.5,24992.0,25000.5,488.0
2026-03-10T07:18:00Z,25000.0,25004.25,24988.25,24992.5,604.0
2026-03-10T07:19:00Z,24992.25,25005.25,24990.0,25004.75,542.0
2026-03-10T07:20:00Z,25006.0,25023.0,25001.0,25018.5,1146.0
2026-03-10T07:21:00Z,25017.75,25031.0,25017.25,25025.0,1416.0
2026-03-10T07:22:00Z,25025.75,25031.25,25018.75,25027.75,953.0
2026-03-10T07:23:00Z,25026.75,25037.5,25025.75,25032.75,1045.0
2026-03-10T07:24:00Z,25032.0,25048.25,25030.25,25040.25,1562.0
2026-03-10T07:25:00Z,25039.5,25050.5,25038.5,25049.0,1405.0
2026-03-10T07:26:00Z,25048.5,25050.5,25042.5,25048.0,685.0
2026-03-10T07:27:00Z,25048.25,25065.5,25044.75,25053.25,1762.0
2026-03-10T07:28:00Z,25053.5,25061.0,25047.0,25058.5,1120.0
2026-03-10T07:29:00Z,25058.25,25064.75,25057.25,25059.5,787.0
2026-03-10T07:30:00Z,25059.0,25065.75,25058.25,25065.0,1015.0
2026-03-10T07:31:00Z,25064.25,25069.5,25058.5,25069.25,1046.0
2026-03-10T07:32:00Z,25068.75,25076.75,25050.0,25051.25,1833.0
2026-03-10T07:33:00Z,25050.5,25058.25,25044.25,25050.5,1217.0
2026-03-10T07:34:00Z,25049.5,25054.0,25038.5,25040.25,1024.0
2026-03-10T07:35:00Z,25041.0,25043.75,25032.5,25034.0,758.0
2026-03-10T07:36:00Z,25033.75,25035.75,25024.0,25029.5,1033.0
2026-03-10T07:37:00Z,25028.5,25035.0,25026.5,25033.5,702.0
2026-03-10T07:38:00Z,25033.5,25040.75,25031.5,25039.0,653.0
2026-03-10T07:39:00Z,25039.0,25042.25,25034.0,25038.75,628.0
2026-03-10T07:40:00Z,25039.0,25041.75,25031.25,25034.0,895.0
2026-03-10T07:41:00Z,25033.75,25042.0,25033.25,25039.25,535.0
2026-03-10T07:42:00Z,25039.25,25045.75,25035.25,25045.25,563.0
2026-03-10T07:43:00Z,25044.25,25053.25,25043.0,25048.0,885.0
2026-03-10T07:44:00Z,25048.0,25059.75,25047.5,25056.0,886.0
2026-03-10T07:45:00Z,25055.75,25059.5,25051.75,25055.75,768.0
2026-03-10T07:46:00Z,25056.25,25063.75,25053.25,25055.0,545.0
2026-03-10T07:47:00Z,25054.75,25061.75,25053.25,25061.75,428.0
2026-03-10T07:48:00Z,25061.5,25065.25,25059.0,25061.5,619.0
2026-03-10T07:49:00Z,25062.0,25074.5,25061.5,25071.75,811.0
2026-03-10T07:50:00Z,25071.0,25073.0,25062.25,25066.75,1015.0
2026-03-10T07:51:00Z,25066.75,25067.0,25054.5,25060.5,747.0
2026-03-10T07:52:00Z,25060.25,25062.75,25055.5,25057.75,357.0
2026-03-10T07:53:00Z,25057.75,25059.5,25049.0,25051.75,625.0
2026-03-10T07:54:00Z,25051.75,25056.5,25047.0,25047.0,555.0
2026-03-10T07:55:00Z,25047.0,25057.25,25045.0,25048.5,834.0
2026-03-10T07:56:00Z,25049.25,25057.75,25046.5,25053.75,555.0
2026-03-10T07:57:00Z,25053.5,25056.75,25048.0,25056.5,786.0
2026-03-10T07:58:00Z,25056.75,25063.75,25055.75,25060.25,698.0
2026-03-10T07:59:00Z,25061.0,25074.75,25058.75,25073.0,1095.0
2026-03-10T08:00:00Z,25073.25,25090.0,25066.5,25081.75,3041.0
2026-03-10T08:01:00Z,25081.25,25086.0,25069.75,25070.0,1556.0
2026-03-10T08:02:00Z,25070.75,25080.0,25063.0,25071.5,1708.0
2026-03-10T08:03:00Z,25071.75,25084.25,25066.75,25081.0,1130.0
2026-03-10T08:04:00Z,25080.25,25093.75,25073.5,25091.5,1492.0
2026-03-10T08:05:00Z,25089.5,25099.0,25084.0,25093.0,1534.0
2026-03-10T08:06:00Z,25092.25,25096.0,25082.5,25084.5,1219.0
2026-03-10T08:07:00Z,25084.5,25116.0,25083.25,25114.0,2296.0
2026-03-10T08:08:00Z,25113.75,25144.25,25111.75,25140.75,3330.0
2026-03-10T08:09:00Z,25140.5,25145.0,25130.0,25139.0,2106.0
2026-03-10T08:10:00Z,25138.5,25143.5,25121.0,25123.25,1347.0
2026-03-10T08:11:00Z,25122.5,25123.75,25112.0,25115.25,1287.0
2026-03-10T08:12:00Z,25115.25,25124.0,25110.0,25113.75,1173.0
2026-03-10T08:13:00Z,25113.0,25117.5,25106.0,25115.5,1000.0
2026-03-10T08:14:00Z,25116.25,25123.25,25110.0,25112.75,1032.0
2026-03-10T08:15:00Z,25112.75,25123.5,25111.0,25117.0,899.0
2026-03-10T08:16:00Z,25117.25,25128.5,25116.5,25118.25,927.0
2026-03-10T08:17:00Z,25119.75,25120.0,25102.5,25102.75,853.0
2026-03-10T08:18:00Z,25102.5,25110.5,25098.25,25110.0,840.0
2026-03-10T08:19:00Z,25108.75,25130.25,25105.0,25124.75,1037.0
2026-03-10T08:20:00Z,25125.0,25132.0,25114.0,25130.0,1031.0
2026-03-10T08:21:00Z,25129.5,25134.75,25117.0,25118.5,944.0
2026-03-10T08:22:00Z,25118.75,25120.75,25111.75,25111.75,626.0
2026-03-10T08:23:00Z,25112.5,25122.25,25111.25,25114.75,670.0
2026-03-10T08:24:00Z,25115.0,25127.0,25114.5,25125.0,610.0
2026-03-10T08:25:00Z,25124.0,25128.75,25118.75,25122.5,677.0
2026-03-10T08:26:00Z,25122.75,25123.25,25109.5,25110.25,838.0
2026-03-10T08:27:00Z,25110.25,25133.5,25109.5,25131.5,771.0
2026-03-10T08:28:00Z,25131.75,25133.5,25121.25,25127.0,1030.0
2026-03-10T08:29:00Z,25126.75,25135.75,25122.75,25123.75,846.0
2026-03-10T08:30:00Z,25123.25,25134.0,25121.0,25133.5,811.0
2026-03-10T08:31:00Z,25132.75,25135.5,25118.25,25120.0,697.0
2026-03-10T08:32:00Z,25120.5,25123.0,25113.0,25117.75,846.0
2026-03-10T08:33:00Z,25117.0,25121.5,25112.5,25116.75,575.0
2026-03-10T08:34:00Z,25117.25,25125.0,25113.5,25124.0,622.0
2026-03-10T08:35:00Z,25123.5,25136.5,25121.25,25134.0,905.0
2026-03-10T08:36:00Z,25133.75,25140.5,25132.25,25135.25,1077.0
2026-03-10T08:37:00Z,25135.75,25142.5,25133.25,25140.25,632.0
2026-03-10T08:38:00Z,25140.25,25141.25,25131.5,25139.0,952.0
2026-03-10T08:39:00Z,25138.75,25146.75,25134.5,25137.5,821.0
2026-03-10T08:40:00Z,25138.0,25140.0,25135.25,25137.75,615.0
2026-03-10T08:41:00Z,25138.0,25140.0,25126.0,25131.0,865.0
2026-03-10T08:42:00Z,25131.25,25134.5,25127.5,25132.5,621.0
2026-03-10T08:43:00Z,25131.75,25136.5,25125.25,25126.0,743.0
2026-03-10T08:44:00Z,25126.0,25130.75,25125.75,25126.75,458.0
2026-03-10T08:45:00Z,25127.0,25135.0,25125.0,25133.5,668.0
2026-03-10T08:46:00Z,25134.25,25136.25,25129.0,25134.0,425.0
2026-03-10T08:47:00Z,25134.0,25135.5,25129.75,25131.5,427.0
2026-03-10T08:48:00Z,25131.75,25139.0,25126.0,25127.5,550.0
2026-03-10T08:49:00Z,25127.25,25133.5,25124.75,25125.0,562.0
2026-03-10T08:50:00Z,25125.25,25126.5,25112.5,25113.25,1142.0
2026-03-10T08:51:00Z,25113.25,25113.75,25090.5,25090.5,1632.0
2026-03-10T08:52:00Z,25090.25,25104.0,25088.25,25101.0,1049.0
2026-03-10T08:53:00Z,25100.75,25101.5,25092.0,25098.75,881.0
2026-03-10T08:54:00Z,25099.25,25106.25,25094.0,25104.5,846.0
2026-03-10T08:55:00Z,25104.75,25108.75,25095.25,25097.5,836.0
2026-03-10T08:56:00Z,25098.25,25100.75,25089.75,25096.0,905.0
2026-03-10T08:57:00Z,25095.5,25096.75,25084.25,25084.25,627.0
2026-03-10T08:58:00Z,25085.25,25090.0,25081.25,25084.75,1019.0
2026-03-10T08:59:00Z,25085.0,25090.0,25079.25,25086.75,1005.0
2026-03-10T09:00:00Z,25087.0,25097.75,25081.25,25094.0,1130.0
2026-03-10T09:01:00Z,25094.75,25106.25,25092.75,25100.0,941.0
2026-03-10T09:02:00Z,25099.0,25102.75,25097.0,25101.0,541.0
2026-03-10T09:03:00Z,25100.5,25105.5,25099.5,25102.25,706.0
2026-03-10T09:04:00Z,25101.75,25111.5,25099.75,25111.5,788.0
2026-03-10T09:05:00Z,25110.75,25117.5,25107.5,25112.0,887.0
2026-03-10T09:06:00Z,25111.75,25118.75,25109.5,25114.0,594.0
2026-03-10T09:07:00Z,25114.5,25122.5,25114.0,25122.5,493.0
2026-03-10T09:08:00Z,25122.5,25123.0,25116.75,25119.25,578.0
2026-03-10T09:09:00Z,25119.5,25129.5,25119.25,25124.75,690.0
2026-03-10T09:10:00Z,25125.25,25134.5,25124.5,25133.5,737.0
2026-03-10T09:11:00Z,25133.25,25133.75,25114.0,25116.5,906.0
2026-03-10T09:12:00Z,25116.75,25124.25,25115.25,25123.25,324.0
2026-03-10T09:13:00Z,25123.5,25126.75,25117.25,25121.25,467.0
2026-03-10T09:14:00Z,25120.5,25127.25,25120.0,25122.5,340.0
2026-03-10T09:15:00Z,25123.5,25124.0,25110.75,25120.75,589.0
2026-03-10T09:16:00Z,25121.5,25123.25,25107.0,25107.75,624.0
2026-03-10T09:17:00Z,25108.5,25113.25,25108.5,25111.75,409.0
2026-03-10T09:18:00Z,25112.25,25121.5,25108.75,25121.5,439.0
2026-03-10T09:19:00Z,25121.25,25124.25,25110.0,25110.5,501.0
2026-03-10T09:20:00Z,25109.75,25111.75,25101.5,25107.25,879.0
2026-03-10T09:21:00Z,25108.0,25111.25,25103.25,25109.0,331.0
2026-03-10T09:22:00Z,25108.75,25113.0,25097.75,25102.0,701.0
2026-03-10T09:23:00Z,25102.25,25108.0,25099.5,25101.75,494.0
2026-03-10T09:24:00Z,25102.0,25107.25,25097.25,25104.25,466.0
2026-03-10T09:25:00Z,25104.25,25110.5,25099.25,25101.0,534.0
2026-03-10T09:26:00Z,25101.5,25105.5,25095.0,25099.5,640.0
2026-03-10T09:27:00Z,25100.25,25104.0,25093.25,25099.25,435.0
2026-03-10T09:28:00Z,25098.5,25106.75,25097.5,25106.5,352.0
2026-03-10T09:29:00Z,25106.75,25113.0,25104.25,25108.0,393.0
2026-03-10T09:30:00Z,25108.0,25111.0,25104.0,25110.0,426.0
2026-03-10T09:31:00Z,25109.75,25115.25,25108.25,25112.75,490.0
2026-03-10T09:32:00Z,25112.75,25117.75,25108.75,25116.5,352.0
2026-03-10T09:33:00Z,25117.0,25122.5,25111.25,25113.75,425.0
2026-03-10T09:34:00Z,25114.25,25115.5,25102.5,25104.25,422.0
2026-03-10T09:35:00Z,25104.0,25119.0,25101.0,25119.0,580.0
2026-03-10T09:36:00Z,25119.25,25127.75,25118.25,25118.5,635.0
2026-03-10T09:37:00Z,25118.0,25123.5,25111.25,25116.25,447.0
2026-03-10T09:38:00Z,25116.5,25118.0,25098.25,25102.25,750.0
2026-03-10T09:39:00Z,25103.25,25111.75,25103.25,25104.5,401.0
2026-03-10T09:40:00Z,25104.5,25107.0,25099.75,25105.25,490.0
2026-03-10T09:41:00Z,25104.5,25119.0,25103.5,25113.5,598.0
2026-03-10T09:42:00Z,25113.0,25117.5,25110.5,25115.0,324.0
2026-03-10T09:43:00Z,25114.75,25118.5,25108.75,25117.75,411.0
2026-03-10T09:44:00Z,25118.75,25119.0,25114.0,25115.25,427.0
2026-03-10T09:45:00Z,25114.75,25115.75,25106.75,25109.75,374.0
2026-03-10T09:46:00Z,25109.25,25111.25,25104.75,25105.5,371.0
2026-03-10T09:47:00Z,25105.75,25107.25,25097.5,25101.25,709.0
2026-03-10T09:48:00Z,25102.25,25104.75,25095.75,25100.0,620.0
2026-03-10T09:49:00Z,25099.75,25101.0,25091.0,25095.5,559.0
2026-03-10T09:50:00Z,25095.75,25113.25,25092.5,25112.5,696.0
2026-03-10T09:51:00Z,25113.0,25117.75,25106.5,25110.75,667.0
2026-03-10T09:52:00Z,25111.25,25113.0,25104.75,25109.75,312.0
2026-03-10T09:53:00Z,25110.0,25112.0,25101.75,25103.5,416.0
2026-03-10T09:54:00Z,25103.0,25108.0,25102.5,25105.0,220.0
2026-03-10T09:55:00Z,25106.5,25111.0,25099.0,25099.5,365.0
2026-03-10T09:56:00Z,25098.5,25102.5,25089.5,25092.0,607.0
2026-03-10T09:57:00Z,25091.25,25098.25,25087.5,25091.0,605.0
2026-03-10T09:58:00Z,25091.5,25095.75,25085.5,25095.75,407.0
2026-03-10T09:59:00Z,25093.75,25097.0,25088.5,25090.75,653.0
2026-03-10T10:00:00Z,25091.25,25095.75,25077.25,25081.0,1118.0
2026-03-10T10:01:00Z,25081.5,25082.25,25069.5,25072.25,1004.0
2026-03-10T10:02:00Z,25072.0,25084.75,25072.0,25080.25,695.0
2026-03-10T10:03:00Z,25081.5,25083.0,25073.5,25076.75,664.0
2026-03-10T10:04:00Z,25077.5,25081.25,25074.75,25081.0,547.0
2026-03-10T10:05:00Z,25081.0,25083.25,25075.25,25075.25,435.0
2026-03-10T10:06:00Z,25075.75,25079.25,25072.0,25073.5,573.0
2026-03-10T10:07:00Z,25073.5,25081.5,25073.5,25076.25,390.0
2026-03-10T10:08:00Z,25076.75,25077.0,25053.75,25056.5,1401.0
2026-03-10T10:09:00Z,25056.5,25077.5,25055.75,25076.0,951.0
2026-03-10T10:10:00Z,25076.25,25076.75,25064.5,25064.75,788.0
2026-03-10T10:11:00Z,25065.25,25073.75,25062.0,25065.0,572.0
2026-03-10T10:12:00Z,25065.25,25077.75,25061.0,25072.5,676.0
2026-03-10T10:13:00Z,25073.0,25075.25,25064.0,25070.5,538.0
2026-03-10T10:14:00Z,25070.5,25071.5,25062.0,25063.75,437.0
2026-03-10T10:15:00Z,25063.0,25075.5,25061.75,25075.25,544.0
2026-03-10T10:16:00Z,25076.0,25078.75,25059.0,25060.25,667.0
2026-03-10T10:17:00Z,25060.25,25060.75,25052.5,25056.75,709.0
2026-03-10T10:18:00Z,25057.25,25063.5,25056.0,25063.5,545.0
2026-03-10T10:19:00Z,25062.75,25065.25,25046.0,25052.75,965.0
2026-03-10T10:20:00Z,25053.0,25056.0,25045.0,25051.25,775.0
2026-03-10T10:21:00Z,25051.25,25062.0,25048.25,25061.0,666.0
2026-03-10T10:22:00Z,25061.25,25063.75,25051.5,25055.75,642.0
2026-03-10T10:23:00Z,25056.75,25066.25,25048.5,25065.5,619.0
2026-03-10T10:24:00Z,25066.0,25068.0,25057.0,25063.5,592.0
2026-03-10T10:25:00Z,25063.0,25066.0,25062.0,25065.0,346.0
2026-03-10T10:26:00Z,25065.75,25070.75,25060.25,25062.75,634.0
2026-03-10T10:27:00Z,25063.5,25066.5,25060.25,25061.5,288.0
2026-03-10T10:28:00Z,25061.75,25077.25,25061.25,25076.25,466.0
2026-03-10T10:29:00Z,25076.25,25082.25,25075.0,25079.5,596.0
2026-03-10T10:30:00Z,25079.0,25092.25,25078.25,25091.5,996.0
2026-03-10T10:31:00Z,25090.75,25092.0,25077.5,25079.25,795.0
2026-03-10T10:32:00Z,25078.5,25078.5,25065.0,25072.75,805.0
2026-03-10T10:33:00Z,25072.75,25077.25,25066.25,25074.5,427.0
2026-03-10T10:34:00Z,25075.0,25076.5,25065.0,25067.25,444.0
2026-03-10T10:35:00Z,25067.5,25073.0,25063.5,25063.5,455.0
2026-03-10T10:36:00Z,25064.5,25065.75,25043.5,25044.5,2105.0
2026-03-10T10:37:00Z,25044.75,25052.5,25031.25,25033.0,1920.0
2026-03-10T10:38:00Z,25033.25,25045.0,25020.25,25026.5,1839.0
2026-03-10T10:39:00Z,25025.75,25040.75,25021.5,25035.25,1363.0
2026-03-10T10:40:00Z,25036.25,25046.0,25032.5,25040.25,959.0
2026-03-10T10:41:00Z,25040.0,25050.0,25038.0,25048.0,1009.0
2026-03-10T10:42:00Z,25048.5,25056.5,25044.75,25055.75,756.0
2026-03-10T10:43:00Z,25054.75,25064.25,25048.0,25048.75,812.0
2026-03-10T10:44:00Z,25048.0,25064.5,25045.75,25063.75,678.0
2026-03-10T10:45:00Z,25063.0,25064.75,25049.0,25056.5,812.0
2026-03-10T10:46:00Z,25055.5,25056.0,25045.5,25048.0,483.0
2026-03-10T10:47:00Z,25048.0,25050.25,25044.5,25048.25,369.0
2026-03-10T10:48:00Z,25048.25,25058.5,25046.25,25053.75,412.0
2026-03-10T10:49:00Z,25053.0,25055.25,25044.5,25049.5,427.0
2026-03-10T10:50:00Z,25050.75,25055.0,25048.0,25049.0,478.0
2026-03-10T10:51:00Z,25048.75,25066.75,25045.75,25063.0,818.0
2026-03-10T10:52:00Z,25063.25,25074.0,25063.25,25066.25,829.0
2026-03-10T10:53:00Z,25066.75,25070.0,25061.5,25062.5,484.0
2026-03-10T10:54:00Z,25062.5,25063.75,25056.5,25059.0,293.0
2026-03-10T10:55:00Z,25058.75,25066.5,25050.25,25062.25,603.0
2026-03-10T10:56:00Z,25062.25,25068.25,25060.0,25062.0,331.0
2026-03-10T10:57:00Z,25062.0,25069.5,25060.75,25069.5,319.0
2026-03-10T10:58:00Z,25068.75,25069.25,25062.25,25065.0,323.0
2026-03-10T10:59:00Z,25065.25,25069.25,25061.5,25066.5,311.0
2026-03-10T11:00:00Z,25065.75,25069.25,25051.0,25055.75,1052.0
2026-03-10T11:01:00Z,25055.25,25063.75,25048.25,25049.0,727.0
2026-03-10T11:02:00Z,25049.0,25053.25,25041.0,25044.0,1142.0
2026-03-10T11:03:00Z,25044.75,25048.25,25038.5,25046.5,789.0
2026-03-10T11:04:00Z,25046.0,25108.0,25043.0,25101.0,5980.0
2026-03-10T11:05:00Z,25101.25,25105.75,25086.25,25102.75,2800.0
2026-03-10T11:06:00Z,25102.5,25103.0,25065.75,25078.0,2317.0
2026-03-10T11:07:00Z,25078.5,25079.25,25057.0,25064.25,1567.0
2026-03-10T11:08:00Z,25064.25,25068.0,25045.0,25050.5,1135.0
2026-03-10T11:09:00Z,25051.0,25052.25,25029.0,25036.0,1741.0
2026-03-10T11:10:00Z,25036.25,25043.0,25032.5,25035.25,1305.0
2026-03-10T11:11:00Z,25035.25,25039.5,25024.25,25028.0,1550.0
2026-03-10T11:12:00Z,25028.25,25035.25,25022.5,25024.25,825.0
2026-03-10T11:13:00Z,25025.0,25029.0,25019.75,25026.25,1109.0
2026-03-10T11:14:00Z,25025.75,25025.75,25005.25,25008.0,1530.0
2026-03-10T11:15:00Z,25008.75,25019.75,25003.75,25005.75,1298.0
2026-03-10T11:16:00Z,25006.25,25014.0,25006.25,25014.0,681.0
2026-03-10T11:17:00Z,25014.5,25022.5,25010.5,25014.75,1015.0
2026-03-10T11:18:00Z,25015.5,25018.25,25005.0,25005.75,709.0
2026-03-10T11:19:00Z,25006.0,25010.25,24995.5,24997.5,1332.0
2026-03-10T11:20:00Z,24998.0,25007.75,24994.75,25004.75,1134.0
2026-03-10T11:21:00Z,25004.75,25015.25,25001.5,25014.0,683.0
2026-03-10T11:22:00Z,25014.25,25018.75,25007.25,25017.0,765.0
2026-03-10T11:23:00Z,25017.75,25022.75,25012.5,25022.0,846.0
2026-03-10T11:24:00Z,25022.5,25022.75,25016.25,25022.5,642.0
2026-03-10T11:25:00Z,25022.25,25029.25,25018.75,25024.5,1060.0
2026-03-10T11:26:00Z,25024.75,25028.75,25021.0,25023.75,490.0
2026-03-10T11:27:00Z,25023.25,25023.75,25017.25,25022.25,410.0
2026-03-10T11:28:00Z,25022.5,25023.0,25007.5,25010.5,855.0
2026-03-10T11:29:00Z,25011.0,25026.25,25010.5,25022.75,577.0
2026-03-10T11:30:00Z,25023.5,25027.25,25016.25,25019.5,680.0
2026-03-10T11:31:00Z,25019.25,25020.0,24998.75,25000.25,990.0
2026-03-10T11:32:00Z,25000.5,25004.5,24998.0,25001.75,699.0
2026-03-10T11:33:00Z,25002.5,25012.0,25000.5,25006.25,724.0
2026-03-10T11:34:00Z,25006.25,25008.75,25000.25,25003.25,463.0
2026-03-10T11:35:00Z,25003.75,25014.5,25002.25,25009.75,446.0
2026-03-10T11:36:00Z,25009.5,25017.0,25001.25,25001.75,678.0
2026-03-10T11:37:00Z,25002.25,25006.5,24994.0,25004.5,984.0
2026-03-10T11:38:00Z,25004.5,25007.5,25000.0,25004.0,457.0
2026-03-10T11:39:00Z,25006.0,25007.0,24996.75,24997.5,444.0
2026-03-10T11:40:00Z,24997.5,25001.0,24994.25,24997.75,706.0
2026-03-10T11:41:00Z,24997.25,25006.25,24990.0,25004.75,1041.0
2026-03-10T11:42:00Z,25004.5,25004.5,24987.25,24988.5,920.0
2026-03-10T11:43:00Z,24989.0,24989.75,24973.75,24976.0,1848.0
2026-03-10T11:44:00Z,24975.5,24985.0,24967.5,24973.5,1268.0
2026-03-10T11:45:00Z,24974.25,24980.75,24964.75,24967.25,1227.0
2026-03-10T11:46:00Z,24967.25,24970.5,24958.75,24965.75,1220.0
2026-03-10T11:47:00Z,24966.25,24976.75,24958.5,24969.5,1230.0
2026-03-10T11:48:00Z,24970.0,24972.0,24966.5,24968.75,594.0
2026-03-10T11:49:00Z,24969.25,24976.0,24966.0,24970.5,800.0
2026-03-10T11:50:00Z,24971.5,24980.0,24970.75,24979.0,825.0
2026-03-10T11:51:00Z,24979.0,24987.0,24975.25,24985.75,969.0
2026-03-10T11:52:00Z,24985.0,24992.25,24984.75,24988.5,796.0
2026-03-10T11:53:00Z,24988.75,24990.75,24981.0,24986.5,687.0
2026-03-10T11:54:00Z,24986.0,24988.25,24977.75,24978.5,745.0
2026-03-10T11:55:00Z,24979.0,24983.25,24968.0,24970.25,1081.0
2026-03-10T11:56:00Z,24970.0,24975.5,24958.75,24962.0,1185.0
2026-03-10T11:57:00Z,24962.0,24979.5,24961.25,24978.5,844.0
2026-03-10T11:58:00Z,24979.25,24984.5,24974.0,24982.25,1294.0
2026-03-10T11:59:00Z,24982.25,24982.25,24967.75,24971.5,1035.0
2026-03-10T12:00:00Z,24972.5,24976.0,24965.25,24967.25,858.0
2026-03-10T12:01:00Z,24967.0,24967.0,24950.0,24952.0,1507.0
2026-03-10T12:02:00Z,24951.25,24962.5,24947.0,24948.5,1045.0
2026-03-10T12:03:00Z,24948.75,24958.25,24940.25,24948.0,1513.0
2026-03-10T12:04:00Z,24948.0,24950.75,24933.5,24934.5,1613.0
2026-03-10T12:05:00Z,24934.75,24937.5,24917.0,24919.5,1965.0
2026-03-10T12:06:00Z,24920.25,24938.0,24911.75,24936.25,2931.0
2026-03-10T12:07:00Z,24935.0,24939.25,24911.5,24914.0,2312.0
2026-03-10T12:08:00Z,24915.25,24929.5,24910.0,24913.0,2171.0
2026-03-10T12:09:00Z,24913.5,24917.75,24900.75,24912.25,1875.0
2026-03-10T12:10:00Z,24911.25,24916.75,24904.25,24914.75,1529.0
2026-03-10T12:11:00Z,24915.75,24924.25,24906.5,24923.25,1257.0
2026-03-10T12:12:00Z,24923.0,24930.0,24918.75,24929.75,994.0
2026-03-10T12:13:00Z,24929.0,24935.75,24928.0,24929.0,869.0
2026-03-10T12:14:00Z,24928.75,24938.25,24924.25,24931.75,808.0
2026-03-10T12:15:00Z,24931.75,24933.75,24925.0,24925.0,539.0
2026-03-10T12:16:00Z,24924.75,24934.0,24920.5,24920.5,824.0
2026-03-10T12:17:00Z,24920.75,24926.0,24917.5,24925.25,589.0
2026-03-10T12:18:00Z,24925.5,24926.5,24914.5,24919.75,856.0
2026-03-10T12:19:00Z,24921.25,24924.25,24914.0,24918.0,525.0
2026-03-10T12:20:00Z,24917.75,24932.25,24917.75,24927.75,1036.0
2026-03-10T12:21:00Z,24928.25,24935.25,24917.0,24934.75,867.0
2026-03-10T12:22:00Z,24934.5,24950.5,24933.25,24946.5,1631.0
2026-03-10T12:23:00Z,24946.75,24951.0,24941.75,24943.0,1118.0
2026-03-10T12:24:00Z,24943.0,24944.75,24934.5,24937.0,1012.0
2026-03-10T12:25:00Z,24937.5,24946.5,24930.0,24941.25,787.0
2026-03-10T12:26:00Z,24940.75,24944.5,24933.25,24933.25,592.0
2026-03-10T12:27:00Z,24933.0,24943.0,24932.0,24942.5,525.0
2026-03-10T12:28:00Z,24942.0,24943.0,24930.25,24932.75,899.0
2026-03-10T12:29:00Z,24932.75,24934.0,24918.5,24918.75,1096.0
2026-03-10T12:30:00Z,24919.25,24921.75,24893.75,24896.75,2673.0
2026-03-10T12:31:00Z,24897.0,24908.5,24892.5,24901.75,1814.0
2026-03-10T12:32:00Z,24902.0,24920.75,24900.25,24917.0,1311.0
2026-03-10T12:33:00Z,24918.0,24931.75,24915.25,24930.25,1205.0
2026-03-10T12:34:00Z,24931.25,24934.75,24918.5,24928.75,1351.0
2026-03-10T12:35:00Z,24928.75,24946.25,24927.5,24945.5,1414.0
2026-03-10T12:36:00Z,24944.5,24945.25,24931.25,24940.25,1229.0
2026-03-10T12:37:00Z,24940.25,24944.25,24932.75,24939.0,845.0
2026-03-10T12:38:00Z,24939.75,24949.5,24937.5,24946.75,1090.0
2026-03-10T12:39:00Z,24946.25,24946.75,24935.5,24935.75,858.0
2026-03-10T12:40:00Z,24935.75,24949.75,24933.25,24948.75,1015.0
2026-03-10T12:41:00Z,24948.5,24957.0,24948.0,24949.75,1453.0
2026-03-10T12:42:00Z,24949.25,24960.25,24948.25,24956.0,1121.0
2026-03-10T12:43:00Z,24955.5,24960.25,24954.5,24958.0,629.0
2026-03-10T12:44:00Z,24957.25,24959.5,24948.0,24950.25,815.0
2026-03-10T12:45:00Z,24949.75,24969.25,24949.0,24966.75,1402.0
2026-03-10T12:46:00Z,24966.25,24977.75,24963.25,24974.25,1602.0
2026-03-10T12:47:00Z,24974.25,24979.5,24964.0,24968.75,1348.0
2026-03-10T12:48:00Z,24968.5,24974.25,24965.0,24971.5,1032.0
2026-03-10T12:49:00Z,24971.0,24987.75,24969.0,24983.75,1830.0
2026-03-10T12:50:00Z,24983.75,24986.25,24976.5,24978.75,1005.0
2026-03-10T12:51:00Z,24978.25,24980.25,24969.25,24975.0,949.0
2026-03-10T12:52:00Z,24975.0,24978.25,24971.25,24976.25,720.0
2026-03-10T12:53:00Z,24976.0,24997.0,24974.25,24995.25,2233.0
2026-03-10T12:54:00Z,24994.75,24995.75,24984.25,24984.25,1867.0
2026-03-10T12:55:00Z,24984.5,24999.5,24984.25,24995.5,1246.0
2026-03-10T12:56:00Z,24995.25,24997.0,24980.25,24983.25,1342.0
2026-03-10T12:57:00Z,24982.5,24982.75,24968.5,24969.5,1691.0
2026-03-10T12:58:00Z,24969.75,24970.0,24960.75,24968.0,1467.0
2026-03-10T12:59:00Z,24968.0,24975.25,24966.25,24968.75,1038.0
2026-03-10T13:00:00Z,24969.0,24992.25,24969.0,24982.0,3126.0
2026-03-10T13:01:00Z,24982.25,24985.5,24967.25,24977.0,1908.0
2026-03-10T13:02:00Z,24976.5,24984.25,24975.0,24980.5,1053.0
2026-03-10T13:03:00Z,24980.25,24982.75,24973.75,24978.0,1052.0
2026-03-10T13:04:00Z,24977.75,24978.5,24967.25,24968.75,1109.0
2026-03-10T13:05:00Z,24969.25,24979.25,24965.5,24971.5,1209.0
2026-03-10T13:06:00Z,24971.25,24982.0,24962.25,24964.5,1544.0
2026-03-10T13:07:00Z,24964.25,24971.75,24959.25,24964.25,1317.0
2026-03-10T13:08:00Z,24964.0,24968.0,24960.5,24966.5,913.0
2026-03-10T13:09:00Z,24967.0,24977.25,24962.75,24976.0,1008.0
2026-03-10T13:10:00Z,24977.0,24988.0,24975.0,24980.75,1666.0
2026-03-10T13:11:00Z,24980.75,24982.25,24973.0,24978.5,1137.0
2026-03-10T13:12:00Z,24978.25,24979.25,24962.0,24968.25,1082.0
2026-03-10T13:13:00Z,24968.0,24976.75,24968.0,24972.25,683.0
2026-03-10T13:14:00Z,24972.75,24974.25,24965.25,24970.25,869.0
2026-03-10T13:15:00Z,24970.75,24983.5,24969.0,24973.5,1305.0
2026-03-10T13:16:00Z,24974.0,24976.0,24965.25,24970.5,1227.0
2026-03-10T13:17:00Z,24970.0,24980.5,24968.5,24970.75,1216.0
2026-03-10T13:18:00Z,24970.75,24979.5,24967.5,24979.0,995.0
2026-03-10T13:19:00Z,24978.75,24981.5,24973.0,24978.0,771.0
2026-03-10T13:20:00Z,24978.5,24987.0,24974.25,24981.75,1149.0
2026-03-10T13:21:00Z,24982.0,24990.25,24975.75,24984.0,1218.0
2026-03-10T13:22:00Z,24983.0,24986.75,24980.0,24983.75,801.0
2026-03-10T13:23:00Z,24983.75,25002.5,24979.25,24996.25,2064.0
2026-03-10T13:24:00Z,24997.0,25007.75,24993.25,25001.5,1755.0
2026-03-10T13:25:00Z,25001.5,25008.75,24996.25,25001.25,1555.0
2026-03-10T13:26:00Z,25001.25,25004.75,24988.75,24991.25,1448.0
2026-03-10T13:27:00Z,24991.0,25002.5,24989.5,24996.5,1379.0
2026-03-10T13:28:00Z,24997.5,25003.75,24993.5,24999.5,1500.0
2026-03-10T13:29:00Z,25000.0,25000.0,24984.25,24990.75,2250.0
2026-03-10T13:30:00Z,24990.5,25067.25,24990.5,25046.75,15145.0
2026-03-10T13:31:00Z,25047.0,25071.75,25028.0,25063.0,9966.0
2026-03-10T13:32:00Z,25062.75,25081.0,25051.25,25066.5,8498.0
2026-03-10T13:33:00Z,25067.0,25069.5,25003.0,25006.0,11874.0
2026-03-10T13:34:00Z,25004.5,25042.25,25004.5,25025.0,8204.0
2026-03-10T13:35:00Z,25024.25,25035.0,24993.0,24996.75,9298.0
2026-03-10T13:36:00Z,24996.5,25032.5,24995.0,25008.5,6871.0
2026-03-10T13:37:00Z,25009.75,25021.0,24993.0,25003.0,5712.0
2026-03-10T13:38:00Z,25003.5,25037.5,24996.5,25018.5,8166.0
2026-03-10T13:39:00Z,25018.75,25034.25,25012.5,25014.25,5203.0
2026-03-10T13:40:00Z,25014.25,25038.5,25003.75,25024.0,7079.0
2026-03-10T13:41:00Z,25023.75,25037.5,24981.5,25007.5,8752.0
2026-03-10T13:42:00Z,25008.75,25009.25,24968.0,24979.5,9135.0
2026-03-10T13:43:00Z,24980.0,24990.25,24962.0,24963.5,6730.0
2026-03-10T13:44:00Z,24963.5,25036.75,24959.5,25030.5,11110.0
2026-03-10T13:45:00Z,25029.5,25035.75,25009.75,25012.75,7681.0
2026-03-10T13:46:00Z,25012.5,25051.75,25000.5,25048.5,9812.0
2026-03-10T13:47:00Z,25049.0,25056.75,24995.0,24999.25,9028.0
2026-03-10T13:48:00Z,24998.75,25038.0,24998.75,25022.25,6196.0
2026-03-10T13:49:00Z,25021.5,25046.5,25003.25,25046.0,6368.0
2026-03-10T13:50:00Z,25046.25,25049.75,25025.25,25045.75,5965.0
2026-03-10T13:51:00Z,25045.25,25045.25,25022.75,25030.0,4169.0
2026-03-10T13:52:00Z,25030.5,25038.5,25009.25,25015.0,5185.0
2026-03-10T13:53:00Z,25014.25,25039.75,25010.5,25029.25,4855.0
2026-03-10T13:54:00Z,25028.75,25030.5,24992.25,24992.5,5246.0
2026-03-10T13:55:00Z,24993.25,25003.25,24979.5,24984.5,7597.0
2026-03-10T13:56:00Z,24984.5,24997.5,24966.75,24972.0,6503.0
2026-03-10T13:57:00Z,24972.25,24983.75,24951.5,24975.25,7745.0
2026-03-10T13:58:00Z,24975.5,24981.5,24945.5,24953.75,5057.0
2026-03-10T13:59:00Z,24954.25,24971.75,24948.0,24964.25,3716.0
2026-03-10T14:00:00Z,24964.5,24968.25,24927.0,24930.25,9116.0
2026-03-10T14:01:00Z,24929.75,24958.0,24919.5,24954.25,8865.0
2026-03-10T14:02:00Z,24955.25,24977.25,24950.75,24954.75,7511.0
2026-03-10T14:03:00Z,24955.5,24956.5,24926.5,24930.5,7132.0
2026-03-10T14:04:00Z,24930.75,24970.0,24930.75,24966.75,6797.0
2026-03-10T14:05:00Z,24966.75,24993.75,24963.5,24987.25,8832.0
2026-03-10T14:06:00Z,24987.5,24998.75,24960.0,24964.75,7352.0
2026-03-10T14:07:00Z,24965.5,24967.75,24923.0,24924.75,7904.0
2026-03-10T14:08:00Z,24924.0,24931.25,24912.5,24922.0,6424.0
2026-03-10T14:09:00Z,24923.0,24923.25,24895.0,24902.0,8091.0
2026-03-10T14:10:00Z,24901.5,24926.0,24898.0,24915.0,7865.0
2026-03-10T14:11:00Z,24915.0,24922.25,24901.0,24906.5,4561.0
2026-03-10T14:12:00Z,24906.5,24939.5,24906.5,24932.0,6485.0
2026-03-10T14:13:00Z,24932.0,24935.75,24915.25,24932.5,4102.0
2026-03-10T14:14:00Z,24934.0,24941.75,24928.5,24931.25,3430.0
2026-03-10T14:15:00Z,24931.0,24934.75,24902.75,24905.0,6391.0
2026-03-10T14:16:00Z,24905.25,24923.25,24892.5,24913.75,7936.0
2026-03-10T14:17:00Z,24914.0,24928.5,24907.5,24922.0,5292.0
2026-03-10T14:18:00Z,24921.25,24930.0,24904.0,24923.5,4476.0
2026-03-10T14:19:00Z,24923.25,24959.75,24918.75,24952.5,8873.0
2026-03-10T14:20:00Z,24952.0,24972.0,24944.0,24970.75,7025.0
2026-03-10T14:21:00Z,24970.75,24984.0,24960.5,24984.0,6462.0
2026-03-10T14:22:00Z,24983.5,24997.0,24973.0,24996.5,6635.0
2026-03-10T14:23:00Z,24996.0,24996.5,24972.25,24992.75,5691.0
2026-03-10T14:24:00Z,24992.75,24993.5,24968.75,24978.75,5277.0
2026-03-10T14:25:00Z,24979.0,25011.75,24978.25,25005.0,9211.0
2026-03-10T14:26:00Z,25004.5,25024.5,25002.75,25023.5,6993.0
2026-03-10T14:27:00Z,25023.25,25024.75,24999.25,25004.25,5871.0
2026-03-10T14:28:00Z,25003.75,25021.25,25001.5,25009.25,4756.0
2026-03-10T14:29:00Z,25008.75,25009.25,24990.0,25003.5,4960.0
2026-03-10T14:30:00Z,25003.75,25039.0,25001.75,25036.0,9462.0
2026-03-10T14:31:00Z,25036.0,25039.0,25011.0,25019.0,4938.0
2026-03-10T14:32:00Z,25019.0,25034.5,25017.75,25033.5,4137.0
2026-03-10T14:33:00Z,25033.25,25043.75,25028.5,25043.25,4184.0
2026-03-10T14:34:00Z,25042.75,25062.25,25034.25,25054.0,6955.0
2026-03-10T14:35:00Z,25054.0,25058.5,25037.75,25056.5,5993.0
2026-03-10T14:36:00Z,25056.25,25066.0,25051.25,25064.5,4496.0
2026-03-10T14:37:00Z,25064.0,25075.0,25055.5,25064.5,4961.0
2026-03-10T14:38:00Z,25064.75,25078.75,25060.25,25078.5,3933.0
2026-03-10T14:39:00Z,25078.25,25092.25,25066.75,25091.5,6688.0
2026-03-10T14:40:00Z,25091.25,25094.25,25075.0,25084.5,5517.0
2026-03-10T14:41:00Z,25084.25,25097.75,25073.25,25097.0,5541.0
2026-03-10T14:42:00Z,25096.75,25107.5,25087.25,25104.75,6211.0
2026-03-10T14:43:00Z,25104.5,25117.0,25096.75,25107.5,5910.0
2026-03-10T14:44:00Z,25107.5,25109.25,25095.75,25102.75,3995.0
2026-03-10T14:45:00Z,25103.0,25116.75,25087.5,25095.75,6457.0
2026-03-10T14:46:00Z,25095.5,25102.25,25088.25,25099.5,3658.0
2026-03-10T14:47:00Z,25099.75,25105.5,25085.5,25087.25,4142.0
2026-03-10T14:48:00Z,25087.5,25108.75,25085.5,25105.75,3711.0
2026-03-10T14:49:00Z,25105.25,25118.75,25101.25,25115.25,4597.0
2026-03-10T14:50:00Z,25115.5,25122.0,25110.75,25114.75,4370.0
2026-03-10T14:51:00Z,25114.75,25122.5,25108.75,25114.5,3205.0
2026-03-10T14:52:00Z,25114.5,25121.25,25110.5,25119.0,3118.0
2026-03-10T14:53:00Z,25118.75,25129.75,25111.5,25128.75,3592.0
2026-03-10T14:54:00Z,25128.5,25130.75,25124.25,25127.5,2472.0
2026-03-10T14:55:00Z,25127.75,25134.5,25123.75,25133.0,2627.0
2026-03-10T14:56:00Z,25133.0,25143.0,25131.5,25140.5,3869.0
2026-03-10T14:57:00Z,25140.25,25145.0,25136.5,25145.0,2592.0
2026-03-10T14:58:00Z,25145.25,25147.5,25137.25,25141.75,3072.0
2026-03-10T14:59:00Z,25142.25,25153.25,25136.5,25151.75,3394.0
2026-03-10T15:00:00Z,25151.25,25165.75,25144.5,25165.0,7527.0
2026-03-10T15:01:00Z,25164.75,25179.0,25161.0,25174.25,6066.0
2026-03-10T15:02:00Z,25174.0,25182.0,25169.25,25176.25,3466.0
2026-03-10T15:03:00Z,25177.0,25177.5,25164.5,25170.75,4011.0
2026-03-10T15:04:00Z,25171.5,25177.0,25162.5,25168.0,3500.0
2026-03-10T15:05:00Z,25168.5,25169.75,25148.75,25157.75,5315.0
2026-03-10T15:06:00Z,25158.0,25158.75,25137.5,25142.0,5105.0
2026-03-10T15:07:00Z,25142.5,25145.5,25137.25,25140.5,2675.0
2026-03-10T15:08:00Z,25140.75,25145.0,25131.0,25132.75,3347.0
2026-03-10T15:09:00Z,25133.25,25136.0,25126.25,25131.25,3540.0
2026-03-10T15:10:00Z,25130.75,25133.25,25121.75,25128.75,3023.0
2026-03-10T15:11:00Z,25128.75,25145.5,25125.0,25142.25,4233.0
2026-03-10T15:12:00Z,25142.5,25144.25,25132.25,25134.0,2444.0
2026-03-10T15:13:00Z,25134.0,25134.0,25117.5,25122.0,4303.0
2026-03-10T15:14:00Z,25122.25,25134.75,25121.25,25125.0,2836.0
2026-03-10T15:15:00Z,25124.75,25146.0,25123.25,25136.5,3713.0
2026-03-10T15:16:00Z,25136.25,25146.0,25132.75,25143.25,2964.0
2026-03-10T15:17:00Z,25143.25,25165.75,25142.5,25159.5,5594.0
2026-03-10T15:18:00Z,25159.75,25170.5,25158.75,25167.5,3146.0
2026-03-10T15:19:00Z,25167.0,25172.25,25163.75,25170.25,2557.0
2026-03-10T15:20:00Z,25169.75,25177.0,25160.75,25167.25,3887.0
2026-03-10T15:21:00Z,25167.25,25169.5,25154.0,25167.25,3658.0
2026-03-10T15:22:00Z,25167.25,25167.5,25146.5,25152.75,3362.0
2026-03-10T15:23:00Z,25153.0,25157.25,25147.0,25154.0,2477.0
2026-03-10T15:24:00Z,25154.0,25154.5,25143.5,25151.25,2125.0
2026-03-10T15:25:00Z,25151.5,25158.75,25145.75,25152.0,2335.0
2026-03-10T15:26:00Z,25152.5,25155.0,25142.5,25151.75,2078.0
2026-03-10T15:27:00Z,25152.25,25156.75,25147.25,25149.5,1673.0
2026-03-10T15:28:00Z,25148.5,25152.0,25142.5,25148.75,1760.0
2026-03-10T15:29:00Z,25149.5,25149.75,25137.25,25143.25,2717.0
2026-03-10T15:30:00Z,25143.0,25146.75,25131.75,25137.0,3145.0
2026-03-10T15:31:00Z,25136.0,25142.0,25126.5,25130.0,3058.0
2026-03-10T15:32:00Z,25130.0,25130.5,25115.25,25121.75,3964.0
2026-03-10T15:33:00Z,25121.25,25132.25,25116.5,25117.0,3332.0
2026-03-10T15:34:00Z,25116.75,25125.5,25109.0,25115.75,3472.0
2026-03-10T15:35:00Z,25115.5,25131.5,25115.25,25128.75,3157.0
2026-03-10T15:36:00Z,25128.5,25130.0,25113.0,25119.0,2681.0
2026-03-10T15:37:00Z,25119.25,25136.0,25117.0,25135.5,2882.0
2026-03-10T15:38:00Z,25135.75,25139.25,25127.75,25134.0,2306.0
2026-03-10T15:39:00Z,25133.75,25136.0,25126.0,25132.75,1533.0
2026-03-10T15:40:00Z,25133.0,25145.25,25126.75,25127.25,3376.0
2026-03-10T15:41:00Z,25127.5,25144.75,25123.5,25143.5,2806.0
2026-03-10T15:42:00Z,25143.25,25165.0,25142.5,25163.75,5233.0
2026-03-10T15:43:00Z,25163.75,25172.0,25155.5,25160.25,3842.0
2026-03-10T15:44:00Z,25160.5,25161.75,25147.25,25149.5,5029.0
2026-03-10T15:45:00Z,25149.5,25157.0,25142.5,25147.5,3908.0
2026-03-10T15:46:00Z,25147.25,25156.0,25143.5,25144.5,2384.0
2026-03-10T15:47:00Z,25144.5,25144.5,25121.5,25136.5,5848.0
2026-03-10T15:48:00Z,25136.25,25144.25,25134.0,25136.5,1779.0
2026-03-10T15:49:00Z,25136.0,25148.25,25133.75,25137.25,1880.0
2026-03-10T15:50:00Z,25137.75,25163.5,25137.75,25152.5,3972.0
2026-03-10T15:51:00Z,25152.5,25153.75,25140.5,25144.0,2091.0
2026-03-10T15:52:00Z,25144.5,25148.5,25140.0,25142.5,2042.0
2026-03-10T15:53:00Z,25142.75,25146.75,25138.25,25144.5,1625.0
2026-03-10T15:54:00Z,25144.75,25144.75,25133.0,25135.5,2089.0
2026-03-10T15:55:00Z,25135.0,25140.75,25130.5,25134.75,1931.0
2026-03-10T15:56:00Z,25135.0,25148.0,25127.5,25147.25,2385.0
2026-03-10T15:57:00Z,25147.25,25156.25,25142.75,25145.0,2744.0
2026-03-10T15:58:00Z,25145.75,25147.25,25139.5,25144.0,1832.0
2026-03-10T15:59:00Z,25143.0,25152.75,25142.75,25148.75,1118.0
2026-03-10T16:00:00Z,25149.25,25150.25,25125.25,25130.25,3176.0
2026-03-10T16:01:00Z,25130.25,25136.0,25125.25,25126.75,1749.0
2026-03-10T16:02:00Z,25127.5,25137.0,25125.0,25134.5,1589.0
2026-03-10T16:03:00Z,25134.25,25134.75,25115.0,25119.0,2943.0
2026-03-10T16:04:00Z,25119.25,25127.5,25107.5,25116.0,2992.0
2026-03-10T16:05:00Z,25116.0,25117.0,25090.0,25092.0,5105.0
2026-03-10T16:06:00Z,25092.5,25095.75,25081.75,25092.25,4772.0
2026-03-10T16:07:00Z,25092.25,25095.5,25080.0,25084.25,2914.0
2026-03-10T16:08:00Z,25084.25,25094.75,25084.25,25092.0,2954.0
2026-03-10T16:09:00Z,25092.25,25103.25,25082.0,25100.0,3278.0
2026-03-10T16:10:00Z,25100.0,25125.75,25094.5,25121.75,5110.0
2026-03-10T16:11:00Z,25121.5,25130.0,25119.5,25124.5,2846.0
2026-03-10T16:12:00Z,25125.0,25129.25,25096.75,25097.5,3815.0
2026-03-10T16:13:00Z,25097.5,25112.5,25096.0,25112.5,2808.0
2026-03-10T16:14:00Z,25112.25,25119.5,25108.25,25115.25,2436.0
2026-03-10T16:15:00Z,25115.25,25118.25,25107.25,25114.0,2273.0
2026-03-10T16:16:00Z,25114.0,25123.5,25107.75,25121.25,2487.0
2026-03-10T16:17:00Z,25120.75,25122.5,25112.25,25114.5,1618.0
2026-03-10T16:18:00Z,25114.75,25146.25,25114.25,25144.25,4135.0
2026-03-10T16:19:00Z,25144.25,25148.75,25132.0,25136.0,3634.0
2026-03-10T16:20:00Z,25136.25,25138.25,25125.25,25132.75,2570.0
2026-03-10T16:21:00Z,25133.0,25134.25,25108.75,25110.0,3184.0
2026-03-10T16:22:00Z,25110.5,25128.25,25106.25,25124.5,4191.0
2026-03-10T16:23:00Z,25123.0,25132.5,25118.5,25121.5,2635.0
2026-03-10T16:24:00Z,25121.25,25133.0,25119.25,25131.25,1683.0
2026-03-10T16:25:00Z,25131.25,25161.5,25129.0,25151.5,5525.0
2026-03-10T16:26:00Z,25151.5,25155.25,25145.0,25149.25,2782.0
2026-03-10T16:27:00Z,25149.25,25158.25,25146.25,25153.25,2080.0
2026-03-10T16:28:00Z,25153.0,25153.0,25131.5,25132.25,2466.0
2026-03-10T16:29:00Z,25132.5,25134.0,25120.5,25131.5,3343.0
2026-03-10T16:30:00Z,25131.5,25148.5,25131.5,25143.25,3893.0
2026-03-10T16:31:00Z,25143.5,25157.0,25138.5,25151.25,2627.0
2026-03-10T16:32:00Z,25151.0,25158.25,25146.75,25148.5,2118.0
2026-03-10T16:33:00Z,25148.75,25149.75,25137.0,25140.0,3661.0
2026-03-10T16:34:00Z,25140.75,25155.5,25140.0,25153.75,1996.0
2026-03-10T16:35:00Z,25154.0,25161.0,25151.5,25155.25,2747.0
2026-03-10T16:36:00Z,25154.5,25165.25,25153.5,25160.5,2190.0
2026-03-10T16:37:00Z,25160.25,25160.5,25151.75,25156.75,1901.0
2026-03-10T16:38:00Z,25157.0,25163.0,25144.5,25149.0,2427.0
2026-03-10T16:39:00Z,25149.5,25162.75,25148.5,25160.5,1725.0
2026-03-10T16:40:00Z,25160.5,25162.75,25153.25,25158.0,1515.0
2026-03-10T16:41:00Z,25158.0,25159.25,25151.25,25152.75,1152.0
2026-03-10T16:42:00Z,25152.5,25159.5,25147.0,25148.25,1594.0
2026-03-10T16:43:00Z,25148.0,25151.25,25145.0,25150.0,1464.0
2026-03-10T16:44:00Z,25150.0,25163.75,25148.5,25161.25,2084.0
2026-03-10T16:45:00Z,25162.0,25162.75,25135.0,25137.0,3299.0
2026-03-10T16:46:00Z,25137.0,25138.5,25123.25,25130.75,3180.0
2026-03-10T16:47:00Z,25131.25,25133.25,25122.75,25127.5,2177.0
2026-03-10T16:48:00Z,25127.75,25130.0,25117.25,25122.0,2069.0
2026-03-10T16:49:00Z,25122.5,25144.0,25121.5,25128.75,3095.0
2026-03-10T16:50:00Z,25130.0,25135.5,25122.5,25126.25,2021.0
2026-03-10T16:51:00Z,25126.25,25144.75,25121.25,25142.5,2254.0
2026-03-10T16:52:00Z,25142.25,25169.25,25139.0,25168.25,5051.0
2026-03-10T16:53:00Z,25167.75,25168.75,25150.5,25154.0,3100.0
2026-03-10T16:54:00Z,25154.0,25161.75,25150.25,25160.5,2070.0
2026-03-10T16:55:00Z,25160.75,25163.0,25154.0,25157.0,2169.0
2026-03-10T16:56:00Z,25156.75,25164.0,25153.75,25159.5,1623.0
2026-03-10T16:57:00Z,25160.0,25167.5,25156.5,25158.5,1890.0
2026-03-10T16:58:00Z,25159.0,25163.25,25149.75,25157.5,2160.0
2026-03-10T16:59:00Z,25157.5,25160.25,25154.0,25156.0,1028.0
2026-03-10T17:00:00Z,25156.25,25156.75,25145.25,25147.5,2853.0
2026-03-10T17:01:00Z,25147.0,25167.0,25147.0,25166.25,2295.0
2026-03-10T17:02:00Z,25166.0,25175.0,25160.5,25172.0,3541.0
2026-03-10T17:03:00Z,25172.0,25177.0,25165.75,25168.25,2436.0
2026-03-10T17:04:00Z,25168.75,25170.25,25161.25,25167.5,2069.0
2026-03-10T17:05:00Z,25167.75,25179.25,25162.5,25177.0,3129.0
2026-03-10T17:06:00Z,25177.75,25179.0,25169.5,25172.75,2675.0
2026-03-10T17:07:00Z,25172.5,25180.0,25169.75,25171.75,2450.0
2026-03-10T17:08:00Z,25171.0,25173.5,25166.0,25170.5,1902.0
2026-03-10T17:09:00Z,25170.0,25171.75,25152.5,25162.75,3150.0
2026-03-10T17:10:00Z,25163.25,25173.75,25161.75,25172.5,1919.0
2026-03-10T17:11:00Z,25172.75,25174.0,25164.75,25165.75,1775.0
2026-03-10T17:12:00Z,25165.75,25169.5,25151.5,25154.25,4877.0
2026-03-10T17:13:00Z,25154.5,25157.5,25146.75,25153.25,2993.0
2026-03-10T17:14:00Z,25154.0,25158.25,25150.5,25157.25,1474.0
2026-03-10T17:15:00Z,25158.25,25173.0,25155.75,25165.75,3471.0
2026-03-10T17:16:00Z,25166.0,25186.5,25165.5,25181.0,4842.0
2026-03-10T17:17:00Z,25180.75,25191.75,25177.5,25189.25,3589.0
2026-03-10T17:18:00Z,25188.75,25196.25,25185.75,25192.0,3732.0
2026-03-10T17:19:00Z,25191.75,25200.0,25191.0,25198.0,2459.0
2026-03-10T17:20:00Z,25198.25,25198.25,25184.0,25185.5,3323.0
2026-03-10T17:21:00Z,25186.0,25192.75,25182.25,25189.5,2376.0
2026-03-10T17:22:00Z,25189.0,25194.0,25183.75,25186.75,2339.0
2026-03-10T17:23:00Z,25186.75,25196.75,25182.25,25193.0,2266.0
2026-03-10T17:24:00Z,25192.25,25204.5,25190.25,25195.75,3350.0
2026-03-10T17:25:00Z,25196.25,25199.5,25191.5,25195.75,2588.0
2026-03-10T17:26:00Z,25195.75,25197.25,25191.0,25196.75,1592.0
2026-03-10T17:27:00Z,25196.25,25209.0,25196.0,25206.75,3675.0
2026-03-10T17:28:00Z,25206.5,25217.75,25204.5,25215.5,3014.0
2026-03-10T17:29:00Z,25215.75,25216.25,25210.0,25212.0,1928.0
2026-03-10T17:30:00Z,25212.25,25212.25,25193.0,25194.25,3382.0
2026-03-10T17:31:00Z,25194.5,25198.25,25185.0,25191.75,3011.0
2026-03-10T17:32:00Z,25191.25,25201.0,25185.25,25200.0,2352.0
2026-03-10T17:33:00Z,25200.25,25202.25,25164.0,25176.0,5725.0
2026-03-10T17:34:00Z,25175.75,25179.75,25159.0,25162.5,4380.0
2026-03-10T17:35:00Z,25162.5,25169.75,25139.5,25141.75,6427.0
2026-03-10T17:36:00Z,25141.75,25160.0,25135.25,25135.25,4615.0
2026-03-10T17:37:00Z,25135.25,25135.75,25110.0,25115.5,7657.0
2026-03-10T17:38:00Z,25115.75,25120.5,25102.0,25111.5,5715.0
2026-03-10T17:39:00Z,25111.5,25136.0,25104.5,25134.25,6398.0
2026-03-10T17:40:00Z,25134.0,25142.25,25123.0,25127.75,4548.0
2026-03-10T17:41:00Z,25127.5,25160.5,25126.5,25150.25,5181.0
2026-03-10T17:42:00Z,25150.0,25154.25,25131.0,25141.25,4051.0
2026-03-10T17:43:00Z,25141.25,25151.25,25137.25,25139.75,3289.0
2026-03-10T17:44:00Z,25139.75,25143.5,25125.75,25135.0,3446.0
2026-03-10T17:45:00Z,25135.75,25140.75,25128.5,25135.5,2415.0
2026-03-10T17:46:00Z,25135.75,25138.75,25128.0,25137.5,2468.0
2026-03-10T17:47:00Z,25138.0,25160.5,25135.5,25154.75,3703.0
2026-03-10T17:48:00Z,25154.75,25179.5,25154.75,25175.25,4393.0
2026-03-10T17:49:00Z,25175.25,25179.75,25160.75,25162.0,3536.0
2026-03-10T17:50:00Z,25162.25,25168.75,25159.25,25161.5,2398.0
2026-03-10T17:51:00Z,25162.25,25178.75,25162.0,25177.5,2264.0
2026-03-10T17:52:00Z,25177.5,25188.25,25174.75,25183.75,2893.0
2026-03-10T17:53:00Z,25183.25,25186.5,25175.0,25180.25,2315.0
2026-03-10T17:54:00Z,25180.75,25182.5,25172.5,25180.0,1916.0
2026-03-10T17:55:00Z,25179.75,25181.75,25170.0,25174.25,2270.0
2026-03-10T17:56:00Z,25174.25,25174.75,25155.5,25162.25,3185.0
2026-03-10T17:57:00Z,25162.25,25176.0,25161.25,25172.25,2115.0
2026-03-10T17:58:00Z,25172.0,25180.25,25171.0,25178.25,1719.0
2026-03-10T17:59:00Z,25177.5,25178.25,25168.0,25169.25,1475.0
2026-03-10T18:00:00Z,25169.5,25174.75,25159.25,25165.0,2714.0
2026-03-10T18:01:00Z,25165.5,25175.0,25163.0,25165.75,2020.0
2026-03-10T18:02:00Z,25166.0,25177.75,25164.5,25168.5,1645.0
2026-03-10T18:03:00Z,25168.75,25178.25,25162.5,25174.75,1843.0
2026-03-10T18:04:00Z,25174.0,25180.75,25171.5,25174.25,1784.0
2026-03-10T18:05:00Z,25174.75,25176.5,25162.5,25167.75,1858.0
2026-03-10T18:06:00Z,25168.5,25169.75,25149.75,25152.5,3125.0
2026-03-10T18:07:00Z,25153.25,25162.0,25151.75,25152.75,1987.0
2026-03-10T18:08:00Z,25153.25,25159.0,25149.25,25150.5,1908.0
2026-03-10T18:09:00Z,25150.0,25152.25,25139.0,25146.5,2507.0
2026-03-10T18:10:00Z,25147.25,25155.5,25137.5,25139.5,2521.0
2026-03-10T18:11:00Z,25140.0,25150.75,25136.0,25148.25,2146.0
2026-03-10T18:12:00Z,25148.25,25169.25,25146.5,25159.5,4063.0
2026-03-10T18:13:00Z,25159.0,25168.5,25116.75,25121.0,7548.0
2026-03-10T18:14:00Z,25120.0,25120.25,25036.25,25039.5,16201.0
2026-03-10T18:15:00Z,25039.5,25077.5,25025.75,25060.25,10863.0
2026-03-10T18:16:00Z,25060.25,25086.75,25038.0,25043.25,9981.0
2026-03-10T18:17:00Z,25043.5,25060.75,25012.25,25029.25,10626.0
2026-03-10T18:18:00Z,25029.5,25057.5,25015.5,25016.75,7705.0
2026-03-10T18:19:00Z,25017.5,25033.25,25000.0,25017.0,7721.0
2026-03-10T18:20:00Z,25016.5,25049.75,24995.0,25015.25,8265.0
2026-03-10T18:21:00Z,25015.0,25029.5,24987.5,24992.25,5816.0
2026-03-10T18:22:00Z,24992.25,25024.75,24987.75,25023.0,6484.0
2026-03-10T18:23:00Z,25022.25,25040.5,25008.75,25032.75,5774.0
2026-03-10T18:24:00Z,25032.25,25057.0,25026.5,25030.5,6444.0
2026-03-10T18:25:00Z,25031.25,25058.75,25028.25,25048.5,5399.0
2026-03-10T18:26:00Z,25047.75,25086.5,25047.0,25085.0,6245.0
2026-03-10T18:27:00Z,25084.5,25104.25,25066.0,25090.75,6836.0
2026-03-10T18:28:00Z,25091.5,25094.25,25066.5,25081.25,5289.0
2026-03-10T18:29:00Z,25081.0,25089.5,25061.75,25067.5,4647.0
2026-03-10T18:30:00Z,25067.0,25087.5,25046.75,25073.75,6693.0
2026-03-10T18:31:00Z,25074.5,25109.5,25071.75,25086.25,6451.0
2026-03-10T18:32:00Z,25086.75,25099.75,25079.25,25092.0,4454.0
2026-03-10T18:33:00Z,25092.0,25098.5,25066.75,25074.75,4862.0
2026-03-10T18:34:00Z,25075.5,25088.0,25067.75,25082.5,3265.0
2026-03-10T18:35:00Z,25082.0,25090.25,25038.25,25041.75,9315.0
2026-03-10T18:36:00Z,25041.25,25082.5,25027.5,25072.0,7521.0
2026-03-10T18:37:00Z,25071.25,25097.5,25056.5,25091.25,5361.0
2026-03-10T18:38:00Z,25090.75,25096.0,25064.75,25069.75,4609.0
2026-03-10T18:39:00Z,25071.5,25076.0,25046.5,25047.75,4244.0
2026-03-10T18:40:00Z,25047.75,25054.5,25030.5,25034.75,4931.0
2026-03-10T18:41:00Z,25034.5,25045.25,25024.25,25040.5,4547.0
2026-03-10T18:42:00Z,25040.5,25069.25,25038.5,25062.0,4240.0
2026-03-10T18:43:00Z,25061.0,25070.25,25053.75,25055.75,3406.0
2026-03-10T18:44:00Z,25056.0,25060.75,25036.75,25037.0,3230.0
2026-03-10T18:45:00Z,25037.25,25057.0,25030.0,25033.75,4212.0
2026-03-10T18:46:00Z,25033.25,25054.25,25031.25,25042.0,3539.0
2026-03-10T18:47:00Z,25041.25,25066.75,25041.25,25046.0,3679.0
2026-03-10T18:48:00Z,25046.0,25058.5,25045.0,25050.0,2476.0
2026-03-10T18:49:00Z,25049.5,25059.75,25042.5,25047.25,2850.0
2026-03-10T18:50:00Z,25047.75,25081.0,25044.5,25076.0,4427.0
2026-03-10T18:51:00Z,25076.75,25087.5,25058.25,25061.75,3766.0
2026-03-10T18:52:00Z,25061.75,25069.0,25053.0,25057.0,2817.0
2026-03-10T18:53:00Z,25057.0,25057.0,25034.0,25037.0,3018.0
2026-03-10T18:54:00Z,25037.0,25058.75,25031.0,25050.75,3248.0
2026-03-10T18:55:00Z,25051.25,25062.5,25028.25,25031.25,3264.0
2026-03-10T18:56:00Z,25031.5,25047.5,25028.75,25036.75,2624.0
2026-03-10T18:57:00Z,25037.25,25041.5,25028.5,25038.75,2494.0
2026-03-10T18:58:00Z,25038.25,25041.75,25026.75,25032.75,2177.0
2026-03-10T18:59:00Z,25032.5,25036.25,25027.0,25029.0,1976.0
2026-03-10T19:00:00Z,25029.75,25039.75,25018.5,25020.5,4084.0
2026-03-10T19:01:00Z,25021.5,25035.25,25019.25,25028.25,3324.0
2026-03-10T19:02:00Z,25028.75,25033.0,25018.0,25024.0,2590.0
2026-03-10T19:03:00Z,25023.75,25037.25,25015.25,25036.5,2741.0
2026-03-10T19:04:00Z,25036.25,25045.5,25021.75,25022.5,2995.0
2026-03-10T19:05:00Z,25022.25,25039.25,25019.5,25031.5,2859.0
2026-03-10T19:06:00Z,25032.0,25035.75,25013.5,25017.5,2578.0
2026-03-10T19:07:00Z,25016.75,25035.0,25008.75,25033.75,3687.0
2026-03-10T19:08:00Z,25032.0,25047.0,25028.5,25042.75,3930.0
2026-03-10T19:09:00Z,25043.0,25049.5,25037.25,25039.25,2338.0
2026-03-10T19:10:00Z,25038.5,25040.5,25022.5,25035.75,2855.0
2026-03-10T19:11:00Z,25036.25,25037.25,25013.0,25023.5,2735.0
2026-03-10T19:12:00Z,25023.25,25030.0,25017.75,25019.75,1863.0
2026-03-10T19:13:00Z,25019.75,25032.5,25018.5,25031.25,1942.0
2026-03-10T19:14:00Z,25031.75,25052.5,25031.0,25046.75,3613.0
2026-03-10T19:15:00Z,25047.25,25055.25,25040.0,25043.5,2964.0
2026-03-10T19:16:00Z,25043.25,25050.5,25036.5,25049.75,2822.0
2026-03-10T19:17:00Z,25049.75,25063.0,25045.0,25054.75,2623.0
2026-03-10T19:18:00Z,25054.5,25069.0,25053.25,25067.25,2293.0
2026-03-10T19:19:00Z,25067.25,25073.0,25057.5,25063.25,2535.0
2026-03-10T19:20:00Z,25063.0,25068.5,25035.0,25043.25,5252.0
2026-03-10T19:21:00Z,25043.75,25046.25,25004.75,25018.0,6540.0
2026-03-10T19:22:00Z,25018.0,25038.0,25009.75,25034.75,4439.0
2026-03-10T19:23:00Z,25034.5,25057.75,25028.0,25041.75,5287.0
2026-03-10T19:24:00Z,25042.5,25044.0,25026.25,25038.5,3217.0
2026-03-10T19:25:00Z,25038.5,25038.75,25013.5,25016.5,3660.0
2026-03-10T19:26:00Z,25016.25,25017.5,24987.75,24994.25,5043.0
2026-03-10T19:27:00Z,24994.75,25016.25,24985.75,25007.0,5764.0
2026-03-10T19:28:00Z,25006.75,25015.5,24999.25,25006.25,3053.0
2026-03-10T19:29:00Z,25006.25,25014.75,24986.5,24988.0,3597.0
2026-03-10T19:30:00Z,24988.5,24989.5,24966.0,24976.0,5959.0
2026-03-10T19:31:00Z,24975.5,24998.25,24971.75,24977.25,4349.0
2026-03-10T19:32:00Z,24977.0,24993.5,24970.25,24992.25,3393.0
2026-03-10T19:33:00Z,24992.25,24998.25,24983.75,24984.25,3643.0
2026-03-10T19:34:00Z,24984.75,24985.25,24966.75,24975.25,4076.0
2026-03-10T19:35:00Z,24975.25,24982.0,24963.0,24963.75,3808.0
2026-03-10T19:36:00Z,24964.5,24972.5,24956.0,24971.0,3758.0
2026-03-10T19:37:00Z,24971.0,24988.75,24968.5,24976.5,3690.0
2026-03-10T19:38:00Z,24977.25,24991.0,24972.5,24986.75,2770.0
2026-03-10T19:39:00Z,24986.75,25003.0,24981.5,24994.75,3707.0
2026-03-10T19:40:00Z,24994.5,25032.75,24966.5,25018.0,10829.0
2026-03-10T19:41:00Z,25018.25,25023.75,24982.25,24985.25,6617.0
2026-03-10T19:42:00Z,24985.5,25015.5,24978.75,25012.25,4279.0
2026-03-10T19:43:00Z,25012.5,25017.0,24999.25,25011.25,3108.0
2026-03-10T19:44:00Z,25011.25,25012.5,24988.5,24993.0,2755.0
2026-03-10T19:45:00Z,24992.75,25006.25,24989.25,24992.0,2705.0
2026-03-10T19:46:00Z,24992.0,24995.5,24983.0,24987.5,2601.0
2026-03-10T19:47:00Z,24987.25,24991.75,24971.0,24974.0,2730.0
2026-03-10T19:48:00Z,24974.25,24975.0,24954.25,24958.5,3551.0
2026-03-10T19:49:00Z,24958.5,24969.0,24952.0,24964.75,2994.0
2026-03-10T19:50:00Z,24964.75,24975.25,24940.75,24957.0,6166.0
2026-03-10T19:51:00Z,24957.75,24964.25,24941.0,24943.0,3137.0
2026-03-10T19:52:00Z,24942.25,24973.0,24942.0,24954.25,4222.0
2026-03-10T19:53:00Z,24954.5,24967.25,24952.0,24954.75,2528.0
2026-03-10T19:54:00Z,24954.75,24969.25,24949.5,24966.5,2853.0
2026-03-10T19:55:00Z,24966.25,24983.75,24951.0,24958.25,4211.0
2026-03-10T19:56:00Z,24957.25,24958.75,24948.25,24955.0,1792.0
2026-03-10T19:57:00Z,24955.25,24968.0,24947.0,24962.75,2561.0
2026-03-10T19:58:00Z,24963.0,24976.5,24960.25,24971.5,2934.0
2026-03-10T19:59:00Z,24971.25,24990.75,24964.0,24985.75,7496.0
2026-03-10T20:00:00Z,24985.75,24999.5,24985.5,24996.75,4962.0
2026-03-10T20:01:00Z,24996.5,25006.0,24987.25,24992.75,2637.0
2026-03-10T20:02:00Z,24993.0,24995.75,24985.5,24989.0,1252.0
2026-03-10T20:03:00Z,24989.25,24996.75,24986.25,24989.0,882.0
2026-03-10T20:04:00Z,24989.5,24999.0,24987.5,24993.5,814.0
2026-03-10T20:05:00Z,24993.5,25010.0,24993.25,25007.0,1432.0
2026-03-10T20:06:00Z,25006.75,25010.75,25003.75,25008.25,1055.0
2026-03-10T20:07:00Z,25008.0,25018.25,25004.0,25015.0,1960.0
2026-03-10T20:08:00Z,25016.0,25017.0,25009.5,25011.5,898.0
2026-03-10T20:09:00Z,25011.25,25012.5,25004.25,25009.0,860.0
2026-03-10T20:10:00Z,25009.25,25013.5,25002.5,25007.0,1074.0
2026-03-10T20:11:00Z,25007.25,25017.25,25006.75,25016.5,763.0
2026-03-10T20:12:00Z,25016.25,25027.25,25014.25,25025.75,1221.0
2026-03-10T20:13:00Z,25026.0,25032.5,25021.0,25031.5,1225.0
2026-03-10T20:14:00Z,25031.75,25038.25,25031.75,25033.0,1158.0
2026-03-10T20:15:00Z,25033.25,25035.0,25019.5,25024.75,1545.0
2026-03-10T20:16:00Z,25025.25,25028.75,25016.75,25017.75,802.0
2026-03-10T20:17:00Z,25017.5,25021.75,25012.0,25021.75,957.0
2026-03-10T20:18:00Z,25022.0,25028.0,25018.25,25022.25,613.0
2026-03-10T20:19:00Z,25021.0,25021.0,25016.5,25020.0,359.0
2026-03-10T20:20:00Z,25019.75,25034.25,25019.75,25030.0,742.0
2026-03-10T20:21:00Z,25029.5,25032.25,25024.5,25026.0,757.0
2026-03-10T20:22:00Z,25025.5,25027.5,25020.5,25026.0,400.0
2026-03-10T20:23:00Z,25026.0,25028.75,25022.75,25026.75,279.0
2026-03-10T20:24:00Z,25026.5,25029.75,25023.0,25027.5,327.0
2026-03-10T20:25:00Z,25027.75,25028.75,25024.25,25024.25,375.0
2026-03-10T20:26:00Z,25025.0,25025.0,25017.75,25021.25,410.0
2026-03-10T20:27:00Z,25021.5,25024.0,25018.75,25023.0,216.0
2026-03-10T20:28:00Z,25023.25,25026.0,25021.75,25024.75,224.0
2026-03-10T20:29:00Z,25024.25,25027.75,25021.75,25024.25,212.0
2026-03-10T20:30:00Z,25024.0,25029.0,25023.5,25027.75,234.0
2026-03-10T20:31:00Z,25028.25,25028.75,25025.25,25025.25,222.0
2026-03-10T20:32:00Z,25025.25,25028.75,25020.75,25021.0,495.0
2026-03-10T20:33:00Z,25021.25,25022.75,25017.5,25018.75,413.0
2026-03-10T20:34:00Z,25019.5,25022.25,25017.75,25020.5,469.0
2026-03-10T20:35:00Z,25020.75,25024.75,25017.5,25018.25,313.0
2026-03-10T20:36:00Z,25017.5,25018.0,25010.5,25014.0,582.0
2026-03-10T20:37:00Z,25015.0,25018.0,25013.25,25016.25,303.0
2026-03-10T20:38:00Z,25016.75,25019.75,25012.75,25013.25,462.0
2026-03-10T20:39:00Z,25014.0,25016.5,25011.0,25014.25,389.0
2026-03-10T20:40:00Z,25013.75,25018.75,25012.75,25016.75,422.0
2026-03-10T20:41:00Z,25017.0,25017.75,25008.75,25015.5,685.0
2026-03-10T20:42:00Z,25016.25,25017.75,25013.5,25016.5,248.0
2026-03-10T20:43:00Z,25016.25,25018.75,25013.0,25018.0,232.0
2026-03-10T20:44:00Z,25018.5,25019.25,25014.5,25016.75,302.0
2026-03-10T20:45:00Z,25017.0,25026.5,25014.0,25023.0,616.0
2026-03-10T20:46:00Z,25022.25,25022.75,25017.5,25018.25,274.0
2026-03-10T20:47:00Z,25018.25,25022.25,25017.75,25022.25,214.0
2026-03-10T20:48:00Z,25022.5,25023.25,25020.5,25021.0,221.0
2026-03-10T20:49:00Z,25021.5,25021.75,25017.0,25018.25,343.0
2026-03-10T20:50:00Z,25018.5,25020.25,25014.75,25017.5,237.0
2026-03-10T20:51:00Z,25017.0,25020.0,25015.0,25015.75,163.0
2026-03-10T20:52:00Z,25016.0,25016.0,25012.5,25016.0,193.0
2026-03-10T20:53:00Z,25016.25,25017.0,25012.5,25015.5,147.0
2026-03-10T20:54:00Z,25015.75,25017.0,24993.0,25007.5,722.0
2026-03-10T20:55:00Z,25007.25,25010.5,25005.25,25009.5,258.0
2026-03-10T20:56:00Z,25008.0,25012.75,25007.25,25012.0,135.0
2026-03-10T20:57:00Z,25013.0,25015.25,25008.0,25012.0,297.0
2026-03-10T20:58:00Z,25012.75,25013.25,25002.0,25005.75,272.0
2026-03-10T20:59:00Z,25005.25,25013.25,25005.25,25008.75,244.0
2026-03-10T22:00:00Z,25015.0,25015.0,24991.0,24993.5,0.0
2026-03-10T22:01:00Z,24993.5,25003.0,24984.25,24994.0,1056.0
2026-03-10T22:02:00Z,24994.5,25006.0,24979.25,24993.75,1325.0
2026-03-10T22:03:00Z,24994.5,25001.0,24991.75,24998.5,457.0
2026-03-10T22:04:00Z,24998.5,25003.5,24992.5,24998.5,359.0
2026-03-10T22:05:00Z,24998.75,25002.25,24991.5,24995.25,378.0
2026-03-10T22:06:00Z,24994.5,24995.0,24986.25,24992.25,311.0
2026-03-10T22:07:00Z,24992.0,24992.0,24986.25,24987.0,242.0
2026-03-10T22:08:00Z,24986.5,24990.0,24986.0,24987.25,125.0
2026-03-10T22:09:00Z,24987.25,24990.0,24984.25,24989.5,183.0
2026-03-10T22:10:00Z,24989.25,24989.75,24985.0,24985.25,163.0
2026-03-10T22:11:00Z,24986.0,24995.5,24986.0,24994.25,257.0
2026-03-10T22:12:00Z,24993.5,24997.75,24992.25,24996.75,266.0
2026-03-10T22:13:00Z,24997.0,25015.0,24996.25,25011.0,981.0
2026-03-10T22:14:00Z,25010.0,25015.5,25006.75,25012.5,382.0
2026-03-10T22:15:00Z,25013.0,25020.0,25012.0,25013.0,454.0
2026-03-10T22:16:00Z,25013.25,25013.5,25000.5,25002.5,560.0
2026-03-10T22:17:00Z,25003.25,25003.5,24993.5,24995.0,619.0
2026-03-10T22:18:00Z,24996.0,24998.0,24985.5,24986.25,568.0
2026-03-10T22:19:00Z,24986.5,24997.25,24986.0,24993.0,337.0
2026-03-10T22:20:00Z,24993.0,24997.25,24989.0,24994.5,338.0
2026-03-10T22:21:00Z,24994.75,24999.25,24992.0,24992.5,282.0
2026-03-10T22:22:00Z,24994.25,24995.5,24992.75,24994.0,190.0
2026-03-10T22:23:00Z,24993.5,25001.0,24992.5,24999.75,387.0
2026-03-10T22:24:00Z,25000.5,25003.75,24996.0,24996.0,336.0
2026-03-10T22:25:00Z,24997.0,24997.5,24993.0,24994.25,192.0
2026-03-10T22:26:00Z,24995.0,24995.5,24982.75,24985.75,505.0
2026-03-10T22:27:00Z,24985.75,24988.25,24984.25,24985.0,161.0
2026-03-10T22:28:00Z,24985.0,24985.0,24975.25,24977.0,658.0
2026-03-10T22:29:00Z,24977.0,24978.0,24968.25,24972.0,701.0
2026-03-10T22:30:00Z,24971.75,24976.75,24971.75,24973.75,379.0
2026-03-10T22:31:00Z,24973.75,24977.75,24969.5,24971.25,280.0
2026-03-10T22:32:00Z,24970.5,24971.75,24964.0,24966.5,421.0
2026-03-10T22:33:00Z,24967.25,24975.25,24966.5,24966.75,433.0
2026-03-10T22:34:00Z,24966.5,24969.0,24964.0,24967.0,203.0
2026-03-10T22:35:00Z,24967.75,24969.5,24964.25,24969.0,196.0
2026-03-10T22:36:00Z,24969.75,24970.75,24963.5,24965.0,241.0
2026-03-10T22:37:00Z,24965.25,24965.25,24957.25,24959.0,565.0
2026-03-10T22:38:00Z,24958.75,24961.75,24957.0,24959.5,320.0
2026-03-10T22:39:00Z,24959.5,24961.0,24955.25,24960.0,307.0
2026-03-10T22:40:00Z,24959.75,24963.5,24959.25,24961.5,334.0
2026-03-10T22:41:00Z,24962.25,24963.5,24960.0,24960.75,186.0
2026-03-10T22:42:00Z,24960.0,24961.0,24953.75,24954.75,365.0
2026-03-10T22:43:00Z,24955.5,24959.25,24952.5,24955.75,411.0
2026-03-10T22:44:00Z,24956.5,24956.5,24951.5,24953.0,275.0
2026-03-10T22:45:00Z,24953.25,24957.5,24952.75,24954.25,170.0
2026-03-10T22:46:00Z,24954.25,24961.25,24953.5,24959.75,277.0
2026-03-10T22:47:00Z,24959.25,24959.75,24956.0,24958.25,159.0
2026-03-10T22:48:00Z,24958.25,24959.5,24954.75,24955.75,179.0
2026-03-10T22:49:00Z,24955.25,24959.25,24955.0,24957.5,178.0
2026-03-10T22:50:00Z,24958.0,24961.0,24956.0,24959.5,200.0
2026-03-10T22:51:00Z,24959.5,24962.5,24957.5,24961.25,214.0
2026-03-10T22:52:00Z,24961.25,24963.75,24961.0,24962.75,161.0
2026-03-10T22:53:00Z,24962.25,24965.0,24962.25,24963.0,246.0
2026-03-10T22:54:00Z,24962.5,24963.0,24957.25,24958.75,273.0
2026-03-10T22:55:00Z,24958.75,24961.0,24955.75,24958.25,346.0
2026-03-10T22:56:00Z,24957.75,24959.75,24955.75,24958.25,107.0
2026-03-10T22:57:00Z,24958.25,24960.25,24956.25,24960.0,183.0
2026-03-10T22:58:00Z,24960.5,24963.25,24959.25,24962.25,143.0
2026-03-10T22:59:00Z,24962.75,24970.75,24962.0,24970.0,382.0
2026-03-10T23:00:00Z,24970.5,24973.5,24967.75,24968.75,552.0
2026-03-10T23:01:00Z,24969.25,24970.25,24965.5,24968.5,253.0
2026-03-10T23:02:00Z,24968.75,24970.0,24963.25,24969.0,327.0
2026-03-10T23:03:00Z,24969.5,24972.25,24966.5,24971.5,330.0
2026-03-10T23:04:00Z,24971.25,24971.25,24967.25,24967.25,170.0
2026-03-10T23:05:00Z,24967.75,24970.25,24966.5,24970.25,235.0
2026-03-10T23:06:00Z,24969.75,24973.0,24969.5,24972.25,213.0
2026-03-10T23:07:00Z,24971.75,24975.0,24969.75,24974.0,313.0
2026-03-10T23:08:00Z,24974.0,24974.5,24968.25,24969.5,299.0
2026-03-10T23:09:00Z,24969.25,24976.75,24969.0,24975.75,310.0
2026-03-10T23:10:00Z,24976.25,24978.0,24974.25,24977.25,276.0
2026-03-10T23:11:00Z,24976.5,24977.25,24972.0,24974.0,227.0
2026-03-10T23:12:00Z,24974.0,24983.25,24974.0,24982.25,663.0
2026-03-10T23:13:00Z,24981.5,24982.25,24978.25,24979.75,310.0
2026-03-10T23:14:00Z,24979.0,24987.0,24978.75,24983.75,566.0
2026-03-10T23:15:00Z,24983.75,24988.75,24983.5,24987.5,463.0
2026-03-10T23:16:00Z,24988.0,24990.75,24982.75,24983.0,573.0
2026-03-10T23:17:00Z,24983.0,24984.5,24981.0,24983.75,262.0
2026-03-10T23:18:00Z,24983.75,24986.75,24981.75,24984.5,250.0
2026-03-10T23:19:00Z,24984.0,24986.75,24983.75,24986.75,146.0
2026-03-10T23:20:00Z,24986.75,24990.0,24986.75,24987.5,283.0
2026-03-10T23:21:00Z,24988.0,24988.75,24986.0,24987.5,139.0
2026-03-10T23:22:00Z,24988.0,24994.0,24987.75,24991.25,508.0
2026-03-10T23:23:00Z,24991.0,24992.25,24988.5,24989.0,268.0
2026-03-10T23:24:00Z,24988.75,24990.75,24988.25,24989.5,162.0
2026-03-10T23:25:00Z,24990.0,24995.25,24987.75,24988.75,353.0
2026-03-10T23:26:00Z,24989.0,24989.75,24983.0,24987.25,464.0
2026-03-10T23:27:00Z,24987.0,24988.25,24984.25,24985.75,184.0
2026-03-10T23:28:00Z,24985.0,24985.25,24978.25,24982.75,509.0
2026-03-10T23:29:00Z,24982.5,24988.5,24982.25,24984.75,349.0
2026-03-10T23:30:00Z,24984.75,24986.5,24981.0,24984.25,238.0
2026-03-10T23:31:00Z,24983.25,24986.75,24981.5,24981.5,143.0
2026-03-10T23:32:00Z,24981.75,24985.0,24979.5,24981.75,358.0
2026-03-10T23:33:00Z,24981.75,24981.75,24976.25,24976.25,311.0
2026-03-10T23:34:00Z,24976.5,24978.75,24974.75,24978.0,503.0
2026-03-10T23:35:00Z,24978.5,24982.0,24976.0,24978.25,328.0
2026-03-10T23:36:00Z,24978.0,24979.5,24974.0,24974.75,350.0
2026-03-10T23:37:00Z,24974.75,24980.75,24974.75,24977.5,304.0
2026-03-10T23:38:00Z,24977.0,24979.75,24976.5,24979.0,116.0
2026-03-10T23:39:00Z,24978.75,24984.0,24977.75,24984.0,328.0
2026-03-10T23:40:00Z,24984.0,24985.75,24982.25,24985.25,292.0
2026-03-10T23:41:00Z,24985.0,24986.0,24978.75,24978.75,281.0
2026-03-10T23:42:00Z,24979.25,24980.75,24976.0,24977.5,206.0
2026-03-10T23:43:00Z,24977.5,24978.75,24975.75,24977.75,146.0
2026-03-10T23:44:00Z,24977.0,24982.25,24977.0,24979.75,237.0
2026-03-10T23:45:00Z,24979.25,24991.75,24978.0,24991.5,561.0
2026-03-10T23:46:00Z,24991.5,24998.75,24991.5,24996.5,681.0
2026-03-10T23:47:00Z,24995.75,25000.0,24992.25,24996.75,410.0
2026-03-10T23:48:00Z,24998.25,24999.0,24992.75,24993.0,273.0
2026-03-10T23:49:00Z,24993.5,25001.75,24993.0,25000.75,547.0
2026-03-10T23:50:00Z,25001.0,25023.0,24999.75,25020.25,1698.0
2026-03-10T23:51:00Z,25020.0,25025.5,25019.0,25019.5,689.0
2026-03-10T23:52:00Z,25019.5,25020.75,25010.5,25014.75,700.0
2026-03-10T23:53:00Z,25014.0,25016.5,25009.5,25015.25,547.0
2026-03-10T23:54:00Z,25014.75,25019.0,25011.0,25018.5,323.0
2026-03-10T23:55:00Z,25018.25,25021.5,25014.5,25015.25,378.0
2026-03-10T23:56:00Z,25014.75,25024.75,25014.5,25021.25,582.0
2026-03-10T23:57:00Z,25021.25,25025.5,25019.75,25022.75,488.0
2026-03-10T23:58:00Z,25022.75,25023.25,25019.25,25020.25,154.0
2026-03-10T23:59:00Z,25019.75,25021.0,25015.75,25015.75,314.0
2026-03-11T00:00:00Z,25016.5,25030.0,25016.5,25027.0,747.0
2026-03-11T00:01:00Z,25026.75,25030.0,25018.25,25027.5,621.0
2026-03-11T00:02:00Z,25027.25,25028.25,25020.25,25023.75,455.0
2026-03-11T00:03:00Z,25023.25,25023.5,25018.0,25020.5,445.0
2026-03-11T00:04:00Z,25020.25,25022.5,25015.25,25016.75,496.0
2026-03-11T00:05:00Z,25018.0,25023.5,25009.25,25019.0,664.0
2026-03-11T00:06:00Z,25019.5,25033.0,25019.5,25033.0,1132.0
2026-03-11T00:07:00Z,25032.25,25033.25,25028.0,25033.0,449.0
2026-03-11T00:08:00Z,25032.25,25037.5,25027.0,25036.5,658.0
2026-03-11T00:09:00Z,25036.5,25073.25,25034.75,25058.75,4031.0
2026-03-11T00:10:00Z,25058.75,25066.25,25037.0,25038.5,2618.0
2026-03-11T00:11:00Z,25038.5,25046.0,25033.5,25045.5,1181.0
2026-03-11T00:12:00Z,25045.25,25057.25,25045.0,25055.25,988.0
2026-03-11T00:13:00Z,25054.75,25068.5,25052.75,25066.0,1111.0
2026-03-11T00:14:00Z,25066.0,25069.25,25057.5,25058.0,796.0
2026-03-11T00:15:00Z,25058.0,25063.5,25049.25,25053.5,997.0
2026-03-11T00:16:00Z,25053.75,25072.75,25052.75,25070.75,1200.0
2026-03-11T00:17:00Z,25071.0,25081.25,25065.25,25070.25,1901.0
2026-03-11T00:18:00Z,25069.75,25071.75,25063.5,25070.25,899.0
2026-03-11T00:19:00Z,25069.0,25072.75,25067.25,25068.25,572.0
2026-03-11T00:20:00Z,25068.0,25070.75,25057.25,25058.5,913.0
2026-03-11T00:21:00Z,25058.75,25062.25,25051.0,25054.5,843.0
2026-03-11T00:22:00Z,25055.25,25056.25,25051.75,25054.25,394.0
2026-03-11T00:23:00Z,25052.75,25056.5,25052.0,25055.25,323.0
2026-03-11T00:24:00Z,25054.5,25066.0,25051.25,25064.5,619.0
2026-03-11T00:25:00Z,25064.5,25078.75,25064.25,25077.5,1028.0
2026-03-11T00:26:00Z,25077.0,25085.75,25073.25,25085.25,832.0
2026-03-11T00:27:00Z,25085.0,25085.5,25080.0,25080.0,578.0
2026-03-11T00:28:00Z,25079.5,25080.5,25069.75,25072.25,952.0
2026-03-11T00:29:00Z,25072.0,25075.5,25069.25,25069.25,459.0
2026-03-11T00:30:00Z,25069.25,25072.75,25064.5,25072.0,639.0
2026-03-11T00:31:00Z,25072.0,25076.75,25061.75,25064.5,744.0
2026-03-11T00:32:00Z,25064.75,25065.0,25060.25,25062.75,448.0
2026-03-11T00:33:00Z,25063.25,25069.5,25062.75,25069.25,541.0
2026-03-11T00:34:00Z,25069.0,25071.5,25065.75,25067.0,380.0
2026-03-11T00:35:00Z,25065.75,25070.75,25062.75,25063.0,346.0
2026-03-11T00:36:00Z,25063.0,25063.0,25057.0,25060.25,503.0
2026-03-11T00:37:00Z,25059.75,25068.5,25059.0,25064.5,473.0
2026-03-11T00:38:00Z,25063.75,25064.75,25055.25,25058.5,540.0
2026-03-11T00:39:00Z,25058.25,25065.75,25058.25,25062.5,315.0
2026-03-11T00:40:00Z,25062.5,25065.0,25057.75,25059.5,278.0
2026-03-11T00:41:00Z,25060.5,25060.5,25056.5,25058.0,203.0
2026-03-11T00:42:00Z,25057.25,25060.0,25056.5,25057.75,267.0
2026-03-11T00:43:00Z,25058.25,25058.25,25055.0,25056.25,226.0
2026-03-11T00:44:00Z,25055.75,25064.0,25052.75,25059.5,685.0
2026-03-11T00:45:00Z,25059.75,25076.5,25059.75,25074.25,936.0
2026-03-11T00:46:00Z,25074.5,25075.25,25065.0,25067.5,379.0
2026-03-11T00:47:00Z,25066.75,25067.5,25063.5,25063.75,304.0
2026-03-11T00:48:00Z,25064.0,25065.5,25057.5,25057.5,326.0
2026-03-11T00:49:00Z,25057.25,25057.25,25052.0,25055.75,571.0
2026-03-11T00:50:00Z,25056.25,25056.5,25052.5,25054.0,192.0
2026-03-11T00:51:00Z,25054.25,25061.25,25054.0,25060.25,291.0
2026-03-11T00:52:00Z,25059.75,25062.25,25056.75,25058.75,276.0
2026-03-11T00:53:00Z,25058.0,25065.0,25057.25,25063.75,362.0
2026-03-11T00:54:00Z,25064.0,25069.0,25063.5,25066.0,387.0
2026-03-11T00:55:00Z,25065.5,25067.5,25060.75,25066.0,331.0
2026-03-11T00:56:00Z,25066.25,25067.25,25063.5,25064.25,172.0
2026-03-11T00:57:00Z,25065.0,25065.75,25060.5,25061.25,330.0
2026-03-11T00:58:00Z,25062.0,25062.25,25058.0,25059.5,272.0
2026-03-11T00:59:00Z,25059.75,25062.0,25056.75,25061.0,224.0
2026-03-11T01:00:00Z,25061.25,25071.5,25060.75,25063.0,835.0
2026-03-11T01:01:00Z,25063.25,25072.25,25060.5,25071.75,637.0
2026-03-11T01:02:00Z,25071.75,25072.0,25065.25,25067.75,472.0
2026-03-11T01:03:00Z,25066.25,25067.5,25050.5,25054.0,716.0
2026-03-11T01:04:00Z,25054.0,25062.75,25053.0,25060.0,707.0
2026-03-11T01:05:00Z,25060.25,25064.75,25058.0,25061.25,331.0
2026-03-11T01:06:00Z,25061.25,25067.5,25061.25,25063.75,376.0
2026-03-11T01:07:00Z,25063.75,25072.75,25063.0,25070.0,586.0
2026-03-11T01:08:00Z,25069.5,25071.25,25063.75,25064.25,308.0
2026-03-11T01:09:00Z,25064.25,25065.5,25058.75,25062.5,400.0
2026-03-11T01:10:00Z,25062.5,25065.75,25060.75,25065.5,286.0
2026-03-11T01:11:00Z,25065.25,25070.75,25065.25,25069.5,310.0
2026-03-11T01:12:00Z,25069.25,25069.5,25064.75,25066.75,167.0
2026-03-11T01:13:00Z,25067.5,25070.75,25066.0,25070.0,130.0
2026-03-11T01:14:00Z,25070.25,25077.75,25068.0,25076.5,791.0
2026-03-11T01:15:00Z,25075.5,25077.5,25070.75,25072.0,397.0
2026-03-11T01:16:00Z,25072.0,25077.75,25071.0,25076.0,319.0
2026-03-11T01:17:00Z,25075.5,25081.75,25074.5,25079.25,474.0
2026-03-11T01:18:00Z,25079.75,25080.0,25075.25,25075.5,316.0
2026-03-11T01:19:00Z,25076.0,25081.0,25072.25,25080.25,450.0
2026-03-11T01:20:00Z,25080.5,25082.5,25078.5,25081.0,369.0
2026-03-11T01:21:00Z,25081.25,25082.0,25075.25,25080.0,404.0
2026-03-11T01:22:00Z,25080.25,25083.5,25076.25,25077.25,340.0
2026-03-11T01:23:00Z,25077.25,25078.75,25075.0,25076.0,230.0
2026-03-11T01:24:00Z,25076.0,25079.5,25074.75,25078.5,377.0
2026-03-11T01:25:00Z,25078.25,25081.0,25072.0,25072.5,488.0
2026-03-11T01:26:00Z,25072.0,25075.0,25071.25,25072.75,296.0
2026-03-11T01:27:00Z,25072.75,25077.5,25072.5,25075.5,198.0
2026-03-11T01:28:00Z,25075.5,25077.75,25074.5,25075.0,123.0
2026-03-11T01:29:00Z,25074.75,25077.25,25073.0,25076.0,145.0
2026-03-11T01:30:00Z,25076.0,25076.5,25073.0,25076.5,183.0
2026-03-11T01:31:00Z,25076.75,25081.5,25075.75,25080.25,294.0
2026-03-11T01:32:00Z,25080.75,25085.0,25078.0,25082.0,484.0
2026-03-11T01:33:00Z,25081.5,25083.25,25079.75,25082.25,266.0
2026-03-11T01:34:00Z,25082.25,25085.5,25080.5,25083.5,383.0
2026-03-11T01:35:00Z,25083.0,25083.0,25079.5,25082.0,249.0
2026-03-11T01:36:00Z,25082.0,25084.75,25081.0,25082.25,147.0
2026-03-11T01:37:00Z,25082.25,25085.0,25077.0,25082.5,454.0
2026-03-11T01:38:00Z,25083.25,25089.25,25081.5,25087.5,681.0
2026-03-11T01:39:00Z,25087.5,25088.25,25082.0,25082.75,410.0
2026-03-11T01:40:00Z,25083.75,25089.25,25081.0,25088.0,235.0
2026-03-11T01:41:00Z,25088.0,25090.0,25084.75,25086.5,320.0
2026-03-11T01:42:00Z,25086.0,25098.0,25086.0,25093.75,951.0
2026-03-11T01:43:00Z,25093.75,25094.75,25090.5,25092.75,452.0
2026-03-11T01:44:00Z,25092.75,25094.5,25090.75,25092.75,270.0
2026-03-11T01:45:00Z,25093.25,25094.25,25086.5,25087.0,521.0
2026-03-11T01:46:00Z,25087.5,25090.75,25086.25,25088.0,295.0
2026-03-11T01:47:00Z,25088.25,25091.5,25085.75,25090.25,315.0
2026-03-11T01:48:00Z,25090.0,25094.0,25089.5,25092.75,227.0
2026-03-11T01:49:00Z,25092.75,25092.75,25088.5,25089.5,142.0
2026-03-11T01:50:00Z,25089.25,25091.25,25086.25,25087.25,257.0
2026-03-11T01:51:00Z,25087.5,25088.5,25083.75,25086.0,297.0
2026-03-11T01:52:00Z,25085.25,25087.25,25083.5,25084.5,230.0
2026-03-11T01:53:00Z,25084.0,25087.75,25082.0,25087.25,271.0
2026-03-11T01:54:00Z,25086.75,25092.75,25086.25,25092.75,300.0
2026-03-11T01:55:00Z,25091.25,25092.5,25088.75,25090.25,287.0
2026-03-11T01:56:00Z,25091.0,25092.5,25088.75,25089.5,221.0
2026-03-11T01:57:00Z,25088.5,25089.75,25086.75,25086.75,162.0
2026-03-11T01:58:00Z,25086.75,25094.25,25085.75,25092.5,646.0
2026-03-11T01:59:00Z,25092.25,25093.5,25089.75,25091.0,259.0
2026-03-11T02:00:00Z,25091.0,25093.5,25089.5,25091.0,232.0
2026-03-11T02:01:00Z,25090.5,25091.25,25086.0,25088.0,279.0
2026-03-11T02:02:00Z,25088.25,25090.0,25085.5,25086.0,206.0
2026-03-11T02:03:00Z,25085.75,25086.75,25078.75,25081.0,550.0
2026-03-11T02:04:00Z,25081.0,25084.25,25078.5,25080.5,334.0
2026-03-11T02:05:00Z,25081.0,25083.0,25079.5,25081.75,249.0
2026-03-11T02:06:00Z,25081.75,25087.0,25081.75,25084.5,333.0
2026-03-11T02:07:00Z,25083.75,25085.0,25081.5,25084.75,149.0
2026-03-11T02:08:00Z,25085.0,25087.25,25083.75,25084.0,143.0
2026-03-11T02:09:00Z,25083.25,25084.0,25079.75,25081.75,197.0
2026-03-11T02:10:00Z,25081.75,25084.75,25080.0,25081.0,234.0
2026-03-11T02:11:00Z,25080.25,25084.0,25078.75,25081.75,200.0
2026-03-11T02:12:00Z,25081.75,25082.0,25075.25,25077.0,483.0
2026-03-11T02:13:00Z,25077.75,25081.75,25077.5,25080.25,243.0
2026-03-11T02:14:00Z,25078.75,25081.0,25076.5,25079.0,243.0
2026-03-11T02:15:00Z,25080.25,25095.0,25079.75,25093.0,755.0
2026-03-11T02:16:00Z,25093.0,25096.5,25091.25,25092.25,431.0
2026-03-11T02:17:00Z,25092.0,25093.75,25089.0,25090.25,198.0
2026-03-11T02:18:00Z,25090.5,25101.5,25090.0,25100.25,887.0
2026-03-11T02:19:00Z,25099.75,25102.5,25097.0,25099.25,364.0
2026-03-11T02:20:00Z,25099.25,25099.25,25093.5,25094.25,286.0
2026-03-11T02:21:00Z,25094.75,25099.5,25094.5,25096.75,224.0
2026-03-11T02:22:00Z,25096.0,25098.0,25094.5,25096.0,320.0
2026-03-11T02:23:00Z,25096.0,25098.0,25088.25,25089.25,527.0
2026-03-11T02:24:00Z,25090.0,25090.5,25087.0,25088.5,460.0
2026-03-11T02:25:00Z,25088.25,25091.25,25087.0,25090.75,205.0
2026-03-11T02:26:00Z,25089.5,25091.25,25089.0,25089.75,179.0
2026-03-11T02:27:00Z,25090.25,25092.0,25088.25,25089.5,166.0
2026-03-11T02:28:00Z,25089.75,25090.0,25087.75,25088.0,112.0
2026-03-11T02:29:00Z,25088.25,25090.25,25087.25,25088.5,171.0
2026-03-11T02:30:00Z,25087.5,25088.75,25085.0,25085.25,316.0
2026-03-11T02:31:00Z,25084.75,25086.0,25075.5,25077.5,802.0
2026-03-11T02:32:00Z,25077.75,25083.5,25077.25,25079.75,463.0
2026-03-11T02:33:00Z,25079.5,25081.0,25079.25,25080.25,129.0
2026-03-11T02:34:00Z,25080.25,25083.75,25079.25,25082.25,157.0
2026-03-11T02:35:00Z,25082.0,25085.5,25082.0,25083.25,158.0
2026-03-11T02:36:00Z,25083.5,25083.75,25073.75,25078.0,433.0
2026-03-11T02:37:00Z,25078.5,25080.5,25077.25,25079.25,175.0
2026-03-11T02:38:00Z,25079.75,25084.0,25076.75,25077.75,251.0
2026-03-11T02:39:00Z,25078.25,25079.75,25076.0,25076.75,188.0
2026-03-11T02:40:00Z,25076.75,25080.75,25075.75,25080.0,155.0
2026-03-11T02:41:00Z,25080.5,25082.75,25080.25,25082.25,92.0
2026-03-11T02:42:00Z,25081.75,25084.75,25081.75,25083.25,104.0
2026-03-11T02:43:00Z,25083.25,25092.5,25082.5,25089.75,530.0
2026-03-11T02:44:00Z,25089.5,25092.0,25088.0,25089.0,339.0
2026-03-11T02:45:00Z,25089.0,25089.5,25084.5,25085.75,216.0
2026-03-11T02:46:00Z,25085.75,25088.75,25084.5,25088.0,157.0
2026-03-11T02:47:00Z,25088.75,25092.25,25088.5,25091.25,226.0
2026-03-11T02:48:00Z,25091.5,25093.0,25089.75,25091.5,168.0
2026-03-11T02:49:00Z,25091.5,25093.75,25090.75,25091.0,153.0
2026-03-11T02:50:00Z,25091.75,25095.25,25090.0,25095.0,298.0
2026-03-11T02:51:00Z,25094.75,25098.5,25094.25,25095.75,400.0
2026-03-11T02:52:00Z,25095.0,25096.0,25094.5,25095.25,85.0
2026-03-11T02:53:00Z,25095.25,25097.5,25094.5,25096.75,91.0
2026-03-11T02:54:00Z,25096.5,25099.0,25096.5,25098.0,134.0
2026-03-11T02:55:00Z,25097.75,25098.25,25093.25,25093.75,213.0
2026-03-11T02:56:00Z,25093.25,25094.5,25092.5,25094.5,66.0
2026-03-11T02:57:00Z,25094.5,25096.75,25093.25,25095.25,126.0
2026-03-11T02:58:00Z,25095.0,25096.75,25094.5,25094.75,84.0
2026-03-11T02:59:00Z,25094.75,25095.75,25093.0,25094.25,97.0
2026-03-11T03:00:00Z,25094.25,25099.25,25092.0,25099.25,225.0
2026-03-11T03:01:00Z,25099.25,25100.0,25097.0,25099.0,292.0
2026-03-11T03:02:00Z,25099.25,25099.5,25094.25,25094.5,142.0
2026-03-11T03:03:00Z,25095.0,25095.75,25091.25,25093.0,273.0
2026-03-11T03:04:00Z,25093.5,25095.0,25090.25,25090.75,197.0
2026-03-11T03:05:00Z,25091.0,25094.5,25090.5,25093.25,167.0
2026-03-11T03:06:00Z,25093.75,25095.75,25092.75,25093.25,127.0
2026-03-11T03:07:00Z,25094.0,25094.75,25091.5,25091.75,172.0
2026-03-11T03:08:00Z,25091.5,25091.5,25087.5,25088.0,227.0
2026-03-11T03:09:00Z,25087.5,25089.5,25086.5,25088.0,141.0
2026-03-11T03:10:00Z,25088.75,25091.0,25086.75,25090.0,168.0
2026-03-11T03:11:00Z,25090.25,25092.0,25087.25,25091.25,117.0
2026-03-11T03:12:00Z,25091.75,25093.75,25091.5,25093.0,133.0
2026-03-11T03:13:00Z,25092.25,25094.25,25091.75,25093.75,100.0
2026-03-11T03:14:00Z,25093.75,25095.25,25093.0,25093.25,138.0
2026-03-11T03:15:00Z,25092.75,25097.5,25091.75,25096.0,255.0
2026-03-11T03:16:00Z,25096.25,25099.75,25095.25,25095.25,254.0
2026-03-11T03:17:00Z,25095.5,25098.25,25095.25,25098.0,162.0
2026-03-11T03:18:00Z,25097.25,25097.25,25094.5,25096.0,69.0
2026-03-11T03:19:00Z,25095.5,25098.5,25095.5,25097.0,90.0
2026-03-11T03:20:00Z,25096.5,25097.75,25095.25,25095.25,67.0
2026-03-11T03:21:00Z,25096.0,25097.0,25094.5,25097.0,71.0
2026-03-11T03:22:00Z,25097.0,25097.25,25094.75,25096.0,111.0
2026-03-11T03:23:00Z,25096.0,25096.25,25094.25,25094.5,108.0
2026-03-11T03:24:00Z,25094.75,25098.0,25094.75,25096.25,114.0
2026-03-11T03:25:00Z,25096.75,25097.25,25092.25,25092.5,173.0
2026-03-11T03:26:00Z,25092.5,25094.0,25092.25,25093.0,71.0
2026-03-11T03:27:00Z,25093.0,25093.75,25090.25,25091.75,201.0
2026-03-11T03:28:00Z,25091.5,25093.25,25091.25,25091.25,75.0
2026-03-11T03:29:00Z,25091.75,25093.5,25091.0,25093.0,100.0
2026-03-11T03:30:00Z,25093.0,25097.25,25092.5,25096.75,189.0
2026-03-11T03:31:00Z,25096.0,25098.5,25094.5,25097.5,246.0
2026-03-11T03:32:00Z,25098.5,25102.5,25095.5,25101.75,433.0
2026-03-11T03:33:00Z,25101.5,25105.5,25101.0,25101.75,472.0
2026-03-11T03:34:00Z,25102.0,25104.0,25100.75,25103.25,169.0
2026-03-11T03:35:00Z,25103.5,25111.5,25102.0,25107.5,1081.0
2026-03-11T03:36:00Z,25107.25,25112.75,25105.0,25110.75,573.0
2026-03-11T03:37:00Z,25110.75,25119.0,25109.75,25112.25,987.0
2026-03-11T03:38:00Z,25112.25,25113.5,25110.0,25112.25,364.0
2026-03-11T03:39:00Z,25112.25,25116.5,25110.5,25115.25,214.0
2026-03-11T03:40:00Z,25115.75,25116.0,25111.25,25111.5,193.0
2026-03-11T03:41:00Z,25111.5,25112.25,25108.5,25109.5,231.0
2026-03-11T03:42:00Z,25109.0,25114.75,25109.0,25113.5,192.0
2026-03-11T03:43:00Z,25114.25,25116.75,25113.25,25114.5,211.0
2026-03-11T03:44:00Z,25115.0,25116.0,25113.5,25114.5,155.0
2026-03-11T03:45:00Z,25113.75,25114.25,25111.75,25112.75,179.0
2026-03-11T03:46:00Z,25112.75,25114.25,25111.5,25113.25,124.0
2026-03-11T03:47:00Z,25113.0,25115.0,25112.75,25114.0,113.0
2026-03-11T03:48:00Z,25114.25,25115.5,25110.75,25113.5,152.0
2026-03-11T03:49:00Z,25113.25,25116.25,25112.75,25115.0,249.0
2026-03-11T03:50:00Z,25116.0,25116.0,25112.75,25114.5,139.0
2026-03-11T03:51:00Z,25114.25,25117.0,25114.0,25114.25,146.0
2026-03-11T03:52:00Z,25114.25,25116.0,25109.25,25112.25,267.0
2026-03-11T03:53:00Z,25112.0,25114.75,25110.0,25114.5,108.0
2026-03-11T03:54:00Z,25114.25,25114.25,25111.75,25112.0,92.0
2026-03-11T03:55:00Z,25112.0,25114.25,25111.75,25113.0,70.0
2026-03-11T03:56:00Z,25113.25,25114.75,25110.5,25114.75,96.0
2026-03-11T03:57:00Z,25115.0,25117.75,25114.75,25116.75,179.0
2026-03-11T03:58:00Z,25116.75,25123.5,25116.0,25118.0,813.0
2026-03-11T04:09:00Z,25116.0,25116.0,25113.75,25114.5,85.0
2026-03-11T04:10:00Z,25114.0,25116.0,25112.5,25114.0,199.0
2026-03-11T04:11:00Z,25114.0,25114.0,25110.75,25111.5,211.0
2026-03-11T04:12:00Z,25111.25,25114.75,25110.75,25111.75,233.0
2026-03-11T04:13:00Z,25111.25,25113.5,25110.5,25112.25,67.0
2026-03-11T04:14:00Z,25112.5,25117.5,25111.75,25116.25,155.0
2026-03-11T04:15:00Z,25116.0,25117.0,25114.25,25115.25,107.0
2026-03-11T04:16:00Z,25115.25,25117.0,25114.25,25114.25,108.0
2026-03-11T04:17:00Z,25115.0,25115.0,25113.0,25113.0,71.0
2026-03-11T04:18:00Z,25113.25,25117.25,25113.0,25116.0,123.0
2026-03-11T04:19:00Z,25115.75,25116.25,25113.5,25114.0,88.0
2026-03-11T04:20:00Z,25113.5,25117.25,25113.25,25115.0,103.0
2026-03-11T04:21:00Z,25114.5,25114.5,25113.25,25113.5,40.0
2026-03-11T04:22:00Z,25113.25,25114.25,25113.25,25113.25,31.0
2026-03-11T04:23:00Z,25113.5,25116.75,25113.5,25116.25,154.0
2026-03-11T04:24:00Z,25116.25,25118.0,25115.25,25116.5,109.0
2026-03-11T04:25:00Z,25116.0,25118.75,25116.0,25117.5,142.0
2026-03-11T04:26:00Z,25117.0,25118.25,25116.25,25118.25,85.0
2026-03-11T04:27:00Z,25118.5,25119.0,25116.25,25117.75,139.0
2026-03-11T04:28:00Z,25117.25,25118.0,25116.75,25117.25,78.0
2026-03-11T04:29:00Z,25117.0,25118.0,25116.5,25117.75,52.0
2026-03-11T04:30:00Z,25117.75,25118.0,25115.5,25116.0,71.0
2026-03-11T04:31:00Z,25116.0,25116.5,25114.25,25115.5,128.0
2026-03-11T04:32:00Z,25115.25,25115.5,25111.0,25111.25,134.0
2026-03-11T04:33:00Z,25111.25,25111.25,25105.0,25105.75,552.0
2026-03-11T04:34:00Z,25106.0,25108.75,25105.5,25107.25,175.0
2026-03-11T04:35:00Z,25107.0,25108.5,25105.75,25107.5,242.0
2026-03-11T04:36:00Z,25107.75,25107.75,25102.5,25103.0,313.0
2026-03-11T04:37:00Z,25103.25,25103.5,25097.5,25098.75,624.0
2026-03-11T04:38:00Z,25098.5,25102.75,25097.0,25100.25,442.0
2026-03-11T04:39:00Z,25100.5,25104.0,25100.0,25104.0,178.0
2026-03-11T04:40:00Z,25103.5,25106.25,25103.25,25105.0,238.0
2026-03-11T04:41:00Z,25104.75,25105.75,25103.0,25104.25,152.0
2026-03-11T04:42:00Z,25104.5,25104.5,25102.25,25103.25,142.0
2026-03-11T04:43:00Z,25103.25,25103.25,25099.25,25099.25,273.0
2026-03-11T04:44:00Z,25100.0,25100.25,25096.25,25097.0,304.0
2026-03-11T04:45:00Z,25097.5,25097.75,25094.5,25095.75,322.0
2026-03-11T04:46:00Z,25096.0,25097.0,25093.5,25094.0,314.0
2026-03-11T04:47:00Z,25094.25,25099.0,25094.25,25097.5,201.0
2026-03-11T04:48:00Z,25097.5,25101.25,25096.75,25100.5,146.0
2026-03-11T04:49:00Z,25100.75,25105.25,25099.5,25104.25,214.0
2026-03-11T04:50:00Z,25104.75,25106.0,25102.0,25102.75,274.0
2026-03-11T04:51:00Z,25103.25,25103.25,25100.0,25101.0,163.0
2026-03-11T04:52:00Z,25101.0,25104.0,25100.25,25101.25,167.0
2026-03-11T04:53:00Z,25101.5,25104.5,25101.0,25101.75,91.0
2026-03-11T04:54:00Z,25101.25,25101.25,25097.5,25098.5,250.0
2026-03-11T04:55:00Z,25099.25,25099.5,25095.5,25097.0,260.0
2026-03-11T04:56:00Z,25097.25,25099.25,25095.0,25095.5,187.0
2026-03-11T04:57:00Z,25095.75,25096.75,25092.0,25092.25,306.0
2026-03-11T04:58:00Z,25092.25,25092.75,25086.75,25090.75,556.0
2026-03-11T04:59:00Z,25090.75,25093.0,25090.0,25091.75,220.0
2026-03-11T05:00:00Z,25091.75,25095.25,25085.5,25088.75,431.0
2026-03-11T05:01:00Z,25089.25,25093.0,25087.25,25092.0,240.0
2026-03-11T05:02:00Z,25093.0,25093.0,25087.5,25088.75,216.0
2026-03-11T05:03:00Z,25088.75,25091.25,25088.5,25089.75,124.0
2026-03-11T05:04:00Z,25090.25,25090.75,25087.25,25088.0,168.0
2026-03-11T05:05:00Z,25087.75,25089.25,25085.75,25088.25,273.0
2026-03-11T05:06:00Z,25088.0,25089.25,25083.75,25085.0,386.0
2026-03-11T05:07:00Z,25084.5,25084.5,25076.0,25077.0,744.0
2026-03-11T05:08:00Z,25077.0,25078.0,25067.75,25068.5,1081.0
2026-03-11T05:09:00Z,25068.25,25069.25,25059.75,25061.75,711.0
2026-03-11T05:10:00Z,25061.75,25064.25,25056.25,25058.25,931.0
2026-03-11T05:11:00Z,25057.75,25072.5,25057.5,25069.75,797.0
2026-03-11T05:12:00Z,25069.75,25072.0,25064.0,25066.25,336.0
2026-03-11T05:13:00Z,25066.25,25069.5,25063.25,25065.75,197.0
2026-03-11T05:14:00Z,25065.0,25067.5,25059.0,25061.75,422.0
2026-03-11T05:15:00Z,25061.0,25065.0,25059.75,25063.75,488.0
2026-03-11T05:16:00Z,25064.0,25066.75,25063.0,25063.25,285.0
2026-03-11T05:17:00Z,25062.75,25067.25,25060.75,25064.0,260.0
2026-03-11T05:18:00Z,25063.75,25066.0,25061.5,25065.5,203.0
2026-03-11T05:19:00Z,25065.0,25068.5,25063.0,25064.5,289.0
2026-03-11T05:20:00Z,25064.75,25070.5,25063.25,25070.25,276.0
2026-03-11T05:21:00Z,25070.0,25071.5,25064.75,25064.75,280.0
2026-03-11T05:22:00Z,25065.5,25065.5,25058.25,25061.25,468.0
2026-03-11T05:23:00Z,25061.0,25067.5,25060.5,25066.75,264.0
2026-03-11T05:24:00Z,25066.75,25070.5,25064.75,25068.0,291.0
2026-03-11T05:25:00Z,25067.75,25076.25,25066.75,25075.0,326.0
2026-03-11T05:26:00Z,25075.25,25075.75,25072.0,25074.0,362.0
2026-03-11T05:27:00Z,25073.0,25075.0,25072.25,25074.5,172.0
2026-03-11T05:28:00Z,25075.0,25076.5,25072.5,25073.5,320.0
2026-03-11T05:29:00Z,25074.0,25074.0,25065.0,25065.25,338.0
2026-03-11T05:30:00Z,25065.25,25066.0,25060.5,25061.5,558.0
2026-03-11T05:31:00Z,25061.75,25063.25,25059.75,25062.75,298.0
2026-03-11T05:32:00Z,25062.75,25063.5,25057.5,25060.25,314.0
2026-03-11T05:33:00Z,25059.75,25061.5,25058.75,25059.25,223.0
2026-03-11T05:34:00Z,25058.75,25060.5,25056.25,25058.25,290.0
2026-03-11T05:35:00Z,25057.5,25058.5,25051.5,25052.75,542.0
2026-03-11T05:36:00Z,25052.75,25058.25,25051.75,25054.25,420.0
2026-03-11T05:37:00Z,25053.75,25054.5,25050.0,25052.25,535.0
2026-03-11T05:38:00Z,25052.5,25057.75,25052.25,25055.25,384.0
2026-03-11T05:39:00Z,25055.25,25056.25,25048.5,25049.5,329.0
2026-03-11T05:40:00Z,25049.25,25054.25,25048.25,25051.25,340.0
2026-03-11T05:41:00Z,25050.5,25057.0,25050.5,25056.5,314.0
2026-03-11T05:42:00Z,25057.0,25057.5,25049.75,25050.25,316.0
2026-03-11T05:43:00Z,25049.75,25050.75,25042.5,25044.25,703.0
2026-03-11T05:44:00Z,25044.25,25045.75,25040.0,25041.0,535.0
2026-03-11T05:45:00Z,25040.75,25041.5,25033.25,25034.75,734.0
2026-03-11T05:46:00Z,25034.25,25035.75,25025.75,25029.0,816.0
2026-03-11T05:47:00Z,25028.75,25038.25,25028.75,25034.25,605.0
2026-03-11T05:48:00Z,25034.25,25037.0,25030.75,25033.0,364.0
2026-03-11T05:49:00Z,25032.75,25042.25,25031.25,25040.0,473.0
2026-03-11T05:50:00Z,25039.25,25043.5,25037.0,25037.25,416.0
2026-03-11T05:51:00Z,25037.5,25037.5,25032.0,25032.5,350.0
2026-03-11T05:52:00Z,25032.0,25032.25,25026.25,25026.5,394.0
2026-03-11T05:53:00Z,25026.25,25035.25,25025.25,25031.5,455.0
2026-03-11T05:54:00Z,25031.0,25036.75,25031.0,25034.5,268.0
2026-03-11T05:55:00Z,25034.5,25038.25,25030.0,25030.5,338.0
2026-03-11T05:56:00Z,25030.75,25033.0,25029.0,25031.0,282.0
2026-03-11T05:57:00Z,25030.0,25034.25,25027.0,25032.5,352.0
2026-03-11T05:58:00Z,25032.5,25036.0,25032.0,25032.5,174.0
2026-03-11T05:59:00Z,25032.0,25032.25,25028.0,25030.25,310.0
2026-03-11T06:00:00Z,25029.5,25029.75,25018.25,25021.5,976.0
2026-03-11T06:01:00Z,25021.5,25025.5,25017.75,25019.5,697.0
2026-03-11T06:02:00Z,25019.25,25027.25,25018.25,25019.5,549.0
2026-03-11T06:03:00Z,25019.0,25019.5,25010.5,25018.0,813.0
2026-03-11T06:04:00Z,25018.0,25030.5,25017.75,25029.25,718.0
2026-03-11T06:05:00Z,25029.75,25030.0,25023.75,25027.5,537.0
2026-03-11T06:06:00Z,25026.5,25031.25,25024.5,25026.0,384.0
2026-03-11T06:07:00Z,25025.5,25035.0,25025.0,25030.5,545.0
2026-03-11T06:08:00Z,25029.75,25033.5,25022.5,25026.0,460.0
2026-03-11T06:09:00Z,25026.25,25028.5,25017.75,25018.75,484.0
2026-03-11T06:10:00Z,25018.0,25024.5,25017.5,25021.5,463.0
2026-03-11T06:11:00Z,25021.25,25026.25,25018.5,25019.25,362.0
2026-03-11T06:12:00Z,25019.0,25024.5,25018.25,25023.75,308.0
2026-03-11T06:13:00Z,25024.75,25034.5,25024.5,25033.0,501.0
2026-03-11T06:14:00Z,25032.75,25038.75,25031.0,25038.25,488.0
2026-03-11T06:15:00Z,25037.75,25040.0,25033.75,25036.0,572.0
2026-03-11T06:16:00Z,25036.0,25042.0,25033.75,25035.0,433.0
2026-03-11T06:17:00Z,25034.5,25035.75,25029.5,25031.0,271.0
2026-03-11T06:18:00Z,25031.0,25032.0,25026.5,25027.75,322.0
2026-03-11T06:19:00Z,25028.0,25029.0,25023.0,25025.25,405.0
2026-03-11T06:20:00Z,25024.25,25028.0,25020.75,25024.5,338.0
2026-03-11T06:21:00Z,25023.75,25031.5,25021.75,25024.0,437.0
2026-03-11T06:22:00Z,25023.75,25024.25,25013.0,25016.5,723.0
2026-03-11T06:23:00Z,25016.0,25018.25,25013.75,25014.0,363.0
2026-03-11T06:24:00Z,25014.0,25018.25,25011.75,25013.25,385.0
2026-03-11T06:25:00Z,25013.75,25018.75,25010.0,25014.5,513.0
2026-03-11T06:26:00Z,25014.75,25017.5,25008.25,25012.5,447.0
2026-03-11T06:27:00Z,25012.25,25015.0,25008.25,25009.5,392.0
2026-03-11T06:28:00Z,25010.0,25021.0,25010.0,25018.25,378.0
2026-03-11T06:29:00Z,25018.5,25020.5,25015.0,25020.25,263.0
2026-03-11T06:30:00Z,25020.0,25030.25,25019.75,25029.5,741.0
2026-03-11T06:31:00Z,25029.5,25035.0,25026.0,25032.75,503.0
2026-03-11T06:32:00Z,25032.25,25041.5,25030.25,25040.75,481.0
2026-03-11T06:33:00Z,25040.75,25043.5,25036.0,25042.25,549.0
2026-03-11T06:34:00Z,25041.75,25046.5,25039.25,25045.75,401.0
2026-03-11T06:35:00Z,25045.5,25049.0,25042.75,25047.75,491.0
2026-03-11T06:36:00Z,25047.75,25052.5,25045.75,25048.25,542.0
2026-03-11T06:37:00Z,25047.75,25049.0,25039.5,25043.25,460.0
2026-03-11T06:38:00Z,25042.0,25042.75,25037.0,25041.0,320.0
2026-03-11T06:39:00Z,25040.75,25053.5,25039.75,25048.5,486.0
2026-03-11T06:40:00Z,25048.5,25051.25,25046.25,25047.75,204.0
2026-03-11T06:41:00Z,25048.0,25052.0,25046.5,25051.25,242.0
2026-03-11T06:42:00Z,25050.75,25051.0,25043.0,25047.5,444.0
2026-03-11T06:43:00Z,25047.5,25049.75,25043.75,25048.75,225.0
2026-03-11T06:44:00Z,25048.5,25050.0,25047.25,25049.25,114.0
2026-03-11T06:45:00Z,25048.75,25048.75,25038.5,25041.0,444.0
2026-03-11T06:46:00Z,25041.25,25044.75,25039.75,25044.0,166.0
2026-03-11T06:47:00Z,25043.5,25043.75,25037.75,25037.75,287.0
2026-03-11T06:48:00Z,25038.25,25038.5,25028.25,25028.5,505.0
2026-03-11T06:49:00Z,25028.5,25032.5,25028.0,25031.5,186.0
2026-03-11T06:50:00Z,25032.0,25036.5,25031.75,25036.0,281.0
2026-03-11T06:51:00Z,25036.25,25039.25,25035.5,25037.75,249.0
2026-03-11T06:52:00Z,25038.5,25039.0,25034.5,25036.0,118.0
2026-03-11T06:53:00Z,25036.5,25037.75,25029.5,25030.0,217.0
2026-03-11T06:54:00Z,25030.0,25030.75,25023.5,25027.75,423.0
2026-03-11T06:55:00Z,25027.5,25031.0,25026.75,25029.0,151.0
2026-03-11T06:56:00Z,25028.5,25033.25,25027.25,25032.25,190.0
2026-03-11T06:57:00Z,25032.75,25038.0,25032.75,25037.5,189.0
2026-03-11T06:58:00Z,25038.25,25043.75,25037.25,25039.75,333.0
2026-03-11T06:59:00Z,25040.0,25041.25,25036.75,25041.25,147.0
2026-03-11T07:00:00Z,25040.75,25048.25,25039.5,25045.5,561.0
2026-03-11T07:01:00Z,25045.5,25045.75,25034.5,25038.0,584.0
2026-03-11T07:02:00Z,25036.75,25039.5,25028.0,25030.75,493.0
2026-03-11T07:03:00Z,25030.5,25036.5,25027.5,25032.5,337.0
2026-03-11T07:04:00Z,25032.5,25032.75,25025.5,25027.75,301.0
2026-03-11T07:05:00Z,25027.5,25028.0,25009.0,25009.25,1049.0
2026-03-11T07:06:00Z,25009.0,25024.25,25008.5,25024.25,732.0
2026-03-11T07:07:00Z,25024.75,25035.0,25024.75,25033.5,737.0
2026-03-11T07:08:00Z,25033.0,25037.25,25027.75,25031.0,464.0
2026-03-11T07:09:00Z,25031.75,25033.0,25020.5,25026.75,452.0
2026-03-11T07:10:00Z,25026.75,25037.0,25026.5,25036.0,469.0
2026-03-11T07:11:00Z,25034.75,25038.75,25030.25,25035.75,363.0
2026-03-11T07:12:00Z,25035.75,25036.5,25026.75,25027.25,229.0
2026-03-11T07:13:00Z,25027.0,25031.75,25026.75,25026.75,177.0
2026-03-11T07:14:00Z,25027.5,25033.75,25026.5,25033.25,229.0
2026-03-11T07:15:00Z,25033.25,25035.0,25023.0,25029.75,852.0
2026-03-11T07:16:00Z,25030.25,25035.25,25026.5,25032.75,434.0
2026-03-11T07:17:00Z,25031.75,25032.0,25025.0,25026.25,228.0
2026-03-11T07:18:00Z,25026.5,25028.5,25016.75,25017.75,455.0
2026-03-11T07:19:00Z,25018.5,25029.75,25018.5,25027.25,622.0
2026-03-11T07:20:00Z,25027.5,25030.75,25025.0,25030.25,320.0
2026-03-11T07:21:00Z,25029.5,25029.75,25020.0,25029.75,543.0
2026-03-11T07:22:00Z,25029.75,25031.0,25019.75,25025.75,475.0
2026-03-11T07:23:00Z,25026.75,25030.5,25020.25,25021.0,504.0
2026-03-11T07:24:00Z,25022.0,25022.0,25007.75,25013.25,1098.0
2026-03-11T07:25:00Z,25013.5,25020.5,25010.0,25020.5,637.0
2026-03-11T07:26:00Z,25018.5,25019.25,25009.0,25010.0,419.0
2026-03-11T07:27:00Z,25010.25,25015.75,25007.25,25013.5,626.0
2026-03-11T07:28:00Z,25013.25,25015.0,25000.5,25001.75,871.0
2026-03-11T07:29:00Z,25001.0,25006.5,24998.0,25002.0,873.0
2026-03-11T07:30:00Z,25002.5,25008.5,25002.25,25003.0,650.0
2026-03-11T07:31:00Z,25002.5,25005.25,24995.0,25002.25,893.0
2026-03-11T07:32:00Z,25001.5,25009.5,25000.5,25002.5,637.0
2026-03-11T07:33:00Z,25002.25,25002.25,24994.0,24995.75,751.0
2026-03-11T07:34:00Z,24996.5,24998.25,24989.0,24989.75,825.0
2026-03-11T07:35:00Z,24991.0,24992.0,24985.25,24989.0,908.0
2026-03-11T07:36:00Z,24988.75,24993.5,24980.75,24982.25,734.0
2026-03-11T07:37:00Z,24981.25,24983.25,24968.25,24971.25,1376.0
2026-03-11T07:38:00Z,24971.0,24976.75,24965.25,24967.5,782.0
2026-03-11T07:39:00Z,24968.0,24968.25,24955.25,24958.5,1082.0
2026-03-11T07:40:00Z,24959.0,24962.75,24953.25,24954.25,987.0
2026-03-11T07:41:00Z,24954.0,24956.75,24947.5,24953.75,1381.0
2026-03-11T07:42:00Z,24954.0,24960.25,24951.5,24958.0,899.0
2026-03-11T07:43:00Z,24958.5,24966.0,24952.75,24964.5,799.0
2026-03-11T07:44:00Z,24964.25,24966.0,24953.75,24963.75,700.0
2026-03-11T07:45:00Z,24964.0,24967.25,24958.5,24962.0,745.0
2026-03-11T07:46:00Z,24961.75,24967.0,24954.0,24964.0,626.0
2026-03-11T07:47:00Z,24963.0,24965.5,24957.25,24960.5,431.0
2026-03-11T07:48:00Z,24960.25,24978.25,24957.75,24977.0,1331.0
2026-03-11T07:49:00Z,24977.75,24980.0,24971.5,24978.75,829.0
2026-03-11T07:50:00Z,24979.0,24983.5,24973.5,24983.5,765.0
2026-03-11T07:51:00Z,24984.0,24997.0,24983.25,24995.75,893.0
2026-03-11T07:53:00Z,24990.75,24992.0,24990.5,24992.0,2310.0
2026-03-11T07:54:00Z,24991.75,24992.75,24985.5,24990.75,648.0
2026-03-11T07:55:00Z,24991.5,24997.75,24989.75,24995.0,476.0
2026-03-11T07:56:00Z,24993.25,25000.0,24991.25,24996.25,451.0
2026-03-11T07:57:00Z,24996.0,24998.25,24989.25,24995.0,416.0
2026-03-11T07:58:00Z,24995.25,24998.25,24994.25,24996.0,263.0
2026-03-11T07:59:00Z,24995.25,25006.25,24994.75,25006.0,807.0
2026-03-11T08:00:00Z,25005.5,25025.25,25005.5,25011.25,2292.0
2026-03-11T08:01:00Z,25011.5,25024.75,25008.25,25015.75,1186.0
2026-03-11T08:02:00Z,25016.25,25020.5,24999.75,25007.0,1169.0
2026-03-11T08:03:00Z,25007.5,25011.0,24997.25,25003.25,728.0
2026-03-11T08:04:00Z,25003.25,25018.25,24999.0,25014.0,916.0
2026-03-11T08:05:00Z,25013.25,25025.0,25011.0,25017.0,977.0
2026-03-11T08:06:00Z,25017.25,25021.5,25011.5,25012.75,616.0
2026-03-11T08:07:00Z,25013.5,25022.0,25008.75,25013.5,736.0
2026-03-11T08:08:00Z,25012.75,25016.25,25005.5,25015.25,604.0
2026-03-11T08:09:00Z,25016.5,25018.25,25010.0,25016.5,636.0
2026-03-11T08:10:00Z,25016.25,25024.25,25011.25,25018.25,1012.0
2026-03-11T08:11:00Z,25019.25,25021.25,25009.0,25010.75,839.0
2026-03-11T08:12:00Z,25011.0,25020.0,25006.5,25017.75,725.0
2026-03-11T08:13:00Z,25018.5,25021.0,25008.75,25012.5,661.0
2026-03-11T08:14:00Z,25012.75,25028.0,25011.5,25027.0,962.0
2026-03-11T08:15:00Z,25027.75,25028.75,25019.0,25020.0,1186.0
2026-03-11T08:16:00Z,25020.25,25026.75,25015.25,25017.25,791.0
2026-03-11T08:17:00Z,25017.25,25023.0,25013.75,25014.25,817.0
2026-03-11T08:18:00Z,25015.0,25025.25,25014.25,25020.75,663.0
2026-03-11T08:19:00Z,25021.0,25021.75,25011.25,25018.0,756.0
2026-03-11T08:20:00Z,25018.0,25022.75,25008.75,25009.25,758.0
2026-03-11T08:21:00Z,25008.25,25019.75,24999.0,25018.25,944.0
2026-03-11T08:22:00Z,25019.0,25032.75,25018.5,25027.75,1150.0
2026-03-11T08:23:00Z,25027.75,25029.0,25020.75,25023.5,517.0
2026-03-11T08:24:00Z,25023.5,25026.0,25017.75,25022.25,617.0
2026-03-11T08:25:00Z,25022.5,25025.0,25009.5,25013.5,884.0
2026-03-11T08:26:00Z,25013.75,25022.0,25011.25,25017.25,600.0
2026-03-11T08:27:00Z,25017.75,25019.5,25003.0,25006.25,872.0
2026-03-11T08:28:00Z,25007.0,25020.75,25006.75,25013.25,647.0
2026-03-11T08:29:00Z,25013.25,25023.5,25011.0,25011.0,678.0
2026-03-11T08:30:00Z,25012.5,25020.75,25010.25,25017.75,576.0
2026-03-11T08:31:00Z,25017.25,25022.25,25005.75,25010.5,728.0
2026-03-11T08:32:00Z,25011.25,25019.0,25009.0,25017.0,436.0
2026-03-11T08:33:00Z,25016.25,25037.75,25015.75,25028.5,1339.0
2026-03-11T08:34:00Z,25029.75,25034.75,25020.0,25028.25,735.0
2026-03-11T08:35:00Z,25028.25,25029.0,25017.0,25021.0,698.0
2026-03-11T08:36:00Z,25020.75,25028.0,25014.5,25018.5,784.0
2026-03-11T08:37:00Z,25017.75,25020.25,25007.25,25007.75,672.0
2026-03-11T08:38:00Z,25007.5,25007.5,24989.5,24990.0,1266.0
2026-03-11T08:39:00Z,24989.25,24991.0,24979.0,24987.0,1130.0
2026-03-11T08:40:00Z,24986.25,24992.0,24981.5,24991.0,914.0
2026-03-11T08:41:00Z,24990.5,24999.75,24986.75,24995.5,962.0
2026-03-11T08:42:00Z,24996.25,24997.25,24988.0,24992.5,472.0
2026-03-11T08:43:00Z,24992.5,25004.0,24991.75,24996.25,717.0
2026-03-11T08:44:00Z,24996.75,25001.0,24990.25,24990.75,545.0
2026-03-11T08:45:00Z,24991.25,24995.25,24986.25,24991.0,550.0
2026-03-11T08:46:00Z,24991.25,24995.0,24986.0,24990.5,472.0
2026-03-11T08:47:00Z,24990.75,24992.5,24979.75,24980.75,491.0
2026-03-11T08:48:00Z,24979.75,24982.0,24967.0,24969.25,977.0
2026-03-11T08:49:00Z,24969.0,24971.0,24963.0,24968.5,691.0
2026-03-11T08:50:00Z,24969.0,24976.0,24965.0,24965.25,739.0
2026-03-11T08:51:00Z,24965.25,24967.5,24955.25,24964.0,822.0
2026-03-11T08:52:00Z,24964.0,24964.5,24954.75,24955.25,737.0
2026-03-11T08:53:00Z,24955.0,24960.0,24950.0,24955.0,910.0
2026-03-11T08:54:00Z,24954.75,24960.5,24947.25,24958.75,883.0
2026-03-11T08:55:00Z,24958.75,24960.75,24951.25,24957.5,729.0
2026-03-11T08:56:00Z,24957.0,24958.0,24942.0,24943.0,738.0
2026-03-11T08:57:00Z,24943.25,24999.0,24934.0,24982.25,4576.0
2026-03-11T08:58:00Z,24982.75,24998.0,24966.75,24974.75,1927.0
2026-03-11T08:59:00Z,24973.5,24981.0,24962.25,24965.75,1055.0
2026-03-11T09:00:00Z,24966.5,24969.75,24942.0,24942.0,1169.0
2026-03-11T09:01:00Z,24943.0,24951.0,24938.5,24942.0,906.0
2026-03-11T09:02:00Z,24941.75,24955.0,24936.75,24949.5,928.0
2026-03-11T09:03:00Z,24948.75,24953.5,24932.5,24934.25,761.0
2026-03-11T09:04:00Z,24934.75,24942.25,24928.75,24931.5,1176.0
2026-03-11T09:05:00Z,24931.25,24942.5,24926.25,24937.25,1033.0
2026-03-11T09:06:00Z,24937.5,24945.0,24927.5,24928.25,840.0
2026-03-11T09:07:00Z,24927.5,24941.0,24925.0,24937.75,837.0
2026-03-11T09:08:00Z,24937.25,24939.5,24929.75,24936.25,531.0
2026-03-11T09:09:00Z,24935.5,24949.25,24935.5,24943.5,879.0
2026-03-11T09:10:00Z,24943.0,24945.25,24934.25,24940.0,637.0
2026-03-11T09:11:00Z,24939.75,24941.75,24933.5,24934.5,384.0
2026-03-11T09:12:00Z,24934.0,24936.5,24927.75,24930.5,571.0
2026-03-11T09:13:00Z,24931.25,24941.25,24930.5,24933.75,525.0
2026-03-11T09:14:00Z,24934.0,24942.0,24930.0,24936.25,543.0
2026-03-11T09:15:00Z,24935.0,24941.25,24933.75,24935.75,396.0
2026-03-11T09:16:00Z,24935.5,24946.5,24935.5,24940.25,437.0
2026-03-11T09:17:00Z,24941.0,24954.75,24938.5,24952.25,656.0
2026-03-11T09:18:00Z,24952.25,24953.75,24943.75,24944.5,507.0
2026-03-11T09:19:00Z,24945.0,24950.25,24944.25,24949.25,362.0
2026-03-11T09:20:00Z,24948.5,24961.25,24948.5,24953.25,773.0
2026-03-11T09:21:00Z,24954.25,24962.75,24951.0,24957.25,598.0
2026-03-11T09:22:00Z,24956.0,24965.25,24954.75,24963.5,422.0
2026-03-11T09:23:00Z,24963.0,24967.0,24959.0,24963.5,477.0
2026-03-11T09:24:00Z,24962.5,24971.0,24951.0,24952.5,922.0
2026-03-11T09:25:00Z,24953.25,24954.25,24942.75,24946.5,662.0
2026-03-11T09:26:00Z,24945.75,24951.75,24944.5,24945.75,362.0
2026-03-11T09:27:00Z,24945.75,24948.5,24943.5,24947.75,289.0
2026-03-11T09:28:00Z,24947.25,24947.25,24921.0,24922.25,1418.0
2026-03-11T09:29:00Z,24921.75,24931.0,24921.75,24923.25,615.0
2026-03-11T09:30:00Z,24922.75,24930.25,24919.5,24927.0,859.0
2026-03-11T09:31:00Z,24927.0,24933.0,24924.5,24927.5,471.0
2026-03-11T09:32:00Z,24926.75,24933.5,24923.25,24932.0,545.0
2026-03-11T09:33:00Z,24933.0,24943.5,24933.0,24941.75,565.0
2026-03-11T09:34:00Z,24941.0,24942.25,24935.75,24938.0,326.0
2026-03-11T09:35:00Z,24937.5,24945.0,24935.5,24937.75,324.0
2026-03-11T09:36:00Z,24937.75,24948.25,24933.25,24936.25,478.0
2026-03-11T09:37:00Z,24935.5,24935.75,24926.5,24928.25,500.0
2026-03-11T09:38:00Z,24928.0,24937.5,24926.5,24932.5,446.0
2026-03-11T09:39:00Z,24933.5,24938.5,24928.5,24934.5,500.0
2026-03-11T09:40:00Z,24934.75,24943.25,24930.25,24938.25,378.0
2026-03-11T09:41:00Z,24938.75,24940.0,24929.75,24931.5,295.0
2026-03-11T09:42:00Z,24932.25,24939.0,24929.25,24931.25,271.0
2026-03-11T09:43:00Z,24930.5,24931.0,24913.25,24917.0,909.0
2026-03-11T09:44:00Z,24917.0,24923.5,24914.75,24921.75,512.0
2026-03-11T09:45:00Z,24922.0,24934.75,24921.0,24934.75,614.0
2026-03-11T09:46:00Z,24933.5,24935.0,24925.0,24925.75,449.0
2026-03-11T09:47:00Z,24926.5,24940.5,24925.5,24934.5,560.0
2026-03-11T09:48:00Z,24934.0,24934.75,24928.75,24932.25,365.0
2026-03-11T09:49:00Z,24932.75,24934.25,24914.0,24916.0,612.0
2026-03-11T09:50:00Z,24915.75,24918.0,24911.25,24914.5,600.0
2026-03-11T09:51:00Z,24914.25,24917.5,24909.0,24916.5,592.0
2026-03-11T09:52:00Z,24915.5,24920.0,24914.75,24917.0,386.0
2026-03-11T09:53:00Z,24917.0,24924.0,24914.5,24915.0,362.0
2026-03-11T09:54:00Z,24914.25,24919.25,24913.25,24919.25,331.0
2026-03-11T09:55:00Z,24920.0,24923.75,24911.25,24912.25,530.0
2026-03-11T09:56:00Z,24911.75,24914.5,24900.0,24901.5,1332.0
2026-03-11T09:57:00Z,24901.5,24905.5,24899.5,24903.75,553.0
2026-03-11T09:58:00Z,24904.0,24909.5,24903.5,24908.5,557.0
2026-03-11T09:59:00Z,24908.5,24910.5,24902.25,24902.25,378.0
2026-03-11T10:00:00Z,24902.0,24906.75,24895.25,24899.75,850.0
2026-03-11T10:01:00Z,24899.5,24914.25,24896.0,24906.25,904.0
2026-03-11T10:02:00Z,24906.25,24918.25,24906.25,24913.5,489.0
2026-03-11T10:03:00Z,24914.5,24938.25,24913.25,24936.75,904.0
2026-03-11T10:04:00Z,24936.75,24942.5,24931.25,24938.75,925.0
2026-03-11T10:05:00Z,24939.25,24946.0,24938.25,24941.0,1160.0
2026-03-11T10:06:00Z,24941.75,24942.25,24929.0,24935.75,710.0
2026-03-11T10:07:00Z,24936.75,24945.5,24935.0,24940.25,765.0
2026-03-11T10:08:00Z,24939.75,24948.25,24939.5,24948.0,548.0
2026-03-11T10:09:00Z,24947.75,24963.0,24945.25,24963.0,1122.0
2026-03-11T10:10:00Z,24962.0,24963.5,24952.0,24956.25,995.0
2026-03-11T10:11:00Z,24955.25,24959.5,24952.5,24957.25,364.0
2026-03-11T10:12:00Z,24956.0,24958.25,24950.0,24953.0,495.0
2026-03-11T10:13:00Z,24953.25,24957.75,24949.25,24957.75,384.0
2026-03-11T10:14:00Z,24957.25,24974.5,24956.5,24974.0,1029.0
2026-03-11T10:15:00Z,24973.75,24980.75,24969.0,24978.5,929.0
2026-03-11T10:16:00Z,24977.75,24986.25,24974.0,24976.25,873.0
2026-03-11T10:17:00Z,24976.25,24982.5,24972.0,24975.5,494.0
2026-03-11T10:18:00Z,24976.25,24982.0,24971.25,24971.25,544.0
2026-03-11T10:19:00Z,24972.25,24976.0,24967.5,24971.5,382.0
2026-03-11T10:20:00Z,24971.75,24976.5,24970.25,24973.75,360.0
2026-03-11T10:21:00Z,24974.75,24978.25,24968.75,24977.0,325.0
2026-03-11T10:22:00Z,24975.75,24982.25,24973.25,24979.25,384.0
2026-03-11T10:23:00Z,24979.5,24982.75,24976.25,24978.5,246.0
2026-03-11T10:24:00Z,24978.0,24978.0,24960.0,24961.75,711.0
2026-03-11T10:25:00Z,24961.75,24973.0,24961.0,24968.5,624.0
2026-03-11T10:26:00Z,24968.25,24969.75,24958.25,24960.75,464.0
2026-03-11T10:27:00Z,24959.75,24967.0,24959.25,24965.25,277.0
2026-03-11T10:28:00Z,24964.5,24980.0,24963.25,24979.75,412.0
2026-03-11T10:29:00Z,24979.75,24982.5,24975.5,24976.75,388.0
2026-03-11T10:30:00Z,24976.5,24979.75,24970.5,24978.5,443.0
2026-03-11T10:31:00Z,24978.75,24994.75,24977.5,24993.25,870.0
2026-03-11T10:32:00Z,24993.5,25001.5,24988.25,24995.75,1190.0
2026-03-11T10:33:00Z,24996.25,25000.25,24994.0,24998.25,523.0
2026-03-11T10:34:00Z,24997.75,25000.75,24991.75,25000.25,436.0
2026-03-11T10:35:00Z,25000.25,25007.25,24997.5,25000.0,645.0
2026-03-11T10:36:00Z,25000.25,25008.0,24999.25,25002.0,521.0
2026-03-11T10:37:00Z,25002.5,25009.5,25000.5,25008.25,593.0
2026-03-11T10:38:00Z,25008.25,25012.5,25002.75,25006.25,434.0
2026-03-11T10:39:00Z,25007.25,25011.25,25003.0,25006.25,487.0
2026-03-11T10:40:00Z,25005.25,25008.25,24997.0,25007.5,710.0
2026-03-11T10:41:00Z,25007.25,25013.75,25006.0,25010.5,526.0
2026-03-11T10:42:00Z,25010.25,25012.5,25002.5,25008.0,634.0
2026-03-11T10:43:00Z,25007.5,25020.5,25003.75,25014.5,1035.0
2026-03-11T10:44:00Z,25014.25,25018.75,25012.75,25016.0,724.0
2026-03-11T10:45:00Z,25017.0,25025.0,25014.0,25016.25,1193.0
2026-03-11T10:46:00Z,25017.25,25019.0,25012.25,25013.5,607.0
2026-03-11T10:47:00Z,25013.0,25023.0,25011.25,25015.75,712.0
2026-03-11T10:48:00Z,25015.5,25020.0,25011.5,25017.0,354.0
2026-03-11T10:49:00Z,25017.25,25017.25,25009.25,25013.5,454.0
2026-03-11T10:50:00Z,25013.75,25021.5,25009.25,25017.5,489.0
2026-03-11T10:51:00Z,25017.25,25019.75,25013.5,25018.75,360.0
2026-03-11T10:52:00Z,25019.0,25024.25,25015.0,25021.25,456.0
2026-03-11T10:53:00Z,25021.75,25022.75,25016.5,25019.25,314.0
2026-03-11T10:54:00Z,25020.0,25022.5,25014.5,25014.75,341.0
2026-03-11T10:55:00Z,25015.5,25017.25,25010.5,25016.0,382.0
2026-03-11T10:56:00Z,25015.75,25016.0,25010.25,25010.25,245.0
2026-03-11T10:57:00Z,25011.0,25014.0,25009.75,25013.75,289.0
2026-03-11T10:58:00Z,25014.0,25020.25,25010.5,25018.25,409.0
2026-03-11T10:59:00Z,25018.5,25020.0,25010.5,25017.25,402.0
2026-03-11T11:00:00Z,25017.75,25026.5,25015.0,25020.25,924.0
2026-03-11T11:01:00Z,25020.0,25030.5,25018.25,25030.0,729.0
2026-03-11T11:02:00Z,25030.75,25040.0,25025.75,25036.5,1172.0
2026-03-11T11:03:00Z,25036.5,25043.5,25032.75,25033.25,1017.0
2026-03-11T11:04:00Z,25033.75,25034.5,25025.0,25032.5,953.0
2026-03-11T11:05:00Z,25032.0,25035.25,25026.25,25028.5,585.0
2026-03-11T11:06:00Z,25028.75,25033.5,25021.0,25022.25,661.0
2026-03-11T11:07:00Z,25021.5,25024.5,25012.0,25017.25,1113.0
2026-03-11T11:08:00Z,25018.0,25030.75,25017.75,25025.5,734.0
2026-03-11T11:09:00Z,25026.75,25027.5,25015.75,25018.75,651.0
2026-03-11T11:10:00Z,25019.5,25021.25,25014.75,25017.75,538.0
2026-03-11T11:11:00Z,25017.75,25028.5,25014.5,25027.0,582.0
2026-03-11T11:12:00Z,25027.25,25028.0,25017.25,25020.0,553.0
2026-03-11T11:13:00Z,25020.5,25021.75,25013.5,25015.75,353.0
2026-03-11T11:14:00Z,25016.5,25032.5,25013.25,25031.75,859.0
2026-03-11T11:15:00Z,25031.5,25034.5,25026.5,25032.75,495.0
2026-03-11T11:16:00Z,25032.0,25035.0,25027.25,25031.75,692.0
2026-03-11T11:17:00Z,25032.5,25039.0,25029.25,25031.25,652.0
2026-03-11T11:18:00Z,25031.25,25031.5,25018.25,25019.75,512.0
2026-03-11T11:19:00Z,25019.0,25020.0,25003.75,25006.5,1111.0
2026-03-11T11:20:00Z,25007.0,25008.25,24996.75,24997.75,878.0
2026-03-11T11:21:00Z,24998.5,25000.0,24990.0,24993.25,970.0
2026-03-11T11:22:00Z,24994.0,25002.25,24990.5,24998.75,743.0
2026-03-11T11:23:00Z,24999.25,25002.0,24992.5,24994.5,549.0
2026-03-11T11:24:00Z,24994.75,24995.25,24983.5,24987.0,785.0
2026-03-11T11:25:00Z,24987.25,24994.0,24984.75,24992.5,665.0
2026-03-11T11:26:00Z,24992.75,24997.0,24984.5,24987.0,624.0
2026-03-11T11:27:00Z,24986.75,24986.75,24973.5,24977.5,862.0
2026-03-11T11:28:00Z,24976.75,24979.5,24970.75,24972.5,889.0
2026-03-11T11:29:00Z,24972.25,24982.0,24971.75,24978.0,536.0
2026-03-11T11:30:00Z,24978.0,24981.25,24968.5,24974.25,924.0
2026-03-11T11:31:00Z,24974.25,24986.0,24972.5,24979.0,917.0
2026-03-11T11:32:00Z,24979.5,24989.75,24978.5,24986.0,865.0
2026-03-11T11:33:00Z,24986.25,24988.5,24980.25,24981.0,524.0
2026-03-11T11:34:00Z,24980.75,24983.25,24975.0,24979.75,611.0
2026-03-11T11:35:00Z,24979.5,24991.75,24979.25,24982.75,808.0
2026-03-11T11:36:00Z,24982.25,24985.0,24975.75,24981.5,704.0
2026-03-11T11:37:00Z,24981.5,24986.25,24979.75,24983.5,399.0
2026-03-11T11:38:00Z,24983.75,24994.75,24982.25,24990.25,913.0
2026-03-11T11:39:00Z,24990.0,24991.25,24979.5,24982.0,682.0
2026-03-11T11:40:00Z,24982.75,24986.25,24975.25,24976.0,469.0
2026-03-11T11:41:00Z,24976.0,24989.5,24975.75,24988.5,599.0
2026-03-11T11:42:00Z,24988.5,24990.0,24976.5,24977.75,348.0
2026-03-11T11:43:00Z,24977.5,24979.25,24955.75,24957.25,1603.0
2026-03-11T11:44:00Z,24958.0,24973.75,24955.5,24970.5,1150.0
2026-03-11T11:45:00Z,24970.5,24973.5,24947.0,24948.5,1586.0
2026-03-11T11:46:00Z,24949.0,24956.0,24943.5,24947.0,1052.0
2026-03-11T11:47:00Z,24947.5,24953.0,24941.0,24948.25,842.0
2026-03-11T11:48:00Z,24948.5,24952.5,24944.0,24948.25,577.0
2026-03-11T11:49:00Z,24947.75,24962.5,24937.5,24939.25,1452.0
2026-03-11T11:50:00Z,24938.75,24998.25,24928.5,24966.0,5048.0
2026-03-11T11:51:00Z,24966.75,24970.75,24953.75,24964.25,1598.0
2026-03-11T11:52:00Z,24963.75,24971.25,24946.5,24947.5,1354.0
2026-03-11T11:53:00Z,24947.75,24959.25,24945.0,24958.5,644.0
2026-03-11T11:54:00Z,24958.25,24967.25,24951.25,24964.75,544.0
2026-03-11T11:55:00Z,24964.5,24967.5,24952.25,24955.0,742.0
2026-03-11T11:56:00Z,24954.75,24958.25,24949.5,24957.5,403.0
2026-03-11T11:57:00Z,24958.5,24967.0,24957.0,24966.0,583.0
2026-03-11T11:58:00Z,24965.5,24976.25,24962.5,24971.0,858.0
2026-03-11T11:59:00Z,24970.75,24971.75,24946.25,24946.25,1389.0
2026-03-11T12:00:00Z,24947.0,24961.75,24944.0,24959.75,1094.0
2026-03-11T12:01:00Z,24960.5,24968.75,24958.25,24963.5,717.0
2026-03-11T12:02:00Z,24963.75,24971.0,24959.5,24968.25,522.0
2026-03-11T12:03:00Z,24969.5,24972.0,24957.75,24960.75,619.0
2026-03-11T12:04:00Z,24961.25,24961.25,24947.0,24950.0,531.0
2026-03-11T12:05:00Z,24949.25,24958.25,24949.25,24951.75,539.0
2026-03-11T12:06:00Z,24950.75,24956.25,24950.5,24952.0,251.0
2026-03-11T12:07:00Z,24951.75,24955.5,24948.75,24954.5,298.0
2026-03-11T12:08:00Z,24954.5,24954.5,24943.0,24943.5,447.0
2026-03-11T12:09:00Z,24944.25,24945.75,24937.75,24943.0,771.0
2026-03-11T12:10:00Z,24943.0,24952.0,24941.0,24947.5,482.0
2026-03-11T12:11:00Z,24948.0,24959.5,24938.75,24954.5,1455.0
2026-03-11T12:12:00Z,24955.5,24961.75,24951.25,24958.25,680.0
2026-03-11T12:13:00Z,24958.5,24963.0,24955.25,24961.0,649.0
2026-03-11T12:14:00Z,24960.75,24964.0,24954.5,24956.0,386.0
2026-03-11T12:15:00Z,24955.75,24964.5,24954.25,24955.25,580.0
2026-03-11T12:16:00Z,24954.5,24957.0,24949.25,24956.25,671.0
2026-03-11T12:17:00Z,24955.75,24968.5,24955.5,24966.25,601.0
2026-03-11T12:18:00Z,24967.0,24971.25,24963.5,24965.5,651.0
2026-03-11T12:19:00Z,24965.25,24971.0,24959.5,24968.75,549.0
2026-03-11T12:20:00Z,24969.5,24970.0,24963.75,24965.0,407.0
2026-03-11T12:21:00Z,24964.25,24969.0,24960.5,24968.25,378.0
2026-03-11T12:22:00Z,24968.75,24976.75,24965.5,24976.25,642.0
2026-03-11T12:23:00Z,24976.0,24981.75,24964.0,24968.5,790.0
2026-03-11T12:24:00Z,24968.75,24969.5,24962.5,24964.0,456.0
2026-03-11T12:25:00Z,24965.0,24975.75,24956.5,24975.75,733.0
2026-03-11T12:26:00Z,24975.25,24985.0,24974.75,24985.0,589.0
2026-03-11T12:27:00Z,24984.75,24990.75,24984.0,24987.75,706.0
2026-03-11T12:28:00Z,24988.5,24994.5,24987.75,24993.5,663.0
2026-03-11T12:29:00Z,24993.25,24998.5,24979.5,24991.5,704.0
2026-03-11T12:30:00Z,24991.5,25056.0,24929.0,24995.5,4485.0
2026-03-11T12:31:00Z,24995.5,25004.0,24978.75,24982.25,1565.0
2026-03-11T12:32:00Z,24982.25,24987.0,24970.75,24973.0,1331.0
2026-03-11T12:33:00Z,24973.0,24974.25,24937.0,24943.0,2592.0
2026-03-11T12:34:00Z,24942.25,24947.0,24931.75,24941.25,2092.0
2026-03-11T12:35:00Z,24941.25,24954.0,24930.0,24952.25,2292.0
2026-03-11T12:36:00Z,24952.25,24958.5,24942.75,24955.5,1760.0
2026-03-11T12:37:00Z,24955.75,24958.0,24946.0,24947.75,1200.0
2026-03-11T12:38:00Z,24948.25,24951.0,24941.75,24945.5,1124.0
2026-03-11T12:39:00Z,24946.0,24964.25,24943.5,24960.0,1375.0
2026-03-11T12:40:00Z,24959.25,24969.75,24956.75,24967.25,1355.0
2026-03-11T12:41:00Z,24966.25,24968.25,24938.5,24942.0,1775.0
2026-03-11T12:42:00Z,24941.75,24942.5,24921.75,24923.0,2439.0
2026-03-11T12:43:00Z,24923.5,24936.25,24922.5,24924.25,1599.0
2026-03-11T12:44:00Z,24924.75,24934.75,24920.75,24932.5,1491.0
2026-03-11T12:45:00Z,24932.75,24937.0,24916.25,24921.75,1851.0
2026-03-11T12:46:00Z,24923.0,24931.5,24914.25,24924.25,1650.0
2026-03-11T12:47:00Z,24924.5,24932.0,24908.5,24924.25,2076.0
2026-03-11T12:48:00Z,24924.5,24935.25,24924.5,24928.0,1534.0
2026-03-11T12:49:00Z,24927.5,24939.0,24926.75,24933.0,1063.0
2026-03-11T12:50:00Z,24933.0,24938.25,24924.0,24930.25,1100.0
2026-03-11T12:51:00Z,24930.5,24941.0,24925.5,24930.5,1208.0
2026-03-11T12:52:00Z,24931.5,24935.5,24928.25,24935.0,682.0
2026-03-11T12:53:00Z,24934.5,24937.0,24923.5,24931.0,918.0
2026-03-11T12:54:00Z,24930.5,24940.75,24924.0,24938.75,1115.0
2026-03-11T12:55:00Z,24938.25,24958.75,24937.75,24949.5,2360.0
2026-03-11T12:56:00Z,24949.25,24952.75,24942.5,24947.75,995.0
2026-03-11T12:57:00Z,24947.5,24950.5,24938.75,24949.75,1431.0
2026-03-11T12:58:00Z,24949.0,24949.5,24938.5,24943.25,1066.0
2026-03-11T12:59:00Z,24942.75,24946.5,24935.0,24945.5,1060.0
2026-03-11T13:00:00Z,24945.0,24966.0,24943.25,24962.75,3133.0
2026-03-11T13:01:00Z,24962.25,24979.75,24956.5,24968.25,2716.0
2026-03-11T13:02:00Z,24968.75,24982.0,24968.0,24977.25,1924.0
2026-03-11T13:03:00Z,24977.75,24979.0,24969.25,24974.0,1299.0
2026-03-11T13:04:00Z,24974.5,24977.25,24967.75,24974.75,1161.0
2026-03-11T13:05:00Z,24974.25,24999.5,24972.5,24991.25,3090.0
2026-03-11T13:06:00Z,24992.0,24995.0,24983.5,24992.0,1801.0
2026-03-11T13:07:00Z,24991.75,24992.0,24974.75,24978.75,1803.0
2026-03-11T13:08:00Z,24978.5,24979.75,24970.5,24975.5,1380.0
2026-03-11T13:09:00Z,24974.75,24982.5,24969.0,24971.25,1253.0
2026-03-11T13:10:00Z,24971.25,24971.5,24960.25,24964.5,1767.0
2026-03-11T13:11:00Z,24964.75,24969.0,24960.25,24966.5,1107.0
2026-03-11T13:12:00Z,24966.0,24982.25,24963.75,24981.0,1572.0
2026-03-11T13:13:00Z,24981.0,24982.0,24966.5,24974.75,1326.0
2026-03-11T13:14:00Z,24974.5,24976.75,24961.75,24963.75,1048.0
2026-03-11T13:15:00Z,24964.25,24970.0,24960.25,24967.5,1042.0
2026-03-11T13:16:00Z,24967.5,24978.5,24966.0,24976.25,1110.0
2026-03-11T13:17:00Z,24976.25,24986.75,24972.75,24985.0,1516.0
2026-03-11T13:18:00Z,24985.5,24990.0,24980.75,24989.0,1175.0
2026-03-11T13:19:00Z,24988.75,24994.0,24985.25,24992.5,1003.0
2026-03-11T13:20:00Z,24992.75,24997.25,24988.75,24993.0,1084.0
2026-03-11T13:21:00Z,24993.0,25003.0,24989.25,24999.75,1256.0
2026-03-11T13:22:00Z,25000.25,25006.25,24995.0,25000.5,1361.0
2026-03-11T13:23:00Z,25001.25,25011.25,24990.75,25010.0,1921.0
2026-03-11T13:24:00Z,25010.25,25020.25,25007.0,25017.75,1877.0
2026-03-11T13:25:00Z,25018.0,25023.5,25014.5,25021.25,1646.0
2026-03-11T13:26:00Z,25021.75,25027.0,25020.5,25021.0,1329.0
2026-03-11T13:27:00Z,25021.25,25025.0,25013.75,25018.0,1478.0
2026-03-11T13:28:00Z,25018.0,25036.0,25018.0,25031.75,2451.0
2026-03-11T13:29:00Z,25031.5,25035.75,25022.75,25035.0,1775.0
2026-03-11T13:30:00Z,25035.0,25091.25,25035.0,25084.25,11963.0
2026-03-11T13:31:00Z,25084.25,25087.25,25053.25,25065.5,7500.0
2026-03-11T13:32:00Z,25066.25,25096.75,25063.25,25088.0,7434.0
2026-03-11T13:33:00Z,25088.0,25099.5,25072.5,25083.25,5783.0
2026-03-11T13:34:00Z,25082.25,25092.5,25068.5,25076.75,4724.0
2026-03-11T13:35:00Z,25076.5,25101.75,25074.75,25079.25,7020.0
2026-03-11T13:36:00Z,25079.0,25094.25,25070.0,25079.0,4966.0
2026-03-11T13:37:00Z,25079.0,25109.25,25078.0,25105.25,6264.0
2026-03-11T13:38:00Z,25105.0,25105.75,25083.5,25092.0,4924.0
2026-03-11T13:39:00Z,25091.75,25109.75,25090.75,25103.25,4577.0
2026-03-11T13:40:00Z,25102.5,25111.0,25091.5,25104.0,4821.0
2026-03-11T13:41:00Z,25103.25,25113.5,25088.5,25112.0,4621.0
2026-03-11T13:42:00Z,25112.25,25115.5,25091.25,25097.0,5181.0
2026-03-11T13:43:00Z,25096.0,25101.0,25076.75,25084.0,5296.0
2026-03-11T13:44:00Z,25083.5,25085.5,25062.0,25070.25,5938.0
2026-03-11T13:45:00Z,25070.25,25098.25,25059.5,25086.25,7842.0
2026-03-11T13:46:00Z,25086.75,25087.5,25055.0,25067.75,5987.0
2026-03-11T13:47:00Z,25068.25,25075.5,25055.5,25056.25,4762.0
2026-03-11T13:48:00Z,25056.75,25057.0,25036.75,25046.0,7295.0
2026-03-11T13:49:00Z,25045.25,25057.25,25035.5,25050.25,5312.0
2026-03-11T13:50:00Z,25050.0,25052.75,25024.0,25028.75,6314.0
2026-03-11T13:51:00Z,25028.75,25030.75,25014.75,25022.75,6416.0
2026-03-11T13:52:00Z,25023.0,25045.0,25020.0,25044.5,6158.0
2026-03-11T13:53:00Z,25043.75,25077.0,25043.0,25054.75,10863.0
2026-03-11T13:54:00Z,25054.75,25059.5,25038.75,25051.5,5465.0
2026-03-11T13:55:00Z,25051.75,25065.25,25033.0,25038.75,6273.0
2026-03-11T13:56:00Z,25039.25,25052.0,25031.5,25049.75,4085.0
2026-03-11T13:57:00Z,25049.25,25062.5,25037.75,25058.5,4303.0
2026-03-11T13:58:00Z,25059.0,25108.25,25058.25,25099.75,9107.0
2026-03-11T13:59:00Z,25099.0,25103.75,25086.5,25101.5,6700.0
2026-03-11T14:00:00Z,25101.5,25178.0,25091.0,25172.5,19290.0
2026-03-11T14:01:00Z,25173.0,25180.0,25135.75,25148.0,13715.0
2026-03-11T14:02:00Z,25147.75,25149.25,25121.0,25130.5,8617.0
2026-03-11T14:03:00Z,25130.0,25131.75,25087.25,25115.25,11702.0
2026-03-11T14:04:00Z,25115.25,25140.25,25112.25,25122.5,7849.0
2026-03-11T14:05:00Z,25122.5,25149.25,25117.75,25138.0,6882.0
2026-03-11T14:06:00Z,25138.75,25144.75,25098.25,25101.75,6902.0
2026-03-11T14:07:00Z,25102.0,25118.0,25093.25,25100.25,5358.0
2026-03-11T14:08:00Z,25099.5,25100.5,25070.25,25091.25,8732.0
2026-03-11T14:09:00Z,25091.25,25105.0,25082.75,25089.75,5344.0
2026-03-11T14:10:00Z,25089.75,25107.0,25083.5,25092.5,5315.0
2026-03-11T14:11:00Z,25092.75,25093.25,25065.5,25082.5,5990.0
2026-03-11T14:12:00Z,25082.5,25086.25,25058.0,25080.0,6297.0
2026-03-11T14:13:00Z,25079.5,25102.0,25069.5,25091.75,5274.0
2026-03-11T14:14:00Z,25092.5,25112.5,25091.75,25101.25,5603.0
2026-03-11T14:15:00Z,25102.0,25111.5,25073.25,25080.25,6003.0
2026-03-11T14:16:00Z,25080.5,25085.5,25053.0,25072.75,5874.0
2026-03-11T14:17:00Z,25072.25,25087.5,25067.75,25075.75,4016.0
2026-03-11T14:18:00Z,25076.5,25103.5,25069.75,25102.75,4020.0
2026-03-11T14:19:00Z,25102.75,25110.5,25085.0,25092.75,5301.0
2026-03-11T14:20:00Z,25091.5,25096.0,25074.0,25086.75,3664.0
2026-03-11T14:21:00Z,25086.5,25093.0,25070.0,25074.25,3000.0
2026-03-11T14:22:00Z,25075.0,25080.25,25060.75,25064.5,4153.0
2026-03-11T14:23:00Z,25064.75,25065.5,25020.0,25024.5,8693.0
2026-03-11T14:24:00Z,25025.0,25036.75,25016.75,25019.25,6700.0
2026-03-11T14:25:00Z,25019.5,25026.0,25000.0,25013.25,9503.0
2026-03-11T14:26:00Z,25013.0,25024.25,25000.5,25008.25,4422.0
2026-03-11T14:27:00Z,25008.5,25010.0,24983.25,24985.0,8236.0
2026-03-11T14:28:00Z,24985.25,24999.5,24978.75,24997.0,5034.0
2026-03-11T14:29:00Z,24997.0,25033.25,24995.25,25027.75,8099.0
2026-03-11T14:30:00Z,25027.75,25034.75,25015.0,25026.75,6061.0
2026-03-11T14:31:00Z,25027.5,25045.0,25003.5,25004.75,8398.0
2026-03-11T14:32:00Z,25004.75,25009.0,24988.25,24992.25,5609.0
2026-03-11T14:33:00Z,24992.5,24993.75,24972.5,24972.75,5480.0
2026-03-11T14:34:00Z,24973.0,24974.5,24958.5,24969.5,6552.0
2026-03-11T14:35:00Z,24970.25,25003.25,24968.75,24984.75,7805.0
2026-03-11T14:36:00Z,24984.75,25012.75,24984.25,25011.5,5458.0
2026-03-11T14:37:00Z,25011.5,25021.25,25002.5,25017.0,4354.0
2026-03-11T14:38:00Z,25016.75,25033.75,25016.0,25020.75,4834.0
2026-03-11T14:39:00Z,25020.75,25025.25,24996.25,25008.75,5626.0
2026-03-11T14:40:00Z,25008.0,25023.5,25001.5,25014.0,3843.0
2026-03-11T14:41:00Z,25014.75,25019.75,25002.5,25013.75,2740.0
2026-03-11T14:42:00Z,25014.75,25032.5,25003.75,25023.75,3976.0
2026-03-11T14:43:00Z,25024.0,25041.0,25021.5,25034.25,5613.0
2026-03-11T14:44:00Z,25034.0,25053.25,25031.5,25036.25,4917.0
2026-03-11T14:45:00Z,25036.25,25045.5,25026.5,25043.5,3895.0
2026-03-11T14:46:00Z,25044.0,25051.25,25016.0,25016.5,4751.0
2026-03-11T14:47:00Z,25016.75,25046.75,25016.75,25045.75,4454.0
2026-03-11T14:48:00Z,25046.0,25057.5,25031.25,25042.25,5296.0
2026-03-11T14:49:00Z,25041.75,25055.75,25041.5,25050.75,3216.0
2026-03-11T14:50:00Z,25050.75,25060.75,25044.5,25053.5,3539.0
2026-03-11T14:51:00Z,25054.25,25059.25,25042.25,25053.5,2759.0
2026-03-11T14:52:00Z,25053.25,25058.0,25043.5,25046.5,2511.0
2026-03-11T14:53:00Z,25045.5,25052.75,25037.25,25050.75,2876.0
2026-03-11T14:54:00Z,25050.5,25053.0,25041.0,25049.75,2121.0
2026-03-11T14:55:00Z,25050.0,25054.0,25037.5,25038.25,2813.0
2026-03-11T14:56:00Z,25039.25,25050.75,25038.25,25046.0,2158.0
2026-03-11T14:57:00Z,25046.25,25065.0,25043.25,25061.5,3239.0
2026-03-11T14:58:00Z,25061.0,25080.25,25056.0,25070.5,5792.0
2026-03-11T14:59:00Z,25071.0,25071.75,25056.5,25065.0,2770.0
2026-03-11T15:00:00Z,25065.5,25085.25,25064.5,25085.0,5362.0
2026-03-11T15:01:00Z,25085.25,25090.0,25058.0,25064.0,5485.0
2026-03-11T15:02:00Z,25063.75,25065.25,25033.25,25034.25,6921.0
2026-03-11T15:03:00Z,25034.5,25047.5,25027.75,25041.25,5594.0
2026-03-11T15:04:00Z,25041.0,25074.25,25030.75,25073.75,5363.0
2026-03-11T15:05:00Z,25073.25,25076.5,25053.75,25059.25,4708.0
2026-03-11T15:06:00Z,25058.25,25060.5,25045.75,25050.25,3257.0
2026-03-11T15:07:00Z,25049.75,25066.0,25048.25,25056.75,2495.0
2026-03-11T15:08:00Z,25057.0,25058.5,25041.75,25047.75,2981.0
2026-03-11T15:09:00Z,25047.0,25049.5,25037.25,25040.5,2817.0
2026-03-11T15:10:00Z,25040.0,25059.0,25032.0,25032.75,4088.0
2026-03-11T15:11:00Z,25033.0,25033.5,25012.25,25022.0,6114.0
2026-03-11T15:12:00Z,25021.75,25024.0,24958.0,24964.75,10488.0
2026-03-11T15:13:00Z,24965.25,24988.75,24953.25,24985.5,7945.0
2026-03-11T15:14:00Z,24985.75,25004.0,24978.75,24993.75,4781.0
2026-03-11T15:15:00Z,24994.0,24995.25,24962.5,24967.25,6163.0
2026-03-11T15:16:00Z,24966.25,24982.5,24963.0,24963.0,4752.0
2026-03-11T15:17:00Z,24963.5,24968.75,24953.5,24955.5,4467.0
2026-03-11T15:18:00Z,24955.5,24975.5,24947.0,24971.0,6049.0
2026-03-11T15:19:00Z,24970.75,24977.5,24959.0,24969.25,3314.0
2026-03-11T15:20:00Z,24969.0,24991.5,24966.0,24979.0,5070.0
2026-03-11T15:21:00Z,24978.25,24986.0,24966.75,24974.75,3734.0
2026-03-11T15:22:00Z,24975.25,24980.0,24959.25,24963.0,3022.0
2026-03-11T15:23:00Z,24963.0,24993.75,24955.75,24988.5,5306.0
2026-03-11T15:24:00Z,24988.25,25007.75,24984.0,25001.75,4550.0
2026-03-11T15:25:00Z,25001.5,25018.25,24995.0,24998.75,6122.0
2026-03-11T15:26:00Z,24999.25,25003.0,24982.0,24985.5,3809.0
2026-03-11T15:27:00Z,24985.75,24989.0,24963.25,24984.25,4951.0
2026-03-11T15:28:00Z,24984.5,24994.0,24972.75,24976.0,3009.0
2026-03-11T15:29:00Z,24976.5,24977.5,24933.0,24935.25,7339.0
2026-03-11T15:30:00Z,24935.0,24946.0,24917.75,24920.0,9559.0
2026-03-11T15:31:00Z,24919.75,24927.0,24911.25,24920.25,5397.0
2026-03-11T15:32:00Z,24920.5,24936.25,24913.5,24934.25,5357.0
2026-03-11T15:33:00Z,24933.75,24945.5,24933.0,24941.0,4069.0
2026-03-11T15:34:00Z,24941.25,24962.25,24941.0,24951.5,6191.0
2026-03-11T15:35:00Z,24952.0,24958.0,24933.5,24938.0,4836.0
2026-03-11T15:36:00Z,24938.0,24957.25,24938.0,24945.75,3098.0
2026-03-11T15:37:00Z,24946.0,24959.0,24942.75,24948.25,2423.0
2026-03-11T15:38:00Z,24948.25,24964.0,24945.25,24955.75,2931.0
2026-03-11T15:39:00Z,24955.5,24957.0,24934.25,24949.0,3786.0
2026-03-11T15:40:00Z,24949.0,24961.5,24942.75,24948.5,4077.0
2026-03-11T15:41:00Z,24949.0,24961.5,24941.5,24945.25,3014.0
2026-03-11T15:42:00Z,24945.5,24954.75,24939.0,24949.5,2708.0
2026-03-11T15:43:00Z,24948.75,24956.5,24939.25,24941.0,2681.0
2026-03-11T15:44:00Z,24941.25,24943.25,24918.0,24919.25,4421.0
2026-03-11T15:45:00Z,24920.25,24926.5,24910.25,24915.5,4673.0
2026-03-11T15:46:00Z,24916.0,24921.0,24907.25,24913.75,3704.0
2026-03-11T15:47:00Z,24913.75,24915.5,24904.0,24907.75,2907.0
2026-03-11T15:48:00Z,24908.0,24909.0,24892.0,24895.5,6430.0
2026-03-11T15:49:00Z,24894.75,24918.5,24892.5,24912.0,5183.0
2026-03-11T15:50:00Z,24912.5,24934.25,24911.75,24928.75,5270.0
2026-03-11T15:51:00Z,24929.75,24953.5,24929.25,24947.75,5362.0
2026-03-11T15:52:00Z,24947.75,24953.5,24939.75,24950.25,3101.0
2026-03-11T15:53:00Z,24949.5,24959.75,24943.5,24954.25,3387.0
2026-03-11T15:54:00Z,24953.75,24958.75,24941.5,24957.25,2269.0
2026-03-11T15:55:00Z,24957.0,24960.75,24940.25,24954.5,4477.0
2026-03-11T15:56:00Z,24954.75,24957.5,24942.75,24949.5,2183.0
2026-03-11T15:57:00Z,24950.0,24956.25,24940.0,24948.5,2731.0
2026-03-11T15:58:00Z,24948.25,24951.25,24931.5,24936.75,2779.0
2026-03-11T15:59:00Z,24936.0,24944.0,24933.0,24934.75,1809.0
2026-03-11T16:00:00Z,24934.5,24941.25,24915.25,24921.25,5372.0
2026-03-11T16:01:00Z,24921.5,24929.25,24917.0,24919.5,2857.0
2026-03-11T16:02:00Z,24919.75,24926.25,24901.25,24918.75,4720.0
2026-03-11T16:03:00Z,24918.5,24925.75,24914.25,24915.5,1864.0
2026-03-11T16:04:00Z,24915.0,24915.5,24900.5,24905.25,3180.0
2026-03-11T16:05:00Z,24905.0,24915.0,24900.0,24903.25,2907.0
2026-03-11T16:06:00Z,24903.25,24916.75,24900.0,24911.0,2765.0
2026-03-11T16:07:00Z,24911.25,24919.75,24903.25,24903.25,2320.0
2026-03-11T16:08:00Z,24903.5,24913.75,24897.25,24904.0,2672.0
2026-03-11T16:09:00Z,24904.25,24910.5,24898.25,24906.75,2497.0
2026-03-11T16:10:00Z,24906.5,24925.25,24898.5,24923.0,5088.0
2026-03-11T16:11:00Z,24922.75,24928.0,24909.25,24913.0,2760.0
2026-03-11T16:12:00Z,24912.75,24916.5,24904.0,24913.5,2215.0
2026-03-11T16:13:00Z,24913.25,24928.75,24911.0,24927.75,2625.0
2026-03-11T16:14:00Z,24928.0,24935.75,24921.25,24932.75,3274.0
2026-03-11T16:15:00Z,24932.75,24942.5,24919.0,24920.0,3683.0
2026-03-11T16:16:00Z,24920.5,24932.5,24912.0,24929.75,2837.0
2026-03-11T16:17:00Z,24930.25,24931.25,24917.75,24922.75,2005.0
2026-03-11T16:18:00Z,24922.25,24936.75,24921.0,24932.0,2145.0
2026-03-11T16:19:00Z,24931.5,24936.75,24907.5,24910.25,2780.0
2026-03-11T16:20:00Z,24910.25,24918.75,24906.0,24911.75,2324.0
2026-03-11T16:21:00Z,24913.25,24925.25,24907.0,24919.25,3493.0
2026-03-11T16:22:00Z,24919.25,24939.25,24917.75,24938.75,2536.0
2026-03-11T16:23:00Z,24938.5,24948.75,24932.0,24935.5,3716.0
2026-03-11T16:24:00Z,24935.5,24936.0,24921.0,24932.75,2560.0
2026-03-11T16:25:00Z,24932.5,24941.25,24928.25,24933.0,2150.0
2026-03-11T16:26:00Z,24933.25,24938.25,24921.5,24937.75,2482.0
2026-03-11T16:27:00Z,24937.25,24947.75,24937.0,24944.25,2460.0
2026-03-11T16:28:00Z,24944.0,24950.5,24937.75,24948.75,2339.0
2026-03-11T16:29:00Z,24948.5,24953.0,24941.75,24952.0,2274.0
2026-03-11T16:30:00Z,24951.75,24975.0,24949.25,24975.0,5829.0
2026-03-11T16:31:00Z,24974.5,24988.5,24971.75,24987.75,4650.0
2026-03-11T16:32:00Z,24988.25,24996.75,24974.25,24982.0,4866.0
2026-03-11T16:33:00Z,24982.25,24990.5,24976.75,24989.5,2411.0
2026-03-11T16:34:00Z,24989.0,25005.5,24988.25,24998.75,4147.0
2026-03-11T16:35:00Z,24998.5,25002.5,24992.0,25001.75,2641.0
2026-03-11T16:36:00Z,25001.25,25002.75,24990.0,24995.0,2129.0
2026-03-11T16:37:00Z,24994.75,25007.0,24994.5,25006.25,2422.0
2026-03-11T16:38:00Z,25006.0,25006.5,24978.5,24981.5,3490.0
2026-03-11T16:39:00Z,24981.75,24983.25,24967.0,24974.0,3604.0
2026-03-11T16:40:00Z,24974.0,24986.5,24970.75,24984.5,2648.0
2026-03-11T16:41:00Z,24984.75,25002.75,24980.0,25000.0,3044.0
2026-03-11T16:42:00Z,24999.75,25002.0,24988.0,24993.25,2382.0
2026-03-11T16:43:00Z,24993.5,24994.25,24979.0,24983.75,2299.0
2026-03-11T16:44:00Z,24984.25,24986.5,24974.25,24979.25,2089.0
2026-03-11T16:45:00Z,24979.75,24980.5,24967.5,24973.25,2022.0
2026-03-11T16:46:00Z,24973.75,24988.5,24966.0,24988.0,2584.0
2026-03-11T16:47:00Z,24988.5,24994.0,24985.0,24990.0,1814.0
2026-03-11T16:48:00Z,24989.25,24990.5,24975.0,24979.0,1859.0
2026-03-11T16:49:00Z,24979.0,24980.25,24967.5,24973.25,1665.0
2026-03-11T16:50:00Z,24973.25,24984.75,24972.0,24979.75,1336.0
2026-03-11T16:51:00Z,24979.25,24990.75,24979.25,24987.75,1376.0
2026-03-11T16:52:00Z,24988.25,24991.5,24980.75,24985.5,1147.0
2026-03-11T16:53:00Z,24985.75,24994.75,24985.75,24992.5,1369.0
2026-03-11T16:54:00Z,24992.25,25000.0,24986.5,24996.25,1760.0
2026-03-11T16:55:00Z,24996.25,25001.75,24993.75,24996.0,1526.0
2026-03-11T16:56:00Z,24996.5,24998.75,24990.5,24997.75,1148.0
2026-03-11T16:57:00Z,24998.0,25003.0,24993.5,24999.75,1177.0
2026-03-11T16:58:00Z,25000.0,25012.25,24996.75,25009.5,2156.0
2026-03-11T16:59:00Z,25009.5,25011.0,25000.75,25007.0,1562.0
2026-03-11T17:00:00Z,25007.0,25035.0,25005.25,25020.5,5736.0
2026-03-11T17:01:00Z,25021.0,25022.25,25010.0,25011.0,1571.0
2026-03-11T17:02:00Z,25011.0,25013.0,25003.0,25010.75,2157.0
2026-03-11T17:03:00Z,25010.75,25018.25,25008.0,25016.5,1331.0
2026-03-11T17:04:00Z,25016.5,25020.75,25006.0,25008.0,1747.0
2026-03-11T17:05:00Z,25008.25,25019.5,25004.75,25017.25,1402.0
2026-03-11T17:06:00Z,25017.25,25022.0,25009.5,25018.0,1708.0
2026-03-11T17:07:00Z,25018.75,25025.75,25018.5,25024.25,1324.0
2026-03-11T17:08:00Z,25023.75,25025.25,25011.25,25016.5,1649.0
2026-03-11T17:09:00Z,25016.25,25017.25,25007.25,25010.75,1624.0
2026-03-11T17:10:00Z,25011.75,25013.0,25001.0,25005.75,2480.0
2026-03-11T17:11:00Z,25005.75,25009.0,24992.25,24994.25,2560.0
2026-03-11T17:12:00Z,24994.0,24998.5,24988.5,24995.0,2174.0
2026-03-11T17:13:00Z,24995.75,25007.75,24993.25,25002.0,1986.0
2026-03-11T17:14:00Z,25002.25,25003.0,24984.75,24996.0,2142.0
2026-03-11T17:15:00Z,24995.5,25002.5,24990.0,25001.0,1573.0
2026-03-11T17:16:00Z,25000.5,25007.5,24997.5,25000.75,1879.0
2026-03-11T17:17:00Z,25001.0,25006.25,24996.0,24998.5,1214.0
2026-03-11T17:18:00Z,24998.0,24998.5,24974.25,24975.0,3141.0
2026-03-11T17:19:00Z,24975.0,24981.75,24970.25,24979.25,2387.0
2026-03-11T17:20:00Z,24979.5,24993.0,24977.25,24991.75,2578.0
2026-03-11T17:21:00Z,24991.75,25001.0,24981.0,24997.5,2496.0
2026-03-11T17:22:00Z,24996.75,25000.5,24991.0,24995.75,1391.0
2026-03-11T17:23:00Z,24996.0,24998.0,24988.25,24992.25,1125.0
2026-03-11T17:24:00Z,24992.0,25003.75,24989.75,25003.5,1672.0
2026-03-11T17:25:00Z,25002.75,25011.5,24997.0,25005.25,2586.0
2026-03-11T17:26:00Z,25004.5,25005.25,24997.75,24999.75,951.0
2026-03-11T17:27:00Z,25000.5,25021.0,24997.25,25008.25,3050.0
2026-03-11T17:28:00Z,25007.75,25010.25,25000.75,25006.25,1749.0
2026-03-11T17:29:00Z,25006.75,25008.5,24998.0,25007.25,1381.0
2026-03-11T17:30:00Z,25007.5,25016.5,25006.5,25008.25,1874.0
2026-03-11T17:31:00Z,25008.25,25010.5,24990.0,24999.75,3135.0
2026-03-11T17:32:00Z,25000.0,25008.0,24996.25,25003.5,1336.0
2026-03-11T17:33:00Z,25003.5,25014.0,25001.0,25009.0,1326.0
2026-03-11T17:34:00Z,25009.0,25011.0,24994.0,24996.5,1770.0
2026-03-11T17:35:00Z,24996.25,25007.5,24991.75,24993.75,1708.0
2026-03-11T17:36:00Z,24993.5,24995.0,24951.25,24953.5,5125.0
2026-03-11T17:37:00Z,24953.75,24961.5,24896.5,24906.0,9131.0
2026-03-11T17:38:00Z,24906.25,24910.0,24873.75,24884.25,10250.0
2026-03-11T17:39:00Z,24884.0,24927.75,24883.25,24922.25,8833.0
2026-03-11T17:40:00Z,24922.0,24948.25,24917.0,24918.75,7629.0
2026-03-11T17:41:00Z,24919.25,24925.0,24906.75,24918.0,3981.0
2026-03-11T17:42:00Z,24918.0,24924.25,24899.0,24915.25,4418.0
2026-03-11T17:43:00Z,24916.0,24929.5,24903.25,24910.75,4251.0
2026-03-11T17:44:00Z,24911.0,24943.0,24909.25,24934.5,3825.0
2026-03-11T17:45:00Z,24934.25,24936.25,24917.75,24928.75,3897.0
2026-03-11T17:46:00Z,24928.5,24933.75,24915.5,24931.5,2533.0
2026-03-11T17:47:00Z,24931.25,24950.75,24929.25,24940.25,4057.0
2026-03-11T17:48:00Z,24940.5,24943.25,24927.5,24933.25,1971.0
2026-03-11T17:49:00Z,24933.25,24949.5,24927.0,24946.0,2146.0
2026-03-11T17:50:00Z,24946.75,24969.5,24945.5,24968.75,5051.0
2026-03-11T17:51:00Z,24968.75,24984.75,24956.75,24974.25,3981.0
2026-03-11T17:52:00Z,24974.75,24983.5,24966.25,24967.0,2746.0
2026-03-11T17:53:00Z,24967.0,24972.5,24957.0,24963.0,2542.0
2026-03-11T17:54:00Z,24962.75,24969.5,24951.5,24951.5,2148.0
2026-03-11T17:55:00Z,24951.75,24953.5,24929.25,24943.0,4834.0
2026-03-11T17:56:00Z,24942.0,24954.75,24929.75,24935.25,3854.0
2026-03-11T17:57:00Z,24935.5,24948.0,24934.0,24945.25,2167.0
2026-03-11T17:58:00Z,24945.75,24959.5,24935.75,24955.75,2228.0
2026-03-11T17:59:00Z,24955.25,24965.75,24951.25,24952.25,2507.0
2026-03-11T18:00:00Z,24951.5,24961.75,24945.0,24951.25,2713.0
2026-03-11T18:01:00Z,24951.25,24957.25,24942.75,24947.75,2161.0
2026-03-11T18:02:00Z,24947.75,24959.0,24944.0,24950.25,1911.0
2026-03-11T18:03:00Z,24950.5,24958.5,24948.0,24952.25,1282.0
2026-03-11T18:04:00Z,24951.75,24954.25,24944.25,24949.25,1379.0
2026-03-11T18:05:00Z,24949.25,24951.25,24934.0,24940.5,2025.0
2026-03-11T18:06:00Z,24940.0,24945.0,24935.75,24939.25,1530.0
2026-03-11T18:07:00Z,24939.75,24948.0,24930.5,24944.75,2318.0
2026-03-11T18:08:00Z,24944.25,24945.5,24929.5,24932.25,1747.0
2026-03-11T18:09:00Z,24932.25,24933.0,24916.25,24919.75,2968.0
2026-03-11T18:10:00Z,24919.25,24922.75,24908.25,24909.5,2465.0
2026-03-11T18:11:00Z,24909.5,24913.0,24894.0,24895.0,3333.0
2026-03-11T18:12:00Z,24894.75,24901.75,24890.25,24895.5,3097.0
2026-03-11T18:13:00Z,24895.5,24908.0,24892.5,24906.0,2792.0
2026-03-11T18:14:00Z,24906.5,24915.5,24900.0,24912.75,3117.0
2026-03-11T18:15:00Z,24913.25,24921.75,24904.25,24910.75,3880.0
2026-03-11T18:16:00Z,24911.25,24913.5,24903.0,24908.75,1695.0
2026-03-11T18:17:00Z,24908.5,24910.75,24901.25,24907.25,1559.0
2026-03-11T18:18:00Z,24907.5,24931.25,24905.75,24930.0,3250.0
2026-03-11T18:19:00Z,24930.25,24933.5,24918.25,24922.0,2275.0
2026-03-11T18:20:00Z,24921.75,24937.25,24921.5,24933.0,2397.0
2026-03-11T18:21:00Z,24932.5,24944.25,24929.5,24941.75,1921.0
2026-03-11T18:22:00Z,24941.5,24941.5,24918.75,24925.0,2349.0
2026-03-11T18:23:00Z,24925.0,24929.5,24920.75,24928.5,1174.0
2026-03-11T18:24:00Z,24927.75,24928.25,24907.75,24926.5,3680.0
2026-03-11T18:25:00Z,24926.0,24931.5,24921.75,24924.5,1623.0
2026-03-11T18:26:00Z,24925.0,24934.25,24922.0,24929.5,1594.0
2026-03-11T18:27:00Z,24930.0,24948.0,24930.0,24940.75,2843.0
2026-03-11T18:28:00Z,24940.75,24958.0,24940.0,24947.25,3880.0
2026-03-11T18:29:00Z,24947.5,24951.0,24936.75,24948.5,2681.0
2026-03-11T18:30:00Z,24949.0,24960.75,24945.0,24955.75,4077.0
2026-03-11T18:31:00Z,24955.75,24961.25,24949.5,24959.5,1781.0
2026-03-11T18:32:00Z,24960.0,24961.5,24946.5,24950.25,1872.0
2026-03-11T18:33:00Z,24950.75,24958.25,24949.25,24952.25,1366.0
2026-03-11T18:34:00Z,24952.75,24966.0,24948.0,24964.0,1691.0
2026-03-11T18:35:00Z,24963.75,24965.0,24953.5,24955.25,2133.0
2026-03-11T18:36:00Z,24955.0,24962.0,24952.0,24956.75,1424.0
2026-03-11T18:37:00Z,24956.75,24956.75,24944.25,24952.5,2645.0
2026-03-11T18:38:00Z,24952.75,24961.5,24949.25,24958.5,1756.0
2026-03-11T18:39:00Z,24959.0,24962.75,24947.25,24948.0,1584.0
2026-03-11T18:40:00Z,24947.5,24949.75,24941.75,24948.75,1895.0
2026-03-11T18:41:00Z,24948.75,24954.25,24937.25,24939.0,1937.0
2026-03-11T18:42:00Z,24939.0,24942.5,24934.25,24940.5,1216.0
2026-03-11T18:43:00Z,24941.0,24944.75,24933.75,24942.25,1317.0
2026-03-11T18:44:00Z,24941.5,24946.25,24939.5,24943.0,971.0
2026-03-11T18:45:00Z,24943.5,24950.5,24941.75,24946.0,1205.0
2026-03-11T18:46:00Z,24945.5,24954.0,24941.75,24943.5,1679.0
2026-03-11T18:47:00Z,24943.75,24949.5,24937.0,24945.75,1610.0
2026-03-11T18:48:00Z,24945.5,24949.0,24931.5,24934.25,2056.0
2026-03-11T18:49:00Z,24934.75,24936.75,24930.5,24933.0,957.0
2026-03-11T18:50:00Z,24932.75,24942.0,24932.75,24940.75,1124.0
2026-03-11T18:51:00Z,24940.75,24959.5,24940.75,24955.75,2664.0
2026-03-11T18:52:00Z,24956.0,24965.75,24954.0,24955.75,2351.0
2026-03-11T18:53:00Z,24956.5,24956.5,24940.0,24949.0,2020.0
2026-03-11T18:54:00Z,24949.5,24972.0,24948.75,24963.75,3992.0
2026-03-11T18:55:00Z,24963.5,24977.5,24961.0,24969.75,3090.0
2026-03-11T18:56:00Z,24970.25,24974.75,24961.75,24963.5,1514.0
2026-03-11T18:57:00Z,24964.0,24964.0,24953.5,24958.5,1865.0
2026-03-11T18:58:00Z,24958.5,24961.25,24947.0,24954.75,3066.0
2026-03-11T18:59:00Z,24954.75,24959.5,24949.75,24957.75,1261.0
2026-03-11T19:00:00Z,24958.25,24966.0,24957.5,24961.75,2034.0
2026-03-11T19:01:00Z,24961.5,24965.0,24942.75,24944.0,2356.0
2026-03-11T19:02:00Z,24944.0,24944.0,24927.0,24930.75,2960.0
2026-03-11T19:03:00Z,24930.5,24947.0,24925.25,24945.75,3043.0
2026-03-11T19:04:00Z,24945.25,24955.0,24943.25,24944.25,2359.0
2026-03-11T19:05:00Z,24944.25,24946.75,24935.75,24936.25,1672.0
2026-03-11T19:06:00Z,24936.25,24944.75,24933.75,24943.25,1391.0
2026-03-11T19:07:00Z,24942.75,24945.25,24938.25,24939.75,885.0
2026-03-11T19:08:00Z,24939.25,24948.75,24937.75,24942.0,1309.0
2026-03-11T19:09:00Z,24942.25,24948.5,24941.75,24943.0,782.0
2026-03-11T19:10:00Z,24943.25,24946.25,24939.25,24941.0,1032.0
2026-03-11T19:11:00Z,24941.0,24942.75,24927.5,24928.75,2112.0
2026-03-11T19:12:00Z,24928.5,24930.75,24920.5,24924.0,2216.0
2026-03-11T19:13:00Z,24924.0,24928.0,24916.0,24920.25,1777.0
2026-03-11T19:14:00Z,24920.0,24926.75,24918.0,24921.5,1412.0
2026-03-11T19:15:00Z,24921.0,24924.75,24913.5,24914.75,1995.0
2026-03-11T19:16:00Z,24914.75,24930.0,24914.25,24923.25,1869.0
2026-03-11T19:17:00Z,24923.25,24937.75,24923.25,24935.75,1772.0
2026-03-11T19:18:00Z,24936.25,24938.25,24929.0,24934.75,1889.0
2026-03-11T19:19:00Z,24935.0,24939.75,24929.75,24935.5,1452.0
2026-03-11T19:20:00Z,24935.75,24939.5,24931.5,24935.75,1032.0
2026-03-11T19:21:00Z,24936.25,24938.25,24926.0,24928.75,1150.0
2026-03-11T19:22:00Z,24929.0,24929.25,24916.5,24917.5,1559.0
2026-03-11T19:23:00Z,24917.5,24924.25,24915.75,24923.75,1371.0
2026-03-11T19:24:00Z,24923.25,24932.25,24918.5,24930.5,1432.0
2026-03-11T19:25:00Z,24930.5,24944.75,24930.25,24936.5,2042.0
2026-03-11T19:26:00Z,24937.25,24944.0,24934.75,24938.75,1189.0
2026-03-11T19:27:00Z,24938.75,24942.75,24935.0,24937.75,922.0
2026-03-11T19:28:00Z,24937.5,24941.5,24928.0,24930.25,1512.0
2026-03-11T19:29:00Z,24930.25,24938.25,24929.5,24935.0,973.0
2026-03-11T19:30:00Z,24934.75,24944.25,24934.75,24938.0,1526.0
2026-03-11T19:31:00Z,24939.0,24942.0,24928.5,24932.25,982.0
2026-03-11T19:32:00Z,24932.0,24947.0,24929.5,24946.0,1573.0
2026-03-11T19:33:00Z,24946.25,24953.5,24945.25,24950.75,2165.0
2026-03-11T19:34:00Z,24950.75,24974.0,24949.0,24968.25,3294.0
2026-03-11T19:35:00Z,24968.5,24971.5,24957.0,24959.25,2021.0
2026-03-11T19:36:00Z,24959.25,24963.0,24954.75,24961.75,1272.0
2026-03-11T19:37:00Z,24961.25,24968.5,24959.0,24968.0,1530.0
2026-03-11T19:38:00Z,24968.25,24979.75,24967.0,24968.5,2408.0
2026-03-11T19:39:00Z,24968.75,24971.5,24963.0,24970.0,1352.0
2026-03-11T19:40:00Z,24970.25,24987.25,24969.5,24978.25,2463.0
2026-03-11T19:41:00Z,24978.25,24979.25,24964.0,24966.5,1859.0
2026-03-11T19:42:00Z,24965.75,24973.0,24965.5,24965.75,1151.0
2026-03-11T19:43:00Z,24966.25,24970.5,24964.0,24969.0,880.0
2026-03-11T19:44:00Z,24969.25,24977.75,24968.75,24976.75,1217.0
2026-03-11T19:45:00Z,24976.5,24985.25,24970.0,24972.0,2236.0
2026-03-11T19:46:00Z,24972.25,24977.0,24966.5,24972.5,1134.0
2026-03-11T19:47:00Z,24972.25,24973.0,24967.0,24968.5,808.0
2026-03-11T19:48:00Z,24968.0,24970.0,24956.75,24959.0,1861.0
2026-03-11T19:49:00Z,24958.75,24963.0,24955.0,24961.75,1188.0
2026-03-11T19:50:00Z,24961.75,24975.5,24957.0,24969.75,2831.0
2026-03-11T19:51:00Z,24970.75,24984.5,24967.5,24981.25,2216.0
2026-03-11T19:52:00Z,24981.25,24983.0,24976.5,24979.5,1803.0
2026-03-11T19:53:00Z,24978.5,24986.5,24974.5,24986.5,1539.0
2026-03-11T19:54:00Z,24986.5,24997.0,24982.0,24994.0,3278.0
2026-03-11T19:55:00Z,24994.0,25006.75,24988.5,24990.25,3368.0
2026-03-11T19:56:00Z,24991.0,24991.25,24983.5,24987.75,1437.0
2026-03-11T19:57:00Z,24987.75,24988.75,24983.5,24986.5,1178.0
2026-03-11T19:58:00Z,24986.75,24991.25,24984.25,24988.0,1459.0
2026-03-11T19:59:00Z,24988.0,24990.25,24980.75,24984.0,4263.0
2026-03-11T20:00:00Z,24983.75,24991.25,24973.0,24973.25,3386.0
2026-03-11T20:01:00Z,24973.5,24973.5,24952.0,24956.25,2787.0
2026-03-11T20:02:00Z,24956.25,24957.5,24946.75,24949.25,1759.0
2026-03-11T20:03:00Z,24949.25,24957.0,24947.5,24954.0,1137.0
2026-03-11T20:04:00Z,24954.0,24961.5,24952.0,24952.75,1118.0
2026-03-11T20:05:00Z,24952.5,24959.5,24950.0,24959.0,1005.0
2026-03-11T20:06:00Z,24958.0,24967.5,24956.25,24966.75,1236.0
2026-03-11T20:07:00Z,24966.5,24971.25,24964.5,24971.25,861.0
2026-03-11T20:08:00Z,24970.75,24971.25,24961.5,24961.5,737.0
2026-03-11T20:09:00Z,24961.0,24968.25,24958.5,24965.75,516.0
2026-03-11T20:10:00Z,24965.75,24968.75,24964.0,24967.0,424.0
2026-03-11T20:11:00Z,24966.75,24971.0,24966.5,24970.25,398.0
2026-03-11T20:12:00Z,24970.25,24974.5,24968.75,24969.25,479.0
2026-03-11T20:13:00Z,24969.5,24970.25,24962.0,24964.0,610.0
2026-03-11T20:14:00Z,24964.25,24968.75,24963.75,24964.25,339.0
2026-03-11T20:15:00Z,24964.5,24969.0,24962.0,24964.5,444.0
2026-03-11T20:16:00Z,24965.25,24966.25,24959.75,24960.75,295.0
2026-03-11T20:17:00Z,24960.25,24965.0,24958.5,24965.0,278.0
2026-03-11T20:18:00Z,24964.5,24967.75,24964.0,24967.5,161.0
2026-03-11T20:19:00Z,24966.5,24970.0,24966.5,24968.5,221.0
2026-03-11T20:20:00Z,24968.25,24968.5,24964.25,24965.0,204.0
2026-03-11T20:21:00Z,24965.0,24966.0,24961.75,24965.5,227.0
2026-03-11T20:22:00Z,24965.25,24966.25,24962.25,24962.25,130.0
2026-03-11T20:23:00Z,24962.25,24964.75,24962.25,24964.0,99.0
2026-03-11T20:24:00Z,24964.5,24966.0,24963.0,24964.25,94.0
2026-03-11T20:25:00Z,24964.75,24966.0,24963.25,24964.5,84.0
2026-03-11T20:26:00Z,24964.0,24965.75,24963.25,24964.0,149.0
2026-03-11T20:27:00Z,24963.75,24965.25,24962.75,24964.25,159.0
2026-03-11T20:28:00Z,24963.75,24966.0,24963.5,24964.5,179.0
2026-03-11T20:29:00Z,24964.0,24966.75,24964.0,24964.5,97.0
2026-03-11T20:30:00Z,24964.5,24964.75,24962.0,24962.25,170.0
2026-03-11T20:31:00Z,24962.25,24966.0,24962.0,24965.75,155.0
2026-03-11T20:32:00Z,24966.0,24966.25,24964.5,24965.0,121.0
2026-03-11T20:33:00Z,24965.25,24965.5,24963.25,24963.5,89.0
2026-03-11T20:34:00Z,24963.5,24966.5,24963.0,24965.75,140.0
2026-03-11T20:35:00Z,24965.75,24965.75,24962.75,24963.5,181.0
2026-03-11T20:36:00Z,24963.25,24964.5,24960.0,24962.25,361.0
2026-03-11T20:37:00Z,24962.0,24968.0,24961.75,24966.0,396.0
2026-03-11T20:38:00Z,24965.75,24966.75,24963.75,24964.0,166.0
2026-03-11T20:39:00Z,24964.0,24965.0,24962.5,24962.75,173.0
2026-03-11T20:40:00Z,24963.0,24964.0,24961.0,24962.0,156.0
2026-03-11T20:41:00Z,24962.75,24964.75,24961.75,24964.75,87.0
2026-03-11T20:42:00Z,24964.5,24967.25,24964.0,24966.75,158.0
2026-03-11T20:43:00Z,24966.5,24969.0,24966.0,24969.0,209.0
2026-03-11T20:44:00Z,24968.5,24969.5,24967.25,24967.75,151.0
2026-03-11T20:45:00Z,24967.5,24969.0,24966.5,24968.0,304.0
2026-03-11T20:46:00Z,24968.0,24968.5,24964.5,24966.0,192.0
2026-03-11T20:47:00Z,24965.75,24967.25,24962.5,24962.5,242.0
2026-03-11T20:48:00Z,24963.0,24963.5,24959.25,24960.75,254.0
2026-03-11T20:49:00Z,24960.5,24962.25,24960.25,24962.25,112.0
2026-03-11T20:50:00Z,24961.0,24962.0,24955.25,24955.75,317.0
2026-03-11T20:51:00Z,24955.75,24956.25,24949.75,24949.75,245.0
2026-03-11T20:52:00Z,24949.75,24950.5,24947.5,24950.5,261.0
2026-03-11T20:53:00Z,24950.25,24953.0,24949.5,24950.5,329.0
2026-03-11T20:54:00Z,24950.0,24953.0,24949.25,24949.75,114.0
2026-03-11T20:55:00Z,24949.25,24953.25,24948.0,24948.0,270.0
2026-03-11T20:56:00Z,24947.75,24948.0,24943.5,24946.5,448.0
2026-03-11T20:57:00Z,24946.25,24948.25,24940.0,24947.0,335.0
2026-03-11T20:58:00Z,24947.0,24952.0,24945.75,24947.25,271.0
2026-03-11T20:59:00Z,24947.75,24948.75,24940.0,24947.5,404.0
2026-03-11T22:00:00Z,24940.0,24949.75,24922.0,24929.75,0.0
2026-03-11T22:01:00Z,24931.0,24932.5,24914.75,24919.5,941.0
2026-03-11T22:02:00Z,24918.75,24921.75,24909.25,24914.25,774.0
2026-03-11T22:03:00Z,24914.25,24918.0,24908.0,24914.5,526.0
2026-03-11T22:04:00Z,24914.5,24920.75,24909.25,24911.75,551.0
2026-03-11T22:05:00Z,24912.0,24916.25,24901.0,24905.0,753.0
2026-03-11T22:06:00Z,24904.25,24913.5,24898.25,24901.5,886.0
2026-03-11T22:07:00Z,24901.25,24903.0,24895.75,24896.75,522.0
2026-03-11T22:08:00Z,24897.0,24907.25,24896.5,24903.0,487.0
2026-03-11T22:09:00Z,24902.25,24903.25,24891.75,24897.25,789.0
2026-03-11T22:10:00Z,24898.25,24899.75,24890.25,24894.75,609.0
2026-03-11T22:11:00Z,24894.75,24895.75,24890.75,24893.75,380.0
2026-03-11T22:12:00Z,24893.0,24904.5,24891.5,24903.75,725.0
2026-03-11T22:13:00Z,24903.5,24904.0,24899.25,24902.0,437.0
2026-03-11T22:14:00Z,24901.5,24905.0,24899.25,24905.0,313.0
2026-03-11T22:15:00Z,24905.0,24907.0,24898.5,24899.75,495.0
2026-03-11T22:16:00Z,24899.0,24905.75,24896.5,24897.0,384.0
2026-03-11T22:17:00Z,24897.0,24905.75,24895.0,24903.5,355.0
2026-03-11T22:18:00Z,24904.25,24905.75,24898.5,24902.75,308.0
2026-03-11T22:22:00Z,24897.75,24898.25,24896.0,24896.5,1884.0
2026-03-11T22:23:00Z,24896.75,24897.25,24885.0,24892.75,869.0
2026-03-11T22:24:00Z,24893.25,24894.25,24868.0,24872.0,1751.0
2026-03-11T22:25:00Z,24872.75,24885.0,24870.25,24879.5,1052.0
2026-03-11T22:26:00Z,24880.0,24883.25,24862.75,24875.25,1103.0
2026-03-11T22:27:00Z,24875.75,24882.5,24860.75,24861.0,1292.0
2026-03-11T22:28:00Z,24860.75,24865.0,24845.0,24858.5,2103.0
2026-03-11T22:29:00Z,24858.75,24867.25,24856.25,24861.0,834.0
2026-03-11T22:30:00Z,24862.25,24871.0,24860.25,24865.25,816.0
2026-03-11T22:31:00Z,24864.5,24870.0,24856.25,24856.75,642.0
2026-03-11T22:32:00Z,24857.25,24869.75,24853.75,24867.5,894.0
2026-03-11T22:33:00Z,24866.5,24868.0,24861.75,24863.5,253.0
2026-03-11T22:34:00Z,24864.25,24865.0,24850.0,24851.75,786.0
2026-03-11T22:35:00Z,24852.0,24852.25,24839.25,24844.25,1505.0
2026-03-11T22:36:00Z,24844.0,24849.0,24834.0,24835.5,1227.0
2026-03-11T22:37:00Z,24835.75,24837.75,24828.75,24828.75,1498.0
2026-03-11T22:38:00Z,24829.25,24834.25,24821.25,24826.0,1529.0
2026-03-11T22:39:00Z,24825.5,24830.5,24822.5,24824.5,917.0
2026-03-11T22:40:00Z,24824.5,24833.0,24822.0,24830.0,811.0
2026-03-11T22:41:00Z,24830.25,24833.0,24823.5,24829.25,644.0
2026-03-11T22:42:00Z,24828.5,24831.5,24816.0,24821.0,1037.0
2026-03-11T22:43:00Z,24821.0,24836.25,24821.0,24833.75,983.0
2026-03-11T22:44:00Z,24833.75,24841.25,24828.5,24831.5,929.0
2026-03-11T22:45:00Z,24830.75,24844.75,24830.25,24842.75,920.0
2026-03-11T22:46:00Z,24843.25,24846.75,24837.0,24838.25,890.0
2026-03-11T22:47:00Z,24838.25,24845.25,24838.25,24841.0,476.0
2026-03-11T22:48:00Z,24841.25,24843.0,24835.0,24840.75,451.0
2026-03-11T22:49:00Z,24840.75,24844.75,24839.0,24843.5,435.0
2026-03-11T22:50:00Z,24843.0,24844.0,24837.75,24839.0,320.0
2026-03-11T22:51:00Z,24838.75,24841.25,24834.25,24837.75,502.0
2026-03-11T22:52:00Z,24837.25,24842.25,24836.0,24841.75,346.0
2026-03-11T22:53:00Z,24841.75,24843.0,24837.0,24840.5,337.0
2026-03-11T22:54:00Z,24839.75,24842.5,24832.25,24835.0,313.0
2026-03-11T22:55:00Z,24835.25,24845.0,24825.5,24828.75,1311.0
2026-03-11T22:56:00Z,24827.75,24830.75,24817.0,24827.75,1243.0
2026-03-11T22:57:00Z,24828.75,24836.5,24826.75,24830.5,681.0
2026-03-11T22:58:00Z,24831.25,24844.0,24830.0,24839.5,864.0
2026-03-11T22:59:00Z,24841.25,24851.75,24839.25,24850.0,1221.0
2026-03-11T23:00:00Z,24848.5,24854.25,24843.75,24846.75,978.0
2026-03-11T23:01:00Z,24846.5,24848.25,24835.75,24842.75,1059.0
2026-03-11T23:02:00Z,24842.75,24847.0,24834.25,24846.0,750.0
2026-03-11T23:03:00Z,24845.25,24847.5,24843.0,24845.25,328.0
2026-03-11T23:04:00Z,24845.25,24850.0,24841.5,24847.0,450.0
2026-03-11T23:05:00Z,24846.0,24846.75,24841.75,24843.25,307.0
2026-03-11T23:06:00Z,24843.5,24848.75,24832.75,24836.75,710.0
2026-03-11T23:07:00Z,24836.5,24842.75,24835.75,24840.75,428.0
2026-03-11T23:08:00Z,24840.75,24842.75,24820.5,24821.25,955.0
2026-03-11T23:09:00Z,24821.25,24831.75,24791.5,24811.25,3432.0
2026-03-11T23:10:00Z,24810.5,24820.0,24807.5,24819.75,868.0
2026-03-11T23:11:00Z,24819.25,24831.5,24815.75,24831.0,841.0
2026-03-11T23:12:00Z,24831.0,24839.25,24828.5,24833.0,922.0
2026-03-11T23:13:00Z,24832.0,24836.5,24831.0,24833.75,416.0
2026-03-11T23:14:00Z,24833.75,24838.75,24827.0,24829.0,648.0
2026-03-11T23:15:00Z,24828.25,24835.25,24824.75,24826.0,542.0
2026-03-11T23:16:00Z,24825.75,24836.25,24825.25,24834.75,588.0
2026-03-11T23:18:00Z,24833.75,24837.25,24833.75,24835.5,636.0
2026-03-11T23:19:00Z,24834.75,24835.25,24830.0,24832.5,265.0
2026-03-11T23:20:00Z,24832.75,24844.5,24832.75,24844.0,775.0
2026-03-11T23:21:00Z,24843.5,24848.0,24838.5,24839.75,673.0
2026-03-11T23:22:00Z,24839.5,24841.75,24827.5,24830.25,974.0
2026-03-11T23:23:00Z,24830.0,24831.5,24822.25,24827.5,673.0
2026-03-11T23:24:00Z,24826.75,24828.75,24820.5,24821.0,458.0
2026-03-11T23:25:00Z,24820.75,24820.75,24808.75,24811.25,1366.0
2026-03-11T23:26:00Z,24811.5,24818.75,24803.25,24817.25,954.0
2026-03-11T23:27:00Z,24818.0,24819.25,24814.25,24814.75,390.0
2026-03-11T23:28:00Z,24815.5,24823.0,24807.25,24809.5,961.0
2026-03-11T23:29:00Z,24808.75,24812.5,24802.25,24803.75,1209.0
2026-03-11T23:30:00Z,24803.25,24805.0,24775.0,24777.25,2802.0
2026-03-11T23:31:00Z,24776.25,24784.25,24761.0,24763.75,2051.0
2026-03-11T23:32:00Z,24764.5,24775.75,24760.0,24769.0,1593.0
2026-03-11T23:33:00Z,24769.0,24780.0,24759.0,24760.75,1243.0
2026-03-11T23:34:00Z,24760.0,24765.25,24751.25,24758.75,1990.0
2026-03-11T23:35:00Z,24758.75,24775.5,24746.5,24769.75,2388.0
2026-03-11T23:36:00Z,24770.0,24774.5,24765.25,24768.75,851.0
2026-03-11T23:37:00Z,24768.0,24771.25,24755.5,24756.5,787.0
2026-03-11T23:38:00Z,24756.75,24761.25,24749.0,24750.5,1230.0
2026-03-11T23:39:00Z,24751.5,24765.0,24748.25,24764.25,1103.0
2026-03-11T23:40:00Z,24765.25,24768.25,24756.25,24760.75,999.0
2026-03-11T23:41:00Z,24761.75,24763.75,24754.0,24761.25,589.0
2026-03-11T23:42:00Z,24762.0,24768.5,24760.25,24764.5,781.0
2026-03-11T23:43:00Z,24764.75,24766.25,24754.25,24757.75,595.0
2026-03-11T23:44:00Z,24757.25,24757.25,24738.5,24740.25,2266.0
2026-03-11T23:45:00Z,24739.75,24747.5,24732.5,24736.25,1888.0
2026-03-11T23:46:00Z,24735.5,24755.75,24735.25,24752.5,1340.0
2026-03-11T23:47:00Z,24752.5,24758.75,24747.75,24756.0,955.0
2026-03-11T23:48:00Z,24756.25,24758.75,24749.25,24757.25,770.0
2026-03-11T23:49:00Z,24756.75,24765.75,24754.5,24765.75,668.0
2026-03-11T23:50:00Z,24765.0,24781.25,24761.25,24780.5,2279.0
2026-03-11T23:51:00Z,24780.75,24781.75,24768.25,24771.25,1086.0
2026-03-11T23:52:00Z,24771.0,24779.0,24768.0,24779.0,731.0
2026-03-11T23:53:00Z,24778.25,24786.0,24777.0,24781.5,1003.0
2026-03-11T23:54:00Z,24781.5,24782.25,24775.5,24781.75,568.0
2026-03-11T23:55:00Z,24781.25,24783.75,24779.0,24783.75,450.0
2026-03-11T23:56:00Z,24783.75,24785.25,24780.75,24781.75,449.0
2026-03-11T23:57:00Z,24782.75,24782.75,24777.0,24777.75,494.0
2026-03-11T23:58:00Z,24778.0,24787.5,24772.5,24786.0,841.0
2026-03-11T23:59:00Z,24785.5,24789.0,24780.25,24788.0,622.0
2026-03-12T00:00:00Z,24787.75,24791.25,24779.5,24782.25,1229.0
2026-03-12T00:01:00Z,24781.5,24785.5,24769.0,24772.25,1120.0
2026-03-12T00:02:00Z,24772.25,24781.25,24769.75,24780.25,555.0
2026-03-12T00:03:00Z,24780.0,24783.75,24769.0,24770.0,721.0
2026-03-12T00:04:00Z,24769.0,24776.5,24764.25,24767.75,792.0
2026-03-12T00:05:00Z,24768.25,24768.75,24752.75,24760.5,1517.0
2026-03-12T00:06:00Z,24760.5,24761.25,24750.5,24754.5,883.0
2026-03-12T00:07:00Z,24754.25,24755.0,24743.75,24748.5,1202.0
2026-03-12T00:08:00Z,24749.5,24753.75,24744.5,24752.25,872.0
2026-03-12T00:09:00Z,24752.75,24758.5,24748.75,24756.75,813.0
2026-03-12T00:10:00Z,24756.5,24773.0,24756.5,24766.75,1225.0
2026-03-12T00:11:00Z,24767.75,24774.0,24766.0,24767.25,653.0
2026-03-12T00:12:00Z,24766.75,24770.25,24761.25,24768.25,689.0
2026-03-12T00:13:00Z,24766.75,24770.0,24760.25,24765.25,428.0
2026-03-12T00:14:00Z,24765.25,24766.25,24754.5,24755.25,869.0
2026-03-12T00:15:00Z,24755.25,24759.75,24746.0,24748.75,1306.0
2026-03-12T00:16:00Z,24749.0,24769.5,24740.25,24767.0,1518.0
2026-03-12T00:17:00Z,24767.25,24779.0,24765.75,24777.5,1194.0
2026-03-12T00:18:00Z,24777.0,24780.25,24765.0,24766.0,923.0
2026-03-12T00:19:00Z,24765.25,24772.5,24762.5,24769.0,695.0
2026-03-12T00:20:00Z,24768.25,24778.75,24767.5,24776.25,649.0
2026-03-12T00:21:00Z,24776.5,24777.0,24767.5,24771.25,400.0
2026-03-12T00:22:00Z,24771.75,24773.5,24763.0,24763.0,378.0
2026-03-12T00:23:00Z,24763.0,24774.0,24760.75,24772.5,612.0
2026-03-12T00:24:00Z,24772.25,24779.75,24772.0,24778.5,618.0
2026-03-12T00:25:00Z,24778.25,24781.0,24762.0,24767.0,988.0
2026-03-12T00:26:00Z,24767.25,24768.25,24756.25,24758.0,875.0
2026-03-12T00:27:00Z,24757.75,24763.5,24756.0,24763.5,516.0
2026-03-12T00:28:00Z,24763.75,24768.75,24761.5,24762.0,678.0
2026-03-12T00:29:00Z,24762.25,24774.75,24762.25,24768.5,501.0
2026-03-12T00:30:00Z,24768.25,24774.25,24765.0,24771.75,535.0
2026-03-12T00:31:00Z,24772.75,24782.5,24772.75,24780.5,809.0
2026-03-12T00:32:00Z,24781.25,24784.25,24772.5,24773.5,575.0
2026-03-12T00:33:00Z,24773.75,24775.0,24768.0,24773.0,401.0
2026-03-12T00:34:00Z,24772.5,24781.25,24771.25,24779.0,416.0
2026-03-12T00:35:00Z,24779.5,24797.0,24778.75,24795.5,1265.0
2026-03-12T00:36:00Z,24795.75,24797.5,24791.0,24792.5,678.0
2026-03-12T00:37:00Z,24792.25,24795.0,24790.75,24791.25,363.0
2026-03-12T00:38:00Z,24791.75,24794.5,24790.0,24793.75,343.0
2026-03-12T00:39:00Z,24794.5,24804.25,24792.75,24801.25,1000.0
2026-03-12T00:40:00Z,24801.75,24805.5,24794.5,24794.5,689.0
2026-03-12T00:41:00Z,24795.0,24796.75,24791.0,24792.75,465.0
2026-03-12T00:42:00Z,24792.5,24793.5,24787.75,24789.5,476.0
2026-03-12T00:43:00Z,24789.25,24792.25,24785.25,24791.75,531.0
2026-03-12T00:44:00Z,24791.75,24795.5,24791.25,24795.25,420.0
2026-03-12T00:45:00Z,24794.25,24797.5,24789.25,24795.5,521.0
2026-03-12T00:46:00Z,24795.25,24797.25,24788.75,24790.75,325.0
2026-03-12T00:47:00Z,24791.25,24804.75,24791.0,24803.25,507.0
2026-03-12T00:48:00Z,24803.0,24804.5,24796.75,24800.25,521.0
2026-03-12T00:49:00Z,24800.25,24801.0,24792.75,24801.0,336.0
2026-03-12T00:50:00Z,24799.25,24800.0,24789.5,24792.25,478.0
2026-03-12T00:51:00Z,24792.5,24792.5,24782.0,24784.5,651.0
2026-03-12T00:52:00Z,24784.75,24787.0,24781.75,24784.5,379.0
2026-03-12T00:53:00Z,24784.0,24789.5,24782.5,24785.75,399.0
2026-03-12T00:54:00Z,24786.75,24791.25,24785.75,24790.0,242.0
2026-03-12T00:55:00Z,24789.25,24790.75,24786.5,24788.5,239.0
2026-03-12T00:56:00Z,24789.25,24798.0,24788.5,24795.25,541.0
2026-03-12T00:57:00Z,24795.75,24798.5,24785.75,24789.75,546.0
2026-03-12T00:58:00Z,24789.25,24796.0,24788.0,24793.75,393.0
2026-03-12T00:59:00Z,24794.25,24796.75,24789.25,24791.0,323.0
2026-03-12T01:00:00Z,24791.25,24801.25,24785.25,24796.0,782.0
2026-03-12T01:01:00Z,24795.25,24796.25,24786.0,24792.75,520.0
2026-03-12T01:02:00Z,24792.25,24796.0,24787.75,24788.5,298.0
2026-03-12T01:03:00Z,24788.25,24795.0,24787.0,24794.0,209.0
2026-03-12T01:04:00Z,24793.5,24800.0,24790.5,24793.25,370.0
2026-03-12T01:05:00Z,24792.5,24797.25,24778.25,24784.25,1493.0
2026-03-12T01:06:00Z,24783.75,24787.25,24768.5,24786.25,1357.0
2026-03-12T01:07:00Z,24786.25,24787.0,24777.5,24784.0,620.0
2026-03-12T01:08:00Z,24784.25,24786.25,24773.25,24776.5,682.0
2026-03-12T01:09:00Z,24776.0,24787.25,24774.5,24783.75,829.0
2026-03-12T01:10:00Z,24783.75,24793.75,24782.0,24786.0,739.0
2026-03-12T01:11:00Z,24786.25,24789.75,24774.25,24778.75,740.0
2026-03-12T01:12:00Z,24778.5,24783.25,24771.25,24780.0,776.0
2026-03-12T01:13:00Z,24779.5,24788.5,24778.75,24780.0,630.0
2026-03-12T01:14:00Z,24779.5,24790.25,24779.5,24783.5,449.0
2026-03-12T01:15:00Z,24783.75,24800.0,24781.25,24798.75,872.0
2026-03-12T01:16:00Z,24798.25,24798.25,24793.0,24795.5,330.0
2026-03-12T01:17:00Z,24794.5,24797.75,24791.25,24796.5,290.0
2026-03-12T01:18:00Z,24796.0,24799.5,24792.25,24795.5,308.0
2026-03-12T01:19:00Z,24796.5,24796.75,24789.75,24794.25,369.0
2026-03-12T01:20:00Z,24793.5,24797.75,24790.5,24790.5,259.0
2026-03-12T01:21:00Z,24791.0,24800.0,24787.25,24799.5,528.0
2026-03-12T01:22:00Z,24799.25,24813.0,24799.25,24812.25,1590.0
2026-03-12T01:23:00Z,24813.0,24819.0,24807.5,24817.5,1141.0
2026-03-12T01:24:00Z,24817.5,24817.75,24809.0,24812.75,788.0
2026-03-12T01:25:00Z,24812.0,24813.5,24809.0,24810.5,373.0
2026-03-12T01:26:00Z,24810.25,24812.0,24806.75,24807.25,339.0
2026-03-12T01:27:00Z,24808.25,24811.5,24806.5,24808.25,316.0
2026-03-12T01:28:00Z,24808.5,24816.5,24808.5,24815.5,457.0
2026-03-12T01:29:00Z,24816.5,24820.0,24812.75,24819.25,635.0
2026-03-12T01:30:00Z,24818.5,24828.0,24818.0,24823.25,1381.0
2026-03-12T01:31:00Z,24822.5,24826.5,24817.5,24819.5,522.0
2026-03-12T01:32:00Z,24819.5,24826.0,24818.5,24825.0,346.0
2026-03-12T01:33:00Z,24825.25,24828.0,24817.75,24820.0,585.0
2026-03-12T01:34:00Z,24820.75,24829.0,24820.75,24827.25,605.0
2026-03-12T01:35:00Z,24827.5,24829.75,24825.25,24826.0,541.0
2026-03-12T01:36:00Z,24826.25,24834.0,24826.25,24829.5,657.0
2026-03-12T01:37:00Z,24830.0,24836.0,24829.5,24835.0,492.0
2026-03-12T01:38:00Z,24835.25,24836.5,24829.75,24836.5,677.0
2026-03-12T01:39:00Z,24836.25,24837.25,24833.25,24834.0,365.0
2026-03-12T01:40:00Z,24833.75,24840.5,24833.5,24836.5,724.0
2026-03-12T01:41:00Z,24837.0,24838.5,24831.5,24834.0,442.0
2026-03-12T01:42:00Z,24833.75,24840.5,24832.25,24839.5,388.0
2026-03-12T01:43:00Z,24840.0,24842.25,24835.5,24836.25,628.0
2026-03-12T01:44:00Z,24836.75,24837.5,24833.25,24835.75,415.0
2026-03-12T01:45:00Z,24836.0,24836.75,24825.5,24828.25,1028.0
2026-03-12T01:46:00Z,24829.0,24829.25,24823.0,24823.75,648.0
2026-03-12T01:47:00Z,24824.75,24824.75,24820.0,24822.75,624.0
2026-03-12T01:48:00Z,24821.75,24823.0,24815.75,24816.25,682.0
2026-03-12T01:49:00Z,24816.25,24816.75,24805.5,24805.75,1019.0
2026-03-12T01:50:00Z,24805.5,24807.25,24794.75,24795.5,1252.0
2026-03-12T01:51:00Z,24795.5,24800.5,24793.0,24794.25,777.0
2026-03-12T01:52:00Z,24793.5,24797.0,24783.5,24788.75,1255.0
2026-03-12T01:53:00Z,24788.75,24789.5,24775.75,24778.25,1323.0
2026-03-12T01:54:00Z,24777.5,24783.25,24773.5,24778.75,1138.0
2026-03-12T01:55:00Z,24777.75,24787.25,24776.75,24779.5,1211.0
2026-03-12T01:56:00Z,24778.75,24785.75,24777.0,24781.75,532.0
2026-03-12T01:57:00Z,24781.75,24785.75,24781.0,24782.75,315.0
2026-03-12T01:58:00Z,24783.25,24788.5,24780.25,24784.25,595.0
2026-03-12T01:59:00Z,24784.0,24792.25,24783.25,24789.25,507.0
2026-03-12T02:00:00Z,24790.0,24791.0,24782.0,24783.75,740.0
2026-03-12T02:01:00Z,24784.25,24788.25,24780.5,24786.5,448.0
2026-03-12T02:02:00Z,24786.5,24790.25,24781.5,24786.0,481.0
2026-03-12T02:03:00Z,24786.5,24789.0,24783.75,24787.25,272.0
2026-03-12T02:04:00Z,24787.5,24795.75,24786.5,24788.25,730.0
2026-03-12T02:05:00Z,24788.0,24788.0,24781.5,24785.75,552.0
2026-03-12T02:06:00Z,24785.5,24791.75,24785.0,24786.5,416.0
2026-03-12T02:07:00Z,24787.0,24787.75,24779.25,24785.5,600.0
2026-03-12T02:08:00Z,24785.5,24788.5,24784.5,24787.5,216.0
2026-03-12T02:09:00Z,24788.0,24788.5,24783.5,24785.25,195.0
2026-03-12T02:10:00Z,24784.75,24788.5,24779.75,24780.5,449.0
2026-03-12T02:11:00Z,24780.25,24780.75,24773.5,24773.75,762.0
2026-03-12T02:12:00Z,24774.5,24782.0,24774.5,24781.0,449.0
2026-03-12T02:13:00Z,24781.25,24783.5,24776.75,24782.5,352.0
2026-03-12T02:14:00Z,24782.25,24783.0,24775.75,24776.25,232.0
2026-03-12T02:15:00Z,24776.25,24778.75,24772.0,24778.25,588.0
2026-03-12T02:16:00Z,24778.5,24786.5,24775.25,24783.75,561.0
2026-03-12T02:17:00Z,24783.5,24786.75,24777.5,24779.5,489.0
2026-03-12T02:18:00Z,24779.5,24779.75,24773.25,24778.25,509.0
2026-03-12T02:19:00Z,24777.5,24780.5,24774.5,24774.75,256.0
2026-03-12T02:20:00Z,24774.25,24776.5,24770.75,24773.25,562.0
2026-03-12T02:21:00Z,24772.5,24775.5,24760.5,24760.5,1366.0
2026-03-12T02:22:00Z,24760.75,24764.0,24749.25,24750.75,1587.0
2026-03-12T02:23:00Z,24751.5,24757.75,24750.25,24756.25,635.0
2026-03-12T02:24:00Z,24755.25,24766.0,24755.25,24757.5,782.0
2026-03-12T02:25:00Z,24757.5,24762.5,24756.0,24762.5,466.0
2026-03-12T02:26:00Z,24762.5,24763.0,24754.25,24758.5,418.0
2026-03-12T02:27:00Z,24759.0,24763.5,24758.0,24758.75,369.0
2026-03-12T02:28:00Z,24759.5,24760.0,24753.5,24755.75,317.0
2026-03-12T02:29:00Z,24755.5,24757.0,24753.0,24755.25,305.0
2026-03-12T02:30:00Z,24755.25,24756.0,24746.25,24750.5,987.0
2026-03-12T02:31:00Z,24750.75,24759.75,24750.0,24759.5,737.0
2026-03-12T02:32:00Z,24759.0,24760.0,24751.75,24751.75,375.0
2026-03-12T02:33:00Z,24752.5,24755.25,24741.25,24745.25,845.0
2026-03-12T02:34:00Z,24745.25,24746.75,24740.5,24741.25,612.0
2026-03-12T02:35:00Z,24740.5,24742.25,24727.25,24732.0,1992.0
2026-03-12T02:36:00Z,24731.0,24732.0,24713.0,24716.25,2007.0
2026-03-12T02:37:00Z,24716.25,24720.75,24713.0,24714.75,931.0
2026-03-12T02:38:00Z,24715.0,24716.75,24708.0,24711.75,1208.0
2026-03-12T02:39:00Z,24712.0,24719.25,24710.0,24715.75,916.0
2026-03-12T02:40:00Z,24715.5,24722.25,24703.75,24720.0,1492.0
2026-03-12T02:41:00Z,24720.25,24734.0,24720.0,24728.5,1261.0
2026-03-12T02:42:00Z,24728.25,24733.0,24725.25,24730.5,567.0
2026-03-12T02:43:00Z,24731.0,24737.0,24727.75,24733.5,629.0
2026-03-12T02:44:00Z,24733.5,24735.5,24728.5,24730.5,339.0
2026-03-12T02:45:00Z,24731.0,24737.5,24730.75,24730.75,505.0
2026-03-12T02:46:00Z,24730.25,24736.75,24727.75,24734.0,655.0
2026-03-12T02:47:00Z,24734.25,24734.75,24723.0,24726.75,737.0
2026-03-12T02:48:00Z,24727.75,24732.25,24723.5,24725.0,438.0
2026-03-12T02:49:00Z,24724.75,24724.75,24717.75,24719.0,706.0
2026-03-12T02:50:00Z,24719.75,24726.0,24710.5,24721.5,1330.0
2026-03-12T02:51:00Z,24720.75,24728.75,24718.0,24725.0,621.0
2026-03-12T02:52:00Z,24725.25,24726.75,24721.25,24725.25,334.0
2026-03-12T02:53:00Z,24725.75,24732.0,24725.5,24728.25,380.0
2026-03-12T02:54:00Z,24727.75,24728.75,24721.0,24722.25,329.0
2026-03-12T02:55:00Z,24722.75,24735.0,24721.75,24730.5,752.0
2026-03-12T02:56:00Z,24730.5,24735.0,24728.0,24730.75,403.0
2026-03-12T02:57:00Z,24730.0,24736.25,24729.75,24731.5,364.0
2026-03-12T02:58:00Z,24731.0,24733.5,24729.5,24730.25,225.0
2026-03-12T02:59:00Z,24730.75,24731.75,24726.75,24729.75,352.0
2026-03-12T03:00:00Z,24729.5,24730.5,24725.25,24727.5,390.0
2026-03-12T03:01:00Z,24727.5,24734.25,24727.5,24730.5,540.0
2026-03-12T03:02:00Z,24730.75,24741.5,24730.25,24738.0,812.0
2026-03-12T03:03:00Z,24738.25,24741.75,24737.75,24741.0,377.0
2026-03-12T03:04:00Z,24739.75,24741.5,24736.75,24739.0,363.0
2026-03-12T03:05:00Z,24738.75,24743.5,24737.5,24741.5,435.0
2026-03-12T03:06:00Z,24742.25,24749.0,24742.25,24747.5,871.0
2026-03-12T03:07:00Z,24748.0,24758.75,24746.5,24757.0,1025.0
2026-03-12T03:08:00Z,24757.0,24758.0,24748.75,24749.5,468.0
2026-03-12T03:09:00Z,24749.75,24751.75,24744.25,24746.5,353.0
2026-03-12T03:10:00Z,24746.75,24752.0,24746.75,24748.5,346.0
2026-03-12T03:11:00Z,24749.5,24751.0,24740.5,24740.5,543.0
2026-03-12T03:12:00Z,24741.0,24744.5,24730.75,24734.0,1028.0
2026-03-12T03:13:00Z,24733.5,24735.25,24730.0,24730.75,344.0
2026-03-12T03:14:00Z,24731.75,24733.5,24729.5,24732.0,297.0
2026-03-12T03:15:00Z,24732.0,24737.25,24729.75,24737.25,444.0
2026-03-12T03:16:00Z,24737.25,24737.25,24725.0,24727.75,656.0
2026-03-12T03:17:00Z,24727.75,24736.25,24726.5,24735.0,373.0
2026-03-12T03:18:00Z,24733.5,24735.5,24731.0,24731.25,228.0
2026-03-12T03:19:00Z,24732.5,24734.25,24729.75,24733.0,155.0
2026-03-12T03:20:00Z,24733.25,24742.5,24733.25,24737.0,518.0
2026-03-12T03:21:00Z,24737.0,24740.0,24734.5,24736.5,172.0
2026-03-12T03:22:00Z,24737.25,24737.5,24733.75,24734.0,194.0
2026-03-12T03:23:00Z,24734.5,24742.75,24734.25,24742.75,201.0
2026-03-12T03:24:00Z,24742.75,24743.0,24739.25,24739.25,175.0
2026-03-12T03:25:00Z,24739.75,24740.25,24733.0,24733.75,275.0
2026-03-12T03:26:00Z,24734.5,24736.5,24721.75,24724.0,919.0
2026-03-12T03:27:00Z,24724.75,24727.75,24722.25,24723.75,329.0
2026-03-12T03:28:00Z,24723.75,24725.25,24722.25,24724.5,192.0
2026-03-12T03:29:00Z,24724.5,24729.0,24721.25,24723.25,406.0
2026-03-12T03:30:00Z,24723.0,24724.75,24717.0,24717.5,743.0
2026-03-12T03:31:00Z,24717.0,24722.25,24716.0,24719.25,348.0
2026-03-12T03:32:00Z,24719.75,24723.0,24714.5,24718.0,491.0
2026-03-12T03:33:00Z,24717.75,24719.75,24710.5,24714.75,459.0
2026-03-12T03:34:00Z,24714.25,24717.25,24710.0,24711.25,367.0
2026-03-12T03:35:00Z,24711.25,24716.0,24710.75,24714.75,438.0
2026-03-12T03:36:00Z,24714.75,24725.0,24713.75,24720.0,645.0
2026-03-12T03:37:00Z,24719.5,24719.75,24701.75,24702.75,997.0
2026-03-12T03:38:00Z,24702.5,24706.75,24696.25,24701.0,1242.0
2026-03-12T03:39:00Z,24701.0,24704.75,24699.0,24700.0,600.0
2026-03-12T03:40:00Z,24699.0,24709.0,24698.75,24705.0,465.0
2026-03-12T03:41:00Z,24705.75,24708.25,24703.0,24707.0,262.0
2026-03-12T03:42:00Z,24708.5,24712.75,24706.75,24711.0,573.0
2026-03-12T03:43:00Z,24711.5,24715.25,24709.75,24711.0,492.0
2026-03-12T03:44:00Z,24711.0,24713.0,24707.25,24709.75,360.0
2026-03-12T03:45:00Z,24709.5,24714.5,24705.25,24713.25,547.0
2026-03-12T03:46:00Z,24712.5,24719.75,24712.5,24713.0,484.0
2026-03-12T03:47:00Z,24714.0,24714.0,24704.5,24706.5,437.0
2026-03-12T03:48:00Z,24706.0,24712.5,24704.25,24711.5,313.0
2026-03-12T03:49:00Z,24712.25,24716.75,24710.25,24716.5,226.0
2026-03-12T03:50:00Z,24716.25,24723.5,24716.0,24721.5,582.0
2026-03-12T03:51:00Z,24722.0,24728.75,24721.75,24726.75,452.0
2026-03-12T03:52:00Z,24726.0,24728.0,24723.75,24726.25,266.0
2026-03-12T03:53:00Z,24725.0,24725.0,24712.25,24713.25,523.0
2026-03-12T03:54:00Z,24714.0,24719.75,24713.25,24719.0,282.0
2026-03-12T03:55:00Z,24718.25,24718.5,24715.75,24717.75,93.0
2026-03-12T03:56:00Z,24718.5,24729.75,24717.5,24728.0,411.0
2026-03-12T03:57:00Z,24729.0,24729.25,24723.25,24727.0,334.0
2026-03-12T03:58:00Z,24727.0,24727.5,24724.25,24726.5,155.0
2026-03-12T04:09:00Z,24744.0,24744.75,24731.0,24732.25,767.0
2026-03-12T04:10:00Z,24731.25,24734.75,24728.75,24732.5,437.0
2026-03-12T04:11:00Z,24732.25,24737.25,24730.25,24734.0,227.0
2026-03-12T04:12:00Z,24735.5,24738.75,24734.5,24738.0,191.0
2026-03-12T04:13:00Z,24738.75,24742.75,24736.75,24738.75,521.0
2026-03-12T04:14:00Z,24738.5,24739.25,24736.5,24737.25,192.0
2026-03-12T04:15:00Z,24736.5,24740.0,24734.25,24737.0,202.0
2026-03-12T04:16:00Z,24737.0,24741.5,24736.0,24739.75,309.0
2026-03-12T04:17:00Z,24739.25,24740.25,24733.75,24734.75,282.0
2026-03-12T04:18:00Z,24734.0,24734.75,24730.0,24731.75,371.0
2026-03-12T04:19:00Z,24732.0,24750.75,24730.75,24748.0,833.0
2026-03-12T04:20:00Z,24747.5,24751.75,24744.75,24748.0,494.0
2026-03-12T04:21:00Z,24748.5,24749.5,24744.25,24745.0,262.0
2026-03-12T04:22:00Z,24744.75,24747.75,24744.25,24746.0,209.0
2026-03-12T04:23:00Z,24745.5,24746.75,24741.0,24741.75,199.0
2026-03-12T04:24:00Z,24743.0,24745.0,24741.75,24742.25,109.0
2026-03-12T04:25:00Z,24742.25,24742.25,24737.25,24740.5,289.0
2026-03-12T04:26:00Z,24740.0,24740.5,24737.0,24737.5,173.0
2026-03-12T04:27:00Z,24738.25,24742.5,24736.5,24741.75,191.0
2026-03-12T04:28:00Z,24742.0,24747.75,24742.0,24747.75,240.0
2026-03-12T04:29:00Z,24747.0,24748.25,24744.0,24744.0,144.0
2026-03-12T04:30:00Z,24743.75,24746.25,24741.0,24744.0,199.0
2026-03-12T04:31:00Z,24744.25,24745.0,24739.0,24739.75,150.0
2026-03-12T04:32:00Z,24739.75,24743.0,24737.5,24738.25,213.0
2026-03-12T04:33:00Z,24738.25,24739.0,24732.75,24734.0,387.0
2026-03-12T04:34:00Z,24734.25,24734.5,24726.0,24728.25,531.0
2026-03-12T04:35:00Z,24728.25,24729.5,24718.25,24719.0,775.0
2026-03-12T04:36:00Z,24718.75,24719.25,24711.5,24713.75,560.0
2026-03-12T04:37:00Z,24713.5,24718.5,24711.5,24718.5,459.0
2026-03-12T04:38:00Z,24718.75,24723.25,24718.5,24722.25,409.0
2026-03-12T04:39:00Z,24721.75,24723.0,24719.0,24721.25,147.0
2026-03-12T04:40:00Z,24719.75,24722.0,24717.0,24717.75,217.0
2026-03-12T04:41:00Z,24718.0,24718.5,24710.75,24715.5,405.0
2026-03-12T04:42:00Z,24715.0,24719.0,24713.5,24714.0,242.0
2026-03-12T04:43:00Z,24715.0,24717.25,24715.0,24716.5,86.0
2026-03-12T04:44:00Z,24716.5,24716.75,24711.0,24711.0,237.0
2026-03-12T04:45:00Z,24711.0,24722.25,24710.75,24718.0,347.0
2026-03-12T04:46:00Z,24718.25,24718.75,24713.75,24715.5,191.0
2026-03-12T04:47:00Z,24714.5,24715.5,24711.5,24713.75,191.0
2026-03-12T04:48:00Z,24714.25,24714.25,24709.75,24714.25,271.0
2026-03-12T04:49:00Z,24714.25,24716.0,24710.5,24711.5,143.0
2026-03-12T04:50:00Z,24712.0,24712.0,24709.25,24710.5,237.0
2026-03-12T04:51:00Z,24710.5,24714.5,24709.75,24711.75,176.0
2026-03-12T04:52:00Z,24712.25,24715.5,24712.0,24713.75,346.0
2026-03-12T04:53:00Z,24714.0,24720.75,24713.75,24719.0,461.0
2026-03-12T04:54:00Z,24719.0,24726.25,24719.0,24724.25,424.0
2026-03-12T04:55:00Z,24722.75,24726.5,24722.75,24726.0,211.0
2026-03-12T04:56:00Z,24726.25,24726.75,24723.0,24725.5,250.0
2026-03-12T04:57:00Z,24724.25,24725.75,24719.75,24721.25,181.0
2026-03-12T04:58:00Z,24721.25,24721.75,24718.0,24718.75,181.0
2026-03-12T04:59:00Z,24719.25,24720.5,24718.0,24718.75,213.0
2026-03-12T05:00:00Z,24718.25,24726.25,24717.5,24723.75,346.0
2026-03-12T05:01:00Z,24723.0,24728.0,24719.25,24726.0,330.0
2026-03-12T05:02:00Z,24726.0,24761.75,24723.5,24760.25,2106.0
2026-03-12T05:03:00Z,24760.0,24773.5,24760.0,24766.75,2149.0
2026-03-12T05:04:00Z,24766.5,24774.0,24757.0,24761.0,1119.0
2026-03-12T05:05:00Z,24760.75,24773.75,24758.75,24773.0,688.0
2026-03-12T05:06:00Z,24773.0,24777.5,24767.25,24768.0,857.0
2026-03-12T05:07:00Z,24767.5,24767.5,24758.0,24764.25,616.0
2026-03-12T05:08:00Z,24764.75,24773.0,24764.75,24769.0,451.0
2026-03-12T05:09:00Z,24769.0,24770.0,24752.0,24758.0,752.0
2026-03-12T05:10:00Z,24758.0,24768.0,24752.75,24763.5,602.0
2026-03-12T05:11:00Z,24762.75,24768.5,24761.75,24767.5,461.0
2026-03-12T05:12:00Z,24767.5,24771.25,24763.25,24765.5,433.0
2026-03-12T05:13:00Z,24765.5,24768.0,24755.5,24757.0,475.0
2026-03-12T05:14:00Z,24757.0,24762.5,24753.25,24761.75,421.0
2026-03-12T05:15:00Z,24762.0,24764.0,24759.25,24760.75,337.0
2026-03-12T05:16:00Z,24759.75,24764.0,24757.5,24760.5,295.0
2026-03-12T05:17:00Z,24759.5,24761.25,24756.5,24759.5,227.0
2026-03-12T05:18:00Z,24759.5,24763.75,24758.0,24760.5,191.0
2026-03-12T05:19:00Z,24761.75,24762.75,24756.25,24757.5,217.0
2026-03-12T05:20:00Z,24758.0,24760.25,24752.75,24756.5,416.0
2026-03-12T05:21:00Z,24757.25,24757.5,24752.25,24754.5,308.0
2026-03-12T05:22:00Z,24754.0,24755.0,24749.75,24752.0,402.0
2026-03-12T05:23:00Z,24752.0,24763.5,24751.5,24763.0,276.0
2026-03-12T05:24:00Z,24763.25,24766.25,24752.75,24753.5,423.0
2026-03-12T05:25:00Z,24753.5,24754.0,24744.0,24750.5,698.0
2026-03-12T05:26:00Z,24750.5,24756.0,24749.0,24753.75,307.0
2026-03-12T05:27:00Z,24754.5,24761.25,24754.0,24757.75,420.0
2026-03-12T05:28:00Z,24757.75,24759.75,24751.0,24755.75,293.0
2026-03-12T05:29:00Z,24755.5,24756.0,24750.75,24752.5,250.0
2026-03-12T05:30:00Z,24752.75,24758.0,24751.5,24756.25,279.0
2026-03-12T05:31:00Z,24756.25,24760.5,24754.75,24757.5,246.0
2026-03-12T05:32:00Z,24758.25,24763.0,24757.75,24758.5,268.0
2026-03-12T05:33:00Z,24758.25,24762.25,24758.0,24761.75,231.0
2026-03-12T05:34:00Z,24762.75,24763.0,24757.5,24757.75,225.0
2026-03-12T05:35:00Z,24758.25,24760.0,24753.0,24756.0,241.0
2026-03-12T05:36:00Z,24756.0,24756.5,24747.75,24748.25,291.0
2026-03-12T05:37:00Z,24748.0,24756.25,24746.0,24754.75,365.0
2026-03-12T05:38:00Z,24754.25,24757.75,24751.5,24755.25,191.0
2026-03-12T05:39:00Z,24755.0,24762.5,24755.0,24761.75,267.0
2026-03-12T05:40:00Z,24761.25,24771.5,24759.5,24770.5,670.0
2026-03-12T05:41:00Z,24770.75,24776.75,24767.75,24776.75,637.0
2026-03-12T05:42:00Z,24776.5,24776.5,24768.5,24772.25,504.0
2026-03-12T05:43:00Z,24772.75,24779.5,24766.75,24772.75,731.0
2026-03-12T05:44:00Z,24772.5,24774.0,24769.75,24773.0,197.0
2026-03-12T05:45:00Z,24774.25,24776.75,24768.0,24772.75,285.0
2026-03-12T05:46:00Z,24773.25,24774.0,24769.75,24771.5,145.0
2026-03-12T05:47:00Z,24771.5,24771.5,24765.0,24767.0,297.0
2026-03-12T05:48:00Z,24766.5,24772.75,24742.25,24745.25,1897.0
2026-03-12T05:49:00Z,24745.5,24757.0,24745.0,24748.0,563.0
2026-03-12T05:50:00Z,24747.5,24751.5,24737.0,24737.75,646.0
2026-03-12T05:51:00Z,24738.5,24741.5,24733.0,24737.25,578.0
2026-03-12T05:52:00Z,24737.0,24740.25,24731.5,24738.75,300.0
2026-03-12T05:53:00Z,24739.75,24743.75,24734.5,24742.5,348.0
2026-03-12T05:54:00Z,24742.25,24750.25,24740.5,24749.25,499.0
2026-03-12T05:55:00Z,24749.5,24749.75,24744.5,24746.75,269.0
2026-03-12T05:56:00Z,24747.0,24753.75,24745.75,24752.0,336.0
2026-03-12T05:57:00Z,24752.75,24763.5,24752.75,24762.75,665.0
2026-03-12T05:58:00Z,24762.75,24767.25,24758.25,24767.25,356.0
2026-03-12T05:59:00Z,24767.25,24772.75,24765.25,24771.25,507.0
2026-03-12T06:00:00Z,24770.75,24771.5,24762.5,24764.5,620.0
2026-03-12T06:01:00Z,24764.75,24764.75,24752.5,24755.25,609.0
2026-03-12T06:02:00Z,24755.5,24761.5,24755.5,24760.5,205.0
2026-03-12T06:03:00Z,24761.0,24766.0,24759.25,24762.0,234.0
2026-03-12T06:04:00Z,24762.25,24765.75,24756.25,24765.25,326.0
2026-03-12T06:05:00Z,24764.5,24768.0,24761.5,24762.0,207.0
2026-03-12T06:06:00Z,24761.5,24764.0,24757.5,24758.25,216.0
2026-03-12T06:07:00Z,24758.5,24762.0,24753.5,24753.5,174.0
2026-03-12T06:08:00Z,24754.5,24758.5,24754.5,24756.75,208.0
2026-03-12T06:09:00Z,24756.25,24760.75,24756.0,24757.75,162.0
2026-03-12T06:10:00Z,24756.5,24760.25,24748.25,24750.75,441.0
2026-03-12T06:11:00Z,24750.5,24757.0,24746.25,24747.75,358.0
2026-03-12T06:12:00Z,24747.75,24754.25,24746.75,24751.75,249.0
2026-03-12T06:13:00Z,24750.75,24754.25,24750.0,24752.5,162.0
2026-03-12T06:14:00Z,24752.0,24753.5,24747.0,24753.5,214.0
2026-03-12T06:15:00Z,24753.75,24760.25,24753.75,24759.0,312.0
2026-03-12T06:16:00Z,24760.75,24769.0,24759.75,24761.75,387.0
2026-03-12T06:17:00Z,24761.75,24765.75,24758.25,24760.0,235.0
2026-03-12T06:18:00Z,24762.0,24762.5,24756.0,24757.25,193.0
2026-03-12T06:19:00Z,24756.5,24758.5,24754.0,24756.75,127.0
2026-03-12T06:20:00Z,24755.75,24760.0,24752.5,24760.0,234.0
2026-03-12T06:21:00Z,24759.25,24770.5,24759.25,24770.0,394.0
2026-03-12T06:22:00Z,24770.0,24772.25,24766.0,24770.5,364.0
2026-03-12T06:23:00Z,24771.5,24777.25,24771.5,24774.25,390.0
2026-03-12T06:24:00Z,24774.0,24777.75,24770.0,24775.75,422.0
2026-03-12T06:25:00Z,24776.0,24781.75,24757.75,24768.0,1641.0
2026-03-12T06:26:00Z,24767.0,24785.5,24760.5,24782.75,1583.0
2026-03-12T06:27:00Z,24783.25,24785.0,24779.25,24782.25,558.0
2026-03-12T06:28:00Z,24781.75,24782.5,24777.25,24780.75,201.0
2026-03-12T06:29:00Z,24781.0,24787.5,24780.0,24786.75,492.0
2026-03-12T06:30:00Z,24787.25,24791.0,24781.5,24784.25,621.0
2026-03-12T06:31:00Z,24785.0,24785.25,24780.5,24783.0,274.0
2026-03-12T06:32:00Z,24783.25,24786.75,24779.5,24786.0,209.0
2026-03-12T06:33:00Z,24786.25,24791.5,24782.25,24788.25,302.0
2026-03-12T06:34:00Z,24787.5,24794.5,24787.5,24793.25,416.0
2026-03-12T06:35:00Z,24792.75,24795.25,24787.0,24793.25,430.0
2026-03-12T06:36:00Z,24793.25,24796.0,24791.75,24791.75,259.0
2026-03-12T06:37:00Z,24791.25,24799.0,24791.25,24794.5,578.0
2026-03-12T06:38:00Z,24794.0,24796.0,24789.75,24792.5,227.0
2026-03-12T06:39:00Z,24793.25,24793.25,24787.5,24787.75,245.0
2026-03-12T06:40:00Z,24787.75,24794.25,24783.5,24792.0,413.0
2026-03-12T06:41:00Z,24792.75,24792.75,24786.5,24786.75,175.0
2026-03-12T06:42:00Z,24786.25,24789.0,24785.5,24787.25,139.0
2026-03-12T06:43:00Z,24787.75,24790.0,24786.25,24789.25,138.0
2026-03-12T06:44:00Z,24789.5,24797.0,24788.75,24795.75,245.0
2026-03-12T06:45:00Z,24795.5,24796.25,24789.0,24791.75,232.0
2026-03-12T06:46:00Z,24790.75,24793.5,24789.0,24792.25,140.0
2026-03-12T06:47:00Z,24791.75,24803.0,24791.75,24801.25,606.0
2026-03-12T06:48:00Z,24801.0,24807.25,24800.5,24803.75,745.0
2026-03-12T06:49:00Z,24802.75,24802.75,24793.5,24799.5,367.0
2026-03-12T06:50:00Z,24798.5,24806.0,24798.25,24800.25,366.0
2026-03-12T06:51:00Z,24799.75,24803.0,24798.25,24802.0,163.0
2026-03-12T06:52:00Z,24802.75,24804.5,24801.0,24802.25,190.0
2026-03-12T06:53:00Z,24802.25,24812.5,24800.25,24807.5,547.0
2026-03-12T06:54:00Z,24807.25,24810.5,24804.75,24810.0,289.0
2026-03-12T06:55:00Z,24811.0,24813.75,24804.0,24804.0,470.0
2026-03-12T06:56:00Z,24803.75,24811.75,24803.75,24807.25,165.0
2026-03-12T06:57:00Z,24807.25,24807.25,24802.5,24805.25,201.0
2026-03-12T06:58:00Z,24806.0,24806.0,24801.5,24805.0,178.0
2026-03-12T06:59:00Z,24804.75,24809.5,24803.25,24809.5,185.0
2026-03-12T07:00:00Z,24809.5,24820.25,24807.75,24820.0,836.0
2026-03-12T07:01:00Z,24820.0,24820.5,24814.75,24819.0,491.0
2026-03-12T07:02:00Z,24819.5,24822.5,24817.25,24818.75,314.0
2026-03-12T07:03:00Z,24818.25,24821.75,24817.5,24819.5,265.0
2026-03-12T07:04:00Z,24820.75,24824.0,24818.0,24818.5,370.0
2026-03-12T07:05:00Z,24818.5,24823.5,24816.5,24823.5,471.0
2026-03-12T07:06:00Z,24822.75,24822.75,24811.75,24813.5,659.0
2026-03-12T07:07:00Z,24812.75,24819.5,24811.0,24817.5,489.0
2026-03-12T07:08:00Z,24818.0,24819.75,24813.0,24814.25,274.0
2026-03-12T07:09:00Z,24814.25,24819.25,24813.0,24813.25,262.0
2026-03-12T07:10:00Z,24812.75,24820.25,24811.0,24819.75,432.0
2026-03-12T07:11:00Z,24820.0,24825.0,24816.75,24819.25,580.0
2026-03-12T07:12:00Z,24819.75,24821.5,24814.5,24821.25,239.0
2026-03-12T07:13:00Z,24821.25,24823.0,24817.25,24822.0,231.0
2026-03-12T07:14:00Z,24821.25,24825.5,24820.75,24823.75,547.0
2026-03-12T07:15:00Z,24823.75,24825.75,24821.0,24823.25,291.0
2026-03-12T07:16:00Z,24822.5,24831.25,24821.0,24830.5,576.0
2026-03-12T07:17:00Z,24831.25,24831.5,24819.0,24823.0,634.0
2026-03-12T07:18:00Z,24823.25,24826.75,24822.0,24823.75,366.0
2026-03-12T07:19:00Z,24824.0,24826.25,24820.0,24824.0,276.0
2026-03-12T07:20:00Z,24824.75,24834.75,24824.25,24834.0,537.0
2026-03-12T07:21:00Z,24834.25,24834.75,24824.0,24826.0,388.0
2026-03-12T07:22:00Z,24827.0,24827.0,24818.5,24820.5,477.0
2026-03-12T07:23:00Z,24821.25,24828.25,24820.25,24825.5,392.0
2026-03-12T07:24:00Z,24825.5,24830.25,24823.75,24828.0,254.0
2026-03-12T07:25:00Z,24828.5,24833.75,24824.0,24833.75,384.0
2026-03-12T07:26:00Z,24833.75,24838.75,24832.75,24836.5,702.0
2026-03-12T07:27:00Z,24835.5,24837.0,24830.5,24835.5,480.0
2026-03-12T07:28:00Z,24836.0,24837.5,24830.5,24832.25,428.0
2026-03-12T07:29:00Z,24832.25,24834.5,24831.0,24833.75,289.0
2026-03-12T07:30:00Z,24833.5,24835.25,24822.0,24823.25,658.0
2026-03-12T07:31:00Z,24823.5,24828.25,24821.0,24823.0,702.0
2026-03-12T07:32:00Z,24823.0,24824.25,24814.25,24815.5,815.0
2026-03-12T07:33:00Z,24816.0,24823.5,24813.25,24820.0,491.0
2026-03-12T07:34:00Z,24820.0,24824.0,24816.25,24816.25,311.0
2026-03-12T07:35:00Z,24817.0,24817.75,24808.5,24809.0,586.0
2026-03-12T07:36:00Z,24809.75,24817.5,24809.0,24815.5,395.0
2026-03-12T07:37:00Z,24815.25,24828.25,24815.0,24828.0,561.0
2026-03-12T07:38:00Z,24827.5,24831.5,24822.0,24831.0,468.0
2026-03-12T07:39:00Z,24831.25,24835.0,24827.25,24829.0,609.0
2026-03-12T07:40:00Z,24829.75,24835.0,24827.75,24831.75,577.0
2026-03-12T07:41:00Z,24831.25,24833.0,24827.25,24828.5,341.0
2026-03-12T07:42:00Z,24828.5,24832.0,24826.5,24828.25,312.0
2026-03-12T07:43:00Z,24827.75,24831.75,24826.25,24829.25,269.0
2026-03-12T07:44:00Z,24828.75,24831.0,24827.75,24828.75,254.0
2026-03-12T07:45:00Z,24829.25,24830.5,24826.75,24828.25,168.0
2026-03-12T07:46:00Z,24829.25,24830.5,24825.0,24826.75,256.0
2026-03-12T07:47:00Z,24827.0,24836.0,24827.0,24831.75,529.0
2026-03-12T07:48:00Z,24831.25,24832.25,24828.0,24831.75,222.0
2026-03-12T07:49:00Z,24831.75,24832.5,24828.0,24829.0,199.0
2026-03-12T07:50:00Z,24828.5,24831.0,24819.0,24819.0,364.0
2026-03-12T07:51:00Z,24820.0,24823.75,24812.5,24823.25,587.0
2026-03-12T07:52:00Z,24823.25,24832.75,24821.75,24831.0,526.0
2026-03-12T07:53:00Z,24831.25,24846.5,24829.5,24842.75,1086.0
2026-03-12T07:54:00Z,24842.5,24852.25,24841.75,24850.75,1208.0
2026-03-12T07:55:00Z,24851.75,24868.5,24851.25,24867.0,1357.0
2026-03-12T07:56:00Z,24867.25,24871.0,24860.5,24863.25,1033.0
2026-03-12T07:57:00Z,24863.75,24864.75,24858.25,24862.75,597.0
2026-03-12T07:58:00Z,24861.75,24863.5,24857.25,24858.75,376.0
2026-03-12T07:59:00Z,24858.5,24872.25,24856.0,24871.75,722.0
2026-03-12T08:00:00Z,24870.75,24885.0,24866.75,24884.5,2459.0
2026-03-12T08:01:00Z,24884.5,24889.0,24877.5,24877.5,1546.0
2026-03-12T08:02:00Z,24877.5,24891.5,24875.25,24891.0,1010.0
2026-03-12T08:03:00Z,24891.0,24900.0,24891.0,24897.75,1452.0
2026-03-12T08:04:00Z,24898.0,24899.75,24891.5,24893.0,809.0
2026-03-12T08:05:00Z,24892.75,24899.5,24884.75,24898.0,1103.0
2026-03-12T08:06:00Z,24898.0,24898.5,24885.5,24889.25,668.0
2026-03-12T08:07:00Z,24888.5,24896.0,24885.0,24888.5,760.0
2026-03-12T08:08:00Z,24888.75,24901.75,24886.75,24901.0,913.0
2026-03-12T08:09:00Z,24900.75,24902.0,24895.5,24899.25,623.0
2026-03-12T08:10:00Z,24899.0,24900.0,24889.5,24893.5,741.0
2026-03-12T08:11:00Z,24894.25,24896.0,24884.25,24887.0,763.0
2026-03-12T08:12:00Z,24887.75,24889.25,24883.25,24887.5,548.0
2026-03-12T08:13:00Z,24887.5,24889.75,24879.75,24882.5,644.0
2026-03-12T08:14:00Z,24883.25,24888.5,24877.25,24879.5,947.0
2026-03-12T08:15:00Z,24879.5,24881.5,24873.0,24880.75,830.0
2026-03-12T08:16:00Z,24881.25,24886.25,24875.0,24877.75,696.0
2026-03-12T08:17:00Z,24878.0,24887.25,24872.0,24884.25,764.0
2026-03-12T08:18:00Z,24884.75,24893.0,24883.5,24885.25,769.0
2026-03-12T08:19:00Z,24885.0,24892.25,24883.0,24888.25,589.0
2026-03-12T08:20:00Z,24888.75,24888.75,24872.75,24873.75,914.0
2026-03-12T08:21:00Z,24873.75,24882.25,24873.5,24878.75,605.0
2026-03-12T08:22:00Z,24878.25,24880.75,24870.75,24878.75,499.0
2026-03-12T08:23:00Z,24879.25,24880.75,24868.0,24876.25,552.0
2026-03-12T08:24:00Z,24876.0,24877.0,24869.75,24870.0,458.0
2026-03-12T08:25:00Z,24870.25,24874.5,24867.25,24870.75,425.0
2026-03-12T08:26:00Z,24871.25,24872.5,24866.0,24869.75,476.0
2026-03-12T08:27:00Z,24869.25,24876.0,24864.0,24867.5,507.0
2026-03-12T08:28:00Z,24866.75,24867.25,24857.75,24859.5,728.0
2026-03-12T08:29:00Z,24859.25,24863.75,24856.25,24856.5,617.0
2026-03-12T08:30:00Z,24856.5,24870.0,24852.5,24868.5,1001.0
2026-03-12T08:31:00Z,24868.5,24868.75,24859.5,24863.0,540.0
2026-03-12T08:32:00Z,24863.0,24866.5,24859.25,24866.25,452.0
2026-03-12T08:33:00Z,24865.75,24872.0,24862.75,24862.75,421.0
2026-03-12T08:34:00Z,24862.5,24869.25,24859.25,24866.0,600.0
2026-03-12T08:35:00Z,24866.0,24875.0,24864.25,24867.0,673.0
2026-03-12T08:36:00Z,24867.0,24868.0,24862.25,24865.75,402.0
2026-03-12T08:37:00Z,24865.5,24866.5,24858.75,24862.0,370.0
2026-03-12T08:38:00Z,24861.25,24862.0,24855.75,24860.5,488.0
2026-03-12T08:39:00Z,24860.5,24861.5,24851.25,24852.0,593.0
2026-03-12T08:40:00Z,24852.0,24854.75,24847.0,24848.25,753.0
2026-03-12T08:41:00Z,24847.75,24849.75,24837.0,24839.75,1096.0
2026-03-12T08:42:00Z,24839.75,24852.0,24839.0,24851.75,671.0
2026-03-12T08:43:00Z,24851.25,24864.0,24851.25,24863.0,729.0
2026-03-12T08:44:00Z,24863.0,24872.5,24862.0,24872.5,871.0
2026-03-12T08:45:00Z,24872.5,24877.75,24867.75,24875.5,928.0
2026-03-12T08:46:00Z,24875.75,24878.25,24866.75,24867.25,529.0
2026-03-12T08:47:00Z,24867.25,24867.5,24858.75,24866.0,730.0
2026-03-12T08:48:00Z,24866.0,24874.75,24860.0,24874.75,535.0
2026-03-12T08:49:00Z,24874.75,24884.5,24873.75,24883.0,795.0
2026-03-12T08:50:00Z,24884.0,24889.25,24882.5,24888.5,948.0
2026-03-12T08:51:00Z,24887.75,24890.25,24883.75,24887.25,540.0
2026-03-12T08:52:00Z,24887.0,24888.5,24879.5,24883.75,446.0
2026-03-12T08:53:00Z,24883.5,24887.25,24880.25,24881.5,386.0
2026-03-12T08:54:00Z,24880.25,24881.5,24871.5,24872.0,719.0
2026-03-12T08:55:00Z,24872.5,24880.0,24870.75,24875.75,418.0
2026-03-12T08:56:00Z,24875.75,24877.0,24869.25,24875.5,374.0
2026-03-12T08:57:00Z,24875.0,24877.25,24869.25,24870.5,383.0
2026-03-12T08:58:00Z,24871.0,24874.0,24867.0,24874.0,362.0
2026-03-12T08:59:00Z,24874.5,24879.25,24870.75,24877.25,319.0
2026-03-12T09:00:00Z,24877.75,24883.75,24860.0,24860.75,1049.0
2026-03-12T09:01:00Z,24860.0,24863.5,24854.25,24856.0,750.0
2026-03-12T09:02:00Z,24856.25,24864.5,24856.25,24863.0,519.0
2026-03-12T09:03:00Z,24863.0,24863.0,24853.0,24856.75,482.0
2026-03-12T09:04:00Z,24856.75,24868.5,24854.75,24863.0,466.0
2026-03-12T09:05:00Z,24862.25,24864.5,24858.0,24859.5,424.0
2026-03-12T09:06:00Z,24860.0,24861.25,24848.0,24849.75,483.0
2026-03-12T09:07:00Z,24849.75,24859.0,24846.5,24854.75,633.0
2026-03-12T09:08:00Z,24855.25,24855.75,24850.5,24851.0,381.0
2026-03-12T09:09:00Z,24852.25,24854.5,24847.0,24849.0,314.0
2026-03-12T09:10:00Z,24848.5,24851.75,24845.0,24845.25,365.0
2026-03-12T09:11:00Z,24845.25,24853.5,24845.0,24851.25,289.0
2026-03-12T09:12:00Z,24851.75,24853.0,24841.25,24843.5,410.0
2026-03-12T09:13:00Z,24842.5,24844.5,24839.0,24840.25,481.0
2026-03-12T09:14:00Z,24839.75,24841.5,24832.5,24840.25,804.0
2026-03-12T09:15:00Z,24840.0,24841.5,24834.25,24837.5,529.0
2026-03-12T09:16:00Z,24837.0,24843.25,24831.0,24831.25,568.0
2026-03-12T09:17:00Z,24832.25,24839.0,24830.0,24836.25,738.0
2026-03-12T09:18:00Z,24835.0,24836.5,24832.0,24833.25,333.0
2026-03-12T09:19:00Z,24834.25,24837.0,24826.75,24828.0,524.0
2026-03-12T09:20:00Z,24828.25,24830.75,24814.5,24814.5,951.0
2026-03-12T09:21:00Z,24814.25,24826.75,24813.25,24825.0,1107.0
2026-03-12T09:22:00Z,24824.5,24828.75,24817.5,24819.25,552.0
2026-03-12T09:23:00Z,24818.5,24835.0,24818.25,24834.25,642.0
2026-03-12T09:24:00Z,24834.5,24837.0,24832.75,24834.5,429.0
2026-03-12T09:25:00Z,24834.0,24845.75,24832.25,24843.5,674.0
2026-03-12T09:26:00Z,24842.5,24849.25,24842.5,24848.75,679.0
2026-03-12T09:27:00Z,24848.75,24852.75,24843.25,24843.5,629.0
2026-03-12T09:28:00Z,24845.0,24846.0,24841.25,24844.0,483.0
2026-03-12T09:29:00Z,24843.75,24853.75,24840.5,24852.0,547.0
2026-03-12T09:30:00Z,24853.75,24862.75,24851.0,24856.25,1073.0
2026-03-12T09:31:00Z,24855.75,24863.5,24854.25,24854.75,449.0
2026-03-12T09:32:00Z,24855.25,24864.75,24852.75,24862.75,633.0
2026-03-12T09:33:00Z,24862.5,24864.25,24857.75,24862.0,303.0
2026-03-12T09:34:00Z,24861.75,24868.75,24857.25,24867.25,485.0
2026-03-12T09:35:00Z,24867.5,24871.0,24858.5,24864.5,710.0
2026-03-12T09:36:00Z,24864.0,24871.0,24864.0,24869.25,580.0
2026-03-12T09:37:00Z,24870.25,24874.75,24867.75,24872.75,414.0
2026-03-12T09:38:00Z,24873.5,24873.75,24867.0,24872.25,306.0
2026-03-12T09:39:00Z,24873.5,24879.5,24872.5,24879.25,697.0
2026-03-12T09:40:00Z,24879.75,24899.75,24877.5,24885.25,1763.0
2026-03-12T09:41:00Z,24886.0,24893.25,24879.5,24889.75,859.0
2026-03-12T09:42:00Z,24890.5,24897.5,24887.25,24892.5,689.0
2026-03-12T09:43:00Z,24893.75,24895.0,24890.25,24892.75,405.0
2026-03-12T09:44:00Z,24892.25,24908.0,24891.75,24900.75,1044.0
2026-03-12T09:45:00Z,24901.0,24907.75,24900.25,24907.75,675.0
2026-03-12T09:46:00Z,24908.0,24908.75,24890.5,24893.25,953.0
2026-03-12T09:47:00Z,24892.5,24893.25,24888.0,24892.0,638.0
2026-03-12T09:48:00Z,24892.5,24900.5,24889.0,24898.75,566.0
2026-03-12T09:49:00Z,24899.0,24902.25,24892.0,24892.0,653.0
2026-03-12T09:50:00Z,24892.25,24898.5,24891.5,24896.25,519.0
2026-03-12T09:51:00Z,24896.0,24912.25,24896.0,24912.25,1222.0
2026-03-12T09:52:00Z,24912.25,24915.5,24908.25,24910.5,732.0
2026-03-12T09:53:00Z,24910.0,24916.75,24906.25,24916.75,607.0
2026-03-12T09:54:00Z,24916.25,24917.25,24907.25,24913.5,539.0
2026-03-12T09:55:00Z,24914.25,24919.0,24911.75,24913.5,584.0
2026-03-12T09:56:00Z,24913.0,24914.75,24907.75,24910.5,427.0
2026-03-12T09:57:00Z,24912.0,24916.5,24911.25,24914.25,456.0
2026-03-12T09:58:00Z,24914.25,24916.75,24909.75,24916.25,367.0
2026-03-12T09:59:00Z,24915.5,24921.5,24914.0,24917.0,721.0
2026-03-12T10:00:00Z,24917.0,24925.0,24916.75,24924.5,985.0
2026-03-12T10:01:00Z,24924.5,24926.75,24913.5,24914.5,831.0
2026-03-12T10:02:00Z,24915.25,24922.25,24911.25,24916.0,674.0
2026-03-12T10:03:00Z,24916.0,24918.5,24911.25,24916.25,558.0
2026-03-12T10:04:00Z,24916.0,24920.0,24911.25,24911.25,344.0
2026-03-12T10:05:00Z,24911.75,24916.5,24906.75,24914.5,707.0
2026-03-12T10:06:00Z,24914.5,24917.25,24904.75,24905.5,522.0
2026-03-12T10:07:00Z,24905.25,24908.5,24903.0,24903.0,432.0
2026-03-12T10:08:00Z,24903.0,24904.0,24899.5,24901.5,546.0
2026-03-12T10:09:00Z,24900.75,24902.25,24894.0,24896.5,622.0
2026-03-12T10:10:00Z,24896.75,24903.0,24893.25,24902.0,451.0
2026-03-12T10:11:00Z,24903.25,24904.25,24899.0,24901.0,291.0
2026-03-12T10:12:00Z,24900.75,24905.0,24899.5,24901.75,339.0
2026-03-12T10:13:00Z,24902.75,24903.25,24897.0,24897.0,307.0
2026-03-12T10:14:00Z,24898.5,24909.0,24897.0,24908.25,546.0
2026-03-12T10:15:00Z,24907.75,24909.0,24895.0,24895.25,451.0
2026-03-12T10:16:00Z,24896.25,24900.25,24894.0,24895.5,486.0
2026-03-12T10:17:00Z,24895.25,24896.75,24889.25,24894.5,654.0
2026-03-12T10:18:00Z,24895.0,24896.75,24891.0,24894.5,344.0
2026-03-12T10:19:00Z,24894.75,24903.75,24894.0,24902.0,343.0
2026-03-12T10:20:00Z,24902.25,24902.75,24894.75,24896.25,377.0
2026-03-12T10:21:00Z,24896.25,24902.75,24892.0,24902.25,360.0
2026-03-12T10:22:00Z,24902.25,24902.25,24889.75,24893.5,339.0
2026-03-12T10:23:00Z,24892.75,24893.5,24888.0,24890.5,368.0
2026-03-12T10:24:00Z,24891.0,24892.0,24888.0,24889.5,221.0
2026-03-12T10:25:00Z,24890.25,24895.25,24889.75,24891.75,266.0
2026-03-12T10:26:00Z,24891.5,24892.25,24883.25,24885.5,605.0
2026-03-12T10:27:00Z,24885.25,24887.75,24882.0,24885.25,340.0
2026-03-12T10:28:00Z,24884.5,24891.75,24884.5,24889.25,284.0
2026-03-12T10:29:00Z,24889.25,24894.75,24888.5,24890.0,376.0
2026-03-12T10:30:00Z,24889.5,24926.25,24889.25,24910.5,3527.0
2026-03-12T10:31:00Z,24910.25,24911.75,24896.0,24898.0,797.0
2026-03-12T10:32:00Z,24898.0,24904.75,24895.25,24898.25,530.0
2026-03-12T10:33:00Z,24898.0,24900.0,24895.75,24896.25,311.0
2026-03-12T10:34:00Z,24896.75,24906.5,24896.75,24906.25,452.0
2026-03-12T10:35:00Z,24906.0,24908.0,24895.0,24896.25,521.0
2026-03-12T10:36:00Z,24894.75,24905.0,24894.25,24903.75,402.0
2026-03-12T10:37:00Z,24904.0,24904.0,24893.25,24895.75,409.0
2026-03-12T10:38:00Z,24896.0,24897.5,24889.5,24895.5,482.0
2026-03-12T10:39:00Z,24896.5,24898.25,24891.0,24894.75,311.0
2026-03-12T10:40:00Z,24895.75,24897.0,24886.75,24890.25,409.0
2026-03-12T10:41:00Z,24890.25,24894.0,24882.5,24885.25,678.0
2026-03-12T10:42:00Z,24886.0,24894.25,24885.5,24894.25,402.0
2026-03-12T10:43:00Z,24894.25,24896.0,24887.75,24889.75,327.0
2026-03-12T10:44:00Z,24890.0,24894.5,24888.75,24892.25,227.0
2026-03-12T10:45:00Z,24891.75,24892.5,24887.5,24889.75,397.0
2026-03-12T10:46:00Z,24890.25,24897.5,24890.25,24897.0,514.0
2026-03-12T10:47:00Z,24897.25,24902.25,24896.5,24900.0,594.0
2026-03-12T10:48:00Z,24900.25,24906.5,24898.0,24902.75,374.0
2026-03-12T10:49:00Z,24902.25,24902.5,24897.0,24899.0,357.0
2026-03-12T10:50:00Z,24899.25,24904.25,24896.5,24903.5,339.0
2026-03-12T10:51:00Z,24902.75,24904.75,24890.0,24891.0,354.0
2026-03-12T10:52:00Z,24890.0,24890.0,24884.5,24886.5,641.0
2026-03-12T10:53:00Z,24886.0,24886.75,24877.5,24878.0,711.0
2026-03-12T10:54:00Z,24879.0,24883.75,24875.0,24883.25,635.0
2026-03-12T10:55:00Z,24883.75,24884.75,24879.25,24883.25,424.0
2026-03-12T10:56:00Z,24883.25,24884.5,24876.75,24879.25,420.0
2026-03-12T10:57:00Z,24880.0,24885.0,24877.0,24882.5,379.0
2026-03-12T10:58:00Z,24882.5,24885.0,24877.75,24879.0,431.0
2026-03-12T10:59:00Z,24879.5,24887.75,24879.5,24884.0,520.0
2026-03-12T11:00:00Z,24883.75,24886.0,24872.5,24886.0,875.0
2026-03-12T11:01:00Z,24885.75,24890.5,24882.25,24882.75,694.0
2026-03-12T11:02:00Z,24882.5,24885.0,24870.5,24872.5,802.0
2026-03-12T11:03:00Z,24872.5,24874.25,24865.75,24869.0,883.0
2026-03-12T11:04:00Z,24869.5,24873.0,24864.5,24867.25,558.0
2026-03-12T11:05:00Z,24867.25,24869.5,24861.5,24867.75,529.0
2026-03-12T11:06:00Z,24867.75,24873.75,24867.0,24870.0,554.0
2026-03-12T11:07:00Z,24870.5,24871.0,24861.5,24861.75,488.0
2026-03-12T11:08:00Z,24862.5,24865.25,24859.5,24865.25,479.0
2026-03-12T11:09:00Z,24865.0,24866.5,24859.0,24862.5,387.0
2026-03-12T11:10:00Z,24862.75,24864.75,24859.75,24861.0,241.0
2026-03-12T11:11:00Z,24860.25,24867.5,24860.25,24863.75,423.0
2026-03-12T11:12:00Z,24864.25,24868.5,24862.25,24863.25,376.0
2026-03-12T11:13:00Z,24862.75,24867.5,24861.5,24866.0,331.0
2026-03-12T11:14:00Z,24865.25,24868.5,24858.5,24861.25,442.0
2026-03-12T11:15:00Z,24861.75,24864.5,24860.75,24863.0,272.0
2026-03-12T11:16:00Z,24863.5,24867.25,24862.25,24864.75,273.0
2026-03-12T11:17:00Z,24864.75,24876.25,24863.75,24871.0,1027.0
2026-03-12T11:18:00Z,24870.75,24875.5,24860.0,24864.0,1163.0
2026-03-12T11:19:00Z,24863.25,24867.75,24862.75,24866.25,299.0
2026-03-12T11:20:00Z,24865.75,24872.0,24865.0,24872.0,305.0
2026-03-12T11:21:00Z,24870.75,24880.0,24870.75,24878.5,575.0
2026-03-12T11:22:00Z,24878.5,24879.75,24874.0,24875.25,509.0
2026-03-12T11:23:00Z,24876.0,24879.5,24872.25,24877.0,306.0
2026-03-12T11:24:00Z,24877.25,24886.5,24877.25,24882.0,690.0
2026-03-12T11:25:00Z,24882.25,24883.25,24877.5,24881.0,474.0
2026-03-12T11:26:00Z,24880.25,24885.75,24871.5,24873.25,776.0
2026-03-12T11:27:00Z,24872.75,24875.25,24847.0,24866.25,3004.0
2026-03-12T11:28:00Z,24866.5,24875.75,24865.75,24874.5,783.0
2026-03-12T11:29:00Z,24874.5,24878.5,24870.25,24875.5,475.0
2026-03-12T11:30:00Z,24875.75,24897.5,24875.75,24896.0,1514.0
2026-03-12T11:31:00Z,24896.0,24903.0,24894.5,24900.0,1007.0
2026-03-12T11:32:00Z,24900.5,24901.0,24892.0,24896.25,627.0
2026-03-12T11:33:00Z,24897.0,24902.75,24896.25,24901.25,464.0
2026-03-12T11:34:00Z,24902.0,24905.5,24897.25,24899.5,612.0
2026-03-12T11:35:00Z,24900.25,24901.5,24894.75,24897.25,509.0
2026-03-12T11:36:00Z,24898.25,24907.5,24893.75,24907.5,544.0
2026-03-12T11:37:00Z,24907.75,24909.5,24902.5,24906.75,574.0
2026-03-12T11:38:00Z,24907.0,24908.75,24902.5,24906.5,481.0
2026-03-12T11:39:00Z,24906.75,24907.75,24899.0,24903.25,503.0
2026-03-12T11:40:00Z,24903.5,24908.0,24901.0,24905.75,420.0
2026-03-12T11:41:00Z,24905.75,24911.5,24905.0,24910.25,562.0
2026-03-12T11:42:00Z,24911.25,24916.25,24905.75,24914.5,762.0
2026-03-12T11:43:00Z,24914.75,24929.0,24914.75,24921.0,1740.0
2026-03-12T11:44:00Z,24921.5,24922.25,24908.5,24911.25,1131.0
2026-03-12T11:45:00Z,24911.25,24912.0,24897.25,24897.5,1226.0
2026-03-12T11:46:00Z,24897.5,24907.5,24897.5,24907.25,739.0
2026-03-12T11:47:00Z,24907.25,24907.25,24897.0,24900.5,505.0
2026-03-12T11:48:00Z,24900.25,24903.25,24896.0,24897.75,596.0
2026-03-12T11:49:00Z,24898.0,24899.75,24890.0,24891.0,600.0
2026-03-12T11:50:00Z,24890.25,24894.0,24881.5,24884.5,1189.0
2026-03-12T11:51:00Z,24884.25,24887.25,24868.25,24870.5,1227.0
2026-03-12T11:52:00Z,24870.0,24873.0,24865.75,24867.5,756.0
2026-03-12T11:53:00Z,24867.5,24871.75,24866.5,24869.5,601.0
2026-03-12T11:54:00Z,24868.75,24868.75,24860.25,24860.75,912.0
2026-03-12T11:55:00Z,24861.25,24867.0,24859.75,24865.5,794.0
2026-03-12T11:56:00Z,24865.75,24867.75,24857.5,24859.25,750.0
2026-03-12T11:57:00Z,24858.75,24862.5,24852.5,24854.25,834.0
2026-03-12T11:58:00Z,24854.0,24858.0,24853.5,24856.25,613.0
2026-03-12T11:59:00Z,24855.5,24862.25,24855.5,24858.25,564.0
2026-03-12T12:00:00Z,24858.25,24862.75,24853.5,24854.75,1035.0
2026-03-12T12:01:00Z,24854.25,24857.0,24838.5,24840.75,1679.0
2026-03-12T12:02:00Z,24840.25,24845.25,24838.0,24839.75,834.0
2026-03-12T12:03:00Z,24839.75,24844.75,24836.0,24841.25,882.0
2026-03-12T12:04:00Z,24840.75,24841.75,24832.25,24837.0,891.0
2026-03-12T12:05:00Z,24836.5,24840.75,24825.25,24826.5,1036.0
2026-03-12T12:06:00Z,24826.75,24827.0,24811.25,24812.75,2008.0
2026-03-12T12:07:00Z,24812.25,24820.0,24810.0,24813.0,1259.0
2026-03-12T12:08:00Z,24812.5,24826.25,24812.25,24822.0,1503.0
2026-03-12T12:09:00Z,24822.5,24831.0,24815.25,24822.0,1201.0
2026-03-12T12:10:00Z,24822.0,24824.75,24816.5,24822.25,1173.0
2026-03-12T12:11:00Z,24820.25,24830.75,24819.75,24820.75,1170.0
2026-03-12T12:12:00Z,24821.25,24836.5,24820.0,24830.5,1194.0
2026-03-12T12:13:00Z,24830.25,24844.0,24830.0,24833.0,1379.0
2026-03-12T12:14:00Z,24833.0,24838.25,24831.25,24833.5,674.0
2026-03-12T12:15:00Z,24834.0,24842.0,24833.75,24842.0,733.0
2026-03-12T12:16:00Z,24842.5,24843.75,24829.75,24832.0,995.0
2026-03-12T12:17:00Z,24832.0,24835.0,24823.0,24831.0,1206.0
2026-03-12T12:18:00Z,24831.25,24838.0,24830.0,24834.75,678.0
2026-03-12T12:19:00Z,24834.5,24835.5,24830.0,24830.5,531.0
2026-03-12T12:20:00Z,24830.75,24834.0,24826.0,24826.75,580.0
2026-03-12T12:21:00Z,24826.75,24827.0,24818.0,24820.25,1099.0
2026-03-12T12:22:00Z,24820.75,24828.5,24818.0,24822.75,675.0
2026-03-12T12:23:00Z,24822.5,24829.5,24821.25,24826.0,800.0
2026-03-12T12:24:00Z,24826.5,24837.75,24825.75,24830.0,1143.0
2026-03-12T12:25:00Z,24829.5,24836.75,24825.25,24835.75,803.0
2026-03-12T12:26:00Z,24836.0,24837.75,24830.75,24835.0,782.0
2026-03-12T12:27:00Z,24833.75,24838.0,24830.25,24837.0,339.0
2026-03-12T12:28:00Z,24837.0,24844.0,24836.25,24842.25,558.0
2026-03-12T12:29:00Z,24842.0,24842.75,24836.25,24841.75,391.0
2026-03-12T12:30:00Z,24841.5,24844.0,24814.75,24816.75,1696.0
2026-03-12T12:31:00Z,24817.25,24827.0,24805.5,24827.0,2199.0
2026-03-12T12:32:00Z,24826.0,24830.25,24818.25,24824.0,1301.0
2026-03-12T12:33:00Z,24824.75,24829.0,24816.5,24822.25,860.0
2026-03-12T12:34:00Z,24821.75,24824.0,24815.0,24817.5,718.0
2026-03-12T12:35:00Z,24817.0,24823.5,24814.25,24816.5,781.0
2026-03-12T12:36:00Z,24816.25,24817.25,24808.0,24811.5,1545.0
2026-03-12T12:37:00Z,24810.0,24815.5,24806.0,24809.25,997.0
2026-03-12T12:38:00Z,24809.0,24815.0,24808.5,24812.25,564.0
2026-03-12T12:39:00Z,24813.0,24817.5,24801.25,24802.5,1490.0
2026-03-12T12:40:00Z,24802.75,24810.25,24801.0,24805.5,1098.0
2026-03-12T12:41:00Z,24805.5,24813.5,24804.25,24812.0,775.0
2026-03-12T12:42:00Z,24811.5,24819.25,24809.5,24812.5,960.0
2026-03-12T12:43:00Z,24811.75,24813.5,24806.25,24813.0,765.0
2026-03-12T12:44:00Z,24813.5,24827.5,24813.0,24822.0,1758.0
2026-03-12T12:45:00Z,24821.75,24823.5,24809.5,24820.75,1338.0
2026-03-12T12:46:00Z,24820.25,24820.75,24813.75,24818.5,579.0
2026-03-12T12:47:00Z,24819.25,24823.0,24811.0,24821.0,835.0
2026-03-12T12:48:00Z,24821.0,24831.0,24820.25,24827.25,1455.0
2026-03-12T12:49:00Z,24827.5,24829.25,24818.25,24824.0,1007.0
2026-03-12T12:50:00Z,24823.25,24826.75,24820.0,24825.0,734.0
2026-03-12T12:51:00Z,24824.75,24824.75,24810.75,24810.75,838.0
2026-03-12T12:52:00Z,24811.75,24812.75,24802.25,24803.0,1628.0
2026-03-12T12:53:00Z,24803.5,24809.75,24801.75,24805.0,907.0
2026-03-12T12:54:00Z,24805.25,24814.25,24805.0,24811.0,667.0
2026-03-12T12:55:00Z,24811.5,24827.0,24810.75,24825.75,1282.0
2026-03-12T12:56:00Z,24826.0,24826.25,24817.75,24826.0,849.0
2026-03-12T12:57:00Z,24824.75,24829.5,24823.25,24826.75,721.0
2026-03-12T12:58:00Z,24826.0,24828.5,24822.25,24826.0,639.0
2026-03-12T12:59:00Z,24826.5,24834.75,24824.75,24834.25,1062.0
2026-03-12T13:00:00Z,24833.25,24837.25,24824.0,24827.25,1790.0
2026-03-12T13:01:00Z,24826.75,24834.0,24823.25,24828.5,952.0
2026-03-12T13:02:00Z,24828.75,24836.25,24828.25,24835.75,759.0
2026-03-12T13:03:00Z,24835.25,24848.5,24834.25,24846.75,2142.0
2026-03-12T13:04:00Z,24847.0,24852.75,24839.0,24842.5,1612.0
2026-03-12T13:05:00Z,24842.0,24845.25,24833.75,24838.0,1359.0
2026-03-12T13:06:00Z,24838.25,24844.0,24836.75,24842.0,714.0
2026-03-12T13:07:00Z,24842.25,24842.25,24836.75,24838.25,494.0
2026-03-12T13:08:00Z,24838.5,24843.5,24836.0,24841.75,652.0
2026-03-12T13:09:00Z,24841.0,24843.25,24835.5,24838.75,530.0
2026-03-12T13:10:00Z,24838.5,24847.0,24836.75,24843.75,744.0
2026-03-12T13:11:00Z,24843.75,24847.25,24835.0,24837.25,1052.0
2026-03-12T13:12:00Z,24837.5,24841.5,24833.5,24835.75,670.0
2026-03-12T13:13:00Z,24835.25,24835.75,24818.0,24818.5,1837.0
2026-03-12T13:14:00Z,24818.25,24818.5,24800.0,24803.5,3010.0
2026-03-12T13:15:00Z,24802.75,24806.25,24775.0,24778.0,4462.0
2026-03-12T13:16:00Z,24777.75,24788.0,24776.75,24778.75,3711.0
2026-03-12T13:17:00Z,24777.5,24793.5,24777.5,24784.25,2370.0
2026-03-12T13:18:00Z,24785.0,24795.0,24776.0,24785.75,2399.0
2026-03-12T13:19:00Z,24785.75,24813.25,24781.25,24786.0,5060.0
2026-03-12T13:20:00Z,24786.25,24794.5,24767.5,24770.25,3973.0
2026-03-12T13:21:00Z,24769.5,24773.0,24759.0,24763.5,3478.0
2026-03-12T13:22:00Z,24763.0,24778.5,24753.0,24753.0,3023.0
2026-03-12T13:23:00Z,24753.75,24784.75,24750.5,24774.75,3548.0
2026-03-12T13:24:00Z,24774.5,24789.75,24773.75,24789.25,2077.0
2026-03-12T13:25:00Z,24788.5,24799.25,24786.25,24793.75,2505.0
2026-03-12T13:26:00Z,24794.5,24799.0,24790.75,24795.5,1302.0
2026-03-12T13:27:00Z,24795.5,24796.0,24782.5,24789.75,1861.0
2026-03-12T13:28:00Z,24789.5,24790.5,24773.0,24776.25,2428.0
2026-03-12T13:29:00Z,24776.5,24782.75,24772.75,24775.5,2427.0
2026-03-12T13:30:00Z,24775.75,24813.0,24766.0,24780.75,11167.0
2026-03-12T13:31:00Z,24781.25,24791.5,24742.0,24746.25,10249.0
2026-03-12T13:32:00Z,24746.25,24783.5,24742.25,24772.5,8703.0
2026-03-12T13:33:00Z,24773.0,24797.0,24763.75,24794.25,9645.0
2026-03-12T13:34:00Z,24794.0,24830.25,24793.0,24814.25,10739.0
2026-03-12T13:35:00Z,24814.0,24823.0,24801.25,24814.75,6736.0
2026-03-12T13:36:00Z,24815.75,24823.0,24796.75,24801.25,6358.0
2026-03-12T13:37:00Z,24801.5,24825.0,24797.75,24806.5,6168.0
2026-03-12T13:38:00Z,24806.25,24834.75,24803.25,24813.75,7143.0
2026-03-12T13:39:00Z,24813.5,24831.5,24806.5,24817.0,5289.0
2026-03-12T13:40:00Z,24816.25,24828.25,24785.0,24815.5,9168.0
2026-03-12T13:41:00Z,24816.25,24816.25,24789.25,24790.75,6166.0
2026-03-12T13:42:00Z,24790.75,24793.5,24774.25,24774.75,7069.0
2026-03-12T13:43:00Z,24775.25,24784.25,24766.0,24769.25,6155.0
2026-03-12T13:44:00Z,24769.75,24775.75,24761.0,24765.25,5065.0
2026-03-12T13:45:00Z,24765.0,24765.0,24726.25,24730.0,11486.0
2026-03-12T13:46:00Z,24729.25,24729.75,24706.0,24707.75,9478.0
2026-03-12T13:47:00Z,24707.75,24708.5,24676.5,24699.75,13623.0
2026-03-12T13:48:00Z,24700.25,24720.0,24691.5,24714.75,8723.0
2026-03-12T13:49:00Z,24714.25,24738.0,24713.0,24736.5,7879.0
2026-03-12T13:50:00Z,24736.25,24767.0,24734.5,24742.75,11221.0
2026-03-12T13:51:00Z,24743.0,24758.5,24727.25,24727.75,6879.0
2026-03-12T13:52:00Z,24728.0,24729.25,24693.25,24695.5,10024.0
2026-03-12T13:53:00Z,24695.0,24697.0,24668.5,24672.75,7708.0
2026-03-12T13:54:00Z,24672.5,24680.5,24664.25,24669.25,6889.0
2026-03-12T13:55:00Z,24669.0,24678.75,24644.5,24649.25,8843.0
2026-03-12T13:56:00Z,24649.25,24656.75,24630.5,24650.25,9208.0
2026-03-12T13:57:00Z,24649.75,24663.5,24648.5,24657.25,5330.0
2026-03-12T13:58:00Z,24656.5,24658.5,24645.25,24646.0,3988.0
2026-03-12T13:59:00Z,24646.0,24661.75,24642.0,24657.5,6450.0
2026-03-12T14:00:00Z,24658.75,24703.75,24652.0,24699.0,15249.0
2026-03-12T14:01:00Z,24699.25,24721.75,24697.25,24717.75,8182.0
2026-03-12T14:02:00Z,24717.75,24727.25,24713.5,24725.25,5073.0
2026-03-12T14:03:00Z,24725.5,24737.0,24719.75,24737.0,5954.0
2026-03-12T14:04:00Z,24737.25,24746.5,24715.75,24719.25,8119.0
2026-03-12T14:05:00Z,24719.5,24723.25,24704.75,24713.75,6438.0
2026-03-12T14:06:00Z,24713.25,24727.5,24702.25,24709.75,5417.0
2026-03-12T14:07:00Z,24710.0,24730.0,24694.25,24721.25,6982.0
2026-03-12T14:08:00Z,24721.0,24726.75,24705.75,24714.25,4516.0
2026-03-12T14:09:00Z,24713.75,24716.75,24698.75,24704.75,4135.0
2026-03-12T14:10:00Z,24706.25,24716.5,24696.0,24702.25,4942.0
2026-03-12T14:11:00Z,24701.75,24727.75,24699.5,24723.25,4517.0
2026-03-12T14:12:00Z,24723.0,24742.75,24718.0,24739.0,5797.0
2026-03-12T14:13:00Z,24739.0,24745.25,24715.75,24717.25,5666.0
2026-03-12T14:14:00Z,24717.25,24741.75,24716.5,24737.0,3706.0
2026-03-12T14:15:00Z,24737.25,24750.0,24726.5,24734.75,5767.0
2026-03-12T14:16:00Z,24735.5,24738.25,24708.0,24713.25,6093.0
2026-03-12T14:17:00Z,24713.0,24720.5,24702.75,24707.0,4851.0
2026-03-12T14:18:00Z,24706.5,24709.75,24683.0,24683.75,7444.0
2026-03-12T14:19:00Z,24684.0,24687.25,24678.0,24680.25,4830.0
2026-03-12T14:20:00Z,24680.0,24683.25,24671.0,24672.5,5288.0
2026-03-12T14:21:00Z,24672.75,24675.25,24658.0,24660.0,6761.0
2026-03-12T14:22:00Z,24660.75,24685.5,24660.25,24672.75,5937.0
2026-03-12T14:23:00Z,24673.75,24679.75,24662.25,24665.0,3708.0
2026-03-12T14:24:00Z,24664.75,24677.0,24661.25,24673.5,4069.0
2026-03-12T14:25:00Z,24673.25,24703.25,24672.75,24681.5,7525.0
2026-03-12T14:26:00Z,24681.0,24683.75,24669.25,24670.5,3952.0
2026-03-12T14:27:00Z,24671.0,24676.5,24655.5,24655.5,5227.0
2026-03-12T14:28:00Z,24656.25,24659.0,24644.75,24645.0,6231.0
2026-03-12T14:29:00Z,24645.75,24655.5,24616.75,24617.25,10776.0
2026-03-12T14:30:00Z,24617.5,24626.5,24613.0,24620.75,7999.0
2026-03-12T14:31:00Z,24620.25,24628.0,24613.5,24615.5,4330.0
2026-03-12T14:32:00Z,24616.0,24618.0,24603.5,24611.0,7240.0
2026-03-12T14:33:00Z,24611.25,24611.5,24593.75,24595.75,6597.0
2026-03-12T14:34:00Z,24596.0,24607.0,24590.75,24605.5,5425.0
2026-03-12T14:35:00Z,24605.25,24625.75,24603.25,24624.5,7420.0
2026-03-12T14:36:00Z,24625.0,24633.0,24608.75,24610.5,6884.0
2026-03-12T14:37:00Z,24611.25,24618.0,24583.75,24589.75,6856.0
2026-03-12T14:38:00Z,24590.0,24607.5,24572.5,24605.25,9442.0
2026-03-12T14:39:00Z,24605.0,24617.25,24604.0,24606.25,4470.0
2026-03-12T14:40:00Z,24605.5,24624.75,24600.75,24604.75,5413.0
2026-03-12T14:41:00Z,24604.75,24620.0,24595.0,24596.25,4129.0
2026-03-12T14:42:00Z,24596.0,24603.5,24586.0,24593.0,4444.0
2026-03-12T14:43:00Z,24593.5,24625.75,24593.25,24622.0,4820.0
2026-03-12T14:44:00Z,24622.0,24649.5,24619.25,24645.0,7925.0
2026-03-12T14:45:00Z,24645.0,24646.25,24634.75,24637.25,4224.0
2026-03-12T14:46:00Z,24637.75,24725.75,24633.25,24703.75,20276.0
2026-03-12T14:47:00Z,24703.25,24708.0,24658.0,24658.5,9095.0
2026-03-12T14:48:00Z,24658.5,24662.0,24641.0,24641.5,6354.0
2026-03-12T14:49:00Z,24640.75,24642.0,24603.5,24615.0,7879.0
2026-03-12T14:50:00Z,24614.5,24627.5,24600.5,24601.75,6996.0
2026-03-12T14:51:00Z,24601.5,24621.25,24601.5,24612.75,4025.0
2026-03-12T14:52:00Z,24614.25,24631.25,24612.5,24618.75,4615.0
2026-03-12T14:53:00Z,24619.75,24628.75,24607.75,24627.5,3669.0
2026-03-12T14:54:00Z,24627.5,24634.75,24609.0,24627.25,4378.0
2026-03-12T14:55:00Z,24627.25,24646.0,24624.25,24632.75,5788.0
2026-03-12T14:56:00Z,24632.25,24642.5,24630.5,24636.75,2946.0
2026-03-12T14:57:00Z,24638.5,24640.0,24622.0,24627.0,3315.0
2026-03-12T14:58:00Z,24627.25,24629.75,24612.0,24613.5,3493.0
2026-03-12T14:59:00Z,24613.5,24625.25,24611.5,24619.75,3581.0
2026-03-12T15:00:00Z,24620.25,24633.75,24604.0,24607.0,6135.0
2026-03-12T15:01:00Z,24607.5,24627.0,24598.5,24601.0,4499.0
2026-03-12T15:02:00Z,24601.75,24610.5,24585.0,24593.25,4911.0
2026-03-12T15:03:00Z,24593.25,24609.0,24580.0,24607.75,5255.0
2026-03-12T15:04:00Z,24607.5,24618.5,24597.75,24608.25,4598.0
2026-03-12T15:05:00Z,24607.5,24613.0,24600.5,24607.25,3178.0
2026-03-12T15:06:00Z,24608.0,24617.5,24600.5,24604.75,2813.0
2026-03-12T15:07:00Z,24604.75,24609.5,24595.5,24605.75,2295.0
2026-03-12T15:08:00Z,24606.25,24613.0,24601.0,24609.75,2046.0
2026-03-12T15:09:00Z,24610.75,24611.75,24597.5,24601.75,2103.0
2026-03-12T15:10:00Z,24601.0,24602.25,24586.5,24589.75,3377.0
2026-03-12T15:11:00Z,24589.25,24597.0,24584.5,24586.5,3308.0
2026-03-12T15:12:00Z,24587.0,24594.25,24566.75,24579.25,4696.0
2026-03-12T15:13:00Z,24579.25,24580.25,24561.0,24568.75,5249.0
2026-03-12T15:14:00Z,24568.5,24595.5,24567.5,24590.5,5506.0
2026-03-12T15:15:00Z,24590.0,24600.0,24581.0,24584.5,4099.0
2026-03-12T15:16:00Z,24584.75,24591.25,24577.5,24577.75,2722.0
2026-03-12T15:17:00Z,24578.5,24596.25,24573.75,24594.75,3142.0
2026-03-12T15:18:00Z,24594.75,24599.25,24575.25,24591.5,3279.0
2026-03-12T15:19:00Z,24592.5,24595.75,24582.75,24583.25,2007.0
2026-03-12T15:20:00Z,24583.5,24596.0,24583.25,24586.75,2323.0
2026-03-12T15:21:00Z,24586.5,24586.5,24574.0,24578.5,2754.0
2026-03-12T15:22:00Z,24578.75,24581.25,24568.75,24577.5,2721.0
2026-03-12T15:23:00Z,24577.75,24602.25,24577.5,24585.5,5400.0
2026-03-12T15:24:00Z,24585.25,24605.0,24585.0,24600.0,3301.0
2026-03-12T15:25:00Z,24599.75,24609.0,24597.25,24607.5,3256.0
2026-03-12T15:26:00Z,24607.25,24627.5,24605.0,24625.0,4970.0
2026-03-12T15:27:00Z,24624.75,24638.5,24618.5,24636.75,4253.0
2026-03-12T15:28:00Z,24637.0,24640.0,24629.25,24636.5,3330.0
2026-03-12T15:29:00Z,24637.0,24637.5,24615.0,24619.5,4345.0
2026-03-12T15:30:00Z,24619.5,24626.75,24604.0,24621.25,5043.0
2026-03-12T15:31:00Z,24622.0,24636.25,24620.0,24628.5,3536.0
2026-03-12T15:32:00Z,24628.75,24630.0,24618.75,24621.25,2221.0
2026-03-12T15:33:00Z,24620.75,24621.25,24602.25,24613.0,4021.0
2026-03-12T15:34:00Z,24612.5,24616.0,24600.0,24609.0,2797.0
2026-03-12T15:35:00Z,24608.75,24619.25,24604.5,24605.25,2716.0
2026-03-12T15:36:00Z,24605.5,24607.0,24582.0,24589.0,4601.0
2026-03-12T15:37:00Z,24588.5,24615.25,24578.75,24609.5,7099.0
2026-03-12T15:38:00Z,24609.25,24620.0,24596.25,24613.25,3738.0
2026-03-12T15:39:00Z,24612.75,24698.75,24612.75,24693.5,15665.0
2026-03-12T15:40:00Z,24693.75,24698.0,24646.25,24657.25,10835.0
2026-03-12T15:41:00Z,24657.0,24684.75,24645.0,24680.5,6720.0
2026-03-12T15:42:00Z,24680.0,24696.0,24666.5,24684.5,7277.0
2026-03-12T15:43:00Z,24684.5,24710.75,24684.0,24688.0,8508.0
2026-03-12T15:44:00Z,24688.0,24706.25,24679.25,24688.25,4835.0
2026-03-12T15:45:00Z,24688.75,24697.0,24671.0,24688.5,4890.0
2026-03-12T15:46:00Z,24688.5,24694.25,24647.75,24651.0,4961.0
2026-03-12T15:47:00Z,24651.5,24651.75,24623.5,24632.0,5766.0
2026-03-12T15:48:00Z,24630.75,24676.25,24629.75,24670.5,6061.0
2026-03-12T15:49:00Z,24671.25,24676.5,24648.5,24657.0,3808.0
2026-03-12T15:50:00Z,24657.0,24666.25,24651.75,24662.0,2811.0
2026-03-12T15:51:00Z,24661.5,24668.75,24637.75,24646.0,4019.0
2026-03-12T15:52:00Z,24646.5,24669.5,24645.75,24664.0,3510.0
2026-03-12T15:53:00Z,24665.25,24679.75,24658.0,24668.5,3156.0
2026-03-12T15:54:00Z,24668.75,24682.25,24658.0,24676.25,3049.0
2026-03-12T15:55:00Z,24675.5,24677.0,24650.0,24657.75,2918.0
2026-03-12T15:56:00Z,24657.75,24672.75,24654.0,24668.25,2483.0
2026-03-12T15:57:00Z,24669.0,24673.0,24651.75,24655.25,2477.0
2026-03-12T15:58:00Z,24655.0,24656.25,24642.25,24650.5,3696.0
2026-03-12T15:59:00Z,24650.25,24672.25,24650.25,24665.25,2619.0
2026-03-12T16:00:00Z,24666.0,24675.0,24657.0,24658.75,3167.0
2026-03-12T16:01:00Z,24659.0,24683.5,24650.0,24669.75,4006.0
2026-03-12T16:02:00Z,24670.5,24680.5,24653.0,24669.0,3261.0
2026-03-12T16:03:00Z,24669.25,24690.25,24668.75,24686.75,3216.0
2026-03-12T16:04:00Z,24686.25,24693.25,24682.25,24691.25,2510.0
2026-03-12T16:05:00Z,24691.25,24706.75,24688.75,24697.5,4432.0
2026-03-12T16:06:00Z,24697.5,24699.0,24674.5,24680.25,4214.0
2026-03-12T16:07:00Z,24680.25,24681.0,24648.5,24651.25,3978.0
2026-03-12T16:08:00Z,24652.25,24653.0,24606.5,24609.0,8271.0
2026-03-12T16:09:00Z,24608.0,24612.5,24587.75,24597.0,6627.0
2026-03-12T16:10:00Z,24597.75,24627.75,24593.75,24624.25,6425.0
2026-03-12T16:11:00Z,24624.5,24629.75,24608.0,24611.0,2578.0
2026-03-12T16:12:00Z,24611.5,24615.75,24603.5,24608.75,2651.0
2026-03-12T16:13:00Z,24608.75,24636.25,24607.75,24632.0,4371.0
2026-03-12T16:14:00Z,24631.75,24656.25,24628.0,24655.0,4334.0
2026-03-12T16:15:00Z,24655.25,24683.5,24651.0,24682.0,5403.0
2026-03-12T16:16:00Z,24682.0,24693.25,24675.75,24690.0,4203.0
2026-03-12T16:17:00Z,24689.5,24698.5,24670.75,24675.5,4294.0
2026-03-12T16:18:00Z,24676.0,24682.25,24662.75,24676.75,3344.0
2026-03-12T16:19:00Z,24676.5,24680.0,24667.25,24674.5,2401.0
2026-03-12T16:20:00Z,24675.0,24697.5,24673.25,24696.75,3684.0
2026-03-12T16:21:00Z,24696.75,24723.75,24695.75,24720.5,7128.0
2026-03-12T16:22:00Z,24720.5,24735.25,24717.0,24722.5,5161.0
2026-03-12T16:23:00Z,24723.0,24724.5,24704.25,24711.5,4623.0
2026-03-12T16:24:00Z,24711.0,24714.25,24680.0,24681.75,5591.0
2026-03-12T16:25:00Z,24682.25,24685.75,24664.5,24671.5,5176.0
2026-03-12T16:26:00Z,24671.25,24673.5,24638.75,24644.75,5246.0
2026-03-12T16:27:00Z,24644.75,24652.25,24633.0,24634.25,4273.0
2026-03-12T16:28:00Z,24635.0,24646.5,24634.0,24634.75,3355.0
2026-03-12T16:29:00Z,24634.0,24644.75,24632.25,24640.75,3119.0
2026-03-12T16:30:00Z,24639.75,24647.75,24630.5,24641.0,3404.0
2026-03-12T16:31:00Z,24640.5,24645.75,24631.5,24642.25,2584.0
2026-03-12T16:32:00Z,24641.75,24662.25,24630.75,24660.75,3847.0
2026-03-12T16:33:00Z,24660.75,24680.0,24657.5,24678.0,4708.0
2026-03-12T16:34:00Z,24677.5,24692.5,24672.25,24674.25,4359.0
2026-03-12T16:35:00Z,24673.75,24681.75,24667.0,24674.75,2681.0
2026-03-12T16:36:00Z,24674.0,24687.0,24669.5,24672.0,3072.0
2026-03-12T16:37:00Z,24672.25,24689.25,24667.5,24688.5,2640.0
2026-03-12T16:38:00Z,24688.25,24713.5,24682.75,24704.25,6504.0
2026-03-12T16:39:00Z,24703.25,24715.75,24698.5,24707.0,6266.0
2026-03-12T16:40:00Z,24707.25,24709.75,24693.5,24703.75,3533.0
2026-03-12T16:41:00Z,24703.5,24708.0,24686.5,24702.75,3895.0
2026-03-12T16:42:00Z,24702.25,24709.25,24698.25,24705.25,2741.0
2026-03-12T16:43:00Z,24705.0,24709.25,24689.5,24690.0,2517.0
2026-03-12T16:44:00Z,24690.0,24700.0,24677.5,24689.0,4237.0
2026-03-12T16:45:00Z,24689.0,24696.0,24669.5,24673.25,3521.0
2026-03-12T16:46:00Z,24672.75,24672.75,24625.25,24627.0,5890.0
2026-03-12T16:47:00Z,24626.25,24643.25,24624.0,24636.75,3945.0
2026-03-12T16:48:00Z,24636.0,24647.0,24631.5,24641.25,3001.0
2026-03-12T16:49:00Z,24640.75,24668.5,24640.25,24661.25,4315.0
2026-03-12T16:50:00Z,24661.0,24677.5,24658.5,24677.25,3364.0
2026-03-12T16:51:00Z,24676.5,24679.75,24646.75,24656.25,3368.0
2026-03-12T16:52:00Z,24656.75,24658.75,24647.0,24651.0,2304.0
2026-03-12T16:53:00Z,24650.75,24654.5,24630.5,24630.75,3209.0
2026-03-12T16:54:00Z,24630.5,24646.25,24628.25,24643.25,2751.0
2026-03-12T16:55:00Z,24643.5,24663.0,24642.25,24648.75,3297.0
2026-03-12T16:56:00Z,24648.25,24652.25,24637.5,24647.25,2389.0
2026-03-12T16:57:00Z,24647.75,24661.0,24641.75,24657.5,2287.0
2026-03-12T16:58:00Z,24658.0,24662.25,24650.5,24656.0,1857.0
2026-03-12T16:59:00Z,24655.75,24669.0,24652.25,24661.75,1624.0
2026-03-12T17:00:00Z,24661.5,24674.0,24656.25,24662.0,2603.0
2026-03-12T17:01:00Z,24661.75,24674.5,24661.5,24665.0,1751.0
2026-03-12T17:02:00Z,24665.0,24671.0,24656.75,24661.5,1969.0
2026-03-12T17:03:00Z,24661.5,24673.5,24658.75,24672.25,2024.0
2026-03-12T17:04:00Z,24672.0,24699.75,24672.0,24695.75,4106.0
2026-03-12T17:05:00Z,24695.25,24714.25,24691.0,24712.5,3456.0
2026-03-12T17:06:00Z,24712.0,24724.0,24695.5,24723.5,4061.0
2026-03-12T17:07:00Z,24723.25,24723.75,24709.75,24713.75,2850.0
2026-03-12T17:08:00Z,24713.0,24716.0,24686.25,24688.0,3661.0
2026-03-12T17:09:00Z,24687.75,24692.75,24665.0,24672.0,3926.0
2026-03-12T17:10:00Z,24672.0,24696.25,24669.25,24691.0,3238.0
2026-03-12T17:11:00Z,24691.0,24693.25,24683.5,24684.5,1953.0
2026-03-12T17:12:00Z,24684.25,24686.75,24674.0,24685.0,2152.0
2026-03-12T17:13:00Z,24685.0,24693.75,24680.25,24681.5,1837.0
2026-03-12T17:14:00Z,24681.5,24682.0,24659.0,24660.75,3283.0
2026-03-12T17:15:00Z,24660.75,24671.75,24654.75,24662.0,2610.0
2026-03-12T17:16:00Z,24662.5,24664.0,24648.5,24655.25,2480.0
2026-03-12T17:17:00Z,24655.0,24660.75,24648.5,24659.25,2130.0
2026-03-12T17:18:00Z,24660.25,24662.25,24648.0,24649.5,2037.0
2026-03-12T17:19:00Z,24649.25,24653.0,24635.0,24637.5,2847.0
2026-03-12T17:20:00Z,24637.25,24644.25,24630.75,24639.5,2497.0
2026-03-12T17:21:00Z,24639.75,24652.75,24639.0,24648.0,2562.0
2026-03-12T17:22:00Z,24647.5,24682.5,24646.75,24681.0,4209.0
2026-03-12T17:23:00Z,24681.0,24688.25,24663.0,24677.5,3164.0
2026-03-12T17:24:00Z,24677.25,24683.25,24665.25,24675.75,2021.0
2026-03-12T17:25:00Z,24676.0,24684.75,24665.5,24678.25,2269.0
2026-03-12T17:26:00Z,24678.25,24682.0,24665.0,24674.25,1582.0
2026-03-12T17:27:00Z,24673.5,24684.75,24666.5,24666.75,2066.0
2026-03-12T17:28:00Z,24666.75,24668.0,24648.25,24648.5,3007.0
2026-03-12T17:29:00Z,24648.75,24653.25,24642.5,24651.0,1888.0
2026-03-12T17:30:00Z,24651.5,24667.75,24649.0,24666.25,2362.0
2026-03-12T17:31:00Z,24665.75,24677.0,24659.25,24660.5,2015.0
2026-03-12T17:32:00Z,24660.0,24672.0,24652.25,24668.5,1859.0
2026-03-12T17:33:00Z,24667.75,24672.5,24654.0,24655.5,1765.0
2026-03-12T17:34:00Z,24654.75,24664.75,24652.0,24663.75,1378.0
2026-03-12T17:35:00Z,24663.5,24685.5,24662.25,24682.25,2493.0
2026-03-12T17:36:00Z,24682.5,24690.75,24672.5,24686.5,2481.0
2026-03-12T17:37:00Z,24686.5,24688.5,24680.0,24686.25,1344.0
2026-03-12T17:38:00Z,24686.0,24686.5,24671.0,24675.75,1528.0
2026-03-12T17:39:00Z,24675.5,24682.0,24668.25,24681.5,1388.0
2026-03-12T17:40:00Z,24682.0,24693.0,24677.5,24687.0,2204.0
2026-03-12T17:41:00Z,24687.5,24687.75,24657.25,24658.25,2729.0
2026-03-12T17:42:00Z,24658.5,24661.75,24649.5,24652.25,2683.0
2026-03-12T17:43:00Z,24652.5,24654.25,24646.5,24650.0,1675.0
2026-03-12T17:44:00Z,24649.75,24654.25,24642.75,24646.25,1780.0
2026-03-12T17:45:00Z,24646.75,24646.75,24624.0,24624.25,3177.0
2026-03-12T17:46:00Z,24624.75,24638.75,24618.0,24631.0,4017.0
2026-03-12T17:47:00Z,24630.5,24651.0,24628.75,24647.0,3184.0
2026-03-12T17:48:00Z,24646.25,24656.5,24632.75,24633.25,2535.0
2026-03-12T17:49:00Z,24633.75,24636.0,24625.0,24628.25,2057.0
2026-03-12T17:50:00Z,24628.0,24649.5,24624.0,24647.75,2196.0
2026-03-12T17:51:00Z,24648.75,24652.0,24638.75,24648.25,1659.0
2026-03-12T17:52:00Z,24648.0,24651.0,24631.5,24640.5,1420.0
2026-03-12T17:53:00Z,24640.0,24641.0,24626.5,24628.5,1404.0
2026-03-12T17:54:00Z,24628.25,24632.5,24622.5,24622.75,1434.0
2026-03-12T17:55:00Z,24622.75,24624.0,24585.25,24598.75,6554.0
2026-03-12T17:56:00Z,24598.25,24604.75,24595.75,24596.75,2427.0
2026-03-12T17:57:00Z,24596.25,24611.5,24596.25,24610.0,2402.0
2026-03-12T17:58:00Z,24609.5,24623.0,24608.75,24622.0,2668.0
2026-03-12T17:59:00Z,24622.5,24628.0,24619.25,24624.25,2252.0
2026-03-12T18:00:00Z,24625.5,24643.75,24624.75,24643.0,3553.0
2026-03-12T18:01:00Z,24643.5,24644.25,24634.75,24639.5,1991.0
2026-03-12T18:02:00Z,24640.0,24663.0,24640.0,24646.0,3949.0
2026-03-12T18:03:00Z,24646.0,24653.75,24636.0,24652.0,2382.0
2026-03-12T18:04:00Z,24652.25,24656.0,24640.25,24640.5,1871.0
2026-03-12T18:05:00Z,24640.75,24646.0,24634.75,24635.5,2061.0
2026-03-12T18:06:00Z,24635.5,24637.0,24626.0,24633.5,1951.0
2026-03-12T18:07:00Z,24633.75,24658.0,24631.75,24656.75,2433.0
2026-03-12T18:08:00Z,24655.5,24671.5,24655.5,24660.0,3134.0
2026-03-12T18:09:00Z,24660.75,24660.75,24648.0,24653.0,1869.0
2026-03-12T18:10:00Z,24653.5,24656.0,24648.75,24655.25,1129.0
2026-03-12T18:11:00Z,24655.0,24661.5,24647.5,24657.25,2037.0
2026-03-12T18:12:00Z,24657.25,24658.0,24643.0,24649.0,1797.0
2026-03-12T18:13:00Z,24649.25,24658.0,24640.5,24652.75,1924.0
2026-03-12T18:14:00Z,24653.0,24657.5,24647.25,24657.5,1338.0
2026-03-12T18:15:00Z,24657.25,24667.5,24657.0,24664.75,1966.0
2026-03-12T18:16:00Z,24664.25,24670.75,24659.0,24663.5,2030.0
2026-03-12T18:17:00Z,24663.75,24664.25,24651.5,24658.0,1653.0
2026-03-12T18:18:00Z,24657.75,24658.25,24643.0,24645.75,1962.0
2026-03-12T18:19:00Z,24645.25,24645.25,24632.75,24637.25,2971.0
2026-03-12T18:20:00Z,24637.5,24637.75,24621.0,24621.5,2785.0
2026-03-12T18:21:00Z,24621.25,24624.25,24611.75,24614.0,2627.0
2026-03-12T18:22:00Z,24614.25,24634.0,24613.75,24621.0,2565.0
2026-03-12T18:23:00Z,24620.75,24634.5,24620.0,24632.0,1739.0
2026-03-12T18:24:00Z,24631.5,24640.5,24628.0,24630.75,1955.0
2026-03-12T18:25:00Z,24630.5,24637.5,24624.5,24631.5,1419.0
2026-03-12T18:26:00Z,24631.25,24635.25,24627.0,24632.0,1060.0
2026-03-12T18:27:00Z,24631.25,24638.25,24623.5,24625.0,1432.0
2026-03-12T18:28:00Z,24625.5,24630.75,24616.5,24621.0,1952.0
2026-03-12T18:29:00Z,24621.25,24640.0,24619.75,24637.25,2431.0
2026-03-12T18:30:00Z,24637.5,24640.0,24628.25,24637.5,1479.0
2026-03-12T18:31:00Z,24637.0,24642.0,24630.0,24636.5,1440.0
2026-03-12T18:32:00Z,24636.0,24646.0,24634.75,24644.0,1492.0
2026-03-12T18:33:00Z,24644.25,24646.5,24635.25,24635.25,946.0
2026-03-12T18:34:00Z,24635.25,24638.25,24615.75,24619.0,2634.0
2026-03-12T18:35:00Z,24619.25,24623.5,24609.75,24613.75,2268.0
2026-03-12T18:36:00Z,24614.0,24614.75,24602.75,24604.25,2088.0
2026-03-12T18:37:00Z,24604.25,24618.25,24602.25,24615.25,2032.0
2026-03-12T18:38:00Z,24615.25,24623.0,24612.75,24620.0,1654.0
2026-03-12T18:39:00Z,24620.75,24630.5,24616.75,24622.75,1910.0
2026-03-12T18:40:00Z,24622.75,24623.25,24610.0,24610.0,1562.0
2026-03-12T18:41:00Z,24610.25,24617.5,24607.75,24616.75,1274.0
2026-03-12T18:42:00Z,24617.0,24624.75,24615.5,24621.75,1518.0
2026-03-12T18:43:00Z,24622.0,24622.25,24610.75,24616.75,1209.0
2026-03-12T18:44:00Z,24616.75,24619.5,24607.75,24609.5,948.0
2026-03-12T18:45:00Z,24609.5,24614.5,24606.0,24608.5,1092.0
2026-03-12T18:46:00Z,24607.75,24617.25,24607.25,24609.0,1283.0
2026-03-12T18:47:00Z,24608.5,24609.75,24598.75,24605.25,1915.0
2026-03-12T18:48:00Z,24605.25,24608.25,24601.0,24601.0,1064.0
2026-03-12T18:49:00Z,24600.75,24602.25,24594.75,24599.0,1789.0
2026-03-12T18:50:00Z,24599.5,24618.25,24599.0,24616.5,2821.0
2026-03-12T18:51:00Z,24616.0,24630.25,24611.5,24618.5,3011.0
2026-03-12T18:52:00Z,24618.75,24621.0,24605.0,24605.25,1355.0
2026-03-12T18:53:00Z,24605.0,24616.0,24601.5,24614.75,1555.0
2026-03-12T18:54:00Z,24614.25,24617.25,24610.5,24615.5,976.0
2026-03-12T18:55:00Z,24615.5,24617.0,24609.25,24611.5,1067.0
2026-03-12T18:56:00Z,24611.0,24613.75,24596.75,24601.75,2283.0
2026-03-12T18:57:00Z,24601.75,24613.25,24601.0,24606.25,1821.0
2026-03-12T18:58:00Z,24606.25,24609.5,24597.25,24599.25,1576.0
2026-03-12T18:59:00Z,24598.75,24605.0,24595.5,24600.0,1435.0
2026-03-12T19:00:00Z,24599.75,24615.75,24591.25,24613.75,3711.0
2026-03-12T19:01:00Z,24614.25,24633.75,24595.5,24596.5,5487.0
2026-03-12T19:02:00Z,24596.75,24600.0,24583.5,24584.25,2969.0
2026-03-12T19:03:00Z,24584.0,24587.5,24580.0,24582.0,1993.0
2026-03-12T19:04:00Z,24582.5,24598.25,24581.75,24596.0,2064.0
2026-03-12T19:05:00Z,24595.75,24614.75,24591.0,24604.0,3436.0
2026-03-12T19:06:00Z,24603.0,24618.75,24601.75,24614.75,2554.0
2026-03-12T19:07:00Z,24615.5,24618.25,24591.0,24594.5,2142.0
2026-03-12T19:08:00Z,24594.75,24607.25,24592.0,24605.75,1573.0
2026-03-12T19:09:00Z,24605.75,24609.5,24597.5,24600.25,1789.0
2026-03-12T19:10:00Z,24599.75,24608.5,24598.75,24603.25,1367.0
2026-03-12T19:11:00Z,24603.25,24603.5,24576.25,24577.25,3026.0
2026-03-12T19:12:00Z,24577.0,24587.75,24569.5,24584.75,3646.0
2026-03-12T19:13:00Z,24584.5,24590.0,24581.25,24585.25,1385.0
2026-03-12T19:14:00Z,24585.5,24594.25,24581.25,24594.25,1381.0
2026-03-12T19:15:00Z,24593.5,24601.5,24589.75,24590.25,2344.0
2026-03-12T19:16:00Z,24590.0,24597.0,24587.25,24588.0,1333.0
2026-03-12T19:17:00Z,24588.0,24595.0,24583.75,24591.75,1275.0
2026-03-12T19:18:00Z,24591.25,24611.25,24589.5,24607.0,2498.0
2026-03-12T19:19:00Z,24607.25,24612.5,24600.75,24603.75,1589.0
2026-03-12T19:20:00Z,24603.75,24606.5,24597.0,24604.5,1431.0
2026-03-12T19:21:00Z,24604.25,24613.75,24596.0,24613.0,1869.0
2026-03-12T19:22:00Z,24613.25,24626.0,24612.0,24625.5,2275.0
2026-03-12T19:23:00Z,24625.5,24630.0,24615.0,24617.75,2131.0
2026-03-12T19:24:00Z,24617.5,24618.5,24605.25,24610.0,1875.0
2026-03-12T19:25:00Z,24610.0,24618.0,24603.75,24616.25,1894.0
2026-03-12T19:26:00Z,24616.5,24620.25,24610.0,24617.0,1630.0
2026-03-12T19:27:00Z,24617.0,24621.75,24610.0,24612.25,1130.0
2026-03-12T19:28:00Z,24612.25,24620.5,24607.5,24608.5,1276.0
2026-03-12T19:29:00Z,24609.0,24615.75,24602.25,24615.5,1501.0
2026-03-12T19:30:00Z,24615.5,24634.5,24613.75,24631.75,3316.0
2026-03-12T19:31:00Z,24631.75,24634.5,24622.75,24628.0,1520.0
2026-03-12T19:32:00Z,24628.25,24640.0,24623.25,24640.0,1665.0
2026-03-12T19:33:00Z,24640.0,24643.25,24631.25,24632.0,2108.0
2026-03-12T19:34:00Z,24632.5,24634.5,24623.5,24626.5,1526.0
2026-03-12T19:35:00Z,24626.0,24632.0,24606.75,24607.5,2579.0
2026-03-12T19:36:00Z,24607.25,24613.75,24602.25,24613.75,1964.0
2026-03-12T19:37:00Z,24613.75,24626.25,24611.75,24620.75,1986.0
2026-03-12T19:38:00Z,24620.25,24620.5,24612.5,24614.75,1271.0
2026-03-12T19:39:00Z,24614.5,24616.75,24607.75,24609.75,1110.0
2026-03-12T19:40:00Z,24610.0,24611.0,24580.25,24584.0,3838.0
2026-03-12T19:41:00Z,24583.75,24590.5,24581.0,24587.75,2299.0
2026-03-12T19:42:00Z,24588.0,24593.25,24572.75,24581.0,3206.0
2026-03-12T19:43:00Z,24580.5,24581.5,24576.0,24579.25,1259.0
2026-03-12T19:44:00Z,24579.0,24588.75,24578.75,24583.25,2185.0
2026-03-12T19:45:00Z,24583.5,24585.0,24572.25,24578.0,1995.0
2026-03-12T19:46:00Z,24578.0,24580.5,24557.75,24569.5,4249.0
2026-03-12T19:47:00Z,24569.25,24579.5,24565.75,24569.5,2459.0
2026-03-12T19:48:00Z,24569.25,24575.75,24564.25,24574.5,1950.0
2026-03-12T19:49:00Z,24574.5,24581.5,24567.75,24571.5,2279.0
2026-03-12T19:50:00Z,24572.0,24581.5,24553.25,24573.75,4453.0
2026-03-12T19:51:00Z,24573.25,24576.25,24567.0,24569.75,1493.0
2026-03-12T19:52:00Z,24569.75,24571.75,24561.0,24566.5,1736.0
2026-03-12T19:53:00Z,24566.25,24575.5,24559.5,24561.0,1912.0
2026-03-12T19:54:00Z,24561.25,24574.0,24545.5,24572.0,5222.0
2026-03-12T19:55:00Z,24571.75,24584.5,24553.5,24554.5,4570.0
2026-03-12T19:56:00Z,24555.5,24558.5,24546.0,24551.0,2611.0
2026-03-12T19:57:00Z,24551.0,24554.25,24543.0,24547.0,2544.0
2026-03-12T19:58:00Z,24547.0,24556.0,24547.0,24554.25,2216.0
2026-03-12T19:59:00Z,24554.0,24566.75,24545.75,24555.75,7070.0
2026-03-12T20:00:00Z,24555.5,24566.5,24549.0,24561.25,4135.0
2026-03-12T20:01:00Z,24561.25,24563.25,24551.5,24561.0,1479.0
2026-03-12T20:02:00Z,24560.75,24566.0,24556.75,24565.5,1063.0
2026-03-12T20:03:00Z,24565.25,24572.75,24563.75,24572.5,1386.0
2026-03-12T20:04:00Z,24572.0,24574.25,24568.75,24571.5,968.0
2026-03-12T20:05:00Z,24571.75,24573.75,24561.75,24566.75,1480.0
2026-03-12T20:06:00Z,24567.25,24568.75,24559.5,24561.0,953.0
2026-03-12T20:07:00Z,24561.5,24562.5,24538.0,24543.5,2065.0
2026-03-12T20:08:00Z,24543.75,24548.25,24540.0,24544.75,1419.0
2026-03-12T20:09:00Z,24545.0,24548.75,24541.75,24543.75,1074.0
2026-03-12T20:10:00Z,24543.5,24546.5,24533.25,24537.25,1377.0
2026-03-12T20:11:00Z,24537.75,24539.5,24517.0,24522.75,2857.0
2026-03-12T20:12:00Z,24522.75,24532.25,24520.5,24524.5,1799.0
2026-03-12T20:13:00Z,24524.0,24546.0,24518.75,24533.25,1780.0
2026-03-12T20:14:00Z,24533.75,24536.75,24531.0,24532.75,923.0
2026-03-12T20:15:00Z,24532.75,24540.25,24531.0,24537.5,998.0
2026-03-12T20:16:00Z,24537.75,24543.0,24533.75,24541.0,702.0
2026-03-12T20:17:00Z,24541.0,24548.5,24540.25,24541.0,842.0
2026-03-12T20:18:00Z,24541.0,24553.0,24540.5,24549.5,707.0
2026-03-12T20:19:00Z,24549.5,24552.75,24544.75,24546.75,632.0
2026-03-12T20:20:00Z,24546.75,24547.5,24539.0,24539.75,677.0
2026-03-12T20:21:00Z,24540.5,24546.5,24538.25,24545.75,460.0
2026-03-12T20:22:00Z,24545.75,24554.5,24545.75,24550.5,586.0
2026-03-12T20:23:00Z,24551.0,24551.75,24546.0,24547.5,361.0
2026-03-12T20:24:00Z,24548.0,24552.0,24544.75,24551.0,250.0
2026-03-12T20:25:00Z,24551.75,24556.75,24551.0,24553.5,563.0
2026-03-12T20:26:00Z,24555.0,24556.5,24550.5,24550.75,321.0
2026-03-12T20:27:00Z,24551.5,24555.5,24548.5,24552.75,387.0
2026-03-12T20:28:00Z,24553.0,24565.0,24552.75,24553.5,1288.0
2026-03-12T20:29:00Z,24553.75,24556.5,24549.25,24550.0,360.0
2026-03-12T20:30:00Z,24550.0,24550.5,24546.25,24548.5,466.0
2026-03-12T20:31:00Z,24548.25,24553.0,24546.25,24550.0,468.0
2026-03-12T20:32:00Z,24550.0,24550.5,24546.5,24547.25,309.0
2026-03-12T20:33:00Z,24548.0,24552.25,24546.0,24551.0,384.0
2026-03-12T20:34:00Z,24551.0,24555.75,24549.25,24554.25,428.0
2026-03-12T20:35:00Z,24554.5,24558.25,24552.0,24555.75,418.0
2026-03-12T20:36:00Z,24555.25,24556.75,24554.0,24555.75,176.0
2026-03-12T20:37:00Z,24555.5,24557.75,24550.5,24557.25,339.0
2026-03-12T20:38:00Z,24556.5,24558.25,24554.25,24557.25,201.0
2026-03-12T20:39:00Z,24557.5,24563.0,24557.5,24561.25,370.0
2026-03-12T20:40:00Z,24562.5,24564.75,24557.75,24561.0,361.0
2026-03-12T20:41:00Z,24561.25,24561.25,24555.0,24559.0,376.0
2026-03-12T20:42:00Z,24558.5,24563.0,24558.0,24562.75,285.0
2026-03-12T20:43:00Z,24563.0,24569.0,24561.75,24565.75,531.0
2026-03-12T20:44:00Z,24565.0,24567.5,24562.25,24563.5,282.0
2026-03-12T20:45:00Z,24563.75,24568.5,24562.5,24563.5,738.0
2026-03-12T20:46:00Z,24564.0,24564.75,24561.0,24562.75,321.0
2026-03-12T20:47:00Z,24563.25,24572.75,24562.75,24571.25,307.0
2026-03-12T20:48:00Z,24571.5,24573.25,24570.25,24572.75,263.0
2026-03-12T20:49:00Z,24573.0,24573.0,24568.0,24571.25,398.0
2026-03-12T20:50:00Z,24571.0,24575.75,24570.5,24574.25,315.0
2026-03-12T20:51:00Z,24574.5,24576.75,24570.75,24570.75,333.0
2026-03-12T20:52:00Z,24570.75,24574.75,24569.5,24573.0,332.0
2026-03-12T20:53:00Z,24572.75,24577.75,24571.25,24572.5,201.0
2026-03-12T20:54:00Z,24572.75,24574.0,24570.75,24571.0,185.0
2026-03-12T20:55:00Z,24571.25,24574.25,24569.75,24570.5,380.0
2026-03-12T20:56:00Z,24570.5,24572.5,24569.25,24569.75,162.0
2026-03-12T20:57:00Z,24570.25,24571.25,24565.0,24569.75,236.0
2026-03-12T20:58:00Z,24570.0,24570.5,24566.0,24569.5,161.0
2026-03-12T20:59:00Z,24570.0,24572.0,24566.5,24567.25,204.0
2026-03-12T22:00:00Z,24565.0,24581.75,24553.25,24553.25,1331.0
2026-03-12T22:01:00Z,24553.0,24557.25,24539.25,24540.0,1323.0
2026-03-12T22:02:00Z,24540.5,24553.5,24538.0,24543.0,941.0
2026-03-12T22:03:00Z,24544.0,24555.75,24542.75,24547.5,485.0
2026-03-12T22:04:00Z,24547.25,24553.75,24545.0,24545.0,465.0
2026-03-12T22:05:00Z,24545.0,24557.25,24543.75,24551.0,508.0
2026-03-12T22:06:00Z,24550.25,24569.75,24549.0,24569.25,846.0
2026-03-12T22:07:00Z,24569.25,24587.5,24567.0,24577.25,1171.0
2026-03-12T22:08:00Z,24576.25,24580.5,24571.0,24572.5,464.0
2026-03-12T22:09:00Z,24571.75,24573.75,24556.5,24561.25,859.0
2026-03-12T22:10:00Z,24561.5,24566.5,24557.25,24562.0,502.0
2026-03-12T22:11:00Z,24562.25,24570.0,24561.75,24569.0,250.0
2026-03-12T22:12:00Z,24569.0,24571.0,24566.25,24566.25,201.0
2026-03-12T22:13:00Z,24566.0,24568.25,24564.0,24565.5,212.0
2026-03-12T22:14:00Z,24565.0,24565.0,24558.25,24558.25,272.0
2026-03-12T22:15:00Z,24559.25,24561.25,24554.75,24558.0,386.0
2026-03-12T22:16:00Z,24557.25,24565.75,24557.25,24558.5,325.0
2026-03-12T22:17:00Z,24559.5,24559.5,24545.0,24548.0,711.0
2026-03-12T22:18:00Z,24548.0,24553.25,24541.5,24544.5,595.0
2026-03-12T22:19:00Z,24545.75,24551.25,24544.25,24546.5,359.0
2026-03-12T22:20:00Z,24547.25,24549.5,24540.75,24549.5,390.0
2026-03-12T22:21:00Z,24550.0,24553.25,24548.5,24549.0,342.0
2026-03-12T22:22:00Z,24549.0,24553.25,24546.75,24549.25,281.0
2026-03-12T22:23:00Z,24549.75,24553.75,24546.25,24551.0,237.0
2026-03-12T22:24:00Z,24551.5,24558.5,24551.5,24555.25,357.0
2026-03-12T22:25:00Z,24556.5,24578.0,24556.5,24568.25,1083.0
2026-03-12T22:26:00Z,24567.5,24577.75,24567.25,24572.25,402.0
2026-03-12T22:27:00Z,24572.25,24575.5,24569.5,24569.5,391.0
2026-03-12T22:28:00Z,24569.5,24583.25,24567.75,24581.0,670.0
2026-03-12T22:29:00Z,24580.25,24583.0,24576.5,24582.0,449.0
2026-03-12T22:30:00Z,24581.0,24581.0,24574.25,24577.5,537.0
2026-03-12T22:31:00Z,24577.5,24585.25,24574.0,24577.25,593.0
2026-03-12T22:32:00Z,24577.25,24590.25,24577.25,24589.5,631.0
2026-03-12T22:33:00Z,24588.25,24596.25,24582.25,24595.25,1225.0
2026-03-12T22:34:00Z,24595.75,24596.0,24587.75,24591.0,573.0
2026-03-12T22:35:00Z,24591.75,24598.0,24591.5,24595.5,518.0
2026-03-12T22:36:00Z,24595.5,24596.0,24588.75,24594.0,447.0
2026-03-12T22:37:00Z,24593.25,24598.0,24590.5,24595.25,373.0
2026-03-12T22:38:00Z,24595.25,24597.75,24593.5,24594.0,291.0
2026-03-12T22:39:00Z,24594.75,24598.25,24593.0,24595.75,326.0
2026-03-12T22:40:00Z,24596.0,24598.0,24595.25,24597.25,171.0
2026-03-12T22:41:00Z,24597.5,24601.5,24590.5,24590.5,805.0
2026-03-12T22:42:00Z,24591.25,24594.5,24587.25,24588.75,508.0
2026-03-12T22:43:00Z,24589.0,24596.25,24588.0,24589.0,408.0
2026-03-12T22:44:00Z,24589.5,24592.75,24587.75,24588.25,276.0
2026-03-12T22:45:00Z,24588.75,24590.5,24577.75,24586.5,968.0
2026-03-12T22:46:00Z,24586.5,24592.0,24584.5,24591.5,357.0
2026-03-12T22:47:00Z,24590.25,24597.0,24590.25,24595.75,465.0
2026-03-12T22:48:00Z,24595.25,24596.75,24582.75,24583.0,583.0
2026-03-12T22:49:00Z,24583.0,24584.75,24570.5,24574.5,935.0
2026-03-12T22:50:00Z,24575.75,24580.5,24573.25,24578.25,453.0
2026-03-12T22:51:00Z,24579.75,24586.75,24577.25,24584.25,419.0
2026-03-12T22:52:00Z,24584.75,24585.5,24580.25,24583.25,254.0
2026-03-12T22:53:00Z,24583.75,24583.75,24578.5,24579.75,216.0
2026-03-12T22:54:00Z,24580.0,24582.75,24577.75,24578.5,196.0
2026-03-12T22:55:00Z,24579.25,24584.5,24577.0,24581.75,323.0
2026-03-12T22:56:00Z,24581.5,24585.25,24581.5,24584.5,321.0
2026-03-12T22:57:00Z,24583.75,24587.25,24583.5,24585.5,164.0
2026-03-12T22:58:00Z,24584.5,24588.0,24583.75,24586.0,319.0
2026-03-12T22:59:00Z,24586.5,24587.75,24583.5,24586.25,132.0
2026-03-12T23:00:00Z,24586.75,24596.25,24585.5,24593.5,734.0
2026-03-12T23:01:00Z,24593.5,24595.25,24585.0,24587.75,484.0
2026-03-12T23:02:00Z,24587.75,24591.75,24587.0,24591.75,198.0
2026-03-12T23:03:00Z,24591.75,24596.5,24590.75,24593.5,322.0
2026-03-12T23:04:00Z,24594.5,24603.5,24593.5,24601.75,750.0
2026-03-12T23:05:00Z,24602.0,24613.5,24601.5,24608.75,1196.0
2026-03-12T23:06:00Z,24609.5,24612.75,24609.5,24611.75,389.0
2026-03-12T23:07:00Z,24611.25,24611.5,24601.25,24602.0,507.0
2026-03-12T23:08:00Z,24601.75,24605.0,24600.75,24602.0,312.0
2026-03-12T23:09:00Z,24601.25,24605.0,24600.5,24601.0,210.0
2026-03-12T23:10:00Z,24601.25,24602.0,24590.5,24592.75,759.0
2026-03-12T23:11:00Z,24592.75,24592.75,24585.0,24586.25,730.0
2026-03-12T23:12:00Z,24586.5,24590.5,24586.0,24589.5,358.0
2026-03-12T23:13:00Z,24588.75,24591.75,24586.25,24589.75,316.0
2026-03-12T23:14:00Z,24590.5,24593.5,24585.5,24587.5,382.0
2026-03-12T23:15:00Z,24588.25,24589.75,24582.5,24583.75,432.0
2026-03-12T23:16:00Z,24583.5,24584.75,24573.75,24574.25,810.0
2026-03-12T23:17:00Z,24574.0,24584.25,24573.75,24580.75,513.0
2026-03-12T23:18:00Z,24580.25,24581.75,24577.0,24580.75,232.0
2026-03-12T23:19:00Z,24580.5,24584.0,24577.5,24580.25,309.0
2026-03-12T23:20:00Z,24580.0,24582.5,24577.25,24579.25,228.0
2026-03-12T23:21:00Z,24579.25,24583.75,24577.5,24580.25,287.0
2026-03-12T23:22:00Z,24580.0,24580.25,24576.75,24578.75,141.0
2026-03-12T23:23:00Z,24578.25,24578.5,24572.5,24575.5,473.0
2026-03-12T23:24:00Z,24575.75,24580.75,24575.25,24578.0,338.0
2026-03-12T23:25:00Z,24577.25,24578.5,24572.0,24573.0,354.0
2026-03-12T23:26:00Z,24572.75,24573.25,24564.0,24568.0,1020.0
2026-03-12T23:27:00Z,24568.75,24569.75,24562.75,24565.75,522.0
2026-03-12T23:28:00Z,24566.5,24580.0,24564.0,24572.0,1001.0
2026-03-12T23:29:00Z,24571.5,24582.25,24571.5,24575.75,712.0
2026-03-12T23:30:00Z,24575.75,24580.25,24572.25,24575.5,465.0
2026-03-12T23:31:00Z,24575.25,24576.75,24570.25,24572.5,263.0
2026-03-12T23:32:00Z,24573.5,24587.5,24573.25,24582.75,728.0
2026-03-12T23:33:00Z,24583.25,24584.5,24578.5,24580.5,326.0
2026-03-12T23:34:00Z,24580.0,24584.75,24577.25,24578.0,289.0
2026-03-12T23:35:00Z,24578.0,24578.5,24571.75,24576.0,394.0
2026-03-12T23:36:00Z,24575.25,24577.5,24572.0,24572.25,247.0
2026-03-12T23:37:00Z,24572.0,24575.0,24569.5,24573.75,264.0
2026-03-12T23:38:00Z,24574.0,24575.5,24571.75,24574.5,289.0
2026-03-12T23:39:00Z,24573.75,24574.0,24565.0,24571.75,543.0
2026-03-12T23:40:00Z,24572.5,24575.75,24563.25,24564.25,712.0
2026-03-12T23:41:00Z,24565.0,24569.0,24562.0,24565.0,624.0
2026-03-12T23:42:00Z,24565.75,24566.25,24561.0,24562.5,297.0
2026-03-12T23:43:00Z,24562.5,24562.5,24550.25,24560.0,1398.0
2026-03-12T23:44:00Z,24559.25,24570.5,24559.25,24569.5,832.0
2026-03-12T23:45:00Z,24568.25,24569.0,24548.0,24550.0,1166.0
2026-03-12T23:46:00Z,24548.75,24554.25,24543.0,24545.25,1135.0
2026-03-12T23:47:00Z,24545.25,24551.0,24544.75,24548.25,464.0
2026-03-12T23:48:00Z,24547.75,24549.5,24543.25,24544.75,309.0
2026-03-12T23:49:00Z,24545.25,24551.0,24545.25,24550.25,358.0
2026-03-12T23:50:00Z,24550.25,24555.5,24549.5,24554.5,436.0
2026-03-12T23:51:00Z,24554.5,24555.5,24535.25,24541.0,1194.0
2026-03-12T23:52:00Z,24540.5,24549.0,24539.75,24545.75,692.0
2026-03-12T23:53:00Z,24545.75,24554.5,24545.5,24548.25,411.0
2026-03-12T23:54:00Z,24548.5,24552.25,24546.5,24547.5,376.0
2026-03-12T23:55:00Z,24547.0,24548.25,24537.5,24539.5,675.0
2026-03-12T23:56:00Z,24539.0,24542.0,24538.5,24540.75,297.0
2026-03-12T23:57:00Z,24541.75,24542.0,24529.25,24534.5,1076.0
2026-03-12T23:58:00Z,24533.75,24534.5,24527.0,24531.0,673.0
2026-03-12T23:59:00Z,24530.25,24536.0,24526.25,24528.75,594.0
2026-03-13T00:00:00Z,24529.0,24530.0,24499.25,24510.25,4297.0
2026-03-13T00:01:00Z,24510.0,24514.75,24499.75,24513.0,1844.0
2026-03-13T00:02:00Z,24512.25,24514.5,24491.5,24502.25,2065.0
2026-03-13T00:03:00Z,24502.5,24510.0,24500.25,24510.0,1332.0
2026-03-13T00:04:00Z,24509.5,24513.0,24502.5,24508.0,858.0
2026-03-13T00:05:00Z,24507.75,24521.0,24505.75,24519.0,1248.0
2026-03-13T00:06:00Z,24520.25,24524.0,24515.25,24522.5,797.0
2026-03-13T00:07:00Z,24521.75,24527.25,24516.5,24525.5,907.0
2026-03-13T00:08:00Z,24525.75,24528.0,24518.0,24525.5,799.0
2026-03-13T00:09:00Z,24526.0,24545.75,24524.75,24545.25,1732.0
2026-03-13T00:10:00Z,24545.25,24547.75,24540.25,24545.0,907.0
2026-03-13T00:11:00Z,24545.5,24555.0,24541.5,24554.0,1093.0
2026-03-13T00:12:00Z,24554.5,24571.25,24554.25,24570.5,1637.0
2026-03-13T00:13:00Z,24570.25,24575.0,24566.75,24567.5,1488.0
2026-03-13T00:14:00Z,24568.0,24579.25,24567.75,24578.0,938.0
2026-03-13T00:15:00Z,24578.75,24600.0,24578.0,24598.5,2620.0
2026-03-13T00:16:00Z,24598.75,24612.25,24595.5,24611.5,2058.0
2026-03-13T00:17:00Z,24612.0,24618.5,24601.25,24609.0,2450.0
2026-03-13T00:18:00Z,24609.25,24616.75,24607.5,24614.0,1057.0
2026-03-13T00:19:00Z,24615.0,24616.5,24605.25,24605.25,815.0
2026-03-13T00:20:00Z,24605.25,24613.25,24603.75,24610.0,952.0
2026-03-13T00:21:00Z,24610.25,24615.75,24609.5,24612.25,620.0
2026-03-13T00:22:00Z,24612.5,24616.0,24603.5,24607.5,912.0
2026-03-13T00:23:00Z,24607.5,24616.0,24607.5,24608.75,728.0
2026-03-13T00:24:00Z,24608.75,24611.5,24603.25,24608.0,807.0
2026-03-13T00:25:00Z,24607.25,24612.75,24601.5,24611.0,940.0
2026-03-13T00:26:00Z,24611.5,24629.0,24609.5,24628.25,2053.0
2026-03-13T00:27:00Z,24628.5,24639.5,24623.75,24635.0,1998.0
2026-03-13T00:28:00Z,24634.75,24637.25,24624.5,24628.0,1375.0
2026-03-13T00:29:00Z,24627.75,24628.25,24618.5,24619.25,1089.0
2026-03-13T00:30:00Z,24620.0,24627.25,24616.25,24622.25,1288.0
2026-03-13T00:31:00Z,24622.0,24639.75,24621.75,24635.75,1211.0
2026-03-13T00:32:00Z,24635.75,24638.75,24634.25,24637.25,670.0
2026-03-13T00:33:00Z,24637.75,24638.75,24632.0,24636.25,717.0
2026-03-13T00:34:00Z,24636.0,24640.0,24634.75,24637.0,690.0
2026-03-13T00:35:00Z,24636.5,24642.5,24635.75,24636.75,936.0
2026-03-13T00:36:00Z,24637.25,24639.0,24628.0,24630.75,1033.0
2026-03-13T00:37:00Z,24631.5,24637.0,24630.25,24636.25,659.0
2026-03-13T00:38:00Z,24636.75,24647.25,24631.0,24634.25,1188.0
2026-03-13T00:39:00Z,24635.0,24635.0,24626.25,24626.5,720.0
2026-03-13T00:40:00Z,24627.0,24633.5,24627.0,24631.75,551.0
2026-03-13T00:41:00Z,24632.0,24632.0,24627.25,24629.25,513.0
2026-03-13T00:42:00Z,24629.25,24629.75,24623.0,24627.5,885.0
2026-03-13T00:43:00Z,24628.25,24628.5,24621.5,24625.0,747.0
2026-03-13T00:44:00Z,24625.25,24627.75,24615.0,24615.5,773.0
2026-03-13T00:45:00Z,24615.25,24624.25,24615.25,24618.0,775.0
2026-03-13T00:46:00Z,24617.75,24620.25,24615.5,24617.25,523.0
2026-03-13T00:47:00Z,24616.75,24621.75,24612.5,24619.25,618.0
2026-03-13T00:48:00Z,24619.25,24630.25,24612.25,24617.5,1340.0
2026-03-13T00:49:00Z,24618.0,24619.75,24609.75,24614.25,641.0
2026-03-13T00:50:00Z,24614.25,24618.0,24612.25,24612.75,395.0
2026-03-13T00:51:00Z,24612.5,24615.75,24608.75,24614.25,637.0
2026-03-13T00:52:00Z,24614.75,24616.75,24607.75,24610.25,625.0
2026-03-13T00:53:00Z,24610.75,24613.25,24605.5,24606.25,520.0
2026-03-13T00:54:00Z,24606.75,24611.0,24604.75,24609.0,616.0
2026-03-13T00:55:00Z,24609.75,24621.5,24606.75,24621.5,795.0
2026-03-13T00:56:00Z,24621.25,24628.75,24617.0,24622.5,935.0
2026-03-13T00:57:00Z,24623.0,24624.0,24618.75,24622.0,488.0
2026-03-13T00:58:00Z,24622.25,24626.25,24620.0,24625.75,384.0
2026-03-13T00:59:00Z,24626.5,24627.5,24623.0,24625.75,439.0
2026-03-13T01:00:00Z,24626.0,24641.75,24624.25,24640.25,1673.0
2026-03-13T01:01:00Z,24640.25,24646.5,24634.25,24644.0,966.0
2026-03-13T01:02:00Z,24643.0,24645.0,24633.0,24635.0,940.0
2026-03-13T01:03:00Z,24634.25,24637.5,24629.5,24634.0,784.0
2026-03-13T01:04:00Z,24634.5,24637.0,24631.0,24634.75,325.0
2026-03-13T01:05:00Z,24634.25,24647.25,24630.5,24647.25,781.0
2026-03-13T01:06:00Z,24647.25,24650.0,24642.25,24647.0,997.0
2026-03-13T01:07:00Z,24646.5,24653.5,24643.75,24650.5,1186.0
2026-03-13T01:08:00Z,24649.75,24658.0,24649.5,24654.5,1042.0
2026-03-13T01:09:00Z,24654.0,24658.25,24653.75,24656.75,582.0
2026-03-13T01:10:00Z,24656.75,24661.25,24654.25,24656.75,972.0
2026-03-13T01:11:00Z,24656.75,24656.75,24648.25,24651.0,685.0
2026-03-13T01:12:00Z,24650.5,24651.5,24645.5,24649.5,593.0
2026-03-13T01:13:00Z,24649.5,24650.75,24640.5,24645.0,840.0
2026-03-13T01:14:00Z,24644.5,24649.5,24642.75,24646.25,441.0
2026-03-13T01:15:00Z,24646.5,24654.0,24646.5,24649.25,461.0
2026-03-13T01:16:00Z,24648.0,24656.0,24645.0,24655.25,419.0
2026-03-13T01:17:00Z,24654.75,24655.75,24648.5,24649.5,537.0
2026-03-13T01:18:00Z,24649.75,24654.25,24647.75,24651.5,359.0
2026-03-13T01:19:00Z,24651.75,24654.0,24645.75,24649.5,386.0
2026-03-13T01:20:00Z,24649.75,24655.25,24649.5,24654.75,395.0
2026-03-13T01:21:00Z,24653.5,24654.75,24648.25,24649.5,278.0
2026-03-13T01:22:00Z,24650.0,24651.25,24642.5,24643.75,532.0
2026-03-13T01:23:00Z,24645.0,24647.25,24640.0,24640.5,510.0
2026-03-13T01:24:00Z,24641.25,24641.25,24636.0,24637.5,686.0
2026-03-13T01:25:00Z,24637.25,24649.75,24637.25,24640.25,820.0
2026-03-13T01:26:00Z,24640.5,24646.25,24639.5,24644.0,249.0
2026-03-13T01:27:00Z,24644.75,24650.25,24644.75,24647.0,317.0
2026-03-13T01:28:00Z,24646.5,24647.0,24641.25,24645.25,404.0
2026-03-13T01:29:00Z,24644.75,24646.25,24641.75,24645.5,246.0
2026-03-13T01:30:00Z,24645.25,24650.5,24641.5,24644.75,332.0
2026-03-13T01:31:00Z,24644.75,24647.0,24640.25,24644.5,293.0
2026-03-13T01:32:00Z,24644.5,24648.25,24641.25,24642.75,230.0
2026-03-13T01:33:00Z,24642.0,24653.25,24641.75,24653.0,483.0
2026-03-13T01:34:00Z,24652.25,24652.75,24645.5,24646.5,388.0
2026-03-13T01:35:00Z,24647.0,24649.0,24641.0,24645.0,337.0
2026-03-13T01:36:00Z,24645.25,24648.25,24642.25,24644.25,251.0
2026-03-13T01:37:00Z,24644.25,24647.5,24643.25,24646.0,213.0
2026-03-13T01:38:00Z,24645.5,24645.75,24641.5,24643.5,220.0
2026-03-13T01:39:00Z,24643.75,24645.75,24641.0,24641.5,330.0
2026-03-13T01:40:00Z,24641.5,24644.0,24640.0,24643.0,339.0
2026-03-13T01:41:00Z,24643.0,24647.25,24638.25,24639.0,416.0
2026-03-13T01:42:00Z,24639.5,24639.5,24633.0,24634.0,795.0
2026-03-13T01:43:00Z,24634.0,24639.25,24633.5,24635.0,435.0
2026-03-13T01:44:00Z,24635.0,24638.75,24635.0,24636.0,241.0
2026-03-13T01:45:00Z,24637.25,24639.5,24633.0,24633.5,242.0
2026-03-13T01:46:00Z,24633.75,24634.25,24628.0,24630.25,709.0
2026-03-13T01:47:00Z,24629.0,24630.25,24625.0,24627.25,690.0
2026-03-13T01:48:00Z,24626.75,24627.75,24623.5,24626.75,474.0
2026-03-13T01:49:00Z,24626.5,24632.5,24623.75,24628.5,471.0
2026-03-13T01:50:00Z,24628.75,24633.0,24628.0,24631.0,347.0
2026-03-13T01:51:00Z,24630.0,24632.5,24627.5,24630.25,208.0
2026-03-13T01:52:00Z,24630.25,24631.25,24621.5,24621.75,361.0
2026-03-13T01:53:00Z,24621.75,24624.25,24620.25,24622.5,483.0
2026-03-13T01:54:00Z,24624.0,24625.0,24619.25,24623.25,340.0
2026-03-13T01:55:00Z,24622.25,24629.0,24619.0,24626.0,580.0
2026-03-13T01:56:00Z,24625.25,24632.25,24623.5,24627.75,335.0
2026-03-13T01:57:00Z,24627.75,24630.75,24625.0,24628.5,282.0
2026-03-13T01:58:00Z,24628.75,24631.25,24623.5,24626.5,381.0
2026-03-13T01:59:00Z,24627.25,24632.25,24625.75,24630.25,373.0
2026-03-13T02:00:00Z,24629.75,24639.75,24628.0,24631.25,1048.0
2026-03-13T02:01:00Z,24631.25,24633.5,24627.5,24631.5,390.0
2026-03-13T02:02:00Z,24632.0,24639.0,24629.0,24638.5,410.0
2026-03-13T02:03:00Z,24638.75,24645.75,24638.5,24644.75,915.0
2026-03-13T02:04:00Z,24644.0,24646.5,24641.25,24646.25,308.0
2026-03-13T02:05:00Z,24646.0,24649.0,24640.5,24642.0,582.0
2026-03-13T02:06:00Z,24642.5,24648.25,24641.25,24646.75,248.0
2026-03-13T02:07:00Z,24647.0,24651.0,24639.5,24642.25,506.0
2026-03-13T02:08:00Z,24642.25,24647.5,24640.0,24643.0,275.0
2026-03-13T02:09:00Z,24642.5,24646.25,24642.0,24645.0,209.0
2026-03-13T02:10:00Z,24644.5,24646.75,24642.75,24644.5,159.0
2026-03-13T02:11:00Z,24644.75,24646.0,24641.5,24645.75,287.0
2026-03-13T02:12:00Z,24645.5,24646.5,24638.0,24638.5,286.0
2026-03-13T02:13:00Z,24638.75,24639.5,24628.5,24629.75,877.0
2026-03-13T02:14:00Z,24629.25,24630.0,24625.0,24627.25,519.0
2026-03-13T02:15:00Z,24626.75,24627.0,24621.75,24622.25,640.0
2026-03-13T02:16:00Z,24622.75,24625.75,24621.5,24625.0,407.0
2026-03-13T02:17:00Z,24625.5,24632.25,24624.5,24631.0,503.0
2026-03-13T02:18:00Z,24631.5,24634.0,24627.0,24628.0,367.0
2026-03-13T02:19:00Z,24627.75,24629.0,24625.25,24628.0,226.0
2026-03-13T02:20:00Z,24626.0,24631.75,24626.0,24631.75,207.0
2026-03-13T02:21:00Z,24632.0,24632.75,24623.5,24623.75,311.0
2026-03-13T02:22:00Z,24623.25,24623.25,24615.0,24620.5,788.0
2026-03-13T02:23:00Z,24620.5,24622.75,24617.25,24620.25,456.0
2026-03-13T02:24:00Z,24620.75,24620.75,24615.0,24616.75,384.0
2026-03-13T02:25:00Z,24616.25,24622.75,24616.25,24620.5,324.0
2026-03-13T02:26:00Z,24619.75,24623.0,24618.0,24620.0,250.0
2026-03-13T02:27:00Z,24620.0,24624.5,24619.75,24621.5,216.0
2026-03-13T02:28:00Z,24622.25,24625.25,24619.75,24622.5,181.0
2026-03-13T02:29:00Z,24622.5,24622.75,24619.0,24620.25,159.0
2026-03-13T02:30:00Z,24619.75,24622.75,24614.0,24621.0,420.0
2026-03-13T02:31:00Z,24621.0,24630.25,24620.5,24626.5,612.0
2026-03-13T02:32:00Z,24627.25,24636.0,24626.75,24634.0,543.0
2026-03-13T02:33:00Z,24633.75,24637.75,24632.25,24635.5,392.0
2026-03-13T02:34:00Z,24636.5,24638.0,24633.0,24635.5,343.0
2026-03-13T02:35:00Z,24636.25,24639.5,24633.75,24634.75,239.0
2026-03-13T02:36:00Z,24635.25,24636.5,24629.5,24631.25,364.0
2026-03-13T02:37:00Z,24631.25,24633.5,24624.75,24625.0,284.0
2026-03-13T02:38:00Z,24625.75,24628.0,24620.25,24620.5,525.0
2026-03-13T02:39:00Z,24620.25,24621.75,24613.0,24617.5,795.0
2026-03-13T02:40:00Z,24617.75,24625.25,24616.25,24621.75,498.0
2026-03-13T02:41:00Z,24621.5,24624.0,24619.5,24621.25,208.0
2026-03-13T02:42:00Z,24621.0,24621.0,24612.75,24613.0,518.0
2026-03-13T02:43:00Z,24613.5,24614.0,24606.5,24608.75,879.0
2026-03-13T02:44:00Z,24610.0,24611.0,24603.75,24607.0,650.0
2026-03-13T02:45:00Z,24607.5,24614.75,24607.5,24610.0,534.0
2026-03-13T02:46:00Z,24609.75,24614.5,24606.75,24614.5,349.0
2026-03-13T02:47:00Z,24614.0,24617.0,24610.5,24612.75,542.0
2026-03-13T02:48:00Z,24613.25,24614.5,24607.25,24609.75,394.0
2026-03-13T02:49:00Z,24610.75,24610.75,24605.25,24605.25,330.0
2026-03-13T02:50:00Z,24605.5,24610.0,24600.5,24610.0,657.0
2026-03-13T02:51:00Z,24609.25,24609.75,24600.5,24604.5,380.0
2026-03-13T02:52:00Z,24603.5,24605.25,24601.5,24604.25,209.0
2026-03-13T02:53:00Z,24604.5,24606.75,24599.5,24601.25,513.0
2026-03-13T02:54:00Z,24602.0,24603.25,24599.25,24601.0,252.0
2026-03-13T02:55:00Z,24600.75,24602.0,24599.0,24601.0,367.0
2026-03-13T02:56:00Z,24600.75,24612.0,24600.5,24611.0,674.0
2026-03-13T02:57:00Z,24611.0,24611.0,24604.25,24606.25,394.0
2026-03-13T02:58:00Z,24606.5,24609.75,24604.5,24607.75,312.0
2026-03-13T02:59:00Z,24608.25,24608.25,24602.5,24604.0,244.0
2026-03-13T03:00:00Z,24604.25,24617.25,24603.75,24613.75,870.0
2026-03-13T03:01:00Z,24613.0,24613.25,24605.75,24610.25,475.0
2026-03-13T03:02:00Z,24611.0,24616.25,24609.25,24611.5,310.0
2026-03-13T03:03:00Z,24611.5,24614.0,24607.75,24609.0,232.0
2026-03-13T03:04:00Z,24609.25,24611.75,24602.75,24602.75,438.0
2026-03-13T03:05:00Z,24603.0,24604.5,24600.0,24600.25,463.0
2026-03-13T03:06:00Z,24600.75,24604.5,24596.25,24603.0,658.0
2026-03-13T03:07:00Z,24603.0,24613.25,24601.25,24613.25,650.0
2026-03-13T03:08:00Z,24613.0,24620.5,24612.5,24617.25,821.0
2026-03-13T03:09:00Z,24617.0,24619.5,24613.5,24617.75,421.0
2026-03-13T03:10:00Z,24618.25,24618.75,24607.5,24610.0,482.0
2026-03-13T03:11:00Z,24610.5,24612.5,24606.25,24606.5,380.0
2026-03-13T03:12:00Z,24606.25,24611.25,24603.25,24605.75,429.0
2026-03-13T03:13:00Z,24605.25,24606.25,24594.75,24599.0,722.0
2026-03-13T03:14:00Z,24598.5,24598.5,24589.75,24590.25,796.0
2026-03-13T03:15:00Z,24590.5,24596.0,24586.0,24587.5,652.0
2026-03-13T03:16:00Z,24587.5,24590.5,24583.25,24584.25,724.0
2026-03-13T03:17:00Z,24584.75,24587.25,24582.25,24584.25,626.0
2026-03-13T03:18:00Z,24584.25,24593.5,24582.5,24592.75,644.0
2026-03-13T03:19:00Z,24593.25,24596.75,24590.25,24596.0,525.0
2026-03-13T03:20:00Z,24595.75,24598.0,24592.0,24596.25,434.0
2026-03-13T03:21:00Z,24596.25,24597.25,24591.5,24592.0,236.0
2026-03-13T03:22:00Z,24592.75,24595.5,24590.25,24591.5,256.0
2026-03-13T03:23:00Z,24592.0,24597.0,24589.0,24596.5,507.0
2026-03-13T03:24:00Z,24596.75,24604.75,24596.5,24603.25,843.0
2026-03-13T03:25:00Z,24603.5,24611.0,24603.0,24606.75,732.0
2026-03-13T03:26:00Z,24607.0,24607.75,24601.25,24605.25,409.0
2026-03-13T03:27:00Z,24605.25,24605.25,24596.0,24598.75,549.0
2026-03-13T03:28:00Z,24599.75,24602.75,24596.75,24600.25,221.0
2026-03-13T03:29:00Z,24600.5,24601.5,24599.25,24600.0,105.0
2026-03-13T03:30:00Z,24599.75,24602.25,24588.0,24590.25,650.0
2026-03-13T03:31:00Z,24589.75,24596.0,24583.75,24594.0,784.0
2026-03-13T03:32:00Z,24594.5,24603.75,24591.0,24599.25,607.0
2026-03-13T03:33:00Z,24599.75,24601.0,24594.5,24596.0,401.0
2026-03-13T03:34:00Z,24596.25,24606.75,24595.5,24602.25,554.0
2026-03-13T03:35:00Z,24603.0,24605.0,24598.5,24600.5,283.0
2026-03-13T03:36:00Z,24600.75,24601.0,24586.75,24587.5,683.0
2026-03-13T03:37:00Z,24588.0,24592.75,24588.0,24589.25,335.0
2026-03-13T03:38:00Z,24589.75,24598.5,24589.75,24597.75,479.0
2026-03-13T03:39:00Z,24598.0,24599.75,24595.25,24595.75,236.0
2026-03-13T03:40:00Z,24596.0,24598.25,24591.75,24597.25,238.0
2026-03-13T03:41:00Z,24597.25,24604.25,24595.0,24603.5,411.0
2026-03-13T03:42:00Z,24603.5,24605.5,24600.25,24604.5,296.0
2026-03-13T03:43:00Z,24605.0,24609.75,24603.5,24608.0,453.0
2026-03-13T03:44:00Z,24608.25,24613.0,24607.0,24608.75,567.0
2026-03-13T03:45:00Z,24608.5,24617.0,24608.25,24616.0,562.0
2026-03-13T03:46:00Z,24616.5,24624.5,24614.75,24620.75,672.0
2026-03-13T03:47:00Z,24620.25,24626.25,24619.0,24625.5,448.0
2026-03-13T03:48:00Z,24625.5,24625.5,24620.25,24621.5,274.0
2026-03-13T03:49:00Z,24621.25,24622.5,24615.25,24616.5,482.0
2026-03-13T03:50:00Z,24616.0,24620.25,24612.0,24620.0,569.0
2026-03-13T03:51:00Z,24620.5,24621.5,24617.5,24619.75,206.0
2026-03-13T03:52:00Z,24619.75,24625.75,24619.75,24623.75,386.0
2026-03-13T03:53:00Z,24623.75,24626.75,24621.5,24625.75,361.0
2026-03-13T03:54:00Z,24626.0,24629.5,24622.75,24627.25,408.0
2026-03-13T03:55:00Z,24627.75,24628.75,24623.0,24627.25,337.0
2026-03-13T03:56:00Z,24627.25,24627.25,24623.5,24625.0,159.0
2026-03-13T03:57:00Z,24625.0,24627.5,24623.5,24627.0,218.0
2026-03-13T03:58:00Z,24627.25,24629.5,24624.5,24625.25,233.0
2026-03-13T04:09:00Z,24620.5,24620.75,24614.75,24616.0,239.0
2026-03-13T04:10:00Z,24616.25,24619.75,24615.0,24616.5,184.0
2026-03-13T04:11:00Z,24616.5,24616.5,24610.0,24614.0,479.0
2026-03-13T04:12:00Z,24614.5,24614.75,24603.75,24606.75,579.0
2026-03-13T04:13:00Z,24607.25,24611.75,24606.0,24609.25,409.0
2026-03-13T04:14:00Z,24609.75,24612.0,24605.75,24606.5,176.0
2026-03-13T04:15:00Z,24607.5,24609.0,24603.5,24608.5,324.0
2026-03-13T04:16:00Z,24609.0,24610.25,24607.25,24609.5,187.0
2026-03-13T04:17:00Z,24608.75,24608.75,24602.5,24605.75,415.0
2026-03-13T04:18:00Z,24605.5,24606.5,24600.75,24602.5,244.0
2026-03-13T04:19:00Z,24602.25,24608.0,24602.0,24607.5,263.0
2026-03-13T04:20:00Z,24606.75,24607.25,24600.5,24601.0,167.0
2026-03-13T04:21:00Z,24600.75,24602.75,24590.25,24591.25,953.0
2026-03-13T04:22:00Z,24591.25,24592.0,24580.25,24580.75,1042.0
2026-03-13T04:23:00Z,24581.0,24585.0,24579.75,24581.25,704.0
2026-03-13T04:24:00Z,24581.25,24589.5,24578.75,24588.75,655.0
2026-03-13T04:25:00Z,24589.0,24592.0,24584.75,24589.5,460.0
2026-03-13T04:26:00Z,24589.5,24592.0,24587.0,24587.0,238.0
2026-03-13T04:27:00Z,24587.5,24591.5,24585.25,24591.25,347.0
2026-03-13T04:28:00Z,24591.25,24591.5,24587.5,24589.5,142.0
2026-03-13T04:29:00Z,24589.25,24589.25,24579.25,24584.5,617.0
2026-03-13T04:30:00Z,24585.25,24587.25,24576.5,24577.5,527.0
2026-03-13T04:31:00Z,24577.5,24577.75,24573.25,24576.25,656.0
2026-03-13T04:32:00Z,24576.0,24580.75,24572.0,24577.5,623.0
2026-03-13T04:33:00Z,24577.25,24581.0,24575.75,24578.25,324.0
2026-03-13T04:34:00Z,24577.75,24579.0,24572.0,24573.75,274.0
2026-03-13T04:35:00Z,24573.75,24574.5,24568.0,24571.5,557.0
2026-03-13T04:36:00Z,24571.25,24572.25,24569.0,24570.25,248.0
2026-03-13T04:37:00Z,24569.75,24571.25,24563.0,24564.0,454.0
2026-03-13T04:38:00Z,24564.25,24571.25,24562.75,24565.5,420.0
2026-03-13T04:39:00Z,24565.75,24574.5,24565.5,24573.25,481.0
2026-03-13T04:40:00Z,24573.0,24575.0,24570.75,24574.0,233.0
2026-03-13T04:41:00Z,24574.5,24577.5,24573.5,24575.75,322.0
2026-03-13T04:42:00Z,24575.25,24581.0,24575.0,24580.75,570.0
2026-03-13T04:43:00Z,24580.25,24583.5,24578.5,24582.5,432.0
2026-03-13T04:44:00Z,24582.5,24587.75,24582.5,24587.25,409.0
2026-03-13T04:45:00Z,24587.0,24588.5,24582.0,24583.75,491.0
2026-03-13T04:46:00Z,24584.0,24585.0,24579.25,24583.75,296.0
2026-03-13T04:47:00Z,24584.5,24585.5,24576.25,24578.75,306.0
2026-03-13T04:48:00Z,24579.5,24585.5,24579.5,24581.25,225.0
2026-03-13T04:49:00Z,24580.25,24580.75,24573.0,24575.75,374.0
2026-03-13T04:50:00Z,24576.75,24580.5,24575.0,24575.25,268.0
2026-03-13T04:51:00Z,24574.5,24576.25,24567.75,24573.75,516.0
2026-03-13T04:52:00Z,24574.0,24575.5,24569.5,24571.75,225.0
2026-03-13T04:53:00Z,24572.5,24575.5,24572.0,24574.5,110.0
2026-03-13T04:54:00Z,24574.5,24575.0,24568.25,24569.25,214.0
2026-03-13T04:55:00Z,24569.75,24571.75,24568.0,24570.25,153.0
2026-03-13T04:56:00Z,24569.25,24576.25,24568.5,24575.25,280.0
2026-03-13T04:57:00Z,24575.25,24576.75,24573.5,24575.5,227.0
2026-03-13T04:58:00Z,24575.75,24578.0,24572.25,24577.5,217.0
2026-03-13T04:59:00Z,24577.75,24578.25,24573.75,24575.75,140.0
2026-03-13T05:00:00Z,24576.5,24580.25,24574.0,24577.75,397.0
2026-03-13T05:01:00Z,24577.5,24584.5,24577.5,24583.25,331.0
2026-03-13T05:02:00Z,24583.75,24585.75,24578.75,24580.5,297.0
2026-03-13T05:03:00Z,24580.25,24581.5,24575.25,24576.25,241.0
2026-03-13T05:04:00Z,24576.5,24577.75,24571.5,24573.75,405.0
2026-03-13T05:05:00Z,24573.5,24575.25,24568.5,24570.5,390.0
2026-03-13T05:06:00Z,24570.25,24582.0,24570.25,24582.0,393.0
2026-03-13T05:07:00Z,24582.0,24582.0,24575.5,24575.5,223.0
2026-03-13T05:08:00Z,24576.25,24578.0,24573.25,24574.5,263.0
2026-03-13T05:09:00Z,24574.5,24575.75,24567.25,24570.75,334.0
2026-03-13T05:10:00Z,24570.25,24571.0,24566.25,24568.25,284.0
2026-03-13T05:11:00Z,24567.75,24571.5,24557.25,24558.25,833.0
2026-03-13T05:12:00Z,24558.5,24561.75,24553.25,24559.0,1101.0
2026-03-13T05:13:00Z,24559.0,24560.75,24555.25,24557.0,300.0
2026-03-13T05:14:00Z,24556.25,24563.0,24555.75,24557.75,279.0
2026-03-13T05:15:00Z,24558.5,24564.75,24557.25,24563.0,302.0
2026-03-13T05:16:00Z,24563.25,24563.75,24557.0,24557.75,224.0
2026-03-13T05:17:00Z,24557.75,24562.0,24555.0,24558.0,305.0
2026-03-13T05:18:00Z,24558.25,24567.25,24556.25,24566.25,311.0
2026-03-13T05:19:00Z,24566.5,24571.75,24565.5,24570.0,480.0
2026-03-13T05:20:00Z,24570.25,24572.25,24563.75,24566.5,433.0
2026-03-13T05:21:00Z,24566.25,24570.0,24564.75,24570.0,169.0
2026-03-13T05:22:00Z,24571.25,24583.0,24570.5,24580.75,872.0
2026-03-13T05:23:00Z,24581.0,24581.5,24573.5,24581.25,533.0
2026-03-13T05:24:00Z,24580.5,24582.0,24571.75,24573.0,333.0
2026-03-13T05:25:00Z,24573.0,24575.25,24569.5,24574.0,264.0
2026-03-13T05:26:00Z,24574.0,24579.0,24570.5,24578.25,242.0
2026-03-13T05:27:00Z,24577.5,24580.5,24574.5,24578.0,308.0
2026-03-13T05:28:00Z,24578.25,24581.5,24577.5,24579.75,236.0
2026-03-13T05:29:00Z,24580.0,24584.5,24577.75,24581.0,313.0
2026-03-13T05:30:00Z,24581.5,24588.0,24581.0,24584.0,513.0
2026-03-13T05:31:00Z,24584.25,24590.5,24583.5,24588.0,594.0
2026-03-13T05:32:00Z,24588.5,24591.5,24587.25,24589.5,239.0
2026-03-13T05:33:00Z,24589.25,24594.75,24588.0,24594.0,339.0
2026-03-13T05:34:00Z,24594.5,24599.75,24591.25,24592.5,658.0
2026-03-13T05:35:00Z,24592.0,24593.0,24579.0,24580.75,682.0
2026-03-13T05:36:00Z,24581.0,24585.5,24579.75,24584.75,290.0
2026-03-13T05:37:00Z,24585.25,24593.5,24584.75,24587.25,427.0
2026-03-13T05:38:00Z,24588.0,24593.0,24586.25,24589.25,221.0
2026-03-13T05:39:00Z,24589.0,24589.0,24584.75,24585.5,141.0
2026-03-13T05:40:00Z,24585.5,24587.75,24582.5,24587.5,280.0
2026-03-13T05:41:00Z,24587.75,24588.0,24580.0,24580.5,268.0
2026-03-13T05:42:00Z,24581.25,24581.75,24571.25,24573.75,541.0
2026-03-13T05:43:00Z,24573.25,24578.25,24573.25,24575.25,233.0
2026-03-13T05:44:00Z,24575.75,24577.0,24569.5,24573.25,280.0
2026-03-13T05:45:00Z,24573.25,24580.0,24572.5,24573.75,339.0
2026-03-13T05:46:00Z,24573.0,24577.25,24571.0,24575.5,180.0
2026-03-13T05:47:00Z,24575.0,24578.0,24573.5,24576.5,130.0
2026-03-13T05:48:00Z,24574.25,24576.25,24571.25,24571.25,124.0
2026-03-13T05:49:00Z,24571.25,24577.5,24569.0,24575.25,258.0
2026-03-13T05:50:00Z,24574.5,24576.75,24571.0,24571.5,191.0
2026-03-13T05:51:00Z,24571.25,24577.75,24570.75,24574.75,242.0
2026-03-13T05:52:00Z,24575.25,24578.5,24574.75,24577.0,168.0
2026-03-13T05:53:00Z,24577.5,24579.75,24573.75,24574.25,192.0
2026-03-13T05:54:00Z,24573.5,24576.75,24570.75,24573.75,194.0
2026-03-13T05:55:00Z,24573.25,24576.5,24567.25,24575.5,297.0
2026-03-13T05:56:00Z,24576.25,24583.25,24575.5,24580.5,579.0
2026-03-13T05:57:00Z,24580.5,24587.0,24579.75,24586.0,381.0
2026-03-13T05:58:00Z,24586.0,24587.5,24581.5,24585.25,242.0
2026-03-13T05:59:00Z,24586.0,24589.25,24584.25,24585.75,222.0
2026-03-13T06:00:00Z,24585.0,24585.5,24580.0,24584.0,321.0
2026-03-13T06:01:00Z,24583.25,24583.5,24576.0,24576.25,288.0
2026-03-13T06:02:00Z,24576.0,24577.25,24569.5,24572.75,378.0
2026-03-13T06:03:00Z,24571.75,24573.75,24566.0,24571.5,430.0
2026-03-13T06:04:00Z,24571.75,24572.25,24563.0,24564.75,592.0
2026-03-13T06:05:00Z,24564.5,24571.75,24564.5,24571.25,339.0
2026-03-13T06:06:00Z,24571.0,24575.5,24569.5,24574.25,331.0
2026-03-13T06:07:00Z,24574.25,24583.25,24572.5,24582.75,338.0
2026-03-13T06:08:00Z,24582.5,24595.0,24581.0,24592.25,925.0
2026-03-13T06:09:00Z,24592.0,24596.0,24589.0,24592.75,471.0
2026-03-13T06:10:00Z,24592.75,24594.25,24587.0,24591.75,407.0
2026-03-13T06:11:00Z,24592.5,24593.0,24584.25,24592.75,317.0
2026-03-13T06:12:00Z,24593.0,24595.25,24589.25,24590.75,211.0
2026-03-13T06:13:00Z,24591.0,24592.0,24577.75,24578.75,458.0
2026-03-13T06:14:00Z,24578.0,24581.5,24575.25,24579.0,633.0
2026-03-13T06:15:00Z,24578.25,24580.25,24568.75,24571.0,483.0
2026-03-13T06:16:00Z,24571.0,24574.25,24566.5,24571.25,406.0
2026-03-13T06:17:00Z,24570.5,24572.75,24568.0,24572.25,231.0
2026-03-13T06:18:00Z,24572.25,24574.75,24569.25,24570.75,397.0
2026-03-13T06:19:00Z,24570.75,24572.5,24568.75,24570.5,114.0
2026-03-13T06:20:00Z,24570.5,24575.25,24567.5,24573.75,285.0
2026-03-13T06:21:00Z,24572.5,24573.25,24566.75,24569.0,164.0
2026-03-13T06:22:00Z,24568.75,24575.25,24568.0,24573.25,175.0
2026-03-13T06:23:00Z,24573.25,24574.0,24570.0,24572.0,172.0
2026-03-13T06:24:00Z,24572.75,24573.25,24565.0,24565.0,203.0
2026-03-13T06:25:00Z,24565.0,24565.5,24551.75,24552.5,1036.0
2026-03-13T06:26:00Z,24552.25,24555.75,24546.5,24553.75,1043.0
2026-03-13T06:27:00Z,24553.25,24557.5,24547.0,24551.25,466.0
2026-03-13T06:28:00Z,24551.0,24554.5,24538.75,24540.0,882.0
2026-03-13T06:29:00Z,24540.0,24553.25,24539.25,24549.25,631.0
2026-03-13T06:30:00Z,24549.0,24559.25,24547.0,24557.5,1146.0
2026-03-13T06:31:00Z,24557.5,24560.0,24546.25,24547.25,619.0
2026-03-13T06:32:00Z,24546.75,24552.5,24542.0,24552.25,725.0
2026-03-13T06:33:00Z,24551.75,24553.5,24531.75,24534.25,853.0
2026-03-13T06:34:00Z,24534.5,24535.75,24529.75,24532.0,668.0
2026-03-13T06:35:00Z,24531.5,24537.5,24529.5,24533.25,455.0
2026-03-13T06:36:00Z,24533.0,24535.0,24528.25,24528.75,433.0
2026-03-13T06:37:00Z,24529.25,24532.25,24519.75,24525.5,1148.0
2026-03-13T06:38:00Z,24525.5,24533.5,24520.25,24533.5,680.0
2026-03-13T06:39:00Z,24534.0,24540.0,24532.75,24538.0,683.0
2026-03-13T06:40:00Z,24537.5,24545.0,24535.5,24543.25,534.0
2026-03-13T06:41:00Z,24542.0,24544.0,24533.5,24542.5,644.0
2026-03-13T06:42:00Z,24543.25,24544.0,24535.75,24538.75,344.0
2026-03-13T06:43:00Z,24538.75,24539.75,24527.0,24528.0,584.0
2026-03-13T06:44:00Z,24528.5,24531.0,24515.0,24516.5,1036.0
2026-03-13T06:45:00Z,24516.5,24520.25,24506.75,24507.25,1211.0
2026-03-13T06:46:00Z,24507.75,24509.5,24503.25,24506.5,661.0
2026-03-13T06:47:00Z,24506.5,24521.0,24505.5,24510.25,989.0
2026-03-13T06:48:00Z,24510.0,24512.75,24496.0,24496.25,1062.0
2026-03-13T06:49:00Z,24496.25,24498.0,24482.0,24488.75,2144.0
2026-03-13T06:50:00Z,24489.75,24505.25,24487.0,24503.25,1278.0
2026-03-13T06:51:00Z,24502.75,24506.5,24499.5,24499.5,583.0
2026-03-13T06:52:00Z,24500.0,24500.0,24492.75,24496.25,452.0
2026-03-13T06:53:00Z,24495.75,24497.75,24489.25,24493.5,547.0
2026-03-13T06:54:00Z,24493.0,24494.25,24479.75,24483.5,935.0
2026-03-13T06:55:00Z,24483.5,24493.25,24480.25,24483.75,768.0
2026-03-13T06:56:00Z,24483.25,24487.75,24477.25,24481.75,643.0
2026-03-13T06:57:00Z,24481.75,24491.75,24480.25,24487.75,557.0
2026-03-13T06:58:00Z,24488.75,24491.0,24483.25,24484.5,377.0
2026-03-13T06:59:00Z,24484.25,24485.75,24476.0,24480.75,546.0
2026-03-13T07:00:00Z,24479.5,24488.25,24476.25,24477.5,1083.0
2026-03-13T07:01:00Z,24478.0,24480.0,24463.25,24470.75,1748.0
2026-03-13T07:02:00Z,24470.0,24471.25,24458.0,24463.75,1508.0
2026-03-13T07:03:00Z,24464.25,24469.25,24458.75,24463.5,753.0
2026-03-13T07:04:00Z,24463.5,24464.5,24452.75,24457.75,1162.0
2026-03-13T07:05:00Z,24457.0,24459.5,24445.0,24451.75,1431.0
2026-03-13T07:06:00Z,24451.0,24455.75,24428.5,24429.25,2428.0
2026-03-13T07:07:00Z,24429.0,24442.75,24428.5,24434.5,1318.0
2026-03-13T07:08:00Z,24434.5,24441.75,24432.5,24439.0,904.0
2026-03-13T07:09:00Z,24438.5,24441.75,24431.5,24432.25,1001.0
2026-03-13T07:10:00Z,24432.25,24440.5,24423.75,24437.0,1567.0
2026-03-13T07:11:00Z,24437.25,24440.0,24430.25,24437.25,996.0
2026-03-13T07:12:00Z,24437.25,24445.25,24436.25,24436.75,1172.0
2026-03-13T07:13:00Z,24436.75,24437.25,24424.0,24431.5,1335.0
2026-03-13T07:14:00Z,24431.0,24439.0,24429.25,24431.75,809.0
2026-03-13T07:15:00Z,24431.5,24431.5,24421.0,24427.5,1183.0
2026-03-13T07:16:00Z,24426.75,24433.75,24415.75,24431.25,1539.0
2026-03-13T07:17:00Z,24431.0,24435.5,24422.25,24424.5,860.0
2026-03-13T07:18:00Z,24424.0,24436.0,24421.5,24431.5,941.0
2026-03-13T07:19:00Z,24431.5,24435.25,24427.0,24434.25,597.0
2026-03-13T07:20:00Z,24434.25,24437.75,24430.75,24434.25,750.0
2026-03-13T07:21:00Z,24434.25,24435.0,24417.5,24418.75,849.0
2026-03-13T07:22:00Z,24418.0,24418.5,24410.5,24412.5,1189.0
2026-03-13T07:23:00Z,24412.25,24425.75,24412.0,24420.0,853.0
2026-03-13T07:24:00Z,24421.25,24437.25,24419.0,24436.75,1180.0
2026-03-13T07:25:00Z,24436.25,24442.75,24434.5,24441.5,1131.0
2026-03-13T07:26:00Z,24441.5,24448.25,24433.75,24438.75,1363.0
2026-03-13T07:27:00Z,24439.0,24447.75,24434.75,24446.25,810.0
2026-03-13T07:28:00Z,24445.75,24455.0,24445.0,24452.75,1268.0
2026-03-13T07:29:00Z,24452.75,24462.25,24452.0,24457.25,1291.0
2026-03-13T07:30:00Z,24457.75,24460.5,24453.25,24453.5,796.0
2026-03-13T07:31:00Z,24454.0,24462.75,24448.75,24450.0,1290.0
2026-03-13T07:32:00Z,24450.25,24461.0,24448.25,24459.5,750.0
2026-03-13T07:33:00Z,24460.25,24466.25,24452.5,24457.5,1071.0
2026-03-13T07:34:00Z,24457.5,24459.75,24452.0,24458.75,628.0
2026-03-13T07:35:00Z,24459.0,24468.0,24455.75,24467.0,759.0
2026-03-13T07:36:00Z,24467.5,24468.0,24461.0,24466.25,726.0
2026-03-13T07:37:00Z,24467.0,24476.0,24465.75,24469.25,1002.0
2026-03-13T07:38:00Z,24469.75,24470.5,24463.25,24465.5,569.0
2026-03-13T07:39:00Z,24465.5,24469.0,24459.5,24461.25,429.0
2026-03-13T07:40:00Z,24461.5,24465.75,24457.75,24457.75,666.0
2026-03-13T07:41:00Z,24458.25,24461.5,24456.0,24458.5,695.0
2026-03-13T07:42:00Z,24459.0,24465.25,24447.75,24459.75,2030.0
2026-03-13T07:43:00Z,24460.25,24464.75,24459.5,24461.0,366.0
2026-03-13T07:44:00Z,24461.0,24462.5,24456.5,24460.75,527.0
2026-03-13T07:45:00Z,24461.0,24462.75,24455.75,24458.75,381.0
2026-03-13T07:46:00Z,24459.25,24463.0,24456.0,24458.25,355.0
2026-03-13T07:47:00Z,24458.5,24461.0,24455.0,24456.5,287.0
2026-03-13T07:48:00Z,24457.0,24458.25,24445.5,24448.25,731.0
2026-03-13T07:49:00Z,24448.5,24452.0,24443.25,24452.0,737.0
2026-03-13T07:50:00Z,24451.25,24459.25,24449.0,24451.0,602.0
2026-03-13T07:51:00Z,24450.75,24453.25,24439.25,24441.75,852.0
2026-03-13T07:52:00Z,24442.0,24452.75,24441.25,24449.0,723.0
2026-03-13T07:53:00Z,24448.75,24449.0,24442.0,24447.0,324.0
2026-03-13T07:54:00Z,24447.0,24448.0,24431.5,24432.75,654.0
2026-03-13T07:55:00Z,24433.25,24435.0,24423.0,24432.0,1179.0
2026-03-13T07:56:00Z,24432.0,24447.5,24431.75,24441.0,794.0
2026-03-13T07:57:00Z,24440.25,24448.0,24434.0,24445.75,647.0
2026-03-13T07:58:00Z,24446.25,24451.25,24442.75,24447.25,543.0
2026-03-13T07:59:00Z,24446.75,24450.5,24445.0,24447.5,503.0
2026-03-13T08:00:00Z,24448.75,24453.75,24436.5,24450.75,1786.0
2026-03-13T08:01:00Z,24451.25,24460.5,24441.75,24444.0,1401.0
2026-03-13T08:02:00Z,24444.25,24450.0,24426.25,24435.0,1419.0
2026-03-13T08:03:00Z,24434.5,24441.75,24427.75,24432.75,1040.0
2026-03-13T08:04:00Z,24432.75,24433.0,24418.5,24422.5,1519.0
2026-03-13T08:05:00Z,24422.5,24429.5,24408.75,24425.25,2216.0
2026-03-13T08:06:00Z,24425.25,24434.25,24419.25,24421.25,1125.0
2026-03-13T08:07:00Z,24421.25,24431.75,24415.0,24428.5,954.0
2026-03-13T08:08:00Z,24428.25,24435.25,24421.25,24423.5,1521.0
2026-03-13T08:09:00Z,24423.75,24425.75,24407.25,24407.75,1652.0
2026-03-13T08:10:00Z,24407.75,24409.25,24398.25,24403.0,1919.0
2026-03-13T08:11:00Z,24403.25,24413.75,24397.5,24411.25,1460.0
2026-03-13T08:12:00Z,24411.5,24415.0,24404.0,24404.5,835.0
2026-03-13T08:13:00Z,24405.0,24409.0,24398.5,24407.25,899.0
2026-03-13T08:14:00Z,24407.25,24415.0,24398.25,24409.75,885.0
2026-03-13T08:15:00Z,24409.5,24415.25,24397.5,24410.0,1389.0
2026-03-13T08:16:00Z,24411.0,24420.25,24410.25,24417.0,966.0
2026-03-13T08:17:00Z,24417.5,24424.75,24417.0,24423.5,1086.0
2026-03-13T08:18:00Z,24424.5,24425.0,24417.5,24421.75,825.0
2026-03-13T08:19:00Z,24421.75,24424.75,24417.0,24420.75,635.0
2026-03-13T08:20:00Z,24418.75,24426.5,24418.5,24420.5,638.0
2026-03-13T08:21:00Z,24420.5,24426.0,24416.75,24422.0,504.0
2026-03-13T08:22:00Z,24422.0,24433.0,24415.5,24427.75,1145.0
2026-03-13T08:23:00Z,24427.75,24435.5,24423.5,24430.0,781.0
2026-03-13T08:24:00Z,24429.25,24434.25,24421.5,24423.0,926.0
2026-03-13T08:25:00Z,24423.5,24430.25,24418.75,24423.25,616.0
2026-03-13T08:26:00Z,24423.5,24430.75,24422.75,24429.75,475.0
2026-03-13T08:27:00Z,24430.5,24431.5,24408.0,24410.25,1322.0
2026-03-13T08:28:00Z,24409.25,24414.0,24406.0,24412.25,759.0
2026-03-13T08:29:00Z,24413.25,24422.0,24413.0,24415.5,810.0
2026-03-13T08:30:00Z,24415.0,24438.5,24414.5,24435.75,1407.0
2026-03-13T08:31:00Z,24434.5,24438.0,24423.25,24438.0,902.0
2026-03-13T08:32:00Z,24438.5,24443.75,24433.25,24441.5,1030.0
2026-03-13T08:33:00Z,24441.25,24445.0,24433.5,24442.5,616.0
2026-03-13T08:34:00Z,24442.5,24447.25,24430.5,24442.75,1108.0
2026-03-13T08:35:00Z,24442.25,24448.75,24439.5,24447.25,782.0
2026-03-13T08:36:00Z,24447.5,24456.25,24445.5,24453.25,1057.0
2026-03-13T08:37:00Z,24453.75,24460.5,24452.0,24459.5,1020.0
2026-03-13T08:38:00Z,24458.75,24470.5,24455.25,24469.75,1098.0
2026-03-13T08:39:00Z,24470.5,24483.0,24469.0,24472.5,1567.0
2026-03-13T08:40:00Z,24472.5,24482.25,24471.75,24480.75,919.0
2026-03-13T08:41:00Z,24480.0,24481.25,24470.0,24475.25,757.0
2026-03-13T08:42:00Z,24475.25,24479.5,24469.75,24469.75,526.0
2026-03-13T08:43:00Z,24470.0,24476.5,24464.5,24476.25,924.0
2026-03-13T08:44:00Z,24476.5,24480.25,24467.5,24468.25,677.0
2026-03-13T08:45:00Z,24468.75,24473.5,24460.75,24463.75,885.0
2026-03-13T08:46:00Z,24463.75,24467.5,24457.0,24458.75,610.0
2026-03-13T08:47:00Z,24458.0,24469.25,24456.0,24468.5,666.0
2026-03-13T08:48:00Z,24469.25,24476.25,24464.0,24473.75,470.0
2026-03-13T08:49:00Z,24473.25,24492.75,24472.75,24491.5,1428.0
2026-03-13T08:50:00Z,24491.0,24498.5,24488.75,24497.0,1208.0
2026-03-13T08:51:00Z,24496.75,24506.75,24496.75,24505.75,1014.0
2026-03-13T08:52:00Z,24505.75,24518.25,24502.25,24517.5,1407.0
2026-03-13T08:53:00Z,24517.75,24523.25,24513.75,24517.25,1248.0
2026-03-13T08:54:00Z,24518.0,24520.25,24508.0,24509.5,937.0
2026-03-13T08:55:00Z,24510.0,24511.25,24505.0,24509.5,872.0
2026-03-13T08:56:00Z,24509.25,24519.0,24506.0,24518.5,772.0
2026-03-13T08:57:00Z,24517.75,24523.75,24513.25,24522.5,907.0
2026-03-13T08:58:00Z,24522.0,24523.75,24513.75,24517.0,528.0
2026-03-13T08:59:00Z,24517.5,24519.0,24511.75,24513.0,526.0
2026-03-13T09:00:00Z,24513.25,24547.0,24513.25,24529.25,5014.0
2026-03-13T09:01:00Z,24529.25,24546.5,24521.0,24541.0,2212.0
2026-03-13T09:02:00Z,24540.75,24566.0,24539.5,24565.0,1951.0
2026-03-13T09:03:00Z,24565.0,24574.75,24552.75,24554.5,2136.0
2026-03-13T09:04:00Z,24554.75,24560.0,24543.5,24548.25,1499.0
2026-03-13T09:05:00Z,24548.5,24555.75,24542.25,24545.5,989.0
2026-03-13T09:06:00Z,24545.0,24546.5,24532.5,24540.75,1489.0
2026-03-13T09:07:00Z,24541.5,24543.25,24531.25,24537.0,884.0
2026-03-13T09:08:00Z,24537.0,24542.75,24533.25,24537.5,825.0
2026-03-13T09:09:00Z,24537.75,24538.25,24528.25,24529.0,773.0
2026-03-13T09:10:00Z,24529.75,24531.5,24520.0,24525.0,950.0
2026-03-13T09:11:00Z,24525.75,24547.5,24520.0,24521.0,1838.0
2026-03-13T09:12:00Z,24521.0,24532.75,24516.0,24532.25,921.0
2026-03-13T09:13:00Z,24532.25,24533.0,24525.0,24526.5,526.0
2026-03-13T09:14:00Z,24527.0,24531.75,24522.0,24530.5,653.0
2026-03-13T09:15:00Z,24530.75,24534.0,24521.25,24525.5,662.0
2026-03-13T09:16:00Z,24525.0,24527.5,24518.75,24519.75,406.0
2026-03-13T09:17:00Z,24519.5,24525.0,24514.25,24525.0,736.0
2026-03-13T09:18:00Z,24524.5,24530.25,24521.75,24530.25,516.0
2026-03-13T09:19:00Z,24530.75,24537.25,24524.25,24531.5,894.0
2026-03-13T09:20:00Z,24531.25,24542.75,24527.5,24535.0,762.0
2026-03-13T09:21:00Z,24535.25,24538.25,24532.5,24538.25,520.0
2026-03-13T09:22:00Z,24537.75,24537.75,24524.75,24527.0,504.0
2026-03-13T09:23:00Z,24527.0,24532.0,24521.75,24524.75,546.0
2026-03-13T09:24:00Z,24524.75,24524.75,24514.5,24516.5,569.0
2026-03-13T09:25:00Z,24517.0,24525.25,24512.5,24519.75,649.0
2026-03-13T09:26:00Z,24519.5,24530.75,24518.0,24529.25,575.0
2026-03-13T09:27:00Z,24530.5,24535.0,24526.5,24528.75,685.0
2026-03-13T09:28:00Z,24529.0,24531.25,24525.5,24527.25,457.0
2026-03-13T09:29:00Z,24528.0,24533.0,24526.75,24527.5,316.0
2026-03-13T09:30:00Z,24527.0,24533.5,24523.25,24528.25,429.0
2026-03-13T09:31:00Z,24528.25,24530.75,24516.5,24521.0,688.0
2026-03-13T09:32:00Z,24520.0,24521.25,24514.5,24518.0,636.0
2026-03-13T09:33:00Z,24518.25,24521.5,24512.5,24516.5,645.0
2026-03-13T09:34:00Z,24516.5,24528.5,24516.5,24520.0,552.0
2026-03-13T09:35:00Z,24519.25,24533.25,24517.0,24530.25,559.0
2026-03-13T09:36:00Z,24530.0,24531.25,24520.5,24526.25,508.0
2026-03-13T09:37:00Z,24526.5,24533.5,24523.75,24532.75,445.0
2026-03-13T09:38:00Z,24533.0,24533.25,24520.25,24524.5,693.0
2026-03-13T09:39:00Z,24523.5,24523.75,24509.5,24513.75,835.0
2026-03-13T09:40:00Z,24513.5,24521.75,24512.5,24515.75,710.0
2026-03-13T09:41:00Z,24516.0,24528.0,24515.5,24521.75,488.0
2026-03-13T09:42:00Z,24521.75,24522.75,24515.0,24520.75,448.0
2026-03-13T09:43:00Z,24520.75,24530.75,24518.75,24530.25,482.0
2026-03-13T09:44:00Z,24530.0,24534.75,24528.25,24529.5,561.0
2026-03-13T09:45:00Z,24529.0,24530.5,24524.75,24528.0,411.0
2026-03-13T09:46:00Z,24526.25,24530.0,24523.25,24524.75,430.0
2026-03-13T09:47:00Z,24524.25,24527.5,24518.5,24521.75,471.0
2026-03-13T09:48:00Z,24522.5,24539.0,24520.75,24534.0,780.0
2026-03-13T09:49:00Z,24534.5,24538.5,24528.25,24537.25,632.0
2026-03-13T09:50:00Z,24536.75,24547.25,24536.0,24539.25,858.0
2026-03-13T09:51:00Z,24539.25,24553.0,24537.0,24551.25,667.0
2026-03-13T09:52:00Z,24551.0,24553.0,24543.5,24545.0,1032.0
2026-03-13T09:53:00Z,24545.0,24545.75,24531.5,24538.5,704.0
2026-03-13T09:54:00Z,24540.0,24540.75,24535.25,24538.0,499.0
2026-03-13T09:55:00Z,24538.0,24538.0,24527.75,24533.25,464.0
2026-03-13T09:56:00Z,24533.5,24545.25,24532.75,24541.5,548.0
2026-03-13T09:57:00Z,24542.0,24544.5,24535.25,24535.75,416.0
2026-03-13T09:58:00Z,24536.0,24537.5,24531.25,24533.75,446.0
2026-03-13T09:59:00Z,24533.75,24537.25,24529.0,24530.25,360.0
2026-03-13T10:00:00Z,24532.0,24539.25,24525.0,24539.0,1016.0
2026-03-13T10:01:00Z,24538.75,24551.5,24534.75,24550.25,1058.0
2026-03-13T10:02:00Z,24550.75,24566.25,24546.25,24564.25,1344.0
2026-03-13T10:03:00Z,24564.5,24565.25,24554.0,24556.25,826.0
2026-03-13T10:04:00Z,24556.5,24561.25,24553.25,24554.0,535.0
2026-03-13T10:05:00Z,24554.25,24568.25,24553.75,24567.25,675.0
2026-03-13T10:06:00Z,24567.75,24568.75,24564.0,24566.75,494.0
2026-03-13T10:07:00Z,24566.5,24566.5,24558.75,24561.0,396.0
2026-03-13T10:08:00Z,24560.5,24566.0,24559.5,24562.25,408.0
2026-03-13T10:09:00Z,24562.25,24563.75,24555.5,24558.5,484.0
2026-03-13T10:10:00Z,24559.5,24573.0,24559.5,24571.75,606.0
2026-03-13T10:11:00Z,24572.25,24584.0,24572.0,24580.25,1264.0
2026-03-13T10:12:00Z,24580.5,24592.0,24580.25,24590.25,1127.0
2026-03-13T10:13:00Z,24590.75,24594.75,24586.25,24589.0,994.0
2026-03-13T10:14:00Z,24589.5,24592.25,24586.0,24589.75,568.0
2026-03-13T10:15:00Z,24589.5,24595.25,24587.5,24592.25,573.0
2026-03-13T10:16:00Z,24591.75,24593.0,24587.5,24589.75,395.0
2026-03-13T10:17:00Z,24590.0,24593.5,24588.5,24592.75,388.0
2026-03-13T10:18:00Z,24593.5,24596.25,24590.75,24594.0,450.0
2026-03-13T10:19:00Z,24594.25,24605.25,24589.75,24604.25,971.0
2026-03-13T10:20:00Z,24604.5,24613.25,24599.5,24599.75,1131.0
2026-03-13T10:21:00Z,24600.5,24608.0,24599.75,24605.25,737.0
2026-03-13T10:22:00Z,24605.75,24607.0,24601.0,24604.75,533.0
2026-03-13T10:23:00Z,24605.75,24606.75,24601.25,24604.5,518.0
2026-03-13T10:24:00Z,24605.0,24605.0,24596.5,24598.0,578.0
2026-03-13T10:25:00Z,24597.25,24601.25,24589.5,24590.75,685.0
2026-03-13T10:26:00Z,24590.75,24593.25,24587.0,24590.25,590.0
2026-03-13T10:27:00Z,24591.0,24591.5,24583.5,24584.5,534.0
2026-03-13T10:28:00Z,24584.75,24586.25,24580.0,24581.5,696.0
2026-03-13T10:29:00Z,24581.5,24585.75,24578.5,24584.5,563.0
2026-03-13T10:30:00Z,24585.75,24586.25,24571.5,24576.25,859.0
2026-03-13T10:31:00Z,24576.75,24577.5,24569.5,24572.25,484.0
2026-03-13T10:32:00Z,24572.0,24579.5,24568.25,24578.25,706.0
2026-03-13T10:33:00Z,24579.0,24582.0,24578.0,24580.25,467.0
2026-03-13T10:34:00Z,24580.25,24587.25,24578.75,24584.25,559.0
2026-03-13T10:35:00Z,24584.25,24587.25,24580.25,24582.25,472.0
2026-03-13T10:36:00Z,24581.5,24582.25,24574.25,24577.75,523.0
2026-03-13T10:37:00Z,24577.5,24581.5,24576.0,24580.75,275.0
2026-03-13T10:38:00Z,24580.5,24582.75,24576.75,24582.0,313.0
2026-03-13T10:39:00Z,24583.0,24583.5,24579.25,24582.5,257.0
2026-03-13T10:40:00Z,24582.25,24585.0,24578.25,24582.25,350.0
2026-03-13T10:41:00Z,24582.25,24586.25,24579.25,24585.25,259.0
2026-03-13T10:42:00Z,24586.0,24587.0,24575.5,24577.5,379.0
2026-03-13T10:43:00Z,24577.75,24582.25,24577.75,24578.75,213.0
2026-03-13T10:44:00Z,24578.5,24579.75,24574.25,24579.0,315.0
2026-03-13T10:45:00Z,24579.5,24579.5,24573.5,24576.25,281.0
2026-03-13T10:46:00Z,24575.75,24586.0,24575.5,24581.5,813.0
2026-03-13T10:47:00Z,24582.0,24597.0,24580.0,24594.5,2580.0
2026-03-13T10:48:00Z,24594.75,24613.0,24588.5,24603.5,1990.0
2026-03-13T10:49:00Z,24604.0,24613.0,24600.0,24609.75,1302.0
2026-03-13T10:50:00Z,24611.0,24622.25,24604.0,24622.0,1704.0
2026-03-13T10:51:00Z,24621.25,24623.25,24611.75,24615.5,1273.0
2026-03-13T10:52:00Z,24614.75,24617.0,24603.5,24608.0,1513.0
2026-03-13T10:53:00Z,24608.5,24608.75,24599.5,24603.5,762.0
2026-03-13T10:54:00Z,24602.25,24606.5,24596.0,24599.25,863.0
2026-03-13T10:55:00Z,24599.5,24605.0,24596.0,24604.25,521.0
2026-03-13T10:56:00Z,24604.25,24610.75,24600.0,24609.75,775.0
2026-03-13T10:57:00Z,24609.0,24609.25,24598.5,24600.5,475.0
2026-03-13T10:58:00Z,24601.0,24610.5,24600.75,24610.5,577.0
2026-03-13T10:59:00Z,24610.25,24621.0,24609.25,24618.0,958.0
2026-03-13T11:00:00Z,24618.0,24633.25,24615.0,24629.25,1988.0
2026-03-13T11:01:00Z,24629.0,24635.0,24627.5,24630.75,1244.0
2026-03-13T11:02:00Z,24631.5,24635.25,24628.5,24633.0,799.0
2026-03-13T11:03:00Z,24633.75,24636.5,24630.5,24632.5,691.0
2026-03-13T11:04:00Z,24632.25,24634.75,24629.5,24633.0,558.0
2026-03-13T11:05:00Z,24633.75,24633.75,24621.75,24633.75,1194.0
2026-03-13T11:06:00Z,24633.5,24645.5,24627.75,24628.75,1751.0
2026-03-13T11:07:00Z,24629.0,24636.75,24624.25,24628.0,1589.0
2026-03-13T11:08:00Z,24627.0,24627.75,24608.25,24610.5,2053.0
2026-03-13T11:09:00Z,24611.0,24624.75,24608.75,24624.5,1344.0
2026-03-13T11:10:00Z,24623.75,24627.25,24602.25,24604.5,1569.0
2026-03-13T11:11:00Z,24604.5,24615.5,24604.25,24614.25,1023.0
2026-03-13T11:12:00Z,24614.25,24621.25,24609.25,24616.0,768.0
2026-03-13T11:13:00Z,24616.25,24623.5,24615.25,24615.5,772.0
2026-03-13T11:14:00Z,24615.75,24618.75,24608.5,24617.75,717.0
2026-03-13T11:15:00Z,24617.75,24619.5,24605.0,24610.0,1116.0
2026-03-13T11:16:00Z,24610.75,24623.75,24610.75,24622.75,1083.0
2026-03-13T11:17:00Z,24623.0,24633.5,24617.75,24627.5,803.0
2026-03-13T11:18:00Z,24626.75,24634.5,24626.0,24629.75,750.0
2026-03-13T11:19:00Z,24628.75,24635.75,24628.5,24634.0,556.0
2026-03-13T11:20:00Z,24633.75,24639.0,24630.5,24634.25,579.0
2026-03-13T11:21:00Z,24634.25,24634.75,24625.25,24631.25,618.0
2026-03-13T11:22:00Z,24630.0,24637.0,24629.75,24636.25,557.0
2026-03-13T11:23:00Z,24636.25,24638.25,24628.0,24631.75,645.0
2026-03-13T11:24:00Z,24632.0,24634.25,24627.0,24631.0,555.0
2026-03-13T11:25:00Z,24630.5,24635.0,24628.25,24634.5,360.0
2026-03-13T11:26:00Z,24634.75,24653.5,24634.25,24645.25,2693.0
2026-03-13T11:27:00Z,24645.75,24647.75,24640.75,24642.75,684.0
2026-03-13T11:28:00Z,24642.75,24645.75,24638.25,24639.0,569.0
2026-03-13T11:29:00Z,24639.25,24641.5,24620.5,24629.25,1710.0
2026-03-13T11:30:00Z,24628.75,24631.75,24621.0,24625.25,828.0
2026-03-13T11:31:00Z,24624.0,24637.5,24622.25,24634.25,693.0
2026-03-13T11:32:00Z,24635.0,24638.0,24630.25,24638.0,485.0
2026-03-13T11:33:00Z,24638.0,24641.25,24633.25,24637.25,831.0
2026-03-13T11:34:00Z,24637.0,24638.5,24628.25,24629.0,511.0
2026-03-13T11:35:00Z,24629.0,24633.75,24626.25,24633.0,441.0
2026-03-13T11:36:00Z,24632.5,24639.75,24628.75,24636.75,560.0
2026-03-13T11:37:00Z,24636.25,24647.0,24635.75,24643.0,847.0
2026-03-13T11:38:00Z,24642.75,24643.5,24629.5,24631.5,962.0
2026-03-13T11:39:00Z,24631.25,24638.0,24630.0,24635.75,566.0
2026-03-13T11:40:00Z,24635.25,24635.25,24627.0,24634.25,670.0
2026-03-13T11:41:00Z,24634.25,24640.0,24633.25,24634.0,770.0
2026-03-13T11:42:00Z,24634.25,24634.5,24624.5,24633.0,637.0
2026-03-13T11:43:00Z,24632.75,24634.0,24628.25,24630.5,359.0
2026-03-13T11:44:00Z,24632.0,24649.75,24631.25,24648.0,873.0
2026-03-13T11:45:00Z,24648.75,24656.75,24647.5,24650.75,1411.0
2026-03-13T11:46:00Z,24651.25,24654.0,24645.0,24648.25,719.0
2026-03-13T11:47:00Z,24648.25,24649.0,24640.75,24649.0,742.0
2026-03-13T11:48:00Z,24648.5,24649.25,24640.25,24640.25,598.0
2026-03-13T11:49:00Z,24640.25,24649.25,24639.75,24644.25,529.0
2026-03-13T11:50:00Z,24644.25,24644.5,24638.0,24644.0,620.0
2026-03-13T11:51:00Z,24644.5,24660.0,24643.75,24655.25,1435.0
2026-03-13T11:52:00Z,24655.5,24657.75,24648.75,24653.25,721.0
2026-03-13T11:53:00Z,24652.75,24662.25,24651.5,24657.25,973.0
2026-03-13T11:54:00Z,24658.0,24660.75,24647.75,24653.5,816.0
2026-03-13T11:55:00Z,24653.25,24664.25,24652.75,24663.0,809.0
2026-03-13T11:56:00Z,24662.75,24665.25,24660.0,24664.5,654.0
2026-03-13T11:57:00Z,24664.25,24665.0,24655.0,24657.5,719.0
2026-03-13T11:58:00Z,24657.75,24665.0,24656.75,24659.25,910.0
2026-03-13T11:59:00Z,24658.75,24664.5,24656.5,24662.75,580.0
2026-03-13T12:00:00Z,24662.5,24669.5,24662.0,24664.5,1333.0
2026-03-13T12:01:00Z,24663.75,24671.5,24656.75,24668.5,1159.0
2026-03-13T12:02:00Z,24669.25,24676.75,24668.5,24672.25,1262.0
2026-03-13T12:03:00Z,24672.25,24674.75,24666.0,24667.75,776.0
2026-03-13T12:04:00Z,24668.25,24668.5,24654.25,24655.0,1250.0
2026-03-13T12:05:00Z,24654.75,24657.25,24646.0,24648.5,1133.0
2026-03-13T12:06:00Z,24648.0,24648.0,24640.25,24643.25,1183.0
2026-03-13T12:07:00Z,24643.25,24653.5,24641.75,24651.0,1185.0
2026-03-13T12:08:00Z,24651.0,24651.75,24644.25,24651.75,639.0
2026-03-13T12:09:00Z,24651.25,24651.25,24644.0,24644.5,455.0
2026-03-13T12:10:00Z,24644.5,24649.5,24636.75,24641.0,1011.0
2026-03-13T12:11:00Z,24639.5,24646.75,24635.25,24642.5,794.0
2026-03-13T12:12:00Z,24642.75,24647.0,24635.5,24636.25,522.0
2026-03-13T12:13:00Z,24636.25,24645.0,24636.0,24642.5,559.0
2026-03-13T12:14:00Z,24643.25,24653.5,24640.0,24650.0,732.0
2026-03-13T12:15:00Z,24650.25,24652.5,24642.75,24645.5,632.0
2026-03-13T12:16:00Z,24645.25,24652.5,24643.75,24649.5,592.0
2026-03-13T12:17:00Z,24649.25,24652.5,24647.0,24648.25,462.0
2026-03-13T12:18:00Z,24649.0,24651.0,24638.25,24644.75,905.0
2026-03-13T12:19:00Z,24644.75,24647.5,24640.25,24644.25,484.0
2026-03-13T12:20:00Z,24644.75,24644.75,24631.0,24634.0,1051.0
2026-03-13T12:21:00Z,24634.5,24640.5,24630.25,24634.0,748.0
2026-03-13T12:22:00Z,24634.25,24642.75,24633.25,24634.75,769.0
2026-03-13T12:23:00Z,24634.75,24642.25,24633.0,24637.5,464.0
2026-03-13T12:24:00Z,24637.0,24640.75,24635.5,24637.5,406.0
2026-03-13T12:25:00Z,24637.25,24642.0,24633.0,24634.0,960.0
2026-03-13T12:26:00Z,24634.75,24644.25,24634.0,24640.25,596.0
2026-03-13T12:27:00Z,24640.5,24652.5,24639.75,24650.5,781.0
2026-03-13T12:28:00Z,24651.0,24659.0,24650.5,24656.75,1219.0
2026-03-13T12:29:00Z,24656.25,24657.5,24648.75,24653.75,1329.0
2026-03-13T12:30:00Z,24653.75,24680.25,24649.0,24671.75,3657.0
2026-03-13T12:31:00Z,24671.5,24672.0,24658.25,24665.25,2250.0
2026-03-13T12:32:00Z,24664.75,24671.0,24657.5,24666.75,1225.0
2026-03-13T12:33:00Z,24666.25,24668.25,24652.0,24665.0,1521.0
2026-03-13T12:34:00Z,24665.0,24666.75,24658.0,24660.0,821.0
2026-03-13T12:35:00Z,24659.75,24659.75,24644.0,24645.0,1455.0
2026-03-13T12:36:00Z,24645.0,24650.0,24640.25,24649.75,1502.0
2026-03-13T12:37:00Z,24649.5,24653.5,24640.75,24641.75,935.0
2026-03-13T12:38:00Z,24641.75,24643.75,24634.0,24636.5,1359.0
2026-03-13T12:39:00Z,24637.5,24654.75,24635.5,24653.25,1329.0
2026-03-13T12:40:00Z,24653.75,24655.75,24646.25,24650.75,1289.0
2026-03-13T12:41:00Z,24651.75,24660.25,24646.25,24657.0,1180.0
2026-03-13T12:42:00Z,24656.75,24663.5,24652.25,24653.5,1084.0
2026-03-13T12:43:00Z,24653.25,24658.75,24650.25,24653.0,671.0
2026-03-13T12:44:00Z,24654.0,24660.5,24652.25,24659.25,667.0
2026-03-13T12:45:00Z,24659.25,24728.5,24657.75,24724.5,10251.0
2026-03-13T12:46:00Z,24723.5,24735.25,24703.5,24703.75,6472.0
2026-03-13T12:47:00Z,24703.75,24712.0,24684.5,24690.75,3466.0
2026-03-13T12:48:00Z,24690.0,24702.0,24688.0,24689.75,2445.0
2026-03-13T12:49:00Z,24690.5,24693.0,24682.0,24685.25,1683.0
2026-03-13T12:50:00Z,24685.5,24688.5,24676.5,24681.75,2089.0
2026-03-13T12:51:00Z,24681.5,24683.0,24670.75,24675.5,1668.0
2026-03-13T12:52:00Z,24675.5,24684.0,24673.0,24680.5,1662.0
2026-03-13T12:53:00Z,24680.0,24682.5,24667.75,24669.0,1169.0
2026-03-13T12:54:00Z,24669.75,24676.0,24662.25,24672.5,1563.0
2026-03-13T12:55:00Z,24673.0,24674.25,24666.5,24670.5,809.0
2026-03-13T12:56:00Z,24670.5,24681.75,24670.0,24677.75,1423.0
2026-03-13T12:57:00Z,24677.75,24678.25,24667.75,24674.0,1027.0
2026-03-13T12:58:00Z,24673.75,24680.75,24671.0,24680.5,865.0
2026-03-13T12:59:00Z,24680.0,24683.0,24674.25,24681.25,894.0
2026-03-13T13:00:00Z,24680.75,24688.5,24671.75,24676.5,2540.0
2026-03-13T13:01:00Z,24677.0,24689.75,24676.0,24684.5,1418.0
2026-03-13T13:02:00Z,24684.5,24687.5,24676.75,24682.25,1274.0
2026-03-13T13:03:00Z,24681.5,24683.0,24642.0,24664.25,4393.0
2026-03-13T13:04:00Z,24664.0,24677.5,24659.75,24676.0,3457.0
2026-03-13T13:05:00Z,24676.0,24680.75,24664.0,24678.25,1491.0
2026-03-13T13:06:00Z,24678.5,24681.75,24674.5,24678.25,997.0
2026-03-13T13:07:00Z,24677.75,24681.25,24668.0,24671.0,877.0
2026-03-13T13:08:00Z,24670.75,24673.25,24657.25,24657.5,1117.0
2026-03-13T13:09:00Z,24657.75,24659.25,24652.0,24657.0,1280.0
2026-03-13T13:10:00Z,24657.75,24657.75,24643.75,24648.25,1634.0
2026-03-13T13:11:00Z,24648.5,24662.0,24647.75,24659.0,1152.0
2026-03-13T13:12:00Z,24659.5,24669.5,24658.5,24665.0,1238.0
2026-03-13T13:13:00Z,24665.0,24672.25,24663.0,24671.0,895.0
2026-03-13T13:14:00Z,24671.0,24672.5,24664.5,24668.0,873.0
2026-03-13T13:15:00Z,24667.75,24670.5,24661.25,24662.5,932.0
2026-03-13T13:16:00Z,24663.0,24667.0,24658.5,24663.75,939.0
2026-03-13T13:17:00Z,24664.75,24673.75,24664.25,24671.25,1005.0
2026-03-13T13:18:00Z,24671.5,24678.0,24669.75,24677.0,990.0
2026-03-13T13:19:00Z,24677.0,24683.75,24673.5,24682.5,1178.0
2026-03-13T13:20:00Z,24682.75,24682.75,24669.5,24670.0,1359.0
2026-03-13T13:21:00Z,24670.5,24672.5,24661.5,24671.5,1305.0
2026-03-13T13:22:00Z,24670.75,24675.75,24668.5,24669.75,1003.0
2026-03-13T13:23:00Z,24670.25,24674.25,24666.5,24670.75,797.0
2026-03-13T13:24:00Z,24670.25,24684.5,24670.25,24681.0,1155.0
2026-03-13T13:25:00Z,24681.5,24683.5,24653.5,24658.5,2573.0
2026-03-13T13:26:00Z,24658.25,24664.0,24652.25,24661.25,1111.0
2026-03-13T13:27:00Z,24661.0,24662.0,24649.0,24654.25,1736.0
2026-03-13T13:28:00Z,24655.0,24658.0,24648.25,24652.75,1406.0
2026-03-13T13:29:00Z,24652.75,24654.0,24637.25,24645.5,3092.0
2026-03-13T13:30:00Z,24645.5,24688.0,24637.0,24666.75,12727.0
2026-03-13T13:31:00Z,24666.0,24680.75,24648.0,24666.75,8700.0
2026-03-13T13:32:00Z,24666.0,24672.0,24653.5,24663.25,5768.0
2026-03-13T13:33:00Z,24663.5,24701.5,24660.25,24662.25,10884.0
2026-03-13T13:34:00Z,24662.75,24676.0,24649.0,24660.75,7353.0
2026-03-13T13:35:00Z,24660.25,24664.25,24618.0,24634.25,10774.0
2026-03-13T13:36:00Z,24634.0,24636.0,24611.0,24629.0,8233.0
2026-03-13T13:37:00Z,24628.5,24666.0,24620.5,24658.75,9216.0
2026-03-13T13:38:00Z,24659.25,24680.0,24644.25,24676.5,8804.0
2026-03-13T13:39:00Z,24676.0,24694.75,24667.5,24676.75,8773.0
2026-03-13T13:40:00Z,24677.0,24686.25,24666.0,24684.25,5934.0
2026-03-13T13:41:00Z,24684.0,24705.25,24681.75,24700.5,6263.0
2026-03-13T13:42:00Z,24700.75,24729.5,24692.75,24727.0,9876.0
2026-03-13T13:43:00Z,24726.75,24755.0,24714.25,24754.25,12012.0
2026-03-13T13:44:00Z,24754.5,24772.75,24751.5,24770.0,8914.0
2026-03-13T13:45:00Z,24770.0,24797.25,24762.0,24795.75,9982.0
2026-03-13T13:46:00Z,24795.25,24805.0,24776.5,24787.75,9767.0
2026-03-13T13:47:00Z,24787.5,24791.25,24771.75,24790.75,6305.0
2026-03-13T13:48:00Z,24790.25,24793.0,24763.0,24770.75,6612.0
2026-03-13T13:49:00Z,24770.0,24772.75,24755.0,24755.0,6438.0
2026-03-13T13:50:00Z,24756.0,24758.0,24736.0,24738.25,8578.0
2026-03-13T13:51:00Z,24738.0,24751.25,24735.5,24744.0,5105.0
2026-03-13T13:52:00Z,24744.25,24773.75,24742.75,24752.25,7470.0
2026-03-13T13:53:00Z,24752.75,24789.75,24746.75,24788.0,7120.0
2026-03-13T13:54:00Z,24788.25,24797.0,24774.75,24789.25,7909.0
2026-03-13T13:55:00Z,24789.0,24792.5,24776.75,24784.25,4537.0
2026-03-13T13:56:00Z,24783.75,24785.0,24747.25,24755.0,8186.0
2026-03-13T13:57:00Z,24755.0,24762.5,24732.0,24740.25,6386.0
2026-03-13T13:58:00Z,24739.75,24747.75,24728.0,24744.75,4146.0
2026-03-13T13:59:00Z,24745.0,24748.25,24720.75,24727.75,4432.0
2026-03-13T14:00:00Z,24728.0,24765.5,24724.75,24752.0,7604.0
2026-03-13T14:01:00Z,24752.0,24756.0,24730.0,24744.0,4985.0
2026-03-13T14:02:00Z,24744.25,24744.75,24696.5,24698.0,9280.0
2026-03-13T14:03:00Z,24697.75,24710.5,24693.5,24696.75,6552.0
2026-03-13T14:04:00Z,24696.5,24721.75,24696.25,24711.5,6299.0
2026-03-13T14:05:00Z,24711.0,24735.0,24700.5,24700.5,8285.0
2026-03-13T14:06:00Z,24700.75,24723.25,24696.5,24719.0,5480.0
2026-03-13T14:07:00Z,24719.0,24727.0,24699.25,24699.75,4572.0
2026-03-13T14:08:00Z,24700.0,24702.75,24680.25,24686.75,8662.0
2026-03-13T14:09:00Z,24686.5,24705.25,24678.0,24685.75,6297.0
2026-03-13T14:10:00Z,24686.25,24694.25,24663.5,24669.0,8917.0
2026-03-13T14:11:00Z,24668.75,24686.25,24658.25,24671.0,7160.0
2026-03-13T14:12:00Z,24670.5,24684.5,24664.75,24674.75,6019.0
2026-03-13T14:13:00Z,24674.5,24683.5,24663.25,24669.0,4261.0
2026-03-13T14:14:00Z,24669.5,24682.5,24666.75,24666.75,3638.0
2026-03-13T14:15:00Z,24666.75,24674.5,24654.0,24659.75,5975.0
2026-03-13T14:16:00Z,24659.5,24685.5,24653.75,24657.0,6739.0
2026-03-13T14:17:00Z,24657.75,24667.0,24635.5,24640.5,7886.0
2026-03-13T14:18:00Z,24640.75,24654.5,24633.75,24642.0,6792.0
2026-03-13T14:19:00Z,24641.75,24658.5,24638.0,24655.5,4694.0
2026-03-13T14:20:00Z,24655.0,24691.0,24652.75,24669.5,10510.0
2026-03-13T14:21:00Z,24669.75,24683.5,24661.25,24676.75,5033.0
2026-03-13T14:22:00Z,24676.25,24678.75,24662.25,24663.25,3746.0
2026-03-13T14:23:00Z,24662.75,24687.75,24653.75,24686.75,5798.0
2026-03-13T14:24:00Z,24686.0,24691.5,24665.5,24671.0,5667.0
2026-03-13T14:25:00Z,24671.25,24676.0,24663.0,24668.75,3560.0
2026-03-13T14:26:00Z,24669.5,24686.0,24655.0,24673.25,5260.0
2026-03-13T14:27:00Z,24674.0,24703.5,24671.5,24682.5,7026.0
2026-03-13T14:28:00Z,24682.5,24688.75,24659.25,24685.0,6167.0
2026-03-13T14:29:00Z,24684.25,24688.25,24673.5,24674.25,3196.0
2026-03-13T14:30:00Z,24674.5,24701.0,24666.0,24699.75,5889.0
2026-03-13T14:31:00Z,24699.25,24727.25,24695.0,24725.75,8572.0
2026-03-13T14:32:00Z,24726.25,24728.25,24715.0,24725.0,4706.0
2026-03-13T14:33:00Z,24725.5,24726.75,24703.5,24706.0,4329.0
2026-03-13T14:34:00Z,24706.25,24706.25,24677.5,24689.25,7246.0
2026-03-13T14:35:00Z,24689.0,24691.0,24641.0,24643.5,8405.0
2026-03-13T14:36:00Z,24644.0,24660.25,24639.25,24642.25,6143.0
2026-03-13T14:37:00Z,24642.5,24685.75,24642.5,24665.75,7783.0
2026-03-13T14:38:00Z,24666.0,24676.75,24658.75,24671.25,3980.0
2026-03-13T14:39:00Z,24670.0,24684.5,24659.0,24661.5,4741.0
2026-03-13T14:40:00Z,24660.75,24662.5,24624.75,24630.5,8213.0
2026-03-13T14:41:00Z,24629.75,24631.0,24613.0,24616.75,6113.0
2026-03-13T14:42:00Z,24616.75,24631.75,24602.5,24623.5,8726.0
2026-03-13T14:43:00Z,24622.25,24628.25,24606.75,24608.75,4047.0
2026-03-13T14:44:00Z,24608.5,24614.5,24594.0,24595.25,6175.0
2026-03-13T14:45:00Z,24596.5,24597.5,24582.0,24585.25,8095.0
2026-03-13T14:46:00Z,24585.25,24593.0,24551.75,24553.25,10182.0
2026-03-13T14:47:00Z,24553.25,24567.25,24545.75,24554.0,8906.0
2026-03-13T14:48:00Z,24554.0,24581.25,24553.0,24568.5,7939.0
2026-03-13T14:49:00Z,24568.5,24582.5,24559.0,24572.25,5815.0
2026-03-13T14:50:00Z,24571.5,24597.75,24560.0,24575.25,8789.0
2026-03-13T14:51:00Z,24574.25,24581.25,24561.5,24561.75,4858.0
2026-03-13T14:52:00Z,24561.5,24566.75,24542.0,24548.5,7568.0
2026-03-13T14:53:00Z,24549.75,24572.75,24539.25,24561.25,7983.0
2026-03-13T14:54:00Z,24560.75,24567.0,24545.5,24547.0,4232.0
2026-03-13T14:55:00Z,24546.75,24561.25,24525.5,24526.5,7458.0
2026-03-13T14:56:00Z,24527.0,24531.0,24495.75,24498.0,10628.0
2026-03-13T14:57:00Z,24498.0,24509.25,24486.25,24495.5,8200.0
2026-03-13T14:58:00Z,24495.0,24505.25,24487.75,24498.75,5777.0
2026-03-13T14:59:00Z,24499.5,24514.0,24480.75,24491.0,7604.0
2026-03-13T15:00:00Z,24490.5,24509.0,24470.75,24476.5,11977.0
2026-03-13T15:01:00Z,24476.25,24485.75,24470.0,24472.5,6002.0
2026-03-13T15:02:00Z,24472.75,24481.75,24462.75,24468.5,5371.0
2026-03-13T15:03:00Z,24468.25,24491.75,24461.5,24477.0,7073.0
2026-03-13T15:04:00Z,24476.25,24489.0,24471.0,24486.25,4320.0
2026-03-13T15:05:00Z,24486.0,24507.5,24480.25,24483.5,7344.0
2026-03-13T15:06:00Z,24483.0,24496.0,24474.75,24476.5,4869.0
2026-03-13T15:07:00Z,24476.25,24504.25,24472.25,24498.75,5464.0
2026-03-13T15:08:00Z,24498.75,24518.25,24494.0,24514.75,7450.0
2026-03-13T15:09:00Z,24515.5,24527.0,24513.5,24526.75,5651.0
2026-03-13T15:10:00Z,24526.75,24538.0,24525.5,24532.0,5024.0
2026-03-13T15:11:00Z,24532.5,24538.75,24516.5,24533.5,5346.0
2026-03-13T15:12:00Z,24533.5,24561.5,24533.5,24550.5,7141.0
2026-03-13T15:13:00Z,24551.0,24568.0,24540.0,24564.5,4797.0
2026-03-13T15:14:00Z,24565.0,24569.5,24557.75,24561.5,4060.0
2026-03-13T15:15:00Z,24561.75,24564.0,24544.0,24553.0,5635.0
2026-03-13T15:16:00Z,24552.5,24556.25,24542.25,24544.25,3239.0
2026-03-13T15:17:00Z,24544.0,24545.5,24529.5,24538.0,4841.0
2026-03-13T15:18:00Z,24538.0,24548.75,24527.5,24540.25,3805.0
2026-03-13T15:19:00Z,24540.0,24543.75,24520.0,24521.5,3274.0
2026-03-13T15:20:00Z,24521.5,24531.75,24511.5,24524.5,5559.0
2026-03-13T15:21:00Z,24524.75,24543.0,24519.25,24532.0,4127.0
2026-03-13T15:22:00Z,24532.5,24543.5,24528.25,24529.0,2977.0
2026-03-13T15:23:00Z,24530.0,24531.0,24500.75,24502.25,5393.0
2026-03-13T15:24:00Z,24502.0,24503.75,24477.75,24479.25,7079.0
2026-03-13T15:25:00Z,24479.5,24483.25,24470.25,24473.25,4777.0
2026-03-13T15:26:00Z,24473.75,24484.5,24466.75,24473.5,5165.0
2026-03-13T15:27:00Z,24473.5,24481.5,24462.0,24465.0,4203.0
2026-03-13T15:28:00Z,24464.25,24479.5,24464.0,24470.0,3119.0
2026-03-13T15:29:00Z,24469.75,24477.25,24464.75,24470.0,2780.0
2026-03-13T15:30:00Z,24469.5,24479.0,24455.25,24469.25,5824.0
2026-03-13T15:31:00Z,24469.0,24488.25,24468.25,24469.75,6048.0
2026-03-13T15:32:00Z,24469.75,24481.75,24469.75,24472.25,2948.0
2026-03-13T15:33:00Z,24472.5,24482.0,24459.0,24461.75,4463.0
2026-03-13T15:34:00Z,24462.0,24496.5,24461.5,24486.25,5888.0
2026-03-13T15:35:00Z,24486.0,24494.75,24463.25,24464.75,5300.0
2026-03-13T15:36:00Z,24465.25,24469.25,24441.5,24448.75,8801.0
2026-03-13T15:37:00Z,24448.75,24473.75,24441.0,24467.0,6771.0
2026-03-13T15:38:00Z,24467.25,24479.0,24457.0,24475.75,5326.0
2026-03-13T15:39:00Z,24475.75,24481.5,24456.25,24462.25,4400.0
2026-03-13T15:40:00Z,24462.25,24472.25,24449.75,24454.0,3835.0
2026-03-13T15:41:00Z,24453.5,24454.25,24424.25,24431.5,7051.0
2026-03-13T15:42:00Z,24431.75,24436.25,24421.5,24423.25,4117.0
2026-03-13T15:43:00Z,24423.5,24426.0,24406.0,24406.75,5752.0
2026-03-13T15:44:00Z,24406.25,24419.5,24402.5,24414.25,5458.0
2026-03-13T15:45:00Z,24413.75,24428.25,24412.5,24416.75,4688.0
2026-03-13T15:46:00Z,24416.25,24421.25,24396.25,24417.75,7430.0
2026-03-13T15:47:00Z,24417.75,24474.5,24415.0,24466.0,17878.0
2026-03-13T15:48:00Z,24465.75,24469.25,24432.75,24434.25,6783.0
2026-03-13T15:49:00Z,24434.0,24445.5,24428.25,24445.5,3847.0
2026-03-13T15:50:00Z,24445.25,24451.0,24420.5,24442.75,5499.0
2026-03-13T15:51:00Z,24444.25,24450.0,24418.25,24419.75,4810.0
2026-03-13T15:52:00Z,24419.75,24423.5,24398.75,24403.75,5735.0
2026-03-13T15:53:00Z,24403.0,24418.25,24401.75,24408.0,2748.0
2026-03-13T15:54:00Z,24408.5,24429.25,24406.75,24425.5,3236.0
2026-03-13T15:55:00Z,24425.25,24429.75,24404.25,24414.25,3572.0
2026-03-13T15:56:00Z,24415.0,24426.0,24407.75,24414.25,3523.0
2026-03-13T15:57:00Z,24414.5,24416.25,24391.75,24400.75,4779.0
2026-03-13T15:58:00Z,24400.25,24412.25,24400.0,24408.25,2967.0
2026-03-13T15:59:00Z,24408.25,24423.25,24406.75,24409.0,3902.0
2026-03-13T16:00:00Z,24409.0,24432.75,24406.25,24418.5,5017.0
2026-03-13T16:01:00Z,24418.0,24446.25,24414.75,24446.25,5047.0
2026-03-13T16:02:00Z,24445.75,24448.0,24415.25,24424.5,4308.0
2026-03-13T16:03:00Z,24424.75,24447.75,24420.5,24446.75,3178.0
2026-03-13T16:04:00Z,24446.25,24452.0,24436.5,24437.75,3563.0
2026-03-13T16:05:00Z,24438.25,24445.75,24431.5,24436.75,2768.0
2026-03-13T16:06:00Z,24435.25,24447.75,24423.0,24441.75,3896.0
2026-03-13T16:07:00Z,24442.0,24466.5,24439.25,24465.75,4563.0
2026-03-13T16:08:00Z,24466.0,24467.0,24455.25,24455.25,2923.0
2026-03-13T16:09:00Z,24455.0,24461.5,24447.5,24456.25,2832.0
2026-03-13T16:10:00Z,24456.75,24467.0,24451.0,24456.5,3164.0
2026-03-13T16:11:00Z,24456.25,24469.0,24450.75,24467.25,3188.0
2026-03-13T16:12:00Z,24468.0,24474.5,24457.75,24458.0,3708.0
2026-03-13T16:13:00Z,24458.0,24462.0,24407.75,24414.25,7788.0
2026-03-13T16:14:00Z,24413.5,24441.5,24410.75,24435.5,5417.0
2026-03-13T16:15:00Z,24436.25,24449.25,24433.75,24436.5,3497.0
2026-03-13T16:16:00Z,24436.75,24438.0,24419.0,24423.25,4502.0
2026-03-13T16:17:00Z,24423.25,24434.25,24417.0,24426.5,2589.0
2026-03-13T16:18:00Z,24426.5,24437.5,24423.5,24433.0,2681.0
2026-03-13T16:19:00Z,24434.0,24436.0,24427.0,24430.25,1931.0
2026-03-13T16:20:00Z,24430.75,24443.5,24427.75,24436.75,3491.0
2026-03-13T16:21:00Z,24436.75,24454.25,24434.75,24454.0,2866.0
2026-03-13T16:22:00Z,24453.5,24462.5,24448.75,24456.0,3389.0
2026-03-13T16:23:00Z,24455.25,24463.0,24447.75,24450.75,2659.0
2026-03-13T16:24:00Z,24450.0,24460.75,24433.75,24442.0,3423.0
2026-03-13T16:25:00Z,24441.5,24444.0,24433.25,24437.0,2413.0
2026-03-13T16:26:00Z,24436.75,24440.0,24411.5,24415.75,3688.0
2026-03-13T16:27:00Z,24415.5,24445.0,24415.25,24441.0,3870.0
2026-03-13T16:28:00Z,24440.25,24457.25,24435.75,24454.25,2962.0
2026-03-13T16:29:00Z,24453.5,24454.0,24439.25,24444.25,2470.0
2026-03-13T16:30:00Z,24443.75,24461.0,24438.25,24459.75,3379.0
2026-03-13T16:31:00Z,24459.75,24461.75,24444.0,24460.75,2828.0
2026-03-13T16:32:00Z,24460.75,24466.25,24453.0,24455.5,2404.0
2026-03-13T16:33:00Z,24455.5,24471.25,24452.0,24465.75,2763.0
2026-03-13T16:34:00Z,24465.25,24465.25,24436.5,24440.0,4261.0
2026-03-13T16:35:00Z,24440.0,24465.25,24439.5,24457.75,3112.0
2026-03-13T16:36:00Z,24457.0,24485.5,24452.25,24481.5,4687.0
2026-03-13T16:37:00Z,24482.0,24486.0,24473.5,24483.0,3295.0
2026-03-13T16:38:00Z,24483.25,24488.25,24468.75,24471.25,2986.0
2026-03-13T16:39:00Z,24471.5,24471.75,24447.25,24455.5,4200.0
2026-03-13T16:40:00Z,24454.75,24466.0,24450.0,24460.5,2740.0
2026-03-13T16:41:00Z,24460.75,24462.25,24445.5,24456.0,2637.0
2026-03-13T16:42:00Z,24456.0,24470.5,24454.0,24466.0,2472.0
2026-03-13T16:43:00Z,24465.75,24466.5,24448.0,24451.0,2756.0
2026-03-13T16:44:00Z,24450.75,24451.0,24426.5,24428.25,5350.0
2026-03-13T16:45:00Z,24428.0,24432.25,24415.0,24420.25,3654.0
2026-03-13T16:46:00Z,24420.25,24425.5,24405.75,24407.0,2981.0
2026-03-13T16:47:00Z,24407.0,24418.75,24400.25,24416.25,3984.0
2026-03-13T16:48:00Z,24416.25,24427.25,24416.0,24420.75,2836.0
2026-03-13T16:49:00Z,24421.0,24436.25,24418.5,24431.5,3179.0
2026-03-13T16:50:00Z,24431.25,24462.75,24427.75,24462.75,4688.0
2026-03-13T16:51:00Z,24463.0,24465.5,24446.75,24456.0,3060.0
2026-03-13T16:52:00Z,24456.25,24461.0,24447.5,24460.25,2388.0
2026-03-13T16:53:00Z,24459.75,24465.25,24454.0,24465.25,1796.0
2026-03-13T16:54:00Z,24465.5,24472.25,24462.25,24469.0,2052.0
2026-03-13T16:55:00Z,24468.5,24473.75,24437.0,24438.25,3365.0
2026-03-13T16:56:00Z,24438.0,24442.75,24418.25,24421.5,4590.0
2026-03-13T16:57:00Z,24422.0,24439.25,24417.0,24437.75,3248.0
2026-03-13T16:58:00Z,24436.75,24444.5,24406.0,24407.25,5838.0
2026-03-13T16:59:00Z,24407.5,24410.0,24386.0,24396.75,6628.0
2026-03-13T17:00:00Z,24396.25,24412.75,24393.25,24396.0,5015.0
2026-03-13T17:01:00Z,24396.5,24407.25,24396.5,24401.0,2429.0
2026-03-13T17:02:00Z,24401.25,24402.75,24390.75,24395.25,2485.0
2026-03-13T17:03:00Z,24394.75,24405.25,24394.5,24395.75,2092.0
2026-03-13T17:04:00Z,24395.25,24408.0,24395.25,24406.25,1946.0
2026-03-13T17:05:00Z,24406.0,24408.75,24392.25,24394.75,2412.0
2026-03-13T17:06:00Z,24394.75,24419.25,24393.5,24409.25,3437.0
2026-03-13T17:07:00Z,24409.0,24414.0,24402.0,24406.5,2028.0
2026-03-13T17:08:00Z,24406.75,24426.5,24405.5,24424.5,3067.0
2026-03-13T17:09:00Z,24424.5,24435.0,24418.25,24428.25,2730.0
2026-03-13T17:10:00Z,24428.0,24433.75,24413.0,24413.25,2471.0
2026-03-13T17:11:00Z,24413.25,24416.25,24401.75,24408.0,2940.0
2026-03-13T17:12:00Z,24407.75,24453.5,24406.0,24449.25,4767.0
2026-03-13T17:13:00Z,24449.0,24451.0,24438.5,24443.25,2847.0
2026-03-13T17:14:00Z,24443.0,24459.75,24440.0,24459.25,2324.0
2026-03-13T17:15:00Z,24459.75,24469.25,24453.25,24465.25,3621.0
2026-03-13T17:16:00Z,24464.75,24474.25,24460.75,24473.5,2947.0
2026-03-13T17:17:00Z,24472.75,24473.0,24445.75,24454.25,3653.0
2026-03-13T17:18:00Z,24453.75,24458.75,24435.5,24442.75,3792.0
2026-03-13T17:19:00Z,24443.5,24463.5,24435.75,24459.75,3195.0
2026-03-13T17:20:00Z,24459.75,24461.75,24450.75,24451.75,2578.0
2026-03-13T17:21:00Z,24452.5,24459.0,24444.75,24445.5,1812.0
2026-03-13T17:22:00Z,24446.25,24446.5,24419.25,24421.5,4089.0
2026-03-13T17:23:00Z,24421.75,24446.5,24421.25,24441.75,3139.0
2026-03-13T17:24:00Z,24442.5,24459.0,24442.25,24450.75,3225.0
2026-03-13T17:25:00Z,24450.25,24454.0,24439.0,24450.0,2538.0
2026-03-13T17:26:00Z,24449.25,24449.75,24438.25,24439.25,1671.0
2026-03-13T17:27:00Z,24439.5,24441.25,24428.5,24439.25,2097.0
2026-03-13T17:28:00Z,24439.0,24454.5,24438.5,24453.75,2089.0
2026-03-13T17:29:00Z,24453.5,24460.75,24446.25,24450.25,1903.0
2026-03-13T17:30:00Z,24448.75,24456.0,24429.5,24431.75,2935.0
2026-03-13T17:31:00Z,24431.25,24437.75,24427.5,24435.0,1860.0
2026-03-13T17:32:00Z,24435.0,24451.25,24434.75,24434.75,2519.0
2026-03-13T17:33:00Z,24435.5,24437.5,24424.0,24434.75,2322.0
2026-03-13T17:34:00Z,24435.0,24436.0,24426.5,24433.75,1587.0
2026-03-13T17:35:00Z,24433.25,24438.25,24420.75,24425.0,1803.0
2026-03-13T17:36:00Z,24425.0,24441.0,24424.5,24434.0,2615.0
2026-03-13T17:37:00Z,24433.25,24435.0,24421.75,24433.25,1830.0
2026-03-13T17:38:00Z,24433.0,24439.75,24428.75,24437.5,1411.0
2026-03-13T17:39:00Z,24438.0,24442.75,24432.75,24437.0,1862.0
2026-03-13T17:40:00Z,24437.0,24441.0,24425.0,24434.0,2277.0
2026-03-13T17:41:00Z,24433.75,24437.75,24411.25,24412.5,3230.0
2026-03-13T17:42:00Z,24412.25,24421.75,24407.5,24407.75,2960.0
2026-03-13T17:43:00Z,24407.75,24421.5,24407.0,24412.0,2296.0
2026-03-13T17:44:00Z,24412.25,24436.25,24411.5,24425.25,4555.0
2026-03-13T17:45:00Z,24425.25,24433.0,24419.25,24419.25,1718.0
2026-03-13T17:46:00Z,24419.25,24420.5,24392.25,24392.25,3802.0
2026-03-13T17:47:00Z,24392.75,24395.5,24383.0,24390.5,3895.0
2026-03-13T17:48:00Z,24390.0,24397.5,24389.5,24392.25,2032.0
2026-03-13T17:49:00Z,24392.0,24396.0,24365.75,24368.25,5893.0
2026-03-13T17:50:00Z,24367.75,24374.75,24353.0,24367.75,5491.0
2026-03-13T17:51:00Z,24368.25,24379.5,24365.0,24367.75,2707.0
2026-03-13T17:52:00Z,24367.25,24385.25,24366.25,24379.25,3227.0
2026-03-13T17:53:00Z,24380.0,24383.5,24374.5,24376.25,1846.0
2026-03-13T17:54:00Z,24375.75,24381.75,24370.0,24377.0,1825.0
2026-03-13T17:55:00Z,24377.25,24392.75,24374.5,24381.0,3408.0
2026-03-13T17:56:00Z,24381.25,24386.75,24372.75,24373.0,2139.0
2026-03-13T17:57:00Z,24373.25,24381.0,24371.5,24372.5,1624.0
2026-03-13T17:58:00Z,24372.0,24375.75,24362.0,24371.75,2935.0
2026-03-13T17:59:00Z,24372.5,24379.25,24370.0,24374.25,1968.0
2026-03-13T18:00:00Z,24374.25,24385.5,24372.5,24379.0,2610.0
2026-03-13T18:01:00Z,24378.5,24385.25,24375.25,24378.25,1610.0
2026-03-13T18:02:00Z,24377.75,24386.75,24370.75,24382.0,1980.0
2026-03-13T18:03:00Z,24382.0,24391.75,24381.0,24381.75,2132.0
2026-03-13T18:04:00Z,24382.25,24399.0,24379.0,24392.75,2764.0
2026-03-13T18:05:00Z,24391.75,24398.25,24386.5,24394.0,2074.0
2026-03-13T18:06:00Z,24393.5,24400.5,24387.5,24389.0,2421.0
2026-03-13T18:07:00Z,24388.5,24392.5,24377.0,24382.75,2685.0
2026-03-13T18:08:00Z,24383.0,24385.0,24378.0,24381.5,1540.0
2026-03-13T18:09:00Z,24381.25,24392.75,24379.0,24390.0,2009.0
2026-03-13T18:10:00Z,24390.25,24400.0,24389.5,24394.25,2174.0
2026-03-13T18:11:00Z,24393.75,24407.75,24391.75,24404.5,2894.0
2026-03-13T18:12:00Z,24404.75,24405.5,24388.75,24399.0,2513.0
2026-03-13T18:13:00Z,24397.75,24401.0,24387.75,24392.25,2109.0
2026-03-13T18:14:00Z,24393.25,24402.5,24393.0,24401.25,1847.0
2026-03-13T18:15:00Z,24400.75,24403.25,24391.25,24396.5,1445.0
2026-03-13T18:16:00Z,24395.75,24416.25,24395.25,24412.25,2961.0
2026-03-13T18:17:00Z,24412.0,24413.25,24395.5,24401.25,2443.0
2026-03-13T18:18:00Z,24401.25,24403.25,24384.0,24388.5,2672.0
2026-03-13T18:19:00Z,24388.0,24390.0,24379.75,24385.75,2299.0
2026-03-13T18:20:00Z,24384.75,24391.5,24374.5,24384.75,2971.0
2026-03-13T18:21:00Z,24384.75,24392.0,24383.75,24385.5,1452.0
2026-03-13T18:22:00Z,24386.5,24392.0,24376.0,24377.75,1736.0
2026-03-13T18:23:00Z,24378.5,24379.0,24369.75,24371.75,2011.0
2026-03-13T18:24:00Z,24371.75,24380.25,24367.25,24378.0,1756.0
2026-03-13T18:25:00Z,24378.25,24394.5,24376.5,24389.5,3324.0
2026-03-13T18:26:00Z,24389.5,24391.75,24380.5,24388.5,1800.0
2026-03-13T18:27:00Z,24388.75,24392.25,24382.25,24382.75,1454.0
2026-03-13T18:28:00Z,24383.0,24395.5,24383.0,24394.5,1686.0
2026-03-13T18:29:00Z,24394.5,24414.0,24394.0,24412.0,3703.0
2026-03-13T18:30:00Z,24411.25,24427.5,24401.0,24425.75,4159.0
2026-03-13T18:31:00Z,24425.5,24429.0,24417.5,24425.75,2752.0
2026-03-13T18:32:00Z,24426.0,24442.0,24424.75,24438.25,2751.0
2026-03-13T18:33:00Z,24438.75,24438.75,24423.5,24429.75,2631.0
2026-03-13T18:34:00Z,24429.5,24445.5,24428.75,24433.75,2283.0
2026-03-13T18:35:00Z,24435.0,24441.25,24428.75,24440.25,1855.0
2026-03-13T18:36:00Z,24440.25,24450.0,24438.25,24442.0,2995.0
2026-03-13T18:37:00Z,24442.25,24443.25,24431.75,24438.0,2391.0
2026-03-13T18:38:00Z,24438.0,24442.25,24434.5,24440.5,1180.0
2026-03-13T18:39:00Z,24440.25,24446.0,24437.5,24443.75,1238.0
2026-03-13T18:40:00Z,24444.0,24452.0,24437.5,24451.25,2239.0
2026-03-13T18:41:00Z,24451.5,24451.75,24439.75,24447.5,1863.0
2026-03-13T18:42:00Z,24447.5,24448.75,24444.25,24447.75,1065.0
2026-03-13T18:43:00Z,24448.0,24462.5,24447.0,24460.75,3040.0
2026-03-13T18:44:00Z,24460.25,24461.5,24456.0,24458.0,1492.0
2026-03-13T18:45:00Z,24457.0,24458.5,24448.25,24454.0,2195.0
2026-03-13T18:46:00Z,24454.25,24461.75,24448.75,24461.0,1570.0
2026-03-13T18:47:00Z,24461.5,24467.25,24452.25,24458.25,2029.0
2026-03-13T18:48:00Z,24458.25,24462.5,24452.25,24456.0,1593.0
2026-03-13T18:49:00Z,24455.75,24468.0,24452.0,24461.0,3120.0
2026-03-13T18:50:00Z,24460.5,24462.5,24445.25,24461.75,2776.0
2026-03-13T18:51:00Z,24461.5,24472.75,24461.25,24463.5,2775.0
2026-03-13T18:52:00Z,24463.5,24469.0,24460.25,24461.75,1825.0
2026-03-13T18:53:00Z,24461.75,24463.0,24450.75,24454.0,2762.0
2026-03-13T18:54:00Z,24453.25,24467.75,24450.25,24464.0,1912.0
2026-03-13T18:55:00Z,24464.0,24464.25,24450.0,24454.75,1755.0
2026-03-13T18:56:00Z,24455.0,24458.0,24447.75,24454.75,1728.0
2026-03-13T18:57:00Z,24455.5,24458.0,24447.25,24448.25,1269.0
2026-03-13T18:58:00Z,24448.5,24454.5,24440.5,24451.0,2402.0
2026-03-13T18:59:00Z,24450.75,24453.25,24444.0,24448.75,1210.0
2026-03-13T19:00:00Z,24448.75,24449.5,24436.5,24440.0,2240.0
2026-03-13T19:01:00Z,24440.0,24441.0,24432.0,24435.25,2258.0
2026-03-13T19:02:00Z,24435.0,24443.5,24423.75,24426.25,3041.0
2026-03-13T19:03:00Z,24426.0,24433.75,24424.25,24425.75,2415.0
2026-03-13T19:04:00Z,24425.5,24427.75,24418.75,24419.25,2628.0
2026-03-13T19:05:00Z,24419.25,24419.25,24411.0,24416.0,2686.0
2026-03-13T19:06:00Z,24415.75,24417.25,24408.5,24414.25,2121.0
2026-03-13T19:07:00Z,24414.5,24415.0,24406.0,24412.25,1748.0
2026-03-13T19:08:00Z,24411.75,24429.75,24411.5,24422.75,4229.0
2026-03-13T19:09:00Z,24422.75,24426.0,24417.75,24421.75,1688.0
2026-03-13T19:10:00Z,24421.75,24433.0,24420.25,24431.75,2082.0
2026-03-13T19:11:00Z,24432.0,24434.5,24424.0,24428.25,1619.0
2026-03-13T19:12:00Z,24428.0,24429.0,24414.75,24416.75,2293.0
2026-03-13T19:13:00Z,24416.5,24424.0,24414.75,24421.0,1454.0
2026-03-13T19:14:00Z,24421.0,24422.25,24414.0,24416.25,1418.0
2026-03-13T19:15:00Z,24416.25,24430.75,24416.0,24428.25,2057.0
2026-03-13T19:16:00Z,24429.0,24431.0,24413.5,24414.25,1823.0
2026-03-13T19:17:00Z,24414.25,24431.5,24413.5,24422.5,4694.0
2026-03-13T19:18:00Z,24422.5,24427.0,24412.75,24426.25,1700.0
2026-03-13T19:19:00Z,24426.5,24431.5,24417.75,24419.5,1618.0
2026-03-13T19:20:00Z,24419.25,24420.5,24394.0,24395.0,3371.0
2026-03-13T19:21:00Z,24395.5,24397.0,24378.75,24383.5,5152.0
2026-03-13T19:22:00Z,24383.0,24386.25,24376.75,24376.75,2353.0
2026-03-13T19:23:00Z,24376.5,24387.5,24376.0,24382.5,2499.0
2026-03-13T19:24:00Z,24382.25,24390.75,24381.75,24386.75,2264.0
2026-03-13T19:25:00Z,24385.75,24389.5,24375.0,24378.5,2525.0
2026-03-13T19:26:00Z,24378.25,24383.5,24371.75,24372.5,2192.0
2026-03-13T19:27:00Z,24372.75,24377.75,24368.0,24375.5,2176.0
2026-03-13T19:28:00Z,24375.25,24384.5,24375.25,24382.5,2238.0
2026-03-13T19:29:00Z,24382.0,24383.75,24370.75,24376.75,1976.0
2026-03-13T19:30:00Z,24376.75,24396.25,24376.0,24392.25,3611.0
2026-03-13T19:31:00Z,24392.0,24398.75,24387.5,24391.5,2272.0
2026-03-13T19:32:00Z,24391.5,24395.0,24380.5,24384.75,2053.0
2026-03-13T19:33:00Z,24384.25,24387.0,24373.0,24377.25,2341.0
2026-03-13T19:34:00Z,24377.0,24383.75,24374.75,24378.5,1446.0
2026-03-13T19:35:00Z,24378.0,24383.0,24372.0,24378.5,1563.0
2026-03-13T19:36:00Z,24378.75,24381.5,24374.75,24380.0,1287.0
2026-03-13T19:37:00Z,24380.0,24384.5,24378.25,24379.5,1380.0
2026-03-13T19:38:00Z,24379.75,24380.5,24364.5,24367.25,3133.0
2026-03-13T19:39:00Z,24367.25,24367.75,24359.0,24362.0,2606.0
2026-03-13T19:40:00Z,24362.0,24368.5,24350.75,24356.0,3256.0
2026-03-13T19:41:00Z,24356.5,24363.25,24350.75,24360.0,2643.0
2026-03-13T19:42:00Z,24360.25,24362.25,24352.0,24360.75,2057.0
2026-03-13T19:43:00Z,24361.5,24363.25,24353.5,24360.25,1918.0
2026-03-13T19:44:00Z,24360.25,24368.75,24359.25,24367.75,2389.0
2026-03-13T19:45:00Z,24367.75,24378.75,24357.75,24358.25,4385.0
2026-03-13T19:46:00Z,24358.25,24363.25,24357.0,24358.0,1861.0
2026-03-13T19:47:00Z,24357.5,24374.0,24357.25,24373.25,2318.0
2026-03-13T19:48:00Z,24373.5,24377.25,24368.25,24376.5,2196.0
2026-03-13T19:49:00Z,24376.5,24379.0,24367.5,24372.5,1983.0
2026-03-13T19:50:00Z,24372.75,24378.0,24358.75,24362.5,4277.0
2026-03-13T19:51:00Z,24363.0,24375.25,24359.5,24375.25,1951.0
2026-03-13T19:52:00Z,24375.5,24379.75,24369.25,24379.75,2097.0
2026-03-13T19:53:00Z,24379.75,24387.5,24375.25,24381.75,2580.0
2026-03-13T19:54:00Z,24382.0,24391.75,24380.5,24385.75,3437.0
2026-03-13T19:55:00Z,24385.5,24392.25,24378.25,24390.25,2368.0
2026-03-13T19:56:00Z,24390.0,24397.0,24385.5,24392.75,2068.0
2026-03-13T19:57:00Z,24393.25,24402.75,24392.0,24393.25,2738.0
2026-03-13T19:58:00Z,24393.0,24398.75,24387.25,24398.75,2051.0
2026-03-13T19:59:00Z,24398.5,24404.0,24389.75,24397.5,6715.0
2026-03-13T20:00:00Z,24397.75,24400.75,24385.0,24385.75,4097.0
2026-03-13T20:01:00Z,24385.5,24388.75,24379.25,24383.5,1997.0
2026-03-13T20:02:00Z,24383.75,24386.75,24363.25,24366.25,2086.0
2026-03-13T20:03:00Z,24367.25,24373.75,24366.0,24366.0,1434.0
2026-03-13T20:04:00Z,24366.5,24371.5,24365.25,24370.25,1009.0
2026-03-13T20:05:00Z,24370.0,24378.0,24369.25,24374.75,989.0
2026-03-13T20:06:00Z,24375.0,24383.0,24373.25,24381.5,733.0
2026-03-13T20:07:00Z,24381.5,24382.25,24372.25,24376.0,849.0
2026-03-13T20:08:00Z,24375.25,24379.5,24369.75,24371.0,762.0
2026-03-13T20:09:00Z,24371.25,24375.75,24370.25,24372.75,611.0
2026-03-13T20:10:00Z,24372.0,24374.75,24363.25,24364.0,898.0
2026-03-13T20:11:00Z,24364.25,24368.25,24359.0,24363.5,909.0
2026-03-13T20:12:00Z,24363.5,24369.75,24362.0,24367.5,600.0
2026-03-13T20:13:00Z,24367.5,24369.25,24364.75,24366.75,416.0
2026-03-13T20:14:00Z,24366.25,24368.0,24361.75,24364.25,708.0
2026-03-13T20:15:00Z,24363.75,24370.5,24361.0,24366.75,708.0
2026-03-13T20:16:00Z,24367.25,24370.75,24365.75,24366.0,464.0
2026-03-13T20:17:00Z,24366.25,24367.75,24362.0,24365.0,475.0
2026-03-13T20:18:00Z,24364.75,24368.75,24364.75,24368.5,291.0
2026-03-13T20:19:00Z,24368.75,24374.0,24367.75,24372.5,518.0
2026-03-13T20:20:00Z,24372.25,24377.0,24372.0,24376.5,573.0
2026-03-13T20:21:00Z,24376.5,24379.75,24375.0,24377.25,571.0
2026-03-13T20:22:00Z,24377.25,24378.25,24375.25,24375.25,256.0
2026-03-13T20:23:00Z,24375.0,24377.0,24372.5,24376.5,416.0
2026-03-13T20:24:00Z,24376.75,24378.0,24374.0,24374.0,195.0
2026-03-13T20:25:00Z,24374.0,24375.75,24372.5,24373.75,228.0
2026-03-13T20:26:00Z,24373.75,24376.25,24372.0,24374.0,302.0
2026-03-13T20:27:00Z,24374.0,24374.25,24372.5,24373.75,139.0
2026-03-13T20:28:00Z,24373.25,24373.75,24366.0,24369.75,714.0
2026-03-13T20:29:00Z,24369.75,24373.75,24367.75,24369.0,472.0
2026-03-13T20:30:00Z,24369.25,24372.75,24368.5,24370.0,201.0
2026-03-13T20:31:00Z,24369.25,24372.0,24367.75,24370.5,254.0
2026-03-13T20:32:00Z,24371.25,24373.5,24368.75,24369.75,250.0
2026-03-13T20:33:00Z,24369.25,24373.25,24368.0,24371.5,191.0
2026-03-13T20:34:00Z,24371.5,24373.5,24371.5,24372.5,157.0
2026-03-13T20:35:00Z,24372.5,24375.0,24372.0,24373.75,240.0
2026-03-13T20:36:00Z,24373.5,24377.75,24373.5,24375.0,444.0
2026-03-13T20:37:00Z,24375.0,24378.5,24374.75,24377.0,210.0
2026-03-13T20:38:00Z,24377.25,24383.5,24376.75,24382.75,520.0
2026-03-13T20:39:00Z,24382.5,24383.25,24377.75,24379.75,360.0
2026-03-13T20:40:00Z,24379.75,24382.0,24376.75,24377.75,386.0
2026-03-13T20:41:00Z,24377.25,24378.25,24368.5,24371.25,561.0
2026-03-13T20:42:00Z,24372.0,24373.25,24368.0,24369.0,341.0
2026-03-13T20:43:00Z,24369.0,24370.0,24366.25,24366.75,332.0
2026-03-13T20:44:00Z,24366.75,24368.25,24361.5,24365.0,462.0
2026-03-13T20:45:00Z,24365.0,24366.25,24357.0,24359.75,553.0
2026-03-13T20:46:00Z,24360.0,24361.0,24355.0,24357.75,386.0
2026-03-13T20:47:00Z,24357.75,24366.5,24357.25,24366.25,656.0
2026-03-13T20:48:00Z,24366.5,24368.75,24358.75,24360.25,571.0
2026-03-13T20:49:00Z,24360.75,24361.25,24355.75,24357.5,214.0
2026-03-13T20:50:00Z,24357.75,24358.75,24351.75,24356.75,368.0
2026-03-13T20:51:00Z,24357.0,24357.5,24350.0,24351.25,356.0
2026-03-13T20:52:00Z,24351.5,24351.5,24342.5,24349.25,603.0
2026-03-13T20:53:00Z,24350.0,24360.0,24348.0,24353.75,478.0
2026-03-13T20:54:00Z,24353.5,24355.25,24348.75,24353.5,253.0
2026-03-13T20:55:00Z,24354.0,24354.0,24339.0,24343.25,640.0
2026-03-13T20:56:00Z,24343.75,24344.25,24340.25,24343.5,283.0
2026-03-13T20:57:00Z,24343.25,24347.75,24342.25,24342.5,255.0
2026-03-13T20:58:00Z,24342.75,24346.75,24340.5,24341.5,384.0
2026-03-13T20:59:00Z,24335.25,24394.25,24335.25,24394.25,654.0
2026-03-15T22:10:00Z,24323.75,24331.75,24321.75,24329.75,0.0
2026-03-15T22:11:00Z,24331.0,24334.5,24318.75,24331.75,492.0
2026-03-15T22:12:00Z,24334.25,24337.25,24318.0,24320.25,640.0
2026-03-15T22:13:00Z,24319.0,24324.75,24305.25,24312.25,689.0
2026-03-15T22:14:00Z,24312.0,24317.5,24307.25,24313.0,414.0
2026-03-15T22:15:00Z,24313.25,24313.25,24303.0,24305.5,407.0
2026-03-15T22:16:00Z,24306.5,24309.5,24295.0,24296.0,501.0
2026-03-15T22:17:00Z,24296.0,24310.75,24295.75,24307.75,540.0
2026-03-15T22:18:00Z,24309.5,24310.25,24301.25,24307.5,362.0
2026-03-15T22:19:00Z,24305.25,24308.25,24300.0,24306.25,231.0
2026-03-15T22:20:00Z,24303.75,24325.0,24303.0,24325.0,758.0
2026-03-15T22:21:00Z,24323.5,24325.0,24317.25,24321.0,346.0
2026-03-15T22:22:00Z,24320.75,24331.0,24318.75,24330.0,488.0
2026-03-15T22:23:00Z,24330.0,24331.25,24306.75,24306.75,612.0
2026-03-15T22:24:00Z,24309.25,24332.25,24306.25,24330.25,571.0
2026-03-15T22:25:00Z,24329.75,24350.0,24328.0,24343.25,1045.0
2026-03-15T22:26:00Z,24343.5,24348.5,24328.75,24337.0,548.0
2026-03-15T22:27:00Z,24336.25,24342.0,24321.0,24332.25,719.0
2026-03-15T22:28:00Z,24334.0,24337.5,24324.5,24335.0,350.0
2026-03-15T22:29:00Z,24334.0,24341.5,24329.75,24338.75,350.0
2026-03-15T22:30:00Z,24338.75,24344.75,24337.0,24342.5,367.0
2026-03-15T22:31:00Z,24343.0,24348.5,24341.75,24343.5,526.0
2026-03-15T22:32:00Z,24342.5,24343.25,24330.0,24333.0,563.0
2026-03-15T22:33:00Z,24333.25,24333.25,24323.75,24330.75,441.0
2026-03-15T22:34:00Z,24330.75,24334.5,24329.25,24332.0,289.0
2026-03-15T22:35:00Z,24331.75,24335.75,24326.5,24333.25,327.0
2026-03-15T22:36:00Z,24333.5,24344.5,24332.0,24343.5,472.0
2026-03-15T22:37:00Z,24344.25,24355.0,24343.75,24347.25,705.0
2026-03-15T22:38:00Z,24346.5,24352.0,24339.75,24350.5,433.0
2026-03-15T22:39:00Z,24350.75,24358.25,24346.5,24353.5,782.0
2026-03-15T22:40:00Z,24352.25,24358.0,24349.25,24354.5,433.0
2026-03-15T22:41:00Z,24354.75,24359.75,24352.75,24357.25,402.0
2026-03-15T22:42:00Z,24357.5,24366.0,24356.5,24365.75,613.0
2026-03-15T22:43:00Z,24364.75,24382.25,24364.25,24379.0,1525.0
2026-03-15T22:44:00Z,24379.75,24396.75,24378.5,24392.25,1254.0
2026-03-15T22:45:00Z,24392.0,24396.75,24383.5,24394.5,1005.0
2026-03-15T22:46:00Z,24394.75,24396.0,24387.5,24395.25,668.0
2026-03-15T22:47:00Z,24395.25,24419.25,24395.0,24419.25,1462.0
2026-03-15T22:48:00Z,24418.5,24429.25,24415.0,24421.0,1342.0
2026-03-15T22:49:00Z,24420.5,24423.5,24414.25,24418.25,824.0
2026-03-15T22:50:00Z,24419.0,24451.5,24418.25,24447.75,2104.0
2026-03-15T22:51:00Z,24446.75,24457.75,24437.5,24445.0,1121.0
2026-03-15T22:52:00Z,24445.0,24447.75,24436.75,24445.5,861.0
2026-03-15T22:53:00Z,24446.5,24447.5,24439.75,24446.5,463.0
2026-03-15T22:54:00Z,24446.25,24459.25,24446.0,24455.0,872.0
2026-03-15T22:55:00Z,24456.25,24459.25,24452.75,24455.75,449.0
2026-03-15T22:56:00Z,24455.0,24466.75,24448.0,24448.5,1032.0
2026-03-15T22:57:00Z,24448.5,24469.5,24447.75,24466.5,980.0
2026-03-15T22:58:00Z,24465.75,24476.0,24461.25,24469.25,1374.0
2026-03-15T22:59:00Z,24471.0,24475.0,24454.25,24466.0,1279.0
2026-03-15T23:00:00Z,24465.75,24495.75,24464.25,24492.75,2354.0
2026-03-15T23:01:00Z,24492.0,24495.75,24472.0,24473.5,1444.0
2026-03-15T23:02:00Z,24473.5,24476.25,24457.5,24457.5,1734.0
2026-03-15T23:03:00Z,24457.25,24467.0,24443.75,24451.75,1995.0
2026-03-15T23:04:00Z,24451.5,24462.0,24440.75,24458.5,1166.0
2026-03-15T23:05:00Z,24459.25,24475.25,24457.0,24468.5,1030.0
2026-03-15T23:06:00Z,24470.0,24472.75,24448.25,24449.5,879.0
2026-03-15T23:07:00Z,24450.5,24460.25,24450.25,24457.75,467.0
2026-03-15T23:08:00Z,24457.75,24464.0,24436.25,24440.25,1309.0
2026-03-15T23:09:00Z,24441.0,24450.0,24438.75,24447.0,642.0
2026-03-15T23:10:00Z,24446.0,24449.25,24426.5,24428.5,1511.0
2026-03-15T23:11:00Z,24427.75,24439.75,24426.0,24436.25,1124.0
2026-03-15T23:12:00Z,24437.25,24445.5,24431.0,24439.0,556.0
2026-03-15T23:13:00Z,24440.75,24447.0,24436.5,24445.25,444.0
2026-03-15T23:14:00Z,24444.75,24452.25,24443.25,24449.25,541.0
2026-03-15T23:15:00Z,24449.75,24454.25,24432.0,24433.75,733.0
2026-03-15T23:16:00Z,24433.5,24443.75,24430.25,24443.0,450.0
2026-03-15T23:17:00Z,24442.5,24442.5,24430.0,24432.75,310.0
2026-03-15T23:18:00Z,24431.75,24441.0,24430.75,24439.5,346.0
2026-03-15T23:19:00Z,24440.0,24443.75,24435.75,24437.5,403.0
2026-03-15T23:20:00Z,24437.0,24439.25,24431.0,24433.25,304.0
2026-03-15T23:21:00Z,24433.75,24436.0,24427.5,24432.25,505.0
2026-03-15T23:22:00Z,24432.25,24437.5,24431.0,24431.75,267.0
2026-03-15T23:23:00Z,24432.0,24438.0,24430.5,24436.5,280.0
2026-03-15T23:24:00Z,24437.75,24446.75,24435.25,24444.75,598.0
2026-03-15T23:25:00Z,24444.5,24448.25,24437.0,24443.75,414.0
2026-03-15T23:26:00Z,24443.0,24443.25,24425.0,24427.75,513.0
2026-03-15T23:27:00Z,24429.0,24435.25,24427.75,24428.5,363.0
2026-03-15T23:28:00Z,24429.5,24435.5,24428.0,24430.25,256.0
2026-03-15T23:29:00Z,24430.5,24435.25,24429.25,24434.25,228.0
2026-03-15T23:30:00Z,24434.5,24434.75,24427.0,24431.75,336.0
2026-03-15T23:31:00Z,24431.75,24438.75,24431.75,24433.75,447.0
2026-03-15T23:32:00Z,24433.0,24433.5,24422.0,24424.25,562.0
2026-03-15T23:33:00Z,24423.5,24426.5,24420.0,24424.75,482.0
2026-03-15T23:34:00Z,24425.0,24429.75,24422.0,24426.5,375.0
2026-03-15T23:35:00Z,24426.75,24431.5,24425.75,24427.0,279.0
2026-03-15T23:36:00Z,24426.75,24427.0,24420.75,24422.75,232.0
2026-03-15T23:37:00Z,24423.0,24423.0,24409.0,24411.75,969.0
2026-03-15T23:38:00Z,24411.75,24422.5,24410.5,24419.0,546.0
2026-03-15T23:39:00Z,24418.5,24418.5,24407.0,24415.25,574.0
2026-03-15T23:40:00Z,24415.0,24427.75,24413.25,24427.75,949.0
2026-03-15T23:41:00Z,24427.75,24439.0,24425.25,24436.25,842.0
2026-03-15T23:42:00Z,24437.0,24449.25,24436.5,24445.0,1185.0
2026-03-15T23:43:00Z,24444.75,24446.0,24431.25,24434.5,656.0
2026-03-15T23:44:00Z,24433.25,24435.5,24430.25,24433.5,232.0
2026-03-15T23:45:00Z,24434.25,24455.0,24433.75,24453.0,981.0
2026-03-15T23:46:00Z,24453.25,24458.5,24445.0,24455.75,955.0
2026-03-15T23:47:00Z,24455.0,24459.75,24451.5,24458.5,519.0
2026-03-15T23:48:00Z,24458.75,24459.25,24444.0,24451.0,631.0
2026-03-15T23:49:00Z,24451.0,24460.0,24448.25,24458.75,382.0
2026-03-15T23:50:00Z,24458.75,24461.25,24450.25,24456.75,592.0
2026-03-15T23:51:00Z,24456.5,24459.25,24447.5,24455.0,457.0
2026-03-15T23:52:00Z,24454.0,24459.25,24452.5,24458.0,474.0
2026-03-15T23:53:00Z,24458.25,24461.0,24455.25,24457.75,338.0
2026-03-15T23:54:00Z,24458.25,24459.25,24454.0,24455.5,255.0
2026-03-15T23:55:00Z,24454.75,24455.25,24447.0,24448.75,562.0
2026-03-15T23:56:00Z,24448.5,24453.5,24446.5,24448.25,356.0
2026-03-15T23:57:00Z,24448.0,24451.25,24439.0,24442.75,524.0
2026-03-15T23:58:00Z,24443.25,24449.25,24437.75,24444.75,528.0
2026-03-15T23:59:00Z,24444.5,24447.75,24439.0,24440.5,274.0
2026-03-16T00:00:00Z,24440.0,24464.0,24435.0,24464.0,1282.0
2026-03-16T00:01:00Z,24463.25,24474.75,24462.5,24472.0,1322.0
2026-03-16T00:02:00Z,24472.25,24483.25,24464.0,24482.0,1104.0
2026-03-16T00:03:00Z,24482.0,24491.0,24476.25,24483.75,1544.0
2026-03-16T00:04:00Z,24484.5,24485.0,24476.0,24481.75,692.0
2026-03-16T00:05:00Z,24481.75,24492.25,24480.0,24490.25,717.0
2026-03-16T00:06:00Z,24491.0,24495.25,24485.0,24491.5,1151.0
2026-03-16T00:07:00Z,24491.5,24511.0,24490.5,24507.25,1960.0
2026-03-16T00:08:00Z,24506.75,24513.25,24500.75,24501.0,1220.0
2026-03-16T00:09:00Z,24501.0,24507.75,24496.75,24506.25,664.0
2026-03-16T00:10:00Z,24507.25,24517.0,24506.0,24510.25,1266.0
2026-03-16T00:11:00Z,24510.0,24514.5,24495.75,24498.0,1126.0
2026-03-16T00:12:00Z,24498.75,24513.75,24491.75,24506.5,1096.0
2026-03-16T00:13:00Z,24506.5,24519.75,24504.0,24511.0,1038.0
2026-03-16T00:14:00Z,24511.0,24514.75,24504.25,24507.75,456.0
2026-03-16T00:15:00Z,24507.0,24521.0,24507.0,24518.25,903.0
2026-03-16T00:16:00Z,24518.5,24526.25,24514.25,24523.75,1029.0
2026-03-16T00:17:00Z,24523.75,24525.25,24519.0,24523.0,590.0
2026-03-16T00:18:00Z,24522.75,24524.5,24508.5,24509.75,742.0
2026-03-16T00:19:00Z,24509.5,24512.5,24508.0,24509.75,482.0
2026-03-16T00:20:00Z,24509.25,24509.25,24496.0,24496.25,961.0
2026-03-16T00:21:00Z,24495.5,24498.5,24492.25,24493.5,625.0
2026-03-16T00:22:00Z,24494.5,24502.75,24492.0,24499.0,491.0
2026-03-16T00:23:00Z,24499.0,24502.0,24495.0,24495.0,342.0
2026-03-16T00:24:00Z,24496.0,24498.0,24486.75,24495.25,617.0
2026-03-16T00:25:00Z,24496.0,24497.0,24487.5,24490.0,605.0
2026-03-16T00:26:00Z,24489.0,24493.25,24486.0,24490.25,504.0
2026-03-16T00:27:00Z,24490.25,24495.25,24487.5,24490.5,451.0
2026-03-16T00:28:00Z,24489.75,24492.5,24487.25,24487.75,205.0
2026-03-16T00:29:00Z,24487.5,24493.25,24487.0,24492.25,237.0
2026-03-16T00:30:00Z,24491.25,24495.0,24485.0,24488.0,434.0
2026-03-16T00:31:00Z,24487.75,24495.25,24487.75,24492.5,336.0
2026-03-16T00:32:00Z,24492.0,24494.0,24489.75,24492.5,203.0
2026-03-16T00:33:00Z,24492.75,24499.75,24492.0,24496.5,425.0
2026-03-16T00:34:00Z,24495.25,24498.75,24489.25,24497.75,413.0
2026-03-16T00:35:00Z,24497.75,24507.0,24497.5,24505.25,720.0
2026-03-16T00:36:00Z,24505.25,24505.75,24492.0,24495.25,650.0
2026-03-16T00:37:00Z,24494.25,24497.25,24490.0,24492.0,299.0
2026-03-16T00:38:00Z,24491.25,24503.0,24490.5,24500.5,376.0
2026-03-16T00:39:00Z,24500.75,24511.5,24500.25,24505.5,754.0
2026-03-16T00:40:00Z,24505.5,24512.25,24502.25,24505.75,460.0
2026-03-16T00:41:00Z,24505.75,24507.5,24503.75,24506.5,173.0
2026-03-16T00:42:00Z,24507.0,24512.0,24505.75,24508.25,338.0
2026-03-16T00:43:00Z,24509.25,24509.75,24504.25,24504.25,277.0
2026-03-16T00:44:00Z,24505.0,24506.5,24498.0,24499.0,404.0
2026-03-16T00:45:00Z,24498.5,24502.75,24497.0,24500.75,353.0
2026-03-16T00:46:00Z,24501.5,24502.75,24493.25,24502.25,397.0
2026-03-16T00:47:00Z,24501.75,24506.0,24488.0,24493.75,776.0
2026-03-16T00:48:00Z,24493.25,24516.5,24491.5,24513.0,971.0
2026-03-16T00:49:00Z,24512.5,24517.75,24508.75,24515.25,458.0
2026-03-16T00:50:00Z,24515.75,24517.25,24512.25,24515.75,259.0
2026-03-16T00:51:00Z,24516.25,24521.0,24515.75,24518.75,378.0
2026-03-16T00:52:00Z,24518.5,24519.75,24512.0,24516.25,426.0
2026-03-16T00:53:00Z,24516.75,24519.25,24510.25,24511.0,242.0
2026-03-16T00:54:00Z,24510.75,24519.25,24510.75,24517.5,234.0
2026-03-16T00:55:00Z,24517.75,24519.75,24508.75,24510.25,243.0
2026-03-16T00:56:00Z,24509.5,24515.0,24508.5,24511.0,271.0
2026-03-16T00:57:00Z,24509.75,24515.0,24509.0,24513.25,145.0
2026-03-16T00:58:00Z,24514.0,24515.25,24508.0,24509.0,240.0
2026-03-16T00:59:00Z,24509.0,24512.25,24507.75,24510.75,171.0
2026-03-16T01:00:00Z,24510.75,24523.0,24510.0,24513.0,841.0
2026-03-16T01:01:00Z,24512.75,24519.0,24507.5,24515.75,474.0
2026-03-16T01:02:00Z,24515.5,24515.5,24501.5,24509.5,566.0
2026-03-16T01:03:00Z,24510.5,24511.0,24496.75,24501.25,587.0
2026-03-16T01:04:00Z,24500.5,24501.75,24495.0,24497.0,465.0
2026-03-16T01:05:00Z,24496.75,24505.75,24495.5,24502.25,575.0
2026-03-16T01:06:00Z,24502.5,24505.5,24499.25,24503.25,247.0
2026-03-16T01:07:00Z,24503.0,24503.5,24498.0,24501.75,276.0
2026-03-16T01:08:00Z,24501.75,24507.0,24500.75,24503.25,311.0
2026-03-16T01:09:00Z,24502.75,24503.5,24498.0,24498.0,215.0
2026-03-16T01:10:00Z,24499.0,24501.75,24491.0,24493.0,411.0
2026-03-16T01:11:00Z,24493.25,24496.25,24490.0,24494.25,382.0
2026-03-16T01:12:00Z,24494.5,24503.0,24494.0,24497.5,465.0
2026-03-16T01:13:00Z,24498.5,24500.5,24492.25,24494.5,362.0
2026-03-16T01:14:00Z,24494.0,24501.25,24494.0,24500.75,173.0
2026-03-16T01:15:00Z,24501.5,24510.5,24499.0,24508.5,689.0
2026-03-16T01:16:00Z,24508.75,24520.0,24506.25,24509.0,819.0
2026-03-16T01:17:00Z,24509.25,24513.25,24507.75,24511.0,346.0
2026-03-16T01:18:00Z,24510.75,24511.75,24506.75,24507.25,185.0
2026-03-16T01:19:00Z,24507.25,24514.5,24506.5,24512.25,243.0
2026-03-16T01:20:00Z,24512.25,24516.25,24509.25,24515.25,301.0
2026-03-16T01:21:00Z,24514.0,24515.0,24508.75,24512.0,197.0
2026-03-16T01:22:00Z,24514.25,24516.25,24507.25,24507.5,253.0
2026-03-16T01:23:00Z,24507.5,24512.75,24505.0,24512.0,317.0
2026-03-16T01:24:00Z,24511.0,24511.25,24507.0,24507.75,90.0
2026-03-16T01:25:00Z,24507.0,24512.5,24500.25,24502.75,346.0
2026-03-16T01:26:00Z,24502.75,24507.0,24500.25,24506.25,263.0
2026-03-16T01:27:00Z,24506.0,24507.75,24497.75,24497.75,312.0
2026-03-16T01:28:00Z,24498.75,24499.75,24492.25,24495.75,613.0
2026-03-16T01:29:00Z,24496.0,24499.0,24492.75,24493.25,458.0
2026-03-16T01:30:00Z,24493.25,24496.75,24490.25,24492.0,529.0
2026-03-16T01:31:00Z,24492.0,24495.25,24486.0,24490.5,569.0
2026-03-16T01:32:00Z,24491.0,24491.0,24472.0,24474.5,1265.0
2026-03-16T01:33:00Z,24474.75,24477.5,24468.75,24471.5,1153.0
2026-03-16T01:34:00Z,24472.0,24481.5,24471.5,24479.25,578.0
2026-03-16T01:35:00Z,24478.75,24496.5,24478.75,24495.75,966.0
2026-03-16T01:36:00Z,24495.5,24497.75,24485.75,24489.75,595.0
2026-03-16T01:37:00Z,24489.75,24489.75,24479.0,24485.5,580.0
2026-03-16T01:38:00Z,24485.5,24495.5,24483.5,24484.0,446.0
2026-03-16T01:39:00Z,24484.5,24486.0,24472.75,24474.5,617.0
2026-03-16T01:40:00Z,24474.75,24480.25,24471.5,24476.75,390.0
2026-03-16T01:41:00Z,24478.5,24478.75,24471.25,24474.5,249.0
2026-03-16T01:42:00Z,24475.25,24491.25,24473.0,24488.0,842.0
2026-03-16T01:43:00Z,24488.75,24491.0,24478.75,24479.0,453.0
2026-03-16T01:44:00Z,24478.25,24484.75,24476.75,24482.0,253.0
2026-03-16T01:45:00Z,24483.0,24490.5,24481.25,24487.0,355.0
2026-03-16T01:46:00Z,24485.25,24491.0,24483.75,24490.25,278.0
2026-03-16T01:47:00Z,24490.5,24495.25,24488.5,24493.75,482.0
2026-03-16T01:48:00Z,24493.75,24501.0,24493.75,24495.75,656.0
2026-03-16T01:49:00Z,24495.5,24501.25,24495.25,24500.5,251.0
2026-03-16T01:50:00Z,24499.0,24519.5,24499.0,24512.75,1497.0
2026-03-16T01:51:00Z,24512.75,24513.5,24503.25,24508.5,531.0
2026-03-16T01:52:00Z,24508.75,24512.0,24502.0,24510.5,508.0
2026-03-16T01:53:00Z,24511.5,24515.25,24509.75,24514.0,281.0
2026-03-16T01:54:00Z,24512.0,24525.0,24510.0,24517.75,882.0
2026-03-16T01:55:00Z,24518.25,24521.0,24511.75,24517.5,534.0
2026-03-16T01:56:00Z,24517.5,24518.75,24512.75,24516.0,272.0
2026-03-16T01:57:00Z,24515.5,24518.25,24508.25,24510.5,421.0
2026-03-16T01:58:00Z,24511.0,24520.0,24510.5,24514.25,339.0
2026-03-16T01:59:00Z,24514.75,24516.5,24511.0,24516.5,141.0
2026-03-16T02:00:00Z,24515.5,24518.5,24509.25,24510.0,317.0
2026-03-16T02:01:00Z,24511.5,24515.75,24510.25,24512.25,265.0
2026-03-16T02:02:00Z,24511.25,24512.0,24501.0,24504.25,768.0
2026-03-16T02:03:00Z,24504.25,24505.75,24495.0,24505.5,505.0
2026-03-16T02:04:00Z,24505.75,24513.0,24505.0,24508.75,334.0
2026-03-16T02:05:00Z,24509.25,24512.0,24500.75,24505.5,440.0
2026-03-16T02:06:00Z,24505.75,24507.5,24498.75,24506.5,266.0
2026-03-16T02:07:00Z,24507.5,24516.5,24506.5,24511.0,518.0
2026-03-16T02:08:00Z,24510.5,24510.5,24504.25,24504.75,196.0
2026-03-16T02:09:00Z,24505.0,24510.75,24503.75,24510.5,144.0
2026-03-16T02:10:00Z,24510.0,24513.75,24508.5,24510.5,219.0
2026-03-16T02:11:00Z,24511.25,24513.0,24507.5,24509.25,150.0
2026-03-16T02:12:00Z,24509.75,24510.75,24503.5,24505.5,178.0
2026-03-16T02:13:00Z,24505.5,24505.5,24496.0,24500.0,606.0
2026-03-16T02:14:00Z,24501.25,24504.25,24497.25,24502.0,435.0
2026-03-16T02:15:00Z,24502.5,24507.0,24486.5,24495.0,1198.0
2026-03-16T02:16:00Z,24494.25,24498.5,24490.0,24497.5,382.0
2026-03-16T02:17:00Z,24498.0,24502.25,24495.75,24499.5,227.0
2026-03-16T02:18:00Z,24499.25,24502.5,24496.25,24501.5,216.0
2026-03-16T02:19:00Z,24502.75,24512.0,24500.25,24503.0,500.0
2026-03-16T02:20:00Z,24502.75,24506.75,24496.5,24499.25,382.0
2026-03-16T02:21:00Z,24497.75,24499.5,24488.5,24490.75,587.0
2026-03-16T02:22:00Z,24491.25,24496.5,24489.75,24490.0,301.0
2026-03-16T02:23:00Z,24490.25,24491.25,24485.0,24488.25,428.0
2026-03-16T02:24:00Z,24488.0,24492.75,24487.5,24490.25,204.0
2026-03-16T02:25:00Z,24489.75,24493.25,24489.25,24493.25,161.0
2026-03-16T02:26:00Z,24492.0,24493.25,24487.5,24489.75,231.0
2026-03-16T02:27:00Z,24489.5,24489.5,24483.75,24485.0,222.0
2026-03-16T02:28:00Z,24485.5,24488.0,24482.0,24484.75,385.0
2026-03-16T02:29:00Z,24484.0,24488.25,24483.0,24487.25,212.0
2026-03-16T02:30:00Z,24486.0,24489.0,24481.0,24483.0,222.0
2026-03-16T02:31:00Z,24484.0,24485.5,24482.5,24484.25,95.0
2026-03-16T02:32:00Z,24483.25,24483.5,24481.25,24482.25,132.0
2026-03-16T02:33:00Z,24481.5,24484.25,24481.5,24483.0,107.0
2026-03-16T02:34:00Z,24483.25,24487.25,24482.75,24484.75,210.0
2026-03-16T02:35:00Z,24485.25,24486.75,24483.25,24484.5,119.0
2026-03-16T02:36:00Z,24484.5,24484.75,24474.5,24478.25,604.0
2026-03-16T02:37:00Z,24478.75,24480.0,24475.5,24475.75,178.0
2026-03-16T02:38:00Z,24476.0,24479.5,24475.25,24478.0,140.0
2026-03-16T02:39:00Z,24477.75,24479.5,24476.75,24478.0,73.0
2026-03-16T02:40:00Z,24477.75,24481.25,24475.0,24481.25,240.0
2026-03-16T02:41:00Z,24481.5,24486.5,24480.75,24484.25,471.0
2026-03-16T02:42:00Z,24484.0,24488.5,24482.5,24486.5,383.0
2026-03-16T02:43:00Z,24486.75,24491.0,24483.5,24484.0,223.0
2026-03-16T02:44:00Z,24483.0,24483.0,24477.0,24479.0,331.0
2026-03-16T02:45:00Z,24478.5,24480.0,24475.0,24479.75,222.0
2026-03-16T02:46:00Z,24480.25,24499.75,24479.25,24492.0,830.0
2026-03-16T02:47:00Z,24491.0,24496.5,24488.75,24491.75,410.0
2026-03-16T02:48:00Z,24491.25,24496.5,24489.75,24495.25,238.0
2026-03-16T02:49:00Z,24494.25,24495.25,24484.5,24489.75,468.0
2026-03-16T02:50:00Z,24489.0,24493.5,24488.0,24492.25,116.0
2026-03-16T02:51:00Z,24492.5,24494.5,24490.5,24492.5,111.0
2026-03-16T02:52:00Z,24492.5,24496.0,24492.0,24494.25,176.0
2026-03-16T02:53:00Z,24495.0,24495.25,24484.75,24486.25,213.0
2026-03-16T02:54:00Z,24486.75,24486.75,24475.75,24477.75,569.0
2026-03-16T02:55:00Z,24478.75,24489.0,24478.75,24486.25,244.0
2026-03-16T02:56:00Z,24486.75,24496.75,24485.5,24496.0,286.0
2026-03-16T02:57:00Z,24495.5,24500.0,24493.75,24495.75,383.0
2026-03-16T02:58:00Z,24496.25,24496.75,24491.75,24492.75,155.0
2026-03-16T02:59:00Z,24493.25,24494.5,24486.0,24488.5,229.0
2026-03-16T03:00:00Z,24490.75,24496.0,24490.0,24493.25,178.0
2026-03-16T03:01:00Z,24492.5,24495.25,24485.25,24494.5,213.0
2026-03-16T03:02:00Z,24493.25,24495.75,24490.25,24494.0,98.0
2026-03-16T03:03:00Z,24494.0,24495.75,24491.5,24494.0,94.0
2026-03-16T03:04:00Z,24493.75,24495.25,24491.75,24493.75,79.0
2026-03-16T03:05:00Z,24493.0,24494.25,24491.75,24492.25,52.0
2026-03-16T03:06:00Z,24493.0,24499.0,24492.0,24498.25,176.0
2026-03-16T03:07:00Z,24498.75,24502.0,24493.75,24496.75,240.0
2026-03-16T03:08:00Z,24496.0,24499.75,24496.0,24499.75,101.0
2026-03-16T03:09:00Z,24498.75,24502.0,24494.75,24501.75,149.0
2026-03-16T03:10:00Z,24500.5,24501.5,24492.75,24493.5,170.0
2026-03-16T03:11:00Z,24493.5,24495.5,24490.5,24492.5,151.0
2026-03-16T03:12:00Z,24492.5,24498.0,24492.0,24496.25,106.0
2026-03-16T03:13:00Z,24496.5,24497.75,24493.75,24495.25,78.0
2026-03-16T03:14:00Z,24494.5,24495.75,24493.0,24495.5,71.0
2026-03-16T03:15:00Z,24496.0,24498.75,24493.5,24493.5,105.0
2026-03-16T03:16:00Z,24492.5,24497.75,24492.5,24495.5,89.0
2026-03-16T03:17:00Z,24496.5,24497.75,24494.25,24496.0,65.0
2026-03-16T03:18:00Z,24496.0,24498.5,24495.25,24496.75,89.0
2026-03-16T03:19:00Z,24497.0,24514.25,24497.0,24503.5,557.0
2026-03-16T03:20:00Z,24503.75,24504.25,24494.25,24497.5,263.0
2026-03-16T03:21:00Z,24498.0,24499.0,24496.0,24496.75,76.0
2026-03-16T03:22:00Z,24498.75,24498.75,24492.75,24496.25,140.0
2026-03-16T03:23:00Z,24496.75,24507.25,24496.75,24505.25,290.0
2026-03-16T03:24:00Z,24504.75,24506.0,24501.0,24505.0,169.0
2026-03-16T03:25:00Z,24504.5,24507.75,24502.75,24503.25,159.0
2026-03-16T03:26:00Z,24502.5,24504.75,24500.0,24502.75,96.0
2026-03-16T03:27:00Z,24503.5,24504.75,24501.25,24504.5,159.0
2026-03-16T03:28:00Z,24504.25,24510.0,24503.25,24508.75,252.0
2026-03-16T03:29:00Z,24509.25,24509.75,24506.0,24507.5,178.0
2026-03-16T03:30:00Z,24508.5,24513.0,24508.25,24512.75,197.0
2026-03-16T03:31:00Z,24513.0,24517.5,24512.25,24513.75,435.0
2026-03-16T03:32:00Z,24515.0,24518.0,24513.5,24516.75,187.0
2026-03-16T03:33:00Z,24516.75,24520.0,24512.75,24517.5,392.0
2026-03-16T03:34:00Z,24517.5,24520.0,24515.0,24515.75,208.0
2026-03-16T03:35:00Z,24515.0,24518.25,24513.0,24514.75,256.0
2026-03-16T03:36:00Z,24514.5,24515.25,24511.5,24513.75,158.0
2026-03-16T03:37:00Z,24514.25,24515.75,24512.5,24515.25,100.0
2026-03-16T03:38:00Z,24514.0,24518.25,24514.0,24516.75,163.0
2026-03-16T03:39:00Z,24517.0,24519.25,24515.5,24515.5,213.0
2026-03-16T03:40:00Z,24516.5,24518.25,24515.0,24516.0,141.0
2026-03-16T03:41:00Z,24515.0,24517.25,24513.75,24515.5,100.0
2026-03-16T03:42:00Z,24516.0,24517.25,24514.5,24516.25,116.0
2026-03-16T03:43:00Z,24517.25,24518.0,24515.25,24516.25,121.0
2026-03-16T03:44:00Z,24516.25,24518.5,24516.0,24516.5,87.0
2026-03-16T03:45:00Z,24517.5,24519.25,24517.5,24518.0,145.0
2026-03-16T03:46:00Z,24518.75,24519.0,24515.5,24517.0,143.0
2026-03-16T03:47:00Z,24516.5,24518.5,24516.0,24516.5,74.0
2026-03-16T03:48:00Z,24516.75,24518.25,24514.25,24517.5,100.0
2026-03-16T03:49:00Z,24517.25,24538.0,24517.25,24538.0,1089.0
2026-03-16T03:50:00Z,24538.0,24539.75,24531.75,24533.0,635.0
2026-03-16T03:51:00Z,24533.0,24534.25,24530.5,24530.75,285.0
2026-03-16T03:52:00Z,24531.0,24532.25,24529.0,24530.0,201.0
2026-03-16T03:53:00Z,24530.0,24538.5,24529.75,24537.0,281.0
2026-03-16T03:54:00Z,24536.25,24536.5,24530.75,24531.25,191.0
2026-03-16T03:55:00Z,24531.5,24532.5,24526.25,24529.25,219.0
2026-03-16T03:56:00Z,24528.0,24533.25,24527.25,24532.5,135.0
2026-03-16T03:57:00Z,24531.25,24534.0,24531.25,24533.5,115.0
2026-03-16T03:58:00Z,24532.5,24533.5,24530.25,24532.75,53.0
2026-03-16T04:00:00Z,24530.75,24531.75,24527.25,24530.25,206.0
2026-03-16T04:01:00Z,24530.5,24533.75,24530.25,24532.25,120.0
2026-03-16T04:02:00Z,24532.0,24534.0,24528.5,24528.5,159.0
2026-03-16T04:03:00Z,24528.5,24531.0,24528.5,24530.0,56.0
2026-03-16T04:04:00Z,24529.25,24531.25,24526.75,24526.75,79.0
2026-03-16T04:05:00Z,24527.5,24531.0,24527.5,24531.0,84.0
2026-03-16T04:06:00Z,24531.5,24532.25,24528.75,24532.25,78.0
2026-03-16T04:07:00Z,24532.5,24534.25,24531.75,24533.0,123.0
2026-03-16T04:08:00Z,24533.0,24542.0,24532.5,24535.0,520.0
2026-03-16T04:09:00Z,24535.25,24535.5,24530.0,24532.0,175.0
2026-03-16T04:10:00Z,24531.5,24536.75,24530.5,24534.75,136.0
2026-03-16T04:11:00Z,24533.5,24536.75,24531.0,24534.25,111.0
2026-03-16T04:12:00Z,24534.25,24538.0,24531.0,24534.0,91.0
2026-03-16T04:13:00Z,24533.75,24535.75,24533.0,24534.5,32.0
2026-03-16T04:14:00Z,24535.0,24536.5,24533.0,24533.0,60.0
2026-03-16T04:15:00Z,24534.25,24548.5,24534.25,24546.25,622.0
2026-03-16T04:16:00Z,24546.75,24550.0,24542.5,24544.75,390.0
2026-03-16T04:17:00Z,24544.25,24544.75,24538.25,24539.25,233.0
2026-03-16T04:18:00Z,24539.25,24542.75,24539.25,24542.0,133.0
2026-03-16T04:19:00Z,24541.75,24545.0,24540.25,24544.75,88.0
2026-03-16T04:20:00Z,24544.0,24544.5,24540.25,24541.75,111.0
2026-03-16T04:21:00Z,24541.5,24542.25,24540.25,24541.5,50.0
2026-03-16T04:22:00Z,24540.75,24541.5,24537.0,24539.0,130.0
2026-03-16T04:23:00Z,24539.5,24539.5,24532.5,24533.5,190.0
2026-03-16T04:24:00Z,24533.75,24535.25,24530.75,24534.25,211.0
2026-03-16T04:25:00Z,24534.75,24537.25,24532.75,24533.5,180.0
2026-03-16T04:26:00Z,24534.0,24537.25,24532.5,24535.75,107.0
2026-03-16T04:27:00Z,24535.25,24536.0,24533.25,24535.5,86.0
2026-03-16T04:28:00Z,24535.25,24535.5,24531.75,24533.5,55.0
2026-03-16T04:29:00Z,24533.0,24534.5,24532.5,24532.75,61.0
2026-03-16T04:30:00Z,24532.75,24534.5,24530.5,24531.75,122.0
2026-03-16T04:31:00Z,24531.0,24533.25,24529.25,24529.25,115.0
2026-03-16T04:32:00Z,24529.0,24530.75,24528.0,24530.5,122.0
2026-03-16T04:33:00Z,24529.0,24530.25,24527.75,24529.5,126.0
2026-03-16T04:34:00Z,24528.5,24530.0,24528.0,24528.5,75.0
2026-03-16T04:35:00Z,24529.0,24529.0,24526.5,24527.25,88.0
2026-03-16T04:36:00Z,24527.5,24528.0,24523.75,24524.75,216.0
2026-03-16T04:37:00Z,24524.75,24525.25,24521.0,24523.25,327.0
2026-03-16T04:38:00Z,24523.25,24525.0,24519.0,24524.75,244.0
2026-03-16T04:39:00Z,24524.25,24525.25,24520.75,24522.25,82.0
2026-03-16T04:40:00Z,24521.5,24521.5,24515.25,24518.5,345.0
2026-03-16T04:41:00Z,24518.75,24519.75,24516.5,24517.75,145.0
2026-03-16T04:42:00Z,24517.75,24519.75,24515.75,24518.75,97.0
2026-03-16T04:43:00Z,24519.5,24520.5,24518.5,24519.0,49.0
2026-03-16T04:44:00Z,24518.25,24519.25,24516.75,24517.0,71.0
2026-03-16T04:45:00Z,24517.5,24522.0,24516.25,24520.75,142.0
2026-03-16T04:46:00Z,24520.0,24520.0,24517.5,24518.75,63.0
2026-03-16T04:47:00Z,24518.25,24519.75,24513.25,24515.0,136.0
2026-03-16T04:48:00Z,24515.5,24516.25,24512.0,24514.5,174.0
2026-03-16T04:49:00Z,24514.0,24514.75,24512.25,24513.25,88.0
2026-03-16T04:50:00Z,24513.0,24513.75,24506.5,24507.75,441.0
2026-03-16T04:51:00Z,24508.0,24513.75,24507.25,24510.75,192.0
2026-03-16T04:52:00Z,24511.75,24524.0,24511.75,24523.0,445.0
2026-03-16T04:53:00Z,24524.0,24530.0,24519.0,24519.0,464.0
2026-03-16T04:54:00Z,24519.25,24525.5,24515.5,24523.75,234.0
2026-03-16T04:55:00Z,24524.25,24525.25,24515.0,24516.75,242.0
2026-03-16T04:56:00Z,24518.0,24520.75,24515.25,24515.25,69.0
2026-03-16T04:57:00Z,24515.0,24518.0,24514.0,24514.75,67.0
2026-03-16T04:58:00Z,24516.0,24516.25,24504.0,24509.0,456.0
2026-03-16T04:59:00Z,24508.5,24509.25,24506.0,24507.0,148.0
2026-03-16T05:00:00Z,24506.5,24512.75,24506.0,24509.25,252.0
2026-03-16T05:01:00Z,24509.25,24512.0,24506.5,24508.75,163.0
2026-03-16T05:02:00Z,24510.25,24512.25,24508.25,24508.25,120.0
2026-03-16T05:03:00Z,24508.75,24511.0,24507.5,24507.75,68.0
2026-03-16T05:04:00Z,24507.0,24511.0,24506.0,24510.0,106.0
2026-03-16T05:05:00Z,24510.0,24523.25,24508.75,24517.5,402.0
2026-03-16T05:06:00Z,24517.5,24521.75,24517.25,24520.75,182.0
2026-03-16T05:07:00Z,24520.75,24522.25,24518.0,24519.75,146.0
2026-03-16T05:08:00Z,24520.25,24524.75,24520.25,24524.5,168.0
2026-03-16T05:09:00Z,24525.0,24526.0,24517.75,24522.5,212.0
2026-03-16T05:10:00Z,24522.0,24524.0,24520.25,24522.0,152.0
2026-03-16T05:11:00Z,24522.25,24524.5,24521.75,24524.0,98.0
2026-03-16T05:12:00Z,24523.5,24524.75,24521.0,24522.25,74.0
2026-03-16T05:13:00Z,24522.0,24525.0,24521.0,24524.0,147.0
2026-03-16T05:14:00Z,24523.75,24524.75,24522.0,24524.0,27.0
2026-03-16T05:15:00Z,24524.0,24526.75,24517.75,24517.75,221.0
2026-03-16T05:16:00Z,24517.75,24524.5,24516.5,24522.75,165.0
2026-03-16T05:17:00Z,24523.75,24524.25,24521.5,24522.75,82.0
2026-03-16T05:18:00Z,24522.75,24523.0,24519.0,24520.0,95.0
2026-03-16T05:19:00Z,24519.0,24522.5,24517.75,24521.75,92.0
2026-03-16T05:20:00Z,24522.0,24522.5,24513.25,24514.0,159.0
2026-03-16T05:21:00Z,24513.75,24520.5,24512.25,24519.75,171.0
2026-03-16T05:22:00Z,24519.25,24520.5,24514.0,24515.75,86.0
2026-03-16T05:23:00Z,24515.0,24516.0,24512.25,24516.0,88.0
2026-03-16T05:24:00Z,24516.5,24519.5,24515.75,24519.5,127.0
2026-03-16T05:25:00Z,24519.25,24519.25,24511.5,24517.5,201.0
2026-03-16T05:26:00Z,24519.0,24521.5,24518.0,24520.0,98.0
2026-03-16T05:27:00Z,24520.0,24520.5,24513.75,24515.75,139.0
2026-03-16T05:28:00Z,24516.5,24517.5,24512.0,24512.5,102.0
2026-03-16T05:29:00Z,24512.5,24516.25,24512.5,24515.5,113.0
2026-03-16T05:30:00Z,24515.5,24517.75,24510.75,24513.75,125.0
2026-03-16T05:31:00Z,24513.5,24515.0,24512.25,24514.0,66.0
2026-03-16T05:32:00Z,24512.0,24517.0,24511.75,24514.25,90.0
2026-03-16T05:33:00Z,24514.0,24514.75,24512.25,24512.75,45.0
2026-03-16T05:34:00Z,24513.0,24514.0,24510.0,24510.75,85.0
2026-03-16T05:35:00Z,24510.5,24519.5,24509.0,24518.0,278.0
2026-03-16T05:36:00Z,24519.5,24522.25,24518.25,24522.25,122.0
2026-03-16T05:37:00Z,24523.0,24530.0,24522.5,24527.0,376.0
2026-03-16T05:38:00Z,24527.25,24535.0,24524.0,24533.25,350.0
2026-03-16T05:39:00Z,24533.25,24535.0,24532.0,24534.75,298.0
2026-03-16T05:40:00Z,24534.5,24539.5,24532.5,24535.25,337.0
2026-03-16T05:41:00Z,24536.0,24538.75,24536.0,24536.75,119.0
2026-03-16T05:42:00Z,24537.0,24542.25,24536.5,24540.5,302.0
2026-03-16T05:43:00Z,24541.0,24541.5,24533.0,24537.0,233.0
2026-03-16T05:44:00Z,24537.25,24538.0,24535.0,24536.75,111.0
2026-03-16T05:45:00Z,24537.25,24538.0,24534.5,24538.0,148.0
2026-03-16T05:46:00Z,24538.0,24544.0,24537.5,24542.0,278.0
2026-03-16T05:47:00Z,24542.75,24548.0,24541.25,24545.5,451.0
2026-03-16T05:48:00Z,24546.25,24546.75,24543.75,24544.75,129.0
2026-03-16T05:49:00Z,24544.75,24553.5,24544.5,24550.75,546.0
2026-03-16T05:50:00Z,24551.75,24552.5,24548.75,24551.0,223.0
2026-03-16T05:51:00Z,24551.5,24552.75,24549.0,24552.0,205.0
2026-03-16T05:52:00Z,24552.5,24560.0,24551.75,24557.25,689.0
2026-03-16T05:53:00Z,24557.0,24557.0,24546.0,24547.75,475.0
2026-03-16T05:54:00Z,24547.75,24549.75,24544.75,24545.75,185.0
2026-03-16T05:55:00Z,24546.75,24548.0,24543.5,24548.0,190.0
2026-03-16T05:56:00Z,24547.5,24555.0,24547.25,24554.5,239.0
2026-03-16T05:57:00Z,24554.5,24558.0,24553.5,24557.25,297.0
2026-03-16T05:58:00Z,24557.5,24561.25,24556.25,24561.25,265.0
2026-03-16T05:59:00Z,24561.0,24562.0,24557.5,24560.0,193.0
2026-03-16T06:00:00Z,24559.75,24561.5,24555.5,24557.25,330.0
2026-03-16T06:01:00Z,24556.5,24560.0,24553.25,24556.0,252.0
2026-03-16T06:02:00Z,24555.75,24559.75,24554.0,24558.25,161.0
2026-03-16T06:03:00Z,24558.0,24559.0,24555.0,24555.5,106.0
2026-03-16T06:04:00Z,24555.5,24556.25,24551.25,24551.25,182.0
2026-03-16T06:05:00Z,24552.25,24558.0,24552.25,24556.0,147.0
2026-03-16T06:06:00Z,24556.0,24557.5,24552.25,24553.75,225.0
2026-03-16T06:07:00Z,24553.75,24557.5,24551.25,24554.75,132.0
2026-03-16T06:08:00Z,24556.0,24560.0,24556.0,24560.0,175.0
2026-03-16T06:09:00Z,24560.25,24561.0,24557.25,24558.0,91.0
2026-03-16T06:10:00Z,24558.0,24561.0,24557.25,24560.5,80.0
2026-03-16T06:11:00Z,24560.25,24560.25,24557.25,24559.0,77.0
2026-03-16T06:12:00Z,24559.0,24564.75,24557.75,24561.5,345.0
2026-03-16T06:13:00Z,24561.75,24561.75,24550.0,24551.25,301.0
2026-03-16T06:14:00Z,24551.75,24556.0,24551.5,24553.5,137.0
2026-03-16T06:15:00Z,24554.25,24558.0,24553.0,24556.25,194.0
2026-03-16T06:16:00Z,24556.5,24557.75,24553.0,24554.5,88.0
2026-03-16T06:17:00Z,24555.0,24556.75,24551.25,24552.5,164.0
2026-03-16T06:18:00Z,24552.25,24553.0,24545.25,24548.75,309.0
2026-03-16T06:19:00Z,24547.75,24549.25,24544.25,24545.75,188.0
2026-03-16T06:20:00Z,24546.0,24547.0,24543.75,24546.5,154.0
2026-03-16T06:21:00Z,24547.0,24547.0,24542.0,24544.75,195.0
2026-03-16T06:22:00Z,24545.0,24545.25,24543.0,24543.0,94.0
2026-03-16T06:23:00Z,24543.5,24544.0,24540.0,24540.5,187.0
2026-03-16T06:24:00Z,24540.5,24544.25,24539.0,24540.5,149.0
2026-03-16T06:25:00Z,24540.5,24545.0,24539.5,24544.25,174.0
2026-03-16T06:26:00Z,24544.5,24548.25,24542.25,24545.0,239.0
2026-03-16T06:27:00Z,24544.5,24546.0,24542.75,24543.5,89.0
2026-03-16T06:28:00Z,24543.5,24545.25,24539.25,24541.5,148.0
2026-03-16T06:29:00Z,24541.0,24543.75,24536.0,24539.0,241.0
2026-03-16T06:30:00Z,24538.75,24546.5,24538.5,24542.75,117.0
2026-03-16T06:31:00Z,24543.25,24549.75,24542.25,24548.5,202.0
2026-03-16T06:32:00Z,24548.25,24549.5,24545.75,24548.25,112.0
2026-03-16T06:33:00Z,24546.75,24548.0,24544.25,24544.5,177.0
2026-03-16T06:34:00Z,24544.75,24545.25,24539.75,24540.25,101.0
2026-03-16T06:35:00Z,24540.0,24543.0,24539.25,24539.75,140.0
2026-03-16T06:36:00Z,24539.75,24545.25,24537.75,24544.25,124.0
2026-03-16T06:37:00Z,24545.0,24548.25,24543.25,24548.0,131.0
2026-03-16T06:38:00Z,24548.5,24549.25,24546.0,24547.5,85.0
2026-03-16T06:39:00Z,24547.5,24548.0,24544.25,24545.5,59.0
2026-03-16T06:40:00Z,24545.0,24547.0,24544.25,24544.25,58.0
2026-03-16T06:41:00Z,24544.25,24548.75,24544.25,24546.25,80.0
2026-03-16T06:42:00Z,24547.25,24549.5,24546.5,24549.5,59.0
2026-03-16T06:43:00Z,24549.75,24557.75,24549.75,24550.75,464.0
2026-03-16T06:44:00Z,24551.75,24552.0,24545.0,24545.25,193.0
2026-03-16T06:45:00Z,24544.5,24549.5,24543.0,24543.75,155.0
2026-03-16T06:46:00Z,24544.25,24547.0,24539.25,24540.75,207.0
2026-03-16T06:47:00Z,24541.25,24543.0,24540.0,24542.5,105.0
2026-03-16T06:48:00Z,24542.5,24547.5,24541.75,24546.0,120.0
2026-03-16T06:49:00Z,24545.75,24547.5,24543.5,24544.75,73.0
2026-03-16T06:50:00Z,24545.5,24546.0,24541.5,24544.75,79.0
2026-03-16T06:51:00Z,24546.0,24551.25,24546.0,24547.75,176.0
2026-03-16T06:52:00Z,24547.5,24549.0,24546.25,24548.0,70.0
2026-03-16T06:53:00Z,24548.5,24551.0,24546.75,24547.75,85.0
2026-03-16T06:54:00Z,24547.75,24554.25,24547.75,24553.75,157.0
2026-03-16T06:55:00Z,24554.5,24556.25,24551.5,24556.0,140.0
2026-03-16T06:56:00Z,24556.0,24568.0,24556.0,24562.75,677.0
2026-03-16T06:57:00Z,24562.5,24564.75,24561.75,24563.0,138.0
2026-03-16T06:58:00Z,24563.5,24564.75,24560.75,24563.0,161.0
2026-03-16T06:59:00Z,24562.5,24565.25,24562.5,24565.25,96.0
2026-03-16T07:00:00Z,24564.5,24565.25,24560.5,24564.5,261.0
2026-03-16T07:01:00Z,24565.25,24569.0,24564.0,24567.5,392.0
2026-03-16T07:02:00Z,24568.0,24580.0,24567.0,24575.5,873.0
2026-03-16T07:03:00Z,24576.0,24585.25,24567.5,24567.75,713.0
2026-03-16T07:04:00Z,24567.5,24572.25,24566.75,24571.75,322.0
2026-03-16T07:05:00Z,24570.5,24572.25,24562.0,24563.0,344.0
2026-03-16T07:06:00Z,24563.25,24577.0,24560.5,24572.75,498.0
2026-03-16T07:07:00Z,24572.0,24572.25,24563.75,24570.5,223.0
2026-03-16T07:08:00Z,24570.25,24570.25,24560.75,24561.75,216.0
2026-03-16T07:09:00Z,24562.5,24563.25,24557.5,24558.5,254.0
2026-03-16T07:10:00Z,24557.75,24559.5,24553.25,24555.5,316.0
2026-03-16T07:11:00Z,24556.25,24570.0,24553.0,24560.75,328.0
2026-03-16T07:12:00Z,24560.75,24562.0,24554.75,24554.75,142.0
2026-03-16T07:13:00Z,24555.25,24558.0,24547.75,24550.0,690.0
2026-03-16T07:14:00Z,24549.0,24550.75,24543.75,24544.25,373.0
2026-03-16T07:15:00Z,24544.75,24547.0,24540.5,24544.5,294.0
2026-03-16T07:16:00Z,24545.5,24545.5,24540.75,24543.0,203.0
2026-03-16T07:17:00Z,24542.5,24550.5,24541.5,24546.5,300.0
2026-03-16T07:18:00Z,24546.25,24551.25,24539.75,24540.25,181.0
2026-03-16T07:19:00Z,24541.25,24542.5,24538.5,24540.75,231.0
2026-03-16T07:20:00Z,24541.5,24543.5,24539.25,24542.5,124.0
2026-03-16T07:21:00Z,24541.0,24551.25,24541.0,24545.0,214.0
2026-03-16T07:22:00Z,24544.75,24549.5,24544.25,24546.0,71.0
2026-03-16T07:23:00Z,24547.5,24549.5,24541.75,24543.75,209.0
2026-03-16T07:24:00Z,24542.75,24548.5,24541.75,24546.25,79.0
2026-03-16T07:25:00Z,24546.25,24549.75,24543.5,24543.5,107.0
2026-03-16T07:26:00Z,24544.0,24548.25,24540.75,24541.5,111.0
2026-03-16T07:27:00Z,24540.75,24541.5,24531.0,24534.0,659.0
2026-03-16T07:28:00Z,24535.0,24535.5,24527.75,24530.75,332.0
2026-03-16T07:29:00Z,24530.5,24533.25,24528.0,24531.25,255.0
2026-03-16T07:30:00Z,24532.0,24536.0,24525.75,24526.0,361.0
2026-03-16T07:31:00Z,24525.5,24530.0,24525.25,24528.5,255.0
2026-03-16T07:32:00Z,24528.25,24534.5,24527.5,24530.75,328.0
2026-03-16T07:33:00Z,24531.5,24541.75,24530.25,24535.75,379.0
2026-03-16T07:34:00Z,24535.5,24536.75,24512.75,24515.25,758.0
2026-03-16T07:35:00Z,24513.5,24513.75,24505.25,24506.25,712.0
2026-03-16T07:36:00Z,24506.0,24518.25,24505.5,24514.0,515.0
2026-03-16T07:37:00Z,24514.0,24520.5,24507.5,24517.75,425.0
2026-03-16T07:38:00Z,24516.75,24522.25,24513.0,24515.5,363.0
2026-03-16T07:39:00Z,24514.5,24518.5,24504.0,24507.25,378.0
2026-03-16T07:40:00Z,24506.75,24513.75,24505.5,24508.5,331.0
2026-03-16T07:41:00Z,24508.75,24513.0,24505.25,24512.0,302.0
2026-03-16T07:42:00Z,24512.75,24515.0,24508.0,24509.25,199.0
2026-03-16T07:43:00Z,24508.75,24511.5,24507.0,24511.5,152.0
2026-03-16T07:44:00Z,24510.0,24516.75,24509.5,24516.0,177.0
2026-03-16T07:45:00Z,24516.5,24518.75,24512.0,24513.25,156.0
2026-03-16T07:46:00Z,24513.25,24527.0,24513.25,24526.25,306.0
2026-03-16T07:47:00Z,24527.0,24528.25,24523.25,24525.0,270.0
2026-03-16T07:48:00Z,24526.5,24527.5,24515.5,24519.5,346.0
2026-03-16T07:49:00Z,24520.25,24525.75,24519.75,24524.75,97.0
2026-03-16T07:50:00Z,24525.5,24535.25,24525.5,24532.0,425.0
2026-03-16T07:51:00Z,24532.75,24532.75,24519.75,24521.25,272.0
2026-03-16T07:52:00Z,24521.0,24525.0,24520.5,24524.75,107.0
2026-03-16T07:53:00Z,24524.5,24524.75,24514.5,24516.0,176.0
2026-03-16T07:54:00Z,24515.25,24521.0,24513.75,24516.75,122.0
2026-03-16T07:55:00Z,24515.5,24516.5,24508.25,24512.0,259.0
2026-03-16T07:56:00Z,24511.75,24517.0,24506.25,24514.5,261.0
2026-03-16T07:57:00Z,24513.0,24516.25,24510.5,24514.25,143.0
2026-03-16T07:58:00Z,24512.5,24519.25,24512.5,24517.75,98.0
2026-03-16T07:59:00Z,24516.75,24520.5,24512.75,24513.75,160.0
2026-03-16T08:00:00Z,24513.0,24537.5,24508.5,24535.0,705.0
2026-03-16T08:01:00Z,24536.0,24540.5,24523.25,24526.0,485.0
2026-03-16T08:02:00Z,24526.25,24546.25,24524.5,24539.0,657.0
2026-03-16T08:03:00Z,24537.0,24539.75,24519.5,24529.0,532.0
2026-03-16T08:04:00Z,24531.0,24532.0,24520.75,24528.5,245.0
2026-03-16T08:05:00Z,24528.5,24543.5,24526.25,24540.0,368.0
2026-03-16T08:06:00Z,24540.5,24556.25,24540.5,24554.25,780.0
2026-03-16T08:07:00Z,24554.0,24564.5,24553.5,24559.75,697.0
2026-03-16T08:08:00Z,24558.75,24561.25,24545.75,24555.0,385.0
2026-03-16T08:09:00Z,24554.25,24566.75,24553.75,24566.75,361.0
2026-03-16T08:10:00Z,24567.0,24567.75,24559.25,24562.75,407.0
2026-03-16T08:11:00Z,24562.75,24570.5,24561.0,24567.0,330.0
2026-03-16T08:12:00Z,24565.25,24565.25,24549.0,24556.75,490.0
2026-03-16T08:13:00Z,24556.75,24559.5,24540.0,24542.5,479.0
2026-03-16T08:14:00Z,24543.0,24544.5,24531.25,24531.25,547.0
2026-03-16T08:15:00Z,24530.25,24531.5,24511.25,24511.25,1007.0
2026-03-16T08:16:00Z,24511.25,24524.75,24510.5,24522.75,409.0
2026-03-16T08:17:00Z,24523.5,24525.5,24519.25,24520.0,306.0
2026-03-16T08:18:00Z,24519.75,24527.5,24517.0,24518.75,293.0
2026-03-16T08:19:00Z,24518.75,24529.25,24518.25,24518.25,311.0
2026-03-16T08:20:00Z,24518.75,24525.75,24503.5,24508.5,654.0
2026-03-16T08:21:00Z,24507.0,24518.5,24507.0,24513.75,390.0
2026-03-16T08:22:00Z,24513.75,24531.25,24509.5,24529.75,513.0
2026-03-16T08:23:00Z,24529.5,24545.5,24528.0,24544.75,775.0
2026-03-16T08:24:00Z,24544.0,24552.5,24539.25,24539.5,612.0
2026-03-16T08:25:00Z,24539.0,24539.0,24524.0,24525.0,482.0
2026-03-16T08:26:00Z,24525.0,24528.25,24519.25,24523.25,304.0
2026-03-16T08:27:00Z,24524.0,24537.5,24522.5,24534.5,342.0
2026-03-16T08:28:00Z,24535.25,24536.0,24524.0,24528.75,284.0
2026-03-16T08:29:00Z,24528.5,24539.0,24527.75,24527.75,171.0
2026-03-16T08:30:00Z,24529.75,24542.0,24528.25,24535.75,364.0
2026-03-16T08:31:00Z,24536.0,24541.25,24527.5,24540.75,207.0
2026-03-16T08:32:00Z,24539.5,24539.75,24522.25,24526.25,275.0
2026-03-16T08:33:00Z,24526.5,24527.75,24512.25,24515.25,452.0
2026-03-16T08:34:00Z,24512.75,24522.5,24512.75,24517.5,319.0
2026-03-16T08:35:00Z,24516.5,24523.25,24514.0,24517.5,192.0
2026-03-16T08:36:00Z,24516.5,24519.0,24508.0,24511.75,390.0
2026-03-16T08:37:00Z,24513.5,24514.25,24507.5,24512.0,184.0
2026-03-16T08:38:00Z,24513.0,24516.75,24509.5,24516.0,195.0
2026-03-16T08:39:00Z,24516.0,24516.75,24507.25,24508.25,239.0
2026-03-16T08:40:00Z,24508.75,24509.75,24500.25,24501.5,469.0
2026-03-16T08:41:00Z,24502.75,24521.0,24501.25,24520.0,559.0
2026-03-16T08:42:00Z,24521.0,24525.75,24516.0,24516.0,308.0
2026-03-16T08:43:00Z,24516.0,24518.0,24502.25,24502.75,419.0
2026-03-16T08:44:00Z,24504.0,24506.5,24501.25,24505.0,413.0
2026-03-16T08:45:00Z,24504.5,24513.0,24503.5,24510.5,368.0
2026-03-16T08:46:00Z,24511.0,24516.25,24506.25,24513.75,299.0
2026-03-16T08:47:00Z,24513.25,24513.25,24503.0,24504.0,273.0
2026-03-16T08:48:00Z,24503.75,24513.25,24501.5,24502.0,251.0
2026-03-16T08:49:00Z,24502.25,24505.75,24497.5,24499.25,464.0
2026-03-16T08:50:00Z,24498.75,24507.5,24497.25,24498.75,359.0
2026-03-16T08:51:00Z,24499.25,24504.25,24499.25,24504.25,157.0
2026-03-16T08:52:00Z,24504.5,24533.75,24504.5,24530.75,952.0
2026-03-16T08:53:00Z,24530.5,24531.25,24519.75,24521.5,462.0
2026-03-16T08:54:00Z,24522.0,24534.0,24521.5,24531.25,266.0
2026-03-16T08:55:00Z,24530.25,24538.0,24530.25,24537.5,266.0
2026-03-16T08:56:00Z,24537.75,24541.0,24535.0,24539.25,325.0
2026-03-16T08:57:00Z,24537.5,24538.0,24523.0,24536.25,274.0
2026-03-16T08:58:00Z,24536.25,24538.0,24524.0,24524.5,216.0
2026-03-16T08:59:00Z,24525.0,24532.0,24524.0,24528.5,109.0
2026-03-16T09:00:00Z,24528.5,24535.25,24517.75,24521.5,380.0
2026-03-16T09:01:00Z,24522.0,24531.75,24522.0,24526.5,172.0
2026-03-16T09:02:00Z,24529.25,24529.5,24515.0,24517.25,204.0
2026-03-16T09:03:00Z,24517.5,24524.0,24515.5,24516.5,227.0
2026-03-16T09:04:00Z,24517.25,24522.5,24516.25,24516.5,156.0
2026-03-16T09:05:00Z,24516.0,24516.0,24501.0,24502.75,516.0
2026-03-16T09:06:00Z,24502.5,24509.0,24490.25,24494.0,539.0
2026-03-16T09:07:00Z,24494.0,24497.5,24486.0,24487.5,603.0
2026-03-16T09:08:00Z,24487.0,24499.5,24486.25,24496.0,474.0
2026-03-16T09:09:00Z,24496.25,24503.5,24494.25,24502.75,278.0
2026-03-16T09:10:00Z,24502.25,24522.25,24502.25,24520.0,561.0
2026-03-16T09:11:00Z,24520.75,24525.5,24513.75,24519.75,401.0
2026-03-16T09:12:00Z,24519.0,24521.5,24515.0,24520.25,197.0
2026-03-16T09:13:00Z,24519.5,24536.75,24519.5,24534.5,610.0
2026-03-16T09:14:00Z,24534.25,24535.5,24523.5,24525.0,239.0
2026-03-16T09:15:00Z,24524.0,24527.75,24519.0,24521.5,300.0
2026-03-16T09:16:00Z,24519.25,24524.5,24508.75,24524.5,351.0
2026-03-16T09:17:00Z,24524.5,24526.5,24515.25,24523.5,268.0
2026-03-16T09:18:00Z,24525.0,24525.75,24517.0,24525.75,115.0
2026-03-16T09:19:00Z,24526.25,24533.75,24521.5,24523.5,446.0
2026-03-16T09:20:00Z,24524.0,24532.75,24513.0,24515.75,402.0
2026-03-16T09:21:00Z,24516.5,24526.75,24514.0,24524.0,315.0
2026-03-16T09:22:00Z,24522.75,24525.25,24521.25,24521.5,113.0
2026-03-16T09:23:00Z,24520.5,24533.0,24520.5,24525.5,261.0
2026-03-16T09:24:00Z,24524.25,24526.5,24513.75,24513.75,218.0
2026-03-16T09:25:00Z,24514.25,24516.0,24507.5,24512.75,258.0
2026-03-16T09:26:00Z,24514.5,24525.0,24514.0,24523.25,245.0
2026-03-16T09:27:00Z,24523.75,24532.5,24522.0,24527.25,255.0
2026-03-16T09:28:00Z,24527.75,24528.25,24519.0,24521.75,156.0
2026-03-16T09:29:00Z,24521.0,24521.0,24510.5,24512.0,341.0
2026-03-16T09:30:00Z,24512.0,24512.0,24501.25,24501.25,427.0
2026-03-16T09:31:00Z,24501.0,24501.0,24491.75,24492.75,500.0
2026-03-16T09:32:00Z,24493.5,24500.5,24490.25,24500.0,341.0
2026-03-16T09:33:00Z,24501.25,24509.25,24491.25,24493.75,455.0
2026-03-16T09:34:00Z,24492.75,24497.5,24490.0,24492.25,260.0
2026-03-16T09:35:00Z,24493.25,24499.0,24488.75,24495.75,284.0
2026-03-16T09:36:00Z,24496.0,24505.0,24494.25,24500.0,341.0
2026-03-16T09:37:00Z,24500.5,24510.5,24497.75,24507.75,323.0
2026-03-16T09:38:00Z,24507.0,24507.5,24492.75,24492.75,343.0
2026-03-16T09:39:00Z,24492.75,24495.75,24492.0,24494.25,109.0
2026-03-16T09:40:00Z,24495.0,24501.75,24492.5,24499.0,318.0
2026-03-16T09:41:00Z,24500.75,24506.0,24490.5,24491.25,294.0
2026-03-16T09:42:00Z,24490.75,24496.0,24490.5,24493.25,162.0
2026-03-16T09:43:00Z,24494.5,24495.25,24483.5,24490.5,535.0
2026-03-16T09:44:00Z,24491.0,24495.75,24483.5,24485.25,282.0
2026-03-16T09:45:00Z,24485.5,24489.0,24478.0,24481.0,537.0
2026-03-16T09:46:00Z,24481.25,24495.0,24478.25,24493.5,430.0
2026-03-16T09:47:00Z,24492.25,24504.5,24492.25,24501.0,374.0
2026-03-16T09:48:00Z,24503.5,24515.5,24501.0,24512.75,565.0
2026-03-16T09:49:00Z,24513.5,24515.75,24502.0,24509.25,297.0
2026-03-16T09:50:00Z,24509.5,24511.75,24503.75,24507.5,211.0
2026-03-16T09:51:00Z,24506.25,24510.0,24495.0,24506.75,323.0
2026-03-16T09:52:00Z,24506.75,24509.25,24491.5,24492.0,256.0
2026-03-16T09:53:00Z,24492.0,24496.0,24490.0,24492.5,215.0
2026-03-16T09:54:00Z,24492.25,24494.0,24488.25,24493.5,143.0
2026-03-16T09:55:00Z,24492.0,24501.25,24491.25,24498.75,235.0
2026-03-16T09:56:00Z,24499.5,24502.75,24491.25,24492.75,170.0
2026-03-16T09:57:00Z,24492.25,24496.25,24487.75,24490.75,183.0
2026-03-16T09:58:00Z,24490.5,24496.5,24488.0,24488.0,166.0
2026-03-16T09:59:00Z,24489.0,24495.0,24486.25,24491.75,166.0
2026-03-16T10:00:00Z,24491.25,24495.25,24487.5,24492.25,228.0
2026-03-16T10:01:00Z,24492.0,24509.75,24492.0,24508.0,422.0
2026-03-16T10:02:00Z,24507.25,24511.0,24500.0,24501.5,306.0
2026-03-16T10:03:00Z,24500.25,24516.5,24500.25,24511.5,391.0
2026-03-16T10:04:00Z,24511.25,24517.75,24509.75,24516.0,299.0
2026-03-16T10:05:00Z,24514.75,24517.5,24510.5,24515.5,229.0
2026-03-16T10:06:00Z,24516.75,24516.75,24497.5,24504.5,394.0
2026-03-16T10:07:00Z,24504.0,24505.25,24497.5,24499.75,216.0
2026-03-16T10:08:00Z,24499.75,24507.5,24495.0,24506.5,224.0
2026-03-16T10:09:00Z,24506.25,24528.5,24506.25,24526.0,602.0
2026-03-16T10:10:00Z,24526.0,24529.0,24518.75,24523.5,365.0
2026-03-16T10:11:00Z,24522.5,24533.25,24522.25,24526.75,315.0
2026-03-16T10:12:00Z,24528.0,24529.75,24518.25,24521.5,337.0
2026-03-16T10:13:00Z,24520.75,24530.75,24520.75,24527.0,274.0
2026-03-16T10:14:00Z,24527.25,24527.25,24520.0,24526.0,231.0
2026-03-16T10:15:00Z,24527.0,24534.5,24526.75,24528.0,398.0
2026-03-16T10:16:00Z,24527.75,24534.0,24525.5,24530.5,175.0
2026-03-16T10:17:00Z,24531.5,24534.0,24522.75,24529.75,196.0
2026-03-16T10:18:00Z,24529.0,24534.25,24524.25,24532.75,195.0
2026-03-16T10:19:00Z,24533.5,24535.5,24529.0,24533.0,288.0
2026-03-16T10:20:00Z,24533.75,24547.75,24533.0,24545.25,573.0
2026-03-16T10:21:00Z,24544.5,24553.25,24542.25,24552.75,500.0
2026-03-16T10:22:00Z,24551.75,24557.25,24550.0,24555.25,396.0
2026-03-16T10:23:00Z,24555.25,24573.0,24552.75,24565.75,865.0
2026-03-16T10:24:00Z,24564.5,24564.5,24552.0,24557.75,519.0
2026-03-16T10:25:00Z,24557.25,24566.5,24555.25,24564.5,381.0
2026-03-16T10:26:00Z,24564.25,24566.5,24561.5,24564.0,300.0
2026-03-16T10:27:00Z,24564.0,24581.25,24563.5,24579.0,708.0
2026-03-16T10:28:00Z,24579.25,24582.5,24571.75,24574.5,496.0
2026-03-16T10:29:00Z,24573.25,24576.25,24568.0,24572.0,307.0
2026-03-16T10:30:00Z,24571.0,24575.5,24564.5,24566.75,423.0
2026-03-16T10:31:00Z,24566.75,24567.25,24553.75,24559.0,525.0
2026-03-16T10:32:00Z,24558.5,24575.25,24558.5,24574.5,437.0
2026-03-16T10:33:00Z,24574.0,24574.0,24567.0,24568.25,269.0
2026-03-16T10:34:00Z,24568.25,24568.25,24556.5,24559.25,325.0
2026-03-16T10:35:00Z,24559.5,24561.5,24555.25,24556.75,251.0
2026-03-16T10:36:00Z,24556.5,24564.5,24555.25,24563.25,268.0
2026-03-16T10:37:00Z,24563.75,24566.5,24557.0,24559.75,288.0
2026-03-16T10:38:00Z,24560.5,24561.25,24554.75,24557.0,223.0
2026-03-16T10:39:00Z,24559.0,24570.0,24557.5,24567.0,292.0
2026-03-16T10:40:00Z,24568.25,24574.0,24563.25,24563.25,412.0
2026-03-16T10:41:00Z,24563.75,24565.0,24558.75,24560.75,193.0
2026-03-16T10:42:00Z,24562.0,24598.75,24562.0,24575.25,1777.0
2026-03-16T10:43:00Z,24575.0,24581.75,24564.0,24570.75,1132.0
2026-03-16T10:44:00Z,24570.5,24571.75,24564.75,24565.75,500.0
2026-03-16T10:45:00Z,24564.75,24571.0,24556.75,24569.0,527.0
2026-03-16T10:46:00Z,24569.0,24577.75,24563.5,24577.0,438.0
2026-03-16T10:47:00Z,24576.75,24579.75,24572.5,24577.75,259.0
2026-03-16T10:48:00Z,24578.5,24584.0,24574.25,24576.0,400.0
2026-03-16T10:49:00Z,24575.5,24593.0,24574.5,24591.75,392.0
2026-03-16T10:50:00Z,24591.75,24600.0,24590.25,24593.25,1107.0
2026-03-16T10:51:00Z,24591.5,24591.5,24581.5,24590.75,420.0
2026-03-16T10:52:00Z,24590.0,24591.75,24587.25,24590.5,284.0
2026-03-16T10:53:00Z,24590.25,24599.0,24588.5,24597.25,388.0
2026-03-16T10:54:00Z,24596.75,24600.0,24595.25,24596.25,283.0
2026-03-16T10:55:00Z,24597.25,24614.0,24595.75,24605.75,1183.0
2026-03-16T10:56:00Z,24605.5,24611.5,24603.5,24604.0,424.0
2026-03-16T10:57:00Z,24605.25,24608.25,24599.25,24601.0,245.0
2026-03-16T10:58:00Z,24599.5,24605.75,24597.5,24602.25,225.0
2026-03-16T10:59:00Z,24602.5,24608.0,24600.75,24604.25,288.0
2026-03-16T11:00:00Z,24604.0,24612.0,24590.0,24599.5,1381.0
2026-03-16T11:01:00Z,24600.25,24601.5,24594.25,24595.5,324.0
2026-03-16T11:02:00Z,24595.5,24598.75,24592.0,24595.75,305.0
2026-03-16T11:03:00Z,24594.75,24595.0,24588.5,24592.0,350.0
2026-03-16T11:04:00Z,24591.75,24599.25,24590.5,24596.75,376.0
2026-03-16T11:05:00Z,24596.75,24599.75,24591.75,24599.0,231.0
2026-03-16T11:06:00Z,24598.5,24598.5,24589.0,24594.25,208.0
2026-03-16T11:07:00Z,24594.0,24597.75,24588.75,24590.0,220.0
2026-03-16T11:08:00Z,24590.0,24595.75,24589.5,24592.25,118.0
2026-03-16T11:09:00Z,24593.0,24594.25,24586.0,24586.75,275.0
2026-03-16T11:10:00Z,24586.75,24593.25,24584.25,24589.0,327.0
2026-03-16T11:11:00Z,24589.0,24599.25,24585.0,24597.0,268.0
2026-03-16T11:12:00Z,24596.75,24599.75,24591.75,24594.5,246.0
2026-03-16T11:13:00Z,24595.5,24596.75,24585.5,24587.25,218.0
2026-03-16T11:14:00Z,24587.25,24593.0,24586.5,24592.0,134.0
2026-03-16T11:15:00Z,24592.0,24597.5,24590.25,24596.25,192.0
2026-03-16T11:16:00Z,24596.25,24600.0,24593.25,24595.75,259.0
2026-03-16T11:17:00Z,24596.0,24605.0,24596.0,24599.25,390.0
2026-03-16T11:18:00Z,24598.5,24604.25,24594.5,24602.25,200.0
2026-03-16T11:19:00Z,24602.5,24606.5,24598.25,24602.5,453.0
2026-03-16T11:20:00Z,24603.25,24603.5,24587.25,24588.75,450.0
2026-03-16T11:21:00Z,24588.25,24591.0,24586.75,24587.5,228.0
2026-03-16T11:22:00Z,24587.25,24598.0,24585.0,24594.0,298.0
2026-03-16T11:23:00Z,24595.0,24596.25,24590.25,24592.0,146.0
2026-03-16T11:24:00Z,24592.0,24599.5,24591.75,24595.25,217.0
2026-03-16T11:25:00Z,24597.0,24599.25,24593.25,24597.0,109.0
2026-03-16T11:26:00Z,24596.5,24599.5,24589.5,24591.0,208.0
2026-03-16T11:27:00Z,24591.25,24591.75,24582.25,24586.5,445.0
2026-03-16T11:28:00Z,24587.5,24588.0,24576.5,24581.0,496.0
2026-03-16T11:29:00Z,24581.0,24581.75,24576.5,24578.0,334.0
2026-03-16T11:30:00Z,24580.0,24588.75,24576.5,24587.5,493.0
2026-03-16T11:31:00Z,24588.5,24589.0,24580.25,24588.25,316.0
2026-03-16T11:32:00Z,24588.5,24593.5,24587.25,24588.25,378.0
2026-03-16T11:33:00Z,24589.25,24591.5,24577.75,24580.75,503.0
2026-03-16T11:34:00Z,24581.75,24603.25,24579.75,24600.5,695.0
2026-03-16T11:35:00Z,24601.25,24603.25,24597.75,24599.5,319.0
2026-03-16T11:36:00Z,24601.0,24625.0,24600.75,24623.25,1342.0
2026-03-16T11:37:00Z,24623.5,24624.0,24613.25,24617.5,737.0
2026-03-16T11:38:00Z,24618.25,24620.5,24616.75,24617.0,312.0
2026-03-16T11:39:00Z,24617.75,24618.5,24609.0,24616.25,439.0
2026-03-16T11:40:00Z,24616.0,24625.25,24613.5,24624.25,428.0
2026-03-16T11:41:00Z,24624.5,24626.25,24622.25,24624.75,311.0
2026-03-16T11:42:00Z,24624.5,24628.5,24623.5,24628.5,363.0
2026-03-16T11:43:00Z,24628.0,24634.75,24624.0,24630.0,924.0
2026-03-16T11:44:00Z,24630.0,24631.5,24623.75,24630.25,249.0
2026-03-16T11:45:00Z,24629.5,24631.5,24625.5,24628.5,194.0
2026-03-16T11:46:00Z,24628.5,24632.75,24624.75,24632.75,234.0
2026-03-16T11:47:00Z,24633.0,24636.75,24622.75,24625.5,598.0
2026-03-16T11:48:00Z,24625.25,24627.0,24616.75,24617.25,419.0
2026-03-16T11:49:00Z,24618.25,24626.5,24615.75,24621.5,374.0
2026-03-16T11:50:00Z,24621.75,24626.0,24614.5,24621.5,357.0
2026-03-16T11:51:00Z,24622.5,24626.25,24619.25,24622.25,216.0
2026-03-16T11:52:00Z,24622.25,24622.75,24617.0,24620.25,212.0
2026-03-16T11:53:00Z,24619.25,24623.0,24618.75,24621.75,162.0
2026-03-16T11:54:00Z,24621.5,24622.0,24616.5,24618.0,197.0
2026-03-16T11:55:00Z,24618.25,24625.75,24618.0,24622.5,306.0
2026-03-16T11:56:00Z,24621.75,24628.5,24620.25,24620.75,342.0
2026-03-16T11:57:00Z,24620.25,24622.25,24614.5,24619.25,428.0
2026-03-16T11:58:00Z,24619.5,24621.0,24617.25,24620.5,125.0
2026-03-16T11:59:00Z,24621.75,24628.25,24619.25,24625.75,397.0
2026-03-16T12:00:00Z,24624.75,24636.0,24624.25,24630.5,634.0
2026-03-16T12:01:00Z,24630.75,24637.0,24626.0,24634.5,387.0
2026-03-16T12:02:00Z,24633.25,24639.25,24631.75,24636.0,465.0
2026-03-16T12:03:00Z,24635.0,24636.25,24627.75,24635.25,400.0
2026-03-16T12:04:00Z,24634.0,24637.25,24630.25,24634.75,367.0
2026-03-16T12:05:00Z,24635.25,24640.0,24632.25,24637.0,397.0
2026-03-16T12:06:00Z,24637.5,24640.0,24630.5,24630.5,376.0
2026-03-16T12:07:00Z,24630.5,24637.0,24630.5,24635.5,326.0
2026-03-16T12:08:00Z,24635.0,24638.5,24634.5,24637.0,329.0
2026-03-16T12:09:00Z,24636.5,24648.25,24634.5,24648.25,763.0
2026-03-16T12:10:00Z,24647.5,24649.0,24640.5,24644.5,883.0
2026-03-16T12:11:00Z,24644.0,24649.0,24642.5,24649.0,324.0
2026-03-16T12:12:00Z,24648.75,24666.0,24648.75,24659.75,1334.0
2026-03-16T12:13:00Z,24659.5,24672.5,24658.0,24670.75,921.0
2026-03-16T12:14:00Z,24670.75,24675.0,24666.75,24669.75,1004.0
2026-03-16T12:15:00Z,24669.75,24670.0,24657.75,24660.75,782.0
2026-03-16T12:16:00Z,24661.0,24665.0,24657.25,24658.0,452.0
2026-03-16T12:17:00Z,24658.75,24668.25,24657.0,24665.75,367.0
2026-03-16T12:18:00Z,24667.25,24671.5,24661.75,24666.75,337.0
2026-03-16T12:19:00Z,24667.25,24678.75,24665.75,24673.25,611.0
2026-03-16T12:20:00Z,24673.75,24673.75,24662.0,24664.0,456.0
2026-03-16T12:21:00Z,24662.0,24666.0,24659.0,24662.25,423.0
2026-03-16T12:22:00Z,24662.25,24664.5,24660.0,24662.5,274.0
2026-03-16T12:23:00Z,24661.25,24663.5,24655.25,24657.0,425.0
2026-03-16T12:24:00Z,24656.0,24661.5,24656.0,24658.25,319.0
2026-03-16T12:25:00Z,24658.5,24659.25,24655.0,24658.5,302.0
2026-03-16T12:26:00Z,24658.75,24660.0,24651.5,24657.25,499.0
2026-03-16T12:27:00Z,24657.75,24665.25,24656.25,24660.0,359.0
2026-03-16T12:28:00Z,24661.0,24663.25,24658.0,24660.75,141.0
2026-03-16T12:29:00Z,24661.0,24666.75,24660.75,24665.0,274.0
2026-03-16T12:30:00Z,24665.0,24675.75,24663.25,24675.75,859.0
2026-03-16T12:31:00Z,24674.5,24675.75,24672.0,24673.0,471.0
2026-03-16T12:32:00Z,24672.75,24676.25,24669.0,24674.75,383.0
2026-03-16T12:33:00Z,24675.0,24681.5,24673.25,24676.0,735.0
2026-03-16T12:34:00Z,24676.0,24686.0,24675.5,24681.75,727.0
2026-03-16T12:35:00Z,24682.0,24684.0,24670.0,24671.5,589.0
2026-03-16T12:36:00Z,24671.5,24679.0,24671.0,24678.0,529.0
2026-03-16T12:37:00Z,24678.75,24684.0,24675.25,24678.0,659.0
2026-03-16T12:38:00Z,24678.25,24678.5,24671.75,24674.0,364.0
2026-03-16T12:39:00Z,24673.75,24678.0,24667.0,24671.75,457.0
2026-03-16T12:40:00Z,24672.5,24678.25,24663.5,24672.0,1312.0
2026-03-16T12:41:00Z,24671.25,24678.0,24669.75,24676.25,427.0
2026-03-16T12:42:00Z,24676.0,24688.75,24675.75,24681.5,866.0
2026-03-16T12:43:00Z,24681.0,24682.25,24671.25,24681.0,512.0
2026-03-16T12:44:00Z,24681.5,24682.5,24675.25,24677.0,280.0
2026-03-16T12:45:00Z,24676.25,24687.5,24675.5,24685.75,537.0
2026-03-16T12:46:00Z,24685.5,24689.75,24681.0,24684.5,503.0
2026-03-16T12:47:00Z,24684.0,24688.25,24679.75,24682.75,300.0
2026-03-16T12:48:00Z,24682.5,24686.0,24676.75,24677.25,532.0
2026-03-16T12:49:00Z,24677.25,24680.5,24670.25,24674.75,678.0
2026-03-16T12:50:00Z,24674.5,24674.75,24665.75,24669.0,621.0
2026-03-16T12:51:00Z,24669.0,24679.0,24667.25,24675.25,511.0
2026-03-16T12:52:00Z,24675.25,24683.25,24673.25,24674.75,511.0
2026-03-16T12:53:00Z,24674.0,24674.0,24662.0,24663.75,641.0
2026-03-16T12:54:00Z,24663.25,24669.25,24660.25,24663.25,560.0
2026-03-16T12:55:00Z,24663.0,24663.25,24654.0,24655.25,673.0
2026-03-16T12:56:00Z,24654.75,24657.25,24650.0,24655.5,695.0
2026-03-16T12:57:00Z,24654.5,24660.25,24653.75,24658.75,418.0
2026-03-16T12:58:00Z,24658.75,24659.75,24650.5,24652.0,430.0
2026-03-16T12:59:00Z,24652.75,24659.25,24647.5,24658.25,483.0
2026-03-16T13:00:00Z,24658.0,24667.75,24653.5,24666.5,1109.0
2026-03-16T13:01:00Z,24666.75,24679.75,24665.5,24670.75,1269.0
2026-03-16T13:02:00Z,24670.25,24681.5,24664.0,24680.0,675.0
2026-03-16T13:03:00Z,24679.75,24682.25,24669.5,24672.0,584.0
2026-03-16T13:04:00Z,24671.0,24671.75,24663.25,24669.25,500.0
2026-03-16T13:05:00Z,24668.75,24677.0,24668.5,24672.0,383.0
2026-03-16T13:06:00Z,24673.5,24677.5,24661.75,24664.0,568.0
2026-03-16T13:07:00Z,24664.5,24674.25,24662.75,24671.25,374.0
2026-03-16T13:08:00Z,24670.75,24672.5,24662.5,24670.25,402.0
2026-03-16T13:09:00Z,24669.75,24671.5,24663.25,24663.75,322.0
2026-03-16T13:10:00Z,24664.25,24667.25,24661.5,24663.5,457.0
2026-03-16T13:11:00Z,24663.25,24663.5,24652.5,24657.75,612.0
2026-03-16T13:12:00Z,24657.5,24659.0,24653.0,24655.0,423.0
2026-03-16T13:13:00Z,24655.5,24657.75,24653.25,24656.0,283.0
2026-03-16T13:14:00Z,24656.0,24660.25,24654.25,24656.75,335.0
2026-03-16T13:15:00Z,24657.25,24664.25,24653.25,24654.5,788.0
2026-03-16T13:16:00Z,24654.25,24658.0,24652.75,24654.75,447.0
2026-03-16T13:17:00Z,24655.75,24663.0,24652.75,24657.0,407.0
2026-03-16T13:18:00Z,24656.5,24656.5,24648.25,24654.25,618.0
2026-03-16T13:19:00Z,24653.5,24662.5,24650.5,24659.0,689.0
2026-03-16T13:20:00Z,24658.5,24662.0,24650.25,24650.75,523.0
2026-03-16T13:21:00Z,24651.25,24657.5,24650.0,24655.5,270.0
2026-03-16T13:22:00Z,24654.75,24669.5,24654.75,24668.75,827.0
2026-03-16T13:23:00Z,24668.0,24671.0,24665.25,24667.0,584.0
2026-03-16T13:24:00Z,24667.0,24667.25,24654.0,24655.25,673.0
2026-03-16T13:25:00Z,24654.5,24659.0,24649.0,24658.5,645.0
2026-03-16T13:26:00Z,24658.5,24662.0,24654.0,24658.5,452.0
2026-03-16T13:27:00Z,24657.75,24662.25,24649.5,24654.5,580.0
2026-03-16T13:28:00Z,24654.25,24663.25,24654.25,24656.25,658.0
2026-03-16T13:29:00Z,24656.5,24659.5,24651.25,24655.5,804.0
2026-03-16T13:30:00Z,24656.0,24674.0,24623.0,24648.5,8144.0
2026-03-16T13:31:00Z,24648.75,24687.5,24648.0,24673.75,6203.0
2026-03-16T13:32:00Z,24672.75,24697.0,24665.75,24685.25,3951.0
2026-03-16T13:33:00Z,24686.0,24707.0,24676.0,24706.25,4224.0
2026-03-16T13:34:00Z,24706.5,24707.75,24684.75,24691.25,2829.0
2026-03-16T13:35:00Z,24690.25,24717.0,24689.0,24708.75,4686.0
2026-03-16T13:36:00Z,24708.75,24715.0,24700.0,24707.0,2332.0
2026-03-16T13:37:00Z,24708.0,24713.5,24680.25,24696.75,2962.0
2026-03-16T13:38:00Z,24696.75,24701.5,24676.5,24679.5,2662.0
2026-03-16T13:39:00Z,24678.5,24688.25,24674.0,24684.0,1940.0
2026-03-16T13:40:00Z,24684.0,24689.75,24666.5,24688.5,3618.0
2026-03-16T13:41:00Z,24688.5,24694.25,24679.0,24680.75,3142.0
2026-03-16T13:42:00Z,24681.0,24692.5,24668.75,24683.25,2929.0
2026-03-16T13:43:00Z,24683.5,24684.0,24660.25,24677.75,2264.0
2026-03-16T13:44:00Z,24678.0,24678.0,24665.75,24671.5,1492.0
2026-03-16T13:45:00Z,24671.25,24724.5,24669.0,24724.0,7694.0
2026-03-16T13:46:00Z,24723.5,24723.75,24709.0,24720.0,3216.0
2026-03-16T13:47:00Z,24721.25,24733.25,24718.0,24733.0,3556.0
2026-03-16T13:48:00Z,24733.0,24735.0,24694.5,24702.0,4419.0
2026-03-16T13:49:00Z,24703.0,24714.75,24690.75,24713.25,3433.0
2026-03-16T13:50:00Z,24713.75,24715.5,24691.25,24707.0,2761.0
2026-03-16T13:51:00Z,24705.75,24712.0,24693.0,24694.25,1571.0
2026-03-16T13:52:00Z,24694.0,24707.25,24683.75,24687.0,2499.0
2026-03-16T13:53:00Z,24687.0,24703.5,24686.0,24702.0,1523.0
2026-03-16T13:54:00Z,24702.25,24708.5,24695.25,24698.25,1372.0
2026-03-16T13:55:00Z,24698.75,24705.25,24680.5,24692.25,2394.0
2026-03-16T13:56:00Z,24693.25,24719.75,24687.0,24719.75,3329.0
2026-03-16T13:57:00Z,24718.75,24728.75,24713.75,24725.5,3970.0
2026-03-16T13:58:00Z,24725.25,24744.25,24724.5,24735.75,4114.0
2026-03-16T13:59:00Z,24736.5,24739.75,24719.0,24736.75,3670.0
2026-03-16T14:00:00Z,24736.0,24740.0,24696.25,24710.5,5573.0
2026-03-16T14:01:00Z,24709.75,24729.25,24702.75,24723.0,2579.0
2026-03-16T14:02:00Z,24723.25,24733.0,24709.5,24729.0,2192.0
2026-03-16T14:03:00Z,24728.25,24731.0,24709.5,24709.5,1798.0
2026-03-16T14:04:00Z,24710.75,24719.25,24703.0,24707.75,1992.0
2026-03-16T14:05:00Z,24709.5,24712.5,24698.0,24706.5,1693.0
2026-03-16T14:06:00Z,24705.0,24732.0,24698.75,24729.75,2546.0
2026-03-16T14:07:00Z,24730.5,24732.25,24721.25,24732.25,1830.0
2026-03-16T14:08:00Z,24731.5,24748.25,24728.25,24747.0,3430.0
2026-03-16T14:09:00Z,24747.0,24748.25,24735.0,24739.25,2060.0
2026-03-16T14:10:00Z,24739.5,24761.25,24733.5,24757.25,4550.0
2026-03-16T14:11:00Z,24757.0,24759.0,24746.75,24752.25,2136.0
2026-03-16T14:12:00Z,24752.5,24757.0,24724.5,24727.0,3843.0
2026-03-16T14:13:00Z,24727.25,24740.25,24726.25,24737.5,1471.0
2026-03-16T14:14:00Z,24738.25,24743.0,24730.0,24735.25,1368.0
2026-03-16T14:15:00Z,24736.0,24741.5,24727.75,24736.75,1765.0
2026-03-16T14:16:00Z,24737.25,24750.0,24736.0,24742.0,1942.0
2026-03-16T14:17:00Z,24741.5,24748.75,24726.0,24746.0,2433.0
2026-03-16T14:18:00Z,24746.0,24760.75,24745.0,24759.75,2753.0
2026-03-16T14:19:00Z,24760.25,24760.25,24732.0,24735.0,2955.0
2026-03-16T14:20:00Z,24734.0,24752.5,24731.25,24748.25,1785.0
2026-03-16T14:21:00Z,24748.75,24765.75,24743.75,24754.0,2767.0
2026-03-16T14:22:00Z,24754.5,24754.5,24744.0,24751.25,1468.0
2026-03-16T14:23:00Z,24751.25,24757.5,24744.0,24748.75,1058.0
2026-03-16T14:24:00Z,24749.5,24752.75,24741.0,24751.25,1286.0
2026-03-16T14:25:00Z,24751.0,24752.25,24739.0,24743.5,1051.0
2026-03-16T14:26:00Z,24743.5,24754.75,24742.75,24747.25,945.0
2026-03-16T14:27:00Z,24747.0,24751.0,24735.75,24738.0,1624.0
2026-03-16T14:28:00Z,24738.0,24741.5,24729.0,24734.25,1721.0
2026-03-16T14:29:00Z,24734.25,24736.25,24716.25,24717.5,2610.0
2026-03-16T14:30:00Z,24718.0,24721.0,24687.75,24690.5,6680.0
2026-03-16T14:31:00Z,24690.25,24705.5,24686.5,24692.25,2657.0
2026-03-16T14:32:00Z,24691.5,24710.75,24684.75,24686.75,3043.0
2026-03-16T14:33:00Z,24687.0,24699.5,24675.0,24677.0,3064.0
2026-03-16T14:34:00Z,24676.75,24679.5,24664.75,24669.25,3709.0
2026-03-16T14:35:00Z,24670.0,24692.0,24667.0,24691.5,3376.0
2026-03-16T14:36:00Z,24690.75,24698.5,24677.0,24685.75,3264.0
2026-03-16T14:37:00Z,24687.0,24689.5,24671.5,24673.25,1735.0
2026-03-16T14:38:00Z,24673.25,24684.5,24638.5,24641.25,4903.0
2026-03-16T14:39:00Z,24640.5,24661.0,24638.75,24644.5,3520.0
2026-03-16T14:40:00Z,24643.75,24663.5,24639.25,24639.5,3070.0
2026-03-16T14:41:00Z,24639.75,24660.0,24635.0,24650.0,3184.0
2026-03-16T14:42:00Z,24650.0,24653.0,24633.75,24642.5,2367.0
2026-03-16T14:43:00Z,24642.75,24651.0,24633.75,24641.0,1666.0
2026-03-16T14:44:00Z,24640.75,24649.25,24638.5,24644.5,959.0
2026-03-16T14:45:00Z,24644.25,24664.75,24642.0,24652.25,2804.0
2026-03-16T14:46:00Z,24651.5,24675.25,24648.5,24665.75,3237.0
2026-03-16T14:47:00Z,24665.5,24668.0,24630.0,24633.0,3677.0
2026-03-16T14:48:00Z,24633.25,24661.25,24632.25,24652.75,2941.0
2026-03-16T14:49:00Z,24653.5,24657.0,24642.5,24643.0,1626.0
2026-03-16T14:50:00Z,24642.75,24643.5,24602.25,24628.5,6148.0
2026-03-16T14:51:00Z,24628.5,24657.25,24620.5,24655.25,3219.0
2026-03-16T14:52:00Z,24654.75,24663.25,24648.25,24659.25,2782.0
2026-03-16T14:53:00Z,24659.5,24672.75,24658.5,24668.0,2524.0
2026-03-16T14:54:00Z,24667.75,24679.5,24660.25,24673.5,2555.0
2026-03-16T14:55:00Z,24673.5,24674.25,24658.5,24670.75,1952.0
2026-03-16T14:56:00Z,24670.5,24676.25,24664.25,24672.25,1423.0
2026-03-16T14:57:00Z,24671.25,24678.25,24664.25,24677.75,1000.0
2026-03-16T14:58:00Z,24677.0,24686.25,24659.5,24661.0,2430.0
2026-03-16T14:59:00Z,24660.5,24695.5,24660.5,24694.5,3151.0
2026-03-16T15:00:00Z,24694.75,24700.0,24685.5,24697.75,2433.0
2026-03-16T15:01:00Z,24697.5,24698.75,24678.0,24685.0,1978.0
2026-03-16T15:02:00Z,24684.0,24688.75,24669.75,24684.75,1950.0
2026-03-16T15:03:00Z,24685.25,24688.25,24667.25,24669.25,1261.0
2026-03-16T15:04:00Z,24669.0,24677.0,24660.0,24666.0,1768.0
2026-03-16T15:05:00Z,24666.0,24666.75,24647.0,24659.5,2945.0
2026-03-16T15:06:00Z,24659.5,24668.75,24648.75,24666.0,1708.0
2026-03-16T15:07:00Z,24666.75,24667.0,24652.0,24657.0,1339.0
2026-03-16T15:08:00Z,24656.0,24674.25,24655.5,24672.0,1074.0
2026-03-16T15:09:00Z,24672.5,24683.0,24663.25,24682.5,2087.0
2026-03-16T15:10:00Z,24682.0,24682.75,24657.5,24662.25,1751.0
2026-03-16T15:11:00Z,24661.75,24669.5,24655.5,24664.75,1233.0
2026-03-16T15:12:00Z,24664.5,24673.75,24659.5,24671.25,1017.0
2026-03-16T15:13:00Z,24670.5,24698.0,24668.75,24695.0,2671.0
2026-03-16T15:14:00Z,24695.0,24708.75,24691.75,24701.75,2706.0
2026-03-16T15:15:00Z,24701.25,24703.0,24687.25,24694.75,1829.0
2026-03-16T15:16:00Z,24693.75,24694.75,24679.5,24690.5,2087.0
2026-03-16T15:17:00Z,24689.75,24700.0,24683.5,24698.75,1276.0
2026-03-16T15:18:00Z,24698.25,24710.25,24695.0,24708.25,2160.0
2026-03-16T15:19:00Z,24707.5,24709.75,24701.75,24709.75,1151.0
2026-03-16T15:20:00Z,24710.0,24710.75,24700.5,24709.75,1424.0
2026-03-16T15:21:00Z,24709.5,24716.25,24702.0,24715.0,1234.0
2026-03-16T15:22:00Z,24714.25,24726.25,24710.5,24726.25,1825.0
2026-03-16T15:23:00Z,24725.25,24726.25,24715.0,24725.75,1321.0
2026-03-16T15:24:00Z,24725.75,24736.5,24724.75,24729.75,1996.0
2026-03-16T15:25:00Z,24730.25,24732.25,24716.75,24723.0,1830.0
2026-03-16T15:26:00Z,24723.25,24734.25,24722.0,24728.0,1018.0
2026-03-16T15:27:00Z,24728.5,24730.0,24723.0,24723.25,660.0
2026-03-16T15:28:00Z,24723.25,24723.25,24711.25,24719.5,1346.0
2026-03-16T15:29:00Z,24719.25,24719.5,24702.75,24715.75,1529.0
2026-03-16T15:30:00Z,24715.25,24733.25,24715.0,24729.5,1984.0
2026-03-16T15:31:00Z,24728.75,24733.0,24719.75,24733.0,1102.0
2026-03-16T15:32:00Z,24732.25,24732.75,24724.75,24727.0,691.0
2026-03-16T15:33:00Z,24726.75,24731.0,24724.5,24731.0,489.0
2026-03-16T15:34:00Z,24731.25,24739.75,24727.75,24729.75,1997.0
2026-03-16T15:35:00Z,24729.5,24733.75,24727.0,24731.75,1348.0
2026-03-16T15:36:00Z,24732.0,24735.75,24724.75,24730.5,623.0
2026-03-16T15:37:00Z,24730.5,24737.25,24728.75,24731.75,636.0
2026-03-16T15:38:00Z,24732.5,24734.5,24720.0,24724.75,1739.0
2026-03-16T15:39:00Z,24723.75,24729.75,24721.0,24722.5,718.0
2026-03-16T15:40:00Z,24722.0,24724.5,24717.75,24719.75,891.0
2026-03-16T15:41:00Z,24720.75,24723.5,24711.5,24716.5,2125.0
2026-03-16T15:42:00Z,24716.5,24730.0,24715.5,24719.75,1289.0
2026-03-16T15:43:00Z,24721.25,24727.25,24716.25,24726.25,695.0
2026-03-16T15:44:00Z,24726.5,24728.5,24717.0,24718.0,768.0
2026-03-16T15:45:00Z,24717.5,24726.0,24716.75,24724.5,694.0
2026-03-16T15:46:00Z,24725.5,24729.0,24722.25,24723.25,557.0
2026-03-16T15:47:00Z,24723.0,24734.0,24722.0,24729.5,744.0
2026-03-16T15:48:00Z,24728.5,24730.5,24722.75,24727.25,657.0
2026-03-16T15:49:00Z,24727.25,24731.5,24721.0,24728.5,807.0
2026-03-16T15:50:00Z,24728.75,24729.25,24699.25,24705.75,3076.0
2026-03-16T15:51:00Z,24705.5,24719.0,24703.5,24707.75,1474.0
2026-03-16T15:52:00Z,24707.75,24713.25,24704.25,24705.0,928.0
2026-03-16T15:53:00Z,24704.75,24707.0,24693.25,24701.0,2556.0
2026-03-16T15:54:00Z,24700.5,24711.25,24699.75,24705.75,1097.0
2026-03-16T15:55:00Z,24706.25,24706.75,24691.0,24692.25,1396.0
2026-03-16T15:56:00Z,24691.5,24715.0,24691.5,24708.0,1421.0
2026-03-16T15:57:00Z,24707.5,24709.25,24675.5,24678.0,2176.0
2026-03-16T15:58:00Z,24678.75,24692.75,24668.25,24674.0,2697.0
2026-03-16T15:59:00Z,24674.75,24683.25,24674.0,24675.5,1078.0
2026-03-16T16:00:00Z,24675.25,24692.5,24669.0,24689.0,1831.0
2026-03-16T16:01:00Z,24688.5,24690.5,24675.75,24676.0,842.0
2026-03-16T16:02:00Z,24675.5,24681.25,24669.0,24674.25,1080.0
2026-03-16T16:03:00Z,24674.5,24684.5,24670.25,24683.5,1016.0
2026-03-16T16:04:00Z,24684.0,24688.75,24664.25,24666.0,1581.0
2026-03-16T16:05:00Z,24665.75,24677.25,24664.25,24674.5,1147.0
2026-03-16T16:06:00Z,24674.0,24684.5,24673.5,24681.0,1044.0
2026-03-16T16:07:00Z,24682.0,24698.75,24674.25,24697.75,1636.0
2026-03-16T16:08:00Z,24697.5,24704.0,24690.25,24692.0,1866.0
2026-03-16T16:09:00Z,24692.25,24692.5,24675.25,24681.25,1429.0
2026-03-16T16:10:00Z,24683.0,24697.75,24680.75,24695.75,1003.0
2026-03-16T16:11:00Z,24696.5,24696.5,24683.25,24685.0,653.0
2026-03-16T16:12:00Z,24683.75,24686.75,24668.75,24673.75,1355.0
2026-03-16T16:13:00Z,24673.25,24690.5,24673.25,24675.0,1133.0
2026-03-16T16:14:00Z,24675.0,24684.25,24669.5,24681.5,874.0
2026-03-16T16:15:00Z,24680.5,24692.75,24676.5,24680.0,917.0
2026-03-16T16:16:00Z,24680.0,24683.75,24665.0,24666.75,1011.0
2026-03-16T16:17:00Z,24666.75,24688.75,24660.0,24688.75,1818.0
2026-03-16T16:18:00Z,24688.75,24689.0,24673.25,24681.75,1138.0
2026-03-16T16:19:00Z,24681.0,24685.25,24672.0,24672.0,619.0
2026-03-16T16:20:00Z,24672.5,24675.0,24665.5,24668.25,967.0
2026-03-16T16:21:00Z,24668.5,24671.0,24638.75,24640.5,2668.0
2026-03-16T16:22:00Z,24640.5,24654.0,24633.5,24638.75,2217.0
2026-03-16T16:23:00Z,24638.0,24655.5,24637.75,24644.0,1316.0
2026-03-16T16:24:00Z,24644.25,24648.25,24630.0,24630.5,1620.0
2026-03-16T16:25:00Z,24630.75,24636.0,24620.75,24626.75,3090.0
2026-03-16T16:26:00Z,24626.25,24635.25,24623.5,24633.75,1260.0
2026-03-16T16:27:00Z,24634.25,24648.5,24625.5,24627.75,2113.0
2026-03-16T16:28:00Z,24629.25,24636.5,24624.0,24626.75,927.0
2026-03-16T16:29:00Z,24626.25,24637.5,24626.0,24633.75,854.0
2026-03-16T16:30:00Z,24632.75,24640.0,24621.0,24624.75,1716.0
2026-03-16T16:31:00Z,24624.5,24643.75,24617.25,24641.75,1676.0
2026-03-16T16:32:00Z,24642.0,24651.0,24636.0,24637.25,1834.0
2026-03-16T16:33:00Z,24637.25,24641.75,24631.5,24638.75,980.0
2026-03-16T16:34:00Z,24638.25,24639.75,24627.25,24632.0,784.0
2026-03-16T16:35:00Z,24631.25,24651.75,24631.0,24647.25,1372.0
2026-03-16T16:36:00Z,24648.0,24654.0,24640.25,24643.75,1558.0
2026-03-16T16:37:00Z,24642.75,24656.75,24640.25,24649.75,1070.0
2026-03-16T16:38:00Z,24650.5,24658.5,24647.5,24657.75,883.0
2026-03-16T16:39:00Z,24658.0,24664.5,24651.25,24661.25,1240.0
2026-03-16T16:40:00Z,24660.5,24664.75,24650.0,24662.25,1174.0
2026-03-16T16:41:00Z,24663.0,24673.5,24660.5,24670.0,1690.0
2026-03-16T16:42:00Z,24669.75,24681.5,24665.5,24679.0,1579.0
2026-03-16T16:43:00Z,24679.5,24688.75,24676.0,24679.75,1831.0
2026-03-16T16:44:00Z,24679.25,24684.0,24675.5,24680.5,1094.0
2026-03-16T16:45:00Z,24681.5,24681.75,24664.75,24671.75,1439.0
2026-03-16T16:46:00Z,24670.75,24689.0,24668.0,24688.0,1163.0
2026-03-16T16:47:00Z,24687.25,24691.0,24667.0,24667.0,1281.0
2026-03-16T16:48:00Z,24667.75,24675.0,24664.25,24669.0,876.0
2026-03-16T16:49:00Z,24671.0,24682.25,24667.25,24676.5,741.0
2026-03-16T16:50:00Z,24675.5,24685.5,24671.5,24684.0,804.0
2026-03-16T16:51:00Z,24684.0,24688.75,24679.0,24688.75,746.0
2026-03-16T16:52:00Z,24688.5,24691.75,24684.75,24689.75,879.0
2026-03-16T16:53:00Z,24690.5,24698.25,24686.25,24690.0,1166.0
2026-03-16T16:54:00Z,24689.5,24690.5,24677.5,24681.25,1114.0
2026-03-16T16:55:00Z,24680.5,24690.0,24680.0,24681.25,677.0
2026-03-16T16:56:00Z,24681.75,24684.75,24670.75,24673.75,1250.0
2026-03-16T16:57:00Z,24673.5,24685.5,24669.0,24678.75,957.0
2026-03-16T16:58:00Z,24678.5,24680.75,24673.0,24677.25,582.0
2026-03-16T16:59:00Z,24677.25,24678.5,24670.5,24674.0,539.0
2026-03-16T17:00:00Z,24674.75,24720.0,24674.25,24717.25,4206.0
2026-03-16T17:01:00Z,24717.75,24721.0,24692.75,24703.5,3455.0
2026-03-16T17:02:00Z,24703.75,24720.25,24697.5,24710.0,1709.0
2026-03-16T17:03:00Z,24710.0,24710.0,24694.5,24694.5,885.0
2026-03-16T17:04:00Z,24695.0,24697.5,24686.0,24687.75,1346.0
2026-03-16T17:05:00Z,24688.75,24703.75,24682.0,24698.5,1199.0
2026-03-16T17:06:00Z,24700.0,24704.25,24693.75,24700.0,602.0
2026-03-16T17:07:00Z,24699.5,24708.5,24694.5,24698.25,996.0
2026-03-16T17:08:00Z,24698.5,24706.75,24688.5,24704.75,865.0
2026-03-16T17:09:00Z,24705.0,24705.5,24691.0,24694.0,515.0
2026-03-16T17:10:00Z,24694.25,24710.5,24694.0,24701.0,916.0
2026-03-16T17:11:00Z,24700.25,24711.5,24696.5,24710.25,1087.0
2026-03-16T17:12:00Z,24708.5,24716.25,24701.5,24713.5,919.0
2026-03-16T17:13:00Z,24714.5,24718.0,24707.0,24715.25,999.0
2026-03-16T17:14:00Z,24715.5,24715.5,24705.75,24708.0,786.0
2026-03-16T17:15:00Z,24707.25,24712.0,24695.0,24701.5,1166.0
2026-03-16T17:16:00Z,24700.5,24703.25,24692.0,24692.75,748.0
2026-03-16T17:17:00Z,24692.0,24702.75,24691.0,24702.75,819.0
2026-03-16T17:18:00Z,24702.75,24710.25,24696.5,24706.5,822.0
2026-03-16T17:19:00Z,24706.25,24710.75,24701.0,24708.25,518.0
2026-03-16T17:20:00Z,24709.25,24719.5,24707.75,24719.0,1042.0
2026-03-16T17:21:00Z,24718.25,24718.75,24709.5,24711.25,675.0
2026-03-16T17:22:00Z,24711.0,24718.5,24709.25,24717.0,463.0
2026-03-16T17:23:00Z,24716.75,24727.25,24712.75,24716.25,1214.0
2026-03-16T17:24:00Z,24717.75,24721.25,24711.0,24714.75,624.0
2026-03-16T17:25:00Z,24715.0,24722.5,24709.25,24721.5,686.0
2026-03-16T17:26:00Z,24720.75,24721.5,24712.25,24712.75,708.0
2026-03-16T17:27:00Z,24713.5,24717.25,24710.0,24714.5,468.0
2026-03-16T17:28:00Z,24713.25,24713.25,24705.25,24707.75,831.0
2026-03-16T17:29:00Z,24707.5,24708.0,24693.5,24696.5,1289.0
2026-03-16T17:30:00Z,24697.0,24708.75,24695.75,24707.0,1099.0
2026-03-16T17:31:00Z,24707.0,24711.5,24700.5,24709.75,729.0
2026-03-16T17:32:00Z,24709.25,24712.0,24701.75,24703.5,534.0
2026-03-16T17:33:00Z,24702.75,24702.75,24686.25,24692.5,1445.0
2026-03-16T17:34:00Z,24693.0,24699.75,24691.5,24696.0,591.0
2026-03-16T17:35:00Z,24695.5,24701.0,24691.75,24693.25,443.0
2026-03-16T17:36:00Z,24693.25,24706.25,24693.0,24694.75,769.0
2026-03-16T17:37:00Z,24694.0,24702.25,24689.0,24699.25,640.0
2026-03-16T17:38:00Z,24699.5,24700.25,24694.5,24695.0,265.0
2026-03-16T17:39:00Z,24695.75,24698.5,24681.5,24685.25,984.0
2026-03-16T17:40:00Z,24685.25,24690.5,24684.25,24687.0,743.0
2026-03-16T17:41:00Z,24686.0,24693.0,24682.75,24683.75,670.0
2026-03-16T17:42:00Z,24684.75,24687.5,24680.0,24681.25,532.0
2026-03-16T17:43:00Z,24680.0,24685.25,24677.75,24680.0,604.0
2026-03-16T17:44:00Z,24678.75,24680.75,24671.25,24673.5,1002.0
2026-03-16T17:45:00Z,24674.75,24691.0,24673.25,24686.75,1090.0
2026-03-16T17:46:00Z,24687.0,24696.5,24682.0,24684.25,1276.0
2026-03-16T17:47:00Z,24683.75,24689.75,24681.25,24683.75,638.0
2026-03-16T17:48:00Z,24683.25,24684.5,24659.5,24665.25,1750.0
2026-03-16T17:49:00Z,24665.25,24672.75,24664.0,24669.0,883.0
2026-03-16T17:50:00Z,24668.75,24670.0,24652.0,24656.75,1443.0
2026-03-16T17:51:00Z,24656.5,24680.5,24655.75,24677.5,1521.0
2026-03-16T17:52:00Z,24677.25,24681.75,24672.0,24677.75,738.0
2026-03-16T17:53:00Z,24677.0,24687.0,24672.5,24680.25,773.0
2026-03-16T17:54:00Z,24679.0,24680.0,24669.0,24674.5,642.0
2026-03-16T17:55:00Z,24674.5,24680.0,24668.0,24677.75,596.0
2026-03-16T17:56:00Z,24678.25,24684.5,24674.75,24682.0,556.0
2026-03-16T17:57:00Z,24681.75,24688.5,24679.0,24685.75,809.0
2026-03-16T17:58:00Z,24684.75,24693.0,24683.5,24689.5,723.0
2026-03-16T17:59:00Z,24689.0,24690.5,24681.25,24681.5,541.0
2026-03-16T18:00:00Z,24682.75,24687.0,24680.0,24681.0,532.0
2026-03-16T18:01:00Z,24680.5,24686.25,24676.5,24681.5,756.0
2026-03-16T18:02:00Z,24682.0,24692.75,24682.0,24690.25,804.0
2026-03-16T18:03:00Z,24690.5,24690.75,24685.25,24687.25,406.0
2026-03-16T18:04:00Z,24686.5,24700.75,24684.25,24698.5,1068.0
2026-03-16T18:05:00Z,24699.0,24703.5,24693.0,24701.0,1121.0
2026-03-16T18:06:00Z,24701.25,24712.75,24694.5,24706.75,1523.0
2026-03-16T18:07:00Z,24705.5,24721.0,24699.5,24720.0,1944.0
2026-03-16T18:08:00Z,24720.5,24721.0,24708.5,24709.75,1082.0
2026-03-16T18:09:00Z,24709.25,24713.5,24701.75,24710.75,1165.0
2026-03-16T18:10:00Z,24711.25,24718.0,24708.75,24710.0,984.0
2026-03-16T18:11:00Z,24710.0,24710.0,24699.5,24701.0,1103.0
2026-03-16T18:12:00Z,24701.25,24706.25,24699.5,24701.75,511.0
2026-03-16T18:13:00Z,24701.75,24703.25,24696.0,24701.25,531.0
2026-03-16T18:14:00Z,24701.25,24706.0,24698.75,24705.75,297.0
2026-03-16T18:15:00Z,24706.5,24711.5,24703.25,24705.0,909.0
2026-03-16T18:16:00Z,24705.0,24724.0,24705.0,24720.5,1199.0
2026-03-16T18:17:00Z,24721.0,24723.0,24715.0,24720.75,1220.0
2026-03-16T18:18:00Z,24720.25,24720.5,24713.25,24718.25,640.0
2026-03-16T18:19:00Z,24718.25,24722.75,24711.0,24715.25,749.0
2026-03-16T18:20:00Z,24715.75,24718.25,24709.25,24714.5,668.0
2026-03-16T18:21:00Z,24714.0,24719.0,24707.25,24709.25,681.0
2026-03-16T18:22:00Z,24709.25,24716.75,24708.75,24712.25,377.0
2026-03-16T18:23:00Z,24712.5,24721.0,24710.0,24717.5,552.0
2026-03-16T18:24:00Z,24717.5,24721.75,24716.0,24718.75,383.0
2026-03-16T18:25:00Z,24718.75,24719.25,24711.75,24717.5,500.0
2026-03-16T18:26:00Z,24716.75,24730.0,24716.0,24723.0,1133.0
2026-03-16T18:27:00Z,24722.5,24727.25,24722.5,24726.75,514.0
2026-03-16T18:28:00Z,24726.25,24726.25,24709.75,24713.25,1310.0
2026-03-16T18:29:00Z,24714.0,24720.75,24713.5,24720.0,476.0
2026-03-16T18:30:00Z,24719.5,24725.0,24716.5,24721.5,620.0
2026-03-16T18:31:00Z,24720.5,24723.5,24708.0,24712.75,824.0
2026-03-16T18:32:00Z,24713.0,24715.5,24704.25,24712.75,912.0
2026-03-16T18:33:00Z,24713.0,24718.75,24712.25,24716.75,526.0
2026-03-16T18:34:00Z,24717.0,24717.0,24711.0,24713.25,301.0
2026-03-16T18:35:00Z,24713.0,24716.5,24706.25,24708.5,499.0
2026-03-16T18:36:00Z,24709.0,24714.0,24707.0,24713.75,366.0
2026-03-16T18:37:00Z,24713.5,24716.75,24708.0,24715.75,441.0
2026-03-16T18:38:00Z,24715.75,24726.25,24714.0,24723.0,1005.0
2026-03-16T18:39:00Z,24723.25,24724.0,24717.0,24722.5,458.0
2026-03-16T18:40:00Z,24722.75,24724.25,24715.5,24721.0,528.0
2026-03-16T18:41:00Z,24721.25,24727.75,24719.0,24726.75,609.0
2026-03-16T18:42:00Z,24727.25,24732.5,24724.5,24727.25,967.0
2026-03-16T18:43:00Z,24726.75,24727.25,24718.75,24724.25,694.0
2026-03-16T18:44:00Z,24724.0,24735.5,24722.25,24730.75,719.0
2026-03-16T18:45:00Z,24730.75,24735.5,24730.0,24731.0,843.0
2026-03-16T18:46:00Z,24731.0,24734.5,24727.5,24728.5,420.0
2026-03-16T18:47:00Z,24728.25,24732.25,24724.75,24727.0,442.0
2026-03-16T18:48:00Z,24727.25,24731.75,24727.25,24731.0,315.0
2026-03-16T18:49:00Z,24731.0,24731.0,24725.5,24725.75,304.0
2026-03-16T18:50:00Z,24725.5,24726.0,24716.5,24721.0,962.0
2026-03-16T18:51:00Z,24720.75,24724.75,24715.75,24718.5,541.0
2026-03-16T18:52:00Z,24719.25,24722.0,24716.5,24717.75,286.0
2026-03-16T18:53:00Z,24718.5,24719.0,24712.0,24713.25,644.0
2026-03-16T18:54:00Z,24713.0,24718.25,24711.0,24711.75,470.0
2026-03-16T18:55:00Z,24712.5,24714.5,24706.5,24709.0,791.0
2026-03-16T18:56:00Z,24709.5,24714.5,24705.0,24708.75,620.0
2026-03-16T18:57:00Z,24709.0,24712.75,24705.75,24706.5,420.0
2026-03-16T18:58:00Z,24706.25,24710.25,24703.5,24704.75,519.0
2026-03-16T18:59:00Z,24704.25,24708.25,24701.5,24704.75,446.0
2026-03-16T19:00:00Z,24704.0,24718.25,24703.75,24715.0,1016.0
2026-03-16T19:01:00Z,24715.25,24715.5,24711.0,24712.25,439.0
2026-03-16T19:02:00Z,24711.75,24714.75,24707.75,24709.0,569.0
2026-03-16T19:03:00Z,24709.25,24710.0,24695.0,24696.25,1309.0
2026-03-16T19:04:00Z,24696.25,24702.25,24694.0,24702.25,880.0
2026-03-16T19:05:00Z,24702.25,24703.75,24686.5,24689.5,1271.0
2026-03-16T19:06:00Z,24689.5,24696.5,24689.25,24690.75,587.0
2026-03-16T19:07:00Z,24691.25,24696.5,24690.25,24692.0,427.0
2026-03-16T19:08:00Z,24692.25,24705.0,24690.0,24701.5,1175.0
2026-03-16T19:09:00Z,24701.75,24787.5,24699.75,24785.75,6920.0
2026-03-16T19:10:00Z,24785.0,24816.25,24767.5,24770.25,6673.0
2026-03-16T19:11:00Z,24769.5,24772.5,24740.0,24751.5,3674.0
2026-03-16T19:12:00Z,24751.5,24755.5,24721.5,24724.0,2654.0
2026-03-16T19:13:00Z,24723.25,24725.5,24701.75,24702.25,2613.0
2026-03-16T19:14:00Z,24701.75,24721.25,24701.0,24710.0,1465.0
2026-03-16T19:15:00Z,24709.5,24716.5,24702.75,24710.0,1143.0
2026-03-16T19:16:00Z,24711.5,24726.0,24708.5,24720.25,1655.0
2026-03-16T19:17:00Z,24720.5,24732.25,24716.25,24728.0,1506.0
2026-03-16T19:18:00Z,24728.75,24732.0,24707.75,24710.25,1284.0
2026-03-16T19:19:00Z,24709.5,24711.75,24695.0,24697.25,1809.0
2026-03-16T19:20:00Z,24697.25,24700.25,24668.5,24691.75,3068.0
2026-03-16T19:21:00Z,24692.25,24701.75,24689.25,24693.75,1094.0
2026-03-16T19:22:00Z,24693.75,24703.5,24689.5,24700.0,790.0
2026-03-16T19:23:00Z,24699.75,24701.5,24676.75,24678.75,1308.0
2026-03-16T19:24:00Z,24678.75,24687.25,24673.25,24677.75,1215.0
2026-03-16T19:25:00Z,24676.5,24678.5,24662.5,24663.5,1191.0
2026-03-16T19:26:00Z,24663.5,24670.5,24659.5,24665.5,1379.0
2026-03-16T19:27:00Z,24665.75,24673.25,24664.0,24667.25,1068.0
2026-03-16T19:28:00Z,24668.0,24673.75,24663.5,24665.0,829.0
2026-03-16T19:29:00Z,24665.0,24697.5,24661.0,24683.5,3225.0
2026-03-16T19:30:00Z,24683.5,24686.25,24668.25,24675.25,1563.0
2026-03-16T19:31:00Z,24675.0,24692.0,24670.5,24681.5,1326.0
2026-03-16T19:32:00Z,24681.75,24692.75,24676.25,24687.5,1098.0
2026-03-16T19:33:00Z,24687.0,24687.75,24675.75,24679.0,789.0
2026-03-16T19:34:00Z,24679.5,24684.75,24674.0,24677.75,625.0
2026-03-16T19:35:00Z,24678.25,24681.75,24666.5,24668.25,932.0
2026-03-16T19:36:00Z,24669.25,24688.75,24669.25,24686.25,941.0
2026-03-16T19:37:00Z,24686.5,24693.25,24673.75,24675.5,924.0
2026-03-16T19:38:00Z,24674.75,24680.75,24671.5,24678.0,530.0
2026-03-16T19:39:00Z,24679.0,24679.0,24669.5,24672.25,410.0
2026-03-16T19:40:00Z,24671.0,24679.5,24669.25,24676.5,501.0
2026-03-16T19:41:00Z,24676.25,24676.75,24661.0,24662.25,748.0
2026-03-16T19:42:00Z,24662.75,24665.5,24652.75,24655.5,1519.0
2026-03-16T19:43:00Z,24655.0,24659.75,24649.0,24655.25,1256.0
2026-03-16T19:44:00Z,24655.5,24662.0,24653.0,24656.75,708.0
2026-03-16T19:45:00Z,24657.75,24664.5,24646.75,24650.75,1185.0
2026-03-16T19:46:00Z,24650.5,24662.25,24648.75,24652.5,754.0
2026-03-16T19:47:00Z,24651.25,24652.75,24645.0,24649.25,698.0
2026-03-16T19:48:00Z,24649.5,24652.25,24645.5,24647.75,549.0
2026-03-16T19:49:00Z,24647.5,24660.5,24645.25,24656.25,915.0
2026-03-16T19:50:00Z,24656.25,24658.5,24636.5,24653.25,1773.0
2026-03-16T19:51:00Z,24653.25,24667.75,24651.0,24663.0,1423.0
2026-03-16T19:52:00Z,24662.0,24671.5,24655.75,24655.75,1024.0
2026-03-16T19:53:00Z,24655.25,24668.25,24653.25,24663.0,712.0
2026-03-16T19:54:00Z,24665.75,24667.0,24650.25,24653.5,1104.0
2026-03-16T19:55:00Z,24653.25,24665.5,24650.75,24665.5,1204.0
2026-03-16T19:56:00Z,24665.75,24669.0,24661.75,24666.5,534.0
2026-03-16T19:57:00Z,24666.5,24669.25,24663.75,24668.5,407.0
2026-03-16T19:58:00Z,24668.5,24675.75,24665.25,24671.5,1102.0
2026-03-16T19:59:00Z,24672.0,24680.75,24668.0,24669.5,3193.0
2026-03-16T20:00:00Z,24669.75,24678.75,24665.5,24669.25,1582.0
2026-03-16T20:01:00Z,24669.0,24671.0,24662.75,24664.25,583.0
2026-03-16T20:02:00Z,24664.0,24666.0,24654.0,24656.0,842.0
2026-03-16T20:03:00Z,24655.75,24659.75,24651.25,24659.75,495.0
2026-03-16T20:04:00Z,24659.75,24663.75,24657.25,24661.0,446.0
2026-03-16T20:05:00Z,24662.0,24674.5,24662.0,24673.25,630.0
2026-03-16T20:06:00Z,24674.25,24675.75,24671.75,24674.75,295.0
2026-03-16T20:07:00Z,24675.25,24685.25,24675.25,24683.0,785.0
2026-03-16T20:08:00Z,24683.75,24684.25,24677.25,24679.75,338.0
2026-03-16T20:09:00Z,24679.0,24679.0,24669.25,24675.0,479.0
2026-03-16T20:10:00Z,24674.75,24675.75,24671.25,24673.5,299.0
2026-03-16T20:11:00Z,24673.0,24680.0,24673.0,24674.25,254.0
2026-03-16T20:12:00Z,24674.5,24678.25,24673.25,24675.75,203.0
2026-03-16T20:13:00Z,24676.25,24679.75,24676.0,24678.75,141.0
2026-03-16T20:14:00Z,24678.5,24684.0,24675.5,24679.5,212.0
2026-03-16T20:15:00Z,24681.0,24681.25,24676.0,24678.5,167.0
2026-03-16T20:16:00Z,24678.75,24681.25,24676.75,24680.75,142.0
2026-03-16T20:17:00Z,24680.25,24681.25,24678.25,24679.25,91.0
2026-03-16T20:18:00Z,24679.0,24679.0,24672.5,24673.5,174.0
2026-03-16T20:19:00Z,24674.0,24674.0,24667.75,24668.5,204.0
2026-03-16T20:20:00Z,24668.5,24669.5,24662.0,24663.25,397.0
2026-03-16T20:21:00Z,24663.75,24663.75,24654.75,24658.25,400.0
2026-03-16T20:22:00Z,24660.25,24660.25,24654.0,24658.25,278.0
2026-03-16T20:23:00Z,24657.0,24660.75,24651.0,24651.75,310.0
2026-03-16T20:24:00Z,24651.75,24656.5,24650.75,24651.5,211.0
2026-03-16T20:25:00Z,24652.25,24654.0,24649.25,24653.25,218.0
2026-03-16T20:26:00Z,24652.75,24655.25,24651.75,24653.25,200.0
2026-03-16T20:27:00Z,24653.25,24656.75,24651.25,24652.5,183.0
2026-03-16T20:28:00Z,24653.0,24654.25,24650.25,24650.75,85.0
2026-03-16T20:29:00Z,24651.25,24653.0,24648.75,24650.0,147.0
2026-03-16T20:30:00Z,24651.25,24656.25,24650.0,24655.25,227.0
2026-03-16T20:31:00Z,24655.25,24655.75,24652.25,24655.25,74.0
2026-03-16T20:32:00Z,24654.25,24655.75,24650.25,24651.5,147.0
2026-03-16T20:33:00Z,24652.0,24652.75,24640.25,24649.75,215.0
2026-03-16T20:34:00Z,24649.25,24653.25,24648.0,24652.25,173.0
2026-03-16T20:35:00Z,24651.75,24652.5,24649.25,24650.25,114.0
2026-03-16T20:36:00Z,24649.25,24653.0,24646.25,24651.25,145.0
2026-03-16T20:37:00Z,24651.0,24651.75,24647.25,24647.75,73.0
2026-03-16T20:38:00Z,24647.75,24652.75,24647.25,24649.5,90.0
2026-03-16T20:39:00Z,24649.25,24655.0,24647.75,24651.25,239.0
2026-03-16T20:40:00Z,24650.5,24653.75,24650.25,24653.5,117.0
2026-03-16T20:41:00Z,24652.25,24654.0,24649.25,24650.0,128.0
2026-03-16T20:42:00Z,24649.75,24651.0,24647.5,24648.25,107.0
2026-03-16T20:43:00Z,24648.5,24651.25,24647.5,24651.0,157.0
2026-03-16T20:44:00Z,24651.0,24666.0,24650.0,24650.5,494.0
2026-03-16T20:45:00Z,24652.0,24653.75,24648.0,24650.25,195.0
2026-03-16T20:46:00Z,24650.0,24651.0,24645.5,24647.0,191.0
2026-03-16T20:47:00Z,24647.0,24651.0,24646.0,24647.25,117.0
2026-03-16T20:48:00Z,24648.25,24656.25,24647.5,24655.5,91.0
2026-03-16T20:49:00Z,24655.0,24659.0,24650.0,24657.25,283.0
2026-03-16T20:50:00Z,24657.25,24660.0,24655.5,24656.75,111.0
2026-03-16T20:51:00Z,24656.25,24661.0,24656.25,24659.25,64.0
2026-03-16T20:52:00Z,24660.0,24660.75,24658.25,24660.0,35.0
2026-03-16T20:53:00Z,24660.0,24660.0,24653.5,24658.0,109.0
2026-03-16T20:54:00Z,24658.5,24659.25,24656.0,24657.25,91.0
2026-03-16T20:55:00Z,24656.25,24657.75,24652.0,24654.75,133.0
2026-03-16T20:56:00Z,24655.5,24658.25,24653.5,24655.75,98.0
2026-03-16T20:57:00Z,24657.25,24658.5,24654.25,24655.25,74.0
2026-03-16T20:58:00Z,24654.5,24656.75,24648.75,24653.25,204.0
2026-03-16T20:59:00Z,24654.0,24660.75,24652.0,24659.5,182.0
2026-03-16T22:00:00Z,24660.0,24666.5,24642.0,24643.25,0.0
2026-03-16T22:01:00Z,24643.5,24645.5,24638.0,24642.75,244.0
2026-03-16T22:02:00Z,24640.75,24646.0,24638.0,24638.75,191.0
2026-03-16T22:03:00Z,24638.25,24640.75,24632.25,24633.0,327.0
2026-03-16T22:04:00Z,24634.5,24636.75,24629.75,24631.75,174.0
2026-03-16T22:05:00Z,24632.25,24644.0,24629.25,24640.0,348.0
2026-03-16T22:06:00Z,24639.0,24640.0,24634.25,24635.25,133.0
2026-03-16T22:07:00Z,24636.75,24640.25,24635.75,24638.0,83.0
2026-03-16T22:08:00Z,24638.0,24645.0,24638.0,24642.75,122.0
2026-03-16T22:09:00Z,24641.75,24641.75,24635.75,24638.25,92.0
2026-03-16T22:10:00Z,24638.25,24641.0,24633.25,24633.25,159.0
2026-03-16T22:11:00Z,24633.25,24640.5,24630.75,24639.5,118.0
2026-03-16T22:12:00Z,24638.5,24640.0,24631.75,24637.25,158.0
2026-03-16T22:13:00Z,24637.25,24644.5,24636.25,24642.5,97.0
2026-03-16T22:14:00Z,24642.5,24647.25,24640.25,24640.25,114.0
2026-03-16T22:15:00Z,24641.25,24641.5,24634.0,24636.25,111.0
2026-03-16T22:16:00Z,24637.25,24639.25,24632.75,24635.5,84.0
2026-03-16T22:17:00Z,24634.5,24635.75,24625.25,24629.25,190.0
2026-03-16T22:18:00Z,24628.75,24630.75,24627.5,24630.75,88.0
2026-03-16T22:19:00Z,24628.25,24628.5,24625.5,24627.25,48.0
2026-03-16T22:20:00Z,24626.5,24630.5,24626.5,24628.75,100.0
2026-03-16T22:21:00Z,24628.75,24633.75,24628.75,24631.0,91.0
2026-03-16T22:22:00Z,24632.5,24633.0,24629.5,24629.75,51.0
2026-03-16T22:23:00Z,24629.75,24640.0,24628.75,24636.25,247.0
2026-03-16T22:24:00Z,24636.25,24649.0,24635.0,24647.25,366.0
2026-03-16T22:25:00Z,24646.75,24660.5,24646.75,24647.75,601.0
2026-03-16T22:26:00Z,24648.0,24649.5,24641.75,24643.5,218.0
2026-03-16T22:27:00Z,24643.0,24654.25,24640.25,24642.25,182.0
2026-03-16T22:28:00Z,24642.5,24648.0,24641.5,24647.0,74.0
2026-03-16T22:29:00Z,24648.25,24651.0,24644.25,24647.75,69.0
2026-03-16T22:30:00Z,24648.75,24652.25,24643.0,24644.25,105.0
2026-03-16T22:31:00Z,24646.0,24647.5,24641.0,24643.75,70.0
2026-03-16T22:32:00Z,24643.75,24645.0,24634.0,24635.75,159.0
2026-03-16T22:33:00Z,24635.0,24636.75,24630.0,24635.25,199.0
2026-03-16T22:34:00Z,24634.25,24635.25,24630.75,24632.25,47.0
2026-03-16T22:35:00Z,24632.25,24636.5,24628.0,24631.25,173.0
2026-03-16T22:36:00Z,24630.75,24634.0,24627.5,24629.75,80.0
2026-03-16T22:37:00Z,24630.5,24631.5,24627.75,24630.0,76.0
2026-03-16T22:38:00Z,24628.0,24632.75,24621.0,24632.75,187.0
2026-03-16T22:39:00Z,24633.75,24635.5,24625.25,24626.5,162.0
2026-03-16T22:40:00Z,24626.75,24628.75,24626.75,24627.25,53.0
2026-03-16T22:41:00Z,24628.75,24631.5,24624.5,24624.5,105.0
2026-03-16T22:42:00Z,24624.25,24628.75,24623.75,24625.75,66.0
2026-03-16T22:43:00Z,24625.0,24628.0,24624.0,24626.5,67.0
2026-03-16T22:44:00Z,24626.5,24628.5,24626.25,24627.0,43.0
2026-03-16T22:45:00Z,24627.75,24631.5,24627.25,24627.5,91.0
2026-03-16T22:46:00Z,24627.0,24629.25,24626.25,24627.75,36.0
2026-03-16T22:47:00Z,24627.5,24630.5,24626.75,24629.0,38.0
2026-03-16T22:48:00Z,24630.25,24631.75,24629.25,24631.25,54.0
2026-03-16T22:49:00Z,24630.75,24632.75,24625.5,24626.75,66.0
2026-03-16T22:50:00Z,24625.25,24627.0,24622.0,24623.75,147.0
2026-03-16T22:51:00Z,24624.0,24626.0,24621.75,24625.75,115.0
2026-03-16T22:52:00Z,24625.0,24627.25,24621.75,24622.0,95.0
2026-03-16T22:53:00Z,24622.0,24624.25,24619.25,24622.0,110.0
2026-03-16T22:54:00Z,24623.25,24623.5,24620.25,24620.75,76.0
2026-03-16T22:55:00Z,24621.25,24625.25,24619.75,24625.25,98.0
2026-03-16T22:56:00Z,24625.25,24630.0,24624.5,24626.25,95.0
2026-03-16T22:57:00Z,24625.5,24628.75,24625.5,24627.5,55.0
2026-03-16T22:58:00Z,24626.5,24627.25,24621.5,24624.5,81.0
2026-03-16T22:59:00Z,24624.5,24625.0,24622.25,24624.0,37.0
2026-03-16T23:00:00Z,24623.75,24647.75,24623.0,24645.25,548.0
2026-03-16T23:01:00Z,24645.25,24646.5,24634.75,24641.5,291.0
2026-03-16T23:02:00Z,24640.5,24640.75,24631.75,24633.25,236.0
2026-03-16T23:03:00Z,24632.5,24636.25,24631.75,24632.25,50.0
2026-03-16T23:04:00Z,24632.5,24634.5,24631.25,24633.5,27.0
2026-03-16T23:05:00Z,24633.25,24640.0,24631.75,24636.75,90.0
2026-03-16T23:06:00Z,24635.25,24638.5,24634.0,24636.0,41.0
2026-03-16T23:07:00Z,24635.0,24639.25,24634.25,24634.25,88.0
2026-03-16T23:08:00Z,24636.5,24638.5,24635.25,24636.5,25.0
2026-03-16T23:09:00Z,24636.5,24638.75,24635.75,24635.75,80.0
2026-03-16T23:10:00Z,24637.0,24638.25,24634.25,24636.0,54.0
2026-03-16T23:11:00Z,24634.75,24641.25,24633.75,24641.25,124.0
2026-03-16T23:12:00Z,24641.5,24642.75,24629.25,24630.5,211.0
2026-03-16T23:13:00Z,24631.5,24633.25,24630.25,24631.5,62.0
2026-03-16T23:14:00Z,24632.25,24634.5,24631.25,24634.0,51.0
2026-03-16T23:15:00Z,24634.25,24634.5,24627.0,24627.75,133.0
2026-03-16T23:16:00Z,24628.25,24629.5,24622.25,24625.0,212.0
2026-03-16T23:17:00Z,24624.25,24627.25,24622.25,24624.75,138.0
2026-03-16T23:18:00Z,24625.25,24631.5,24624.25,24631.5,107.0
2026-03-16T23:19:00Z,24632.0,24635.0,24631.0,24633.25,122.0
2026-03-16T23:20:00Z,24632.75,24635.0,24631.5,24633.5,31.0
2026-03-16T23:21:00Z,24635.0,24637.75,24630.5,24630.5,69.0
2026-03-16T23:22:00Z,24630.5,24634.5,24629.25,24629.75,51.0
2026-03-16T23:23:00Z,24629.0,24629.5,24626.75,24629.25,63.0
2026-03-16T23:24:00Z,24629.25,24631.5,24629.0,24630.75,42.0
2026-03-16T23:25:00Z,24630.0,24632.25,24625.0,24626.25,101.0
2026-03-16T23:26:00Z,24625.75,24631.75,24625.0,24631.75,57.0
2026-03-16T23:27:00Z,24631.25,24631.5,24628.5,24629.5,13.0
2026-03-16T23:28:00Z,24629.0,24634.75,24629.0,24633.5,72.0
2026-03-16T23:29:00Z,24633.0,24642.25,24633.0,24638.75,174.0
2026-03-16T23:30:00Z,24639.75,24641.5,24637.25,24638.25,41.0
2026-03-16T23:31:00Z,24637.25,24643.5,24634.75,24640.25,95.0
2026-03-16T23:32:00Z,24638.5,24638.5,24634.75,24637.75,78.0
2026-03-16T23:33:00Z,24636.75,24649.75,24636.75,24648.25,232.0
2026-03-16T23:34:00Z,24647.25,24650.0,24642.75,24643.0,103.0
2026-03-16T23:35:00Z,24642.75,24644.5,24641.0,24643.0,103.0
2026-03-16T23:36:00Z,24643.25,24645.75,24643.0,24644.5,33.0
2026-03-16T23:37:00Z,24643.0,24645.75,24640.0,24640.25,125.0
2026-03-16T23:38:00Z,24641.25,24642.25,24637.25,24639.0,88.0
2026-03-16T23:39:00Z,24639.0,24644.75,24637.5,24643.0,89.0
2026-03-16T23:40:00Z,24643.75,24652.0,24643.5,24649.75,324.0
2026-03-16T23:41:00Z,24649.75,24651.25,24647.0,24649.75,70.0
2026-03-16T23:42:00Z,24648.0,24652.25,24646.75,24652.25,37.0
2026-03-16T23:43:00Z,24651.0,24656.25,24651.0,24654.25,178.0
2026-03-16T23:44:00Z,24654.25,24657.5,24652.0,24653.0,165.0
2026-03-16T23:45:00Z,24651.5,24656.25,24650.5,24655.25,79.0
2026-03-16T23:46:00Z,24655.0,24655.0,24646.25,24651.0,147.0
2026-03-16T23:47:00Z,24649.75,24651.0,24646.25,24646.75,33.0
2026-03-16T23:48:00Z,24648.0,24651.0,24640.5,24646.0,128.0
2026-03-16T23:49:00Z,24646.0,24649.25,24644.5,24649.0,93.0
2026-03-16T23:50:00Z,24649.25,24656.75,24647.0,24656.25,162.0
2026-03-16T23:51:00Z,24656.5,24658.0,24652.0,24652.5,111.0
2026-03-16T23:52:00Z,24653.5,24654.75,24650.5,24650.5,26.0
2026-03-16T23:53:00Z,24650.0,24651.25,24648.75,24651.25,29.0
2026-03-16T23:54:00Z,24650.0,24657.0,24648.0,24656.25,112.0
2026-03-16T23:55:00Z,24656.25,24658.0,24653.0,24653.0,82.0
2026-03-16T23:56:00Z,24652.75,24656.0,24651.5,24655.0,57.0
2026-03-16T23:57:00Z,24655.25,24656.5,24651.25,24654.25,56.0
2026-03-16T23:58:00Z,24654.0,24656.25,24652.0,24652.0,58.0
2026-03-16T23:59:00Z,24652.0,24667.75,24651.25,24666.5,433.0
2026-03-17T00:00:00Z,24666.75,24667.75,24644.75,24644.75,493.0
2026-03-17T00:01:00Z,24645.0,24647.75,24638.5,24645.25,319.0
2026-03-17T00:02:00Z,24644.0,24645.25,24631.0,24634.25,359.0
2026-03-17T00:03:00Z,24634.0,24645.0,24634.0,24638.25,300.0
2026-03-17T00:04:00Z,24638.25,24639.5,24630.5,24630.75,234.0
2026-03-17T00:05:00Z,24630.75,24638.0,24630.75,24634.25,176.0
2026-03-17T00:06:00Z,24634.5,24646.5,24634.25,24643.5,218.0
2026-03-17T00:07:00Z,24643.75,24652.5,24643.75,24647.75,316.0
2026-03-17T00:08:00Z,24646.0,24649.0,24640.5,24640.5,103.0
2026-03-17T00:09:00Z,24640.75,24644.0,24639.0,24642.25,102.0
2026-03-17T00:10:00Z,24644.5,24647.25,24643.75,24646.25,89.0
2026-03-17T00:11:00Z,24645.0,24649.25,24644.5,24645.5,83.0
2026-03-17T00:12:00Z,24645.75,24645.75,24640.25,24645.0,67.0
2026-03-17T00:13:00Z,24644.25,24652.75,24641.75,24652.75,200.0
2026-03-17T00:14:00Z,24651.5,24651.5,24642.5,24643.75,108.0
2026-03-17T00:15:00Z,24642.0,24648.0,24641.25,24646.25,98.0
2026-03-17T00:16:00Z,24643.75,24644.5,24636.5,24636.5,110.0
2026-03-17T00:17:00Z,24637.25,24639.0,24629.25,24631.0,225.0
2026-03-17T00:18:00Z,24631.75,24642.5,24631.0,24641.25,154.0
2026-03-17T00:19:00Z,24641.75,24642.0,24637.5,24637.5,37.0
2026-03-17T00:20:00Z,24638.25,24638.25,24628.5,24629.5,98.0
2026-03-17T00:21:00Z,24631.0,24632.0,24623.75,24626.0,217.0
2026-03-17T00:22:00Z,24627.25,24628.25,24623.5,24625.0,170.0
2026-03-17T00:23:00Z,24624.0,24625.75,24622.0,24622.0,136.0
2026-03-17T00:24:00Z,24622.5,24622.5,24611.75,24613.75,450.0
2026-03-17T00:25:00Z,24613.5,24614.5,24603.0,24605.5,393.0
2026-03-17T00:26:00Z,24604.75,24623.5,24604.25,24621.0,639.0
2026-03-17T00:27:00Z,24620.5,24625.5,24616.25,24616.25,214.0
2026-03-17T00:28:00Z,24616.75,24617.0,24605.25,24610.75,265.0
2026-03-17T00:29:00Z,24612.75,24618.75,24612.75,24616.75,99.0
2026-03-17T00:30:00Z,24618.25,24623.0,24617.5,24619.75,100.0
2026-03-17T00:31:00Z,24619.75,24621.75,24618.75,24620.25,47.0
2026-03-17T00:32:00Z,24619.75,24622.75,24618.25,24619.5,32.0
2026-03-17T00:33:00Z,24618.5,24622.75,24618.5,24622.5,53.0
2026-03-17T00:34:00Z,24623.5,24635.75,24622.0,24632.5,334.0
2026-03-17T00:35:00Z,24632.0,24647.5,24631.0,24647.5,326.0
2026-03-17T00:36:00Z,24647.0,24649.5,24641.75,24644.75,207.0
2026-03-17T00:37:00Z,24644.25,24644.25,24636.0,24640.25,168.0
2026-03-17T00:38:00Z,24639.75,24639.75,24635.0,24637.75,79.0
2026-03-17T00:39:00Z,24637.75,24638.75,24627.25,24629.0,157.0
2026-03-17T00:40:00Z,24629.0,24632.0,24625.5,24626.75,85.0
2026-03-17T00:41:00Z,24625.75,24626.75,24612.25,24612.25,217.0
2026-03-17T00:42:00Z,24613.5,24616.0,24608.5,24611.0,128.0
2026-03-17T00:43:00Z,24610.5,24612.0,24608.0,24609.25,128.0
2026-03-17T00:44:00Z,24610.0,24614.25,24609.25,24614.0,113.0
2026-03-17T00:45:00Z,24614.25,24620.75,24612.5,24618.25,191.0
2026-03-17T00:46:00Z,24617.5,24619.25,24612.25,24617.75,124.0
2026-03-17T00:47:00Z,24618.25,24622.5,24616.5,24621.0,88.0
2026-03-17T00:48:00Z,24620.5,24623.0,24608.0,24608.75,161.0
2026-03-17T00:49:00Z,24610.0,24618.0,24610.0,24610.0,87.0
2026-03-17T00:50:00Z,24611.25,24612.0,24602.5,24606.75,259.0
2026-03-17T00:51:00Z,24606.75,24608.0,24600.0,24601.25,264.0
2026-03-17T00:52:00Z,24600.25,24605.0,24597.5,24603.0,303.0
2026-03-17T00:53:00Z,24603.25,24606.0,24602.0,24602.75,107.0
2026-03-17T00:54:00Z,24602.75,24606.25,24600.5,24600.5,157.0
2026-03-17T00:55:00Z,24602.25,24602.25,24591.25,24594.75,350.0
2026-03-17T00:56:00Z,24593.5,24596.0,24590.0,24594.0,215.0
2026-03-17T00:57:00Z,24595.0,24603.25,24593.75,24600.0,183.0
2026-03-17T00:58:00Z,24601.0,24605.25,24599.75,24603.5,118.0
2026-03-17T00:59:00Z,24603.75,24604.0,24598.75,24600.25,101.0
2026-03-17T01:00:00Z,24600.25,24607.0,24597.75,24605.25,430.0
2026-03-17T01:01:00Z,24605.0,24606.0,24601.5,24603.5,202.0
2026-03-17T01:02:00Z,24603.25,24606.5,24603.25,24604.5,116.0
2026-03-17T01:03:00Z,24604.5,24606.25,24601.5,24601.5,103.0
2026-03-17T01:04:00Z,24603.0,24611.75,24601.75,24609.5,269.0
2026-03-17T01:05:00Z,24610.5,24617.5,24610.0,24616.75,343.0
2026-03-17T01:06:00Z,24617.25,24618.25,24613.0,24614.75,127.0
2026-03-17T01:07:00Z,24613.5,24615.25,24611.75,24612.5,68.0
2026-03-17T01:08:00Z,24613.25,24617.5,24612.75,24616.75,98.0
2026-03-17T01:09:00Z,24617.75,24620.0,24613.75,24615.25,119.0
2026-03-17T01:10:00Z,24614.75,24619.5,24611.25,24618.0,146.0
2026-03-17T01:11:00Z,24618.0,24624.0,24617.5,24620.25,217.0
2026-03-17T01:12:00Z,24621.0,24626.0,24621.0,24623.5,141.0
2026-03-17T01:13:00Z,24624.5,24625.0,24621.0,24623.0,52.0
2026-03-17T01:14:00Z,24621.75,24623.0,24615.0,24617.0,158.0
2026-03-17T01:15:00Z,24616.5,24621.5,24615.5,24618.75,69.0
2026-03-17T01:16:00Z,24614.75,24614.75,24608.0,24608.0,153.0
2026-03-17T01:17:00Z,24607.5,24611.0,24605.75,24606.5,138.0
2026-03-17T01:18:00Z,24606.75,24613.25,24605.0,24610.5,122.0
2026-03-17T01:19:00Z,24611.25,24612.0,24606.5,24606.75,38.0
2026-03-17T01:20:00Z,24609.0,24610.0,24606.75,24610.0,33.0
2026-03-17T01:21:00Z,24610.5,24610.75,24603.0,24603.0,142.0
2026-03-17T01:22:00Z,24604.0,24607.0,24600.75,24600.75,79.0
2026-03-17T01:23:00Z,24601.5,24606.75,24600.75,24605.25,79.0
2026-03-17T01:24:00Z,24604.5,24608.0,24603.0,24607.0,125.0
2026-03-17T01:25:00Z,24608.25,24608.5,24603.0,24603.25,68.0
2026-03-17T01:26:00Z,24604.25,24604.75,24600.25,24603.75,77.0
2026-03-17T01:27:00Z,24604.0,24606.0,24601.25,24603.75,60.0
2026-03-17T01:28:00Z,24602.5,24609.5,24602.5,24609.25,69.0
2026-03-17T01:29:00Z,24610.0,24615.75,24607.75,24612.5,159.0
2026-03-17T01:30:00Z,24612.25,24626.0,24611.25,24624.75,293.0
2026-03-17T01:31:00Z,24624.25,24627.75,24620.25,24626.25,220.0
2026-03-17T01:32:00Z,24625.25,24625.5,24621.25,24622.0,86.0
2026-03-17T01:33:00Z,24622.75,24626.25,24621.5,24624.75,88.0
2026-03-17T01:34:00Z,24625.0,24630.0,24624.75,24629.5,105.0
2026-03-17T01:35:00Z,24629.0,24634.0,24629.0,24630.0,147.0
2026-03-17T01:36:00Z,24631.0,24631.25,24626.5,24629.0,90.0
2026-03-17T01:37:00Z,24628.5,24628.75,24621.0,24622.0,165.0
2026-03-17T01:38:00Z,24620.75,24623.0,24615.25,24616.5,141.0
2026-03-17T01:39:00Z,24615.5,24622.25,24615.5,24618.0,128.0
2026-03-17T01:40:00Z,24617.75,24619.0,24610.0,24610.75,183.0
2026-03-17T01:41:00Z,24610.75,24611.75,24607.0,24607.5,151.0
2026-03-17T01:42:00Z,24607.5,24608.75,24597.0,24602.0,489.0
2026-03-17T01:43:00Z,24602.0,24606.25,24601.0,24604.25,130.0
2026-03-17T01:44:00Z,24604.25,24609.0,24603.5,24608.0,159.0
2026-03-17T01:45:00Z,24608.0,24608.25,24598.5,24598.5,179.0
2026-03-17T01:46:00Z,24599.5,24604.75,24597.0,24604.5,176.0
2026-03-17T01:47:00Z,24602.75,24607.75,24602.5,24606.25,50.0
2026-03-17T01:48:00Z,24606.75,24611.25,24604.75,24605.5,265.0
2026-03-17T01:49:00Z,24606.5,24610.75,24605.5,24605.5,144.0
2026-03-17T01:50:00Z,24606.5,24610.75,24606.0,24609.5,51.0
2026-03-17T01:51:00Z,24609.25,24610.5,24607.0,24607.75,74.0
2026-03-17T01:52:00Z,24609.75,24610.5,24605.5,24607.5,58.0
2026-03-17T01:53:00Z,24607.5,24614.0,24607.5,24611.75,116.0
2026-03-17T01:54:00Z,24613.25,24620.75,24612.5,24619.75,176.0
2026-03-17T01:55:00Z,24619.0,24620.25,24617.5,24620.25,79.0
2026-03-17T01:56:00Z,24621.0,24625.25,24619.25,24624.25,151.0
2026-03-17T01:57:00Z,24624.25,24624.75,24621.25,24623.0,121.0
2026-03-17T01:58:00Z,24622.75,24625.0,24618.75,24618.75,92.0
2026-03-17T01:59:00Z,24619.75,24623.0,24615.5,24623.0,233.0
2026-03-17T02:00:00Z,24621.25,24623.75,24619.75,24622.75,66.0
2026-03-17T02:01:00Z,24622.75,24625.0,24619.75,24622.25,111.0
2026-03-17T02:02:00Z,24623.25,24625.5,24622.25,24625.0,87.0
2026-03-17T02:03:00Z,24624.0,24624.0,24621.0,24621.0,38.0
2026-03-17T02:04:00Z,24623.5,24623.5,24615.0,24616.25,104.0
2026-03-17T02:05:00Z,24616.25,24617.0,24608.25,24609.75,323.0
2026-03-17T02:06:00Z,24609.5,24611.5,24601.75,24603.0,431.0
2026-03-17T02:07:00Z,24604.0,24608.0,24602.75,24603.75,215.0
2026-03-17T02:08:00Z,24603.75,24606.75,24602.75,24605.25,78.0
2026-03-17T02:09:00Z,24606.25,24610.5,24605.25,24606.75,183.0
2026-03-17T02:10:00Z,24607.25,24609.25,24605.5,24609.25,59.0
2026-03-17T02:11:00Z,24609.5,24610.75,24603.0,24603.5,131.0
2026-03-17T02:12:00Z,24604.5,24608.5,24604.0,24606.75,68.0
2026-03-17T02:13:00Z,24607.0,24612.0,24605.25,24611.5,71.0
2026-03-17T02:14:00Z,24612.75,24612.75,24608.0,24610.25,95.0
2026-03-17T02:15:00Z,24612.0,24612.0,24606.0,24606.5,58.0
2026-03-17T02:16:00Z,24607.25,24608.75,24605.0,24607.75,91.0
2026-03-17T02:17:00Z,24607.75,24611.75,24606.0,24609.25,221.0
2026-03-17T02:18:00Z,24608.25,24608.25,24602.75,24604.25,81.0
2026-03-17T02:19:00Z,24603.0,24607.25,24601.5,24604.25,87.0
2026-03-17T02:20:00Z,24605.25,24608.75,24602.75,24608.75,46.0
2026-03-17T02:21:00Z,24608.75,24615.0,24607.75,24613.5,90.0
2026-03-17T02:22:00Z,24614.75,24617.0,24606.25,24612.25,328.0
2026-03-17T02:23:00Z,24612.25,24613.5,24611.0,24612.0,47.0
2026-03-17T02:24:00Z,24612.25,24613.75,24610.25,24613.5,41.0
2026-03-17T02:25:00Z,24612.0,24613.25,24610.75,24612.5,25.0
2026-03-17T02:26:00Z,24611.5,24612.75,24609.0,24609.0,60.0
2026-03-17T02:27:00Z,24609.5,24612.25,24606.75,24608.75,69.0
2026-03-17T02:28:00Z,24608.5,24609.75,24606.0,24609.75,60.0
2026-03-17T02:29:00Z,24609.5,24611.5,24608.0,24608.0,15.0
2026-03-17T02:30:00Z,24609.5,24611.75,24609.5,24611.5,42.0
2026-03-17T02:31:00Z,24611.25,24618.5,24611.0,24616.75,156.0
2026-03-17T02:32:00Z,24617.75,24619.0,24611.5,24613.0,120.0
2026-03-17T02:33:00Z,24612.25,24615.25,24609.75,24613.75,68.0
2026-03-17T02:34:00Z,24614.0,24616.25,24613.75,24614.0,23.0
2026-03-17T02:35:00Z,24613.25,24614.25,24611.75,24612.0,18.0
2026-03-17T02:36:00Z,24613.5,24616.0,24607.0,24609.25,65.0
2026-03-17T02:37:00Z,24610.5,24614.0,24609.75,24614.0,48.0
2026-03-17T02:38:00Z,24614.0,24615.75,24611.25,24611.25,25.0
2026-03-17T02:39:00Z,24611.25,24611.25,24608.5,24609.75,18.0
2026-03-17T02:40:00Z,24610.0,24612.25,24607.0,24607.0,24.0
2026-03-17T02:41:00Z,24607.75,24610.75,24606.5,24608.25,46.0
2026-03-17T02:42:00Z,24608.25,24608.25,24605.25,24607.75,51.0
2026-03-17T02:43:00Z,24607.75,24608.75,24606.75,24607.5,33.0
2026-03-17T02:44:00Z,24606.75,24608.25,24605.75,24608.25,9.0
2026-03-17T02:45:00Z,24610.25,24610.5,24607.5,24609.25,32.0
2026-03-17T02:46:00Z,24609.25,24611.0,24608.0,24609.25,34.0
2026-03-17T02:47:00Z,24610.0,24610.0,24604.25,24604.25,76.0
2026-03-17T02:48:00Z,24605.0,24605.25,24600.5,24603.75,175.0
2026-03-17T02:49:00Z,24603.75,24605.0,24602.5,24603.0,47.0
2026-03-17T02:50:00Z,24602.5,24603.0,24592.75,24595.75,235.0
2026-03-17T02:51:00Z,24595.25,24596.5,24590.5,24591.5,134.0
2026-03-17T02:52:00Z,24591.25,24594.0,24583.0,24588.25,362.0
2026-03-17T02:53:00Z,24586.5,24589.5,24583.5,24588.0,139.0
2026-03-17T02:54:00Z,24588.0,24592.25,24587.75,24591.5,131.0
2026-03-17T02:55:00Z,24590.25,24590.75,24583.5,24585.5,78.0
2026-03-17T02:56:00Z,24584.75,24593.25,24583.75,24590.75,207.0
2026-03-17T02:57:00Z,24591.75,24595.25,24589.25,24589.25,71.0
2026-03-17T02:58:00Z,24589.25,24590.75,24587.0,24588.25,44.0
2026-03-17T02:59:00Z,24588.5,24588.5,24572.5,24578.5,610.0
2026-03-17T03:00:00Z,24579.0,24586.0,24577.75,24582.25,293.0
2026-03-17T03:01:00Z,24582.25,24582.25,24575.75,24578.25,172.0
2026-03-17T03:02:00Z,24578.0,24580.75,24575.0,24580.75,139.0
2026-03-17T03:03:00Z,24580.5,24581.25,24577.0,24578.75,36.0
2026-03-17T03:04:00Z,24578.5,24580.0,24577.5,24579.75,35.0
2026-03-17T03:05:00Z,24579.25,24579.75,24574.25,24576.25,108.0
2026-03-17T03:06:00Z,24575.25,24578.25,24575.0,24576.75,74.0
2026-03-17T03:07:00Z,24575.5,24578.75,24572.5,24576.75,101.0
2026-03-17T03:08:00Z,24577.5,24578.25,24576.25,24576.75,38.0
2026-03-17T03:09:00Z,24577.0,24582.5,24577.0,24580.5,138.0
2026-03-17T03:10:00Z,24581.25,24585.5,24580.0,24583.5,73.0
2026-03-17T03:11:00Z,24584.5,24584.75,24580.0,24581.25,163.0
2026-03-17T03:12:00Z,24581.25,24584.5,24579.0,24584.5,80.0
2026-03-17T03:13:00Z,24584.75,24586.25,24582.0,24583.5,64.0
2026-03-17T03:14:00Z,24583.5,24583.5,24579.5,24582.0,75.0
2026-03-17T03:15:00Z,24583.25,24590.75,24582.0,24589.0,179.0
2026-03-17T03:16:00Z,24590.0,24595.0,24590.0,24593.5,107.0
2026-03-17T03:17:00Z,24593.5,24596.25,24592.75,24593.25,96.0
2026-03-17T03:18:00Z,24594.0,24598.5,24594.0,24595.75,80.0
2026-03-17T03:19:00Z,24596.0,24596.0,24589.75,24594.0,93.0
2026-03-17T03:20:00Z,24593.25,24595.25,24587.5,24590.5,177.0
2026-03-17T03:21:00Z,24590.0,24592.5,24589.5,24591.25,44.0
2026-03-17T03:22:00Z,24592.0,24592.0,24587.0,24588.0,78.0
2026-03-17T03:23:00Z,24589.0,24591.5,24589.0,24591.5,20.0
2026-03-17T03:24:00Z,24589.5,24589.5,24585.75,24586.0,21.0
2026-03-17T03:25:00Z,24585.75,24588.0,24585.25,24586.5,32.0
2026-03-17T03:26:00Z,24587.75,24588.5,24586.25,24586.25,14.0
2026-03-17T03:27:00Z,24585.5,24589.25,24584.25,24589.25,92.0
2026-03-17T03:28:00Z,24589.75,24591.75,24586.75,24587.0,232.0
2026-03-17T03:29:00Z,24587.0,24588.75,24585.25,24587.0,30.0
2026-03-17T03:30:00Z,24587.5,24591.75,24580.5,24587.0,188.0
2026-03-17T03:31:00Z,24589.25,24589.75,24576.5,24579.0,257.0
2026-03-17T03:32:00Z,24578.5,24583.0,24577.0,24583.0,60.0
2026-03-17T03:33:00Z,24582.25,24584.0,24581.25,24583.5,42.0
2026-03-17T03:34:00Z,24581.75,24583.25,24578.25,24581.5,38.0
2026-03-17T03:35:00Z,24580.25,24584.25,24579.25,24579.25,75.0
2026-03-17T03:36:00Z,24581.25,24583.0,24575.5,24576.5,100.0
2026-03-17T03:37:00Z,24576.5,24579.25,24574.75,24577.25,39.0
2026-03-17T03:38:00Z,24576.75,24582.0,24576.75,24578.75,95.0
2026-03-17T03:39:00Z,24578.25,24580.25,24577.5,24578.75,33.0
2026-03-17T03:40:00Z,24578.25,24578.25,24573.25,24575.75,111.0
2026-03-17T03:41:00Z,24575.0,24575.5,24568.25,24569.25,219.0
2026-03-17T03:42:00Z,24569.5,24571.5,24566.75,24569.25,209.0
2026-03-17T03:43:00Z,24568.25,24578.25,24568.0,24574.25,307.0
2026-03-17T03:44:00Z,24574.0,24582.75,24574.0,24582.5,274.0
2026-03-17T03:45:00Z,24581.5,24582.5,24575.25,24576.75,71.0
2026-03-17T03:46:00Z,24576.75,24581.5,24575.5,24580.5,47.0
2026-03-17T03:47:00Z,24580.5,24582.0,24578.25,24580.5,46.0
2026-03-17T03:48:00Z,24582.0,24585.0,24580.0,24582.25,145.0
2026-03-17T03:49:00Z,24582.25,24582.5,24580.0,24581.0,17.0
2026-03-17T03:50:00Z,24581.5,24584.5,24580.25,24582.5,35.0
2026-03-17T03:51:00Z,24583.0,24584.75,24581.5,24582.0,50.0
2026-03-17T03:52:00Z,24583.0,24585.5,24582.75,24584.75,49.0
2026-03-17T03:53:00Z,24585.75,24586.0,24581.0,24581.0,44.0
2026-03-17T03:54:00Z,24580.0,24580.0,24576.25,24578.0,86.0
2026-03-17T03:55:00Z,24577.75,24578.0,24573.5,24575.75,117.0
2026-03-17T03:56:00Z,24575.5,24578.5,24574.5,24578.0,56.0
2026-03-17T03:57:00Z,24578.25,24578.25,24574.25,24575.75,43.0
2026-03-17T03:58:00Z,24573.75,24576.5,24573.75,24575.5,35.0
2026-03-17T04:09:00Z,24583.75,24585.25,24582.75,24584.75,35.0
2026-03-17T04:10:00Z,24585.25,24588.5,24584.25,24588.5,55.0
2026-03-17T04:11:00Z,24586.5,24589.5,24586.5,24588.0,18.0
2026-03-17T04:12:00Z,24589.0,24589.75,24586.5,24586.5,27.0
2026-03-17T04:13:00Z,24585.5,24586.5,24584.5,24584.5,35.0
2026-03-17T04:14:00Z,24584.75,24588.75,24584.75,24588.0,42.0
2026-03-17T04:15:00Z,24589.0,24589.0,24586.25,24587.25,25.0
2026-03-17T04:16:00Z,24588.75,24589.75,24587.5,24587.5,28.0
2026-03-17T04:17:00Z,24590.0,24596.75,24589.75,24595.0,163.0
2026-03-17T04:18:00Z,24596.0,24602.25,24595.25,24600.0,174.0
2026-03-17T04:19:00Z,24599.25,24600.5,24596.5,24599.25,71.0
2026-03-17T04:20:00Z,24599.25,24600.0,24597.5,24597.5,22.0
2026-03-17T04:21:00Z,24597.25,24599.0,24594.25,24596.5,43.0
2026-03-17T04:22:00Z,24595.25,24595.5,24594.0,24594.0,44.0
2026-03-17T04:23:00Z,24594.75,24594.75,24592.75,24593.5,27.0
2026-03-17T04:24:00Z,24592.25,24593.75,24588.75,24592.25,59.0
2026-03-17T04:25:00Z,24591.5,24591.75,24588.25,24591.25,47.0
2026-03-17T04:26:00Z,24591.0,24593.5,24591.0,24593.5,24.0
2026-03-17T04:27:00Z,24595.0,24596.0,24594.5,24596.0,20.0
2026-03-17T04:28:00Z,24594.75,24597.25,24594.5,24594.5,20.0
2026-03-17T04:29:00Z,24593.75,24598.25,24593.75,24596.75,46.0
2026-03-17T04:30:00Z,24598.25,24602.75,24598.0,24602.5,85.0
2026-03-17T04:31:00Z,24601.25,24604.75,24601.25,24604.0,77.0
2026-03-17T04:32:00Z,24603.75,24604.75,24597.75,24599.0,48.0
2026-03-17T04:33:00Z,24598.75,24603.25,24598.75,24602.5,30.0
2026-03-17T04:34:00Z,24603.5,24603.75,24601.25,24602.5,135.0
2026-03-17T04:35:00Z,24603.25,24608.0,24603.25,24608.0,107.0
2026-03-17T04:36:00Z,24607.75,24612.25,24607.0,24608.75,163.0
2026-03-17T04:37:00Z,24610.75,24617.25,24610.5,24617.25,148.0
2026-03-17T04:38:00Z,24617.25,24618.25,24612.0,24612.25,167.0
2026-03-17T04:39:00Z,24614.25,24614.25,24611.0,24612.75,61.0
2026-03-17T04:40:00Z,24612.0,24612.25,24608.0,24609.25,88.0
2026-03-17T04:41:00Z,24610.25,24613.75,24608.0,24612.25,25.0
2026-03-17T04:42:00Z,24613.0,24617.5,24612.25,24616.25,52.0
2026-03-17T04:43:00Z,24617.0,24619.25,24616.5,24618.5,86.0
2026-03-17T04:44:00Z,24618.75,24619.0,24617.0,24618.5,51.0
2026-03-17T04:45:00Z,24619.0,24622.5,24617.25,24621.75,192.0
2026-03-17T04:46:00Z,24620.75,24629.25,24620.5,24625.25,228.0
2026-03-17T04:47:00Z,24625.75,24630.0,24625.25,24629.0,83.0
2026-03-17T04:48:00Z,24629.25,24629.25,24625.75,24627.0,79.0
2026-03-17T04:49:00Z,24627.5,24635.25,24627.0,24631.75,189.0
2026-03-17T04:50:00Z,24633.25,24634.75,24628.75,24629.0,160.0
2026-03-17T04:51:00Z,24630.0,24635.75,24629.75,24634.5,93.0
2026-03-17T04:52:00Z,24635.0,24635.75,24632.5,24633.5,82.0
2026-03-17T04:53:00Z,24634.0,24635.5,24631.5,24632.0,54.0
2026-03-17T04:54:00Z,24631.5,24631.75,24628.5,24631.5,96.0
2026-03-17T04:55:00Z,24633.0,24633.0,24628.5,24629.25,58.0
2026-03-17T04:56:00Z,24629.0,24629.5,24624.25,24625.5,106.0
2026-03-17T04:57:00Z,24625.0,24625.75,24623.75,24625.0,56.0
2026-03-17T04:58:00Z,24623.75,24625.5,24621.75,24624.25,62.0
2026-03-17T04:59:00Z,24623.75,24624.5,24622.5,24623.0,31.0
2026-03-17T05:00:00Z,24623.0,24627.0,24619.25,24619.25,164.0
2026-03-17T05:01:00Z,24619.0,24620.25,24616.25,24619.75,77.0
2026-03-17T05:02:00Z,24619.0,24621.25,24617.0,24619.75,54.0
2026-03-17T05:03:00Z,24619.0,24619.75,24617.5,24618.75,50.0
2026-03-17T05:04:00Z,24620.0,24621.0,24618.75,24619.5,25.0
2026-03-17T05:05:00Z,24619.75,24625.5,24618.75,24622.25,86.0
2026-03-17T05:06:00Z,24623.25,24625.0,24620.0,24623.0,62.0
2026-03-17T05:07:00Z,24623.25,24626.75,24619.75,24625.25,51.0
2026-03-17T05:08:00Z,24625.75,24628.5,24623.75,24624.75,60.0
2026-03-17T05:09:00Z,24624.75,24628.5,24623.0,24628.0,33.0
2026-03-17T05:10:00Z,24628.5,24628.75,24624.0,24628.5,37.0
2026-03-17T05:11:00Z,24628.5,24631.0,24625.0,24625.0,51.0
2026-03-17T05:12:00Z,24625.5,24636.75,24622.75,24635.75,109.0
2026-03-17T05:13:00Z,24636.5,24639.25,24634.25,24634.5,149.0
2026-03-17T05:14:00Z,24634.75,24636.0,24634.5,24636.0,25.0
2026-03-17T05:15:00Z,24635.25,24640.75,24634.25,24638.75,89.0
2026-03-17T05:16:00Z,24640.0,24640.75,24636.0,24636.0,37.0
2026-03-17T05:17:00Z,24636.25,24636.25,24633.0,24635.5,66.0
2026-03-17T05:18:00Z,24634.75,24635.25,24629.5,24631.0,84.0
2026-03-17T05:19:00Z,24630.75,24634.25,24630.0,24631.75,40.0
2026-03-17T05:20:00Z,24630.75,24634.75,24629.25,24633.5,75.0
2026-03-17T05:21:00Z,24632.75,24635.5,24630.75,24633.25,70.0
2026-03-17T05:22:00Z,24634.25,24635.25,24631.75,24633.0,23.0
2026-03-17T05:23:00Z,24632.25,24633.0,24629.0,24630.5,36.0
2026-03-17T05:24:00Z,24629.25,24632.5,24628.75,24632.0,57.0
2026-03-17T05:25:00Z,24631.5,24631.75,24630.0,24630.5,21.0
2026-03-17T05:26:00Z,24630.25,24631.25,24629.0,24629.25,12.0
2026-03-17T05:27:00Z,24629.75,24632.75,24629.5,24632.0,39.0
2026-03-17T05:28:00Z,24633.25,24636.0,24633.25,24635.25,60.0
2026-03-17T05:29:00Z,24634.0,24634.25,24628.25,24628.5,46.0
2026-03-17T05:30:00Z,24628.75,24632.5,24628.25,24629.5,70.0
2026-03-17T05:31:00Z,24630.25,24631.5,24627.25,24630.0,40.0
2026-03-17T05:32:00Z,24630.5,24634.5,24630.5,24634.5,47.0
2026-03-17T05:33:00Z,24633.25,24633.25,24627.5,24629.5,21.0
2026-03-17T05:34:00Z,24629.0,24630.0,24625.0,24627.0,39.0
2026-03-17T05:35:00Z,24627.25,24627.5,24622.5,24623.75,62.0
2026-03-17T05:36:00Z,24623.25,24627.25,24619.75,24623.25,88.0
2026-03-17T05:37:00Z,24623.5,24625.5,24623.0,24624.75,38.0
2026-03-17T05:38:00Z,24623.5,24624.25,24620.75,24621.25,30.0
2026-03-17T05:39:00Z,24621.25,24621.25,24614.25,24614.25,182.0
2026-03-17T05:40:00Z,24614.0,24620.75,24613.0,24618.75,106.0
2026-03-17T05:41:00Z,24619.25,24620.25,24617.25,24620.25,32.0
2026-03-17T05:42:00Z,24619.25,24619.5,24615.25,24616.0,70.0
2026-03-17T05:43:00Z,24615.0,24615.0,24608.0,24608.25,120.0
2026-03-17T05:44:00Z,24608.5,24609.25,24604.0,24605.5,103.0
2026-03-17T05:45:00Z,24604.75,24605.5,24590.25,24591.5,242.0
2026-03-17T05:46:00Z,24590.25,24592.5,24583.75,24584.75,196.0
2026-03-17T05:47:00Z,24584.0,24584.25,24572.0,24574.5,329.0
2026-03-17T05:48:00Z,24572.75,24582.5,24572.25,24580.25,187.0
2026-03-17T05:49:00Z,24581.25,24583.5,24580.0,24580.0,107.0
2026-03-17T05:50:00Z,24580.0,24581.25,24574.0,24576.75,180.0
2026-03-17T05:51:00Z,24576.75,24580.75,24576.5,24577.5,82.0
2026-03-17T05:52:00Z,24578.75,24579.25,24572.5,24573.5,123.0
2026-03-17T05:53:00Z,24574.5,24575.25,24569.75,24572.0,198.0
2026-03-17T05:54:00Z,24572.0,24572.0,24558.0,24563.75,435.0
2026-03-17T05:55:00Z,24562.25,24563.5,24550.75,24552.75,351.0
2026-03-17T05:56:00Z,24552.0,24552.75,24546.0,24548.25,301.0
2026-03-17T05:57:00Z,24548.25,24551.0,24545.5,24547.75,170.0
2026-03-17T05:58:00Z,24546.75,24551.75,24541.25,24541.25,261.0
2026-03-17T05:59:00Z,24542.5,24546.0,24540.5,24544.0,180.0
2026-03-17T06:00:00Z,24544.0,24549.75,24530.0,24532.75,507.0
2026-03-17T06:01:00Z,24532.0,24538.0,24527.5,24537.0,299.0
2026-03-17T06:02:00Z,24536.75,24536.75,24518.25,24522.5,390.0
2026-03-17T06:03:00Z,24521.5,24528.75,24520.75,24521.75,158.0
2026-03-17T06:04:00Z,24522.25,24526.5,24519.0,24525.0,248.0
2026-03-17T06:05:00Z,24524.5,24528.0,24520.0,24520.75,159.0
2026-03-17T06:06:00Z,24521.0,24525.25,24517.5,24524.0,160.0
2026-03-17T06:07:00Z,24524.5,24537.0,24523.75,24530.5,272.0
2026-03-17T06:08:00Z,24531.5,24531.5,24520.25,24527.75,104.0
2026-03-17T06:09:00Z,24528.0,24529.0,24522.0,24523.75,128.0
2026-03-17T06:10:00Z,24522.5,24526.5,24519.5,24521.5,170.0
2026-03-17T06:11:00Z,24521.0,24540.75,24518.0,24537.75,391.0
2026-03-17T06:12:00Z,24538.25,24541.5,24536.75,24539.5,211.0
2026-03-17T06:13:00Z,24539.0,24539.0,24531.75,24533.5,143.0
2026-03-17T06:14:00Z,24533.25,24534.5,24526.5,24532.25,239.0
2026-03-17T06:15:00Z,24532.5,24532.5,24527.5,24530.25,68.0
2026-03-17T06:16:00Z,24531.0,24537.75,24530.25,24536.25,78.0
2026-03-17T06:17:00Z,24538.25,24542.75,24532.25,24535.5,161.0
2026-03-17T06:18:00Z,24535.5,24541.0,24535.5,24538.0,107.0
2026-03-17T06:19:00Z,24538.5,24545.0,24537.0,24544.25,107.0
2026-03-17T06:20:00Z,24543.0,24555.75,24541.25,24549.5,412.0
2026-03-17T06:21:00Z,24551.25,24560.75,24550.75,24556.75,283.0
2026-03-17T06:22:00Z,24556.25,24562.25,24556.25,24562.0,243.0
2026-03-17T06:23:00Z,24561.25,24562.0,24545.75,24548.5,195.0
2026-03-17T06:24:00Z,24549.0,24550.0,24545.0,24549.5,234.0
2026-03-17T06:25:00Z,24548.25,24549.5,24538.0,24539.0,198.0
2026-03-17T06:26:00Z,24538.75,24540.75,24533.25,24540.75,186.0
2026-03-17T06:27:00Z,24540.75,24548.5,24540.75,24547.75,110.0
2026-03-17T06:28:00Z,24547.75,24553.25,24547.75,24550.0,154.0
2026-03-17T06:29:00Z,24550.5,24555.5,24549.25,24554.75,96.0
2026-03-17T06:30:00Z,24552.75,24553.75,24541.5,24546.75,180.0
2026-03-17T06:31:00Z,24547.75,24553.75,24546.25,24552.75,124.0
2026-03-17T06:32:00Z,24553.0,24554.75,24549.5,24553.0,58.0
2026-03-17T06:33:00Z,24553.5,24556.75,24544.0,24546.0,312.0
2026-03-17T06:34:00Z,24546.0,24550.25,24546.0,24549.5,33.0
2026-03-17T06:35:00Z,24550.25,24553.75,24548.25,24551.75,70.0
2026-03-17T06:36:00Z,24553.75,24554.0,24550.0,24551.5,54.0
2026-03-17T06:37:00Z,24551.0,24551.0,24544.0,24548.5,122.0
2026-03-17T06:38:00Z,24548.5,24558.0,24547.5,24556.25,143.0
2026-03-17T06:39:00Z,24556.25,24560.75,24554.25,24560.75,66.0
2026-03-17T06:40:00Z,24561.0,24563.0,24555.5,24557.0,144.0
2026-03-17T06:41:00Z,24557.0,24558.5,24550.75,24553.0,66.0
2026-03-17T06:42:00Z,24553.0,24557.75,24551.5,24553.25,109.0
2026-03-17T06:43:00Z,24552.5,24555.25,24552.5,24552.75,19.0
2026-03-17T06:44:00Z,24553.75,24555.25,24552.0,24555.25,41.0
2026-03-17T06:45:00Z,24554.75,24554.75,24544.5,24544.5,175.0
2026-03-17T06:46:00Z,24544.25,24544.25,24539.0,24539.5,137.0
2026-03-17T06:47:00Z,24539.75,24539.75,24533.0,24538.75,91.0
2026-03-17T06:48:00Z,24537.25,24540.0,24534.75,24540.0,120.0
2026-03-17T06:49:00Z,24539.5,24542.25,24531.0,24531.25,131.0
2026-03-17T06:50:00Z,24531.5,24538.5,24530.5,24537.25,86.0
2026-03-17T06:51:00Z,24538.25,24540.0,24535.0,24537.0,62.0
2026-03-17T06:52:00Z,24536.75,24539.75,24535.5,24539.25,31.0
2026-03-17T06:53:00Z,24538.75,24538.75,24534.5,24534.5,27.0
2026-03-17T06:54:00Z,24533.75,24538.25,24532.75,24532.75,48.0
2026-03-17T06:55:00Z,24534.0,24537.75,24532.75,24537.5,53.0
2026-03-17T06:56:00Z,24536.75,24538.75,24536.0,24537.25,44.0
2026-03-17T06:57:00Z,24536.5,24541.0,24536.0,24538.5,65.0
2026-03-17T06:58:00Z,24539.0,24539.25,24534.25,24537.0,57.0
2026-03-17T06:59:00Z,24538.0,24543.25,24536.5,24543.25,98.0
2026-03-17T07:00:00Z,24540.75,24542.0,24529.5,24536.25,194.0
2026-03-17T07:01:00Z,24536.0,24536.25,24525.0,24527.75,252.0
2026-03-17T07:02:00Z,24528.75,24548.5,24528.75,24547.75,304.0
2026-03-17T07:03:00Z,24547.5,24549.75,24541.0,24546.0,135.0
2026-03-17T07:04:00Z,24545.75,24549.0,24541.5,24549.0,114.0
2026-03-17T07:05:00Z,24549.25,24554.75,24547.5,24553.5,125.0
2026-03-17T07:06:00Z,24552.5,24559.5,24549.25,24553.25,243.0
2026-03-17T07:07:00Z,24553.0,24559.0,24551.25,24554.0,117.0
2026-03-17T07:08:00Z,24552.25,24552.5,24541.75,24544.25,188.0
2026-03-17T07:09:00Z,24545.0,24550.5,24544.5,24544.5,72.0
2026-03-17T07:10:00Z,24544.0,24550.75,24543.75,24549.0,40.0
2026-03-17T07:11:00Z,24547.5,24553.5,24543.5,24553.5,67.0
2026-03-17T07:12:00Z,24553.0,24554.0,24545.75,24546.5,97.0
2026-03-17T07:13:00Z,24548.5,24549.75,24546.25,24548.5,43.0
2026-03-17T07:14:00Z,24548.75,24553.5,24548.75,24551.0,49.0
2026-03-17T07:15:00Z,24549.0,24553.25,24547.25,24549.5,44.0
2026-03-17T07:16:00Z,24550.0,24551.5,24545.75,24548.25,54.0
2026-03-17T07:17:00Z,24548.5,24554.25,24547.5,24547.75,60.0
2026-03-17T07:18:00Z,24548.5,24556.25,24545.25,24553.75,102.0
2026-03-17T07:19:00Z,24554.0,24575.5,24553.75,24572.5,522.0
2026-03-17T07:20:00Z,24572.5,24576.25,24567.0,24572.25,192.0
2026-03-17T07:21:00Z,24573.0,24576.75,24566.0,24576.75,185.0
2026-03-17T07:22:00Z,24576.25,24582.5,24573.75,24581.75,193.0
2026-03-17T07:23:00Z,24582.75,24588.75,24582.0,24587.0,203.0
2026-03-17T07:24:00Z,24587.25,24587.25,24579.0,24581.0,120.0
2026-03-17T07:25:00Z,24580.0,24582.5,24571.0,24571.0,225.0
2026-03-17T07:26:00Z,24571.25,24583.0,24569.5,24583.0,110.0
2026-03-17T07:27:00Z,24583.75,24584.25,24577.0,24578.75,111.0
2026-03-17T07:28:00Z,24578.0,24583.5,24576.75,24580.75,89.0
2026-03-17T07:29:00Z,24581.0,24583.75,24579.5,24581.75,99.0
2026-03-17T07:30:00Z,24581.5,24796.75,24580.5,24795.75,108337.0
2026-03-17T07:31:00Z,24796.25,24798.75,24794.0,24798.0,368.0
2026-03-17T07:32:00Z,24797.75,24798.0,24792.25,24793.75,385.0
2026-03-17T07:33:00Z,24794.0,24801.5,24793.25,24801.25,310.0
2026-03-17T07:34:00Z,24801.25,24801.5,24795.5,24798.75,314.0
2026-03-17T07:35:00Z,24798.75,24800.75,24798.0,24799.0,249.0
2026-03-17T07:36:00Z,24798.75,24799.25,24791.75,24793.75,355.0
2026-03-17T07:37:00Z,24794.0,24794.75,24791.25,24794.0,217.0
2026-03-17T07:38:00Z,24793.75,24798.25,24790.5,24797.5,328.0
2026-03-17T07:39:00Z,24797.75,24807.75,24797.0,24805.75,570.0
2026-03-17T07:40:00Z,24805.75,24816.25,24805.75,24808.75,831.0
2026-03-17T07:41:00Z,24808.75,24809.5,24805.0,24805.5,410.0
2026-03-17T07:42:00Z,24806.25,24806.75,24791.5,24792.5,648.0
2026-03-17T07:43:00Z,24792.25,24792.75,24786.25,24788.25,477.0
2026-03-17T07:44:00Z,24788.0,24788.25,24785.0,24786.25,298.0
2026-03-17T07:45:00Z,24786.25,24786.25,24776.75,24779.25,559.0
2026-03-17T07:46:00Z,24778.5,24783.75,24777.75,24781.0,352.0
2026-03-17T07:47:00Z,24781.0,24785.0,24781.0,24783.75,211.0
2026-03-17T07:48:00Z,24783.5,24788.5,24781.0,24785.75,416.0
2026-03-17T07:49:00Z,24784.75,24787.75,24778.5,24781.75,425.0
2026-03-17T07:50:00Z,24781.25,24781.75,24771.5,24772.0,349.0
2026-03-17T07:51:00Z,24772.25,24776.75,24768.75,24770.75,475.0
2026-03-17T07:52:00Z,24770.75,24773.25,24764.75,24766.25,411.0
2026-03-17T07:53:00Z,24766.5,24768.75,24763.75,24766.0,276.0
2026-03-17T07:54:00Z,24766.0,24770.25,24764.5,24765.75,207.0
2026-03-17T07:55:00Z,24765.25,24770.75,24764.5,24769.75,213.0
2026-03-17T07:56:00Z,24769.75,24774.0,24767.0,24767.25,386.0
2026-03-17T07:57:00Z,24767.75,24771.5,24767.25,24768.5,221.0
2026-03-17T07:58:00Z,24769.5,24773.5,24767.5,24772.25,203.0
2026-03-17T07:59:00Z,24772.0,24774.0,24769.25,24772.0,220.0
2026-03-17T08:00:00Z,24771.25,24802.75,24771.0,24799.0,2203.0
2026-03-17T08:01:00Z,24799.75,24809.5,24795.0,24805.25,919.0
2026-03-17T08:02:00Z,24805.5,24807.0,24784.0,24790.0,829.0
2026-03-17T08:03:00Z,24790.5,24804.75,24790.5,24798.25,530.0
2026-03-17T08:04:00Z,24797.75,24798.75,24780.75,24791.75,722.0
2026-03-17T08:05:00Z,24791.75,24792.75,24783.25,24788.0,462.0
2026-03-17T08:06:00Z,24787.25,24790.75,24771.75,24773.25,696.0
2026-03-17T08:07:00Z,24773.25,24787.75,24773.25,24786.25,415.0
2026-03-17T08:08:00Z,24786.75,24793.0,24782.0,24789.75,598.0
2026-03-17T08:09:00Z,24787.75,24788.0,24768.25,24771.75,718.0
2026-03-17T08:10:00Z,24771.75,24777.25,24762.25,24763.5,581.0
2026-03-17T08:11:00Z,24763.75,24768.5,24757.75,24763.25,662.0
2026-03-17T08:12:00Z,24764.0,24769.0,24760.25,24767.75,426.0
2026-03-17T08:13:00Z,24768.5,24779.5,24768.25,24777.5,575.0
2026-03-17T08:14:00Z,24777.5,24777.5,24759.5,24766.75,514.0
2026-03-17T08:15:00Z,24766.0,24768.0,24757.5,24760.75,427.0
2026-03-17T08:16:00Z,24760.75,24771.75,24758.75,24771.0,443.0
2026-03-17T08:17:00Z,24771.5,24775.75,24766.75,24771.5,484.0
2026-03-17T08:18:00Z,24770.5,24772.0,24762.5,24769.5,433.0
2026-03-17T08:19:00Z,24770.5,24786.0,24768.0,24784.75,641.0
2026-03-17T08:20:00Z,24785.75,24791.0,24774.75,24777.75,619.0
2026-03-17T08:21:00Z,24777.5,24781.5,24774.25,24779.0,474.0
2026-03-17T08:22:00Z,24779.25,24786.0,24775.25,24784.75,314.0
2026-03-17T08:23:00Z,24783.5,24783.5,24772.0,24775.0,424.0
2026-03-17T08:24:00Z,24775.5,24783.5,24758.5,24765.5,641.0
2026-03-17T08:25:00Z,24766.25,24777.0,24764.0,24775.75,408.0
2026-03-17T08:26:00Z,24775.75,24779.0,24768.5,24771.75,463.0
2026-03-17T08:27:00Z,24771.75,24780.5,24770.0,24771.75,362.0
2026-03-17T08:28:00Z,24771.25,24771.25,24758.75,24763.5,417.0
2026-03-17T08:29:00Z,24764.25,24764.25,24754.0,24758.25,756.0
2026-03-17T08:30:00Z,24759.0,24767.5,24757.75,24761.5,487.0
2026-03-17T08:31:00Z,24762.5,24766.25,24756.0,24763.0,426.0
2026-03-17T08:32:00Z,24762.5,24770.5,24761.75,24768.75,344.0
2026-03-17T08:33:00Z,24768.25,24772.5,24765.5,24767.5,383.0
2026-03-17T08:34:00Z,24766.5,24771.25,24756.5,24757.75,446.0
2026-03-17T08:35:00Z,24757.75,24761.75,24744.0,24744.75,836.0
2026-03-17T08:36:00Z,24745.25,24750.5,24739.75,24745.25,811.0
2026-03-17T08:37:00Z,24744.75,24751.0,24743.0,24748.25,352.0
2026-03-17T08:38:00Z,24748.75,24760.0,24746.75,24757.75,433.0
2026-03-17T08:39:00Z,24758.0,24766.0,24757.0,24760.5,410.0
2026-03-17T08:40:00Z,24760.5,24788.5,24760.25,24788.5,837.0
2026-03-17T08:41:00Z,24788.5,24799.0,24787.75,24790.5,863.0
2026-03-17T08:42:00Z,24790.0,24791.0,24784.5,24786.0,445.0
2026-03-17T08:43:00Z,24785.5,24796.75,24782.75,24794.0,443.0
2026-03-17T08:44:00Z,24793.25,24799.0,24785.25,24789.5,444.0
2026-03-17T08:45:00Z,24789.25,24796.0,24785.25,24793.75,420.0
2026-03-17T08:46:00Z,24793.5,24795.5,24785.0,24788.0,289.0
2026-03-17T08:47:00Z,24787.75,24788.75,24781.75,24787.5,450.0
2026-03-17T08:48:00Z,24788.0,24789.25,24779.5,24782.5,356.0
2026-03-17T08:49:00Z,24782.25,24786.75,24778.0,24781.75,438.0
2026-03-17T08:50:00Z,24781.0,24783.0,24772.0,24779.25,675.0
2026-03-17T08:51:00Z,24778.5,24779.0,24768.5,24769.25,465.0
2026-03-17T08:52:00Z,24768.0,24773.25,24757.0,24759.5,522.0
2026-03-17T08:53:00Z,24759.5,24761.25,24748.5,24750.25,749.0
2026-03-17T08:54:00Z,24750.75,24763.75,24750.5,24758.25,594.0
2026-03-17T08:55:00Z,24758.25,24765.75,24758.0,24760.25,403.0
2026-03-17T08:56:00Z,24760.75,24765.5,24755.5,24757.25,262.0
2026-03-17T08:57:00Z,24756.75,24762.75,24753.0,24759.0,354.0
2026-03-17T08:58:00Z,24759.75,24764.25,24759.0,24760.75,267.0
2026-03-17T08:59:00Z,24761.5,24771.0,24761.5,24769.75,275.0
2026-03-17T09:00:00Z,24768.25,24784.25,24768.0,24781.5,623.0
2026-03-17T09:01:00Z,24781.25,24791.25,24775.5,24790.75,565.0
2026-03-17T09:02:00Z,24790.0,24793.75,24786.75,24790.5,587.0
2026-03-17T09:03:00Z,24790.25,24790.25,24782.0,24782.0,310.0
2026-03-17T09:04:00Z,24782.25,24782.25,24774.0,24777.5,282.0
2026-03-17T09:05:00Z,24778.25,24785.5,24774.25,24783.5,238.0
2026-03-17T09:06:00Z,24783.5,24785.5,24777.0,24782.75,259.0
2026-03-17T09:07:00Z,24781.75,24787.75,24774.0,24776.75,294.0
2026-03-17T09:08:00Z,24777.5,24788.75,24776.5,24786.75,281.0
2026-03-17T09:09:00Z,24786.0,24788.25,24781.25,24785.5,341.0
2026-03-17T09:10:00Z,24786.0,24793.75,24784.75,24790.25,429.0
2026-03-17T09:11:00Z,24791.0,24794.5,24783.5,24794.25,351.0
2026-03-17T09:12:00Z,24794.5,24794.75,24789.0,24789.5,172.0
2026-03-17T09:13:00Z,24789.0,24791.25,24785.75,24786.0,279.0
2026-03-17T09:14:00Z,24786.25,24795.75,24782.0,24788.5,700.0
2026-03-17T09:15:00Z,24789.0,24796.5,24787.25,24792.0,278.0
2026-03-17T09:16:00Z,24791.0,24792.5,24788.5,24790.75,145.0
2026-03-17T09:17:00Z,24791.25,24791.75,24783.5,24784.75,216.0
2026-03-17T09:18:00Z,24784.75,24785.5,24778.5,24781.25,343.0
2026-03-17T09:19:00Z,24782.25,24805.75,24781.75,24799.5,743.0
2026-03-17T09:20:00Z,24799.5,24800.25,24792.75,24796.25,330.0
2026-03-17T09:21:00Z,24795.25,24803.5,24792.5,24798.25,323.0
2026-03-17T09:22:00Z,24798.0,24804.5,24797.25,24802.75,386.0
2026-03-17T09:23:00Z,24802.5,24808.5,24796.25,24802.5,776.0
2026-03-17T09:24:00Z,24802.5,24807.25,24801.75,24805.75,300.0
2026-03-17T09:25:00Z,24805.75,24824.75,24805.5,24824.5,991.0
2026-03-17T09:26:00Z,24824.0,24841.75,24823.25,24838.0,1405.0
2026-03-17T09:27:00Z,24838.0,24838.25,24830.0,24836.25,697.0
2026-03-17T09:28:00Z,24836.75,24845.0,24835.5,24843.75,523.0
2026-03-17T09:29:00Z,24844.25,24844.5,24838.5,24841.5,379.0
2026-03-17T09:30:00Z,24840.25,24850.0,24835.75,24848.5,983.0
2026-03-17T09:31:00Z,24848.75,24850.5,24840.25,24841.25,371.0
2026-03-17T09:32:00Z,24840.0,24846.5,24837.25,24839.25,433.0
2026-03-17T09:33:00Z,24840.0,24842.5,24838.0,24842.25,271.0
2026-03-17T09:34:00Z,24842.75,24843.75,24835.25,24839.75,268.0
2026-03-17T09:35:00Z,24838.25,24841.0,24833.5,24838.5,425.0
2026-03-17T09:36:00Z,24837.75,24838.5,24832.0,24832.5,255.0
2026-03-17T09:37:00Z,24832.0,24834.25,24828.75,24831.0,461.0
2026-03-17T09:38:00Z,24831.0,24836.25,24824.25,24827.25,362.0
2026-03-17T09:39:00Z,24828.0,24835.0,24825.5,24828.5,323.0
2026-03-17T09:40:00Z,24827.75,24830.0,24824.0,24825.5,354.0
2026-03-17T09:41:00Z,24826.0,24830.75,24821.75,24826.0,385.0
2026-03-17T09:42:00Z,24825.75,24835.5,24823.75,24831.75,522.0
2026-03-17T09:43:00Z,24830.75,24834.0,24829.75,24831.25,223.0
2026-03-17T09:44:00Z,24831.0,24846.0,24831.0,24842.25,466.0
2026-03-17T09:45:00Z,24842.5,24842.5,24830.25,24833.5,381.0
2026-03-17T09:46:00Z,24834.0,24839.25,24834.0,24837.75,236.0
2026-03-17T09:47:00Z,24838.0,24847.5,24837.0,24841.75,403.0
2026-03-17T09:48:00Z,24842.0,24847.75,24839.0,24841.25,305.0
2026-03-17T09:49:00Z,24840.75,24841.5,24834.0,24838.5,292.0
2026-03-17T09:50:00Z,24838.25,24841.0,24829.5,24829.5,218.0
2026-03-17T09:51:00Z,24830.0,24835.5,24827.75,24833.75,388.0
2026-03-17T09:52:00Z,24833.5,24836.0,24828.75,24831.0,112.0
2026-03-17T09:53:00Z,24832.0,24834.5,24829.25,24832.0,235.0
2026-03-17T09:54:00Z,24832.5,24835.25,24830.0,24834.0,248.0
2026-03-17T09:55:00Z,24832.5,24836.25,24830.25,24836.25,254.0
2026-03-17T09:56:00Z,24835.75,24841.5,24832.0,24837.5,422.0
2026-03-17T09:57:00Z,24837.75,24842.0,24836.75,24838.5,267.0
2026-03-17T09:58:00Z,24839.75,24845.75,24838.75,24845.25,301.0
2026-03-17T09:59:00Z,24845.25,24845.25,24842.25,24844.0,243.0
2026-03-17T10:00:00Z,24843.25,24844.25,24832.5,24834.0,408.0
2026-03-17T10:01:00Z,24834.75,24839.0,24828.75,24838.0,528.0
2026-03-17T10:02:00Z,24838.25,24842.75,24833.5,24834.75,411.0
2026-03-17T10:03:00Z,24835.0,24839.0,24832.25,24837.25,272.0
2026-03-17T10:04:00Z,24837.25,24837.75,24832.25,24832.75,252.0
2026-03-17T10:05:00Z,24833.0,24835.0,24826.5,24831.75,362.0
2026-03-17T10:06:00Z,24831.75,24833.25,24821.25,24827.75,476.0
2026-03-17T10:07:00Z,24827.25,24831.75,24821.0,24822.5,480.0
2026-03-17T10:08:00Z,24822.25,24824.75,24817.75,24818.0,562.0
2026-03-17T10:09:00Z,24818.25,24821.0,24817.0,24820.5,318.0
2026-03-17T10:10:00Z,24820.75,24827.25,24817.5,24824.25,406.0
2026-03-17T10:11:00Z,24824.5,24827.5,24819.0,24823.0,328.0
2026-03-17T10:12:00Z,24822.75,24824.5,24816.0,24818.25,387.0
2026-03-17T10:13:00Z,24817.75,24823.25,24817.75,24823.0,191.0
2026-03-17T10:14:00Z,24822.25,24824.0,24818.5,24823.0,120.0
2026-03-17T10:15:00Z,24822.75,24823.5,24813.0,24815.5,371.0
2026-03-17T10:16:00Z,24814.75,24819.5,24809.75,24810.75,375.0
2026-03-17T10:17:00Z,24810.75,24810.75,24802.5,24804.25,622.0
2026-03-17T10:18:00Z,24803.75,24805.25,24794.0,24794.5,511.0
2026-03-17T10:19:00Z,24794.0,24802.5,24793.5,24800.0,377.0
2026-03-17T10:20:00Z,24799.5,24805.75,24793.5,24801.75,447.0
2026-03-17T10:21:00Z,24801.75,24803.0,24797.25,24800.0,285.0
2026-03-17T10:22:00Z,24800.0,24802.0,24798.5,24799.75,195.0
2026-03-17T10:23:00Z,24799.25,24808.5,24797.75,24806.25,427.0
2026-03-17T10:24:00Z,24806.0,24807.0,24799.75,24800.75,156.0
2026-03-17T10:25:00Z,24800.75,24802.75,24799.0,24799.5,214.0
2026-03-17T10:26:00Z,24800.25,24804.5,24799.75,24801.0,262.0
2026-03-17T10:27:00Z,24800.25,24803.0,24797.75,24802.75,151.0
2026-03-17T10:28:00Z,24802.5,24810.75,24802.5,24808.5,267.0
2026-03-17T10:29:00Z,24808.25,24809.75,24806.5,24808.25,196.0
2026-03-17T10:30:00Z,24807.75,24813.5,24806.5,24808.75,280.0
2026-03-17T10:31:00Z,24809.0,24811.25,24801.5,24804.5,0.0
2026-03-17T10:31:28Z,24807.0,24807.0,24807.0,24807.0,0.0
