timestamp,open,high,low,close,volume
2023-10-24T04:00:00Z,14754.75,14770.0,14753.75,14769.0,0.0
2023-10-24T05:00:00Z,14769.25,14787.75,14767.5,14783.25,11089.0
2023-10-24T06:00:00Z,14783.5,14810.0,14778.75,14806.0,14071.0
2023-10-24T07:00:00Z,14805.75,14822.25,14779.25,14785.25,28566.0
2023-10-24T08:00:00Z,14785.5,14794.75,14740.75,14777.0,27581.0
2023-10-24T09:00:00Z,14777.5,14812.5,14773.0,14805.75,17194.0
2023-10-24T10:00:00Z,14803.7998046875,14808.0,14781.0,14795.75,20712.0
2023-10-24T11:00:00Z,14795.75,14818.75,14790.5,14806.25,19661.0
2023-10-24T12:00:00Z,14805.75,14808.5,14780.5,14801.75,34651.0
2023-10-24T13:00:00Z,14801.75,14837.25,14759.0,14827.0,221619.0
2023-10-24T14:00:00Z,14827.0,14877.75,14779.25,14846.0,253527.0
2023-10-24T15:00:00Z,14846.25,14860.0,14777.75,14821.25,164398.0
2023-10-24T16:00:00Z,14822.0,14834.0,14705.75,14722.75,138983.0
2023-10-24T17:00:00Z,14722.5,14789.75,14718.25,14772.25,99929.0
2023-10-24T18:00:00Z,14772.5,14837.0,14765.75,14826.25,90447.0
2023-10-24T19:00:00Z,14827.5,14861.0,14815.75,14847.25,91530.0
2023-10-24T20:00:00Z,14846.5,14950.0,14815.0,14829.0,54346.0
2023-10-24T22:00:00Z,14831.5,14854.5,14776.0,14812.25,0.0
2023-10-24T23:00:00Z,14811.75,14822.25,14804.0,14815.25,6312.0
2023-10-25T00:00:00Z,14815.25,14817.0,14792.5,14800.5,10380.0
2023-10-25T01:00:00Z,14800.0,14815.75,14799.0,14812.5,8578.0
2023-10-25T02:00:00Z,14812.75,14812.75,14804.0,14808.5,4777.0
2023-10-25T03:00:00Z,14808.75,14812.75,14785.0,14786.25,9077.0
2023-10-25T04:00:00Z,14785.75,14789.0,14780.25,14788.25,6129.0
2023-10-25T05:00:00Z,14788.0,14792.0,14760.75,14769.5,11562.0
2023-10-25T06:00:00Z,14769.5,14779.5,14753.0,14754.25,12583.0
2023-10-25T07:00:00Z,14754.75,14763.75,14713.0,14740.0,30086.0
2023-10-25T08:00:00Z,14743.5,14770.75,14742.75,14758.25,28343.0
2023-10-25T09:00:00Z,14758.0,14769.25,14737.0,14757.75,19413.0
2023-10-25T10:00:00Z,14747.5,14772.5,14732.0,14770.0,19543.0
2023-10-25T11:00:00Z,14770.0,14783.25,14761.75,14767.75,22314.0
2023-10-25T12:00:00Z,14767.25,14790.25,14746.0,14747.5,40059.0
2023-10-25T13:00:00Z,14747.25,14758.25,14605.25,14650.75,204655.0
2023-10-25T14:00:00Z,14650.75,14678.5,14600.0,14622.0,231475.0
2023-10-25T15:00:00Z,14622.5,14685.0,14572.25,14578.75,196686.0
2023-10-25T16:00:00Z,14578.5,14595.25,14538.5,14552.75,119995.0
2023-10-25T17:00:00Z,14552.75,14561.0,14453.0,14482.75,152518.0
2023-10-25T18:00:00Z,14482.75,14508.0,14451.75,14476.5,98381.0
2023-10-25T19:00:00Z,14477.0,14504.25,14452.5,14476.75,101692.0
2023-10-25T20:00:00Z,14476.75,14533.75,14440.0,14464.25,55916.0
2023-10-25T22:00:00Z,14430.75,14430.75,14352.75,14372.0,0.0
2023-10-25T23:00:00Z,14371.0,14374.5,14331.5,14350.25,18042.0
2023-10-26T00:00:00Z,14350.0,14381.5,14328.5,14337.25,22187.0
2023-10-26T01:00:00Z,14337.5,14348.0,14315.0,14324.5,18441.0
2023-10-26T02:00:00Z,14324.5,14329.25,14302.25,14307.75,15525.0
2023-10-26T03:00:00Z,14307.75,14328.0,14307.5,14321.75,7265.0
2023-10-26T04:00:00Z,14320.75,14326.5,14308.0,14315.75,7629.0
2023-10-26T05:00:00Z,14315.5,14328.5,14309.25,14312.5,10359.0
2023-10-26T06:00:00Z,14312.75,14326.0,14297.5,14309.0,15655.0
2023-10-26T07:00:00Z,14308.5,14310.75,14257.25,14306.0,39482.0
2023-10-26T08:00:00Z,14320.7998046875,14342.5,14316.25,14331.75,29171.0
2023-10-26T09:00:00Z,14331.5,14357.25,14316.5,14344.75,22382.0
2023-10-26T10:00:00Z,14330.5,14367.25,14325.5,14335.75,22631.0
2023-10-26T11:00:00Z,14335.75,14337.5,14302.5,14331.5,32820.0
2023-10-26T12:00:00Z,14332.0,14413.75,14321.25,14404.5,89951.0
2023-10-26T13:00:00Z,14405.5,14459.25,14313.75,14331.0,263288.0
2023-10-26T14:00:00Z,14330.0,14384.25,14266.75,14353.5,277377.0
2023-10-26T15:00:00Z,14353.5,14358.0,14227.25,14266.75,200702.0
2023-10-26T16:00:00Z,14267.0,14273.75,14144.5,14151.75,174802.0
2023-10-26T17:00:00Z,14151.75,14228.75,14136.5,14224.0,155931.0
2023-10-26T18:00:00Z,14224.5,14318.5,14211.75,14317.75,140113.0
2023-10-26T19:00:00Z,14317.75,14332.5,14178.5,14194.75,159218.0
2023-10-26T20:00:00Z,14194.5,14257.75,14179.5,14212.25,47429.0
2023-10-26T22:00:00Z,14244.0,14302.0,14244.0,14289.25,0.0
2023-10-26T23:00:00Z,14289.0,14318.25,14288.25,14314.75,10693.0
2023-10-27T00:00:00Z,14315.0,14315.0,14268.75,14281.0,16577.0
2023-10-27T01:00:00Z,14280.75,14306.75,14277.5,14299.25,11204.0
2023-10-27T02:00:00Z,14299.75,14318.25,14299.0,14303.75,9332.0
2023-10-27T03:00:00Z,14304.0,14307.75,14289.0,14306.0,7188.0
2023-10-27T04:00:00Z,14307.0,14323.0,14301.75,14319.75,6652.0
2023-10-27T05:00:00Z,14319.75,14325.5,14307.75,14325.0,9966.0
2023-10-27T06:00:00Z,14325.0,14325.5,14302.0,14302.25,10876.0
2023-10-27T07:00:00Z,14302.0,14314.25,14276.0,14311.0,23900.0
2023-10-27T08:00:00Z,14312.0,14342.75,14298.5,14339.0,24492.0
2023-10-27T09:00:00Z,14339.75,14343.5,14314.5,14325.5,17205.0
2023-10-27T10:00:00Z,14329.5,14339.75,14310.25,14312.75,16699.0
2023-10-27T11:00:00Z,14312.5,14321.25,14276.5,14280.75,29002.0
2023-10-27T12:00:00Z,14280.5,14334.5,14270.0,14314.0,73043.0
2023-10-27T13:00:00Z,14314.25,14356.25,14291.0,14327.75,179403.0
2023-10-27T14:00:00Z,14322.0,14370.25,14274.0,14336.5,257994.0
2023-10-27T15:00:00Z,14336.5,14407.5,14325.25,14373.25,177038.0
2023-10-27T16:00:00Z,14373.0,14384.75,14294.5,14303.75,130803.0
2023-10-27T17:00:00Z,14304.0,14312.5,14229.0,14243.5,158771.0
2023-10-27T18:00:00Z,14243.5,14284.25,14212.25,14225.75,138006.0
2023-10-27T19:00:00Z,14226.75,14273.0,14209.5,14266.0,125315.0
2023-10-27T20:00:00Z,14265.75,14283.5,14252.0,14271.0,19873.0
2023-10-29T22:00:00Z,14329.0,14345.75,14302.25,14328.5,15454.0
2023-10-29T23:00:00Z,14328.25,14333.25,14317.5,14331.75,7075.0
2023-10-30T00:00:00Z,14332.0,14341.25,14325.75,14338.25,8503.0
2023-10-30T01:00:00Z,14339.0,14351.5,14325.75,14344.75,10322.0
2023-10-30T02:00:00Z,14344.5,14346.75,14327.5,14335.0,6014.0
2023-10-30T03:00:00Z,14334.5,14343.5,14329.75,14342.0,3928.0
2023-10-30T04:00:00Z,14341.0,14341.75,14328.25,14334.25,3851.0
2023-10-30T05:00:00Z,14334.25,14341.0,14325.75,14339.25,4214.0
2023-10-30T06:00:00Z,14339.25,14359.25,14337.5,14357.75,8377.0
2023-10-30T07:00:00Z,14357.5,14381.0,14351.5,14371.75,12885.0
2023-10-30T08:00:00Z,14372.5,14384.75,14351.25,14360.0,22250.0
2023-10-30T09:00:00Z,14360.0,14391.75,14358.25,14377.75,17152.0
2023-10-30T10:00:00Z,14379.2001953125,14379.75,14361.25,14367.75,13572.0
2023-10-30T11:00:00Z,14367.5,14391.5,14364.0,14378.75,15825.0
2023-10-30T12:00:00Z,14378.75,14381.0,14345.0,14360.25,27602.0
2023-10-30T13:00:00Z,14360.25,14476.25,14334.75,14450.5,170359.0
2023-10-30T14:00:00Z,14450.75,14459.0,14306.25,14344.0,242842.0
2023-10-30T15:00:00Z,14344.0,14397.5,14321.75,14394.5,159111.0
2023-10-30T16:00:00Z,14394.5,14398.75,14310.5,14330.5,121470.0
2023-10-30T17:00:00Z,14330.5,14429.5,14321.25,14426.0,110380.0
2023-10-30T18:00:00Z,14425.75,14451.5,14399.5,14436.75,87682.0
2023-10-30T19:00:00Z,14437.0,14472.0,14412.5,14418.5,107057.0
2023-10-30T20:00:00Z,14418.75,14422.25,14400.75,14412.0,16083.0
2023-10-30T22:00:00Z,14412.0,14416.5,14403.5,14408.0,0.0
2023-10-30T23:00:00Z,14407.5,14411.5,14396.75,14398.0,4439.0
2023-10-31T00:00:00Z,14398.0,14399.75,14368.5,14382.5,13010.0
2023-10-31T01:00:00Z,14382.75,14388.0,14357.75,14373.75,11826.0
2023-10-31T02:00:00Z,14373.75,14382.0,14362.0,14363.5,5745.0
2023-10-31T03:00:00Z,14363.25,14366.25,14327.5,14344.5,20559.0
2023-10-31T04:00:00Z,14344.75,14356.5,14335.25,14339.25,8263.0
2023-10-31T05:00:00Z,14338.5,14340.75,14326.0,14333.75,9497.0
2023-10-31T06:00:00Z,14334.25,14352.5,14320.25,14350.75,11576.0
2023-10-31T07:00:00Z,14350.5,14365.75,14347.5,14353.0,11739.0
2023-10-31T08:00:00Z,14353.0,14417.5,14344.25,14415.5,28258.0
2023-10-31T09:00:00Z,14415.25,14417.25,14380.25,14407.0,22986.0
2023-10-31T10:00:00Z,14424.2001953125,14438.5,14410.5,14425.5,23673.0
2023-10-31T11:00:00Z,14425.5,14449.0,14420.0,14427.5,23341.0
2023-10-31T12:00:00Z,14427.25,14455.0,14403.25,14413.25,49106.0
2023-10-31T13:00:00Z,14413.25,14431.75,14311.25,14341.0,168114.0
2023-10-31T14:00:00Z,14340.0,14432.75,14322.0,14416.5,243497.0
2023-10-31T15:00:00Z,14417.0,14434.25,14366.25,14414.75,147671.0
2023-10-31T16:00:00Z,14414.25,14440.75,14368.75,14435.5,136473.0
2023-10-31T17:00:00Z,14436.0,14484.0,14413.0,14477.0,106255.0
2023-10-31T18:00:00Z,14474.5,14489.5,14441.5,14484.5,85646.0
2023-10-31T19:00:00Z,14484.5,14503.5,14468.5,14489.0,89547.0
2023-10-31T20:00:00Z,14489.25,14490.5,14443.0,14452.25,22956.0
2023-10-31T22:00:00Z,14458.0,14478.0,14453.0,14464.75,0.0
2023-10-31T23:00:00Z,14464.5,14466.25,14446.5,14453.25,5590.0
2023-11-01T00:00:00Z,14453.0,14464.25,14443.0,14453.0,8853.0
2023-11-01T01:00:00Z,14452.5,14457.0,14439.0,14446.5,7500.0
2023-11-01T02:00:00Z,14446.5,14474.0,14443.75,14472.75,7614.0
2023-11-01T03:00:00Z,14472.5,14476.5,14469.0,14471.25,3429.0
2023-11-01T04:00:00Z,14470.0,14476.5,14465.25,14472.75,3305.0
2023-11-01T05:00:00Z,14472.75,14473.0,14453.5,14455.5,6100.0
2023-11-01T06:00:00Z,14455.75,14493.25,14454.25,14491.25,8657.0
2023-11-01T07:00:00Z,14491.25,14492.25,14462.75,14463.0,10166.0
2023-11-01T08:00:00Z,14450.7998046875,14470.75,14430.0,14439.25,26124.0
2023-11-01T09:00:00Z,14439.25,14453.0,14421.25,14431.25,14988.0
2023-11-01T10:00:00Z,14431.5,14443.0,14416.25,14436.0,15142.0
2023-11-01T11:00:00Z,14435.75,14444.25,14411.0,14420.75,17228.0
2023-11-01T12:00:00Z,14420.75,14513.0,14417.0,14498.5,73517.0
2023-11-01T13:00:00Z,14498.25,14581.5,14468.25,14548.5,152558.0
2023-11-01T14:00:00Z,14571.75,14649.5,14530.0,14622.75,204184.0
2023-11-01T15:00:00Z,14622.5,14643.0,14576.5,14611.0,109689.0
2023-11-01T16:00:00Z,14611.0,14616.25,14562.25,14586.25,83936.0
2023-11-01T17:00:00Z,14586.5,14616.75,14574.25,14600.25,58243.0
2023-11-01T18:00:00Z,14605.75,14676.0,14558.25,14659.5,267575.0
2023-11-01T19:00:00Z,14658.75,14762.0,14657.75,14742.5,175528.0
2023-11-01T20:00:00Z,14742.5,14761.25,14732.75,14760.25,21448.0
2023-11-01T22:00:00Z,14760.0,14773.75,14759.75,14767.75,0.0
2023-11-01T23:00:00Z,14768.25,14796.75,14768.0,14792.75,14394.0
2023-11-02T00:00:00Z,14793.0,14808.25,14776.75,14798.5,14740.0
2023-11-02T01:00:00Z,14798.25,14817.25,14796.25,14808.5,12203.0
2023-11-02T02:00:00Z,14808.25,14810.5,14801.75,14805.75,5209.0
2023-11-02T03:00:00Z,14805.5,14808.75,14797.75,14805.5,4559.0
2023-11-02T04:00:00Z,14806.0,14809.5,14800.0,14804.75,3611.0
2023-11-02T05:00:00Z,14804.5,14807.0,14797.5,14800.0,4107.0
2023-11-02T06:00:00Z,14799.25,14804.5,14780.75,14793.75,9106.0
2023-11-02T07:00:00Z,14793.75,14820.5,14787.75,14820.25,13235.0
2023-11-02T08:00:00Z,14820.25,14846.0,14807.0,14838.25,24323.0
2023-11-02T09:00:00Z,14838.5,14863.0,14837.75,14849.25,18684.0
2023-11-02T10:00:00Z,14848.75,14867.0,14845.5,14861.75,14206.0
2023-11-02T11:00:00Z,14861.5,14885.75,14856.25,14878.25,22883.0
2023-11-02T12:00:00Z,14879.0,14953.0,14871.0,14945.75,67000.0
2023-11-02T13:00:00Z,14946.25,14952.5,14900.75,14915.25,163224.0
2023-11-02T14:00:00Z,14915.5,14965.0,14869.0,14958.75,197523.0
2023-11-02T15:00:00Z,14959.0,14971.75,14927.25,14940.25,127698.0
2023-11-02T16:00:00Z,14940.25,14968.75,14922.5,14953.0,86062.0
2023-11-02T17:00:00Z,14953.25,15000.0,14943.0,14993.25,77263.0
2023-11-02T18:00:00Z,14993.75,15007.5,14976.25,14998.25,58347.0
2023-11-02T19:00:00Z,14998.5,15008.75,14985.75,14999.0,65118.0
2023-11-02T20:00:00Z,14999.25,15015.75,14932.75,14970.0,39043.0
2023-11-02T22:00:00Z,14931.25,14962.0,14924.25,14946.5,0.0
2023-11-02T23:00:00Z,14946.5,14953.5,14940.5,14943.0,5243.0
2023-11-03T00:00:00Z,14943.5,14955.0,14937.25,14952.0,7658.0
2023-11-03T01:00:00Z,14951.75,14964.75,14947.75,14959.75,8277.0
2023-11-03T02:00:00Z,14959.75,14966.5,14956.0,14963.25,5136.0
2023-11-03T03:00:00Z,14963.5,14967.75,14958.25,14958.5,3538.0
2023-11-03T04:00:00Z,14957.25,14960.0,14951.5,14956.75,3568.0
2023-11-03T05:00:00Z,14956.5,14967.75,14955.25,14965.25,3935.0
2023-11-03T06:00:00Z,14965.0,14966.75,14953.0,14953.75,4896.0
2023-11-03T07:00:00Z,14953.5,14962.75,14944.0,14948.0,10071.0
2023-11-03T08:00:00Z,14946.2001953125,14953.0,14939.25,14944.5,16309.0
2023-11-03T09:00:00Z,14944.25,14952.75,14933.0,14948.0,13287.0
2023-11-03T10:00:00Z,14948.25,14955.75,14937.25,14943.5,9860.0
2023-11-03T11:00:00Z,14943.75,14973.5,14931.25,14972.0,21177.0
2023-11-03T12:00:00Z,14972.25,15066.25,14947.0,15045.5,97087.0
2023-11-03T13:00:00Z,15045.25,15140.0,15018.5,15124.75,179097.0
2023-11-03T14:00:00Z,15125.5,15162.75,15051.75,15111.0,221667.0
2023-11-03T15:00:00Z,15111.5,15156.5,15084.5,15143.25,124316.0
2023-11-03T16:00:00Z,15143.5,15194.0,15135.75,15187.5,89000.0
2023-11-03T17:00:00Z,15186.75,15204.25,15156.5,15191.25,82593.0
2023-11-03T18:00:00Z,15191.5,15218.75,15169.75,15213.5,70512.0
2023-11-03T19:00:00Z,15213.75,15228.5,15172.25,15174.75,83997.0
2023-11-03T20:00:00Z,15174.5,15189.75,15171.25,15185.25,12806.0
2023-11-05T23:00:00Z,15187.0,15203.0,15172.5,15175.75,12666.0
2023-11-06T00:00:00Z,15175.75,15177.0,15163.0,15171.5,10123.0
2023-11-06T01:00:00Z,15171.25,15182.25,15167.75,15178.25,7795.0
2023-11-06T02:00:00Z,15178.5,15185.25,15177.5,15180.75,5248.0
2023-11-06T03:00:00Z,15180.5,15189.5,15177.75,15186.0,5436.0
2023-11-06T04:00:00Z,15186.0,15190.0,15177.0,15178.75,4204.0
2023-11-06T05:00:00Z,15179.25,15184.0,15174.5,15180.5,4561.0
2023-11-06T06:00:00Z,15180.5,15194.0,15178.75,15190.0,6335.0
2023-11-06T07:00:00Z,15190.25,15206.25,15184.5,15192.25,9089.0
2023-11-06T08:00:00Z,15192.25,15217.75,15184.0,15205.25,16751.0
2023-11-06T09:00:00Z,15205.25,15215.75,15194.5,15212.0,13327.0
2023-11-06T10:00:00Z,15213.0,15225.25,15207.5,15216.0,12089.0
2023-11-06T11:00:00Z,15211.2001953125,15221.0,15206.75,15215.0,9957.0
2023-11-06T12:00:00Z,15215.0,15217.25,15198.0,15206.0,15160.0
2023-11-06T13:00:00Z,15206.5,15211.5,15189.0,15205.0,26227.0
2023-11-06T14:00:00Z,15205.5,15257.5,15196.75,15216.25,153279.0
2023-11-06T15:00:00Z,15216.25,15246.25,15184.5,15221.25,156633.0
2023-11-06T16:00:00Z,15221.25,15240.5,15194.0,15224.0,84651.0
2023-11-06T17:00:00Z,15224.5,15225.0,15181.75,15205.75,68190.0
2023-11-06T18:00:00Z,15206.0,15206.5,15138.0,15169.0,88375.0
2023-11-06T19:00:00Z,15169.5,15210.25,15143.25,15207.25,74687.0
2023-11-06T20:00:00Z,15207.5,15236.5,15194.75,15233.25,60627.0
2023-11-06T21:00:00Z,15233.0,15234.75,15216.0,15223.25,11578.0
2023-11-06T22:00:00Z,15223.0,15223.0,15223.0,15223.0,3.0
2023-11-06T23:00:00Z,15216.75,15222.5,15203.25,15208.75,0.0
2023-11-07T00:00:00Z,15208.75,15214.0,15202.25,15206.0,7024.0
2023-11-07T01:00:00Z,15205.75,15223.0,15199.0,15215.0,9822.0
2023-11-07T02:00:00Z,15215.25,15217.75,15207.5,15209.5,3345.0
2023-11-07T03:00:00Z,15209.5,15216.0,15203.75,15208.25,5199.0
2023-11-07T04:00:00Z,15208.25,15212.25,15203.0,15205.75,2645.0
2023-11-07T05:00:00Z,15206.0,15211.0,15196.75,15207.75,5170.0
2023-11-07T06:00:00Z,15208.0,15212.75,15193.0,15199.0,6696.0
2023-11-07T07:00:00Z,15199.25,15202.0,15183.5,15187.5,8215.0
2023-11-07T08:00:00Z,15187.5,15227.0,15185.0,15220.5,17041.0
2023-11-07T09:00:00Z,15219.75,15220.0,15192.0,15193.5,14294.0
2023-11-07T10:00:00Z,15193.0,15214.5,15188.0,15203.75,10964.0
2023-11-07T11:00:00Z,15199.5,15202.75,15175.75,15194.25,15108.0
2023-11-07T12:00:00Z,15193.75,15224.5,15192.5,15223.0,25649.0
2023-11-07T13:00:00Z,15222.75,15253.25,15219.75,15252.75,40224.0
2023-11-07T14:00:00Z,15252.75,15303.25,15226.0,15298.0,173475.0
2023-11-07T15:00:00Z,15297.25,15396.25,15273.0,15387.5,193429.0
2023-11-07T16:00:00Z,15387.5,15403.25,15354.75,15374.5,102170.0
2023-11-07T17:00:00Z,15375.0,15376.75,15329.5,15372.5,91275.0
2023-11-07T18:00:00Z,15372.75,15407.5,15365.5,15400.75,75142.0
2023-11-07T19:00:00Z,15401.0,15412.75,15380.75,15386.25,64908.0
2023-11-07T20:00:00Z,15386.75,15407.5,15354.5,15375.0,97304.0
2023-11-07T21:00:00Z,15374.75,15381.75,15371.5,15375.75,12870.0
2023-11-07T23:00:00Z,15372.0,15374.75,15362.75,15368.25,0.0
2023-11-08T00:00:00Z,15368.5,15376.5,15361.25,15364.75,7280.0
2023-11-08T01:00:00Z,15365.0,15369.0,15359.5,15366.75,6287.0
2023-11-08T02:00:00Z,15366.0,15375.25,15360.75,15374.0,5112.0
2023-11-08T03:00:00Z,15374.0,15375.5,15348.0,15353.75,7020.0
2023-11-08T04:00:00Z,15354.0,15359.5,15351.75,15358.5,3239.0
2023-11-08T05:00:00Z,15358.5,15361.25,15346.0,15349.0,6389.0
2023-11-08T06:00:00Z,15349.0,15351.0,15339.25,15341.5,7890.0
2023-11-08T07:00:00Z,15342.0,15350.0,15336.25,15342.75,7295.0
2023-11-08T08:00:00Z,15342.75,15368.5,15338.75,15360.5,15229.0
2023-11-08T09:00:00Z,15352.2001953125,15367.25,15343.25,15359.0,13963.0
2023-11-08T10:00:00Z,15359.0,15369.25,15349.25,15366.25,8978.0
2023-11-08T11:00:00Z,15369.2001953125,15378.0,15359.75,15369.0,12616.0
2023-11-08T12:00:00Z,15368.5,15378.75,15357.0,15376.25,13127.0
2023-11-08T13:00:00Z,15376.75,15388.5,15364.25,15374.25,32128.0
2023-11-08T14:00:00Z,15374.25,15417.75,15372.25,15390.0,155762.0
2023-11-08T15:00:00Z,15390.25,15395.75,15335.25,15343.75,189516.0
2023-11-08T16:00:00Z,15343.75,15369.5,15330.25,15338.0,118173.0
2023-11-08T17:00:00Z,15338.0,15340.5,15286.5,15328.75,94115.0
2023-11-08T18:00:00Z,15329.75,15367.25,15319.5,15358.5,85890.0
2023-11-08T19:00:00Z,15358.75,15387.0,15350.25,15354.75,64743.0
2023-11-08T20:00:00Z,15354.75,15394.5,15353.75,15384.25,66367.0
2023-11-08T21:00:00Z,15384.25,15384.25,15358.0,15360.0,12718.0
2023-11-08T23:00:00Z,15360.0,15360.0,15344.5,15358.0,0.0
2023-11-09T00:00:00Z,15358.0,15365.25,15352.75,15355.75,5755.0
2023-11-09T01:00:00Z,15356.0,15377.25,15353.25,15369.25,8452.0
2023-11-09T02:00:00Z,15369.25,15374.25,15365.5,15365.75,4934.0
2023-11-09T03:00:00Z,15365.25,15368.0,15360.25,15364.0,3885.0
2023-11-09T04:00:00Z,15364.25,15372.5,15364.0,15371.75,3436.0
2023-11-09T05:00:00Z,15372.5,15381.5,15367.5,15368.75,5468.0
2023-11-09T06:00:00Z,15369.0,15392.25,15363.75,15390.25,8874.0
2023-11-09T07:00:00Z,15390.75,15391.75,15374.75,15379.75,7725.0
2023-11-09T08:00:00Z,15379.5,15397.75,15361.0,15375.0,20653.0
2023-11-09T09:00:00Z,15368.2001953125,15378.5,15362.25,15373.25,15392.0
2023-11-09T10:00:00Z,15373.25,15402.0,15371.25,15394.75,14165.0
2023-11-09T11:00:00Z,15394.5,15397.0,15362.75,15365.75,15838.0
2023-11-09T12:00:00Z,15365.75,15384.25,15365.0,15383.75,13881.0
2023-11-09T13:00:00Z,15384.0,15404.25,15376.25,15403.25,36589.0
2023-11-09T14:00:00Z,15403.75,15423.0,15365.75,15423.0,152485.0
2023-11-09T15:00:00Z,15423.0,15432.75,15346.25,15389.0,197194.0
2023-11-09T16:00:00Z,15388.75,15453.25,15386.75,15442.25,132041.0
2023-11-09T17:00:00Z,15442.75,15444.25,15380.75,15415.5,94277.0
2023-11-09T18:00:00Z,15415.25,15418.25,15305.0,15342.5,203483.0
2023-11-09T19:00:00Z,15342.5,15342.5,15254.5,15261.5,169988.0
2023-11-09T20:00:00Z,15261.75,15274.0,15236.75,15258.25,107023.0
2023-11-09T21:00:00Z,15258.25,15263.75,15252.0,15255.25,14286.0
2023-11-09T23:00:00Z,15254.75,15254.75,15223.75,15232.75,0.0
2023-11-10T00:00:00Z,15232.75,15234.75,15207.0,15232.5,14020.0
2023-11-10T01:00:00Z,15232.75,15247.25,15231.75,15241.75,10365.0
2023-11-10T02:00:00Z,15241.25,15246.75,15233.75,15240.25,5527.0
2023-11-10T03:00:00Z,15239.75,15245.5,15235.25,15239.25,3769.0
2023-11-10T04:00:00Z,15239.25,15253.75,15238.5,15246.0,4681.0
2023-11-10T05:00:00Z,15248.25,15251.5,15237.5,15246.5,5869.0
2023-11-10T06:00:00Z,15246.25,15252.5,15239.25,15247.25,4939.0
2023-11-10T07:00:00Z,15247.25,15269.5,15244.25,15262.75,12271.0
2023-11-10T08:00:00Z,15262.75,15272.5,15240.75,15249.25,15503.0
2023-11-10T09:00:00Z,15248.75,15253.25,15208.0,15240.0,23239.0
2023-11-10T10:00:00Z,15240.25,15242.0,15216.25,15229.0,14812.0
2023-11-10T11:00:00Z,15228.0,15232.25,15207.5,15229.25,14571.0
2023-11-10T12:00:00Z,15229.25,15282.75,15221.5,15276.25,29610.0
2023-11-10T13:00:00Z,15276.5,15321.0,15265.25,15318.5,45695.0
2023-11-10T14:00:00Z,15318.75,15389.0,15305.5,15375.5,152792.0
2023-11-10T15:00:00Z,15375.0,15380.0,15322.0,15373.0,215255.0
2023-11-10T16:00:00Z,15373.25,15452.0,15371.25,15450.5,140752.0
2023-11-10T17:00:00Z,15450.75,15539.5,15445.25,15522.5,119773.0
2023-11-10T18:00:00Z,15522.75,15568.75,15502.25,15558.0,90512.0
2023-11-10T19:00:00Z,15558.25,15580.0,15552.0,15568.5,55963.0
2023-11-10T20:00:00Z,15569.0,15605.0,15565.5,15597.25,74803.0
2023-11-10T21:00:00Z,15597.25,15616.25,15576.0,15581.25,25664.0
2023-11-12T23:00:00Z,15585.75,15601.0,15548.5,15560.25,15120.0
2023-11-13T00:00:00Z,15560.5,15568.25,15540.75,15548.5,10941.0
2023-11-13T01:00:00Z,15548.5,15551.5,15540.5,15541.75,7916.0
2023-11-13T02:00:00Z,15542.5,15545.5,15518.0,15522.75,10410.0
2023-11-13T03:00:00Z,15522.5,15523.25,15512.5,15518.0,6939.0
2023-11-13T04:00:00Z,15517.5,15519.25,15509.5,15513.75,4462.0
2023-11-13T05:00:00Z,15513.5,15528.75,15509.75,15519.25,7105.0
2023-11-13T06:00:00Z,15519.5,15541.0,15514.0,15537.75,10189.0
2023-11-13T07:00:00Z,15537.25,15542.75,15528.75,15537.5,9054.0
2023-11-13T08:00:00Z,15537.75,15543.5,15525.75,15542.25,12983.0
2023-11-13T09:00:00Z,15538.7998046875,15556.25,15533.75,15550.75,15059.0
2023-11-13T10:00:00Z,15550.75,15569.25,15540.0,15566.5,10698.0
2023-11-13T11:00:00Z,15566.25,15567.75,15547.0,15562.75,11223.0
2023-11-13T12:00:00Z,15562.75,15567.75,15550.75,15562.75,13647.0
2023-11-13T13:00:00Z,15562.75,15574.25,15526.75,15536.25,36610.0
2023-11-13T14:00:00Z,15536.0,15541.25,15465.25,15490.25,138274.0
2023-11-13T15:00:00Z,15490.5,15549.0,15478.5,15535.5,168837.0
2023-11-13T16:00:00Z,15535.75,15589.5,15531.0,15570.5,110120.0
2023-11-13T17:00:00Z,15570.5,15576.75,15539.0,15557.75,77981.0
2023-11-13T18:00:00Z,15557.5,15581.5,15537.25,15558.5,74448.0
2023-11-13T19:00:00Z,15558.75,15588.75,15550.0,15570.5,51008.0
2023-11-13T20:00:00Z,15570.5,15583.0,15541.75,15547.75,59931.0
2023-11-13T21:00:00Z,15548.0,15558.75,15544.5,15557.0,10558.0
2023-11-13T23:00:00Z,15559.5,15561.75,15551.75,15558.5,0.0
2023-11-14T00:00:00Z,15558.5,15564.75,15551.75,15563.0,6169.0
2023-11-14T01:00:00Z,15563.0,15569.0,15556.5,15565.5,5750.0
2023-11-14T02:00:00Z,15566.0,15573.0,15562.75,15566.75,4497.0
2023-11-14T03:00:00Z,15567.0,15575.75,15561.0,15575.0,4967.0
2023-11-14T04:00:00Z,15575.25,15578.25,15571.0,15572.5,3259.0
2023-11-14T05:00:00Z,15572.5,15572.5,15565.25,15568.75,3794.0
2023-11-14T06:00:00Z,15568.25,15577.5,15562.75,15573.25,4577.0
2023-11-14T07:00:00Z,15573.25,15583.75,15567.5,15581.0,5974.0
2023-11-14T08:00:00Z,15581.25,15596.25,15575.0,15595.25,14615.0
2023-11-14T09:00:00Z,15595.5,15607.5,15587.0,15593.25,15907.0
2023-11-14T10:00:00Z,15593.5,15600.75,15573.25,15579.25,10511.0
2023-11-14T11:00:00Z,15579.75,15586.5,15567.0,15583.5,9221.0
2023-11-14T12:00:00Z,15583.5,15587.0,15567.5,15582.0,10595.0
2023-11-14T13:00:00Z,15582.5,15839.5,15553.0,15820.5,129224.0
2023-11-14T14:00:00Z,15820.25,15867.75,15790.0,15862.0,199118.0
2023-11-14T15:00:00Z,15862.0,15902.75,15847.25,15867.75,162038.0
2023-11-14T16:00:00Z,15868.0,15893.75,15836.0,15842.75,100069.0
2023-11-14T17:00:00Z,15842.75,15878.25,15833.25,15876.0,78920.0
2023-11-14T18:00:00Z,15876.25,15888.25,15851.5,15852.0,59499.0
2023-11-14T19:00:00Z,15852.5,15894.5,15822.0,15890.0,79108.0
2023-11-14T20:00:00Z,15889.75,15918.75,15863.0,15879.0,89321.0
2023-11-14T21:00:00Z,15878.75,15905.5,15875.75,15893.25,14749.0
2023-11-14T23:00:00Z,15894.25,15913.0,15894.25,15904.75,0.0
2023-11-15T00:00:00Z,15905.0,15908.0,15895.25,15906.0,7230.0
2023-11-15T01:00:00Z,15905.75,15914.25,15900.75,15911.5,7628.0
2023-11-15T02:00:00Z,15911.5,15926.5,15907.0,15925.5,7449.0
2023-11-15T03:00:00Z,15925.5,15933.25,15922.25,15928.0,6793.0
2023-11-15T04:00:00Z,15928.5,15930.75,15920.75,15921.25,3548.0
2023-11-15T05:00:00Z,15921.25,15938.25,15920.5,15927.0,8012.0
2023-11-15T06:00:00Z,15927.5,15939.75,15920.75,15930.75,7954.0
2023-11-15T07:00:00Z,15930.75,15933.5,15912.5,15918.5,12116.0
2023-11-15T08:00:00Z,15918.25,15964.0,15915.5,15960.0,22673.0
2023-11-15T09:00:00Z,15959.75,15960.5,15925.25,15932.5,17837.0
2023-11-15T10:00:00Z,15932.75,15970.5,15929.75,15964.75,15744.0
2023-11-15T11:00:00Z,15965.0,15976.0,15953.25,15974.0,15131.0
2023-11-15T12:00:00Z,15973.75,15990.0,15966.75,15988.75,23277.0
2023-11-15T13:00:00Z,15989.0,16049.0,15937.25,15965.0,87857.0
2023-11-15T14:00:00Z,15965.0,15974.0,15905.75,15918.0,171446.0
2023-11-15T15:00:00Z,15917.75,15977.25,15909.0,15960.5,165348.0
2023-11-15T16:00:00Z,15960.75,15968.25,15893.0,15898.5,128025.0
2023-11-15T17:00:00Z,15899.0,15917.0,15884.0,15890.5,80082.0
2023-11-15T18:00:00Z,15891.25,15908.25,15832.5,15907.75,101981.0
2023-11-15T19:00:00Z,15908.0,15928.75,15877.5,15910.25,82228.0
2023-11-15T20:00:00Z,15910.5,15914.25,15872.75,15890.25,76041.0
2023-11-15T21:00:00Z,15890.5,15891.75,15832.0,15845.0,25621.0
2023-11-15T23:00:00Z,15844.0,15866.0,15844.0,15865.0,0.0
2023-11-16T00:00:00Z,15864.75,15880.75,15863.0,15875.0,10040.0
2023-11-16T01:00:00Z,15874.5,15874.75,15833.0,15833.75,12578.0
2023-11-16T02:00:00Z,15834.0,15850.0,15824.5,15832.0,16593.0
2023-11-16T03:00:00Z,15832.0,15846.25,15831.75,15837.25,6240.0
2023-11-16T04:00:00Z,15837.25,15852.25,15835.0,15850.25,4398.0
2023-11-16T05:00:00Z,15850.5,15864.75,15850.5,15860.25,7412.0
2023-11-16T06:00:00Z,15860.25,15871.75,15859.75,15870.25,6171.0
2023-11-16T07:00:00Z,15871.25,15873.25,15850.25,15853.0,8768.0
2023-11-16T08:00:00Z,15852.75,15868.75,15848.0,15857.75,15115.0
2023-11-16T09:00:00Z,15857.25,15873.25,15846.25,15853.5,13782.0
2023-11-16T10:00:00Z,15853.75,15871.5,15850.0,15865.25,9294.0
2023-11-16T11:00:00Z,15866.5,15869.5,15850.75,15859.5,9907.0
2023-11-16T12:00:00Z,15859.0,15860.5,15828.75,15833.5,25155.0
2023-11-16T13:00:00Z,15834.0,15883.25,15821.75,15881.5,57453.0
2023-11-16T14:00:00Z,15881.5,15898.0,15825.0,15888.75,158016.0
2023-11-16T15:00:00Z,15889.25,15905.75,15814.75,15838.0,214862.0
2023-11-16T16:00:00Z,15838.25,15851.0,15797.75,15841.25,140375.0
2023-11-16T17:00:00Z,15841.5,15902.75,15835.0,15883.5,93147.0
2023-11-16T18:00:00Z,15883.5,15887.75,15830.5,15848.0,88460.0
2023-11-16T19:00:00Z,15848.5,15893.25,15841.0,15878.75,74083.0
2023-11-16T20:00:00Z,15878.5,15907.25,15865.0,15896.75,69854.0
2023-11-16T21:00:00Z,15897.0,15904.5,15885.0,15898.25,14244.0
2023-11-16T23:00:00Z,15898.25,15900.0,15882.25,15885.75,0.0
2023-11-17T00:00:00Z,15885.75,15897.25,15882.75,15892.75,5763.0
2023-11-17T01:00:00Z,15891.75,15897.5,15887.5,15893.0,5092.0
2023-11-17T02:00:00Z,15892.75,15896.0,15886.5,15893.75,3423.0
2023-11-17T03:00:00Z,15893.5,15902.5,15893.5,15901.0,3767.0
2023-11-17T04:00:00Z,15901.5,15901.75,15892.0,15893.25,2938.0
2023-11-17T05:00:00Z,15893.5,15893.5,15876.75,15886.25,5709.0
2023-11-17T06:00:00Z,15886.0,15888.75,15881.25,15888.0,4304.0
2023-11-17T07:00:00Z,15888.0,15890.5,15875.0,15888.0,7291.0
2023-11-17T08:00:00Z,15888.5,15912.75,15882.25,15898.5,16832.0
2023-11-17T09:00:00Z,15905.0,15919.0,15891.75,15897.25,17765.0
2023-11-17T10:00:00Z,15896.75,15914.5,15893.0,15906.5,11589.0
2023-11-17T11:00:00Z,15906.5,15907.25,15880.75,15900.25,15709.0
2023-11-17T12:00:00Z,15900.25,15915.25,15893.0,15901.25,16688.0
2023-11-17T13:00:00Z,15901.0,15920.75,15883.5,15890.25,34450.0
2023-11-17T14:00:00Z,15889.75,15897.5,15831.5,15873.5,140630.0
2023-11-17T15:00:00Z,15873.25,15877.0,15827.0,15862.5,151270.0
2023-11-17T16:00:00Z,15863.25,15880.25,15824.5,15879.5,108384.0
2023-11-17T17:00:00Z,15879.75,15897.5,15863.5,15892.75,75215.0
2023-11-17T18:00:00Z,15893.25,15920.75,15886.75,15910.0,68225.0
2023-11-17T19:00:00Z,15910.25,15940.0,15897.0,15910.5,72137.0
2023-11-17T20:00:00Z,15910.75,15927.5,15870.5,15897.5,85239.0
2023-11-17T21:00:00Z,15897.5,15899.5,15873.5,15874.0,13861.0
2023-11-19T23:00:00Z,15891.25,15903.75,15848.0,15863.75,13323.0
2023-11-20T00:00:00Z,15864.25,15869.5,15855.5,15863.75,6758.0
2023-11-20T01:00:00Z,15863.75,15871.25,15855.25,15860.0,7040.0
2023-11-20T02:00:00Z,15860.5,15864.75,15856.25,15861.75,4733.0
2023-11-20T03:00:00Z,15862.0,15862.25,15851.25,15852.5,4211.0
2023-11-20T04:00:00Z,15852.25,15858.25,15851.75,15854.25,2694.0
2023-11-20T05:00:00Z,15854.0,15856.0,15837.5,15839.0,6430.0
2023-11-20T06:00:00Z,15839.0,15847.5,15838.25,15846.0,5776.0
2023-11-20T07:00:00Z,15846.5,15862.0,15843.5,15860.75,13809.0
2023-11-20T08:00:00Z,15861.0,15887.75,15861.0,15886.0,18976.0
2023-11-20T09:00:00Z,15895.2001953125,15929.0,15891.0,15928.5,22943.0
2023-11-20T10:00:00Z,15928.5,15931.75,15908.0,15915.75,14074.0
2023-11-20T11:00:00Z,15915.25,15929.25,15905.0,15919.5,14462.0
2023-11-20T12:00:00Z,15919.5,15924.25,15890.75,15895.25,18367.0
2023-11-20T13:00:00Z,15895.0,15919.75,15887.0,15912.75,28081.0
2023-11-20T14:00:00Z,15913.25,15997.0,15890.5,15996.25,151808.0
2023-11-20T15:00:00Z,15996.0,16003.0,15937.5,15999.5,153982.0
2023-11-20T16:00:00Z,15999.75,16021.25,15999.25,16013.25,86428.0
2023-11-20T17:00:00Z,16013.75,16032.0,16003.5,16011.5,53346.0
2023-11-20T18:00:00Z,16011.5,16075.75,16010.25,16070.5,86814.0
2023-11-20T19:00:00Z,16071.0,16098.0,16058.75,16094.5,55769.0
2023-11-20T20:00:00Z,16094.75,16116.75,16075.75,16088.75,75610.0
2023-11-20T21:00:00Z,16089.0,16090.0,16079.25,16090.0,14523.0
2023-11-20T23:00:00Z,16089.75,16102.25,16082.5,16100.75,0.0
2023-11-21T00:00:00Z,16100.75,16108.75,16093.0,16102.75,8011.0
2023-11-21T01:00:00Z,16102.75,16113.75,16098.0,16105.75,6986.0
2023-11-21T02:00:00Z,16105.75,16113.5,16103.0,16110.75,4369.0
2023-11-21T03:00:00Z,16110.75,16122.5,16109.0,16113.25,8595.0
2023-11-21T04:00:00Z,16113.5,16115.5,16106.25,16109.25,3447.0
2023-11-21T05:00:00Z,16109.0,16113.5,16101.0,16104.25,6101.0
2023-11-21T06:00:00Z,16104.0,16105.5,16089.25,16102.75,8109.0
2023-11-21T07:00:00Z,16103.0,16103.75,16078.75,16082.75,9787.0
2023-11-21T08:00:00Z,16082.75,16091.0,16073.0,16084.75,13616.0
2023-11-21T09:00:00Z,16084.75,16091.75,16071.25,16075.0,11369.0
2023-11-21T10:00:00Z,16074.75,16094.0,16070.25,16080.75,9189.0
2023-11-21T11:00:00Z,16081.0,16084.75,16057.25,16061.0,14036.0
2023-11-21T12:00:00Z,16061.5,16074.5,16038.5,16041.75,19369.0
2023-11-21T13:00:00Z,16041.75,16043.5,16004.0,16007.5,44878.0
2023-11-21T14:00:00Z,16007.75,16021.25,15980.5,15985.5,138216.0
2023-11-21T15:00:00Z,15985.25,16003.25,15917.0,15942.25,171980.0
2023-11-21T16:00:00Z,15942.25,15962.5,15926.25,15961.0,90074.0
2023-11-21T17:00:00Z,15961.0,15990.0,15953.5,15986.75,53329.0
2023-11-21T18:00:00Z,15986.75,15988.0,15942.0,15976.25,71880.0
2023-11-21T19:00:00Z,15977.25,15991.75,15958.0,15985.75,70376.0
2023-11-21T20:00:00Z,15986.0,16000.75,15973.0,15989.0,61178.0
2023-11-21T21:00:00Z,15989.0,16018.75,15912.0,15968.25,35957.0
2023-11-21T23:00:00Z,15970.0,15970.0,15942.5,15954.25,0.0
2023-11-22T00:00:00Z,15954.5,15966.0,15954.25,15965.25,8234.0
2023-11-22T01:00:00Z,15965.0,15973.0,15960.5,15968.0,5375.0
2023-11-22T02:00:00Z,15968.25,15984.0,15963.75,15978.5,6638.0
2023-11-22T03:00:00Z,15978.25,15982.0,15966.75,15970.0,4942.0
2023-11-22T04:00:00Z,15970.0,15971.5,15964.0,15971.0,4193.0
2023-11-22T05:00:00Z,15971.5,15977.75,15960.0,15961.25,6937.0
2023-11-22T06:00:00Z,15961.5,15963.5,15947.0,15957.5,8723.0
2023-11-22T07:00:00Z,15957.75,15961.0,15942.75,15957.75,9244.0
2023-11-22T08:00:00Z,15958.0,15981.75,15951.5,15959.75,16688.0
2023-11-22T09:00:00Z,15959.75,15988.75,15954.25,15984.75,16330.0
2023-11-22T10:00:00Z,15985.0,16028.25,15983.5,16027.5,20895.0
2023-11-22T11:00:00Z,16027.25,16041.75,16018.75,16029.75,19050.0
2023-11-22T12:00:00Z,16030.0,16060.75,16026.0,16047.25,25700.0
2023-11-22T13:00:00Z,16046.75,16070.0,16042.75,16065.0,45036.0
2023-11-22T14:00:00Z,16065.25,16173.25,16034.75,16065.25,225235.0
2023-11-22T15:00:00Z,16067.25,16099.0,16005.25,16039.75,234090.0
2023-11-22T16:00:00Z,16039.5,16085.5,16035.0,16083.25,107621.0
2023-11-22T17:00:00Z,16083.75,16101.75,16058.0,16072.0,79218.0
2023-11-22T18:00:00Z,16072.25,16104.75,16067.0,16090.0,55800.0
2023-11-22T19:00:00Z,16090.5,16100.25,16012.0,16055.5,86468.0
2023-11-22T20:00:00Z,16055.5,16063.5,16043.75,16047.5,60504.0
2023-11-22T21:00:00Z,16047.5,16052.25,16038.0,16045.0,10890.0
2023-11-22T23:00:00Z,16039.75,16046.25,16034.0,16045.75,0.0
2023-11-23T00:00:00Z,16045.75,16048.0,16038.75,16047.5,3298.0
2023-11-23T01:00:00Z,16047.0,16061.75,16045.5,16060.25,4223.0
2023-11-23T02:00:00Z,16060.25,16062.25,16052.0,16053.5,3315.0
2023-11-23T03:00:00Z,16053.25,16053.75,16046.25,16049.5,2573.0
2023-11-23T04:00:00Z,16049.75,16054.5,16046.5,16050.25,1856.0
2023-11-23T05:00:00Z,16049.25,16064.75,16049.25,16064.25,3158.0
2023-11-23T06:00:00Z,16064.25,16074.25,16062.75,16068.75,6537.0
2023-11-23T07:00:00Z,16068.75,16082.75,16068.5,16077.0,8447.0
2023-11-23T08:00:00Z,16077.0,16081.25,16062.25,16080.25,9938.0
2023-11-23T09:00:00Z,16079.75,16086.0,16068.5,16082.0,7718.0
2023-11-23T10:00:00Z,16081.5,16086.75,16064.75,16070.0,6339.0
2023-11-23T11:00:00Z,16071.2001953125,16078.0,16068.0,16072.25,6052.0
2023-11-23T12:00:00Z,16072.0,16077.75,16056.75,16060.0,8549.0
2023-11-23T13:00:00Z,16060.0,16068.25,16056.75,16067.25,8742.0
2023-11-23T14:00:00Z,16067.25,16072.0,16053.25,16056.25,21027.0
2023-11-23T15:00:00Z,16056.75,16074.5,16051.5,16073.5,15777.0
2023-11-23T16:00:00Z,16073.25,16074.25,16062.0,16063.0,9893.0
2023-11-23T17:00:00Z,16063.25,16066.75,16058.5,16062.25,5370.0
2023-11-23T23:00:00Z,16062.5,16076.25,16059.5,16064.5,3814.0
2023-11-24T00:00:00Z,16064.5,16070.75,16059.5,16069.25,3512.0
2023-11-24T01:00:00Z,16069.5,16070.5,16058.25,16066.5,3386.0
2023-11-24T02:00:00Z,16066.5,16067.75,16057.25,16065.5,3485.0
2023-11-24T03:00:00Z,16065.5,16068.75,16059.25,16062.75,2263.0
2023-11-24T04:00:00Z,16063.25,16063.75,16059.75,16061.5,1561.0
2023-11-24T14:30:00Z,16050.75,16053.25,16002.25,16025.75,103597.0
2023-11-24T15:30:00Z,16030.75,16037.25,15981.75,16003.25,98417.0
2023-11-24T16:30:00Z,16003.0,16025.0,15995.75,16018.75,52432.0
2023-11-24T17:30:00Z,16018.75,16023.25,16004.0,16022.5,30511.0
2023-11-24T18:00:00Z,16022.5,16026.0,16010.0,16021.0,3931.0
2023-11-26T23:00:00Z,16008.5,16010.0,15982.75,15986.25,9215.0
2023-11-27T00:00:00Z,15986.75,15987.25,15966.5,15969.0,10229.0
2023-11-27T01:00:00Z,15969.5,15986.25,15965.5,15970.5,10276.0
2023-11-27T02:00:00Z,15970.75,15971.75,15945.0,15948.0,11113.0
2023-11-27T03:00:00Z,15948.0,15948.75,15938.75,15945.5,8204.0
2023-11-27T04:00:00Z,15945.75,15951.0,15944.5,15947.0,3694.0
2023-11-27T05:00:00Z,15947.5,15953.25,15940.0,15941.25,7665.0
2023-11-27T06:00:00Z,15941.5,15958.25,15941.0,15956.0,6610.0
2023-11-27T07:00:00Z,15956.0,15987.5,15956.0,15984.5,13266.0
2023-11-27T08:00:00Z,15984.5,15999.5,15979.75,15994.0,12208.0
2023-11-27T09:00:00Z,15991.7998046875,16000.5,15971.25,15974.5,12244.0
2023-11-27T10:00:00Z,15974.75,16011.25,15973.75,16010.0,14675.0
2023-11-27T11:00:00Z,16009.75,16013.0,15994.5,16003.25,10944.0
2023-11-27T12:00:00Z,16002.75,16018.5,15997.5,16004.5,15796.0
2023-11-27T13:00:00Z,16004.5,16021.75,15996.25,16000.25,27432.0
2023-11-27T14:00:00Z,16000.5,16037.25,15970.25,16008.25,152988.0
2023-11-27T15:00:00Z,16008.25,16051.5,15999.25,16040.75,167979.0
2023-11-27T16:00:00Z,16040.75,16066.25,16006.5,16054.25,119862.0
2023-11-27T17:00:00Z,16054.0,16075.5,16047.25,16073.0,60599.0
2023-11-27T18:00:00Z,16072.75,16089.0,16044.5,16053.25,74569.0
2023-11-27T19:00:00Z,16053.0,16058.0,15997.75,16025.25,74282.0
2023-11-27T20:00:00Z,16025.25,16047.5,15999.75,16007.25,73591.0
2023-11-27T21:00:00Z,16007.5,16010.5,16002.75,16003.5,12769.0
2023-11-27T23:00:00Z,16004.0,16012.25,16002.0,16009.75,0.0
2023-11-28T00:00:00Z,16010.0,16010.25,15986.75,16004.5,11057.0
2023-11-28T01:00:00Z,16004.5,16010.0,15994.0,16006.75,7929.0
2023-11-28T02:00:00Z,16006.25,16014.0,16006.25,16007.5,4724.0
2023-11-28T03:00:00Z,16007.5,16008.75,15993.25,15994.25,6198.0
2023-11-28T04:00:00Z,15994.5,15997.25,15991.0,15997.0,3875.0
2023-11-28T05:00:00Z,15997.25,16006.75,15992.0,16003.0,6214.0
2023-11-28T06:00:00Z,16002.25,16013.0,16002.0,16009.0,6670.0
2023-11-28T07:00:00Z,16008.5,16009.25,15958.75,15971.0,21269.0
2023-11-28T08:00:00Z,15970.5,15977.0,15949.75,15971.25,21705.0
2023-11-28T09:00:00Z,15971.75,15991.0,15966.5,15989.5,13419.0
2023-11-28T10:00:00Z,15990.0,16001.75,15982.5,16001.25,11188.0
2023-11-28T11:00:00Z,16009.5,16010.5,15989.75,15990.25,13426.0
2023-11-28T12:00:00Z,15990.5,15999.25,15968.0,15971.0,16880.0
2023-11-28T13:00:00Z,15971.0,15987.0,15945.0,15986.25,42215.0
2023-11-28T14:00:00Z,15986.5,16007.25,15958.25,15966.75,150297.0
2023-11-28T15:00:00Z,15967.25,16047.75,15964.75,16012.5,209926.0
2023-11-28T16:00:00Z,16013.0,16071.5,16001.25,16055.0,124595.0
2023-11-28T17:00:00Z,16055.0,16059.0,16007.5,16023.25,83183.0
2023-11-28T18:00:00Z,16023.5,16024.5,15968.75,16002.25,110835.0
2023-11-28T19:00:00Z,16002.75,16027.75,15985.5,16021.25,78488.0
2023-11-28T20:00:00Z,16021.75,16052.25,15990.0,16047.75,75488.0
2023-11-28T21:00:00Z,16047.5,16058.5,16045.5,16051.75,12907.0
2023-11-28T23:00:00Z,16054.75,16057.75,16040.5,16053.25,0.0
2023-11-29T00:00:00Z,16053.0,16069.75,16048.25,16066.5,8423.0
2023-11-29T01:00:00Z,16066.25,16086.5,16065.25,16072.75,14009.0
2023-11-29T02:00:00Z,16072.5,16079.5,16065.25,16067.5,6211.0
2023-11-29T03:00:00Z,16067.25,16074.0,16059.0,16072.25,5786.0
2023-11-29T04:00:00Z,16072.5,16076.75,16070.75,16075.5,3533.0
2023-11-29T05:00:00Z,16075.5,16079.0,16064.5,16070.75,5803.0
2023-11-29T06:00:00Z,16070.5,16078.25,16062.75,16074.25,7037.0
2023-11-29T07:00:00Z,16074.25,16075.0,16056.25,16059.25,7987.0
2023-11-29T08:00:00Z,16059.25,16099.75,16056.0,16085.0,21556.0
2023-11-29T09:00:00Z,16086.5,16123.0,16080.75,16114.75,22154.0
2023-11-29T10:00:00Z,16115.25,16125.5,16113.25,16120.0,9925.0
2023-11-29T11:00:00Z,16117.2001953125,16138.75,16111.75,16130.75,15117.0
2023-11-29T12:00:00Z,16130.75,16145.0,16122.5,16145.0,18639.0
2023-11-29T13:00:00Z,16144.75,16173.0,16138.0,16145.5,44659.0
2023-11-29T14:00:00Z,16145.5,16207.75,16137.0,16194.5,144752.0
2023-11-29T15:00:00Z,16195.0,16203.75,16085.0,16119.75,227236.0
2023-11-29T16:00:00Z,16119.75,16121.75,16032.0,16067.0,143949.0
2023-11-29T17:00:00Z,16067.25,16096.5,16053.5,16091.25,67494.0
2023-11-29T18:00:00Z,16091.25,16100.0,16057.5,16076.0,74262.0
2023-11-29T19:00:00Z,16076.25,16084.75,16035.5,16064.25,81706.0
2023-11-29T20:00:00Z,16064.5,16066.0,16013.5,16025.25,86774.0
2023-11-29T21:00:00Z,16025.75,16055.5,16025.5,16041.25,17164.0
2023-11-29T23:00:00Z,16041.5,16050.25,16037.0,16047.0,0.0
2023-11-30T00:00:00Z,16047.25,16057.75,16040.75,16050.0,6438.0
2023-11-30T01:00:00Z,16050.0,16052.5,16035.25,16042.5,10362.0
2023-11-30T02:00:00Z,16042.75,16056.75,16039.5,16056.0,6151.0
2023-11-30T03:00:00Z,16056.25,16056.25,16046.75,16052.5,3825.0
2023-11-30T04:00:00Z,16052.5,16057.25,16049.25,16054.75,3016.0
2023-11-30T05:00:00Z,16055.0,16064.25,16054.25,16063.25,5165.0
2023-11-30T06:00:00Z,16063.25,16067.75,16057.5,16059.0,5754.0
2023-11-30T07:00:00Z,16059.0,16068.75,16054.5,16068.25,9332.0
2023-11-30T08:00:00Z,16068.25,16072.75,16031.5,16036.5,20710.0
2023-11-30T09:00:00Z,16036.25,16060.5,16036.25,16053.25,17199.0
2023-11-30T10:00:00Z,16053.5,16068.0,16047.0,16065.0,8756.0
2023-11-30T11:00:00Z,16059.7998046875,16065.25,16049.5,16051.25,8416.0
2023-11-30T12:00:00Z,16051.75,16078.25,16051.0,16074.25,16254.0
2023-11-30T13:00:00Z,16074.0,16098.0,16048.75,16050.5,62593.0
2023-11-30T14:00:00Z,16050.5,16051.5,15947.5,15976.25,198971.0
2023-11-30T15:00:00Z,15976.0,15999.0,15882.0,15919.5,238884.0
2023-11-30T16:00:00Z,15919.25,15930.75,15865.25,15866.5,135628.0
2023-11-30T17:00:00Z,15867.0,15912.0,15860.75,15904.5,84362.0
2023-11-30T18:00:00Z,15904.25,15904.5,15855.75,15875.5,75500.0
2023-11-30T19:00:00Z,15876.0,15929.25,15874.25,15924.75,72110.0
2023-11-30T20:00:00Z,15925.0,15991.5,15870.75,15980.75,123892.0
2023-11-30T21:00:00Z,15980.75,15985.0,15956.75,15957.25,22374.0
2023-11-30T23:00:00Z,15955.0,15966.75,15950.0,15964.5,0.0
2023-12-01T00:00:00Z,15963.75,15964.5,15955.25,15958.75,4607.0
2023-12-01T01:00:00Z,15958.5,15962.5,15951.25,15953.5,6687.0
2023-12-01T02:00:00Z,15953.75,15970.75,15951.75,15963.0,5387.0
2023-12-01T03:00:00Z,15963.25,15964.5,15947.0,15952.75,5227.0
2023-12-01T04:00:00Z,15952.75,15956.25,15951.25,15955.25,2212.0
2023-12-01T05:00:00Z,15955.25,15962.5,15949.0,15956.25,6696.0
2023-12-01T06:00:00Z,15956.0,15964.5,15951.5,15955.0,5082.0
2023-12-01T07:00:00Z,15955.5,15960.0,15945.75,15948.0,6420.0
2023-12-01T08:00:00Z,15947.5,15985.0,15947.0,15983.25,14758.0
2023-12-01T09:00:00Z,15979.0,16000.75,15978.0,15983.25,16736.0
2023-12-01T10:00:00Z,15983.25,15987.25,15968.5,15970.25,10321.0
2023-12-01T11:00:00Z,15967.7998046875,15976.0,15957.0,15962.25,13734.0
2023-12-01T12:00:00Z,15962.25,15963.0,15919.25,15924.5,27166.0
2023-12-01T13:00:00Z,15924.5,15948.0,15923.0,15930.5,32265.0
2023-12-01T14:00:00Z,15930.5,15943.25,15875.5,15912.25,165058.0
2023-12-01T15:00:00Z,15914.75,15963.75,15864.5,15915.5,218795.0
2023-12-01T16:00:00Z,15915.5,16018.0,15883.0,15993.75,238142.0
2023-12-01T17:00:00Z,15993.75,16050.0,15982.75,16038.25,110429.0
2023-12-01T18:00:00Z,16038.5,16042.25,15986.25,15994.75,80908.0
2023-12-01T19:00:00Z,15994.75,16032.0,15989.25,16031.5,58945.0
2023-12-01T20:00:00Z,16031.25,16037.75,16002.25,16025.25,70350.0
2023-12-01T21:00:00Z,16025.0,16037.75,16010.25,16033.5,17239.0
2023-12-03T23:00:00Z,16021.75,16027.0,15988.25,15992.0,12372.0
2023-12-04T00:00:00Z,15991.75,15992.75,15972.75,15976.25,10791.0
2023-12-04T01:00:00Z,15976.5,15987.0,15975.0,15985.25,7440.0
2023-12-04T02:00:00Z,15985.0,15985.25,15973.5,15977.0,5217.0
2023-12-04T03:00:00Z,15976.75,15978.0,15966.5,15971.5,5324.0
2023-12-04T04:00:00Z,15971.5,15985.5,15970.0,15982.0,5559.0
2023-12-04T05:00:00Z,15980.75,15981.25,15963.5,15964.25,5346.0
2023-12-04T06:00:00Z,15964.5,15975.25,15961.25,15967.75,6794.0
2023-12-04T07:00:00Z,15968.0,15975.75,15948.0,15950.25,9995.0
2023-12-04T08:00:00Z,15950.25,16003.25,15943.75,15987.25,23501.0
2023-12-04T09:00:00Z,15987.5,15992.75,15957.75,15969.75,15859.0
2023-12-04T10:00:00Z,15970.0,15977.25,15957.0,15967.0,9532.0
2023-12-04T11:00:00Z,15966.75,15972.5,15941.25,15946.75,12166.0
2023-12-04T12:00:00Z,15946.5,15967.5,15929.75,15962.75,20040.0
2023-12-04T13:00:00Z,15963.25,15968.0,15903.0,15906.25,37297.0
2023-12-04T14:00:00Z,15906.25,15908.25,15822.75,15839.25,179458.0
2023-12-04T15:00:00Z,15839.0,15871.5,15721.25,15737.5,232871.0
2023-12-04T16:00:00Z,15737.5,15830.5,15728.75,15826.25,118676.0
2023-12-04T17:00:00Z,15826.25,15868.25,15817.25,15863.25,97151.0
2023-12-04T18:00:00Z,15863.5,15864.5,15817.0,15823.0,74210.0
2023-12-04T19:00:00Z,15822.75,15841.75,15796.0,15826.25,84610.0
2023-12-04T20:00:00Z,15826.5,15885.25,15807.75,15871.0,97848.0
2023-12-04T21:00:00Z,15871.0,15874.0,15852.75,15857.5,14899.0
2023-12-04T23:00:00Z,15860.75,15862.5,15845.0,15849.5,0.0
2023-12-05T00:00:00Z,15850.0,15853.5,15840.75,15844.25,4896.0
2023-12-05T01:00:00Z,15845.0,15848.5,15831.75,15842.25,6756.0
2023-12-05T02:00:00Z,15842.0,15842.75,15828.5,15834.0,6332.0
2023-12-05T03:00:00Z,15834.25,15838.75,15828.25,15836.75,3864.0
2023-12-05T04:00:00Z,15836.75,15841.0,15828.0,15828.5,3295.0
2023-12-05T05:00:00Z,15828.0,15830.75,15821.75,15827.25,5434.0
2023-12-05T06:00:00Z,15827.25,15827.25,15792.25,15796.75,8903.0
2023-12-05T07:00:00Z,15796.25,15796.5,15761.25,15768.75,17455.0
2023-12-05T08:00:00Z,15768.75,15805.0,15768.75,15800.75,20556.0
2023-12-05T09:00:00Z,15800.75,15815.0,15792.5,15800.0,15349.0
2023-12-05T10:00:00Z,15800.0,15800.5,15764.5,15768.75,17561.0
2023-12-05T11:00:00Z,15780.2001953125,15795.0,15761.75,15766.0,21885.0
2023-12-05T12:00:00Z,15766.0,15794.75,15764.0,15781.25,23649.0
2023-12-05T13:00:00Z,15781.0,15817.25,15778.5,15798.0,37640.0
2023-12-05T14:00:00Z,15798.0,15864.0,15768.75,15854.25,156884.0
2023-12-05T15:00:00Z,15854.0,15960.5,15850.75,15951.0,267370.0
2023-12-05T16:00:00Z,15951.5,15961.75,15832.25,15868.25,169890.0
2023-12-05T17:00:00Z,15868.5,15897.75,15827.5,15872.75,114725.0
2023-12-05T18:00:00Z,15872.75,15892.0,15855.0,15873.0,87177.0
2023-12-05T19:00:00Z,15873.0,15904.0,15857.5,15898.25,73117.0
2023-12-05T20:00:00Z,15898.75,15913.0,15883.25,15911.75,69688.0
2023-12-05T21:00:00Z,15911.75,15926.0,15898.0,15900.5,14661.0
2023-12-05T23:00:00Z,15898.75,15929.75,15891.0,15928.0,0.0
2023-12-06T00:00:00Z,15928.0,15966.25,15927.25,15964.25,17190.0
2023-12-06T01:00:00Z,15964.5,15980.0,15963.25,15975.5,12952.0
2023-12-06T02:00:00Z,15975.75,15983.0,15966.25,15972.0,7652.0
2023-12-06T03:00:00Z,15972.0,15988.75,15971.5,15976.75,6813.0
2023-12-06T04:00:00Z,15976.75,15980.0,15972.5,15979.75,3644.0
2023-12-06T05:00:00Z,15979.5,15988.0,15971.0,15976.5,7563.0
2023-12-06T06:00:00Z,15976.75,15981.5,15967.75,15970.5,6132.0
2023-12-06T07:00:00Z,15970.5,15975.25,15953.25,15973.25,11204.0
2023-12-06T08:00:00Z,15974.0,15988.0,15956.75,15962.25,19264.0
2023-12-06T09:00:00Z,15961.75,15978.75,15942.75,15956.75,16120.0
2023-12-06T10:00:00Z,15956.5,15969.75,15948.75,15969.0,9595.0
2023-12-06T11:00:00Z,15967.2001953125,15969.0,15932.5,15943.75,18271.0
2023-12-06T12:00:00Z,15943.75,15946.75,15921.5,15941.25,21132.0
2023-12-06T13:00:00Z,15941.0,16017.25,15932.5,16013.25,62300.0
2023-12-06T14:00:00Z,16013.25,16039.0,15936.5,15948.75,191150.0
2023-12-06T15:00:00Z,15948.75,15972.5,15876.0,15935.25,218427.0
2023-12-06T16:00:00Z,15935.25,15949.75,15863.5,15916.25,156394.0
2023-12-06T17:00:00Z,15916.75,15924.5,15864.5,15868.25,95829.0
2023-12-06T18:00:00Z,15868.75,15888.5,15844.5,15884.5,81597.0
2023-12-06T19:00:00Z,15884.5,15888.25,15856.75,15867.25,60537.0
2023-12-06T20:00:00Z,15867.25,15873.0,15802.0,15815.0,103029.0
2023-12-06T21:00:00Z,15815.0,15821.75,15809.25,15814.0,16136.0
2023-12-06T23:00:00Z,15816.25,15825.5,15800.0,15816.5,0.0
2023-12-07T00:00:00Z,15816.5,15825.0,15807.75,15815.0,6899.0
2023-12-07T01:00:00Z,15815.5,15823.25,15800.0,15804.0,7731.0
2023-12-07T02:00:00Z,15803.75,15815.0,15803.0,15810.0,4826.0
2023-12-07T03:00:00Z,15810.25,15819.75,15804.0,15812.75,6034.0
2023-12-07T04:00:00Z,15812.75,15817.25,15810.75,15814.75,3145.0
2023-12-07T05:00:00Z,15813.25,15814.5,15792.25,15799.5,8357.0
2023-12-07T06:00:00Z,15799.75,15809.0,15792.5,15794.5,6436.0
2023-12-07T07:00:00Z,15795.0,15815.75,15791.25,15814.75,9864.0
2023-12-07T08:00:00Z,15814.5,15836.75,15814.25,15821.0,16600.0
2023-12-07T09:00:00Z,15832.7998046875,15852.0,15803.0,15844.75,22706.0
2023-12-07T10:00:00Z,15844.5,15851.5,15834.75,15848.0,11487.0
2023-12-07T11:00:00Z,15846.75,15857.5,15835.75,15851.75,12041.0
2023-12-07T12:00:00Z,15851.75,15861.0,15838.75,15859.0,14296.0
2023-12-07T13:00:00Z,15859.25,15916.25,15849.0,15909.5,51466.0
2023-12-07T14:00:00Z,15909.75,15982.0,15888.0,15907.0,212937.0
2023-12-07T15:00:00Z,15907.25,16007.5,15904.0,15997.5,189021.0
2023-12-07T16:00:00Z,15997.75,16028.0,15930.75,16026.75,157725.0
2023-12-07T17:00:00Z,16026.75,16056.25,16010.0,16033.5,91338.0
2023-12-07T18:00:00Z,16033.75,16052.5,16016.25,16033.25,61937.0
2023-12-07T19:00:00Z,16033.75,16065.75,16022.0,16023.25,65806.0
2023-12-07T20:00:00Z,16023.75,16051.0,16019.25,16035.75,67425.0
2023-12-07T21:00:00Z,16035.75,16035.75,16005.5,16016.0,19277.0
2023-12-07T23:00:00Z,16018.5,16038.75,16016.0,16020.0,0.0
2023-12-08T00:00:00Z,16019.75,16030.75,16018.75,16023.25,6724.0
2023-12-08T01:00:00Z,16023.0,16024.75,16006.75,16011.0,7597.0
2023-12-08T02:00:00Z,16011.25,16021.75,16010.5,16018.0,3513.0
2023-12-08T03:00:00Z,16018.0,16026.5,16014.75,16025.5,3430.0
2023-12-08T04:00:00Z,16025.75,16030.0,16022.5,16026.0,2354.0
2023-12-08T05:00:00Z,16026.75,16028.5,16015.25,16017.75,4077.0
2023-12-08T06:00:00Z,16017.25,16019.75,16009.75,16012.5,3041.0
2023-12-08T07:00:00Z,16013.0,16013.0,15993.25,15997.0,7037.0
2023-12-08T08:00:00Z,15997.25,16010.0,15988.25,16003.25,10120.0
2023-12-08T09:00:00Z,16011.0,16028.75,16009.0,16027.5,9732.0
2023-12-08T10:00:00Z,16027.5,16038.75,16018.75,16036.75,8320.0
2023-12-08T11:00:00Z,16031.0,16034.25,15991.5,15998.25,12259.0
2023-12-08T12:00:00Z,15998.25,16002.75,15970.5,15988.5,22758.0
2023-12-08T13:00:00Z,15989.0,15998.25,15890.0,15965.25,85786.0
2023-12-08T14:00:00Z,15965.75,16026.25,15937.75,15998.25,180541.0
2023-12-08T15:00:00Z,15998.5,16113.25,15998.5,16106.0,247614.0
2023-12-08T16:00:00Z,16105.75,16112.0,16009.75,16026.5,151889.0
2023-12-08T17:00:00Z,16027.75,16070.25,15989.75,16067.75,95234.0
2023-12-08T18:00:00Z,16067.25,16087.75,16058.75,16086.25,57445.0
2023-12-08T19:00:00Z,16086.5,16119.0,16080.75,16113.75,47045.0
2023-12-08T20:00:00Z,16113.5,16117.5,16088.0,16098.75,59464.0
2023-12-08T21:00:00Z,16098.75,16099.25,16086.25,16092.0,11636.0
2023-12-10T23:00:00Z,16092.0,16114.0,16082.0,16104.5,10758.0
2023-12-11T00:00:00Z,16104.0,16109.75,16068.75,16076.0,10183.0
2023-12-11T01:00:00Z,16075.75,16077.25,16062.0,16069.0,7634.0
2023-12-11T02:00:00Z,16067.75,16077.75,16052.0,16053.5,5564.0
2023-12-11T03:00:00Z,16054.25,16060.5,16048.0,16057.25,3343.0
2023-12-11T04:00:00Z,16057.25,16060.75,16050.0,16053.5,2230.0
2023-12-11T05:00:00Z,16053.25,16064.75,16049.0,16062.5,3508.0
2023-12-11T06:00:00Z,16062.25,16077.5,16059.5,16060.0,6231.0
2023-12-11T07:00:00Z,16059.75,16069.0,16052.25,16063.5,6464.0
2023-12-11T08:00:00Z,16063.25,16076.75,16057.0,16063.5,8387.0
2023-12-11T09:00:00Z,16063.25,16091.0,16060.25,16070.75,8330.0
2023-12-11T10:00:00Z,16071.0,16084.75,16065.25,16066.0,6690.0
2023-12-11T11:00:00Z,16064.0,16073.0,16044.5,16070.0,10827.0
2023-12-11T12:00:00Z,16070.75,16085.75,16065.25,16078.5,9581.0
2023-12-11T13:00:00Z,16078.25,16085.0,16058.0,16080.0,16372.0
2023-12-11T14:00:00Z,16080.5,16164.0,16068.5,16160.0,98573.0
2023-12-11T15:00:00Z,16160.75,16199.5,16135.25,16176.75,83375.0
2023-12-11T16:00:00Z,16177.0,16187.75,16121.5,16162.0,74329.0
2023-12-11T17:00:00Z,16162.0,16204.25,16146.75,16200.75,33322.0
2023-12-11T18:00:00Z,16201.75,16244.0,16184.5,16235.0,32917.0
2023-12-11T19:00:00Z,16234.75,16246.25,16215.75,16223.5,21108.0
2023-12-11T20:00:00Z,16223.5,16239.5,16210.0,16234.0,30313.0
2023-12-11T21:00:00Z,16234.25,16249.75,16228.5,16245.0,7794.0
2023-12-11T23:00:00Z,16238.25,16243.0,16229.0,16241.25,0.0
2023-12-12T00:00:00Z,16241.5,16272.0,16240.25,16256.75,7562.0
2023-12-12T01:00:00Z,16256.5,16259.75,16244.5,16250.0,3970.0
2023-12-12T02:00:00Z,16249.5,16257.5,16248.0,16254.25,2311.0
2023-12-12T03:00:00Z,16254.5,16261.5,16251.25,16254.0,2284.0
2023-12-12T04:00:00Z,16254.25,16258.75,16251.25,16255.25,1480.0
2023-12-12T05:00:00Z,16254.5,16267.0,16254.0,16263.0,1950.0
2023-12-12T06:00:00Z,16263.25,16266.0,16257.25,16262.25,2302.0
2023-12-12T07:00:00Z,16262.0,16269.5,16259.0,16262.0,2997.0
2023-12-12T08:00:00Z,16262.0,16474.0,16257.75,16469.5,11625.0
2023-12-12T09:00:00Z,16257.75,16481.5,16252.5,16480.0,5863.0
2023-12-12T10:00:00Z,16269.0,16480.0,16252.75,16466.75,4899.0
2023-12-12T11:00:00Z,16468.80078125,16475.75,16253.0,16465.25,4177.0
2023-12-12T12:00:00Z,16254.5,16495.5,16254.0,16280.0,1581.0
2023-12-12T13:00:00Z,16492.25,16546.75,16232.5,16240.5,40453.0
2023-12-12T14:00:00Z,16241.5,16468.0,16185.0,16467.0,140437.0
2023-12-12T15:00:00Z,16467.25,16498.5,16242.75,16496.75,93784.0
2023-12-12T16:00:00Z,16497.0,16516.25,16270.0,16485.5,58148.0
2023-12-12T17:00:00Z,16275.0,16503.25,16254.25,16497.5,42470.0
2023-12-12T18:00:00Z,16286.0,16534.5,16279.5,16530.25,40848.0
2023-12-12T19:00:00Z,16530.25,16550.5,16310.75,16547.75,26095.0
2023-12-12T20:00:00Z,16336.5,16579.5,16331.25,16577.25,44463.0
2023-12-12T21:00:00Z,16577.25,16600.25,16573.5,16596.25,12873.0
2023-12-12T23:00:00Z,16597.5,16613.5,16589.5,16609.5,0.0
2023-12-13T00:00:00Z,16609.25,16611.0,16597.75,16604.75,4291.0
2023-12-13T01:00:00Z,16604.75,16608.75,16598.75,16604.0,4324.0
2023-12-13T02:00:00Z,16603.75,16608.0,16599.25,16602.5,2779.0
2023-12-13T03:00:00Z,16602.5,16603.75,16598.25,16602.5,1794.0
2023-12-13T04:00:00Z,16602.0,16607.25,16599.0,16605.5,3577.0
2023-12-13T05:00:00Z,16606.25,16610.5,16599.25,16604.5,4006.0
2023-12-13T06:00:00Z,16604.0,16607.5,16594.25,16596.75,3777.0
2023-12-13T07:00:00Z,16596.25,16615.75,16592.75,16607.0,6589.0
2023-12-13T08:00:00Z,16606.5,16618.0,16595.5,16608.5,8586.0
2023-12-13T09:00:00Z,16608.5,16609.5,16598.5,16601.25,5098.0
2023-12-13T10:00:00Z,16600.75,16605.5,16594.25,16599.5,4982.0
2023-12-13T11:00:00Z,16599.5,16615.0,16596.75,16611.5,6647.0
2023-12-13T12:00:00Z,16611.25,16616.5,16603.25,16607.0,7444.0
2023-12-13T13:00:00Z,16607.25,16631.75,16604.25,16630.0,26512.0
2023-12-13T14:00:00Z,16629.75,16657.25,16596.75,16610.5,119313.0
2023-12-13T15:00:00Z,16610.75,16647.75,16603.25,16629.25,88847.0
2023-12-13T16:00:00Z,16629.0,16640.25,16597.0,16601.5,61329.0
2023-12-13T17:00:00Z,16602.0,16612.25,16587.75,16593.0,39952.0
2023-12-13T18:00:00Z,16593.0,16605.0,16576.0,16590.25,31472.0
2023-12-13T19:00:00Z,16595.5,16792.0,16590.25,16773.25,178400.0
2023-12-13T20:00:00Z,16773.0,16806.0,16682.0,16779.75,148196.0
2023-12-13T21:00:00Z,16779.25,16786.0,16754.0,16761.0,19936.0
2023-12-13T23:00:00Z,16774.0,16817.25,16774.0,16816.0,0.0
2023-12-14T00:00:00Z,16816.25,16860.75,16815.25,16859.75,19733.0
2023-12-14T01:00:00Z,16859.75,16882.0,16856.75,16878.0,14435.0
2023-12-14T02:00:00Z,16878.75,16885.25,16863.5,16868.75,10336.0
2023-12-14T03:00:00Z,16869.0,16874.5,16850.5,16860.5,9672.0
2023-12-14T04:00:00Z,16860.5,16875.0,16858.5,16873.5,6108.0
2023-12-14T05:00:00Z,16875.0,16875.25,16866.75,16871.5,4790.0
2023-12-14T06:00:00Z,16871.75,16883.75,16868.25,16877.75,7544.0
2023-12-14T07:00:00Z,16877.5,16877.5,16850.5,16851.0,11253.0
2023-12-14T08:00:00Z,16851.25,16877.5,16843.75,16854.0,18938.0
2023-12-14T09:00:00Z,16829.80078125,16843.0,16820.25,16831.0,19519.0
2023-12-14T10:00:00Z,16831.25,16856.25,16823.25,16845.25,11499.0
2023-12-14T11:00:00Z,16838.19921875,16852.0,16825.0,16830.5,12727.0
2023-12-14T12:00:00Z,16830.75,16854.0,16830.5,16840.25,14139.0
2023-12-14T13:00:00Z,16840.0,16854.75,16807.0,16853.0,49454.0
2023-12-14T14:00:00Z,16853.25,16877.25,16811.5,16849.25,169351.0
2023-12-14T15:00:00Z,16849.0,16850.75,16766.5,16812.5,217152.0
2023-12-14T16:00:00Z,16812.75,16817.25,16742.5,16779.25,119152.0
2023-12-14T17:00:00Z,16779.5,16818.0,16733.75,16735.0,82841.0
2023-12-14T18:00:00Z,16735.75,16735.75,16627.25,16667.75,125921.0
2023-12-14T19:00:00Z,16667.75,16742.0,16666.5,16738.0,81669.0
2023-12-14T20:00:00Z,16737.5,16758.0,16728.25,16755.75,69659.0
2023-12-14T21:00:00Z,16755.5,16766.25,16739.75,16744.0,15684.0
2023-12-14T23:00:00Z,16740.0,16763.5,16732.25,16760.5,0.0
2023-12-15T00:00:00Z,16760.25,16774.75,16755.0,16760.0,8948.0
2023-12-15T01:00:00Z,16760.0,16766.5,16747.0,16761.0,8321.0
2023-12-15T02:00:00Z,16761.25,16772.25,16759.5,16768.25,4929.0
2023-12-15T03:00:00Z,16768.25,16778.5,16765.5,16778.0,4120.0
2023-12-15T04:00:00Z,16778.5,16780.75,16774.25,16777.25,3459.0
2023-12-15T05:00:00Z,16778.0,16781.5,16766.0,16776.5,6387.0
2023-12-15T06:00:00Z,16775.75,16776.0,16768.25,16771.0,4423.0
2023-12-15T07:00:00Z,16771.5,16802.5,16770.25,16798.75,8639.0
2023-12-15T08:00:00Z,16798.75,16802.25,16782.25,16798.25,12167.0
2023-12-15T09:00:00Z,16798.0,16810.0,16791.0,16808.0,11456.0
2023-12-15T10:00:00Z,16808.0,16813.25,16793.5,16798.0,10232.0
2023-12-15T11:00:00Z,16795.19921875,16813.75,16793.75,16806.5,9698.0
2023-12-15T12:00:00Z,16806.75,16812.5,16791.5,16796.5,12218.0
2023-12-15T13:00:00Z,16796.5,16812.25,16756.5,16788.25,46013.0
2023-12-15T14:00:00Z,16788.5,16847.0,16757.0,16822.0,176169.0
2023-12-15T15:00:00Z,16822.75,16876.75,16809.75,16858.5,133428.0
2023-12-15T16:00:00Z,16859.25,16887.25,16838.0,16864.0,95710.0
2023-12-15T17:00:00Z,16864.0,16870.75,16798.5,16802.5,84660.0
2023-12-15T18:00:00Z,16802.75,16842.0,16762.75,16780.25,107328.0
2023-12-15T19:00:00Z,16780.25,16829.25,16770.25,16814.0,70192.0
2023-12-15T20:00:00Z,16813.75,16868.0,16806.5,16819.0,84203.0
2023-12-15T21:00:00Z,16819.25,16832.75,16813.5,16815.0,16494.0
2023-12-17T23:00:00Z,16820.25,16838.0,16802.25,16823.75,9959.0
2023-12-18T00:00:00Z,16823.75,16838.5,16821.25,16825.5,10582.0
2023-12-18T01:00:00Z,16825.75,16832.0,16819.75,16828.5,6380.0
2023-12-18T02:00:00Z,16828.75,16843.5,16826.75,16840.25,4564.0
2023-12-18T03:00:00Z,16840.25,16845.5,16835.75,16842.25,4002.0
2023-12-18T04:00:00Z,16841.75,16853.25,16838.75,16853.0,4262.0
2023-12-18T05:00:00Z,16852.5,16858.75,16850.75,16853.0,3735.0
2023-12-18T06:00:00Z,16853.25,16858.75,16842.0,16844.0,5257.0
2023-12-18T07:00:00Z,16844.25,16855.5,16836.0,16839.25,7801.0
2023-12-18T08:00:00Z,16839.5,16844.75,16808.25,16843.75,18621.0
2023-12-18T09:00:00Z,16846.5,16854.25,16840.5,16841.75,13011.0
2023-12-18T10:00:00Z,16842.25,16855.0,16835.0,16836.0,9257.0
2023-12-18T11:00:00Z,16836.25,16841.75,16816.5,16823.0,11963.0
2023-12-18T12:00:00Z,16822.75,16842.5,16818.5,16840.75,13731.0
2023-12-18T13:00:00Z,16841.0,16855.0,16830.5,16853.5,23870.0
2023-12-18T14:00:00Z,16853.75,16883.0,16832.0,16878.5,129134.0
2023-12-18T15:00:00Z,16878.75,16906.5,16866.75,16869.0,127149.0
2023-12-18T16:00:00Z,16869.0,16914.5,16855.75,16904.5,88223.0
2023-12-18T17:00:00Z,16905.0,16938.25,16904.75,16932.0,53799.0
2023-12-18T18:00:00Z,16932.25,16957.0,16920.75,16954.0,45751.0
2023-12-18T19:00:00Z,16954.5,16974.25,16947.75,16961.0,59705.0
2023-12-18T20:00:00Z,16961.0,16972.5,16937.5,16938.0,61657.0
2023-12-18T21:00:00Z,16938.25,16938.5,16912.75,16920.0,19749.0
2023-12-18T23:00:00Z,16920.0,16928.75,16916.25,16924.25,0.0
2023-12-19T00:00:00Z,16924.0,16926.5,16917.0,16922.5,3283.0
2023-12-19T01:00:00Z,16922.25,16924.0,16911.0,16922.25,5224.0
2023-12-19T02:00:00Z,16922.5,16935.0,16920.5,16924.75,8720.0
2023-12-19T03:00:00Z,16925.5,16938.5,16924.75,16930.0,5725.0
2023-12-19T04:00:00Z,16929.75,16934.25,16920.0,16929.25,3794.0
2023-12-19T05:00:00Z,16928.25,16933.75,16927.5,16931.25,2903.0
2023-12-19T06:00:00Z,16931.5,16934.5,16917.0,16925.0,6612.0
2023-12-19T07:00:00Z,16924.75,16934.5,16920.0,16924.0,7059.0
2023-12-19T08:00:00Z,16924.25,16948.5,16924.25,16940.75,10658.0
2023-12-19T09:00:00Z,16940.5,16950.75,16935.75,16943.75,8080.0
2023-12-19T10:00:00Z,16943.75,16948.75,16940.75,16942.5,4773.0
2023-12-19T11:00:00Z,16945.19921875,16963.5,16938.25,16954.75,11956.0
2023-12-19T12:00:00Z,16954.5,16989.25,16949.5,16971.25,23648.0
2023-12-19T13:00:00Z,16972.0,16973.5,16951.0,16958.75,20512.0
2023-12-19T14:00:00Z,16958.75,16995.25,16944.5,16981.0,152458.0
2023-12-19T15:00:00Z,16981.0,17006.0,16954.25,17001.0,166583.0
2023-12-19T16:00:00Z,17001.0,17012.75,16981.0,16981.75,85469.0
2023-12-19T17:00:00Z,16982.0,17002.75,16965.5,16994.0,60280.0
2023-12-19T18:00:00Z,16994.0,17004.75,16965.0,16993.25,61740.0
2023-12-19T19:00:00Z,16993.75,17009.25,16991.5,16999.75,38348.0
2023-12-19T20:00:00Z,16999.75,17027.5,16984.75,17021.0,60658.0
2023-12-19T21:00:00Z,17021.0,17029.5,17015.5,17026.0,15514.0
2023-12-19T23:00:00Z,17023.0,17034.25,17020.0,17027.75,0.0
2023-12-20T00:00:00Z,17027.75,17038.5,17027.5,17034.25,5111.0
2023-12-20T01:00:00Z,17034.25,17039.25,17029.25,17037.5,4302.0
2023-12-20T02:00:00Z,17037.75,17044.0,17033.0,17041.5,3850.0
2023-12-20T03:00:00Z,17041.75,17046.0,17037.25,17039.5,4818.0
2023-12-20T04:00:00Z,17039.25,17042.0,17033.25,17041.0,3549.0
2023-12-20T05:00:00Z,17040.75,17046.0,17030.5,17037.0,6431.0
2023-12-20T06:00:00Z,17037.0,17039.0,17026.0,17032.75,5267.0
2023-12-20T07:00:00Z,17032.75,17040.5,17028.25,17037.0,7094.0
2023-12-20T08:00:00Z,17037.0,17037.5,16981.0,16985.5,25070.0
2023-12-20T09:00:00Z,16985.75,16991.75,16961.5,16975.5,21143.0
2023-12-20T10:00:00Z,16975.5,16982.5,16967.0,16973.25,11407.0
2023-12-20T11:00:00Z,16972.75,16980.0,16963.25,16975.0,10624.0
2023-12-20T12:00:00Z,16974.75,16986.5,16967.25,16972.0,13986.0
2023-12-20T13:00:00Z,16971.75,16987.25,16970.25,16981.75,14520.0
2023-12-20T14:00:00Z,16982.0,17024.25,16970.75,17017.25,99488.0
2023-12-20T15:00:00Z,17016.0,17073.5,17008.25,17052.5,146289.0
2023-12-20T16:00:00Z,17052.5,17055.75,17028.0,17041.25,84927.0
2023-12-20T17:00:00Z,17041.25,17064.5,17022.25,17061.75,65226.0
2023-12-20T18:00:00Z,17061.5,17065.5,17030.25,17039.25,56292.0
2023-12-20T19:00:00Z,17039.25,17043.25,16834.75,16841.75,199015.0
2023-12-20T20:00:00Z,16842.0,16869.0,16760.5,16764.0,241428.0
2023-12-20T21:00:00Z,16764.5,16795.0,16757.5,16793.75,27825.0
2023-12-20T23:00:00Z,16793.75,16814.0,16790.0,16811.75,0.0
2023-12-21T00:00:00Z,16811.75,16812.25,16800.5,16805.25,6604.0
2023-12-21T01:00:00Z,16805.25,16813.0,16801.25,16810.25,6427.0
2023-12-21T02:00:00Z,16810.0,16824.5,16809.5,16820.25,7747.0
2023-12-21T03:00:00Z,16820.0,16829.5,16819.75,16822.75,4790.0
2023-12-21T04:00:00Z,16822.75,16838.5,16820.75,16838.5,5815.0
2023-12-21T05:00:00Z,16838.0,16847.5,16836.75,16846.0,6311.0
2023-12-21T06:00:00Z,16846.25,16848.0,16836.5,16843.75,6543.0
2023-12-21T07:00:00Z,16844.0,16869.0,16842.0,16864.25,11706.0
2023-12-21T08:00:00Z,16863.75,16883.25,16861.0,16876.75,17289.0
2023-12-21T09:00:00Z,16871.80078125,16891.0,16871.80078125,16878.5,13275.0
2023-12-21T10:00:00Z,16878.75,16879.5,16859.0,16868.0,13174.0
2023-12-21T11:00:00Z,16874.80078125,16881.75,16865.0,16871.25,10721.0
2023-12-21T12:00:00Z,16871.25,16890.5,16867.0,16883.0,11977.0
2023-12-21T13:00:00Z,16883.0,16971.25,16858.5,16941.25,80640.0
2023-12-21T14:00:00Z,16941.0,16958.75,16885.5,16893.5,154680.0
2023-12-21T15:00:00Z,16893.5,16933.5,16843.5,16874.25,231244.0
2023-12-21T16:00:00Z,16873.25,16921.0,16861.25,16879.25,115811.0
2023-12-21T17:00:00Z,16879.5,16879.75,16825.0,16837.0,121584.0
2023-12-21T18:00:00Z,16837.0,16882.0,16814.5,16881.0,118490.0
2023-12-21T19:00:00Z,16880.75,16907.5,16865.0,16885.0,64484.0
2023-12-21T20:00:00Z,16885.0,16966.0,16873.25,16950.75,88175.0
2023-12-21T21:00:00Z,16950.5,16956.25,16941.0,16950.25,0.0
2023-12-21T23:00:00Z,16954.5,16956.25,16931.75,16942.0,8628.0
2023-12-22T00:00:00Z,16942.0,16944.5,16928.75,16929.75,6752.0
2023-12-22T01:00:00Z,16929.75,16934.75,16907.75,16910.5,12496.0
2023-12-22T02:00:00Z,16910.5,16923.75,16908.0,16919.25,6303.0
2023-12-22T03:00:00Z,16919.75,16922.25,16900.25,16909.25,6935.0
2023-12-22T04:00:00Z,16909.5,16915.0,16907.5,16911.0,3185.0
2023-12-22T05:00:00Z,16912.75,16913.5,16896.75,16897.25,6433.0
2023-12-22T06:00:00Z,16897.5,16906.75,16891.5,16904.25,7042.0
2023-12-22T07:00:00Z,16904.0,16915.0,16899.5,16909.25,7012.0
2023-12-22T08:00:00Z,16909.5,16919.5,16900.25,16901.5,10848.0
2023-12-22T09:00:00Z,16901.75,16922.75,16898.5,16914.5,9424.0
2023-12-22T10:00:00Z,16914.25,16932.5,16911.0,16932.5,8121.0
2023-12-22T11:00:00Z,16932.25,16937.75,16926.75,16934.75,8037.0
2023-12-22T12:00:00Z,16934.75,16952.25,16934.5,16946.0,12100.0
2023-12-22T13:00:00Z,16946.25,17006.0,16930.25,17000.25,63916.0
2023-12-22T14:00:00Z,17000.25,17041.25,16989.25,17024.5,124770.0
2023-12-22T15:00:00Z,17024.75,17037.75,16994.75,16995.75,120082.0
2023-12-22T16:00:00Z,16996.25,17013.75,16968.5,16989.75,101215.0
2023-12-22T17:00:00Z,16990.25,17012.25,16968.0,17007.75,63816.0
2023-12-22T18:00:00Z,17007.75,17021.5,17000.25,17004.25,39055.0
2023-12-22T19:00:00Z,17004.25,17006.25,16896.0,16987.0,138245.0
2023-12-22T20:00:00Z,16987.5,16992.0,16957.75,16980.25,71060.0
2023-12-22T21:00:00Z,16980.25,16987.25,16958.5,16962.5,13366.0
2023-12-26T05:00:00Z,17022.0,17027.0,17019.25,17023.5,4094.0
2023-12-26T06:00:00Z,17024.0,17028.75,17021.5,17025.75,2835.0
2023-12-26T07:00:00Z,17025.5,17037.5,17025.25,17033.25,4711.0
2023-12-26T08:00:00Z,17033.25,17035.75,17021.25,17023.25,4814.0
2023-12-26T09:00:00Z,17023.75,17024.0,17003.0,17013.25,8923.0
2023-12-26T10:00:00Z,17013.5,17018.5,17006.75,17016.25,4384.0
2023-12-26T11:00:00Z,17013.80078125,17016.0,17004.0,17008.0,7481.0
2023-12-26T12:00:00Z,17007.75,17016.0,16985.0,17015.25,14548.0
2023-12-26T13:00:00Z,17015.25,17016.0,16997.0,17003.75,14427.0
2023-12-26T14:00:00Z,17003.75,17052.0,17003.5,17041.0,90288.0
2023-12-26T15:00:00Z,17041.0,17060.5,17022.75,17041.0,87948.0
2023-12-26T16:00:00Z,17040.75,17054.5,17026.0,17051.0,60177.0
2023-12-26T17:00:00Z,17051.0,17058.0,17037.0,17046.0,38130.0
2023-12-26T18:00:00Z,17046.0,17064.0,17043.5,17049.0,29080.0
2023-12-26T19:00:00Z,17049.25,17074.5,17047.0,17073.0,27723.0
2023-12-26T20:00:00Z,17073.25,17111.5,17071.0,17084.25,70711.0
2023-12-26T21:00:00Z,17084.0,17095.0,17081.25,17090.0,11008.0
2023-12-26T23:00:00Z,17085.0,17103.0,17085.0,17089.5,0.0
2023-12-27T00:00:00Z,17089.5,17092.0,17082.0,17083.0,4911.0
2023-12-27T01:00:00Z,17083.5,17086.75,17074.0,17083.0,5741.0
2023-12-27T02:00:00Z,17083.25,17087.0,17077.75,17079.75,3036.0
2023-12-27T03:00:00Z,17080.0,17083.0,17075.0,17075.5,2700.0
2023-12-27T04:00:00Z,17075.5,17083.5,17074.0,17083.0,2567.0
2023-12-27T05:00:00Z,17082.5,17090.5,17079.0,17090.25,3780.0
2023-12-27T06:00:00Z,17090.25,17097.25,17086.5,17091.5,4746.0
2023-12-27T07:00:00Z,17091.5,17101.0,17084.0,17084.5,5725.0
2023-12-27T08:00:00Z,17084.25,17096.75,17072.25,17090.75,12870.0
2023-12-27T09:00:00Z,17090.5,17092.25,17077.25,17082.0,6626.0
2023-12-27T10:00:00Z,17081.75,17087.5,17073.5,17081.25,5725.0
2023-12-27T11:00:00Z,17081.25,17087.75,17079.75,17084.0,3964.0
2023-12-27T12:00:00Z,17084.25,17090.75,17075.0,17088.5,8238.0
2023-12-27T13:00:00Z,17088.75,17106.25,17088.5,17100.75,20712.0
2023-12-27T14:00:00Z,17100.75,17121.75,17088.75,17115.5,88678.0
2023-12-27T15:00:00Z,17115.5,17124.5,17055.5,17078.25,139212.0
2023-12-27T16:00:00Z,17078.5,17097.5,17064.0,17088.0,57929.0
2023-12-27T17:00:00Z,17088.0,17096.0,17066.0,17075.25,47371.0
2023-12-27T18:00:00Z,17075.75,17127.5,17074.75,17104.25,76487.0
2023-12-27T19:00:00Z,17104.5,17107.25,17060.5,17079.25,93532.0
2023-12-27T20:00:00Z,17079.25,17118.0,17072.5,17116.75,63724.0
2023-12-27T21:00:00Z,17116.75,17132.25,17109.5,17130.0,18398.0
2023-12-27T23:00:00Z,17129.0,17129.0,17117.75,17121.75,0.0
2023-12-28T00:00:00Z,17121.5,17136.75,17121.25,17133.75,5904.0
2023-12-28T01:00:00Z,17134.0,17155.5,17132.25,17151.5,11297.0
2023-12-28T02:00:00Z,17151.5,17154.25,17147.25,17152.5,4934.0
2023-12-28T03:00:00Z,17152.75,17152.75,17139.25,17144.0,4850.0
2023-12-28T04:00:00Z,17144.25,17149.75,17139.0,17141.0,3745.0
2023-12-28T05:00:00Z,17141.0,17147.25,17141.0,17147.0,3500.0
2023-12-28T06:00:00Z,17147.0,17152.5,17144.25,17150.5,3835.0
2023-12-28T07:00:00Z,17150.5,17156.25,17148.0,17154.75,4049.0
2023-12-28T08:00:00Z,17154.5,17158.5,17145.5,17148.5,8401.0
2023-12-28T09:00:00Z,17148.5,17156.0,17145.25,17147.75,5677.0
2023-12-28T10:00:00Z,17147.5,17156.25,17146.0,17149.0,5112.0
2023-12-28T11:00:00Z,17150.5,17153.5,17143.5,17149.5,6422.0
2023-12-28T12:00:00Z,17149.5,17162.25,17146.75,17154.25,9140.0
2023-12-28T13:00:00Z,17154.0,17165.5,17142.25,17142.5,20331.0
2023-12-28T14:00:00Z,17142.5,17159.0,17115.0,17124.5,93690.0
2023-12-28T15:00:00Z,17124.5,17144.5,17102.75,17129.75,108904.0
2023-12-28T16:00:00Z,17129.5,17130.0,17103.75,17112.75,64897.0
2023-12-28T17:00:00Z,17113.0,17133.5,17108.0,17131.25,46650.0
2023-12-28T18:00:00Z,17131.25,17137.5,17092.0,17115.0,77385.0
2023-12-28T19:00:00Z,17115.25,17129.0,17110.25,17115.25,34585.0
2023-12-28T20:00:00Z,17115.5,17116.0,17078.0,17090.75,74785.0
2023-12-28T21:00:00Z,17090.75,17102.0,17085.75,17089.5,13052.0
2023-12-28T23:00:00Z,17089.75,17101.75,17082.0,17100.75,0.0
2023-12-29T00:00:00Z,17100.25,17108.75,17097.0,17108.75,4836.0
2023-12-29T01:00:00Z,17108.25,17109.0,17097.0,17100.75,4740.0
2023-12-29T02:00:00Z,17100.5,17104.5,17096.75,17097.0,3396.0
2023-12-29T03:00:00Z,17097.0,17103.5,17096.0,17100.75,2120.0
2023-12-29T04:00:00Z,17101.0,17102.5,17087.5,17093.0,4112.0
2023-12-29T05:00:00Z,17093.0,17100.75,17092.0,17099.75,2914.0
2023-12-29T06:00:00Z,17100.0,17110.5,17099.25,17109.25,4715.0
2023-12-29T07:00:00Z,17109.25,17114.5,17106.0,17106.75,4373.0
2023-12-29T08:00:00Z,17107.0,17130.5,17107.0,17116.75,10353.0
2023-12-29T09:00:00Z,17120.19921875,17122.0,17106.75,17107.5,8051.0
2023-12-29T10:00:00Z,17107.25,17115.0,17102.5,17109.75,7906.0
2023-12-29T11:00:00Z,17111.19921875,17120.25,17106.25,17116.25,6586.0
2023-12-29T12:00:00Z,17116.0,17117.75,17076.0,17084.75,20521.0
2023-12-29T13:00:00Z,17084.5,17092.5,17066.0,17084.5,22629.0
2023-12-29T14:00:00Z,17084.75,17107.5,17072.0,17096.0,76728.0
2023-12-29T15:00:00Z,17096.25,17105.5,17001.0,17019.25,154417.0
2023-12-29T16:00:00Z,17019.75,17027.0,16937.75,16976.75,162428.0
2023-12-29T17:00:00Z,16976.5,16997.0,16943.0,16994.0,93160.0
2023-12-29T18:00:00Z,16994.0,17036.25,16988.0,17023.75,86051.0
2023-12-29T19:00:00Z,17023.75,17045.75,17014.5,17041.75,50377.0
2023-12-29T20:00:00Z,17041.5,17049.75,16987.25,17018.75,76301.0
2023-12-29T21:00:00Z,17018.75,17022.25,17002.75,17004.0,13460.0
2024-01-02T05:00:00Z,17007.75,17019.25,17007.75,17017.75,4083.0
2024-01-02T06:00:00Z,17018.0,17019.25,17003.0,17004.5,4055.0
2024-01-02T07:00:00Z,17004.25,17023.0,17004.0,17017.0,6472.0
2024-01-02T08:00:00Z,17017.5,17036.75,17015.75,17027.5,10820.0
2024-01-02T09:00:00Z,17011.19921875,17014.0,16987.75,16994.75,17666.0
2024-01-02T10:00:00Z,16994.5,16997.5,16978.25,16979.0,12596.0
2024-01-02T11:00:00Z,16959.0,16971.0,16845.25,16875.0,54707.0
2024-01-02T12:00:00Z,16875.25,16878.25,16815.75,16823.5,37699.0
2024-01-02T13:00:00Z,16823.25,16855.75,16816.75,16852.5,40406.0
2024-01-02T14:00:00Z,16852.75,16877.5,16719.5,16763.75,216595.0
2024-01-02T15:00:00Z,16763.25,16788.75,16685.0,16710.25,182175.0
2024-01-02T16:00:00Z,16710.75,16785.5,16709.0,16777.75,91840.0
2024-01-02T17:00:00Z,16778.5,16787.75,16716.75,16720.25,79793.0
2024-01-02T18:00:00Z,16720.25,16742.25,16688.0,16696.25,72443.0
2024-01-02T19:00:00Z,16696.5,16707.75,16652.75,16655.0,74498.0
2024-01-02T20:00:00Z,16654.5,16726.0,16622.0,16721.0,107168.0
2024-01-02T21:00:00Z,16721.0,16736.5,16714.0,16731.5,16486.0
2024-01-02T23:00:00Z,16740.0,16740.0,16717.25,16724.5,0.0
2024-01-03T00:00:00Z,16724.75,16729.25,16715.25,16716.5,4445.0
2024-01-03T01:00:00Z,16716.5,16721.0,16707.0,16712.0,6133.0
2024-01-03T02:00:00Z,16711.5,16715.0,16700.0,16702.75,4799.0
2024-01-03T03:00:00Z,16703.25,16709.25,16701.0,16703.25,3457.0
2024-01-03T04:00:00Z,16703.25,16704.75,16692.75,16694.0,4440.0
2024-01-03T05:00:00Z,16694.75,16706.0,16692.5,16704.75,5715.0
2024-01-03T06:00:00Z,16704.5,16716.75,16700.25,16711.5,5049.0
2024-01-03T07:00:00Z,16711.0,16713.75,16701.5,16709.75,5465.0
2024-01-03T08:00:00Z,16709.5,16729.5,16676.25,16679.5,17550.0
2024-01-03T09:00:00Z,16667.5,16679.75,16641.25,16642.5,24388.0
2024-01-03T10:00:00Z,16642.75,16674.25,16637.0,16657.5,17982.0
2024-01-03T11:00:00Z,16657.75,16665.75,16635.75,16648.5,14414.0
2024-01-03T12:00:00Z,16648.5,16649.25,16603.0,16609.25,30207.0
2024-01-03T13:00:00Z,16609.25,16646.0,16597.5,16617.25,41374.0
2024-01-03T14:00:00Z,16617.25,16642.0,16581.5,16615.0,176250.0
2024-01-03T15:00:00Z,16610.5,16653.75,16543.75,16595.0,236954.0
2024-01-03T16:00:00Z,16595.0,16614.0,16558.5,16562.25,117847.0
2024-01-03T17:00:00Z,16562.75,16604.75,16549.5,16600.5,74034.0
2024-01-03T18:00:00Z,16600.25,16619.75,16571.0,16584.25,61653.0
2024-01-03T19:00:00Z,16580.75,16628.5,16529.25,16590.5,167662.0
2024-01-03T20:00:00Z,16590.5,16596.75,16522.25,16540.75,115644.0
2024-01-03T21:00:00Z,16540.5,16542.75,16527.0,16542.25,13051.0
2024-01-03T23:00:00Z,16543.25,16563.0,16543.25,16549.5,0.0
2024-01-04T00:00:00Z,16549.5,16563.25,16533.0,16560.0,8208.0
2024-01-04T01:00:00Z,16560.0,16562.75,16549.25,16555.75,6045.0
2024-01-04T02:00:00Z,16556.0,16557.25,16542.75,16552.0,4352.0
2024-01-04T03:00:00Z,16552.25,16558.0,16547.0,16549.25,3038.0
2024-01-04T04:00:00Z,16549.0,16555.5,16548.25,16548.75,2217.0
2024-01-04T05:00:00Z,16548.5,16549.75,16543.0,16543.75,3614.0
2024-01-04T06:00:00Z,16544.0,16570.25,16539.75,16569.25,8169.0
2024-01-04T07:00:00Z,16569.5,16587.25,16565.75,16570.25,11208.0
2024-01-04T08:00:00Z,16571.0,16584.0,16545.75,16549.75,17551.0
2024-01-04T09:00:00Z,16560.19921875,16580.75,16557.25,16577.0,13460.0
2024-01-04T10:00:00Z,16576.75,16578.0,16551.25,16564.0,11287.0
2024-01-04T11:00:00Z,16563.75,16572.75,16528.5,16529.25,15726.0
2024-01-04T12:00:00Z,16529.25,16535.75,16504.75,16519.75,32503.0
2024-01-04T13:00:00Z,16519.25,16519.25,16451.0,16459.0,64436.0
2024-01-04T14:00:00Z,16459.0,16500.0,16443.0,16460.75,153537.0
2024-01-04T15:00:00Z,16460.5,16542.0,16445.75,16525.25,168629.0
2024-01-04T16:00:00Z,16525.25,16584.0,16513.75,16523.25,123994.0
2024-01-04T17:00:00Z,16522.75,16529.0,16480.5,16505.75,83586.0
2024-01-04T18:00:00Z,16505.5,16529.0,16492.5,16505.0,56220.0
2024-01-04T19:00:00Z,16505.5,16515.0,16464.75,16486.75,72101.0
2024-01-04T20:00:00Z,16486.75,16510.75,16435.75,16444.0,86158.0
2024-01-04T21:00:00Z,16444.0,16457.0,16437.25,16450.5,13698.0
2024-01-04T23:00:00Z,16454.0,16469.0,16450.25,16456.5,0.0
2024-01-05T00:00:00Z,16456.75,16466.25,16453.5,16458.75,4989.0
2024-01-05T01:00:00Z,16458.5,16469.25,16450.25,16460.25,7153.0
2024-01-05T02:00:00Z,16460.0,16460.75,16448.75,16451.0,3913.0
2024-01-05T03:00:00Z,16451.5,16455.0,16444.75,16446.5,3292.0
2024-01-05T04:00:00Z,16446.0,16456.75,16442.25,16443.0,4761.0
2024-01-05T05:00:00Z,16442.25,16443.5,16425.75,16428.75,9053.0
2024-01-05T06:00:00Z,16428.5,16434.75,16401.5,16412.0,12585.0
2024-01-05T07:00:00Z,16412.25,16422.75,16399.25,16400.5,9652.0
2024-01-05T08:00:00Z,16401.25,16438.5,16398.0,16409.75,17053.0
2024-01-05T09:00:00Z,16399.19921875,16420.75,16392.0,16397.0,19509.0
2024-01-05T10:00:00Z,16397.0,16404.5,16372.25,16386.25,16548.0
2024-01-05T11:00:00Z,16386.0,16395.25,16367.5,16389.0,16401.0
2024-01-05T12:00:00Z,16388.75,16403.25,16381.25,16392.25,18563.0
2024-01-05T13:00:00Z,16392.0,16430.0,16334.25,16400.0,106847.0
2024-01-05T14:00:00Z,16400.0,16495.5,16398.0,16473.0,171292.0
2024-01-05T15:00:00Z,16473.0,16568.5,16473.0,16563.0,187690.0
2024-01-05T16:00:00Z,16563.5,16577.0,16494.25,16516.75,114267.0
2024-01-05T17:00:00Z,16516.5,16518.75,16448.25,16469.25,97854.0
2024-01-05T18:00:00Z,16469.0,16505.5,16430.25,16488.5,90810.0
2024-01-05T19:00:00Z,16489.0,16509.25,16418.25,16424.75,84218.0
2024-01-05T20:00:00Z,16425.0,16472.25,16403.5,16463.25,84194.0
2024-01-05T21:00:00Z,16463.25,16469.25,16456.75,16466.0,11950.0
2024-01-07T23:00:00Z,16472.25,16490.0,16458.25,16482.75,10679.0
2024-01-08T00:00:00Z,16482.25,16498.0,16482.25,16493.25,6763.0
2024-01-08T01:00:00Z,16493.0,16500.0,16468.0,16468.75,10276.0
2024-01-08T02:00:00Z,16469.0,16469.0,16456.75,16461.5,8681.0
2024-01-08T03:00:00Z,16461.5,16463.0,16437.75,16441.25,9903.0
2024-01-08T04:00:00Z,16441.25,16450.5,16439.75,16449.0,4684.0
2024-01-08T05:00:00Z,16448.5,16455.5,16436.25,16441.25,6880.0
2024-01-08T06:00:00Z,16441.75,16452.5,16431.75,16438.5,8214.0
2024-01-08T07:00:00Z,16439.0,16462.0,16436.75,16442.75,11167.0
2024-01-08T08:00:00Z,16443.25,16456.0,16422.75,16425.0,19540.0
2024-01-08T09:00:00Z,16425.25,16438.25,16378.5,16419.5,24100.0
2024-01-08T10:00:00Z,16420.0,16444.25,16419.0,16423.75,14629.0
2024-01-08T11:00:00Z,16424.25,16467.0,16410.0,16459.0,24947.0
2024-01-08T12:00:00Z,16458.5,16486.0,16452.25,16484.5,23017.0
2024-01-08T13:00:00Z,16484.25,16497.75,16469.5,16477.5,28637.0
2024-01-08T14:00:00Z,16477.75,16633.5,16472.0,16628.25,151325.0
2024-01-08T15:00:00Z,16628.5,16671.25,16612.5,16658.25,121600.0
2024-01-08T16:00:00Z,16658.25,16679.75,16640.5,16677.0,85249.0
2024-01-08T17:00:00Z,16677.25,16718.75,16674.25,16716.75,72925.0
2024-01-08T18:00:00Z,16716.75,16742.75,16705.75,16741.25,46922.0
2024-01-08T19:00:00Z,16741.25,16793.5,16731.75,16784.75,73770.0
2024-01-08T20:00:00Z,16784.5,16811.5,16770.5,16801.5,97396.0
2024-01-08T21:00:00Z,16801.0,16806.0,16786.5,16788.0,17687.0
2024-01-08T23:00:00Z,16790.0,16790.0,16779.75,16785.25,0.0
2024-01-09T00:00:00Z,16785.0,16793.75,16783.0,16787.0,4818.0
2024-01-09T01:00:00Z,16787.0,16792.0,16782.25,16789.0,4475.0
2024-01-09T02:00:00Z,16789.0,16796.0,16786.0,16794.75,4622.0
2024-01-09T03:00:00Z,16794.75,16795.75,16785.75,16789.5,2701.0
2024-01-09T04:00:00Z,16789.5,16789.75,16777.0,16781.25,4827.0
2024-01-09T05:00:00Z,16781.5,16785.25,16773.0,16775.5,4727.0
2024-01-09T06:00:00Z,16775.5,16788.0,16772.5,16784.75,5614.0
2024-01-09T07:00:00Z,16784.75,16784.75,16765.0,16767.0,8468.0
2024-01-09T08:00:00Z,16766.75,16767.5,16736.75,16743.5,18068.0
2024-01-09T09:00:00Z,16739.80078125,16748.0,16719.5,16741.0,22999.0
2024-01-09T10:00:00Z,16740.5,16742.75,16722.25,16727.75,15352.0
2024-01-09T11:00:00Z,16727.19921875,16728.25,16686.25,16694.5,22131.0
2024-01-09T12:00:00Z,16694.75,16725.5,16688.25,16723.0,26140.0
2024-01-09T13:00:00Z,16722.5,16723.5,16658.5,16665.25,53583.0
2024-01-09T14:00:00Z,16666.0,16714.5,16660.75,16705.0,162367.0
2024-01-09T15:00:00Z,16705.0,16751.5,16683.0,16734.0,158905.0
2024-01-09T16:00:00Z,16733.5,16833.25,16733.0,16832.5,108616.0
2024-01-09T17:00:00Z,16832.25,16848.25,16814.5,16845.75,76191.0
2024-01-09T18:00:00Z,16845.75,16868.5,16798.5,16840.75,109519.0
2024-01-09T19:00:00Z,16841.0,16856.0,16805.75,16828.5,76697.0
2024-01-09T20:00:00Z,16828.25,16842.75,16779.0,16831.75,112765.0
2024-01-09T21:00:00Z,16831.5,16837.75,16825.75,16829.25,12875.0
2024-01-09T23:00:00Z,16829.5,16839.25,16816.75,16838.0,0.0
2024-01-10T00:00:00Z,16838.0,16851.0,16833.5,16837.5,8462.0
2024-01-10T01:00:00Z,16837.5,16838.5,16823.25,16834.75,7761.0
2024-01-10T02:00:00Z,16835.0,16841.5,16828.25,16837.0,5038.0
2024-01-10T03:00:00Z,16836.75,16837.75,16822.25,16825.75,5277.0
2024-01-10T04:00:00Z,16825.5,16835.75,16824.75,16828.5,4027.0
2024-01-10T05:00:00Z,16828.0,16831.25,16820.0,16825.75,4732.0
2024-01-10T06:00:00Z,16825.5,16833.5,16806.75,16813.0,7374.0
2024-01-10T07:00:00Z,16813.25,16848.75,16810.5,16844.75,12270.0
2024-01-10T08:00:00Z,16845.25,16864.5,16840.75,16853.25,20368.0
2024-01-10T09:00:00Z,16877.19921875,16907.25,16877.0,16897.75,27841.0
2024-01-10T10:00:00Z,16897.5,16901.75,16867.0,16874.5,16990.0
2024-01-10T11:00:00Z,16874.25,16884.25,16834.5,16847.5,23711.0
2024-01-10T12:00:00Z,16847.25,16866.0,16840.25,16841.25,23844.0
2024-01-10T13:00:00Z,16841.5,16849.25,16815.0,16816.75,36186.0
2024-01-10T14:00:00Z,16816.0,16874.0,16809.0,16837.25,149953.0
2024-01-10T15:00:00Z,16837.25,16893.75,16801.75,16892.25,157093.0
2024-01-10T16:00:00Z,16892.75,16897.5,16854.5,16879.75,96670.0
2024-01-10T17:00:00Z,16879.75,16914.25,16869.25,16911.0,62374.0
2024-01-10T18:00:00Z,16911.0,16932.5,16885.5,16924.5,86350.0
2024-01-10T19:00:00Z,16924.5,16981.75,16921.5,16980.25,78448.0
2024-01-10T20:00:00Z,16980.5,16983.25,16892.5,16941.5,130701.0
2024-01-10T21:00:00Z,16941.75,16958.75,16939.75,16955.5,14555.0
2024-01-10T23:00:00Z,16955.5,16967.75,16942.0,16960.75,0.0
2024-01-11T00:00:00Z,16960.5,16987.0,16959.25,16973.75,7613.0
2024-01-11T01:00:00Z,16973.75,16989.75,16973.75,16984.5,8086.0
2024-01-11T02:00:00Z,16985.0,16996.75,16983.0,16993.25,6454.0
2024-01-11T03:00:00Z,16993.75,17008.25,16992.25,17006.25,6471.0
2024-01-11T04:00:00Z,17006.0,17009.75,16993.25,16997.25,5989.0
2024-01-11T05:00:00Z,16997.5,17004.75,16991.25,16998.25,6657.0
2024-01-11T06:00:00Z,16998.0,17014.0,16992.5,17008.0,7795.0
2024-01-11T07:00:00Z,17007.25,17018.0,17005.5,17010.0,8617.0
2024-01-11T08:00:00Z,17010.25,17049.0,17005.5,17042.0,22284.0
2024-01-11T09:00:00Z,17041.5,17042.25,16995.25,17004.0,21388.0
2024-01-11T10:00:00Z,17004.5,17009.0,16992.5,17004.25,11882.0
2024-01-11T11:00:00Z,17004.0,17022.5,16997.5,17007.75,16270.0
2024-01-11T12:00:00Z,17007.75,17018.25,17001.25,17003.5,14192.0
2024-01-11T13:00:00Z,17003.5,17056.0,16892.25,16907.75,130085.0
2024-01-11T14:00:00Z,16907.75,17043.0,16902.0,16958.5,223364.0
2024-01-11T15:00:00Z,16958.75,16961.5,16824.5,16855.75,277855.0
2024-01-11T16:00:00Z,16855.5,16866.75,16753.0,16773.0,179308.0
2024-01-11T17:00:00Z,16773.75,16857.75,16771.25,16837.75,103504.0
2024-01-11T18:00:00Z,16837.5,16936.5,16834.75,16933.75,96304.0
2024-01-11T19:00:00Z,16933.75,16983.75,16915.5,16974.75,92512.0
2024-01-11T20:00:00Z,16975.0,16978.5,16926.25,16965.25,104461.0
2024-01-11T21:00:00Z,16965.5,16969.75,16956.25,16958.75,11866.0
2024-01-11T23:00:00Z,16958.0,16963.25,16941.0,16951.75,0.0
2024-01-12T00:00:00Z,16951.75,16965.0,16929.75,16933.75,10456.0
2024-01-12T01:00:00Z,16934.0,16945.75,16920.75,16943.0,10813.0
2024-01-12T02:00:00Z,16943.0,16964.0,16941.5,16958.5,7281.0
2024-01-12T03:00:00Z,16958.75,16960.75,16951.5,16956.75,3413.0
2024-01-12T04:00:00Z,16957.0,16958.0,16937.0,16946.5,6230.0
2024-01-12T05:00:00Z,16946.25,16956.0,16942.25,16943.5,4865.0
2024-01-12T06:00:00Z,16944.0,16959.25,16940.5,16958.5,5388.0
2024-01-12T07:00:00Z,16958.5,16961.5,16915.0,16920.75,15162.0
2024-01-12T08:00:00Z,16920.5,16978.25,16916.5,16959.0,27847.0
2024-01-12T09:00:00Z,16963.19921875,16977.5,16925.5,16927.75,23647.0
2024-01-12T10:00:00Z,16927.5,16946.5,16912.75,16923.5,18654.0
2024-01-12T11:00:00Z,16916.80078125,16933.0,16866.25,16895.5,39453.0
2024-01-12T12:00:00Z,16895.5,16922.75,16887.0,16908.5,30788.0
2024-01-12T13:00:00Z,16909.25,16979.25,16895.0,16964.0,75648.0
2024-01-12T14:00:00Z,16964.0,17042.5,16956.25,16986.5,164952.0
2024-01-12T15:00:00Z,16986.5,17004.75,16913.25,16944.5,239806.0
2024-01-12T16:00:00Z,16944.25,16995.25,16921.0,16928.25,138007.0
2024-01-12T17:00:00Z,16928.75,16964.75,16917.25,16953.25,91036.0
2024-01-12T18:00:00Z,16954.25,16983.0,16953.5,16979.0,56549.0
2024-01-12T19:00:00Z,16979.25,16994.0,16943.0,16951.0,66556.0
2024-01-12T20:00:00Z,16951.25,16980.0,16932.0,16972.0,77779.0
2024-01-12T21:00:00Z,16972.0,16972.5,16947.0,16955.0,13824.0
2024-01-14T23:00:00Z,16962.0,16963.75,16938.5,16945.25,7613.0
2024-01-15T00:00:00Z,16945.5,16950.5,16941.25,16948.5,3427.0
2024-01-15T01:00:00Z,16960.25,16961.25,16946.5,16958.25,9911.0
2024-01-15T02:00:00Z,16958.25,16983.0,16955.25,16980.5,8065.0
2024-01-15T03:00:00Z,16980.5,16989.0,16980.25,16985.0,5455.0
2024-01-15T04:00:00Z,16985.0,16989.75,16981.0,16988.25,3971.0
2024-01-16T05:00:00Z,16895.0,16896.0,16874.5,16877.75,7976.0
2024-01-16T06:00:00Z,16877.25,16883.0,16865.75,16881.25,11863.0
2024-01-16T07:00:00Z,16881.75,16893.75,16865.75,16880.0,12004.0
2024-01-16T08:00:00Z,16879.5,16879.5,16812.0,16841.5,47751.0
2024-01-16T09:00:00Z,16853.80078125,16865.5,16840.25,16854.5,23965.0
2024-01-16T10:00:00Z,16854.75,16857.5,16825.75,16843.0,15308.0
2024-01-16T11:00:00Z,16857.19921875,16887.75,16847.75,16881.25,19138.0
2024-01-16T12:00:00Z,16881.25,16916.5,16872.5,16911.75,31398.0
2024-01-16T13:00:00Z,16911.75,16930.0,16872.0,16893.25,56380.0
2024-01-16T14:00:00Z,16893.0,16946.0,16855.0,16914.0,200406.0
2024-01-16T15:00:00Z,16914.0,17034.0,16888.25,17014.0,221219.0
2024-01-16T16:00:00Z,17014.25,17023.5,16934.25,16949.75,228198.0
2024-01-16T17:00:00Z,16950.25,16961.25,16893.0,16897.5,125380.0
2024-01-16T18:00:00Z,16897.5,16948.25,16890.75,16902.25,97639.0
2024-01-16T19:00:00Z,16902.5,16931.75,16862.0,16927.5,85918.0
2024-01-16T20:00:00Z,16927.25,16969.5,16921.25,16967.5,74173.0
2024-01-16T21:00:00Z,16967.75,16981.5,16960.75,16978.5,15099.0
2024-01-16T23:00:00Z,16979.5,16981.25,16966.5,16979.25,0.0
2024-01-17T00:00:00Z,16979.25,16981.25,16955.25,16960.25,7596.0
2024-01-17T01:00:00Z,16960.0,16963.0,16945.5,16950.5,8098.0
2024-01-17T02:00:00Z,16950.25,16954.75,16928.25,16928.5,8873.0
2024-01-17T03:00:00Z,16929.0,16930.25,16908.25,16909.0,10239.0
2024-01-17T04:00:00Z,16908.5,16928.0,16903.25,16920.5,9228.0
2024-01-17T05:00:00Z,16921.75,16921.75,16892.25,16893.0,10991.0
2024-01-17T06:00:00Z,16893.25,16893.25,16834.0,16843.25,27924.0
2024-01-17T07:00:00Z,16843.0,16849.5,16816.25,16841.5,24958.0
2024-01-17T08:00:00Z,16841.25,16862.25,16827.5,16844.25,25098.0
2024-01-17T09:00:00Z,16828.5,16874.5,16818.25,16871.75,26333.0
2024-01-17T10:00:00Z,16871.75,16882.0,16852.75,16868.25,16648.0
2024-01-17T11:00:00Z,16866.19921875,16898.0,16853.0,16891.75,21252.0
2024-01-17T12:00:00Z,16891.5,16908.0,16882.0,16890.0,21688.0
2024-01-17T13:00:00Z,16890.0,16890.25,16805.5,16820.25,67836.0
2024-01-17T14:00:00Z,16820.75,16844.0,16703.75,16707.5,202138.0
2024-01-17T15:00:00Z,16706.75,16786.75,16689.0,16769.25,218087.0
2024-01-17T16:00:00Z,16769.5,16841.25,16768.25,16810.25,132203.0
2024-01-17T17:00:00Z,16810.25,16824.0,16772.0,16808.0,94402.0
2024-01-17T18:00:00Z,16807.75,16825.0,16733.5,16760.5,103239.0
2024-01-17T19:00:00Z,16761.0,16843.5,16755.25,16828.25,77052.0
2024-01-17T20:00:00Z,16828.5,16885.25,16797.5,16868.5,100158.0
2024-01-17T21:00:00Z,16868.5,16869.75,16854.5,16859.5,12325.0
2024-01-17T23:00:00Z,16859.5,16861.25,16833.75,16853.75,0.0
2024-01-18T00:00:00Z,16853.75,16866.25,16843.0,16865.5,8815.0
2024-01-18T01:00:00Z,16866.0,16872.75,16844.5,16858.75,11704.0
2024-01-18T02:00:00Z,16859.25,16868.0,16851.5,16854.0,6471.0
2024-01-18T03:00:00Z,16854.75,16867.25,16851.0,16852.5,6475.0
2024-01-18T04:00:00Z,16852.5,16854.75,16839.25,16847.0,5822.0
2024-01-18T05:00:00Z,16848.0,16867.75,16843.5,16864.5,7887.0
2024-01-18T06:00:00Z,16864.0,16896.0,16863.5,16892.75,14846.0
2024-01-18T07:00:00Z,16892.5,16899.25,16870.25,16891.0,14552.0
2024-01-18T08:00:00Z,16891.0,16917.0,16884.0,16886.25,26314.0
2024-01-18T09:00:00Z,16897.19921875,16935.75,16894.0,16917.5,24138.0
2024-01-18T10:00:00Z,16917.5,16938.75,16908.0,16938.0,14106.0
2024-01-18T11:00:00Z,16961.0,16997.25,16955.5,16992.75,35327.0
2024-01-18T12:00:00Z,16992.5,17025.0,16990.0,17006.5,34959.0
2024-01-18T13:00:00Z,17006.5,17044.75,16976.25,16982.0,77080.0
2024-01-18T14:00:00Z,16981.75,17054.75,16981.75,17028.0,197232.0
2024-01-18T15:00:00Z,17027.5,17079.75,16986.0,17056.0,231571.0
2024-01-18T16:00:00Z,17056.5,17102.5,17026.25,17078.75,149229.0
2024-01-18T17:00:00Z,17078.75,17083.0,16990.75,17001.75,151646.0
2024-01-18T18:00:00Z,17001.5,17022.75,16942.5,17016.75,126658.0
2024-01-18T19:00:00Z,17016.25,17111.75,17016.0,17100.5,115898.0
2024-01-18T20:00:00Z,17100.5,17126.0,17084.5,17108.75,93636.0
2024-01-18T21:00:00Z,17109.0,17122.75,17091.75,17117.0,18291.0
2024-01-18T23:00:00Z,17117.75,17152.0,17107.25,17148.75,0.0
2024-01-19T00:00:00Z,17148.25,17159.75,17134.5,17153.25,14423.0
2024-01-19T01:00:00Z,17153.25,17158.75,17131.5,17157.25,15905.0
2024-01-19T02:00:00Z,17156.75,17172.5,17151.25,17169.5,11371.0
2024-01-19T03:00:00Z,17169.25,17178.75,17163.0,17174.0,9107.0
2024-01-19T04:00:00Z,17173.75,17176.5,17164.0,17168.25,5081.0
2024-01-19T05:00:00Z,17169.0,17171.75,17148.0,17150.0,8678.0
2024-01-19T06:00:00Z,17149.5,17167.0,17149.0,17163.5,9166.0
2024-01-19T07:00:00Z,17163.5,17191.25,17152.0,17185.0,21791.0
2024-01-19T08:00:00Z,17185.5,17205.25,17168.25,17201.25,19672.0
2024-01-19T09:00:00Z,17205.0,17236.75,17201.25,17226.0,29801.0
2024-01-19T10:00:00Z,17225.75,17244.0,17213.5,17240.25,13872.0
2024-01-19T11:00:00Z,17233.19921875,17253.5,17228.5,17247.0,19767.0
2024-01-19T12:00:00Z,17246.5,17249.0,17210.25,17238.5,27591.0
2024-01-19T13:00:00Z,17238.5,17255.5,17217.0,17220.0,41526.0
2024-01-19T14:00:00Z,17220.25,17227.25,17166.25,17207.75,175599.0
2024-01-19T15:00:00Z,17210.25,17241.25,17168.75,17226.25,211633.0
2024-01-19T16:00:00Z,17227.0,17271.25,17213.0,17265.75,138306.0
2024-01-19T17:00:00Z,17266.25,17325.75,17236.0,17325.0,125720.0
2024-01-19T18:00:00Z,17324.75,17395.5,17306.25,17395.25,104674.0
2024-01-19T19:00:00Z,17395.0,17437.0,17385.25,17429.0,133765.0
2024-01-19T20:00:00Z,17429.25,17448.25,17416.25,17442.5,98594.0
2024-01-19T21:00:00Z,17442.5,17472.0,17436.0,17463.25,28732.0
2024-01-21T23:00:00Z,17465.75,17501.5,17464.0,17483.75,17936.0
2024-01-22T00:00:00Z,17484.25,17563.0,17479.5,17557.0,23944.0
2024-01-22T01:00:00Z,17556.5,17567.5,17542.5,17548.5,26477.0
2024-01-22T02:00:00Z,17549.0,17562.0,17537.25,17549.5,12079.0
2024-01-22T03:00:00Z,17549.5,17554.5,17539.75,17546.5,7490.0
2024-01-22T04:00:00Z,17546.75,17555.25,17545.75,17551.0,4175.0
2024-01-22T05:00:00Z,17552.5,17554.75,17530.0,17535.25,7492.0
2024-01-22T06:00:00Z,17535.75,17550.0,17533.75,17543.5,9627.0
2024-01-22T07:00:00Z,17542.75,17561.0,17532.5,17538.0,15939.0
2024-01-22T08:00:00Z,17537.5,17542.25,17518.0,17534.25,19355.0
2024-01-22T09:00:00Z,17534.80078125,17544.75,17523.0,17537.75,17577.0
2024-01-22T10:00:00Z,17537.5,17547.75,17527.0,17535.75,10739.0
2024-01-22T11:00:00Z,17536.0,17555.75,17533.0,17535.75,13701.0
2024-01-22T12:00:00Z,17535.5,17582.5,17534.25,17570.0,26815.0
2024-01-22T13:00:00Z,17570.0,17572.0,17517.25,17526.75,40909.0
2024-01-22T14:00:00Z,17527.0,17584.75,17491.75,17540.0,194098.0
2024-01-22T15:00:00Z,17540.5,17552.75,17438.5,17450.5,248573.0
2024-01-22T16:00:00Z,17450.75,17514.0,17438.75,17511.0,120513.0
2024-01-22T17:00:00Z,17511.25,17513.0,17461.5,17482.75,90482.0
2024-01-22T18:00:00Z,17483.5,17486.5,17434.25,17479.25,91992.0
2024-01-22T19:00:00Z,17479.5,17487.0,17442.0,17469.25,70975.0
2024-01-22T20:00:00Z,17469.75,17490.75,17452.5,17460.25,75725.0
2024-01-22T21:00:00Z,17460.5,17462.0,17444.75,17455.5,15748.0
2024-01-22T23:00:00Z,17457.0,17474.25,17450.0,17464.5,0.0
2024-01-23T00:00:00Z,17464.25,17475.75,17461.0,17471.75,5717.0
2024-01-23T01:00:00Z,17471.75,17484.75,17454.25,17478.0,13074.0
2024-01-23T02:00:00Z,17477.75,17487.75,17468.75,17469.25,10431.0
2024-01-23T03:00:00Z,17470.25,17485.0,17464.0,17466.0,8611.0
2024-01-23T04:00:00Z,17466.0,17480.25,17465.25,17474.5,4550.0
2024-01-23T05:00:00Z,17474.25,17480.25,17468.25,17470.5,5171.0
2024-01-23T06:00:00Z,17470.25,17481.0,17468.5,17476.5,4944.0
2024-01-23T07:00:00Z,17476.5,17487.25,17472.5,17479.75,10193.0
2024-01-23T08:00:00Z,17480.0,17482.5,17421.5,17437.5,27805.0
2024-01-23T09:00:00Z,17437.25,17467.0,17434.0,17463.5,18173.0
2024-01-23T10:00:00Z,17463.25,17463.5,17436.0,17442.25,14473.0
2024-01-23T11:00:00Z,17459.5,17478.0,17448.75,17474.25,19060.0
2024-01-23T12:00:00Z,17474.0,17488.0,17465.5,17482.0,20791.0
2024-01-23T13:00:00Z,17481.75,17525.5,17480.25,17500.0,44692.0
2024-01-23T14:00:00Z,17499.75,17501.0,17409.25,17473.75,179489.0
2024-01-23T15:00:00Z,17473.75,17484.75,17427.75,17452.5,173755.0
2024-01-23T16:00:00Z,17453.25,17479.0,17426.75,17466.5,104046.0
2024-01-23T17:00:00Z,17466.75,17493.75,17441.75,17489.5,58877.0
2024-01-23T18:00:00Z,17489.75,17493.0,17460.0,17482.0,61275.0
2024-01-23T19:00:00Z,17482.0,17500.75,17464.5,17494.0,58601.0
2024-01-23T20:00:00Z,17494.5,17539.0,17489.5,17529.25,84598.0
2024-01-23T21:00:00Z,17529.25,17558.25,17510.0,17551.0,28756.0
2024-01-23T23:00:00Z,17551.5,17578.25,17551.5,17576.0,0.0
2024-01-24T00:00:00Z,17575.75,17588.75,17570.25,17585.5,8057.0
2024-01-24T01:00:00Z,17585.0,17585.5,17568.75,17582.75,9085.0
2024-01-24T02:00:00Z,17582.75,17587.25,17575.0,17586.25,5739.0
2024-01-24T03:00:00Z,17586.0,17597.5,17584.5,17593.5,8842.0
2024-01-24T04:00:00Z,17593.75,17596.75,17588.5,17593.75,3196.0
2024-01-24T05:00:00Z,17594.25,17609.25,17591.0,17603.25,8186.0
2024-01-24T06:00:00Z,17603.5,17631.25,17600.75,17620.25,14459.0
2024-01-24T07:00:00Z,17620.5,17641.5,17617.0,17633.0,22870.0
2024-01-24T08:00:00Z,17633.0,17653.25,17628.0,17649.0,20187.0
2024-01-24T09:00:00Z,17649.0,17666.75,17643.25,17660.75,17300.0
2024-01-24T10:00:00Z,17660.5,17665.25,17641.5,17651.0,13376.0
2024-01-24T11:00:00Z,17651.0,17662.25,17643.25,17645.5,13749.0
2024-01-24T12:00:00Z,17645.25,17670.75,17641.0,17663.0,18581.0
2024-01-24T13:00:00Z,17663.25,17692.25,17655.75,17664.5,40211.0
2024-01-24T14:00:00Z,17664.5,17695.5,17637.25,17669.75,175910.0
2024-01-24T15:00:00Z,17669.5,17765.0,17638.5,17735.75,219054.0
2024-01-24T16:00:00Z,17736.0,17753.5,17688.0,17749.75,135728.0
2024-01-24T17:00:00Z,17749.75,17794.0,17735.0,17784.75,107094.0
2024-01-24T18:00:00Z,17785.25,17785.25,17697.25,17714.5,134491.0
2024-01-24T19:00:00Z,17714.75,17719.0,17632.0,17664.0,122220.0
2024-01-24T20:00:00Z,17664.5,17683.25,17604.25,17624.75,130253.0
2024-01-24T21:00:00Z,17625.0,17635.0,17570.0,17633.0,38707.0
2024-01-24T23:00:00Z,17618.75,17627.75,17606.0,17617.0,0.0
2024-01-25T00:00:00Z,17616.75,17623.0,17600.0,17622.75,9605.0
2024-01-25T01:00:00Z,17623.0,17634.75,17590.5,17608.25,16456.0
2024-01-25T02:00:00Z,17608.5,17618.0,17588.5,17601.5,11285.0
2024-01-25T03:00:00Z,17602.0,17609.0,17593.25,17605.75,5873.0
2024-01-25T04:00:00Z,17605.75,17617.5,17603.5,17610.5,4217.0
2024-01-25T05:00:00Z,17609.75,17627.5,17609.0,17625.5,6700.0
2024-01-25T06:00:00Z,17625.5,17630.75,17614.5,17623.5,6735.0
2024-01-25T07:00:00Z,17623.0,17647.0,17620.5,17628.0,11762.0
2024-01-25T08:00:00Z,17627.75,17655.25,17602.75,17636.0,25007.0
2024-01-25T09:00:00Z,17632.5,17641.0,17616.0,17628.0,15869.0
2024-01-25T10:00:00Z,17627.75,17628.75,17610.5,17615.25,11809.0
2024-01-25T11:00:00Z,17615.19921875,17648.75,17611.0,17646.75,18117.0
2024-01-25T12:00:00Z,17646.75,17663.75,17634.5,17637.75,23497.0
2024-01-25T13:00:00Z,17637.75,17715.25,17615.0,17706.25,69390.0
2024-01-25T14:00:00Z,17706.75,17728.0,17660.5,17669.5,193651.0
2024-01-25T15:00:00Z,17669.25,17738.25,17649.75,17707.5,214253.0
2024-01-25T16:00:00Z,17707.5,17752.0,17684.0,17723.5,131852.0
2024-01-25T17:00:00Z,17723.75,17731.75,17633.0,17651.25,134617.0
2024-01-25T18:00:00Z,17651.75,17681.75,17570.25,17576.75,137632.0
2024-01-25T19:00:00Z,17576.75,17609.75,17541.75,17609.0,120193.0
2024-01-25T20:00:00Z,17609.0,17639.0,17590.25,17637.75,91381.0
2024-01-25T21:00:00Z,17638.0,17651.0,17578.0,17578.25,31693.0
2024-01-25T23:00:00Z,17574.25,17574.25,17530.75,17542.5,0.0
2024-01-26T00:00:00Z,17542.75,17549.75,17528.75,17530.75,14758.0
2024-01-26T01:00:00Z,17530.75,17530.75,17508.25,17519.75,19015.0
2024-01-26T02:00:00Z,17519.25,17540.0,17516.75,17518.75,11659.0
2024-01-26T03:00:00Z,17518.75,17527.5,17513.5,17517.75,7932.0
2024-01-26T04:00:00Z,17517.75,17520.5,17483.5,17490.75,14550.0
2024-01-26T05:00:00Z,17491.25,17522.75,17491.25,17506.0,13172.0
2024-01-26T06:00:00Z,17506.0,17508.0,17479.5,17499.25,19593.0
2024-01-26T07:00:00Z,17499.75,17511.25,17467.5,17470.75,18575.0
2024-01-26T08:00:00Z,17470.75,17496.75,17465.75,17483.0,20537.0
2024-01-26T09:00:00Z,17483.75,17533.0,17468.25,17532.0,24187.0
2024-01-26T10:00:00Z,17532.0,17546.75,17518.25,17534.25,21155.0
2024-01-26T11:00:00Z,17534.0,17555.0,17520.25,17552.75,17067.0
2024-01-26T12:00:00Z,17552.5,17590.25,17547.75,17566.0,25622.0
2024-01-26T13:00:00Z,17566.0,17611.5,17538.0,17598.0,71533.0
2024-01-26T14:00:00Z,17598.25,17598.5,17515.25,17549.0,172207.0
2024-01-26T15:00:00Z,17548.25,17626.75,17504.0,17626.25,188820.0
2024-01-26T16:00:00Z,17626.0,17629.75,17577.0,17609.75,113893.0
2024-01-26T17:00:00Z,17609.5,17631.25,17515.0,17527.75,124480.0
2024-01-26T18:00:00Z,17528.25,17549.25,17501.0,17518.5,90014.0
2024-01-26T19:00:00Z,17519.0,17573.75,17514.25,17562.5,81171.0
2024-01-26T20:00:00Z,17562.5,17567.5,17515.75,17528.75,77555.0
2024-01-26T21:00:00Z,17529.0,17531.75,17496.75,17504.75,19590.0
2024-01-28T23:00:00Z,17502.5,17507.5,17456.25,17479.75,15229.0
2024-01-29T00:00:00Z,17480.0,17498.25,17479.0,17496.0,9583.0
2024-01-29T01:00:00Z,17496.0,17537.75,17496.0,17536.25,16363.0
2024-01-29T02:00:00Z,17537.0,17540.5,17524.0,17534.5,8905.0
2024-01-29T03:00:00Z,17534.75,17549.5,17524.0,17539.5,10835.0
2024-01-29T04:00:00Z,17539.25,17541.25,17529.75,17530.5,3845.0
2024-01-29T05:00:00Z,17531.25,17536.5,17525.5,17532.25,4628.0
2024-01-29T06:00:00Z,17533.25,17553.0,17529.5,17545.25,7616.0
2024-01-29T07:00:00Z,17545.25,17558.0,17541.0,17557.0,7573.0
2024-01-29T08:00:00Z,17557.5,17583.25,17541.5,17579.5,16458.0
2024-01-29T09:00:00Z,17585.5,17591.0,17540.25,17547.5,20549.0
2024-01-29T10:00:00Z,17547.5,17572.75,17543.5,17563.5,11900.0
2024-01-29T11:00:00Z,17564.19921875,17574.5,17557.25,17567.75,10165.0
2024-01-29T12:00:00Z,17567.5,17578.75,17546.25,17555.25,18217.0
2024-01-29T13:00:00Z,17555.5,17566.5,17538.0,17546.0,23626.0
2024-01-29T14:00:00Z,17545.75,17584.75,17529.75,17557.75,142139.0
2024-01-29T15:00:00Z,17558.5,17570.5,17524.75,17530.0,197454.0
2024-01-29T16:00:00Z,17530.0,17582.25,17520.0,17581.0,104815.0
2024-01-29T17:00:00Z,17581.25,17609.75,17574.0,17597.5,89786.0
2024-01-29T18:00:00Z,17597.75,17604.0,17578.0,17587.5,55437.0
2024-01-29T19:00:00Z,17588.0,17634.0,17582.5,17625.75,71395.0
2024-01-29T20:00:00Z,17626.5,17714.5,17626.5,17707.25,131315.0
2024-01-29T21:00:00Z,17707.5,17710.5,17687.25,17699.25,20723.0
2024-01-29T23:00:00Z,17708.0,17731.5,17700.0,17722.0,0.0
2024-01-30T00:00:00Z,17722.0,17735.75,17710.5,17728.75,8989.0
2024-01-30T01:00:00Z,17728.75,17731.25,17703.0,17712.0,12293.0
2024-01-30T02:00:00Z,17712.5,17719.5,17705.0,17718.0,5258.0
2024-01-30T03:00:00Z,17717.5,17723.25,17708.75,17710.0,4872.0
2024-01-30T04:00:00Z,17710.5,17717.5,17709.25,17713.0,3167.0
2024-01-30T05:00:00Z,17712.5,17728.75,17712.5,17723.0,5304.0
2024-01-30T06:00:00Z,17723.75,17728.0,17700.75,17705.75,8430.0
2024-01-30T07:00:00Z,17705.5,17707.0,17676.0,17691.0,14513.0
2024-01-30T08:00:00Z,17690.5,17721.0,17665.5,17714.0,22483.0
2024-01-30T09:00:00Z,17713.5,17720.75,17684.5,17692.0,16616.0
2024-01-30T10:00:00Z,17691.75,17713.0,17688.5,17698.5,10713.0
2024-01-30T11:00:00Z,17699.0,17704.5,17683.25,17699.25,11313.0
2024-01-30T12:00:00Z,17699.5,17703.0,17677.0,17680.25,15003.0
2024-01-30T13:00:00Z,17680.75,17684.5,17651.5,17661.0,32795.0
2024-01-30T14:00:00Z,17661.25,17685.0,17644.75,17669.5,109653.0
2024-01-30T15:00:00Z,17670.5,17672.0,17616.25,17639.0,202715.0
2024-01-30T16:00:00Z,17639.5,17654.75,17625.25,17640.25,92199.0
2024-01-30T17:00:00Z,17640.25,17647.5,17562.5,17573.5,114224.0
2024-01-30T18:00:00Z,17573.75,17602.0,17554.0,17570.75,83254.0
2024-01-30T19:00:00Z,17571.0,17601.25,17548.25,17590.0,69508.0
2024-01-30T20:00:00Z,17590.25,17608.25,17576.25,17584.25,77380.0
2024-01-30T21:00:00Z,17584.0,17607.0,17466.5,17469.0,63729.0
2024-01-30T23:00:00Z,17427.5,17462.0,17409.0,17448.25,0.0
2024-01-31T00:00:00Z,17448.25,17460.75,17442.75,17446.5,9232.0
2024-01-31T01:00:00Z,17446.5,17452.5,17429.0,17432.5,7493.0
2024-01-31T02:00:00Z,17433.0,17441.75,17423.75,17439.75,7093.0
2024-01-31T03:00:00Z,17440.0,17446.5,17432.75,17438.25,5522.0
2024-01-31T04:00:00Z,17438.5,17451.75,17437.25,17448.25,3980.0
2024-01-31T05:00:00Z,17449.75,17455.5,17441.75,17443.25,7516.0
2024-01-31T06:00:00Z,17443.25,17453.5,17430.0,17431.5,8498.0
2024-01-31T07:00:00Z,17431.5,17466.0,17427.75,17455.75,10953.0
2024-01-31T08:00:00Z,17455.25,17468.75,17441.5,17449.5,11533.0
2024-01-31T09:00:00Z,17427.0,17431.5,17343.25,17379.5,43305.0
2024-01-31T10:00:00Z,17379.5,17383.5,17361.0,17362.75,16241.0
2024-01-31T11:00:00Z,17347.19921875,17396.75,17347.0,17393.25,27726.0
2024-01-31T12:00:00Z,17393.5,17430.75,17384.5,17427.5,29040.0
2024-01-31T13:00:00Z,17427.75,17454.5,17400.0,17405.5,60881.0
2024-01-31T14:00:00Z,17406.0,17426.25,17347.5,17369.5,166663.0
2024-01-31T15:00:00Z,17370.0,17383.75,17283.5,17301.5,159984.0
2024-01-31T16:00:00Z,17301.25,17350.75,17300.25,17339.75,120116.0
2024-01-31T17:00:00Z,17340.25,17371.75,17333.25,17370.5,75162.0
2024-01-31T18:00:00Z,17370.75,17403.5,17365.75,17381.0,57948.0
2024-01-31T19:00:00Z,17385.75,17483.75,17309.25,17378.75,265149.0
2024-01-31T20:00:00Z,17379.0,17385.75,17231.5,17238.25,248629.0
2024-01-31T21:00:00Z,17237.75,17271.0,17221.75,17264.5,28413.0
2024-01-31T23:00:00Z,17275.0,17291.75,17267.0,17282.5,0.0
2024-02-01T00:00:00Z,17282.5,17316.75,17280.25,17304.75,11137.0
2024-02-01T01:00:00Z,17304.0,17311.25,17291.5,17306.0,9517.0
2024-02-01T02:00:00Z,17305.25,17324.5,17301.25,17316.5,7333.0
2024-02-01T03:00:00Z,17316.75,17322.75,17287.75,17311.75,8073.0
2024-02-01T04:00:00Z,17312.25,17326.0,17310.75,17318.25,5816.0
2024-02-01T05:00:00Z,17317.75,17317.75,17297.0,17297.75,6791.0
2024-02-01T06:00:00Z,17297.75,17305.75,17267.25,17271.75,11732.0
2024-02-01T07:00:00Z,17271.75,17320.0,17262.75,17315.5,17689.0
2024-02-01T08:00:00Z,17315.0,17353.5,17313.25,17351.25,22402.0
2024-02-01T09:00:00Z,17351.0,17356.5,17321.75,17331.5,17495.0
2024-02-01T10:00:00Z,17331.5,17354.0,17326.0,17353.0,9776.0
2024-02-01T11:00:00Z,17352.75,17358.5,17325.25,17337.5,15215.0
2024-02-01T12:00:00Z,17337.5,17363.75,17329.25,17346.25,18896.0
2024-02-01T13:00:00Z,17346.0,17357.5,17302.0,17336.0,47112.0
2024-02-01T14:00:00Z,17335.75,17350.75,17285.0,17301.75,146425.0
2024-02-01T15:00:00Z,17301.75,17371.25,17270.0,17273.25,228434.0
2024-02-01T16:00:00Z,17273.5,17335.0,17264.0,17324.5,138081.0
2024-02-01T17:00:00Z,17325.0,17413.0,17322.5,17383.5,135616.0
2024-02-01T18:00:00Z,17383.5,17401.5,17330.25,17373.25,119473.0
2024-02-01T19:00:00Z,17373.5,17436.75,17373.25,17433.25,95043.0
2024-02-01T20:00:00Z,17433.0,17453.5,17404.25,17440.0,84880.0
2024-02-01T21:00:00Z,17440.0,17645.5,17416.5,17628.5,87716.0
2024-02-01T23:00:00Z,17592.0,17608.0,17579.5,17593.5,0.0
2024-02-02T00:00:00Z,17593.25,17602.5,17580.75,17602.5,7859.0
2024-02-02T01:00:00Z,17602.25,17631.0,17598.75,17622.0,11686.0
2024-02-02T02:00:00Z,17621.75,17624.5,17605.0,17618.5,7228.0
2024-02-02T03:00:00Z,17619.0,17621.25,17601.25,17602.25,5223.0
2024-02-02T04:00:00Z,17602.25,17612.25,17599.5,17605.5,4412.0
2024-02-02T05:00:00Z,17606.5,17618.5,17606.5,17611.75,4644.0
2024-02-02T06:00:00Z,17612.25,17613.0,17594.25,17607.75,8401.0
2024-02-02T07:00:00Z,17607.5,17607.5,17589.75,17594.75,8716.0
2024-02-02T08:00:00Z,17595.25,17627.25,17579.0,17616.25,18103.0
2024-02-02T09:00:00Z,17621.19921875,17635.5,17599.75,17612.0,19078.0
2024-02-02T10:00:00Z,17611.75,17627.5,17598.5,17612.25,11346.0
2024-02-02T11:00:00Z,17606.19921875,17619.25,17603.75,17619.0,10145.0
2024-02-02T12:00:00Z,17619.0,17643.75,17603.5,17623.5,22098.0
2024-02-02T13:00:00Z,17623.5,17634.75,17483.25,17496.5,99556.0
2024-02-02T14:00:00Z,17496.5,17624.0,17465.75,17592.75,240672.0
2024-02-02T15:00:00Z,17589.75,17666.75,17548.25,17639.25,232620.0
2024-02-02T16:00:00Z,17640.0,17717.75,17606.0,17702.5,147019.0
2024-02-02T17:00:00Z,17702.75,17756.5,17663.75,17710.0,143507.0
2024-02-02T18:00:00Z,17709.75,17739.5,17681.0,17728.75,111578.0
2024-02-02T19:00:00Z,17729.25,17775.5,17727.5,17762.75,92677.0
2024-02-02T20:00:00Z,17762.75,17774.75,17728.75,17729.25,94793.0
2024-02-02T21:00:00Z,17729.5,17730.25,17684.0,17686.0,25350.0
2024-02-04T23:00:00Z,17695.25,17723.5,17691.5,17707.5,11861.0
2024-02-05T00:00:00Z,17708.0,17728.0,17668.75,17684.25,31652.0
2024-02-05T01:00:00Z,17684.75,17689.0,17663.5,17683.75,13267.0
2024-02-05T02:00:00Z,17683.25,17685.5,17669.0,17677.5,7697.0
2024-02-05T03:00:00Z,17677.75,17685.0,17673.0,17682.5,6694.0
2024-02-05T04:00:00Z,17682.75,17685.0,17677.75,17683.75,3200.0
2024-02-05T05:00:00Z,17684.75,17696.75,17676.75,17690.75,8852.0
2024-02-05T06:00:00Z,17691.0,17704.5,17688.0,17695.25,7984.0
2024-02-05T07:00:00Z,17694.25,17712.5,17687.75,17695.25,9332.0
2024-02-05T08:00:00Z,17695.25,17725.75,17687.0,17718.0,14191.0
2024-02-05T09:00:00Z,17717.75,17722.5,17674.5,17683.75,17521.0
2024-02-05T10:00:00Z,17684.0,17723.5,17683.5,17716.25,12470.0
2024-02-05T11:00:00Z,17709.5,17722.25,17702.0,17707.75,12589.0
2024-02-05T12:00:00Z,17708.0,17737.0,17700.25,17733.25,21175.0
2024-02-05T13:00:00Z,17732.75,17739.5,17690.25,17700.75,28842.0
2024-02-05T14:00:00Z,17700.75,17737.25,17676.5,17705.5,131939.0
2024-02-05T15:00:00Z,17704.25,17705.25,17553.75,17593.0,214797.0
2024-02-05T16:00:00Z,17593.0,17662.75,17584.25,17660.0,117787.0
2024-02-05T17:00:00Z,17659.75,17720.0,17654.0,17695.0,95431.0
2024-02-05T18:00:00Z,17695.5,17721.25,17677.0,17697.0,84435.0
2024-02-05T19:00:00Z,17697.25,17745.0,17682.5,17735.5,75236.0
2024-02-05T20:00:00Z,17735.75,17737.25,17673.25,17697.25,109801.0
2024-02-05T21:00:00Z,17697.25,17707.75,17678.75,17702.75,19713.0
2024-02-05T23:00:00Z,17702.0,17711.0,17693.0,17696.25,0.0
2024-02-06T00:00:00Z,17696.5,17712.0,17694.25,17707.0,6476.0
2024-02-06T01:00:00Z,17707.0,17721.0,17704.75,17719.5,8135.0
2024-02-06T02:00:00Z,17719.5,17731.0,17716.25,17723.75,5688.0
2024-02-06T03:00:00Z,17723.75,17738.25,17723.0,17729.5,7016.0
2024-02-06T04:00:00Z,17729.75,17742.0,17727.0,17737.5,4268.0
2024-02-06T05:00:00Z,17739.0,17750.25,17735.5,17738.0,9167.0
2024-02-06T06:00:00Z,17737.75,17741.25,17730.5,17737.0,5974.0
2024-02-06T07:00:00Z,17736.5,17768.25,17734.0,17763.25,14394.0
2024-02-06T08:00:00Z,17763.75,17768.25,17741.0,17749.5,17466.0
2024-02-06T09:00:00Z,17750.0,17757.75,17724.75,17730.5,18393.0
2024-02-06T10:00:00Z,17731.25,17737.5,17714.75,17736.5,14143.0
2024-02-06T11:00:00Z,17737.0,17741.0,17675.25,17693.25,29059.0
2024-02-06T12:00:00Z,17692.75,17707.75,17670.75,17705.25,28895.0
2024-02-06T13:00:00Z,17705.0,17745.0,17701.0,17737.0,34499.0
2024-02-06T14:00:00Z,17736.5,17767.5,17651.75,17653.75,192738.0
2024-02-06T15:00:00Z,17654.75,17659.0,17598.0,17638.0,229196.0
2024-02-06T16:00:00Z,17638.5,17663.5,17578.0,17586.75,155160.0
2024-02-06T17:00:00Z,17587.0,17616.0,17560.75,17591.25,127440.0
2024-02-06T18:00:00Z,17591.5,17633.0,17588.0,17631.0,81218.0
2024-02-06T19:00:00Z,17630.75,17640.5,17562.75,17635.5,110199.0
2024-02-06T20:00:00Z,17635.75,17663.75,17599.0,17661.75,98967.0
2024-02-06T21:00:00Z,17662.0,17668.0,17641.0,17649.5,18296.0
2024-02-06T23:00:00Z,17648.0,17662.75,17646.0,17652.0,0.0
2024-02-07T00:00:00Z,17652.0,17660.75,17645.25,17658.25,6428.0
2024-02-07T01:00:00Z,17658.5,17711.75,17658.25,17686.25,23681.0
2024-02-07T02:00:00Z,17686.25,17690.0,17675.0,17686.5,8803.0
2024-02-07T03:00:00Z,17686.5,17689.5,17660.75,17660.75,9040.0
2024-02-07T04:00:00Z,17661.0,17664.75,17653.5,17659.5,7545.0
2024-02-07T05:00:00Z,17658.75,17665.5,17652.5,17663.75,7880.0
2024-02-07T06:00:00Z,17664.25,17664.25,17629.5,17648.25,11913.0
2024-02-07T07:00:00Z,17648.0,17653.0,17631.5,17640.5,11300.0
2024-02-07T08:00:00Z,17640.75,17657.5,17636.5,17656.25,11376.0
2024-02-07T09:00:00Z,17656.5,17676.75,17648.25,17674.0,15218.0
2024-02-07T10:00:00Z,17674.25,17683.75,17652.75,17662.0,14537.0
2024-02-07T11:00:00Z,17661.75,17688.25,17657.25,17680.75,14690.0
2024-02-07T12:00:00Z,17680.75,17710.75,17653.5,17708.75,28493.0
2024-02-07T13:00:00Z,17709.25,17746.5,17705.5,17736.0,42942.0
2024-02-07T14:00:00Z,17736.25,17779.0,17718.25,17745.75,177679.0
2024-02-07T15:00:00Z,17745.5,17876.0,17725.25,17833.75,228769.0
2024-02-07T16:00:00Z,17833.5,17853.75,17802.75,17844.25,140748.0
2024-02-07T17:00:00Z,17844.25,17854.0,17779.5,17819.0,113312.0
2024-02-07T18:00:00Z,17819.0,17859.0,17787.5,17852.0,107930.0
2024-02-07T19:00:00Z,17852.25,17861.25,17831.5,17854.25,63569.0
2024-02-07T20:00:00Z,17854.25,17866.5,17830.5,17841.75,71742.0
2024-02-07T21:00:00Z,17841.25,17860.75,17834.25,17856.0,15150.0
2024-02-07T23:00:00Z,17851.0,17854.75,17835.0,17842.5,0.0
2024-02-08T00:00:00Z,17842.25,17844.0,17836.25,17838.75,3652.0
2024-02-08T01:00:00Z,17839.5,17852.5,17837.25,17851.75,7307.0
2024-02-08T02:00:00Z,17851.5,17858.0,17843.25,17846.5,5840.0
2024-02-08T03:00:00Z,17846.0,17850.0,17843.75,17846.25,2189.0
2024-02-08T04:00:00Z,17846.5,17853.25,17845.75,17850.75,2145.0
2024-02-08T05:00:00Z,17850.75,17854.25,17842.5,17847.0,4119.0
2024-02-08T06:00:00Z,17846.75,17857.75,17843.0,17855.0,5661.0
2024-02-08T07:00:00Z,17854.75,17862.5,17845.0,17847.25,7511.0
2024-02-08T08:00:00Z,17847.25,17853.25,17823.5,17835.25,15686.0
2024-02-08T09:00:00Z,17846.0,17853.5,17841.5,17847.5,12208.0
2024-02-08T10:00:00Z,17847.75,17851.5,17832.25,17838.25,9074.0
2024-02-08T11:00:00Z,17838.75,17840.0,17801.5,17811.5,20389.0
2024-02-08T12:00:00Z,17811.5,17821.75,17803.25,17807.5,19140.0
2024-02-08T13:00:00Z,17808.0,17828.25,17791.5,17826.0,39179.0
2024-02-08T14:00:00Z,17825.75,17852.5,17807.5,17851.0,127623.0
2024-02-08T15:00:00Z,17851.25,17892.25,17823.5,17889.25,183700.0
2024-02-08T16:00:00Z,17889.25,17894.5,17858.75,17886.5,98489.0
2024-02-08T17:00:00Z,17886.0,17896.5,17849.25,17856.5,83725.0
2024-02-08T18:00:00Z,17856.75,17892.25,17851.75,17868.75,76703.0
2024-02-08T19:00:00Z,17868.75,17875.5,17826.25,17863.25,82188.0
2024-02-08T20:00:00Z,17863.25,17879.5,17848.0,17865.25,68623.0
2024-02-08T21:00:00Z,17865.5,17865.75,17852.0,17861.0,13121.0
2024-02-08T23:00:00Z,17857.25,17871.25,17851.75,17867.25,0.0
2024-02-09T00:00:00Z,17867.5,17878.0,17858.5,17859.5,6257.0
2024-02-09T01:00:00Z,17859.25,17865.5,17852.0,17854.25,6056.0
2024-02-09T02:00:00Z,17854.75,17864.5,17853.5,17861.25,3472.0
2024-02-09T03:00:00Z,17860.75,17871.25,17860.5,17869.0,3820.0
2024-02-09T04:00:00Z,17869.0,17870.25,17861.5,17864.25,2356.0
2024-02-09T05:00:00Z,17864.0,17871.25,17860.25,17863.75,2984.0
2024-02-09T06:00:00Z,17863.25,17867.0,17859.75,17861.75,3117.0
2024-02-09T07:00:00Z,17862.0,17887.5,17862.0,17886.5,8535.0
2024-02-09T08:00:00Z,17886.5,17926.5,17885.25,17920.0,21356.0
2024-02-09T09:00:00Z,17919.5,17919.5,17884.25,17904.75,15631.0
2024-02-09T10:00:00Z,17904.5,17921.0,17902.25,17914.25,10623.0
2024-02-09T11:00:00Z,17914.75,17924.75,17900.0,17918.5,12019.0
2024-02-09T12:00:00Z,17918.5,17939.25,17914.25,17915.5,19626.0
2024-02-09T13:00:00Z,17915.75,17971.5,17902.25,17930.5,68945.0
2024-02-09T14:00:00Z,17930.75,17944.25,17875.25,17940.25,148342.0
2024-02-09T15:00:00Z,17940.25,17997.0,17922.75,17982.0,156954.0
2024-02-09T16:00:00Z,17994.0,18008.25,17967.0,17992.5,111370.0
2024-02-09T17:00:00Z,17992.5,18027.0,17978.0,18024.0,75245.0
2024-02-09T18:00:00Z,18024.0,18044.75,18020.0,18038.5,56878.0
2024-02-09T19:00:00Z,18038.5,18071.0,18030.0,18055.5,54114.0
2024-02-09T20:00:00Z,18055.75,18057.25,18030.0,18039.0,76773.0
2024-02-09T21:00:00Z,18038.75,18042.0,18028.0,18037.75,17661.0
2024-02-11T23:00:00Z,18039.25,18042.5,18003.25,18035.0,13081.0
2024-02-12T00:00:00Z,18034.75,18039.0,18025.25,18033.25,5183.0
2024-02-12T01:00:00Z,18033.25,18041.0,18032.0,18035.75,3320.0
2024-02-12T02:00:00Z,18036.25,18036.5,18030.5,18031.5,2144.0
2024-02-12T03:00:00Z,18031.75,18034.0,18026.75,18028.0,1921.0
2024-02-12T04:00:00Z,18027.25,18033.75,18016.75,18020.0,4472.0
2024-02-12T05:00:00Z,18019.75,18022.25,18015.75,18019.0,2948.0
2024-02-12T06:00:00Z,18018.75,18030.0,18018.0,18023.0,4529.0
2024-02-12T07:00:00Z,18022.75,18049.0,18020.5,18037.75,9592.0
2024-02-12T08:00:00Z,18037.75,18055.25,18035.0,18043.5,8952.0
2024-02-12T09:00:00Z,18053.80078125,18059.5,18046.5,18051.0,9237.0
2024-02-12T10:00:00Z,18051.5,18059.0,18043.25,18050.75,6625.0
2024-02-12T11:00:00Z,18044.19921875,18056.5,18042.0,18044.75,6506.0
2024-02-12T12:00:00Z,18044.5,18050.25,18031.25,18040.25,10893.0
2024-02-12T13:00:00Z,18040.0,18048.0,18026.25,18029.5,16322.0
2024-02-12T14:00:00Z,18029.25,18051.0,18007.25,18040.0,128323.0
2024-02-12T15:00:00Z,18040.5,18084.0,18014.25,18079.5,130444.0
2024-02-12T16:00:00Z,18079.75,18121.5,18062.25,18100.25,122702.0
2024-02-12T17:00:00Z,18100.25,18108.5,18066.5,18103.75,78421.0
2024-02-12T18:00:00Z,18103.75,18109.25,17991.75,18020.5,134451.0
2024-02-12T19:00:00Z,18020.5,18025.25,17936.25,17951.0,147714.0
2024-02-12T20:00:00Z,17951.5,17985.75,17948.25,17963.25,84795.0
2024-02-12T21:00:00Z,17963.0,17968.25,17911.0,17929.75,25093.0
2024-02-12T23:00:00Z,17929.75,17940.5,17916.75,17937.25,0.0
2024-02-13T00:00:00Z,17938.0,17939.5,17920.5,17929.5,7621.0
2024-02-13T01:00:00Z,17929.25,17931.75,17920.75,17926.5,3597.0
2024-02-13T02:00:00Z,17926.25,17939.75,17921.5,17934.0,4229.0
2024-02-13T03:00:00Z,17934.0,17934.75,17924.5,17926.25,3177.0
2024-02-13T04:00:00Z,17926.0,17932.5,17923.75,17931.5,2947.0
2024-02-13T05:00:00Z,17929.5,17943.5,17929.5,17939.75,4954.0
2024-02-13T06:00:00Z,17939.5,17960.25,17939.5,17952.0,9137.0
2024-02-13T07:00:00Z,17952.5,17959.0,17940.0,17954.0,8430.0
2024-02-13T08:00:00Z,17954.25,17963.5,17889.25,17893.25,25580.0
2024-02-13T09:00:00Z,17899.19921875,17901.75,17861.75,17869.25,28306.0
2024-02-13T10:00:00Z,17869.25,17873.25,17843.25,17852.0,23484.0
2024-02-13T11:00:00Z,17852.25,17860.0,17835.0,17841.25,17270.0
2024-02-13T12:00:00Z,17841.25,17844.5,17807.0,17832.5,32929.0
2024-02-13T13:00:00Z,17832.75,17872.5,17637.5,17661.25,143098.0
2024-02-13T14:00:00Z,17661.75,17684.0,17586.5,17674.0,226852.0
2024-02-13T15:00:00Z,17674.5,17792.0,17631.0,17733.5,244314.0
2024-02-13T16:00:00Z,17737.25,17777.0,17715.75,17721.75,155199.0
2024-02-13T17:00:00Z,17721.5,17728.0,17662.5,17674.0,119680.0
2024-02-13T18:00:00Z,17673.75,17697.75,17647.5,17657.25,94330.0
2024-02-13T19:00:00Z,17657.0,17657.75,17569.75,17579.0,144782.0
2024-02-13T20:00:00Z,17578.75,17681.5,17546.25,17679.75,147414.0
2024-02-13T21:00:00Z,17680.25,17703.0,17670.75,17699.0,22232.0
2024-02-13T23:00:00Z,17703.0,17706.0,17681.25,17690.25,0.0
2024-02-14T00:00:00Z,17690.25,17693.5,17673.5,17686.75,9261.0
2024-02-14T01:00:00Z,17687.0,17689.5,17670.0,17680.0,8710.0
2024-02-14T02:00:00Z,17680.75,17688.25,17669.25,17673.75,5292.0
2024-02-14T03:00:00Z,17673.5,17681.5,17671.5,17676.75,3891.0
2024-02-14T04:00:00Z,17677.25,17687.25,17671.25,17685.25,3159.0
2024-02-14T05:00:00Z,17684.25,17691.0,17683.75,17685.5,4885.0
2024-02-14T06:00:00Z,17685.0,17705.5,17684.5,17704.25,8519.0
2024-02-14T07:00:00Z,17703.75,17744.0,17692.75,17741.25,22701.0
2024-02-14T08:00:00Z,17740.75,17755.25,17730.5,17752.5,16288.0
2024-02-14T09:00:00Z,17758.19921875,17795.75,17756.75,17793.0,20914.0
2024-02-14T10:00:00Z,17792.5,17796.25,17775.5,17789.0,14218.0
2024-02-14T11:00:00Z,17771.5,17791.75,17758.0,17789.5,21661.0
2024-02-14T12:00:00Z,17789.25,17811.75,17782.75,17789.5,26153.0
2024-02-14T13:00:00Z,17789.75,17811.0,17767.0,17778.5,46522.0
2024-02-14T14:00:00Z,17778.5,17818.75,17743.0,17789.25,174939.0
2024-02-14T15:00:00Z,17789.25,17847.0,17744.0,17744.25,225836.0
2024-02-14T16:00:00Z,17744.25,17768.25,17703.25,17728.0,175928.0
2024-02-14T17:00:00Z,17729.25,17787.5,17690.5,17777.5,120398.0
2024-02-14T18:00:00Z,17777.5,17814.0,17738.5,17785.25,115294.0
2024-02-14T19:00:00Z,17785.5,17797.75,17730.0,17796.75,108365.0
2024-02-14T20:00:00Z,17797.0,17887.0,17784.25,17869.5,120414.0
2024-02-14T21:00:00Z,17869.5,17880.75,17857.0,17874.5,22970.0
2024-02-14T23:00:00Z,17873.25,17881.5,17865.75,17878.75,0.0
2024-02-15T00:00:00Z,17879.0,17879.0,17867.0,17871.75,6292.0
2024-02-15T01:00:00Z,17871.75,17872.75,17844.0,17852.25,10415.0
2024-02-15T02:00:00Z,17851.75,17874.25,17846.5,17874.0,6633.0
2024-02-15T03:00:00Z,17874.0,17881.0,17871.75,17873.0,5885.0
2024-02-15T04:00:00Z,17873.25,17877.5,17866.25,17876.25,3843.0
2024-02-15T05:00:00Z,17875.75,17883.75,17872.25,17875.25,4652.0
2024-02-15T06:00:00Z,17875.5,17900.5,17867.25,17896.5,10496.0
2024-02-15T07:00:00Z,17896.25,17923.0,17892.75,17910.0,14954.0
2024-02-15T08:00:00Z,17910.0,17927.25,17905.25,17918.75,16166.0
2024-02-15T09:00:00Z,17919.0,17920.0,17881.25,17891.25,18054.0
2024-02-15T10:00:00Z,17891.0,17900.5,17882.25,17893.25,10941.0
2024-02-15T11:00:00Z,17902.5,17908.0,17896.75,17901.0,11387.0
2024-02-15T12:00:00Z,17900.0,17919.0,17899.0,17906.75,13934.0
2024-02-15T13:00:00Z,17906.5,17934.0,17879.0,17899.5,64533.0
2024-02-15T14:00:00Z,17899.75,17903.0,17810.5,17816.75,184955.0
2024-02-15T15:00:00Z,17817.0,17863.25,17797.25,17847.0,220400.0
2024-02-15T16:00:00Z,17847.5,17853.75,17780.25,17835.5,158023.0
2024-02-15T17:00:00Z,17835.75,17882.75,17819.5,17853.25,99661.0
2024-02-15T18:00:00Z,17853.5,17932.75,17848.5,17911.25,115533.0
2024-02-15T19:00:00Z,17911.5,17928.5,17881.0,17906.75,102037.0
2024-02-15T20:00:00Z,17907.0,17916.75,17873.25,17913.5,103877.0
2024-02-15T21:00:00Z,17914.0,17968.5,17911.25,17912.75,33203.0
2024-02-15T23:00:00Z,17949.25,17960.0,17944.25,17952.5,0.0
2024-02-16T00:00:00Z,17952.0,17953.5,17927.5,17933.0,7479.0
2024-02-16T01:00:00Z,17933.75,17935.0,17911.25,17929.5,9389.0
2024-02-16T02:00:00Z,17929.25,17942.25,17922.25,17941.0,6171.0
2024-02-16T03:00:00Z,17940.5,17944.0,17934.5,17942.0,3847.0
2024-02-16T04:00:00Z,17941.75,17948.75,17938.25,17939.5,4432.0
2024-02-16T05:00:00Z,17938.75,17947.5,17931.5,17932.0,4532.0
2024-02-16T06:00:00Z,17932.0,17955.0,17932.0,17954.0,6307.0
2024-02-16T07:00:00Z,17954.0,17974.75,17947.25,17965.25,11338.0
2024-02-16T08:00:00Z,17965.25,18012.75,17962.5,18008.5,19064.0
2024-02-16T09:00:00Z,17999.5,18018.5,17994.25,18007.0,14365.0
2024-02-16T10:00:00Z,18006.5,18026.25,18005.0,18016.5,10413.0
2024-02-16T11:00:00Z,18017.5,18025.75,18010.0,18016.0,10209.0
2024-02-16T12:00:00Z,18016.0,18018.0,17993.75,17995.25,16744.0
2024-02-16T13:00:00Z,17995.5,18009.0,17903.0,17940.25,78980.0
2024-02-16T14:00:00Z,17940.25,17950.5,17753.75,17773.0,229577.0
2024-02-16T15:00:00Z,17777.0,17819.5,17713.75,17807.0,261902.0
2024-02-16T16:00:00Z,17807.5,17892.0,17803.75,17877.25,169315.0
2024-02-16T17:00:00Z,17877.0,17887.0,17845.25,17857.25,97771.0
2024-02-16T18:00:00Z,17857.5,17879.0,17802.25,17875.5,111336.0
2024-02-16T19:00:00Z,17875.5,17903.5,17769.0,17790.25,131109.0
2024-02-16T20:00:00Z,17790.75,17797.5,17722.5,17747.25,138991.0
2024-02-16T21:00:00Z,17747.0,17752.0,17714.75,17721.25,20199.0
2024-02-18T23:00:00Z,17728.5,17793.0,17725.25,17777.5,14180.0
2024-02-19T00:00:00Z,17777.75,17796.0,17773.75,17793.5,9512.0
2024-02-19T01:00:00Z,17794.0,17803.25,17747.0,17767.75,18942.0
2024-02-19T02:00:00Z,17767.5,17777.0,17760.0,17766.75,8920.0
2024-02-19T03:00:00Z,17766.75,17775.75,17764.5,17768.75,5124.0
2024-02-19T04:00:00Z,17768.25,17783.25,17766.0,17779.25,4320.0
2024-02-20T05:00:00Z,17680.5,17688.0,17668.0,17685.5,7276.0
2024-02-20T06:00:00Z,17685.0,17712.75,17683.25,17705.0,12054.0
2024-02-20T07:00:00Z,17705.75,17724.75,17696.75,17715.75,14321.0
2024-02-20T08:00:00Z,17715.75,17719.5,17636.5,17675.0,38349.0
2024-02-20T09:00:00Z,17675.5,17714.75,17655.25,17665.5,27989.0
2024-02-20T10:00:00Z,17665.0,17665.75,17618.75,17628.75,28130.0
2024-02-20T11:00:00Z,17628.75,17655.75,17613.75,17654.25,21904.0
2024-02-20T12:00:00Z,17654.25,17685.5,17648.5,17675.0,27145.0
2024-02-20T13:00:00Z,17675.5,17699.75,17656.5,17673.25,43511.0
2024-02-20T14:00:00Z,17673.5,17724.0,17543.5,17562.75,234951.0
2024-02-20T15:00:00Z,17562.75,17577.0,17482.0,17574.25,242004.0
2024-02-20T16:00:00Z,17574.5,17598.0,17504.25,17506.0,151263.0
2024-02-20T17:00:00Z,17506.0,17515.0,17452.5,17503.75,134807.0
2024-02-20T18:00:00Z,17503.5,17533.0,17475.75,17531.75,108865.0
2024-02-20T19:00:00Z,17532.0,17576.75,17505.25,17570.0,121935.0
2024-02-20T20:00:00Z,17570.75,17614.0,17530.25,17612.25,152097.0
2024-02-20T21:00:00Z,17612.25,17613.75,17574.75,17582.75,24225.0
2024-02-20T23:00:00Z,17574.75,17590.75,17563.25,17568.25,0.0
2024-02-21T00:00:00Z,17568.75,17583.25,17556.5,17557.5,9296.0
2024-02-21T01:00:00Z,17557.5,17566.5,17538.5,17563.0,16123.0
2024-02-21T02:00:00Z,17563.25,17567.0,17547.0,17554.0,8050.0
2024-02-21T03:00:00Z,17554.25,17562.25,17547.25,17560.25,4650.0
2024-02-21T04:00:00Z,17560.75,17565.5,17553.75,17555.0,3984.0
2024-02-21T05:00:00Z,17554.75,17563.75,17545.75,17561.75,6241.0
2024-02-21T06:00:00Z,17561.5,17575.25,17553.25,17570.75,10531.0
2024-02-21T07:00:00Z,17570.75,17586.25,17556.5,17576.5,11631.0
2024-02-21T08:00:00Z,17576.25,17579.25,17513.5,17518.75,29645.0
2024-02-21T09:00:00Z,17519.25,17539.5,17514.5,17531.75,16329.0
2024-02-21T10:00:00Z,17531.75,17554.25,17525.75,17543.0,14987.0
2024-02-21T11:00:00Z,17543.0,17547.0,17513.25,17528.75,19187.0
2024-02-21T12:00:00Z,17528.5,17538.25,17483.75,17488.0,41476.0
2024-02-21T13:00:00Z,17488.0,17510.0,17480.75,17504.5,42000.0
2024-02-21T14:00:00Z,17504.75,17514.75,17448.5,17473.25,195260.0
2024-02-21T15:00:00Z,17473.0,17525.75,17454.25,17469.25,205632.0
2024-02-21T16:00:00Z,17469.0,17519.0,17466.75,17506.25,117155.0
2024-02-21T17:00:00Z,17506.75,17508.75,17435.25,17478.25,126315.0
2024-02-21T18:00:00Z,17478.25,17486.5,17428.25,17453.5,101038.0
2024-02-21T19:00:00Z,17454.25,17487.5,17373.0,17405.75,152279.0
2024-02-21T20:00:00Z,17406.0,17542.25,17382.5,17536.75,140249.0
2024-02-21T21:00:00Z,17536.75,17715.5,17409.25,17710.0,101169.0
2024-02-21T23:00:00Z,17704.0,17710.0,17675.5,17704.0,0.0
2024-02-22T00:00:00Z,17703.5,17787.25,17702.5,17771.0,36289.0
2024-02-22T01:00:00Z,17771.0,17796.0,17765.0,17769.5,21354.0
2024-02-22T02:00:00Z,17769.25,17794.75,17759.0,17794.5,13994.0
2024-02-22T03:00:00Z,17794.5,17802.25,17782.75,17785.75,11283.0
2024-02-22T04:00:00Z,17785.0,17798.75,17783.0,17797.75,5583.0
2024-02-22T05:00:00Z,17798.0,17816.25,17785.0,17792.0,13311.0
2024-02-22T06:00:00Z,17792.25,17830.0,17784.5,17828.0,16059.0
2024-02-22T07:00:00Z,17828.25,17843.75,17811.75,17839.75,16242.0
2024-02-22T08:00:00Z,17840.25,17897.25,17840.25,17892.0,36723.0
2024-02-22T09:00:00Z,17881.80078125,17894.25,17857.75,17884.0,29556.0
2024-02-22T10:00:00Z,17884.0,17893.5,17869.25,17888.75,15139.0
2024-02-22T11:00:00Z,17882.0,17925.75,17877.75,17909.5,27222.0
2024-02-22T12:00:00Z,17908.75,17910.75,17881.25,17888.25,25095.0
2024-02-22T13:00:00Z,17887.5,17908.0,17872.5,17897.25,32520.0
2024-02-22T14:00:00Z,17897.0,17970.25,17864.0,17922.0,222310.0
2024-02-22T15:00:00Z,17922.0,17975.0,17896.25,17913.5,212681.0
2024-02-22T16:00:00Z,17914.0,17981.25,17905.25,17952.0,133358.0
2024-02-22T17:00:00Z,17951.5,18019.0,17935.0,18018.5,98199.0
2024-02-22T18:00:00Z,18018.25,18056.0,18002.5,18052.5,75903.0
2024-02-22T19:00:00Z,18052.75,18087.0,17536.75,18050.75,95302.0
2024-02-22T20:00:00Z,18050.25,18084.75,18040.5,18044.5,123823.0
2024-02-22T21:00:00Z,18044.75,18045.0,18008.5,18024.5,29730.0
2024-02-22T23:00:00Z,18025.25,18049.75,18019.0,18041.5,0.0
2024-02-23T00:00:00Z,18041.0,18043.5,18015.25,18027.5,13124.0
2024-02-23T01:00:00Z,18027.75,18049.0,18022.5,18040.0,10708.0
2024-02-23T02:00:00Z,18040.25,18047.75,18038.25,18040.75,5276.0
2024-02-23T03:00:00Z,18040.75,18047.5,18034.25,18044.75,4763.0
2024-02-23T04:00:00Z,18044.25,18051.5,18041.5,18048.75,3621.0
2024-02-23T05:00:00Z,18050.0,18054.5,18042.5,18050.0,5511.0
2024-02-23T06:00:00Z,18050.0,18055.5,18035.25,18041.5,7298.0
2024-02-23T07:00:00Z,18041.75,18050.0,18028.0,18045.0,10081.0
2024-02-23T08:00:00Z,18045.0,18045.75,18013.0,18022.5,16622.0
2024-02-23T09:00:00Z,18022.75,18029.75,17999.0,18017.0,16358.0
2024-02-23T10:00:00Z,18016.5,18029.0,18002.5,18020.0,12042.0
2024-02-23T11:00:00Z,18025.5,18037.25,18021.75,18036.75,11055.0
2024-02-23T12:00:00Z,18036.5,18046.0,18021.5,18042.25,15707.0
2024-02-23T13:00:00Z,18042.25,18082.75,18031.5,18073.5,40270.0
2024-02-23T14:00:00Z,18073.5,18145.0,18060.75,18079.75,184909.0
2024-02-23T15:00:00Z,18080.0,18092.5,18013.0,18017.75,237198.0
2024-02-23T16:00:00Z,18018.25,18038.5,17946.0,18036.75,213329.0
2024-02-23T17:00:00Z,18036.75,18063.5,17993.75,18043.0,134373.0
2024-02-23T18:00:00Z,18042.75,18061.5,18027.0,18036.5,81887.0
2024-02-23T19:00:00Z,18036.75,18038.0,17989.0,18015.25,96144.0
2024-02-23T20:00:00Z,18014.5,18020.0,17963.5,17986.0,117103.0
2024-02-23T21:00:00Z,17986.25,17987.5,17956.5,17961.0,23238.0
2024-02-25T23:00:00Z,17962.75,17988.5,17941.25,17982.5,11806.0
2024-02-26T00:00:00Z,17982.5,17984.5,17922.0,17929.5,25333.0
2024-02-26T01:00:00Z,17930.0,17957.75,17922.75,17940.0,17995.0
2024-02-26T02:00:00Z,17939.75,17964.75,17935.25,17953.0,12165.0
2024-02-26T03:00:00Z,17952.5,17955.25,17943.5,17948.25,6010.0
2024-02-26T04:00:00Z,17948.75,17953.0,17939.0,17949.75,5221.0
2024-02-26T05:00:00Z,17949.25,17961.5,17947.5,17952.75,6467.0
2024-02-26T06:00:00Z,17952.75,17958.0,17929.25,17941.0,10584.0
2024-02-26T07:00:00Z,17941.25,17949.75,17929.5,17943.25,11453.0
2024-02-26T08:00:00Z,17943.25,17971.75,17942.25,17963.75,14578.0
2024-02-26T09:00:00Z,17947.5,17993.25,17944.25,17991.5,19045.0
2024-02-26T10:00:00Z,17991.25,18000.5,17982.0,17993.5,12383.0
2024-02-26T11:00:00Z,17993.75,18005.25,17981.25,17989.0,12453.0
2024-02-26T12:00:00Z,17989.25,17993.25,17975.0,17978.0,17367.0
2024-02-26T13:00:00Z,17978.25,18028.0,17972.25,18015.5,32362.0
2024-02-26T14:00:00Z,18015.0,18050.75,17966.0,17985.25,164165.0
2024-02-26T15:00:00Z,17984.5,18041.0,17968.0,18017.25,176494.0
2024-02-26T16:00:00Z,18018.0,18058.5,17992.75,18046.0,130084.0
2024-02-26T17:00:00Z,18046.0,18059.75,18016.75,18027.0,87987.0
2024-02-26T18:00:00Z,18027.25,18044.5,17980.25,18014.5,103611.0
2024-02-26T19:00:00Z,18014.25,18041.75,18005.5,18016.0,78668.0
2024-02-26T20:00:00Z,18016.5,18036.0,17973.5,17977.25,92469.0
2024-02-26T21:00:00Z,17977.0,17977.25,17944.5,17949.25,20531.0
2024-02-26T23:00:00Z,17953.75,17970.0,17942.5,17963.0,0.0
2024-02-27T00:00:00Z,17962.5,17965.25,17938.25,17958.5,10252.0
2024-02-27T01:00:00Z,17958.75,17968.0,17952.75,17962.0,7654.0
2024-02-27T02:00:00Z,17962.25,17966.75,17941.75,17948.0,8906.0
2024-02-27T03:00:00Z,17947.75,17959.25,17942.0,17955.25,6307.0
2024-02-27T04:00:00Z,17955.75,17958.25,17947.0,17955.5,3893.0
2024-02-27T05:00:00Z,17954.75,17957.0,17927.75,17938.25,8907.0
2024-02-27T06:00:00Z,17938.25,17947.5,17932.0,17943.75,5417.0
2024-02-27T07:00:00Z,17944.25,17984.5,17942.25,17977.5,15303.0
2024-02-27T08:00:00Z,17977.75,17990.0,17952.25,17962.25,18962.0
2024-02-27T09:00:00Z,17996.19921875,18016.0,17989.5,18014.0,21335.0
2024-02-27T10:00:00Z,18013.75,18024.75,18000.25,18014.75,14322.0
2024-02-27T11:00:00Z,18014.25,18017.5,17999.0,18004.75,10586.0
2024-02-27T12:00:00Z,18005.0,18040.5,18003.25,18030.0,20197.0
2024-02-27T13:00:00Z,18030.25,18033.75,17987.0,18027.0,45772.0
2024-02-27T14:00:00Z,18026.75,18029.25,17938.0,17990.0,174648.0
2024-02-27T15:00:00Z,17988.75,18032.5,17977.0,18012.75,205671.0
2024-02-27T16:00:00Z,18013.0,18015.5,17965.0,18000.75,122335.0
2024-02-27T17:00:00Z,18000.75,18010.0,17921.5,17928.5,111244.0
2024-02-27T18:00:00Z,17928.75,17972.25,17908.5,17970.25,103549.0
2024-02-27T19:00:00Z,17970.25,18030.0,17969.5,18026.75,87621.0
2024-02-27T20:00:00Z,18026.75,18031.75,18001.0,18017.5,85534.0
2024-02-27T21:00:00Z,18017.5,18025.0,18006.0,18012.0,14796.0
2024-02-27T23:00:00Z,18014.0,18019.75,18003.75,18005.0,0.0
2024-02-28T00:00:00Z,18004.75,18010.25,18001.5,18002.25,5838.0
2024-02-28T01:00:00Z,18002.25,18014.0,17993.0,18009.75,8923.0
2024-02-28T02:00:00Z,18010.25,18015.0,18005.5,18011.0,4114.0
2024-02-28T03:00:00Z,18011.0,18017.25,18005.5,18016.5,3699.0
2024-02-28T04:00:00Z,18016.0,18016.5,17998.5,18001.5,4904.0
2024-02-28T05:00:00Z,18001.25,18007.75,17994.0,17997.5,5777.0
2024-02-28T06:00:00Z,17997.25,17999.0,17982.0,17995.0,7782.0
2024-02-28T07:00:00Z,17995.0,18004.25,17970.0,17978.75,15104.0
2024-02-28T08:00:00Z,17979.5,17986.5,17938.25,17946.0,25013.0
2024-02-28T09:00:00Z,17946.25,17963.0,17892.0,17898.0,36692.0
2024-02-28T10:00:00Z,17897.75,17946.75,17895.0,17941.75,25767.0
2024-02-28T11:00:00Z,17941.5,17958.0,17932.0,17946.75,16726.0
2024-02-28T12:00:00Z,17946.75,17957.25,17922.25,17924.0,22177.0
2024-02-28T13:00:00Z,17924.25,17961.0,17918.5,17944.75,52463.0
2024-02-28T14:00:00Z,17945.0,17946.5,17876.25,17896.5,190914.0
2024-02-28T15:00:00Z,17896.25,17931.0,17879.75,17928.75,165821.0
2024-02-28T16:00:00Z,17928.25,17975.0,17928.0,17963.25,117883.0
2024-02-28T17:00:00Z,17963.25,17966.75,17896.25,17917.0,110971.0
2024-02-28T18:00:00Z,17917.25,17956.25,17893.75,17949.5,91279.0
2024-02-28T19:00:00Z,17949.25,17954.75,17884.0,17914.25,104817.0
2024-02-28T20:00:00Z,17914.5,17931.5,17892.0,17917.75,93192.0
2024-02-28T21:00:00Z,17917.5,17919.25,17846.25,17860.5,34184.0
2024-02-28T23:00:00Z,17868.25,17880.0,17865.0,17869.75,0.0
2024-02-29T00:00:00Z,17869.75,17905.25,17868.25,17900.5,11679.0
2024-02-29T01:00:00Z,17900.75,17904.0,17892.0,17896.75,8566.0
2024-02-29T02:00:00Z,17897.0,17913.5,17896.0,17910.75,8168.0
2024-02-29T03:00:00Z,17910.5,17912.75,17898.75,17907.25,4779.0
2024-02-29T04:00:00Z,17907.25,17927.0,17906.75,17925.5,8435.0
2024-02-29T05:00:00Z,17926.75,17926.75,17914.0,17919.0,7649.0
2024-02-29T06:00:00Z,17918.75,17919.75,17900.75,17902.0,7432.0
2024-02-29T07:00:00Z,17902.0,17915.5,17883.25,17889.0,15964.0
2024-02-29T08:00:00Z,17888.75,17897.5,17834.0,17871.5,34872.0
2024-02-29T09:00:00Z,17848.19921875,17877.75,17847.75,17870.75,19880.0
2024-02-29T10:00:00Z,17870.25,17882.25,17862.25,17868.5,12857.0
2024-02-29T11:00:00Z,17868.5,17893.25,17865.0,17890.25,14989.0
2024-02-29T12:00:00Z,17890.25,17891.75,17858.0,17873.25,18077.0
2024-02-29T13:00:00Z,17873.25,18026.0,17859.75,18006.25,106387.0
2024-02-29T14:00:00Z,18006.25,18072.25,18006.0,18053.5,157302.0
2024-02-29T15:00:00Z,18053.0,18070.25,17981.0,18005.5,202909.0
2024-02-29T16:00:00Z,18005.25,18015.5,17898.0,17984.75,189957.0
2024-02-29T17:00:00Z,17984.25,18024.25,17969.0,18021.0,114096.0
2024-02-29T18:00:00Z,18020.5,18050.0,18018.75,18037.75,81123.0
2024-02-29T19:00:00Z,18037.75,18058.75,18007.0,18037.0,90416.0
2024-02-29T20:00:00Z,18037.25,18109.0,18020.25,18066.75,113928.0
2024-02-29T21:00:00Z,18067.25,18081.75,18036.0,18070.5,30692.0
2024-02-29T23:00:00Z,18071.5,18082.5,18044.75,18059.5,0.0
2024-03-01T00:00:00Z,18060.0,18083.5,18058.5,18082.5,9750.0
2024-03-01T01:00:00Z,18082.5,18122.0,18072.75,18118.5,16980.0
2024-03-01T02:00:00Z,18118.25,18128.25,18111.75,18125.5,9455.0
2024-03-01T03:00:00Z,18125.5,18131.0,18122.5,18129.0,6807.0
2024-03-01T04:00:00Z,18129.25,18132.0,18116.75,18119.25,5962.0
2024-03-01T05:00:00Z,18119.0,18130.0,18115.5,18127.5,5549.0
2024-03-01T06:00:00Z,18127.75,18142.5,18126.75,18140.5,9227.0
2024-03-01T07:00:00Z,18140.0,18162.75,18134.0,18154.25,16966.0
2024-03-01T08:00:00Z,18154.5,18157.0,18116.75,18121.5,21874.0
2024-03-01T09:00:00Z,18123.0,18145.75,18119.75,18128.0,18464.0
2024-03-01T10:00:00Z,18128.25,18128.25,18030.25,18064.5,55554.0
2024-03-01T11:00:00Z,18065.0,18094.75,18059.0,18092.5,21516.0
2024-03-01T12:00:00Z,18092.75,18103.75,18074.0,18092.75,21956.0
2024-03-01T13:00:00Z,18092.75,18110.75,18070.75,18089.5,45275.0
2024-03-01T14:00:00Z,18089.25,18144.5,18081.25,18134.0,155450.0
2024-03-01T15:00:00Z,18134.5,18204.0,18121.75,18192.0,223071.0
2024-03-01T16:00:00Z,18191.75,18249.25,18188.25,18239.5,129541.0
2024-03-01T17:00:00Z,18239.5,18292.0,18221.75,18286.0,110254.0
2024-03-01T18:00:00Z,18286.75,18348.0,18280.75,18344.5,94916.0
2024-03-01T19:00:00Z,18344.5,18372.5,18332.5,18364.75,109773.0
2024-03-01T20:00:00Z,18360.5,18364.25,18321.5,18335.0,122821.0
2024-03-01T21:00:00Z,18335.25,18335.25,18315.0,18321.5,24336.0
2024-03-03T23:00:00Z,18335.0,18365.75,18327.75,18343.5,21447.0
2024-03-04T00:00:00Z,18344.0,18346.75,18326.5,18340.5,13667.0
2024-03-04T01:00:00Z,18340.5,18350.5,18335.75,18346.5,8475.0
2024-03-04T02:00:00Z,18347.0,18361.75,18342.75,18356.75,7378.0
2024-03-04T03:00:00Z,18356.75,18357.75,18348.0,18352.5,4378.0
2024-03-04T04:00:00Z,18353.0,18355.0,18344.0,18348.25,3200.0
2024-03-04T05:00:00Z,18349.25,18354.75,18345.75,18347.5,3961.0
2024-03-04T06:00:00Z,18347.25,18357.0,18343.25,18351.0,5424.0
2024-03-04T07:00:00Z,18352.0,18360.5,18348.0,18359.0,6222.0
2024-03-04T08:00:00Z,18359.5,18371.25,18352.5,18364.5,11806.0
2024-03-04T09:00:00Z,18364.0,18378.25,18330.75,18332.5,20281.0
2024-03-04T10:00:00Z,18332.0,18335.5,18318.5,18329.0,13778.0
2024-03-04T11:00:00Z,18328.75,18336.75,18310.25,18334.5,15859.0
2024-03-04T12:00:00Z,18335.0,18352.5,18329.0,18333.25,17076.0
2024-03-04T13:00:00Z,18333.75,18351.0,18327.0,18335.0,23032.0
2024-03-04T14:00:00Z,18335.0,18336.5,18287.75,18295.75,134909.0
2024-03-04T15:00:00Z,18296.5,18333.5,18280.0,18321.75,148681.0
2024-03-04T16:00:00Z,18321.75,18326.75,18281.5,18316.5,104211.0
2024-03-04T17:00:00Z,18316.75,18327.5,18293.25,18303.25,67745.0
2024-03-04T18:00:00Z,18302.75,18312.5,18270.0,18302.0,68078.0
2024-03-04T19:00:00Z,18301.75,18344.75,18288.75,18331.25,74558.0
2024-03-04T20:00:00Z,18331.25,18346.75,18252.0,18259.25,113337.0
2024-03-04T21:00:00Z,18258.5,18261.25,18233.5,18244.75,21606.0
2024-03-04T23:00:00Z,18248.5,18254.0,18217.5,18223.25,0.0
2024-03-05T00:00:00Z,18223.25,18262.0,18213.0,18223.75,11080.0
2024-03-05T01:00:00Z,18223.75,18229.0,18192.0,18204.75,16588.0
2024-03-05T02:00:00Z,18204.5,18208.5,18185.25,18193.5,10618.0
2024-03-05T03:00:00Z,18193.75,18213.5,18191.5,18211.5,9560.0
2024-03-05T04:00:00Z,18211.75,18217.75,18205.0,18208.5,6424.0
2024-03-05T05:00:00Z,18208.25,18208.25,18183.5,18191.0,8332.0
2024-03-05T06:00:00Z,18191.25,18196.25,18169.0,18180.5,14442.0
2024-03-05T07:00:00Z,18180.75,18188.0,18155.25,18174.0,18678.0
2024-03-05T08:00:00Z,18174.75,18190.75,18142.75,18145.75,24199.0
2024-03-05T09:00:00Z,18148.19921875,18156.75,18124.5,18128.5,30130.0
2024-03-05T10:00:00Z,18128.75,18138.75,18107.25,18135.5,21181.0
2024-03-05T11:00:00Z,18146.5,18160.75,18139.5,18157.75,17244.0
2024-03-05T12:00:00Z,18157.75,18183.75,18140.25,18149.25,35637.0
2024-03-05T13:00:00Z,18149.25,18175.75,18130.5,18132.25,40071.0
2024-03-05T14:00:00Z,18133.0,18145.0,18023.0,18040.0,198083.0
2024-03-05T15:00:00Z,18040.0,18084.0,17908.75,17941.0,279668.0
2024-03-05T16:00:00Z,17940.75,17966.0,17904.75,17938.75,140673.0
2024-03-05T17:00:00Z,17939.25,17979.0,17936.0,17952.0,103564.0
2024-03-05T18:00:00Z,17952.25,17954.0,17875.5,17879.5,118756.0
2024-03-05T19:00:00Z,17879.5,17911.5,17849.25,17856.5,109067.0
2024-03-05T20:00:00Z,17856.75,17936.25,17832.5,17932.0,141733.0
2024-03-05T21:00:00Z,17931.75,17988.0,17929.0,17983.25,31634.0
2024-03-05T23:00:00Z,17982.0,17985.0,17952.25,17962.5,0.0
2024-03-06T00:00:00Z,17962.25,17964.75,17942.5,17945.5,9879.0
2024-03-06T01:00:00Z,17945.5,17966.25,17943.25,17959.75,8966.0
2024-03-06T02:00:00Z,17960.0,17977.0,17958.5,17967.5,8479.0
2024-03-06T03:00:00Z,17968.25,17987.75,17963.25,17982.25,7486.0
2024-03-06T04:00:00Z,17982.5,17984.75,17974.75,17980.75,4089.0
2024-03-06T05:00:00Z,17981.0,17987.25,17976.5,17981.75,5378.0
2024-03-06T06:00:00Z,17981.5,17984.75,17967.75,17982.0,7451.0
2024-03-06T07:00:00Z,17981.25,18007.0,17969.5,18003.25,14722.0
2024-03-06T08:00:00Z,18002.75,18038.75,18001.75,18019.75,22488.0
2024-03-06T09:00:00Z,18041.5,18064.75,18038.5,18057.0,24984.0
2024-03-06T10:00:00Z,18057.25,18075.75,18052.0,18054.75,17457.0
2024-03-06T11:00:00Z,18057.5,18064.75,18035.0,18042.0,16017.0
2024-03-06T12:00:00Z,18042.25,18075.5,18034.25,18067.5,26303.0
2024-03-06T13:00:00Z,18067.5,18098.75,18053.75,18098.5,55408.0
2024-03-06T14:00:00Z,18098.25,18126.25,18036.75,18047.25,184875.0
2024-03-06T15:00:00Z,18050.75,18086.75,17963.5,18077.0,266466.0
2024-03-06T16:00:00Z,18077.0,18130.75,18060.5,18122.0,152255.0
2024-03-06T17:00:00Z,18122.25,18174.25,18116.25,18132.25,121868.0
2024-03-06T18:00:00Z,18132.0,18160.5,18030.75,18077.5,207202.0
2024-03-06T19:00:00Z,18078.25,18092.25,18002.25,18028.25,188420.0
2024-03-06T20:00:00Z,18028.25,18063.0,17984.25,18044.25,174299.0
2024-03-06T21:00:00Z,18044.25,18051.75,18028.0,18039.25,14444.0
2024-03-06T23:00:00Z,18040.0,18048.0,18018.5,18018.5,0.0
2024-03-07T00:00:00Z,18018.75,18028.25,17975.25,17995.0,19246.0
2024-03-07T01:00:00Z,17995.25,17995.5,17955.0,17959.5,28099.0
2024-03-07T02:00:00Z,17959.0,17969.75,17932.5,17947.5,20613.0
2024-03-07T03:00:00Z,17947.25,17976.75,17943.75,17972.5,11835.0
2024-03-07T04:00:00Z,17971.75,17980.25,17956.75,17973.75,8775.0
2024-03-07T05:00:00Z,17972.75,17991.25,17972.0,17978.75,9894.0
2024-03-07T06:00:00Z,17978.75,17992.25,17952.5,17961.0,13428.0
2024-03-07T07:00:00Z,17960.75,17965.25,17936.5,17949.25,16855.0
2024-03-07T08:00:00Z,17949.5,17983.5,17915.5,17974.25,33397.0
2024-03-07T09:00:00Z,17997.19921875,18076.25,17995.5,18069.5,36661.0
2024-03-07T10:00:00Z,18069.5,18121.25,18069.5,18118.75,24799.0
2024-03-07T11:00:00Z,18118.5,18125.75,18095.0,18109.5,22435.0
2024-03-07T12:00:00Z,18110.5,18137.0,18104.25,18120.0,21122.0
2024-03-07T13:00:00Z,18119.75,18162.0,18105.0,18152.75,41189.0
2024-03-07T14:00:00Z,18152.0,18225.25,18119.0,18192.75,221591.0
2024-03-07T15:00:00Z,18192.5,18282.25,18174.5,18250.5,220549.0
2024-03-07T16:00:00Z,18250.5,18307.0,18241.5,18301.5,139119.0
2024-03-07T17:00:00Z,18301.5,18329.0,18286.5,18309.5,101265.0
2024-03-07T18:00:00Z,18309.25,18360.0,18291.25,18353.0,86622.0
2024-03-07T19:00:00Z,18353.5,18358.25,18321.75,18326.75,79471.0
2024-03-07T20:00:00Z,18327.0,18340.25,18288.5,18309.0,134515.0
2024-03-07T21:00:00Z,18308.75,18312.25,18159.25,18254.25,84688.0
2024-03-07T23:00:00Z,18275.0,18288.75,18256.25,18266.25,0.0
2024-03-08T00:00:00Z,18266.25,18278.75,18248.5,18267.5,14138.0
2024-03-08T01:00:00Z,18267.0,18276.75,18257.75,18273.75,8154.0
2024-03-08T02:00:00Z,18273.5,18273.75,18261.75,18266.0,4426.0
2024-03-08T03:00:00Z,18265.75,18292.25,18261.0,18286.5,8938.0
2024-03-08T04:00:00Z,18286.5,18310.0,18279.5,18282.75,12204.0
2024-03-08T05:00:00Z,18283.0,18294.5,18276.25,18291.5,6732.0
2024-03-08T06:00:00Z,18292.0,18295.5,18281.25,18284.25,5843.0
2024-03-08T07:00:00Z,18284.25,18303.25,18271.5,18299.0,11785.0
2024-03-08T08:00:00Z,18298.75,18354.5,18289.5,18324.0,26608.0
2024-03-08T09:00:00Z,18321.5,18346.25,18309.25,18335.0,24537.0
2024-03-08T10:00:00Z,18335.0,18339.75,18308.0,18324.5,16183.0
2024-03-08T11:00:00Z,18329.19921875,18330.5,18271.0,18292.25,25623.0
2024-03-08T12:00:00Z,18292.5,18301.5,18251.5,18269.5,31127.0
2024-03-08T13:00:00Z,18269.0,18371.25,18211.0,18352.25,112541.0
2024-03-08T14:00:00Z,18352.25,18390.0,18288.0,18386.75,211705.0
2024-03-08T15:00:00Z,18387.5,18436.25,18343.5,18380.0,240973.0
2024-03-08T16:00:00Z,18380.25,18385.0,18149.0,18176.25,386910.0
2024-03-08T17:00:00Z,18176.25,18212.75,18053.0,18064.5,215044.0
2024-03-08T18:00:00Z,18065.25,18106.25,18012.25,18046.0,153918.0
2024-03-08T19:00:00Z,18045.5,18175.25,18039.5,18143.25,120613.0
2024-03-08T20:00:00Z,18143.25,18168.5,18039.25,18040.0,139378.0
2024-03-08T21:00:00Z,18040.75,18079.25,18038.25,18055.25,16483.0
2024-03-10T22:00:00Z,18058.0,18060.25,17974.75,17978.0,17401.0
2024-03-10T23:00:00Z,17978.75,18045.0,17978.5,18042.75,20477.0
2024-03-11T00:00:00Z,18042.25,18048.0,18008.75,18017.0,11307.0
2024-03-11T01:00:00Z,18017.5,18055.5,18016.5,18027.5,9675.0
2024-03-11T02:00:00Z,18027.5,18033.25,18009.0,18010.5,7941.0
2024-03-11T03:00:00Z,18011.0,18023.5,17990.5,17993.75,4606.0
2024-03-11T04:00:00Z,17994.25,17995.5,17971.5,17985.0,7767.0
2024-03-11T05:00:00Z,17984.75,18022.0,17980.25,18021.5,7154.0
2024-03-11T06:00:00Z,18020.25,18032.0,18010.25,18029.25,5513.0
2024-03-11T07:00:00Z,18029.5,18048.25,18010.5,18023.75,11019.0
2024-03-11T08:00:00Z,18024.0,18041.25,17939.5,18011.25,32755.0
2024-03-11T09:00:00Z,18012.5,18051.75,18010.0,18026.5,17237.0
2024-03-11T10:00:00Z,18026.75,18049.5,17987.0,18033.75,14953.0
2024-03-11T11:00:00Z,18034.0,18039.0,17970.0,17981.75,23051.0
2024-03-11T12:00:00Z,17981.5,17982.25,17921.0,17951.75,36884.0
2024-03-11T13:00:00Z,17951.25,18001.75,17898.0,17899.25,87796.0
2024-03-11T14:00:00Z,17900.5,18023.0,17890.0,18001.25,107944.0
2024-03-11T15:00:00Z,18000.75,18018.5,17918.75,17999.75,86752.0
2024-03-11T16:00:00Z,17999.25,18000.75,17947.25,17989.5,54546.0
2024-03-11T17:00:00Z,17990.0,18008.25,17940.5,17975.0,56155.0
2024-03-11T18:00:00Z,17975.25,18025.0,17958.75,18002.25,44153.0
2024-03-11T19:00:00Z,18002.0,18002.25,17947.75,17970.5,47032.0
2024-03-11T20:00:00Z,17970.5,18015.25,17966.75,18000.0,9654.0
2024-03-11T22:00:00Z,18008.0,18047.25,17998.0,18032.5,0.0
2024-03-11T23:00:00Z,18032.75,18050.0,18029.5,18048.25,3494.0
2024-03-12T00:00:00Z,18047.75,18065.5,18035.75,18040.75,7052.0
2024-03-12T01:00:00Z,18041.0,18055.75,18036.75,18046.5,5805.0
2024-03-12T02:00:00Z,18046.0,18052.25,18039.5,18051.0,2800.0
2024-03-12T03:00:00Z,18050.5,18059.5,18050.0,18053.75,2219.0
2024-03-12T04:00:00Z,18053.25,18073.0,18052.0,18071.0,3058.0
2024-03-12T05:00:00Z,18071.25,18095.75,18070.75,18092.75,5395.0
2024-03-12T06:00:00Z,18092.75,18095.25,18067.5,18080.0,5867.0
2024-03-12T07:00:00Z,18080.5,18330.0,18073.25,18325.75,20859.0
2024-03-12T08:00:00Z,18080.75,18343.5,18030.0,18041.0,0.0
2024-03-12T09:00:00Z,18285.0,18300.75,18031.75,18279.25,53510.0
2024-03-12T10:00:00Z,18292.80078125,18309.25,18041.75,18295.5,13021.0
2024-03-12T11:00:00Z,18295.25,18305.25,18032.25,18293.5,14790.0
2024-03-12T12:00:00Z,18293.5,18381.0,17958.25,18068.0,0.0
2024-03-12T13:00:00Z,18315.75,18339.0,17930.0,18047.75,78545.0
2024-03-12T14:00:00Z,18047.5,18446.0,18029.5,18419.5,505414.0
2024-03-12T15:00:00Z,18420.5,18457.25,18141.5,18172.75,0.0
2024-03-12T16:00:00Z,18172.75,18424.5,18076.75,18355.0,622184.0
2024-03-12T17:00:00Z,18109.75,18409.75,18078.25,18402.75,91540.0
2024-03-12T18:00:00Z,18403.0,18464.5,18148.5,18454.75,73174.0
2024-03-12T19:00:00Z,18454.5,18491.0,18186.25,18226.75,0.0
2024-03-12T20:00:00Z,18226.75,18482.0,18215.0,18224.0,7575.0
2024-03-12T22:00:00Z,18470.5,18480.5,18215.25,18226.25,0.0
2024-03-12T23:00:00Z,18226.25,18488.25,18222.0,18231.0,2532.0
2024-03-13T00:00:00Z,18478.5,18481.0,18210.0,18462.25,14238.0
2024-03-13T01:00:00Z,18213.75,18464.5,18205.5,18461.25,5715.0
2024-03-13T02:00:00Z,18213.5,18463.25,18203.0,18452.25,3735.0
2024-03-13T03:00:00Z,18452.25,18458.25,18196.0,18456.75,4465.0
2024-03-13T04:00:00Z,18208.25,18470.25,18208.25,18468.0,3603.0
2024-03-13T05:00:00Z,18468.0,18485.5,18219.0,18482.5,6363.0
2024-03-13T06:00:00Z,18235.0,18483.0,18218.5,18226.25,0.0
2024-03-13T07:00:00Z,18226.25,18504.25,18226.0,18497.5,43430.0
2024-03-13T08:00:00Z,18481.19921875,18489.5,18188.5,18212.25,0.0
2024-03-13T09:00:00Z,18461.25,18462.75,18192.5,18456.5,77889.0
2024-03-13T10:00:00Z,18449.5,18476.25,18197.0,18227.25,0.0
2024-03-13T11:00:00Z,18227.25,18486.5,18211.5,18461.25,100598.0
2024-03-13T12:00:00Z,18461.25,18467.0,18165.75,18425.5,40395.0
2024-03-13T13:00:00Z,18425.25,18441.75,18089.5,18338.75,210889.0
2024-03-13T14:00:00Z,18093.0,18384.0,18057.25,18332.75,234945.0
2024-03-13T15:00:00Z,18332.75,18365.5,18033.75,18334.75,157026.0
2024-03-13T16:00:00Z,18087.75,18362.0,18070.25,18351.5,97299.0
2024-03-13T17:00:00Z,18351.75,18398.0,18101.25,18388.0,118503.0
2024-03-13T18:00:00Z,18136.0,18404.5,18115.5,18379.75,82345.0
2024-03-13T19:00:00Z,18128.75,18389.5,18040.0,18330.5,157330.0
2024-03-13T20:00:00Z,18079.75,18357.5,18075.5,18355.5,15738.0
2024-03-13T22:00:00Z,18093.0,18361.25,18090.0,18357.5,0.0
2024-03-13T23:00:00Z,18108.25,18377.5,18107.0,18373.0,7163.0
2024-03-14T00:00:00Z,18122.75,18373.25,18103.75,18119.25,0.0
2024-03-14T01:00:00Z,18368.25,18381.0,18111.75,18379.25,24396.0
2024-03-14T02:00:00Z,18378.75,18380.75,18121.0,18371.25,4704.0
2024-03-14T03:00:00Z,18371.25,18375.75,18113.5,18121.75,0.0
2024-03-14T04:00:00Z,18121.5,18380.75,18115.5,18380.25,33444.0
2024-03-14T05:00:00Z,18129.5,18387.0,18125.0,18383.75,5819.0
2024-03-14T06:00:00Z,18383.75,18393.75,18128.25,18390.75,6079.0
2024-03-14T07:00:00Z,18390.5,18397.5,18125.5,18146.5,0.0
2024-03-14T08:00:00Z,18396.80078125,18428.0,18147.25,18416.5,70944.0
2024-03-14T09:00:00Z,18167.5,18423.75,18157.5,18417.25,10810.0
2024-03-14T10:00:00Z,18416.5,18421.75,18153.5,18160.75,0.0
2024-03-14T11:00:00Z,18160.5,18420.75,18140.5,18395.25,97923.0
2024-03-14T12:00:00Z,18395.25,18413.75,18104.5,18370.75,72425.0
2024-03-14T13:00:00Z,18121.25,18398.0,17983.25,18238.25,271881.0
2024-03-14T14:00:00Z,18237.75,18342.0,17958.75,18299.5,250530.0
2024-03-14T15:00:00Z,18053.75,18337.75,18016.0,18302.0,163228.0
2024-03-14T16:00:00Z,18302.25,18313.75,17995.0,18252.25,135808.0
2024-03-14T17:00:00Z,18252.75,18294.75,17963.75,18044.75,0.0
2024-03-14T18:00:00Z,18046.0,18331.75,18002.0,18252.25,1099604.0
2024-03-14T19:00:00Z,18252.5,18278.25,17915.25,18278.25,180932.0
2024-03-14T20:00:00Z,18278.5,18299.25,18006.75,18271.75,24399.0
2024-03-14T22:00:00Z,18012.75,18263.5,17996.25,18001.75,0.0
2024-03-14T23:00:00Z,18250.75,18252.0,17976.0,18238.5,13863.0
2024-03-15T00:00:00Z,18238.5,18264.5,17989.25,18261.25,9358.0
2024-03-15T01:00:00Z,18261.25,18269.25,17997.75,18245.75,9082.0
2024-03-15T02:00:00Z,17998.0,18246.0,17979.0,18240.25,9730.0
2024-03-15T03:00:00Z,18240.25,18247.25,17985.25,18245.75,5495.0
2024-03-15T04:00:00Z,18244.75,18244.75,17970.75,18225.0,6320.0
2024-03-15T05:00:00Z,18225.25,18232.0,17953.5,18216.25,8699.0
2024-03-15T06:00:00Z,18215.5,18223.5,17959.0,18219.0,7864.0
2024-03-15T07:00:00Z,17970.25,18243.0,17963.75,18214.5,14316.0
2024-03-15T08:00:00Z,18241.0,18265.0,17986.25,18259.25,23724.0
2024-03-15T09:00:00Z,18259.0,18302.0,18003.25,18042.0,0.0
2024-03-15T10:00:00Z,18303.19921875,18323.0,18050.5,18060.5,1540.0
2024-03-15T11:00:00Z,18307.75,18310.0,18027.0,18281.75,149514.0
2024-03-15T12:00:00Z,18034.5,18283.0,17986.25,18252.5,52919.0
2024-03-15T13:00:00Z,18004.5,18255.5,17856.0,18094.25,273593.0
2024-03-15T14:00:00Z,18097.25,18171.25,18029.25,18124.25,285429.0
2024-03-15T15:00:00Z,18124.5,18128.75,18049.75,18063.0,156261.0
2024-03-15T16:00:00Z,18063.5,18075.0,18006.25,18010.75,134106.0
2024-03-15T17:00:00Z,18011.0,18085.0,18008.5,18081.5,111853.0
2024-03-15T18:00:00Z,18081.5,18101.25,18041.75,18083.25,108159.0
2024-03-15T19:00:00Z,18083.25,18106.0,18043.75,18058.0,125215.0
2024-03-15T20:00:00Z,18058.5,18081.0,18056.5,18063.5,21142.0
2024-03-15T21:00:00Z,18063.5,18063.5,18063.5,18063.5,0.0
2024-03-17T22:00:00Z,18072.75,18103.5,18062.25,18071.75,14538.0
2024-03-17T23:00:00Z,18071.5,18088.75,18063.0,18079.0,13091.0
2024-03-18T00:00:00Z,18079.0,18094.0,18063.75,18089.75,11903.0
2024-03-18T01:00:00Z,18088.5,18113.0,18085.0,18110.25,11871.0
2024-03-18T02:00:00Z,18110.25,18124.0,18106.25,18119.75,9767.0
2024-03-18T03:00:00Z,18119.75,18127.0,18116.5,18123.5,6286.0
2024-03-18T04:00:00Z,18125.5,18142.0,18122.75,18137.0,7702.0
2024-03-18T05:00:00Z,18137.5,18159.5,18134.75,18156.0,9423.0
2024-03-18T06:00:00Z,18155.25,18166.0,18151.5,18154.25,9118.0
2024-03-18T07:00:00Z,18154.0,18168.75,18145.75,18147.75,14632.0
2024-03-18T08:00:00Z,18147.75,18188.75,18139.25,18187.75,31041.0
2024-03-18T09:00:00Z,18187.5,18195.5,18167.25,18175.0,19604.0
2024-03-18T10:00:00Z,18174.75,18205.75,18173.0,18197.75,18275.0
2024-03-18T11:00:00Z,18197.75,18267.75,18191.25,18262.75,48739.0
2024-03-18T12:00:00Z,18263.0,18289.25,18262.25,18276.75,44738.0
2024-03-18T13:00:00Z,18276.5,18361.5,18269.75,18288.75,247798.0
2024-03-18T14:00:00Z,18289.25,18380.75,18286.5,18357.0,218953.0
2024-03-18T15:00:00Z,18357.0,18365.25,18276.5,18294.75,186695.0
2024-03-18T16:00:00Z,18295.5,18314.25,18246.0,18249.0,136730.0
2024-03-18T17:00:00Z,18249.25,18292.0,18235.0,18273.0,123090.0
2024-03-18T18:00:00Z,18273.0,18311.25,18254.5,18277.25,108228.0
2024-03-18T19:00:00Z,18277.75,18297.0,18219.0,18228.75,111879.0
2024-03-18T20:00:00Z,18229.25,18249.25,18207.5,18228.0,35614.0
2024-03-18T22:00:00Z,18224.0,18227.0,18178.0,18186.75,0.0
2024-03-18T23:00:00Z,18187.0,18198.0,18175.25,18191.5,10597.0
2024-03-19T00:00:00Z,18192.25,18194.75,18159.0,18163.5,15478.0
2024-03-19T01:00:00Z,18163.5,18172.0,18151.25,18171.0,12518.0
2024-03-19T02:00:00Z,18171.0,18196.0,18169.75,18187.0,11464.0
2024-03-19T03:00:00Z,18187.5,18211.0,18156.5,18180.75,20373.0
2024-03-19T04:00:00Z,18179.5,18199.5,18178.0,18189.5,12252.0
2024-03-19T05:00:00Z,18189.5,18206.75,18173.5,18200.0,9837.0
2024-03-19T06:00:00Z,18200.25,18205.5,18174.5,18184.5,10821.0
2024-03-19T07:00:00Z,18185.0,18200.25,18169.5,18179.0,16156.0
2024-03-19T08:00:00Z,18179.0,18252.75,18159.0,18223.25,45517.0
2024-03-19T09:00:00Z,18223.25,18233.5,18170.0,18176.75,31818.0
2024-03-19T10:00:00Z,18177.25,18201.25,18167.25,18181.75,23345.0
2024-03-19T11:00:00Z,18181.25,18181.25,18103.5,18119.75,48676.0
2024-03-19T12:00:00Z,18119.75,18134.5,18077.75,18131.0,62422.0
2024-03-19T13:00:00Z,18131.25,18152.75,18053.25,18089.75,239597.0
2024-03-19T14:00:00Z,18090.5,18146.25,18067.5,18116.25,215086.0
2024-03-19T15:00:00Z,18115.75,18169.0,18104.5,18158.75,125600.0
2024-03-19T16:00:00Z,18159.0,18268.75,18147.0,18243.25,138000.0
2024-03-19T17:00:00Z,18243.75,18286.25,18231.75,18264.0,111307.0
2024-03-19T18:00:00Z,18264.25,18289.5,18241.5,18266.0,95525.0
2024-03-19T19:00:00Z,18266.0,18283.75,18216.75,18269.5,118893.0
2024-03-19T20:00:00Z,18270.0,18286.5,18261.25,18270.0,18882.0
2024-03-19T22:00:00Z,18275.0,18281.5,18267.5,18278.25,0.0
2024-03-19T23:00:00Z,18278.5,18285.0,18268.0,18268.5,5313.0
2024-03-20T00:00:00Z,18268.5,18268.75,18246.75,18251.25,10692.0
2024-03-20T01:00:00Z,18252.0,18255.25,18227.5,18233.0,11033.0
2024-03-20T02:00:00Z,18233.0,18248.25,18228.75,18247.0,7609.0
2024-03-20T03:00:00Z,18247.5,18249.25,18239.75,18245.25,4307.0
2024-03-20T04:00:00Z,18246.0,18253.75,18236.25,18237.0,5632.0
2024-03-20T05:00:00Z,18237.0,18251.5,18234.0,18247.25,5265.0
2024-03-20T06:00:00Z,18246.75,18260.5,18240.0,18254.75,7244.0
2024-03-20T07:00:00Z,18255.25,18278.75,18252.75,18261.0,13796.0
2024-03-20T08:00:00Z,18260.25,18278.5,18234.25,18244.75,24758.0
2024-03-20T09:00:00Z,18244.25,18270.5,18236.0,18270.0,15976.0
2024-03-20T10:00:00Z,18272.19921875,18293.5,18256.25,18287.5,22503.0
2024-03-20T11:00:00Z,18287.25,18331.0,18284.25,18322.75,30274.0
2024-03-20T12:00:00Z,18322.75,18327.25,18283.0,18298.5,40019.0
2024-03-20T13:00:00Z,18298.5,18334.75,18245.75,18259.0,179127.0
2024-03-20T14:00:00Z,18258.75,18304.5,18248.75,18262.25,150039.0
2024-03-20T15:00:00Z,18262.25,18296.0,18254.5,18278.75,93057.0
2024-03-20T16:00:00Z,18278.75,18290.75,18253.25,18290.0,76129.0
2024-03-20T17:00:00Z,18290.25,18291.5,18244.0,18274.5,57282.0
2024-03-20T18:00:00Z,18273.5,18454.75,18266.0,18418.75,342699.0
2024-03-20T19:00:00Z,18419.0,18497.75,18413.5,18484.25,172471.0
2024-03-20T20:00:00Z,18484.25,18545.5,18470.25,18541.75,43660.0
2024-03-20T22:00:00Z,18537.0,18563.25,18526.5,18558.75,0.0
2024-03-20T23:00:00Z,18558.5,18589.25,18556.0,18578.75,17006.0
2024-03-21T00:00:00Z,18578.75,18578.75,18560.0,18561.0,10139.0
2024-03-21T01:00:00Z,18560.75,18574.0,18558.25,18570.0,9518.0
2024-03-21T02:00:00Z,18570.25,18595.0,18568.5,18588.25,10652.0
2024-03-21T03:00:00Z,18588.5,18596.75,18584.25,18591.5,7755.0
2024-03-21T04:00:00Z,18592.25,18606.5,18589.0,18601.75,8604.0
2024-03-21T05:00:00Z,18601.5,18614.75,18597.25,18609.25,7459.0
2024-03-21T06:00:00Z,18611.25,18633.5,18606.5,18632.75,13218.0
2024-03-21T07:00:00Z,18633.0,18667.25,18628.0,18659.5,20481.0
2024-03-21T08:00:00Z,18660.0,18660.5,18608.0,18619.0,33259.0
2024-03-21T09:00:00Z,18619.0,18624.25,18588.25,18607.0,25872.0
2024-03-21T10:00:00Z,18607.25,18611.0,18594.0,18606.5,14516.0
2024-03-21T11:00:00Z,18606.25,18647.75,18605.5,18639.5,26943.0
2024-03-21T12:00:00Z,18639.5,18674.75,18638.25,18658.5,39803.0
2024-03-21T13:00:00Z,18658.5,18708.5,18625.75,18648.25,215376.0
2024-03-21T14:00:00Z,18647.75,18687.5,18620.25,18643.5,239172.0
2024-03-21T15:00:00Z,18643.5,18701.5,18617.5,18681.75,168468.0
2024-03-21T16:00:00Z,18681.75,18707.5,18674.75,18689.0,108661.0
2024-03-21T17:00:00Z,18689.25,18689.5,18612.25,18618.75,115838.0
2024-03-21T18:00:00Z,18619.0,18623.25,18552.5,18573.5,166577.0
2024-03-21T19:00:00Z,18573.25,18602.0,18552.25,18558.75,128591.0
2024-03-21T20:00:00Z,18558.75,18586.5,18556.5,18579.75,19394.0
2024-03-21T22:00:00Z,18579.5,18590.75,18569.0,18588.5,0.0
2024-03-21T23:00:00Z,18588.0,18592.5,18580.0,18589.0,5862.0
2024-03-22T00:00:00Z,18588.75,18595.5,18577.0,18588.0,9803.0
2024-03-22T01:00:00Z,18587.5,18595.5,18559.0,18560.25,13384.0
2024-03-22T02:00:00Z,18560.0,18568.75,18532.0,18536.25,15595.0
2024-03-22T03:00:00Z,18536.5,18553.25,18534.25,18552.5,9280.0
2024-03-22T04:00:00Z,18553.0,18580.5,18553.0,18575.5,10327.0
2024-03-22T05:00:00Z,18576.0,18585.5,18571.75,18577.25,8285.0
2024-03-22T06:00:00Z,18577.5,18588.0,18562.5,18568.25,8971.0
2024-03-22T07:00:00Z,18567.75,18572.75,18537.5,18562.75,21270.0
2024-03-22T08:00:00Z,18562.75,18598.0,18557.75,18593.25,24311.0
2024-03-22T09:00:00Z,18593.5,18606.25,18574.75,18591.25,23926.0
2024-03-22T10:00:00Z,18590.75,18594.25,18569.0,18574.25,18741.0
2024-03-22T11:00:00Z,18574.5,18583.0,18505.25,18510.5,39363.0
2024-03-22T12:00:00Z,18510.75,18533.75,18492.75,18529.5,56067.0
2024-03-22T13:00:00Z,18529.5,18547.5,18500.25,18530.75,167112.0
2024-03-22T14:00:00Z,18530.75,18565.25,18501.75,18512.75,193726.0
2024-03-22T15:00:00Z,18512.75,18562.0,18509.25,18558.75,128073.0
2024-03-22T16:00:00Z,18558.75,18582.0,18528.25,18580.0,109380.0
2024-03-22T17:00:00Z,18580.0,18626.0,18577.5,18622.0,97566.0
2024-03-22T18:00:00Z,18622.5,18625.0,18580.5,18595.0,93291.0
2024-03-22T19:00:00Z,18595.25,18606.75,18547.0,18572.25,124083.0
2024-03-22T20:00:00Z,18571.75,18576.75,18555.0,18564.0,18620.0
2024-03-24T22:00:00Z,18566.75,18585.5,18552.5,18561.0,11032.0
2024-03-24T23:00:00Z,18561.25,18588.5,18556.0,18586.0,11713.0
2024-03-25T00:00:00Z,18586.0,18598.0,18581.5,18583.75,10955.0
2024-03-25T01:00:00Z,18583.75,18601.25,18577.5,18591.25,14185.0
2024-03-25T02:00:00Z,18591.25,18591.25,18565.5,18577.75,11476.0
2024-03-25T03:00:00Z,18577.5,18578.0,18567.0,18576.5,5925.0
2024-03-25T04:00:00Z,18576.25,18576.25,18565.75,18567.25,3587.0
2024-03-25T05:00:00Z,18567.0,18571.75,18552.0,18554.0,8074.0
2024-03-25T06:00:00Z,18554.25,18554.75,18531.75,18547.0,13289.0
2024-03-25T07:00:00Z,18547.25,18550.5,18535.0,18544.75,10021.0
2024-03-25T08:00:00Z,18548.80078125,18564.75,18538.0,18551.25,22909.0
2024-03-25T09:00:00Z,18551.0,18556.5,18519.5,18524.25,17869.0
2024-03-25T10:00:00Z,18524.5,18529.5,18495.75,18501.0,21682.0
2024-03-25T11:00:00Z,18500.5,18502.75,18456.75,18470.25,35558.0
2024-03-25T12:00:00Z,18470.25,18487.75,18459.5,18475.25,35123.0
2024-03-25T13:00:00Z,18475.75,18487.25,18415.0,18478.5,189367.0
2024-03-25T14:00:00Z,18479.0,18542.25,18466.75,18521.75,191896.0
2024-03-25T15:00:00Z,18522.0,18553.0,18514.5,18542.0,125160.0
2024-03-25T16:00:00Z,18534.5,18539.75,18511.25,18529.5,88442.0
2024-03-25T17:00:00Z,18529.75,18557.75,18515.0,18552.5,66794.0
2024-03-25T18:00:00Z,18552.5,18571.75,18547.75,18567.75,57408.0
2024-03-25T19:00:00Z,18567.75,18569.75,18507.25,18509.75,107735.0
2024-03-25T20:00:00Z,18509.75,18533.75,18508.25,18533.25,13579.0
2024-03-25T22:00:00Z,18534.0,18542.5,18529.75,18532.0,0.0
2024-03-25T23:00:00Z,18532.25,18543.75,18526.5,18540.5,6197.0
2024-03-26T00:00:00Z,18540.25,18550.0,18535.75,18546.75,7223.0
2024-03-26T01:00:00Z,18547.25,18556.5,18540.25,18542.75,9781.0
2024-03-26T02:00:00Z,18543.25,18547.75,18534.5,18535.0,7144.0
2024-03-26T03:00:00Z,18535.25,18539.25,18516.75,18523.25,9541.0
2024-03-26T04:00:00Z,18523.5,18539.5,18523.5,18535.0,5737.0
2024-03-26T05:00:00Z,18534.5,18550.25,18532.5,18547.5,6649.0
2024-03-26T06:00:00Z,18547.75,18578.75,18539.75,18575.0,13012.0
2024-03-26T07:00:00Z,18575.5,18608.5,18564.0,18570.0,27521.0
2024-03-26T08:00:00Z,18570.25,18601.25,18565.5,18592.0,19024.0
2024-03-26T09:00:00Z,18592.5,18613.75,18588.0,18603.5,17857.0
2024-03-26T10:00:00Z,18604.80078125,18612.0,18596.5,18607.75,14229.0
2024-03-26T11:00:00Z,18607.5,18618.75,18593.0,18614.0,20917.0
2024-03-26T12:00:00Z,18613.75,18616.75,18556.5,18568.5,49089.0
2024-03-26T13:00:00Z,18568.5,18594.75,18550.0,18589.25,140370.0
2024-03-26T14:00:00Z,18589.5,18609.25,18534.0,18562.25,210987.0
2024-03-26T15:00:00Z,18561.75,18582.25,18549.75,18580.5,104702.0
2024-03-26T16:00:00Z,18580.5,18588.75,18535.0,18542.5,87327.0
2024-03-26T17:00:00Z,18542.75,18557.0,18529.25,18538.5,71766.0
2024-03-26T18:00:00Z,18538.5,18562.75,18513.5,18554.5,60836.0
2024-03-26T19:00:00Z,18554.5,18555.25,18439.25,18450.5,153255.0
2024-03-26T20:00:00Z,18450.5,18484.25,18447.5,18479.75,22870.0
2024-03-26T22:00:00Z,18478.0,18482.0,18468.0,18476.5,0.0
2024-03-26T23:00:00Z,18476.0,18493.0,18472.5,18489.25,6643.0
2024-03-27T00:00:00Z,18489.0,18495.75,18483.5,18490.5,7679.0
2024-03-27T01:00:00Z,18490.25,18494.25,18481.5,18493.25,8034.0
2024-03-27T02:00:00Z,18493.25,18498.5,18487.75,18493.0,5695.0
2024-03-27T03:00:00Z,18493.0,18502.25,18492.5,18496.5,4671.0
2024-03-27T04:00:00Z,18497.0,18517.25,18497.0,18516.5,8567.0
2024-03-27T05:00:00Z,18516.5,18524.5,18507.75,18508.5,11280.0
2024-03-27T06:00:00Z,18508.25,18511.0,18497.0,18499.5,9779.0
2024-03-27T07:00:00Z,18499.5,18502.75,18470.0,18479.75,19500.0
2024-03-27T08:00:00Z,18488.5,18521.0,18484.5,18509.5,21295.0
2024-03-27T09:00:00Z,18510.0,18525.5,18500.5,18517.5,16434.0
2024-03-27T10:00:00Z,18513.5,18541.75,18510.0,18536.5,17437.0
2024-03-27T11:00:00Z,18536.25,18537.5,18519.75,18522.0,14753.0
2024-03-27T12:00:00Z,18522.0,18549.5,18511.25,18548.25,29622.0
2024-03-27T13:00:00Z,18548.25,18572.25,18446.0,18450.75,213140.0
2024-03-27T14:00:00Z,18450.75,18458.0,18378.5,18419.5,259974.0
2024-03-27T15:00:00Z,18419.75,18430.25,18390.0,18396.0,126135.0
2024-03-27T16:00:00Z,18396.25,18453.5,18391.75,18440.75,89016.0
2024-03-27T17:00:00Z,18441.25,18447.0,18407.25,18430.0,74626.0
2024-03-27T18:00:00Z,18430.5,18461.25,18412.75,18419.5,87070.0
2024-03-27T19:00:00Z,18419.75,18507.75,18397.0,18507.0,162058.0
2024-03-27T20:00:00Z,18507.0,18526.0,18500.0,18503.75,26047.0
2024-03-27T22:00:00Z,18506.0,18507.0,18477.0,18482.0,0.0
2024-03-27T23:00:00Z,18482.5,18493.0,18475.0,18480.25,7844.0
2024-03-28T00:00:00Z,18480.5,18503.5,18479.5,18501.0,11781.0
2024-03-28T01:00:00Z,18501.25,18505.0,18485.0,18486.25,10085.0
2024-03-28T02:00:00Z,18486.0,18494.5,18484.0,18488.25,5668.0
2024-03-28T03:00:00Z,18487.5,18498.25,18486.5,18493.5,4195.0
2024-03-28T04:00:00Z,18494.25,18505.75,18494.25,18501.5,3974.0
2024-03-28T05:00:00Z,18501.0,18509.25,18495.0,18503.5,6262.0
2024-03-28T06:00:00Z,18503.75,18504.5,18487.5,18495.5,6478.0
2024-03-28T07:00:00Z,18495.75,18509.5,18483.0,18505.25,12704.0
2024-03-28T08:00:00Z,18505.25,18514.75,18478.5,18482.0,19451.0
2024-03-28T09:00:00Z,18482.0,18493.0,18459.25,18478.75,18909.0
2024-03-28T10:00:00Z,18478.75,18506.75,18478.25,18488.5,18123.0
2024-03-28T11:00:00Z,18488.5,18502.75,18475.0,18491.25,17764.0
2024-03-28T12:00:00Z,18491.5,18527.75,18473.75,18498.5,55035.0
2024-03-28T13:00:00Z,18499.25,18537.0,18457.0,18512.75,159066.0
2024-03-28T14:00:00Z,18516.0,18539.25,18476.0,18505.75,172799.0
2024-03-28T15:00:00Z,18506.25,18518.75,18487.75,18516.25,99201.0
2024-03-28T16:00:00Z,18516.25,18517.5,18470.0,18482.25,89142.0
2024-03-28T17:00:00Z,18482.25,18483.75,18453.75,18469.5,72339.0
2024-03-28T18:00:00Z,18469.25,18506.0,18447.75,18498.75,81153.0
2024-03-28T19:00:00Z,18498.75,18510.5,18458.0,18462.5,118816.0
2024-03-28T20:00:00Z,18463.0,18476.0,18447.25,18465.25,26660.0
2024-03-31T22:00:00Z,18500.0,18586.0,18496.0,18571.75,22369.0
2024-03-31T23:00:00Z,18572.0,18611.75,18571.5,18608.5,18570.0
2024-04-01T00:00:00Z,18608.5,18611.25,18589.75,18594.5,14178.0
2024-04-01T01:00:00Z,18594.5,18596.5,18584.0,18585.75,9608.0
2024-04-01T02:00:00Z,18585.75,18586.75,18566.75,18573.0,11875.0
2024-04-01T03:00:00Z,18573.0,18584.75,18563.25,18584.0,10302.0
2024-04-01T04:00:00Z,18584.75,18590.75,18580.75,18589.5,7255.0
2024-04-01T05:00:00Z,18589.75,18592.5,18571.25,18573.0,7291.0
2024-04-01T06:00:00Z,18572.75,18582.25,18567.25,18568.5,8644.0
2024-04-01T07:00:00Z,18569.0,18602.75,18568.5,18596.25,12470.0
2024-04-01T08:00:00Z,18569.80078125,18582.0,18557.75,18577.25,18967.0
2024-04-01T09:00:00Z,18577.5,18580.0,18560.5,18571.75,9065.0
2024-04-01T10:00:00Z,18571.25,18583.0,18568.5,18580.5,9415.0
2024-04-01T11:00:00Z,18580.0,18580.0,18528.0,18542.25,26728.0
2024-04-01T12:00:00Z,18542.0,18542.25,18492.75,18515.25,42933.0
2024-04-01T13:00:00Z,18515.25,18607.25,18478.25,18585.5,181654.0
2024-04-01T14:00:00Z,18585.0,18604.25,18466.25,18482.0,255819.0
2024-04-01T15:00:00Z,18482.25,18489.25,18421.25,18425.25,180643.0
2024-04-01T16:00:00Z,18425.5,18491.75,18414.5,18468.75,95963.0
2024-04-01T17:00:00Z,18469.25,18472.75,18425.5,18464.25,81180.0
2024-04-01T18:00:00Z,18464.5,18482.25,18450.5,18468.75,65106.0
2024-04-01T19:00:00Z,18468.75,18514.5,18456.5,18495.25,106002.0
2024-04-01T20:00:00Z,18495.0,18506.25,18488.75,18497.5,16593.0
2024-04-01T22:00:00Z,18497.75,18498.75,18472.25,18477.5,0.0
2024-04-01T23:00:00Z,18478.0,18484.0,18458.75,18470.25,9745.0
2024-04-02T00:00:00Z,18470.25,18473.5,18458.0,18466.0,10303.0
2024-04-02T01:00:00Z,18465.5,18477.0,18457.5,18470.25,8726.0
2024-04-02T02:00:00Z,18469.75,18490.0,18465.75,18487.0,8011.0
2024-04-02T03:00:00Z,18486.75,18490.5,18477.75,18479.5,5917.0
2024-04-02T04:00:00Z,18479.25,18479.25,18468.75,18475.5,4879.0
2024-04-02T05:00:00Z,18476.0,18476.75,18456.25,18469.25,8450.0
2024-04-02T06:00:00Z,18469.0,18496.75,18468.0,18479.75,15088.0
2024-04-02T07:00:00Z,18479.25,18500.5,18447.25,18463.75,27129.0
2024-04-02T08:00:00Z,18464.5,18514.0,18464.5,18476.75,28980.0
2024-04-02T09:00:00Z,18476.25,18491.75,18458.5,18459.25,16678.0
2024-04-02T10:00:00Z,18459.5,18461.5,18420.5,18437.75,28665.0
2024-04-02T11:00:00Z,18437.25,18443.25,18399.0,18403.5,32088.0
2024-04-02T12:00:00Z,18402.75,18414.25,18328.25,18337.5,67332.0
2024-04-02T13:00:00Z,18338.0,18339.75,18223.5,18254.0,205488.0
2024-04-02T14:00:00Z,18255.25,18275.75,18201.0,18216.25,215069.0
2024-04-02T15:00:00Z,18216.25,18285.25,18211.75,18233.5,126614.0
2024-04-02T16:00:00Z,18233.25,18290.75,18231.25,18289.75,83288.0
2024-04-02T17:00:00Z,18289.75,18300.5,18269.75,18277.75,79478.0
2024-04-02T18:00:00Z,18277.75,18297.25,18267.75,18278.0,62580.0
2024-04-02T19:00:00Z,18278.0,18345.75,18276.0,18330.75,124377.0
2024-04-02T20:00:00Z,18330.75,18347.5,18328.25,18343.25,16337.0
2024-04-02T22:00:00Z,18347.75,18347.75,18324.75,18328.0,0.0
2024-04-02T23:00:00Z,18327.75,18333.25,18324.0,18328.5,5927.0
2024-04-03T00:00:00Z,18328.5,18328.5,18300.5,18310.75,14419.0
2024-04-03T01:00:00Z,18310.5,18311.0,18291.75,18293.5,13260.0
2024-04-03T02:00:00Z,18293.75,18307.0,18292.5,18294.5,7410.0
2024-04-03T03:00:00Z,18294.75,18312.5,18294.25,18311.5,6391.0
2024-04-03T04:00:00Z,18310.25,18310.75,18293.5,18299.0,7383.0
2024-04-03T05:00:00Z,18299.5,18302.0,18272.5,18275.0,11968.0
2024-04-03T06:00:00Z,18275.25,18289.25,18263.0,18282.0,16925.0
2024-04-03T07:00:00Z,18282.0,18300.5,18263.75,18273.0,25325.0
2024-04-03T08:00:00Z,18284.5,18305.5,18274.25,18288.75,18805.0
2024-04-03T09:00:00Z,18288.75,18298.25,18265.75,18266.75,14644.0
2024-04-03T10:00:00Z,18266.75,18280.0,18253.25,18269.75,19497.0
2024-04-03T11:00:00Z,18269.5,18311.25,18269.5,18304.75,31648.0
2024-04-03T12:00:00Z,18305.0,18320.5,18248.75,18268.75,60152.0
2024-04-03T13:00:00Z,18268.5,18285.0,18232.75,18269.75,136142.0
2024-04-03T14:00:00Z,18270.5,18434.5,18270.5,18429.0,242254.0
2024-04-03T15:00:00Z,18429.25,18452.0,18398.5,18403.5,111472.0
2024-04-03T16:00:00Z,18404.0,18438.75,18370.0,18411.5,165794.0
2024-04-03T17:00:00Z,18411.75,18431.5,18407.0,18416.75,65601.0
2024-04-03T18:00:00Z,18417.25,18432.0,18392.0,18398.0,78491.0
2024-04-03T19:00:00Z,18397.75,18399.0,18303.25,18370.75,189126.0
2024-04-03T20:00:00Z,18371.0,18400.0,18369.0,18373.25,22760.0
2024-04-03T22:00:00Z,18389.0,18394.0,18377.75,18388.75,0.0
2024-04-03T23:00:00Z,18388.75,18485.25,18387.5,18445.75,27990.0
2024-04-04T00:00:00Z,18445.75,18448.5,18430.5,18437.25,10490.0
2024-04-04T01:00:00Z,18437.25,18445.0,18431.5,18440.5,6025.0
2024-04-04T02:00:00Z,18441.75,18451.0,18439.75,18445.5,5470.0
2024-04-04T03:00:00Z,18446.0,18454.5,18445.25,18452.5,4108.0
2024-04-04T04:00:00Z,18453.25,18461.5,18452.25,18452.25,4780.0
2024-04-04T05:00:00Z,18452.5,18454.0,18431.25,18431.75,7531.0
2024-04-04T06:00:00Z,18431.5,18432.25,18417.75,18422.5,10202.0
2024-04-04T07:00:00Z,18422.75,18446.5,18410.5,18440.5,17373.0
2024-04-04T08:00:00Z,18440.75,18461.75,18435.5,18445.0,16659.0
2024-04-04T09:00:00Z,18445.25,18459.5,18440.25,18454.5,10264.0
2024-04-04T10:00:00Z,18454.75,18464.0,18439.75,18462.25,13877.0
2024-04-04T11:00:00Z,18462.75,18463.75,18445.5,18454.25,13955.0
2024-04-04T12:00:00Z,18454.5,18541.5,18442.5,18535.75,64661.0
2024-04-04T13:00:00Z,18536.25,18568.25,18506.5,18518.25,161017.0
2024-04-04T14:00:00Z,18517.75,18531.25,18486.75,18500.0,145321.0
2024-04-04T15:00:00Z,18500.5,18535.0,18480.0,18535.0,104614.0
2024-04-04T16:00:00Z,18534.75,18566.5,18531.5,18557.25,83150.0
2024-04-04T17:00:00Z,18557.0,18558.5,18487.75,18497.75,89899.0
2024-04-04T18:00:00Z,18498.25,18498.25,18208.25,18226.5,383446.0
2024-04-04T19:00:00Z,18226.5,18226.5,18062.5,18075.0,242144.0
2024-04-04T20:00:00Z,18075.5,18100.0,18055.0,18076.75,31478.0
2024-04-04T22:00:00Z,18088.0,18118.5,18074.75,18094.25,0.0
2024-04-04T23:00:00Z,18094.75,18106.75,18083.5,18091.5,15262.0
2024-04-05T00:00:00Z,18091.5,18110.0,18054.25,18096.5,25067.0
2024-04-05T01:00:00Z,18096.75,18098.25,18061.75,18070.75,17585.0
2024-04-05T02:00:00Z,18071.25,18089.5,18065.5,18087.25,10756.0
2024-04-05T03:00:00Z,18087.5,18110.5,18080.25,18110.0,10574.0
2024-04-05T04:00:00Z,18110.0,18119.5,18099.5,18111.75,9437.0
2024-04-05T05:00:00Z,18112.0,18125.75,18096.75,18108.25,14074.0
2024-04-05T06:00:00Z,18107.75,18129.75,18102.0,18123.75,21635.0
2024-04-05T07:00:00Z,18123.5,18140.0,18109.0,18135.5,23805.0
2024-04-05T08:00:00Z,18134.5,18147.5,18120.25,18138.25,19849.0
2024-04-05T09:00:00Z,18138.5,18146.0,18126.5,18140.5,13132.0
2024-04-05T10:00:00Z,18127.80078125,18143.25,18121.75,18140.0,12485.0
2024-04-05T11:00:00Z,18140.0,18166.5,18132.75,18144.25,21590.0
2024-04-05T12:00:00Z,18144.75,18190.5,18043.5,18144.75,135317.0
2024-04-05T13:00:00Z,18145.25,18228.25,18102.5,18206.0,248146.0
2024-04-05T14:00:00Z,18206.5,18311.25,18174.5,18310.75,264671.0
2024-04-05T15:00:00Z,18310.25,18366.0,18234.0,18355.75,232564.0
2024-04-05T16:00:00Z,18356.75,18406.5,18334.5,18400.5,136402.0
2024-04-05T17:00:00Z,18400.5,18407.75,18280.0,18291.75,158294.0
2024-04-05T18:00:00Z,18291.5,18342.75,18251.25,18279.5,208380.0
2024-04-05T19:00:00Z,18279.5,18332.5,18269.0,18294.0,127763.0
2024-04-05T20:00:00Z,18294.0,18313.25,18282.5,18310.5,16252.0
2024-04-07T22:00:00Z,18346.5,18373.5,18305.0,18311.5,15239.0
2024-04-07T23:00:00Z,18311.0,18326.25,18309.5,18319.0,12563.0
2024-04-08T00:00:00Z,18319.25,18321.5,18283.75,18314.5,20096.0
2024-04-08T01:00:00Z,18314.25,18334.0,18307.75,18323.25,22237.0
2024-04-08T02:00:00Z,18323.5,18328.0,18316.0,18326.5,9557.0
2024-04-08T03:00:00Z,18326.25,18327.25,18270.5,18284.0,16880.0
2024-04-08T04:00:00Z,18286.0,18295.75,18283.25,18289.25,7709.0
2024-04-08T05:00:00Z,18289.75,18306.75,18285.25,18299.0,11804.0
2024-04-08T06:00:00Z,18299.0,18313.25,18279.5,18285.25,17369.0
2024-04-08T07:00:00Z,18285.25,18344.5,18276.5,18323.5,31109.0
2024-04-08T08:00:00Z,18324.0,18332.75,18247.25,18275.75,43680.0
2024-04-08T09:00:00Z,18276.25,18308.5,18265.5,18306.25,24992.0
2024-04-08T10:00:00Z,18300.80078125,18314.75,18279.25,18313.0,21341.0
2024-04-08T11:00:00Z,18313.25,18325.0,18281.75,18301.75,27627.0
2024-04-08T12:00:00Z,18302.0,18367.5,18285.0,18358.25,48991.0
2024-04-08T13:00:00Z,18358.5,18367.5,18237.75,18300.75,212113.0
2024-04-08T14:00:00Z,18300.5,18377.5,18276.25,18364.25,213918.0
2024-04-08T15:00:00Z,18364.5,18372.5,18278.0,18301.25,162638.0
2024-04-08T16:00:00Z,18301.25,18316.25,18252.25,18315.25,130672.0
2024-04-08T17:00:00Z,18315.25,18317.75,18279.25,18307.5,81982.0
2024-04-08T18:00:00Z,18307.5,18324.0,18285.25,18317.5,79103.0
2024-04-08T19:00:00Z,18317.75,18331.75,18286.25,18297.25,108872.0
2024-04-08T20:00:00Z,18297.25,18315.75,18295.25,18311.25,14005.0
2024-04-08T22:00:00Z,18317.0,18324.75,18311.25,18314.75,0.0
2024-04-08T23:00:00Z,18314.0,18316.0,18301.0,18301.75,5558.0
2024-04-09T00:00:00Z,18301.5,18306.75,18291.75,18295.25,8784.0
2024-04-09T01:00:00Z,18295.0,18305.75,18286.0,18287.25,8228.0
2024-04-09T02:00:00Z,18287.0,18298.0,18285.0,18295.5,5719.0
2024-04-09T03:00:00Z,18295.0,18303.25,18293.5,18302.5,3900.0
2024-04-09T04:00:00Z,18303.5,18317.5,18302.5,18314.0,5221.0
2024-04-09T05:00:00Z,18314.75,18324.5,18310.25,18312.5,7054.0
2024-04-09T06:00:00Z,18312.75,18325.0,18309.75,18318.5,7914.0
2024-04-09T07:00:00Z,18318.25,18334.75,18266.5,18276.0,30136.0
2024-04-09T08:00:00Z,18276.5,18312.0,18270.0,18304.5,25021.0
2024-04-09T09:00:00Z,18303.75,18335.0,18294.25,18318.75,21486.0
2024-04-09T10:00:00Z,18318.25,18325.5,18253.75,18283.25,34429.0
2024-04-09T11:00:00Z,18284.0,18344.5,18284.0,18340.75,37260.0
2024-04-09T12:00:00Z,18340.75,18371.5,18336.5,18362.25,43406.0
2024-04-09T13:00:00Z,18361.75,18405.0,18335.25,18342.25,224534.0
2024-04-09T14:00:00Z,18342.5,18370.0,18160.25,18217.0,369510.0
2024-04-09T15:00:00Z,18216.5,18274.5,18204.0,18261.25,187594.0
2024-04-09T16:00:00Z,18261.25,18303.5,18255.75,18263.25,119562.0
2024-04-09T17:00:00Z,18264.25,18296.25,18251.0,18255.0,110001.0
2024-04-09T18:00:00Z,18255.5,18284.0,18236.75,18252.25,129147.0
2024-04-09T19:00:00Z,18252.25,18365.0,18215.5,18361.75,189357.0
2024-04-09T20:00:00Z,18362.0,18407.25,18359.5,18383.75,35188.0
2024-04-09T22:00:00Z,18384.0,18384.25,18370.75,18375.0,0.0
2024-04-09T23:00:00Z,18375.25,18377.25,18367.0,18368.0,4581.0
2024-04-10T00:00:00Z,18368.25,18382.5,18366.75,18379.0,5849.0
2024-04-10T01:00:00Z,18379.0,18385.0,18367.75,18380.25,7196.0
2024-04-10T02:00:00Z,18380.5,18382.25,18371.75,18380.5,4297.0
2024-04-10T03:00:00Z,18381.0,18383.0,18375.5,18378.25,3409.0
2024-04-10T04:00:00Z,18378.75,18386.25,18378.75,18381.5,3234.0
2024-04-10T05:00:00Z,18381.75,18391.5,18369.5,18370.0,6977.0
2024-04-10T06:00:00Z,18370.75,18383.5,18370.75,18374.5,7299.0
2024-04-10T07:00:00Z,18380.5,18402.0,18373.5,18391.0,18838.0
2024-04-10T08:00:00Z,18391.0,18410.25,18380.5,18404.0,14530.0
2024-04-10T09:00:00Z,18404.25,18411.5,18355.0,18356.0,18624.0
2024-04-10T10:00:00Z,18354.19921875,18376.75,18347.75,18369.5,22922.0
2024-04-10T11:00:00Z,18369.5,18383.75,18366.5,18381.75,18630.0
2024-04-10T12:00:00Z,18381.75,18470.0,18054.0,18107.25,203824.0
2024-04-10T13:00:00Z,18107.75,18208.25,18061.5,18179.5,337302.0
2024-04-10T14:00:00Z,18179.25,18232.25,18135.25,18158.0,245741.0
2024-04-10T15:00:00Z,18158.0,18183.0,18125.0,18144.5,124969.0
2024-04-10T16:00:00Z,18144.75,18202.0,18127.0,18191.5,88708.0
2024-04-10T17:00:00Z,18191.75,18224.5,18114.0,18166.5,230940.0
2024-04-10T18:00:00Z,18166.75,18196.5,18125.0,18128.0,161331.0
2024-04-10T19:00:00Z,18128.25,18227.0,18118.25,18191.5,160949.0
2024-04-10T20:00:00Z,18191.5,18198.75,18150.75,18191.5,22151.0
2024-04-10T22:00:00Z,18190.75,18190.75,18160.0,18172.25,0.0
2024-04-10T23:00:00Z,18172.5,18172.75,18142.5,18158.5,13932.0
2024-04-11T00:00:00Z,18159.0,18176.25,18150.75,18164.5,14251.0
2024-04-11T01:00:00Z,18164.0,18184.5,18155.5,18178.5,13479.0
2024-04-11T02:00:00Z,18178.5,18194.75,18177.25,18190.0,8434.0
2024-04-11T03:00:00Z,18189.5,18205.0,18185.25,18199.75,8248.0
2024-04-11T04:00:00Z,18199.0,18207.25,18195.25,18204.5,5933.0
2024-04-11T05:00:00Z,18204.25,18212.25,18201.25,18203.75,7408.0
2024-04-11T06:00:00Z,18203.5,18216.75,18191.0,18192.5,12653.0
2024-04-11T07:00:00Z,18192.0,18216.25,18187.75,18200.75,21976.0
2024-04-11T08:00:00Z,18200.75,18210.5,18158.0,18158.5,24912.0
2024-04-11T09:00:00Z,18158.5,18173.75,18145.5,18160.75,27988.0
2024-04-11T10:00:00Z,18147.80078125,18171.0,18146.0,18165.75,22315.0
2024-04-11T11:00:00Z,18165.25,18172.0,18111.75,18125.5,39333.0
2024-04-11T12:00:00Z,18125.25,18263.5,18085.0,18245.75,140486.0
2024-04-11T13:00:00Z,18246.25,18286.25,18222.5,18260.75,247840.0
2024-04-11T14:00:00Z,18261.0,18264.75,18169.0,18237.25,268488.0
2024-04-11T15:00:00Z,18237.5,18322.5,18236.25,18316.75,160700.0
2024-04-11T16:00:00Z,18317.0,18326.75,18287.5,18308.75,103785.0
2024-04-11T17:00:00Z,18308.5,18444.5,18289.75,18436.5,173420.0
2024-04-11T18:00:00Z,18436.75,18512.5,18432.75,18479.0,120163.0
2024-04-11T19:00:00Z,18479.0,18519.25,18479.0,18481.75,94298.0
2024-04-11T20:00:00Z,18481.75,18495.5,18478.0,18484.5,20755.0
2024-04-11T22:00:00Z,18485.5,18501.75,18477.0,18494.5,0.0
2024-04-11T23:00:00Z,18494.5,18499.0,18473.0,18490.25,7495.0
2024-04-12T00:00:00Z,18490.25,18498.5,18475.0,18492.5,8884.0
2024-04-12T01:00:00Z,18492.75,18499.5,18482.75,18497.0,9089.0
2024-04-12T02:00:00Z,18497.25,18497.5,18489.5,18493.25,4708.0
2024-04-12T03:00:00Z,18492.5,18500.25,18488.5,18489.5,4871.0
2024-04-12T04:00:00Z,18488.75,18493.25,18483.75,18486.0,4086.0
2024-04-12T05:00:00Z,18486.25,18495.5,18483.75,18488.25,4975.0
2024-04-12T06:00:00Z,18488.5,18507.75,18480.0,18498.0,16208.0
2024-04-12T07:00:00Z,18497.0,18500.75,18465.75,18469.5,22209.0
2024-04-12T08:00:00Z,18469.0,18482.25,18442.5,18443.75,29313.0
2024-04-12T09:00:00Z,18444.0,18446.25,18410.25,18425.25,29950.0
2024-04-12T10:00:00Z,18425.0,18426.75,18360.0,18383.25,39380.0
2024-04-12T11:00:00Z,18383.75,18429.5,18376.0,18412.5,37527.0
2024-04-12T12:00:00Z,18412.75,18428.75,18312.0,18318.5,88374.0
2024-04-12T13:00:00Z,18318.5,18343.25,18274.25,18338.0,199545.0
2024-04-12T14:00:00Z,18337.0,18339.25,18193.25,18198.5,278960.0
2024-04-12T15:00:00Z,18198.0,18291.5,18193.5,18256.0,155043.0
2024-04-12T16:00:00Z,18256.25,18268.25,18147.25,18158.5,171241.0
2024-04-12T17:00:00Z,18158.75,18193.25,18124.5,18161.75,163875.0
2024-04-12T18:00:00Z,18161.75,18188.0,18131.5,18134.25,141079.0
2024-04-12T19:00:00Z,18134.25,18198.0,18120.0,18181.5,153536.0
2024-04-12T20:00:00Z,18180.75,18194.25,18168.5,18173.25,20030.0
2024-04-14T22:00:00Z,18151.75,18243.0,18147.5,18221.5,33058.0
2024-04-14T23:00:00Z,18221.75,18255.0,18219.75,18237.75,22871.0
2024-04-15T00:00:00Z,18238.0,18248.0,18192.25,18223.75,34294.0
2024-04-15T01:00:00Z,18223.5,18228.0,18194.5,18221.5,19955.0
2024-04-15T02:00:00Z,18222.75,18233.25,18220.0,18221.25,9309.0
2024-04-15T03:00:00Z,18221.5,18243.0,18211.75,18233.25,10890.0
2024-04-15T04:00:00Z,18230.75,18251.0,18227.25,18248.5,8363.0
2024-04-15T05:00:00Z,18248.25,18263.75,18243.25,18258.0,12402.0
2024-04-15T06:00:00Z,18257.75,18276.25,18243.5,18260.5,19008.0
2024-04-15T07:00:00Z,18260.75,18289.25,18241.75,18280.25,33096.0
2024-04-15T08:00:00Z,18280.0,18287.5,18265.25,18276.0,23498.0
2024-04-15T09:00:00Z,18276.75,18295.75,18259.0,18270.75,22256.0
2024-04-15T10:00:00Z,18270.5,18287.75,18265.5,18276.5,15732.0
2024-04-15T11:00:00Z,18276.75,18297.75,18264.25,18292.25,26743.0
2024-04-15T12:00:00Z,18292.25,18348.0,18270.0,18331.25,73984.0
2024-04-15T13:00:00Z,18331.25,18351.0,18261.0,18304.75,171345.0
2024-04-15T14:00:00Z,18305.0,18326.0,18171.0,18172.0,279911.0
2024-04-15T15:00:00Z,18172.0,18222.75,18158.75,18211.0,147227.0
2024-04-15T16:00:00Z,18211.0,18227.0,18083.75,18109.25,141309.0
2024-04-15T17:00:00Z,18109.25,18131.25,17876.5,17923.25,238618.0
2024-04-15T18:00:00Z,17923.25,17938.75,17867.25,17886.0,143923.0
2024-04-15T19:00:00Z,17885.75,17905.25,17841.5,17876.25,143307.0
2024-04-15T20:00:00Z,17876.25,17883.25,17843.75,17875.0,21521.0
2024-04-15T22:00:00Z,17882.0,17891.75,17874.25,17882.0,0.0
2024-04-15T23:00:00Z,17881.75,17883.25,17845.5,17870.5,18804.0
2024-04-16T00:00:00Z,17871.75,17894.0,17867.25,17881.0,19474.0
2024-04-16T01:00:00Z,17881.25,17885.0,17856.75,17871.5,16566.0
2024-04-16T02:00:00Z,17872.5,17876.75,17795.5,17836.25,35070.0
2024-04-16T03:00:00Z,17836.25,17845.75,17819.5,17844.25,15308.0
2024-04-16T04:00:00Z,17846.5,17846.5,17822.5,17843.5,10564.0
2024-04-16T05:00:00Z,17844.0,17874.75,17841.5,17863.25,14800.0
2024-04-16T06:00:00Z,17863.0,17867.0,17829.25,17845.75,23079.0
2024-04-16T07:00:00Z,17846.0,17876.0,17840.0,17875.0,38349.0
2024-04-16T08:00:00Z,17874.25,17883.25,17855.25,17867.75,26042.0
2024-04-16T09:00:00Z,17867.25,17877.0,17822.25,17844.25,27639.0
2024-04-16T10:00:00Z,17844.75,17860.75,17791.25,17858.25,39614.0
2024-04-16T11:00:00Z,17858.5,17918.0,17851.5,17907.75,47595.0
2024-04-16T12:00:00Z,17907.75,17918.0,17864.75,17893.5,68387.0
2024-04-16T13:00:00Z,17893.25,17910.75,17822.0,17897.75,224061.0
2024-04-16T14:00:00Z,17897.5,17931.0,17834.5,17863.25,228576.0
2024-04-16T15:00:00Z,17863.5,17937.5,17851.25,17890.75,146625.0
2024-04-16T16:00:00Z,17890.5,17930.75,17862.5,17913.25,120087.0
2024-04-16T17:00:00Z,17913.75,17931.0,17818.0,17889.25,232373.0
2024-04-16T18:00:00Z,17889.5,17988.0,17846.25,17950.25,197208.0
2024-04-16T19:00:00Z,17950.0,17954.75,17873.75,17876.75,127472.0
2024-04-16T20:00:00Z,17876.75,17895.75,17872.0,17895.75,13042.0
2024-04-16T22:00:00Z,17897.75,17916.0,17896.0,17907.5,0.0
2024-04-16T23:00:00Z,17907.5,17940.0,17898.5,17935.75,10200.0
2024-04-17T00:00:00Z,17936.0,17936.25,17890.0,17910.25,20060.0
2024-04-17T01:00:00Z,17910.5,17931.75,17904.0,17925.0,15585.0
2024-04-17T02:00:00Z,17923.25,17935.0,17915.25,17930.5,7992.0
2024-04-17T03:00:00Z,17930.75,17937.5,17926.0,17929.25,5615.0
2024-04-17T04:00:00Z,17929.5,17936.0,17923.25,17934.75,4272.0
2024-04-17T05:00:00Z,17934.5,17934.5,17842.0,17857.75,28524.0
2024-04-17T06:00:00Z,17857.0,17862.75,17778.0,17824.25,46157.0
2024-04-17T07:00:00Z,17824.25,17885.5,17820.5,17877.75,41375.0
2024-04-17T08:00:00Z,17877.75,17922.0,17862.25,17912.5,31845.0
2024-04-17T09:00:00Z,17912.5,17929.5,17882.75,17929.5,25851.0
2024-04-17T10:00:00Z,17929.75,17943.25,17915.0,17921.75,23924.0
2024-04-17T11:00:00Z,17922.0,17937.75,17904.25,17909.5,27625.0
2024-04-17T12:00:00Z,17909.25,17939.5,17892.75,17929.5,51481.0
2024-04-17T13:00:00Z,17929.25,17968.25,17874.0,17891.75,209216.0
2024-04-17T14:00:00Z,17892.0,17894.25,17764.0,17801.75,287047.0
2024-04-17T15:00:00Z,17802.0,17850.5,17726.5,17747.5,211760.0
2024-04-17T16:00:00Z,17747.25,17750.5,17616.0,17643.5,201685.0
2024-04-17T17:00:00Z,17643.75,17747.5,17636.5,17742.0,158121.0
2024-04-17T18:00:00Z,17741.75,17796.5,17686.0,17703.5,171919.0
2024-04-17T19:00:00Z,17703.0,17713.5,17647.5,17654.5,163297.0
2024-04-17T20:00:00Z,17654.5,17670.25,17638.75,17663.5,19315.0
2024-04-17T22:00:00Z,17674.0,17685.5,17670.0,17679.5,0.0
2024-04-17T23:00:00Z,17679.0,17689.0,17673.25,17686.25,7411.0
2024-04-18T00:00:00Z,17686.0,17700.25,17678.75,17695.75,11692.0
2024-04-18T01:00:00Z,17695.75,17704.75,17691.75,17704.0,9234.0
2024-04-18T02:00:00Z,17704.5,17724.25,17701.25,17719.5,10830.0
2024-04-18T03:00:00Z,17719.25,17733.5,17719.25,17729.0,6499.0
2024-04-18T04:00:00Z,17729.0,17736.25,17722.75,17725.75,5599.0
2024-04-18T05:00:00Z,17726.0,17755.5,17712.0,17743.5,17020.0
2024-04-18T06:00:00Z,17743.75,17771.0,17740.0,17763.75,18018.0
2024-04-18T07:00:00Z,17764.0,17765.75,17730.25,17747.25,24892.0
2024-04-18T08:00:00Z,17746.5,17757.25,17709.0,17722.5,26830.0
2024-04-18T09:00:00Z,17722.75,17731.5,17674.75,17710.0,27690.0
2024-04-18T10:00:00Z,17710.5,17721.5,17684.75,17708.0,24701.0
2024-04-18T11:00:00Z,17708.0,17725.5,17694.0,17709.5,27634.0
2024-04-18T12:00:00Z,17710.0,17713.25,17663.25,17681.75,65157.0
2024-04-18T13:00:00Z,17681.5,17696.25,17551.0,17610.5,235007.0
2024-04-18T14:00:00Z,17610.0,17732.0,17582.25,17712.0,236290.0
2024-04-18T15:00:00Z,17711.75,17746.0,17683.0,17692.75,155890.0
2024-04-18T16:00:00Z,17693.0,17712.5,17602.5,17610.5,160351.0
2024-04-18T17:00:00Z,17610.5,17624.75,17537.0,17561.5,181596.0
2024-04-18T18:00:00Z,17561.25,17597.0,17522.0,17533.25,157684.0
2024-04-18T19:00:00Z,17533.5,17593.0,17529.25,17545.0,150011.0
2024-04-18T20:00:00Z,17545.25,17586.0,17505.0,17530.0,37776.0
2024-04-18T22:00:00Z,17530.0,17543.0,17520.0,17522.75,0.0
2024-04-18T23:00:00Z,17523.0,17523.25,17474.0,17489.5,17956.0
2024-04-19T00:00:00Z,17489.5,17496.25,17420.25,17437.0,46025.0
2024-04-19T01:00:00Z,17437.25,17445.75,17234.25,17275.25,143071.0
2024-04-19T02:00:00Z,17276.25,17287.5,17180.25,17281.75,93807.0
2024-04-19T03:00:00Z,17281.25,17355.0,17257.25,17338.25,46512.0
2024-04-19T04:00:00Z,17337.75,17392.0,17337.75,17367.5,26209.0
2024-04-19T05:00:00Z,17368.25,17387.0,17347.0,17372.25,25582.0
2024-04-19T06:00:00Z,17372.25,17437.0,17354.25,17426.5,43044.0
2024-04-19T07:00:00Z,17426.75,17459.75,17413.5,17432.5,37446.0
2024-04-19T08:00:00Z,17432.75,17448.0,17388.75,17412.75,36337.0
2024-04-19T09:00:00Z,17413.0,17464.75,17410.0,17435.75,24830.0
2024-04-19T10:00:00Z,17454.5,17458.75,17407.5,17444.5,27376.0
2024-04-19T11:00:00Z,17444.5,17507.5,17431.0,17504.0,46890.0
2024-04-19T12:00:00Z,17503.5,17552.5,17480.75,17518.0,62065.0
2024-04-19T13:00:00Z,17517.25,17523.0,17425.5,17455.0,233606.0
2024-04-19T14:00:00Z,17454.75,17473.5,17341.5,17389.5,277373.0
2024-04-19T15:00:00Z,17389.5,17389.5,17288.5,17289.75,177486.0
2024-04-19T16:00:00Z,17290.25,17318.5,17203.25,17284.0,175934.0
2024-04-19T17:00:00Z,17283.75,17340.75,17256.5,17289.0,143965.0
2024-04-19T18:00:00Z,17289.25,17291.75,17132.25,17159.25,190294.0
2024-04-19T19:00:00Z,17159.5,17206.25,17113.75,17182.0,168491.0
2024-04-19T20:00:00Z,17182.0,17187.5,17157.5,17180.0,21515.0
2024-04-21T22:00:00Z,17228.25,17263.0,17196.0,17257.25,18793.0
2024-04-21T23:00:00Z,17257.0,17273.0,17244.0,17270.0,13133.0
2024-04-22T00:00:00Z,17270.0,17271.0,17200.0,17218.5,28045.0
2024-04-22T01:00:00Z,17218.0,17254.5,17213.5,17247.5,25685.0
2024-04-22T02:00:00Z,17247.75,17258.0,17235.5,17241.0,11952.0
2024-04-22T03:00:00Z,17240.5,17252.0,17235.25,17241.0,7430.0
2024-04-22T04:00:00Z,17239.0,17268.5,17236.25,17265.0,8254.0
2024-04-22T05:00:00Z,17265.25,17282.5,17254.0,17282.5,11407.0
2024-04-22T06:00:00Z,17281.75,17305.75,17275.75,17299.75,19112.0
2024-04-22T07:00:00Z,17299.5,17302.0,17248.0,17259.0,26484.0
2024-04-22T08:00:00Z,17258.25,17274.5,17235.0,17262.5,23326.0
2024-04-22T09:00:00Z,17262.0,17299.25,17258.25,17294.0,15461.0
2024-04-22T10:00:00Z,17308.80078125,17314.5,17272.25,17279.75,18332.0
2024-04-22T11:00:00Z,17280.0,17297.75,17257.0,17278.25,25541.0
2024-04-22T12:00:00Z,17278.25,17303.5,17245.5,17295.75,40200.0
2024-04-22T13:00:00Z,17296.0,17331.5,17264.0,17282.75,192398.0
2024-04-22T14:00:00Z,17283.25,17314.0,17167.75,17185.75,262334.0
2024-04-22T15:00:00Z,17185.5,17254.5,17148.75,17250.75,162635.0
2024-04-22T16:00:00Z,17251.5,17295.75,17235.0,17273.75,123014.0
2024-04-22T17:00:00Z,17274.0,17414.75,17267.5,17397.0,132270.0
2024-04-22T18:00:00Z,17397.0,17448.0,17381.0,17410.75,116691.0
2024-04-22T19:00:00Z,17411.0,17418.75,17324.75,17352.0,132993.0
2024-04-22T20:00:00Z,17351.5,17356.0,17323.25,17345.5,15914.0
2024-04-22T22:00:00Z,17350.0,17371.75,17329.25,17338.0,0.0
2024-04-22T23:00:00Z,17338.25,17342.5,17285.5,17322.5,15419.0
2024-04-23T00:00:00Z,17322.5,17338.0,17316.0,17331.5,10270.0
2024-04-23T01:00:00Z,17331.5,17333.25,17292.0,17305.75,15615.0
2024-04-23T02:00:00Z,17305.5,17329.75,17301.5,17324.0,11273.0
2024-04-23T03:00:00Z,17324.5,17336.75,17314.5,17332.5,7414.0
2024-04-23T04:00:00Z,17331.5,17342.25,17324.5,17331.0,5817.0
2024-04-23T05:00:00Z,17330.5,17342.25,17317.5,17336.5,9001.0
2024-04-23T06:00:00Z,17336.75,17355.25,17319.5,17351.25,12181.0
2024-04-23T07:00:00Z,17351.25,17370.0,17343.25,17364.25,25178.0
2024-04-23T08:00:00Z,17375.0,17401.25,17368.25,17383.25,26016.0
2024-04-23T09:00:00Z,17382.75,17404.5,17366.5,17375.25,21198.0
2024-04-23T10:00:00Z,17375.25,17417.0,17373.25,17410.5,23245.0
2024-04-23T11:00:00Z,17410.5,17429.5,17385.0,17391.0,28815.0
2024-04-23T12:00:00Z,17390.75,17427.25,17360.0,17422.0,46744.0
2024-04-23T13:00:00Z,17422.25,17527.75,17412.0,17500.5,216333.0
2024-04-23T14:00:00Z,17500.25,17598.75,17475.75,17592.5,240744.0
2024-04-23T15:00:00Z,17592.75,17607.5,17545.5,17563.25,160458.0
2024-04-23T16:00:00Z,17564.0,17615.25,17562.25,17594.0,94473.0
2024-04-23T17:00:00Z,17594.25,17640.5,17571.5,17636.5,99769.0
2024-04-23T18:00:00Z,17637.0,17656.5,17620.5,17645.5,75620.0
2024-04-23T19:00:00Z,17645.5,17648.75,17592.5,17607.5,93956.0
2024-04-23T20:00:00Z,17608.25,17666.75,17591.25,17659.5,32822.0
2024-04-23T22:00:00Z,17680.25,17698.5,17664.0,17679.0,0.0
2024-04-23T23:00:00Z,17678.75,17717.5,17672.0,17700.0,19261.0
2024-04-24T00:00:00Z,17700.0,17720.75,17686.75,17714.5,15898.0
2024-04-24T01:00:00Z,17714.5,17731.25,17709.0,17726.75,14650.0
2024-04-24T02:00:00Z,17726.75,17737.25,17723.0,17728.25,10080.0
2024-04-24T03:00:00Z,17728.75,17745.5,17727.25,17732.75,10966.0
2024-04-24T04:00:00Z,17732.5,17733.5,17724.25,17728.25,6008.0
2024-04-24T05:00:00Z,17728.5,17747.0,17726.25,17741.5,8278.0
2024-04-24T06:00:00Z,17741.0,17744.75,17719.25,17731.0,16111.0
2024-04-24T07:00:00Z,17731.25,17739.0,17710.5,17726.5,21085.0
2024-04-24T08:00:00Z,17726.0,17727.0,17691.0,17695.75,24330.0
2024-04-24T09:00:00Z,17696.25,17709.0,17667.25,17682.75,21138.0
2024-04-24T10:00:00Z,17689.5,17711.75,17687.25,17695.0,24571.0
2024-04-24T11:00:00Z,17695.25,17730.75,17691.75,17724.5,29178.0
2024-04-24T12:00:00Z,17724.75,17754.25,17696.25,17705.25,54304.0
2024-04-24T13:00:00Z,17705.0,17795.75,17688.0,17736.0,231509.0
2024-04-24T14:00:00Z,17736.5,17776.0,17677.75,17693.75,241577.0
2024-04-24T15:00:00Z,17693.75,17701.0,17602.5,17607.5,203646.0
2024-04-24T16:00:00Z,17607.5,17631.5,17567.25,17622.75,156090.0
2024-04-24T17:00:00Z,17622.5,17705.5,17607.0,17698.75,123993.0
2024-04-24T18:00:00Z,17698.75,17702.75,17608.75,17613.0,138832.0
2024-04-24T19:00:00Z,17612.75,17687.25,17606.5,17658.75,117581.0
2024-04-24T20:00:00Z,17658.5,17680.0,17480.0,17508.5,71474.0
2024-04-24T22:00:00Z,17451.5,17486.75,17437.25,17467.75,0.0
2024-04-24T23:00:00Z,17467.25,17483.5,17447.0,17462.25,13110.0
2024-04-25T00:00:00Z,17463.5,17494.5,17458.0,17488.75,20090.0
2024-04-25T01:00:00Z,17488.75,17492.0,17459.75,17461.5,12936.0
2024-04-25T02:00:00Z,17461.5,17474.0,17456.0,17464.75,8627.0
2024-04-25T03:00:00Z,17465.0,17466.5,17456.75,17459.25,4384.0
2024-04-25T04:00:00Z,17460.25,17462.0,17448.25,17454.0,5541.0
2024-04-25T05:00:00Z,17454.0,17455.5,17414.75,17422.5,16275.0
2024-04-25T06:00:00Z,17422.25,17459.5,17408.0,17454.75,20393.0
2024-04-25T07:00:00Z,17453.75,17464.75,17435.25,17452.75,24393.0
2024-04-25T08:00:00Z,17452.75,17509.5,17451.5,17496.5,28394.0
2024-04-25T09:00:00Z,17496.5,17525.0,17490.5,17516.75,18369.0
2024-04-25T10:00:00Z,17516.75,17517.75,17474.5,17483.75,26831.0
2024-04-25T11:00:00Z,17483.5,17503.0,17461.5,17501.0,30901.0
2024-04-25T12:00:00Z,17501.25,17515.0,17368.0,17379.5,108025.0
2024-04-25T13:00:00Z,17380.5,17392.25,17308.0,17357.0,295128.0
2024-04-25T14:00:00Z,17357.25,17447.75,17329.5,17352.5,295521.0
2024-04-25T15:00:00Z,17353.0,17419.5,17349.75,17414.0,170840.0
2024-04-25T16:00:00Z,17413.5,17507.25,17396.75,17494.25,140326.0
2024-04-25T17:00:00Z,17494.5,17580.0,17463.5,17567.5,139645.0
2024-04-25T18:00:00Z,17568.0,17583.5,17492.0,17526.75,125481.0
2024-04-25T19:00:00Z,17526.5,17605.5,17524.25,17567.5,132206.0
2024-04-25T20:00:00Z,17567.5,17827.75,17547.0,17818.0,76641.0
2024-04-25T22:00:00Z,17811.0,17822.5,17755.25,17776.0,0.0
2024-04-25T23:00:00Z,17776.5,17776.5,17746.0,17759.0,13254.0
2024-04-26T00:00:00Z,17759.25,17761.5,17742.0,17754.5,11773.0
2024-04-26T01:00:00Z,17755.5,17782.0,17747.75,17772.0,12612.0
2024-04-26T02:00:00Z,17772.25,17775.25,17751.25,17762.75,6920.0
2024-04-26T03:00:00Z,17762.75,17786.75,17761.0,17769.0,9722.0
2024-04-26T04:00:00Z,17769.25,17775.0,17763.75,17765.25,4936.0
2024-04-26T05:00:00Z,17765.25,17774.75,17755.5,17770.75,9218.0
2024-04-26T06:00:00Z,17771.0,17793.5,17761.25,17772.75,14582.0
2024-04-26T07:00:00Z,17772.25,17773.5,17735.0,17758.75,28460.0
2024-04-26T08:00:00Z,17758.75,17766.0,17727.5,17735.25,20166.0
2024-04-26T09:00:00Z,17735.25,17738.0,17711.75,17729.25,18546.0
2024-04-26T10:00:00Z,17729.5,17748.0,17716.0,17727.25,17408.0
2024-04-26T11:00:00Z,17727.5,17764.0,17727.5,17743.5,27731.0
2024-04-26T12:00:00Z,17743.5,17817.75,17693.5,17727.5,123176.0
2024-04-26T13:00:00Z,17728.0,17802.75,17668.25,17784.0,230914.0
2024-04-26T14:00:00Z,17787.25,17860.0,17768.5,17854.25,272726.0
2024-04-26T15:00:00Z,17854.25,17886.0,17814.5,17848.5,174952.0
2024-04-26T16:00:00Z,17848.75,17882.75,17826.75,17882.25,92195.0
2024-04-26T17:00:00Z,17882.5,17901.25,17861.75,17877.75,90952.0
2024-04-26T18:00:00Z,17877.75,17880.75,17836.75,17867.75,87406.0
2024-04-26T19:00:00Z,17867.25,17889.5,17836.25,17839.25,86577.0
2024-04-26T20:00:00Z,17839.25,17848.25,17830.0,17837.0,16686.0
2024-04-28T22:00:00Z,17864.5,17877.25,17852.5,17858.75,8009.0
2024-04-28T23:00:00Z,17859.25,17890.0,17853.25,17886.5,10945.0
2024-04-29T00:00:00Z,17886.5,17894.75,17875.0,17884.5,12251.0
2024-04-29T01:00:00Z,17884.5,17913.0,17878.0,17906.75,12911.0
2024-04-29T02:00:00Z,17907.25,17910.0,17891.25,17902.75,9708.0
2024-04-29T03:00:00Z,17902.5,17907.75,17898.75,17901.5,4698.0
2024-04-29T04:00:00Z,17900.5,17917.0,17897.25,17910.75,8944.0
2024-04-29T05:00:00Z,17910.25,17922.0,17903.0,17921.75,7745.0
2024-04-29T06:00:00Z,17921.75,17923.75,17888.5,17891.5,12542.0
2024-04-29T07:00:00Z,17891.5,17909.0,17882.25,17905.0,15981.0
2024-04-29T08:00:00Z,17905.75,17914.25,17888.5,17895.25,13434.0
2024-04-29T09:00:00Z,17894.5,17902.75,17866.75,17868.75,16746.0
2024-04-29T10:00:00Z,17868.75,17908.25,17865.25,17898.75,16037.0
2024-04-29T11:00:00Z,17898.25,17920.75,17883.25,17913.25,20356.0
2024-04-29T12:00:00Z,17913.25,17929.25,17904.25,17922.0,30326.0
2024-04-29T13:00:00Z,17922.0,17949.0,17828.75,17867.0,210474.0
2024-04-29T14:00:00Z,17867.0,17916.5,17863.25,17885.75,186646.0
2024-04-29T15:00:00Z,17886.25,17891.25,17844.75,17888.25,116567.0
2024-04-29T16:00:00Z,17888.25,17914.0,17882.0,17896.75,79409.0
2024-04-29T17:00:00Z,17896.25,17931.5,17873.75,17916.75,75129.0
2024-04-29T18:00:00Z,17916.5,17916.5,17843.75,17888.0,94158.0
2024-04-29T19:00:00Z,17887.75,17910.5,17791.25,17905.25,158334.0
2024-04-29T20:00:00Z,17905.25,17931.5,17904.5,17910.75,19703.0
2024-04-29T22:00:00Z,17912.75,17920.0,17904.5,17909.25,0.0
2024-04-29T23:00:00Z,17909.0,17913.0,17903.5,17909.5,3787.0
2024-04-30T00:00:00Z,17908.75,17914.0,17897.0,17905.0,7811.0
2024-04-30T01:00:00Z,17904.75,17918.25,17904.25,17910.75,6205.0
2024-04-30T02:00:00Z,17910.75,17921.0,17909.75,17910.5,4484.0
2024-04-30T03:00:00Z,17910.5,17913.5,17907.25,17911.5,3045.0
2024-04-30T04:00:00Z,17911.25,17911.5,17902.5,17905.25,3028.0
2024-04-30T05:00:00Z,17904.75,17906.0,17872.0,17890.75,11448.0
2024-04-30T06:00:00Z,17891.0,17910.75,17886.0,17900.0,11856.0
2024-04-30T07:00:00Z,17900.0,17907.5,17880.0,17898.0,14540.0
2024-04-30T08:00:00Z,17898.0,17899.25,17870.5,17870.5,14081.0
2024-04-30T09:00:00Z,17871.0,17887.5,17862.0,17873.5,20099.0
2024-04-30T10:00:00Z,17873.75,17896.5,17869.0,17891.5,12303.0
2024-04-30T11:00:00Z,17891.0,17894.25,17870.0,17875.0,19152.0
2024-04-30T12:00:00Z,17874.75,17888.25,17790.5,17826.5,79008.0
2024-04-30T13:00:00Z,17826.5,17887.5,17810.75,17871.0,170086.0
2024-04-30T14:00:00Z,17871.5,17895.0,17817.75,17836.75,215486.0
2024-04-30T15:00:00Z,17832.0,17834.5,17732.25,17764.25,192784.0
2024-04-30T16:00:00Z,17764.25,17776.25,17682.5,17704.75,145500.0
2024-04-30T17:00:00Z,17704.5,17737.0,17675.25,17728.5,116090.0
2024-04-30T18:00:00Z,17728.75,17745.5,17668.25,17681.75,118854.0
2024-04-30T19:00:00Z,17681.5,17708.5,17563.5,17564.75,144607.0
2024-04-30T20:00:00Z,17564.0,17632.75,17473.25,17507.5,90831.0
2024-04-30T22:00:00Z,17471.5,17503.75,17453.75,17495.75,0.0
2024-04-30T23:00:00Z,17495.5,17513.25,17480.75,17507.5,13030.0
2024-05-01T00:00:00Z,17507.75,17517.25,17500.0,17514.25,9720.0
2024-05-01T01:00:00Z,17514.5,17518.75,17498.75,17511.0,8255.0
2024-05-01T02:00:00Z,17511.25,17521.75,17501.25,17515.75,5962.0
2024-05-01T03:00:00Z,17516.0,17528.0,17515.5,17526.25,5517.0
2024-05-01T04:00:00Z,17526.5,17528.75,17520.5,17527.5,3463.0
2024-05-01T05:00:00Z,17527.25,17528.25,17505.5,17508.25,5769.0
2024-05-01T06:00:00Z,17508.25,17517.25,17466.0,17486.0,16980.0
2024-05-01T07:00:00Z,17485.75,17498.75,17454.5,17466.25,17612.0
2024-05-01T08:00:00Z,17483.0,17487.5,17459.25,17474.5,17848.0
2024-05-01T09:00:00Z,17474.75,17475.25,17416.75,17438.5,27379.0
2024-05-01T10:00:00Z,17433.0,17461.25,17412.0,17460.0,22892.0
2024-05-01T11:00:00Z,17459.75,17472.75,17438.0,17446.75,20954.0
2024-05-01T12:00:00Z,17446.25,17515.5,17440.5,17497.75,54003.0
2024-05-01T13:00:00Z,17497.75,17518.5,17455.0,17479.0,159627.0
2024-05-01T14:00:00Z,17479.25,17506.5,17425.5,17487.5,193805.0
2024-05-01T15:00:00Z,17487.5,17492.75,17412.25,17422.0,138203.0
2024-05-01T16:00:00Z,17422.0,17467.75,17399.0,17433.25,98596.0
2024-05-01T17:00:00Z,17433.0,17474.75,17413.25,17465.5,65185.0
2024-05-01T18:00:00Z,17467.75,17752.5,17450.0,17752.5,368782.0
2024-05-01T19:00:00Z,17751.0,17791.75,17424.75,17431.5,312367.0
2024-05-01T20:00:00Z,17432.25,17488.5,17430.5,17473.5,33602.0
2024-05-01T22:00:00Z,17484.0,17513.0,17484.0,17501.5,0.0
2024-05-01T23:00:00Z,17502.0,17533.5,17495.0,17530.25,9989.0
2024-05-02T00:00:00Z,17530.0,17543.75,17516.75,17538.0,13880.0
2024-05-02T01:00:00Z,17538.25,17547.5,17525.5,17540.0,13236.0
2024-05-02T02:00:00Z,17540.0,17561.0,17537.75,17555.5,9579.0
2024-05-02T03:00:00Z,17555.25,17559.75,17544.5,17549.75,6316.0
2024-05-02T04:00:00Z,17549.0,17554.25,17543.25,17552.5,4190.0
2024-05-02T05:00:00Z,17552.25,17560.25,17540.0,17541.0,7576.0
2024-05-02T06:00:00Z,17541.5,17555.0,17529.25,17536.75,14712.0
2024-05-02T07:00:00Z,17536.5,17587.75,17519.75,17570.0,24752.0
2024-05-02T08:00:00Z,17570.25,17600.0,17559.25,17560.25,22170.0
2024-05-02T09:00:00Z,17560.25,17590.0,17560.25,17587.25,13135.0
2024-05-02T10:00:00Z,17587.5,17604.5,17576.25,17595.0,18832.0
2024-05-02T11:00:00Z,17595.5,17613.5,17567.5,17571.25,23970.0
2024-05-02T12:00:00Z,17571.25,17620.0,17555.25,17577.0,57009.0
2024-05-02T13:00:00Z,17577.0,17602.5,17483.0,17499.25,212308.0
2024-05-02T14:00:00Z,17500.5,17538.25,17386.0,17528.75,311155.0
2024-05-02T15:00:00Z,17528.5,17570.75,17488.5,17561.25,160141.0
2024-05-02T16:00:00Z,17561.5,17566.25,17493.0,17531.25,121335.0
2024-05-02T17:00:00Z,17531.5,17616.5,17531.5,17594.75,114798.0
2024-05-02T18:00:00Z,17595.0,17671.25,17587.5,17664.5,106093.0
2024-05-02T19:00:00Z,17664.5,17685.75,17611.0,17648.25,141671.0
2024-05-02T20:00:00Z,17648.0,17755.25,17618.0,17744.25,52237.0
2024-05-02T22:00:00Z,17745.0,17808.0,17722.0,17746.75,0.0
2024-05-02T23:00:00Z,17747.5,17761.75,17739.5,17754.0,8189.0
2024-05-03T00:00:00Z,17754.25,17772.0,17737.25,17763.0,11880.0
2024-05-03T01:00:00Z,17763.25,17786.75,17761.25,17771.5,11381.0
2024-05-03T02:00:00Z,17771.75,17773.75,17758.0,17760.75,6583.0
2024-05-03T03:00:00Z,17760.5,17769.0,17757.75,17763.75,3975.0
2024-05-03T04:00:00Z,17763.0,17763.75,17748.0,17751.25,5268.0
2024-05-03T05:00:00Z,17751.0,17761.25,17745.5,17756.25,6143.0
2024-05-03T06:00:00Z,17756.0,17756.75,17731.25,17733.75,14312.0
2024-05-03T07:00:00Z,17734.0,17746.75,17719.0,17746.5,15663.0
2024-05-03T08:00:00Z,17746.5,17768.5,17741.25,17760.25,16248.0
2024-05-03T09:00:00Z,17760.75,17763.75,17743.5,17759.75,10898.0
2024-05-03T10:00:00Z,17760.25,17780.0,17752.0,17753.0,14004.0
2024-05-03T11:00:00Z,17753.75,17772.5,17740.0,17747.5,16101.0
2024-05-03T12:00:00Z,17747.0,17964.5,17742.5,17924.0,108707.0
2024-05-03T13:00:00Z,17923.5,18018.5,17915.5,17999.0,182274.0
2024-05-03T14:00:00Z,18001.75,18050.0,17893.5,17925.75,269860.0
2024-05-03T15:00:00Z,17926.0,18005.0,17895.5,17986.5,133228.0
2024-05-03T16:00:00Z,17987.0,18009.25,17961.5,17972.0,78456.0
2024-05-03T17:00:00Z,17972.0,18004.25,17967.0,17986.5,68191.0
2024-05-03T18:00:00Z,17986.0,18028.0,17985.5,18008.5,67364.0
2024-05-03T19:00:00Z,18009.0,18024.5,17987.5,18001.5,77340.0
2024-05-03T20:00:00Z,18001.0,18029.0,18000.0,18027.75,18322.0
2024-05-05T22:00:00Z,18046.75,18063.25,18025.75,18032.25,7375.0
2024-05-05T23:00:00Z,18032.0,18034.0,18000.5,18004.5,10524.0
2024-05-06T00:00:00Z,18005.0,18014.0,17995.0,18006.25,10904.0
2024-05-06T01:00:00Z,18006.0,18012.0,17999.5,18011.0,6839.0
2024-05-06T02:00:00Z,18011.5,18014.75,18004.5,18005.75,4070.0
2024-05-06T03:00:00Z,18005.25,18007.5,17998.25,18005.25,3975.0
2024-05-06T04:00:00Z,18005.25,18006.25,17988.75,17994.75,4085.0
2024-05-06T05:00:00Z,17995.0,18000.0,17983.75,17995.75,7315.0
2024-05-06T06:00:00Z,17995.75,18023.0,17995.75,18018.75,10329.0
2024-05-06T07:00:00Z,18018.75,18029.0,18000.25,18000.25,14238.0
2024-05-06T08:00:00Z,18000.25,18036.5,18000.0,18028.25,12895.0
2024-05-06T09:00:00Z,18028.5,18045.5,18024.75,18043.75,9427.0
2024-05-06T10:00:00Z,18043.25,18060.0,18041.0,18051.75,14638.0
2024-05-06T11:00:00Z,18052.25,18052.25,18036.25,18042.25,13617.0
2024-05-06T12:00:00Z,18042.75,18072.75,18037.25,18059.25,23353.0
2024-05-06T13:00:00Z,18059.25,18110.25,18042.5,18109.75,143735.0
2024-05-06T14:00:00Z,18109.75,18116.75,18079.5,18098.25,143784.0
2024-05-06T15:00:00Z,18098.25,18121.75,18077.75,18111.25,96359.0
2024-05-06T16:00:00Z,18111.5,18119.0,18067.25,18117.25,97365.0
2024-05-06T17:00:00Z,18117.5,18133.25,18092.75,18128.25,74667.0
2024-05-06T18:00:00Z,18128.25,18154.75,18122.75,18145.5,68627.0
2024-05-06T19:00:00Z,18145.5,18198.25,18129.5,18197.75,82949.0
2024-05-06T20:00:00Z,18198.0,18201.75,18179.25,18186.75,20327.0
2024-05-06T22:00:00Z,18184.75,18193.25,18175.25,18192.25,0.0
2024-05-06T23:00:00Z,18192.0,18197.0,18179.5,18184.0,6318.0
2024-05-07T00:00:00Z,18184.0,18188.5,18171.5,18178.0,6737.0
2024-05-07T01:00:00Z,18177.75,18184.0,18169.0,18182.0,6715.0
2024-05-07T02:00:00Z,18181.5,18186.5,18177.0,18179.25,4798.0
2024-05-07T03:00:00Z,18179.0,18188.25,18177.5,18187.5,3668.0
2024-05-07T04:00:00Z,18187.75,18187.75,18180.25,18184.0,3300.0
2024-05-07T05:00:00Z,18184.5,18188.0,18178.75,18180.5,3207.0
2024-05-07T06:00:00Z,18180.0,18188.5,18178.75,18186.0,5763.0
2024-05-07T07:00:00Z,18186.25,18196.75,18163.25,18164.5,14024.0
2024-05-07T08:00:00Z,18164.5,18195.5,18155.0,18194.5,16444.0
2024-05-07T09:00:00Z,18194.5,18199.5,18164.5,18174.25,13143.0
2024-05-07T10:00:00Z,18173.75,18182.75,18165.25,18181.0,10788.0
2024-05-07T11:00:00Z,18181.0,18184.75,18150.75,18164.75,19113.0
2024-05-07T12:00:00Z,18165.25,18196.0,18160.25,18192.0,25222.0
2024-05-07T13:00:00Z,18192.25,18236.25,18188.0,18193.0,149987.0
2024-05-07T14:00:00Z,18193.75,18251.25,18181.25,18250.25,164308.0
2024-05-07T15:00:00Z,18250.25,18262.25,18234.25,18252.5,109066.0
2024-05-07T16:00:00Z,18252.75,18267.75,18228.75,18239.75,80642.0
2024-05-07T17:00:00Z,18239.75,18266.0,18183.25,18193.75,103466.0
2024-05-07T18:00:00Z,18194.25,18214.0,18165.75,18194.5,101701.0
2024-05-07T19:00:00Z,18194.5,18220.75,18178.5,18196.5,92709.0
2024-05-07T20:00:00Z,18196.0,18215.5,18193.25,18198.0,14076.0
2024-05-07T22:00:00Z,18195.0,18204.25,18180.75,18203.0,0.0
2024-05-07T23:00:00Z,18203.0,18208.75,18196.5,18204.5,4910.0
2024-05-08T00:00:00Z,18204.75,18212.5,18201.0,18209.25,6021.0
2024-05-08T01:00:00Z,18209.25,18215.5,18202.5,18204.25,5603.0
2024-05-08T02:00:00Z,18204.25,18209.0,18194.75,18201.75,4716.0
2024-05-08T03:00:00Z,18201.5,18203.25,18192.0,18195.5,4222.0
2024-05-08T04:00:00Z,18194.75,18196.25,18185.25,18186.0,3777.0
2024-05-08T05:00:00Z,18185.75,18196.75,18181.25,18194.0,5023.0
2024-05-08T06:00:00Z,18194.75,18202.75,18184.5,18197.5,7293.0
2024-05-08T07:00:00Z,18197.0,18213.25,18195.0,18202.0,11055.0
2024-05-08T08:00:00Z,18201.5,18216.5,18190.25,18192.75,14314.0
2024-05-08T09:00:00Z,18192.5,18202.75,18188.0,18194.0,8856.0
2024-05-08T10:00:00Z,18194.0,18200.0,18179.5,18182.0,12642.0
2024-05-08T11:00:00Z,18182.25,18185.0,18146.75,18152.5,28715.0
2024-05-08T12:00:00Z,18152.25,18152.25,18072.5,18092.0,58167.0
2024-05-08T13:00:00Z,18092.25,18174.75,18079.0,18168.25,150326.0
2024-05-08T14:00:00Z,18168.0,18242.25,18151.5,18218.5,177383.0
2024-05-08T15:00:00Z,18218.75,18236.75,18164.0,18174.5,132371.0
2024-05-08T16:00:00Z,18174.5,18191.25,18155.0,18168.25,83299.0
2024-05-08T17:00:00Z,18168.25,18181.0,18138.25,18178.75,89073.0
2024-05-08T18:00:00Z,18179.0,18194.25,18167.75,18172.25,64144.0
2024-05-08T19:00:00Z,18172.25,18200.75,18155.0,18183.75,72965.0
2024-05-08T20:00:00Z,18183.25,18184.75,18152.75,18159.5,20293.0
2024-05-08T22:00:00Z,18164.0,18176.0,18153.25,18168.25,0.0
2024-05-08T23:00:00Z,18168.0,18170.0,18160.0,18162.0,3548.0
2024-05-09T00:00:00Z,18161.75,18171.0,18153.25,18166.25,6519.0
2024-05-09T01:00:00Z,18166.25,18176.25,18156.5,18173.75,5983.0
2024-05-09T02:00:00Z,18174.5,18175.5,18160.5,18164.25,4544.0
2024-05-09T03:00:00Z,18164.25,18167.5,18157.5,18159.0,3189.0
2024-05-09T04:00:00Z,18159.75,18160.75,18149.25,18149.5,3747.0
2024-05-09T05:00:00Z,18149.75,18156.25,18144.5,18149.25,5799.0
2024-05-09T06:00:00Z,18149.5,18150.5,18137.5,18138.25,7374.0
2024-05-09T07:00:00Z,18138.25,18161.75,18119.75,18125.25,18688.0
2024-05-09T08:00:00Z,18126.0,18144.25,18123.5,18124.75,13540.0
2024-05-09T09:00:00Z,18124.75,18130.5,18104.25,18130.0,13681.0
2024-05-09T10:00:00Z,18130.0,18155.0,18128.0,18135.5,14325.0
2024-05-09T11:00:00Z,18135.0,18164.25,18125.75,18156.5,21111.0
2024-05-09T12:00:00Z,18156.5,18201.0,18140.5,18191.0,48428.0
2024-05-09T13:00:00Z,18190.75,18210.75,18108.0,18157.0,174978.0
2024-05-09T14:00:00Z,18157.0,18222.25,18129.0,18210.75,202775.0
2024-05-09T15:00:00Z,18210.25,18237.5,18171.0,18178.75,116298.0
2024-05-09T16:00:00Z,18178.75,18221.0,18170.0,18213.75,75316.0
2024-05-09T17:00:00Z,18213.5,18232.75,18182.5,18206.5,80179.0
2024-05-09T18:00:00Z,18206.5,18239.0,18190.5,18232.0,62926.0
2024-05-09T19:00:00Z,18232.0,18234.5,18195.5,18215.75,80539.0
2024-05-09T20:00:00Z,18215.75,18240.0,18211.0,18214.5,16391.0
2024-05-09T22:00:00Z,18222.0,18237.25,18215.75,18232.5,0.0
2024-05-09T23:00:00Z,18232.5,18245.5,18229.5,18231.5,5800.0
2024-05-10T00:00:00Z,18232.0,18234.0,18223.25,18231.0,5579.0
2024-05-10T01:00:00Z,18231.5,18235.0,18217.75,18218.25,5879.0
2024-05-10T02:00:00Z,18218.5,18222.5,18214.5,18218.75,3894.0
2024-05-10T03:00:00Z,18219.0,18222.5,18213.5,18216.25,2998.0
2024-05-10T04:00:00Z,18217.0,18229.0,18215.25,18227.75,5135.0
2024-05-10T05:00:00Z,18227.5,18235.75,18224.75,18228.0,6728.0
2024-05-10T06:00:00Z,18227.75,18256.5,18221.5,18253.75,10503.0
2024-05-10T07:00:00Z,18254.0,18278.0,18243.0,18244.5,18080.0
2024-05-10T08:00:00Z,18245.0,18291.75,18243.75,18290.75,18259.0
2024-05-10T09:00:00Z,18290.75,18307.0,18286.75,18302.0,16886.0
2024-05-10T10:00:00Z,18302.5,18303.5,18285.75,18290.5,11913.0
2024-05-10T11:00:00Z,18290.5,18301.75,18278.5,18285.25,13704.0
2024-05-10T12:00:00Z,18285.0,18302.0,18250.0,18252.5,34099.0
2024-05-10T13:00:00Z,18252.5,18348.0,18247.5,18328.75,147281.0
2024-05-10T14:00:00Z,18328.25,18329.5,18188.25,18219.0,263086.0
2024-05-10T15:00:00Z,18218.5,18243.25,18193.25,18236.5,124852.0
2024-05-10T16:00:00Z,18236.5,18253.5,18208.5,18245.25,87875.0
2024-05-10T17:00:00Z,18244.75,18254.0,18207.5,18252.0,75819.0
2024-05-10T18:00:00Z,18251.75,18263.25,18228.0,18256.5,69823.0
2024-05-10T19:00:00Z,18256.25,18270.75,18241.25,18254.5,73414.0
2024-05-10T20:00:00Z,18254.25,18255.0,18238.25,18239.75,12251.0
2024-05-12T22:00:00Z,18237.5,18249.5,18229.0,18246.5,5560.0
2024-05-12T23:00:00Z,18247.25,18254.75,18241.0,18245.75,4552.0
2024-05-13T00:00:00Z,18245.75,18258.75,18238.0,18258.0,7728.0
2024-05-13T01:00:00Z,18258.5,18263.25,18253.75,18260.0,5525.0
2024-05-13T02:00:00Z,18260.25,18262.0,18254.75,18255.5,3314.0
2024-05-13T03:00:00Z,18256.0,18279.5,18252.5,18278.25,7520.0
2024-05-13T04:00:00Z,18277.75,18287.25,18273.75,18286.25,5338.0
2024-05-13T05:00:00Z,18286.75,18298.25,18285.0,18297.5,6086.0
2024-05-13T06:00:00Z,18297.0,18301.0,18289.0,18290.0,6562.0
2024-05-13T07:00:00Z,18290.5,18298.0,18278.5,18291.0,9781.0
2024-05-13T08:00:00Z,18290.75,18296.0,18274.0,18278.5,10919.0
2024-05-13T09:00:00Z,18278.75,18302.25,18276.0,18289.25,9432.0
2024-05-13T10:00:00Z,18290.80078125,18304.75,18287.5,18304.5,8081.0
2024-05-13T11:00:00Z,18304.0,18321.25,18297.5,18318.0,13638.0
2024-05-13T12:00:00Z,18317.5,18329.25,18296.75,18325.0,24573.0
2024-05-13T13:00:00Z,18325.0,18336.75,18252.25,18286.0,177990.0
2024-05-13T14:00:00Z,18286.25,18311.75,18277.0,18294.0,143224.0
2024-05-13T15:00:00Z,18294.0,18308.75,18258.75,18293.75,101617.0
2024-05-13T16:00:00Z,18293.75,18309.25,18292.25,18294.0,51909.0
2024-05-13T17:00:00Z,18294.0,18296.5,18234.75,18284.0,102864.0
2024-05-13T18:00:00Z,18284.0,18289.25,18267.5,18288.0,49012.0
2024-05-13T19:00:00Z,18287.75,18300.75,18272.75,18295.5,66687.0
2024-05-13T20:00:00Z,18295.75,18301.0,18282.0,18285.5,11392.0
2024-05-13T22:00:00Z,18295.5,18295.5,18274.0,18282.75,0.0
2024-05-13T23:00:00Z,18283.0,18287.5,18279.25,18284.0,2625.0
2024-05-14T00:00:00Z,18284.0,18290.0,18273.75,18277.75,4950.0
2024-05-14T01:00:00Z,18277.5,18280.5,18269.25,18277.0,5829.0
2024-05-14T02:00:00Z,18276.5,18278.75,18271.25,18271.75,3425.0
2024-05-14T03:00:00Z,18272.0,18272.75,18262.75,18266.5,5080.0
2024-05-14T04:00:00Z,18266.25,18275.0,18266.25,18269.75,3971.0
2024-05-14T05:00:00Z,18269.75,18283.75,18269.25,18282.5,5277.0
2024-05-14T06:00:00Z,18282.5,18291.5,18280.0,18289.75,5282.0
2024-05-14T07:00:00Z,18289.5,18298.0,18283.0,18289.75,8289.0
2024-05-14T08:00:00Z,18289.25,18308.25,18286.25,18306.0,7397.0
2024-05-14T09:00:00Z,18305.75,18308.5,18289.25,18301.0,8088.0
2024-05-14T10:00:00Z,18300.75,18304.25,18290.0,18302.0,8309.0
2024-05-14T11:00:00Z,18302.5,18304.0,18280.0,18286.5,12454.0
2024-05-14T12:00:00Z,18286.25,18304.0,18167.5,18261.75,88923.0
2024-05-14T13:00:00Z,18262.0,18327.0,18250.0,18290.0,165824.0
2024-05-14T14:00:00Z,18290.0,18371.5,18272.25,18339.5,266953.0
2024-05-14T15:00:00Z,18339.0,18367.25,18304.75,18320.5,124322.0
2024-05-14T16:00:00Z,18320.0,18331.5,18298.0,18317.25,75296.0
2024-05-14T17:00:00Z,18317.25,18339.5,18298.25,18330.75,70560.0
2024-05-14T18:00:00Z,18331.25,18415.75,18328.5,18409.75,108243.0
2024-05-14T19:00:00Z,18409.75,18433.75,18397.25,18411.25,88392.0
2024-05-14T20:00:00Z,18411.0,18418.75,18402.5,18410.5,18317.0
2024-05-14T22:00:00Z,18411.0,18427.0,18402.0,18425.0,0.0
2024-05-14T23:00:00Z,18424.5,18425.25,18414.0,18417.25,4633.0
2024-05-15T00:00:00Z,18417.0,18426.0,18399.5,18409.25,8919.0
2024-05-15T01:00:00Z,18408.75,18424.0,18408.25,18420.5,4697.0
2024-05-15T02:00:00Z,18421.0,18438.75,18419.0,18427.25,6580.0
2024-05-15T03:00:00Z,18426.75,18432.25,18423.0,18424.25,3605.0
2024-05-15T04:00:00Z,18423.75,18424.0,18411.0,18411.0,5247.0
2024-05-15T05:00:00Z,18411.0,18417.0,18406.5,18414.5,5050.0
2024-05-15T06:00:00Z,18414.75,18418.75,18405.5,18414.0,6991.0
2024-05-15T07:00:00Z,18413.0,18418.75,18392.75,18402.75,12940.0
2024-05-15T08:00:00Z,18403.0,18417.0,18398.0,18416.75,10075.0
2024-05-15T09:00:00Z,18416.25,18421.25,18407.25,18413.0,7936.0
2024-05-15T10:00:00Z,18412.75,18415.5,18402.5,18405.0,7666.0
2024-05-15T11:00:00Z,18405.5,18418.0,18403.75,18410.75,9677.0
2024-05-15T12:00:00Z,18411.25,18547.0,18393.25,18510.25,113364.0
2024-05-15T13:00:00Z,18510.25,18531.75,18447.25,18483.0,221855.0
2024-05-15T14:00:00Z,18483.25,18572.5,18482.0,18571.5,194459.0
2024-05-15T15:00:00Z,18571.75,18605.0,18570.0,18594.0,110503.0
2024-05-15T16:00:00Z,18594.5,18632.25,18577.0,18630.25,84513.0
2024-05-15T17:00:00Z,18630.0,18683.75,18629.0,18682.0,96504.0
2024-05-15T18:00:00Z,18682.0,18702.5,18671.25,18685.25,93987.0
2024-05-15T19:00:00Z,18685.25,18706.75,18674.5,18693.0,98141.0
2024-05-15T20:00:00Z,18693.0,18695.75,18666.25,18694.5,25560.0
2024-05-15T22:00:00Z,18694.5,18715.75,18687.5,18702.75,0.0
2024-05-15T23:00:00Z,18702.5,18728.0,18701.5,18721.25,10956.0
2024-05-16T00:00:00Z,18721.25,18735.5,18716.75,18727.5,10433.0
2024-05-16T01:00:00Z,18727.5,18730.75,18717.75,18723.25,7082.0
2024-05-16T02:00:00Z,18723.0,18729.25,18713.0,18729.25,5348.0
2024-05-16T03:00:00Z,18729.25,18738.75,18727.0,18732.25,5809.0
2024-05-16T04:00:00Z,18732.5,18732.5,18724.0,18724.25,3373.0
2024-05-16T05:00:00Z,18724.5,18733.75,18719.0,18723.25,6895.0
2024-05-16T06:00:00Z,18723.0,18724.0,18705.75,18715.75,9841.0
2024-05-16T07:00:00Z,18716.0,18731.75,18710.75,18726.0,10736.0
2024-05-16T08:00:00Z,18726.25,18728.75,18710.5,18720.0,9671.0
2024-05-16T09:00:00Z,18719.75,18730.0,18717.0,18720.5,7296.0
2024-05-16T10:00:00Z,18719.19921875,18725.0,18715.0,18719.25,7494.0
2024-05-16T11:00:00Z,18719.25,18725.5,18712.25,18715.0,10327.0
2024-05-16T12:00:00Z,18714.5,18735.0,18686.5,18695.0,45190.0
2024-05-16T13:00:00Z,18695.25,18716.5,18672.0,18708.25,136521.0
2024-05-16T14:00:00Z,18708.75,18749.5,18673.5,18748.25,159578.0
2024-05-16T15:00:00Z,18748.25,18760.75,18724.25,18740.75,115957.0
2024-05-16T16:00:00Z,18740.75,18740.75,18707.0,18733.75,93631.0
2024-05-16T17:00:00Z,18733.75,18741.25,18671.5,18710.25,136116.0
2024-05-16T18:00:00Z,18710.25,18710.75,18661.0,18695.25,103138.0
2024-05-16T19:00:00Z,18695.75,18703.5,18643.75,18650.5,109174.0
2024-05-16T20:00:00Z,18650.75,18655.25,18633.0,18638.75,18820.0
2024-05-16T22:00:00Z,18640.0,18657.0,18640.0,18651.25,0.0
2024-05-16T23:00:00Z,18651.25,18657.0,18645.0,18651.5,4249.0
2024-05-17T00:00:00Z,18651.5,18656.5,18645.25,18654.75,3826.0
2024-05-17T01:00:00Z,18654.75,18667.0,18654.25,18664.25,5368.0
2024-05-17T02:00:00Z,18664.25,18665.0,18645.5,18650.25,5682.0
2024-05-17T03:00:00Z,18650.5,18652.5,18644.0,18649.5,3494.0
2024-05-17T04:00:00Z,18650.25,18659.5,18646.75,18658.25,3348.0
2024-05-17T05:00:00Z,18658.75,18665.0,18654.25,18663.5,4676.0
2024-05-17T06:00:00Z,18663.75,18674.5,18657.5,18657.75,7650.0
2024-05-17T07:00:00Z,18658.0,18663.5,18644.0,18647.25,10830.0
2024-05-17T08:00:00Z,18647.5,18649.0,18617.0,18634.75,19245.0
2024-05-17T09:00:00Z,18635.25,18660.0,18634.5,18654.75,13293.0
2024-05-17T10:00:00Z,18654.5,18667.25,18646.5,18667.25,9814.0
2024-05-17T11:00:00Z,18667.0,18677.25,18654.75,18668.75,13340.0
2024-05-17T12:00:00Z,18668.75,18686.5,18663.0,18684.25,21687.0
2024-05-17T13:00:00Z,18684.5,18685.5,18620.5,18638.25,148530.0
2024-05-17T14:00:00Z,18638.5,18677.0,18621.75,18665.25,146302.0
2024-05-17T15:00:00Z,18665.25,18666.0,18621.5,18654.0,114704.0
2024-05-17T16:00:00Z,18653.75,18661.0,18607.75,18640.75,81223.0
2024-05-17T17:00:00Z,18640.75,18641.0,18609.25,18615.0,65302.0
2024-05-17T18:00:00Z,18615.5,18622.75,18545.0,18617.25,129532.0
2024-05-17T19:00:00Z,18617.5,18643.5,18609.0,18638.5,82516.0
2024-05-17T20:00:00Z,18638.25,18640.0,18620.75,18634.75,13678.0
2024-05-19T22:00:00Z,18633.75,18658.5,18631.5,18653.5,5759.0
2024-05-19T23:00:00Z,18653.5,18671.25,18653.0,18667.25,5809.0
2024-05-20T00:00:00Z,18667.5,18672.75,18658.5,18666.5,6313.0
2024-05-20T01:00:00Z,18666.5,18671.0,18660.25,18665.75,5760.0
2024-05-20T02:00:00Z,18666.0,18676.5,18659.5,18674.5,5211.0
2024-05-20T03:00:00Z,18674.25,18679.25,18668.75,18670.25,4275.0
2024-05-20T04:00:00Z,18669.5,18674.25,18667.5,18671.75,2864.0
2024-05-20T05:00:00Z,18671.75,18678.75,18670.25,18677.25,3606.0
2024-05-20T06:00:00Z,18676.75,18676.75,18662.25,18665.0,6776.0
2024-05-20T07:00:00Z,18665.25,18668.5,18655.0,18661.75,9028.0
2024-05-20T08:00:00Z,18661.25,18670.5,18653.75,18661.25,7646.0
2024-05-20T09:00:00Z,18660.75,18671.75,18653.5,18670.5,6113.0
2024-05-20T10:00:00Z,18671.19921875,18678.75,18665.0,18676.25,6056.0
2024-05-20T11:00:00Z,18677.0,18690.75,18668.75,18681.75,12556.0
2024-05-20T12:00:00Z,18681.75,18687.25,18643.25,18648.75,27828.0
2024-05-20T13:00:00Z,18649.0,18754.25,18635.25,18749.5,152245.0
2024-05-20T14:00:00Z,18749.75,18771.0,18731.75,18743.5,127492.0
2024-05-20T15:00:00Z,18743.75,18762.5,18728.5,18741.75,83655.0
2024-05-20T16:00:00Z,18742.0,18794.5,18741.25,18791.25,74231.0
2024-05-20T17:00:00Z,18791.25,18793.75,18735.0,18745.5,80853.0
2024-05-20T18:00:00Z,18745.5,18767.5,18707.25,18748.25,86308.0
2024-05-20T19:00:00Z,18749.0,18784.0,18740.25,18766.25,77121.0
2024-05-20T20:00:00Z,18766.25,18774.5,18738.0,18745.5,16495.0
2024-05-20T22:00:00Z,18747.75,18755.0,18741.75,18745.75,0.0
2024-05-20T23:00:00Z,18746.0,18752.25,18743.25,18752.0,2506.0
2024-05-21T00:00:00Z,18752.0,18759.75,18747.5,18756.0,4801.0
2024-05-21T01:00:00Z,18756.25,18756.5,18741.5,18743.75,5340.0
2024-05-21T02:00:00Z,18744.25,18754.5,18742.75,18749.0,4250.0
2024-05-21T03:00:00Z,18749.75,18752.75,18748.0,18751.25,2608.0
2024-05-21T04:00:00Z,18751.0,18755.5,18751.0,18753.5,1649.0
2024-05-21T05:00:00Z,18753.25,18756.5,18745.25,18747.75,2728.0
2024-05-21T06:00:00Z,18747.5,18754.25,18743.25,18745.0,3898.0
2024-05-21T07:00:00Z,18744.5,18763.5,18741.5,18754.75,8041.0
2024-05-21T08:00:00Z,18754.25,18755.5,18736.0,18741.5,8650.0
2024-05-21T09:00:00Z,18741.75,18746.0,18729.0,18736.0,8158.0
2024-05-21T10:00:00Z,18736.5,18753.5,18736.5,18752.5,8310.0
2024-05-21T11:00:00Z,18753.0,18760.25,18747.25,18750.5,10243.0
2024-05-21T12:00:00Z,18751.0,18758.0,18714.5,18718.0,33083.0
2024-05-21T13:00:00Z,18718.0,18720.5,18678.0,18707.75,165959.0
2024-05-21T14:00:00Z,18707.75,18758.5,18700.0,18755.0,143273.0
2024-05-21T15:00:00Z,18754.75,18764.25,18731.5,18745.0,87645.0
2024-05-21T16:00:00Z,18745.25,18772.0,18738.25,18747.25,73302.0
2024-05-21T17:00:00Z,18747.25,18775.75,18734.0,18775.75,66087.0
2024-05-21T18:00:00Z,18775.75,18780.75,18755.0,18769.75,54777.0
2024-05-21T19:00:00Z,18769.25,18808.75,18764.0,18801.0,81986.0
2024-05-21T20:00:00Z,18800.5,18807.5,18793.5,18799.75,14140.0
2024-05-21T22:00:00Z,18799.0,18813.0,18795.0,18810.75,0.0
2024-05-21T23:00:00Z,18811.25,18815.75,18809.0,18813.75,3273.0
2024-05-22T00:00:00Z,18813.5,18817.0,18807.5,18810.75,4657.0
2024-05-22T01:00:00Z,18810.5,18817.5,18806.5,18816.25,3921.0
2024-05-22T02:00:00Z,18815.75,18824.0,18808.5,18812.25,5200.0
2024-05-22T03:00:00Z,18811.75,18812.5,18807.5,18809.5,2352.0
2024-05-22T04:00:00Z,18810.25,18813.5,18808.25,18808.75,1920.0
2024-05-22T05:00:00Z,18809.5,18821.0,18809.25,18819.5,2915.0
2024-05-22T06:00:00Z,18820.0,18820.5,18801.5,18806.75,7862.0
2024-05-22T07:00:00Z,18807.0,18808.5,18789.0,18800.0,12034.0
2024-05-22T08:00:00Z,18799.75,18807.75,18786.0,18792.75,7014.0
2024-05-22T09:00:00Z,18792.5,18798.5,18771.5,18779.0,9882.0
2024-05-22T10:00:00Z,18779.0,18780.5,18755.25,18775.0,14630.0
2024-05-22T11:00:00Z,18775.25,18811.5,18775.25,18792.5,23115.0
2024-05-22T12:00:00Z,18793.0,18805.5,18786.25,18803.5,19436.0
2024-05-22T13:00:00Z,18802.75,18830.5,18789.0,18824.25,122896.0
2024-05-22T14:00:00Z,18824.0,18834.25,18801.5,18821.0,115772.0
2024-05-22T15:00:00Z,18822.0,18838.5,18800.0,18819.5,79896.0
2024-05-22T16:00:00Z,18819.0,18832.5,18790.5,18804.0,61825.0
2024-05-22T17:00:00Z,18803.5,18826.0,18745.75,18771.25,96861.0
2024-05-22T18:00:00Z,18771.5,18771.75,18684.0,18730.0,189031.0
2024-05-22T19:00:00Z,18729.75,18793.75,18694.0,18793.75,133438.0
2024-05-22T20:00:00Z,18793.75,18892.0,18688.0,18816.5,77960.0
2024-05-22T22:00:00Z,18854.0,18873.25,18843.0,18854.75,0.0
2024-05-22T23:00:00Z,18854.5,18877.0,18852.75,18875.0,6814.0
2024-05-23T00:00:00Z,18875.0,18876.5,18861.75,18868.25,7149.0
2024-05-23T01:00:00Z,18868.0,18909.75,18863.5,18900.75,15051.0
2024-05-23T02:00:00Z,18901.0,18943.0,18898.25,18943.0,11067.0
2024-05-23T03:00:00Z,18943.25,18965.75,18934.5,18961.5,15819.0
2024-05-23T04:00:00Z,18962.0,18971.25,18961.5,18964.0,6994.0
2024-05-23T05:00:00Z,18963.75,18965.5,18947.25,18950.75,7422.0
2024-05-23T06:00:00Z,18950.0,18952.75,18930.75,18943.25,10128.0
2024-05-23T07:00:00Z,18943.25,18955.0,18928.5,18932.75,14204.0
2024-05-23T08:00:00Z,18932.25,18948.5,18928.75,18935.5,11918.0
2024-05-23T09:00:00Z,18935.5,18954.75,18929.75,18946.0,8884.0
2024-05-23T10:00:00Z,18946.25,18972.25,18943.5,18969.0,9981.0
2024-05-23T11:00:00Z,18966.5,18991.5,18965.5,18988.5,18289.0
2024-05-23T12:00:00Z,18988.25,19022.5,18987.0,19005.0,35844.0
2024-05-23T13:00:00Z,19005.5,19007.5,18838.0,18851.25,230919.0
2024-05-23T14:00:00Z,18851.5,18915.5,18801.75,18807.75,276637.0
2024-05-23T15:00:00Z,18808.0,18931.0,18805.0,18915.25,147026.0
2024-05-23T16:00:00Z,18915.5,18933.75,18843.25,18843.25,114613.0
2024-05-23T17:00:00Z,18843.5,18859.25,18711.25,18716.75,184285.0
2024-05-23T18:00:00Z,18716.5,18725.5,18627.75,18634.25,213880.0
2024-05-23T19:00:00Z,18633.5,18716.5,18621.5,18696.5,174588.0
2024-05-23T20:00:00Z,18696.5,18704.25,18679.0,18686.0,15452.0
2024-05-23T22:00:00Z,18685.75,18696.25,18678.0,18693.75,0.0
2024-05-23T23:00:00Z,18694.25,18715.75,18692.75,18701.25,7755.0
2024-05-24T00:00:00Z,18700.25,18724.0,18694.0,18718.75,9555.0
2024-05-24T01:00:00Z,18718.25,18731.25,18714.25,18726.25,8249.0
2024-05-24T02:00:00Z,18726.75,18729.75,18716.25,18722.75,6055.0
2024-05-24T03:00:00Z,18722.75,18724.5,18709.25,18711.5,4061.0
2024-05-24T04:00:00Z,18711.0,18717.25,18707.25,18713.25,3987.0
2024-05-24T05:00:00Z,18713.0,18716.75,18702.75,18709.5,4792.0
2024-05-24T06:00:00Z,18709.5,18711.75,18689.0,18693.5,10230.0
2024-05-24T07:00:00Z,18693.5,18709.0,18683.0,18705.25,12698.0
2024-05-24T08:00:00Z,18705.25,18745.75,18702.25,18735.75,14643.0
2024-05-24T09:00:00Z,18736.0,18744.5,18723.25,18731.75,10809.0
2024-05-24T10:00:00Z,18731.75,18753.5,18730.0,18746.25,11135.0
2024-05-24T11:00:00Z,18746.25,18762.0,18735.75,18759.25,15480.0
2024-05-24T12:00:00Z,18759.25,18772.5,18723.75,18752.5,43045.0
2024-05-24T13:00:00Z,18752.5,18787.5,18731.75,18749.5,156440.0
2024-05-24T14:00:00Z,18750.25,18866.5,18750.25,18862.0,200661.0
2024-05-24T15:00:00Z,18862.25,18918.75,18858.75,18896.75,143166.0
2024-05-24T16:00:00Z,18896.5,18916.0,18883.25,18885.25,72404.0
2024-05-24T17:00:00Z,18885.25,18910.5,18874.25,18903.5,71424.0
2024-05-24T18:00:00Z,18903.25,18926.0,18870.0,18870.5,77498.0
2024-05-24T19:00:00Z,18870.5,18883.5,18835.5,18874.25,96454.0
2024-05-24T20:00:00Z,18874.25,18880.5,18865.75,18871.75,13304.0
2024-05-26T22:00:00Z,18875.0,18886.75,18869.5,18874.75,5421.0
2024-05-26T23:00:00Z,18874.0,18874.0,18836.25,18836.5,9551.0
2024-05-27T00:00:00Z,18837.0,18849.75,18834.0,18847.25,6518.0
2024-05-27T01:00:00Z,18847.5,18855.0,18843.75,18852.5,4945.0
2024-05-27T02:00:00Z,18852.5,18853.25,18836.5,18850.5,4154.0
2024-05-27T03:00:00Z,18850.25,18856.5,18850.25,18851.75,2375.0
2024-05-28T04:00:00Z,18927.25,18932.0,18920.0,18920.75,4932.0
2024-05-28T05:00:00Z,18921.25,18925.25,18914.75,18923.25,5197.0
2024-05-28T06:00:00Z,18923.25,18939.75,18908.5,18935.75,11351.0
2024-05-28T07:00:00Z,18935.75,18943.25,18912.25,18919.75,12016.0
2024-05-28T08:00:00Z,18919.25,18979.25,18918.0,18977.75,22307.0
2024-05-28T09:00:00Z,18977.25,18979.25,18964.5,18968.75,10309.0
2024-05-28T10:00:00Z,18969.0,18971.0,18915.25,18919.75,22737.0
2024-05-28T11:00:00Z,18919.5,18933.75,18909.0,18926.0,18735.0
2024-05-28T12:00:00Z,18925.75,18932.75,18899.25,18915.75,27288.0
2024-05-28T13:00:00Z,18915.75,18937.0,18838.75,18863.25,152157.0
2024-05-28T14:00:00Z,18863.25,18929.75,18841.75,18924.0,172949.0
2024-05-28T15:00:00Z,18924.0,18939.5,18899.0,18922.75,91758.0
2024-05-28T16:00:00Z,18922.25,18943.75,18909.5,18921.5,81464.0
2024-05-28T17:00:00Z,18921.5,18945.75,18891.5,18902.75,104945.0
2024-05-28T18:00:00Z,18902.5,18927.75,18819.5,18867.5,147483.0
2024-05-28T19:00:00Z,18867.5,18945.75,18862.25,18943.25,120396.0
2024-05-28T20:00:00Z,18943.25,18967.5,18942.25,18950.5,20623.0
2024-05-28T22:00:00Z,18950.0,18951.0,18936.75,18941.5,0.0
2024-05-28T23:00:00Z,18941.5,18948.0,18926.25,18930.0,4603.0
2024-05-29T00:00:00Z,18929.5,18934.75,18902.75,18908.5,10603.0
2024-05-29T01:00:00Z,18908.75,18918.0,18902.5,18909.25,7789.0
2024-05-29T02:00:00Z,18909.25,18913.5,18891.25,18891.75,6012.0
2024-05-29T03:00:00Z,18891.25,18893.75,18873.75,18886.75,9276.0
2024-05-29T04:00:00Z,18886.75,18898.25,18883.0,18897.25,5611.0
2024-05-29T05:00:00Z,18897.25,18900.25,18856.75,18859.75,12404.0
2024-05-29T06:00:00Z,18860.0,18876.25,18850.25,18869.25,12987.0
2024-05-29T07:00:00Z,18869.5,18888.5,18843.5,18850.5,20994.0
2024-05-29T08:00:00Z,18851.0,18875.25,18802.0,18823.25,33355.0
2024-05-29T09:00:00Z,18823.25,18827.5,18797.5,18817.0,18809.0
2024-05-29T10:00:00Z,18817.0,18832.75,18807.25,18809.5,14384.0
2024-05-29T11:00:00Z,18809.5,18827.5,18794.0,18817.75,20813.0
2024-05-29T12:00:00Z,18818.0,18835.5,18773.0,18780.0,42751.0
2024-05-29T13:00:00Z,18780.5,18849.75,18755.0,18831.5,175056.0
2024-05-29T14:00:00Z,18831.25,18880.0,18810.75,18867.75,188654.0
2024-05-29T15:00:00Z,18867.75,18875.0,18823.0,18850.75,115423.0
2024-05-29T16:00:00Z,18851.0,18877.75,18821.0,18872.0,79975.0
2024-05-29T17:00:00Z,18871.5,18874.25,18816.25,18859.25,103007.0
2024-05-29T18:00:00Z,18859.5,18866.75,18813.75,18825.5,83457.0
2024-05-29T19:00:00Z,18825.25,18863.0,18785.0,18811.0,107379.0
2024-05-29T20:00:00Z,18811.0,18816.25,18739.75,18746.75,28549.0
2024-05-29T22:00:00Z,18754.0,18765.5,18720.25,18726.5,0.0
2024-05-29T23:00:00Z,18726.0,18729.25,18704.0,18723.5,15908.0
2024-05-30T00:00:00Z,18723.25,18731.75,18711.75,18714.25,13394.0
2024-05-30T01:00:00Z,18714.75,18722.0,18704.25,18714.0,11177.0
2024-05-30T02:00:00Z,18713.75,18718.75,18685.25,18692.0,13314.0
2024-05-30T03:00:00Z,18691.75,18694.0,18677.0,18686.25,9691.0
2024-05-30T04:00:00Z,18686.25,18686.25,18669.5,18680.25,8209.0
2024-05-30T05:00:00Z,18680.5,18680.5,18659.0,18674.5,13676.0
2024-05-30T06:00:00Z,18674.5,18680.0,18657.25,18660.25,12202.0
2024-05-30T07:00:00Z,18659.75,18702.75,18659.75,18698.25,20402.0
2024-05-30T08:00:00Z,18698.0,18738.25,18697.75,18735.0,19168.0
2024-05-30T09:00:00Z,18735.0,18738.5,18719.75,18730.25,12290.0
2024-05-30T10:00:00Z,18730.75,18757.75,18714.0,18756.0,18972.0
2024-05-30T11:00:00Z,18756.0,18761.25,18740.5,18745.5,16781.0
2024-05-30T12:00:00Z,18745.25,18787.0,18738.25,18765.25,46124.0
2024-05-30T13:00:00Z,18765.25,18773.25,18696.5,18738.5,171101.0
2024-05-30T14:00:00Z,18738.75,18752.75,18645.25,18658.5,226280.0
2024-05-30T15:00:00Z,18658.25,18698.5,18623.75,18669.0,126515.0
2024-05-30T16:00:00Z,18669.25,18705.75,18668.25,18696.5,78093.0
2024-05-30T17:00:00Z,18696.75,18729.0,18686.75,18703.0,78977.0
2024-05-30T18:00:00Z,18702.75,18705.0,18650.5,18670.5,96237.0
2024-05-30T19:00:00Z,18670.5,18675.0,18548.0,18604.25,191627.0
2024-05-30T20:00:00Z,18603.75,18608.0,18554.0,18606.5,29081.0
2024-05-30T22:00:00Z,18591.0,18592.75,18557.75,18570.25,0.0
2024-05-30T23:00:00Z,18569.75,18579.0,18555.0,18559.0,9033.0
2024-05-31T00:00:00Z,18558.5,18568.25,18502.5,18524.5,26450.0
2024-05-31T01:00:00Z,18524.5,18558.25,18522.75,18555.25,17602.0
2024-05-31T02:00:00Z,18555.5,18561.75,18526.5,18527.0,10671.0
2024-05-31T03:00:00Z,18526.75,18567.5,18526.25,18563.0,11329.0
2024-05-31T04:00:00Z,18562.25,18606.5,18547.0,18553.75,5837.0
2024-05-31T05:00:00Z,18553.5,18567.25,18536.0,18537.5,10683.0
2024-05-31T06:00:00Z,18537.75,18557.5,18535.5,18550.0,10623.0
2024-05-31T07:00:00Z,18550.5,18558.25,18513.0,18524.75,18234.0
2024-05-31T08:00:00Z,18524.5,18573.0,18518.25,18543.75,23414.0
2024-05-31T09:00:00Z,18543.75,18549.75,18526.0,18540.75,16623.0
2024-05-31T10:00:00Z,18540.75,18545.5,18485.0,18521.5,25899.0
2024-05-31T11:00:00Z,18521.25,18566.25,18514.5,18562.25,24098.0
2024-05-31T12:00:00Z,18561.5,18668.0,18557.0,18647.5,80915.0
2024-05-31T13:00:00Z,18646.5,18657.0,18528.5,18543.5,190214.0
2024-05-31T14:00:00Z,18543.75,18548.75,18356.25,18386.0,333291.0
2024-05-31T15:00:00Z,18386.75,18388.25,18294.75,18300.75,178106.0
2024-05-31T16:00:00Z,18301.0,18314.0,18241.25,18292.5,151376.0
2024-05-31T17:00:00Z,18292.75,18367.0,18291.5,18341.25,115091.0
2024-05-31T18:00:00Z,18342.0,18366.25,18310.5,18353.0,104379.0
2024-05-31T19:00:00Z,18352.75,18601.0,18338.75,18598.75,204477.0
2024-05-31T20:00:00Z,18597.0,18627.25,18570.0,18571.75,40267.0
2024-06-02T22:00:00Z,18589.25,18598.0,18539.0,18567.5,15658.0
2024-06-02T23:00:00Z,18567.25,18599.0,18562.75,18592.0,13344.0
2024-06-03T00:00:00Z,18592.0,18645.0,18591.25,18632.75,22077.0
2024-06-03T01:00:00Z,18633.0,18643.0,18616.0,18628.0,13720.0
2024-06-03T02:00:00Z,18628.25,18648.5,18627.5,18644.75,9094.0
2024-06-03T03:00:00Z,18644.5,18653.75,18636.25,18641.5,7406.0
2024-06-03T04:00:00Z,18641.75,18652.0,18640.25,18648.5,4303.0
2024-06-03T05:00:00Z,18648.5,18656.75,18639.5,18647.25,7914.0
2024-06-03T06:00:00Z,18647.0,18675.25,18631.0,18663.25,19169.0
2024-06-03T07:00:00Z,18663.75,18673.0,18622.5,18637.0,25835.0
2024-06-03T08:00:00Z,18637.0,18678.75,18624.75,18667.0,24234.0
2024-06-03T09:00:00Z,18667.5,18676.0,18647.5,18666.75,14826.0
2024-06-03T10:00:00Z,18667.0,18681.5,18657.75,18662.5,14445.0
2024-06-03T11:00:00Z,18662.5,18691.75,18659.5,18688.5,24173.0
2024-06-03T12:00:00Z,18688.25,18702.75,18675.75,18684.25,28074.0
2024-06-03T13:00:00Z,18684.25,18755.5,18652.5,18675.0,187575.0
2024-06-03T14:00:00Z,18681.75,18729.75,18570.75,18590.25,296768.0
2024-06-03T15:00:00Z,18590.5,18637.25,18563.75,18604.25,157392.0
2024-06-03T16:00:00Z,18604.5,18619.0,18467.5,18483.5,175154.0
2024-06-03T17:00:00Z,18483.25,18579.0,18441.5,18557.25,137259.0
2024-06-03T18:00:00Z,18557.0,18584.5,18526.5,18560.5,100494.0
2024-06-03T19:00:00Z,18560.75,18655.0,18553.0,18652.75,106542.0
2024-06-03T20:00:00Z,18652.75,18674.0,18644.0,18663.0,19844.0
2024-06-03T22:00:00Z,18663.0,18669.75,18651.25,18659.25,0.0
2024-06-03T23:00:00Z,18659.5,18666.0,18649.0,18650.5,5343.0
2024-06-04T00:00:00Z,18650.25,18677.0,18650.0,18671.0,9853.0
2024-06-04T01:00:00Z,18670.75,18674.0,18658.75,18668.75,6883.0
2024-06-04T02:00:00Z,18668.25,18670.0,18651.0,18656.25,5469.0
2024-06-04T03:00:00Z,18655.75,18658.75,18639.0,18654.0,6205.0
2024-06-04T04:00:00Z,18654.25,18658.75,18646.25,18646.5,3476.0
2024-06-04T05:00:00Z,18646.5,18651.5,18637.0,18646.0,6182.0
2024-06-04T06:00:00Z,18646.5,18647.5,18592.25,18599.75,17505.0
2024-06-04T07:00:00Z,18600.25,18632.75,18567.0,18618.25,27562.0
2024-06-04T08:00:00Z,18618.25,18619.5,18544.5,18555.0,36697.0
2024-06-04T09:00:00Z,18555.75,18563.25,18511.25,18543.5,34393.0
2024-06-04T10:00:00Z,18543.5,18569.0,18534.5,18555.5,18496.0
2024-06-04T11:00:00Z,18556.0,18598.0,18555.5,18596.75,20667.0
2024-06-04T12:00:00Z,18596.25,18613.75,18562.25,18609.5,30624.0
2024-06-04T13:00:00Z,18609.25,18650.75,18579.0,18602.75,156527.0
2024-06-04T14:00:00Z,18603.0,18664.25,18567.75,18601.0,296404.0
2024-06-04T15:00:00Z,18610.5,18640.0,18576.25,18586.25,136034.0
2024-06-04T16:00:00Z,18586.0,18652.5,18570.5,18628.5,108476.0
2024-06-04T17:00:00Z,18628.75,18646.0,18594.75,18628.5,99699.0
2024-06-04T18:00:00Z,18628.5,18753.25,18624.0,18711.0,138425.0
2024-06-04T19:00:00Z,18711.0,18713.0,18631.75,18701.75,170300.0
2024-06-04T20:00:00Z,18701.5,18714.25,18684.25,18701.0,16641.0
2024-06-04T22:00:00Z,18713.75,18720.25,18695.5,18718.0,0.0
2024-06-04T23:00:00Z,18718.5,18740.0,18718.5,18737.75,11310.0
2024-06-05T00:00:00Z,18737.75,18746.0,18727.0,18728.75,9558.0
2024-06-05T01:00:00Z,18728.5,18747.5,18715.25,18744.5,13323.0
2024-06-05T02:00:00Z,18744.5,18765.75,18742.25,18753.75,12617.0
2024-06-05T03:00:00Z,18753.75,18763.25,18750.25,18756.5,5248.0
2024-06-05T04:00:00Z,18758.0,18761.75,18752.0,18757.25,3218.0
2024-06-05T05:00:00Z,18757.0,18763.0,18742.75,18755.25,6281.0
2024-06-05T06:00:00Z,18755.75,18756.75,18722.0,18728.0,15554.0
2024-06-05T07:00:00Z,18727.75,18740.0,18703.0,18730.75,20841.0
2024-06-05T08:00:00Z,18731.0,18760.0,18727.75,18755.5,15377.0
2024-06-05T09:00:00Z,18755.75,18787.75,18753.75,18787.25,19613.0
2024-06-05T10:00:00Z,18786.75,18798.25,18774.5,18779.25,17659.0
2024-06-05T11:00:00Z,18779.0,18815.25,18764.5,18807.25,25347.0
2024-06-05T12:00:00Z,18808.0,18828.0,18778.25,18825.5,41662.0
2024-06-05T13:00:00Z,18825.25,18860.0,18813.5,18856.0,142406.0
2024-06-05T14:00:00Z,18839.75,18936.75,18800.0,18922.0,223552.0
2024-06-05T15:00:00Z,18921.5,18987.0,18921.5,18965.25,135679.0
2024-06-05T16:00:00Z,18964.75,19007.25,18954.5,19003.5,78842.0
2024-06-05T17:00:00Z,19003.5,19028.75,18977.5,19024.5,102274.0
2024-06-05T18:00:00Z,19024.5,19044.25,19005.5,19037.5,71949.0
2024-06-05T19:00:00Z,19037.0,19080.0,19019.5,19077.5,121270.0
2024-06-05T20:00:00Z,19077.25,19091.0,19051.0,19088.0,26862.0
2024-06-05T22:00:00Z,19088.0,19097.5,19071.75,19094.5,0.0
2024-06-05T23:00:00Z,19094.25,19108.25,19089.0,19091.25,7497.0
2024-06-06T00:00:00Z,19091.25,19091.25,19067.75,19087.25,14534.0
2024-06-06T01:00:00Z,19087.0,19108.75,19075.5,19100.0,13700.0
2024-06-06T02:00:00Z,19098.75,19106.0,19093.0,19097.0,7177.0
2024-06-06T03:00:00Z,19097.25,19111.25,19095.5,19099.0,6937.0
2024-06-06T04:00:00Z,19100.0,19102.75,19091.5,19099.25,5067.0
2024-06-06T05:00:00Z,19099.75,19099.75,19081.5,19085.5,7324.0
2024-06-06T06:00:00Z,19085.0,19092.0,19073.5,19090.75,11127.0
2024-06-06T07:00:00Z,19090.5,19103.5,19079.75,19093.25,14194.0
2024-06-06T08:00:00Z,19094.25,19108.75,19088.5,19090.75,13425.0
2024-06-06T09:00:00Z,19091.25,19102.75,19072.5,19081.5,11071.0
2024-06-06T10:00:00Z,19081.75,19097.0,19079.5,19090.5,9526.0
2024-06-06T11:00:00Z,19090.5,19101.25,19087.25,19097.75,10731.0
2024-06-06T12:00:00Z,19097.5,19124.25,19057.0,19093.25,54452.0
2024-06-06T13:00:00Z,19093.25,19115.75,19032.25,19034.0,180381.0
2024-06-06T14:00:00Z,19034.0,19106.5,19032.25,19083.0,212271.0
2024-06-06T15:00:00Z,19082.5,19095.75,19052.0,19063.25,115137.0
2024-06-06T16:00:00Z,19063.25,19077.5,19035.25,19057.0,105566.0
2024-06-06T17:00:00Z,19056.75,19090.25,19049.0,19072.5,84014.0
2024-06-06T18:00:00Z,19072.5,19077.75,19017.75,19065.5,112309.0
2024-06-06T19:00:00Z,19066.0,19075.75,19040.75,19065.75,88392.0
2024-06-06T20:00:00Z,19065.25,19071.25,19044.75,19068.5,0.0
2024-06-06T22:00:00Z,19068.0,19081.25,19058.25,19079.5,4865.0
2024-06-06T23:00:00Z,19079.0,19080.5,19072.5,19075.0,3885.0
2024-06-07T00:00:00Z,19075.25,19081.25,19067.5,19078.5,6379.0
2024-06-07T01:00:00Z,19078.75,19087.0,19073.5,19082.0,5075.0
2024-06-07T02:00:00Z,19082.0,19088.0,19078.5,19086.75,3922.0
2024-06-07T03:00:00Z,19087.0,19089.0,19079.5,19082.0,3328.0
2024-06-07T04:00:00Z,19082.0,19094.0,19082.0,19089.5,4142.0
2024-06-07T05:00:00Z,19089.25,19100.75,19087.5,19092.75,5993.0
2024-06-07T06:00:00Z,19093.0,19100.0,19083.5,19090.25,8015.0
2024-06-07T07:00:00Z,19089.5,19102.75,19072.75,19080.5,11338.0
2024-06-07T08:00:00Z,19080.5,19095.75,19073.0,19077.25,13389.0
2024-06-07T09:00:00Z,19077.25,19084.25,19070.5,19078.5,9181.0
2024-06-07T10:00:00Z,19078.25,19082.0,19064.0,19069.25,9490.0
2024-06-07T11:00:00Z,19069.0,19098.0,19052.25,19087.5,20463.0
2024-06-07T12:00:00Z,19087.5,19150.0,18940.0,18982.5,115871.0
2024-06-07T13:00:00Z,18982.5,19064.25,18973.75,19032.5,169908.0
2024-06-07T14:00:00Z,19032.75,19117.25,19019.0,19076.0,176937.0
2024-06-07T15:00:00Z,19076.5,19088.75,19015.25,19083.5,147735.0
2024-06-07T16:00:00Z,19083.75,19146.0,19070.75,19141.75,113792.0
2024-06-07T17:00:00Z,19141.75,19155.25,19113.75,19115.0,82979.0
2024-06-07T18:00:00Z,19114.5,19116.5,18997.0,19051.75,169632.0
2024-06-07T19:00:00Z,19052.0,19067.75,18999.0,19041.0,142119.0
2024-06-07T20:00:00Z,19040.5,19045.75,19017.0,19031.0,15571.0
2024-06-09T22:00:00Z,19026.25,19060.0,19008.75,19043.25,12659.0
2024-06-09T23:00:00Z,19042.75,19043.75,19023.75,19027.0,8146.0
2024-06-10T00:00:00Z,19027.25,19040.25,19015.0,19032.75,12100.0
2024-06-10T01:00:00Z,19032.5,19039.75,19027.25,19038.75,6275.0
2024-06-10T02:00:00Z,19039.0,19041.25,19030.25,19037.25,4494.0
2024-06-10T03:00:00Z,19037.5,19050.75,19036.75,19042.5,5988.0
2024-06-10T04:00:00Z,19042.75,19048.5,19036.5,19046.5,3608.0
2024-06-10T05:00:00Z,19046.75,19052.75,19037.0,19043.75,5597.0
2024-06-10T06:00:00Z,19044.25,19044.25,19002.0,19007.5,16541.0
2024-06-10T07:00:00Z,19007.5,19027.25,18992.5,19019.5,28515.0
2024-06-10T08:00:00Z,19020.25,19021.75,18989.0,18996.75,17148.0
2024-06-10T09:00:00Z,18997.0,19007.0,18973.25,18997.75,16822.0
2024-06-10T10:00:00Z,19008.0,19038.0,18995.75,19015.25,20834.0
2024-06-10T11:00:00Z,19015.25,19039.5,19014.25,19025.75,16128.0
2024-06-10T12:00:00Z,19025.5,19035.25,18988.5,18993.25,24782.0
2024-06-10T13:00:00Z,18993.5,19023.5,18977.5,18994.0,153840.0
2024-06-10T14:00:00Z,18994.0,19069.5,18988.25,19065.75,155539.0
2024-06-10T15:00:00Z,19065.75,19113.5,19062.25,19088.25,107136.0
2024-06-10T16:00:00Z,19088.25,19121.25,19083.75,19106.5,74826.0
2024-06-10T17:00:00Z,19106.0,19117.75,19054.25,19101.75,120476.0
2024-06-10T18:00:00Z,19101.75,19106.5,19033.75,19077.25,147534.0
2024-06-10T19:00:00Z,19077.5,19129.75,19072.5,19112.5,114852.0
2024-06-10T20:00:00Z,19112.5,19114.5,19083.0,19106.5,14754.0
2024-06-10T22:00:00Z,19106.0,19106.0,19092.75,19095.0,0.0
2024-06-10T23:00:00Z,19095.25,19098.0,19075.0,19084.75,7761.0
2024-06-11T00:00:00Z,19084.5,19089.25,19078.5,19080.75,4964.0
2024-06-11T01:00:00Z,19080.5,19096.75,19077.5,19095.75,6005.0
2024-06-11T02:00:00Z,19095.25,19095.5,19084.0,19087.75,4252.0
2024-06-11T03:00:00Z,19087.75,19092.0,19079.0,19090.25,4289.0
2024-06-11T04:00:00Z,19090.75,19093.5,19087.0,19089.0,2729.0
2024-06-11T05:00:00Z,19089.0,19106.75,19087.0,19105.25,5223.0
2024-06-11T06:00:00Z,19105.25,19113.5,19094.25,19096.5,9216.0
2024-06-11T07:00:00Z,19096.5,19104.0,19082.25,19095.25,12478.0
2024-06-11T08:00:00Z,19095.75,19102.75,19055.75,19064.5,16877.0
2024-06-11T09:00:00Z,19064.25,19076.25,19051.75,19053.75,17798.0
2024-06-11T10:00:00Z,19042.80078125,19066.0,19039.25,19059.75,20451.0
2024-06-11T11:00:00Z,19060.25,19061.75,19029.0,19052.25,22501.0
2024-06-11T12:00:00Z,19051.5,19068.25,19046.75,19057.0,26407.0
2024-06-11T13:00:00Z,19057.0,19087.5,18994.75,19032.25,176580.0
2024-06-11T14:00:00Z,19032.0,19136.5,19025.75,19134.75,177198.0
2024-06-11T15:00:00Z,19134.0,19137.0,19063.0,19077.5,136049.0
2024-06-11T16:00:00Z,19077.75,19110.75,19074.0,19098.75,69761.0
2024-06-11T17:00:00Z,19098.75,19166.25,19085.25,19164.0,102684.0
2024-06-11T18:00:00Z,19164.5,19232.25,19152.0,19210.25,111196.0
2024-06-11T19:00:00Z,19210.25,19247.0,19187.0,19242.25,94861.0
2024-06-11T20:00:00Z,19242.0,19257.75,19226.75,19248.0,20569.0
2024-06-11T22:00:00Z,19250.0,19259.5,19232.0,19257.75,0.0
2024-06-11T23:00:00Z,19257.75,19269.75,19252.5,19256.75,7376.0
2024-06-12T00:00:00Z,19256.5,19259.5,19238.0,19245.25,7926.0
2024-06-12T01:00:00Z,19245.0,19266.0,19243.25,19255.75,8586.0
2024-06-12T02:00:00Z,19256.0,19260.5,19252.5,19255.5,3885.0
2024-06-12T03:00:00Z,19255.25,19266.25,19251.25,19265.75,4008.0
2024-06-12T04:00:00Z,19266.25,19266.25,19254.0,19256.75,3829.0
2024-06-12T05:00:00Z,19256.25,19268.25,19254.5,19265.5,4509.0
2024-06-12T06:00:00Z,19266.0,19275.75,19255.0,19255.0,9806.0
2024-06-12T07:00:00Z,19255.5,19258.25,19240.25,19252.25,14609.0
2024-06-12T08:00:00Z,19252.0,19264.25,19245.0,19259.25,12533.0
2024-06-12T09:00:00Z,19258.75,19273.75,19255.75,19267.25,8463.0
2024-06-12T10:00:00Z,19267.25,19274.75,19260.0,19267.25,7973.0
2024-06-12T11:00:00Z,19268.0,19279.0,19262.0,19269.75,10870.0
2024-06-12T12:00:00Z,19269.75,19458.25,19263.0,19422.25,97806.0
2024-06-12T13:00:00Z,19422.25,19504.75,19374.75,19491.0,173538.0
2024-06-12T14:00:00Z,19491.0,19546.5,19479.25,19504.75,181825.0
2024-06-12T15:00:00Z,19504.75,19538.5,19497.5,19516.0,100794.0
2024-06-12T16:00:00Z,19515.25,19526.0,19493.25,19509.5,64079.0
2024-06-12T17:00:00Z,19509.75,19537.0,19490.5,19515.0,52702.0
2024-06-12T18:00:00Z,19515.0,19542.5,19447.0,19517.5,217152.0
2024-06-12T19:00:00Z,19517.75,19588.5,19433.0,19491.75,207485.0
2024-06-12T20:00:00Z,19491.75,19612.0,19463.75,19610.0,36011.0
2024-06-12T22:00:00Z,19603.5,19603.5,19585.75,19589.5,0.0
2024-06-12T23:00:00Z,19589.5,19604.0,19582.5,19600.25,6692.0
2024-06-13T00:00:00Z,19600.25,19623.75,19597.75,19616.25,12174.0
2024-06-13T01:00:00Z,19616.0,19626.5,19615.25,19621.25,7929.0
2024-06-13T02:00:00Z,19621.0,19622.5,19611.25,19618.5,5313.0
2024-06-13T03:00:00Z,19619.0,19639.0,19617.5,19636.5,8308.0
2024-06-13T04:00:00Z,19637.0,19641.0,19630.75,19638.25,4870.0
2024-06-13T05:00:00Z,19638.75,19639.0,19619.25,19626.5,9021.0
2024-06-13T06:00:00Z,19627.0,19652.5,19621.5,19649.5,12786.0
2024-06-13T07:00:00Z,19649.25,19672.0,19635.75,19655.0,23194.0
2024-06-13T08:00:00Z,19655.5,19661.0,19627.0,19640.0,19778.0
2024-06-13T09:00:00Z,19640.25,19647.75,19583.75,19597.0,23600.0
2024-06-13T10:00:00Z,19597.5,19619.75,19584.5,19616.25,20920.0
2024-06-13T11:00:00Z,19616.25,19629.0,19606.0,19609.25,19466.0
2024-06-13T12:00:00Z,19609.5,19690.0,19606.5,19629.25,79809.0
2024-06-13T13:00:00Z,19629.25,19663.75,19615.25,19632.0,165032.0
2024-06-13T14:00:00Z,19631.0,19651.25,19534.75,19554.75,258346.0
2024-06-13T15:00:00Z,19555.25,19608.75,19546.5,19587.5,138243.0
2024-06-13T16:00:00Z,19588.0,19589.0,19500.0,19544.0,155123.0
2024-06-13T17:00:00Z,19543.75,19586.5,19537.0,19568.0,89955.0
2024-06-13T18:00:00Z,19568.75,19605.5,19548.0,19598.75,74410.0
2024-06-13T19:00:00Z,19599.25,19632.75,19584.5,19592.75,92517.0
2024-06-13T20:00:00Z,19592.75,19639.5,19588.75,19608.25,23499.0
2024-06-13T22:00:00Z,19602.5,19615.25,19592.25,19610.0,0.0
2024-06-13T23:00:00Z,19609.75,19624.0,19601.25,19618.5,5669.0
2024-06-14T00:00:00Z,19618.75,19624.5,19613.75,19615.5,6071.0
2024-06-14T01:00:00Z,19615.5,19629.75,19612.0,19627.75,5358.0
2024-06-14T02:00:00Z,19627.75,19637.5,19624.25,19634.0,5279.0
2024-06-14T03:00:00Z,19634.0,19643.75,19632.75,19641.0,6126.0
2024-06-14T04:00:00Z,19640.25,19640.25,19630.5,19636.5,5412.0
2024-06-14T05:00:00Z,19636.5,19647.0,19632.5,19646.25,6179.0
2024-06-14T06:00:00Z,19645.75,19656.25,19622.75,19629.25,15257.0
2024-06-14T07:00:00Z,19629.0,19659.25,19608.0,19640.5,41683.0
2024-06-14T08:00:00Z,19640.75,19654.5,19613.5,19615.0,45789.0
2024-06-14T09:00:00Z,19615.5,19624.5,19555.75,19556.25,51572.0
2024-06-14T10:00:00Z,19556.5,19563.5,19520.5,19539.5,57462.0
2024-06-14T11:00:00Z,19539.75,19566.75,19501.5,19538.5,47984.0
2024-06-14T12:00:00Z,19539.0,19576.5,19533.0,19561.25,31680.0
2024-06-14T13:00:00Z,19561.25,19647.0,19551.25,19632.5,130927.0
2024-06-14T14:00:00Z,19635.0,19649.0,19574.0,19628.25,230738.0
2024-06-14T15:00:00Z,19628.5,19632.5,19563.25,19617.75,144047.0
2024-06-14T16:00:00Z,19617.75,19643.0,19601.0,19632.0,102066.0
2024-06-14T17:00:00Z,19632.25,19676.25,19627.5,19657.25,100707.0
2024-06-14T18:00:00Z,19657.5,19675.25,19629.0,19665.5,115607.0
2024-06-14T19:00:00Z,19665.25,19691.25,19645.75,19687.5,84996.0
2024-06-14T20:00:00Z,19687.25,19700.0,19679.0,19696.25,19157.0
2024-06-16T22:00:00Z,19696.0,19723.5,19670.0,19718.5,8112.0
2024-06-16T23:00:00Z,19718.25,19725.5,19705.75,19711.5,5125.0
2024-06-17T00:00:00Z,19711.75,19717.5,19698.25,19699.75,4928.0
2024-06-17T01:00:00Z,19700.25,19702.5,19684.5,19700.75,6092.0
2024-06-17T02:00:00Z,19701.25,19706.75,19695.0,19699.5,3623.0
2024-06-17T03:00:00Z,19699.75,19707.0,19697.25,19699.75,2333.0
2024-06-17T04:00:00Z,19700.5,19705.75,19691.75,19694.25,2179.0
2024-06-17T05:00:00Z,19694.0,19707.5,19687.0,19700.5,4450.0
2024-06-17T06:00:00Z,19701.5,19709.5,19675.0,19705.0,9068.0
2024-06-17T07:00:00Z,19705.5,19733.75,19700.25,19718.75,10772.0
2024-06-17T08:00:00Z,19718.75,20012.75,19695.25,19707.0,13456.0
2024-06-17T09:00:00Z,19706.75,19987.0,19698.5,19716.5,6156.0
2024-06-17T10:00:00Z,19717.25,19983.25,19691.5,19706.0,7533.0
2024-06-17T11:00:00Z,19969.25,19988.0,19704.5,19717.25,8409.0
2024-06-17T12:00:00Z,19717.0,19985.0,19681.25,19693.0,15491.0
2024-06-17T13:00:00Z,19693.0,19973.75,19640.25,19954.5,132320.0
2024-06-17T14:00:00Z,19954.5,19984.0,19665.75,19713.25,6201.0
2024-06-17T15:00:00Z,19713.75,20023.5,19713.75,19749.75,48300.0
2024-06-17T16:00:00Z,19750.25,20117.25,19742.5,19828.0,49541.0
2024-06-17T17:00:00Z,19828.25,20238.25,19828.0,20233.25,283851.0
2024-06-17T18:00:00Z,20233.75,20271.5,19947.5,19966.5,0.0
2024-06-17T19:00:00Z,19966.0,20262.0,19916.25,20196.75,361368.0
2024-06-17T20:00:00Z,20196.75,20198.5,19893.0,19914.0,0.0
2024-06-17T22:00:00Z,19917.0,20218.75,19914.25,20207.0,0.0
2024-06-17T23:00:00Z,20206.5,20211.25,19923.0,19932.75,743.0
2024-06-18T00:00:00Z,19933.0,20205.25,19900.0,19914.75,5419.0
2024-06-18T01:00:00Z,20186.0,20187.0,19887.0,19894.25,4359.0
2024-06-18T02:00:00Z,20164.75,20181.5,19892.75,20180.0,17206.0
2024-06-18T03:00:00Z,20180.0,20195.0,19907.0,19914.0,0.0
2024-06-18T04:00:00Z,20184.0,20186.25,19903.5,19908.0,1500.0
2024-06-18T05:00:00Z,19907.75,20192.25,19902.5,19920.0,2406.0
2024-06-18T06:00:00Z,19920.75,20202.0,19916.0,20198.0,31825.0
2024-06-18T07:00:00Z,20198.0,20215.5,19919.5,20206.0,14671.0
2024-06-18T08:00:00Z,20205.5,20234.0,19932.0,20225.75,15262.0
2024-06-18T09:00:00Z,19953.25,20252.0,19949.75,19964.0,0.0
2024-06-18T10:00:00Z,19963.5,20248.0,19944.0,19951.5,4880.0
2024-06-18T11:00:00Z,19951.75,20233.25,19937.5,20222.5,72846.0
2024-06-18T12:00:00Z,20222.75,20270.0,19919.5,20210.5,43339.0
2024-06-18T13:00:00Z,20210.5,20219.25,19889.5,20179.0,124993.0
2024-06-18T14:00:00Z,20179.0,20213.0,19879.5,19886.5,0.0
2024-06-18T15:00:00Z,19886.75,20189.0,19851.75,19911.25,28722.0
2024-06-18T16:00:00Z,19911.0,20210.25,19893.25,19929.0,17691.0
2024-06-18T17:00:00Z,19929.5,20229.0,19910.25,20202.5,494374.0
2024-06-18T18:00:00Z,20202.75,20207.25,19885.0,20200.25,82023.0
2024-06-18T19:00:00Z,20200.25,20210.0,19900.0,20200.25,79507.0
2024-06-18T20:00:00Z,20200.0,20210.0,19915.5,19933.5,0.0
2024-06-18T22:00:00Z,19935.5,20233.0,19928.0,20229.5,0.0
2024-06-18T23:00:00Z,20229.25,20229.5,19939.25,20223.25,3407.0
2024-06-19T00:00:00Z,20223.5,20224.5,19931.5,20212.0,5499.0
2024-06-19T01:00:00Z,20211.5,20221.0,19933.75,19939.5,0.0
2024-06-19T02:00:00Z,20215.5,20225.75,19937.0,20220.5,14725.0
2024-06-19T03:00:00Z,19945.0,20227.25,19941.5,20219.5,2891.0
2024-06-20T04:00:00Z,20014.5,20314.5,20008.25,20307.25,12648.0
2024-06-20T05:00:00Z,20307.25,20331.0,20029.0,20327.25,13713.0
2024-06-20T06:00:00Z,20327.0,20330.5,20028.25,20311.5,13567.0
2024-06-20T07:00:00Z,20311.25,20371.5,20032.25,20340.5,27759.0
2024-06-20T08:00:00Z,20340.25,20341.0,20032.75,20329.5,18117.0
2024-06-20T09:00:00Z,20050.75,20332.5,20029.5,20322.25,15091.0
2024-06-20T10:00:00Z,20322.75,20336.5,20033.0,20043.75,0.0
2024-06-20T11:00:00Z,20043.25,20330.0,20015.25,20297.0,243699.0
2024-06-20T12:00:00Z,20296.75,20306.75,19983.75,20267.75,42890.0
2024-06-20T13:00:00Z,20267.5,20271.0,19925.25,20234.5,155337.0
2024-06-20T14:00:00Z,19962.5,20240.75,19847.5,19946.0,0.0
2024-06-20T15:00:00Z,19946.0,20229.0,19885.0,20162.75,763592.0
2024-06-20T16:00:00Z,19892.75,20175.5,19744.25,20079.5,218539.0
2024-06-20T17:00:00Z,20079.25,20080.25,19693.75,20033.0,190792.0
2024-06-20T18:00:00Z,20033.5,20079.75,19745.0,19746.75,0.0
2024-06-20T19:00:00Z,20016.5,20068.75,19696.25,19767.5,14535.0
2024-06-20T20:00:00Z,19768.0,20055.5,19759.0,20053.25,1389909.0
2024-06-20T22:00:00Z,20044.0,20063.25,19772.25,20060.5,0.0
2024-06-20T23:00:00Z,20060.75,20076.25,19792.0,20070.0,7828.0
2024-06-21T00:00:00Z,19801.5,20071.25,19767.0,20035.25,11761.0
2024-06-21T01:00:00Z,19768.5,20047.75,19765.25,20044.75,8025.0
2024-06-21T02:00:00Z,20045.25,20059.25,19772.5,19791.0,0.0
2024-06-21T03:00:00Z,20057.5,20063.0,19786.25,20054.75,42348.0
2024-06-21T04:00:00Z,20053.25,20069.5,19786.25,20067.5,6255.0
2024-06-21T05:00:00Z,20067.75,20077.5,19798.5,20073.5,8456.0
2024-06-21T06:00:00Z,20073.5,20085.5,19798.75,20069.25,11374.0
2024-06-21T07:00:00Z,19804.0,20071.25,19739.25,20028.25,29865.0
2024-06-21T08:00:00Z,20028.0,20036.75,19685.75,19975.5,37623.0
2024-06-21T09:00:00Z,19975.0,20017.25,19707.25,20008.25,22537.0
2024-06-21T10:00:00Z,19746.0,20029.5,19719.75,19751.75,20478.0
2024-06-21T11:00:00Z,19752.5,20043.0,19726.5,19993.5,24189.0
2024-06-21T12:00:00Z,19728.75,20038.5,19714.0,20032.0,39023.0
2024-06-21T13:00:00Z,20032.0,20045.75,19743.75,19953.0,186837.0
2024-06-21T14:00:00Z,19953.25,20012.0,19942.75,20010.5,212645.0
2024-06-21T15:00:00Z,20010.25,20068.0,19975.75,20067.5,147868.0
2024-06-21T16:00:00Z,20067.5,20073.0,19990.75,19997.0,110055.0
2024-06-21T17:00:00Z,19996.75,20012.75,19947.25,19961.25,109540.0
2024-06-21T18:00:00Z,19961.25,20003.0,19956.0,19982.75,81508.0
2024-06-21T19:00:00Z,19983.0,20014.5,19973.75,19975.5,95464.0
2024-06-21T20:00:00Z,19975.0,20012.0,19974.0,20009.0,16847.0
2024-06-23T22:00:00Z,20014.25,20026.75,20002.5,20016.5,7203.0
2024-06-23T23:00:00Z,20016.0,20030.0,20005.5,20008.25,8208.0
2024-06-24T00:00:00Z,20008.5,20018.75,20000.25,20008.25,8078.0
2024-06-24T01:00:00Z,20008.5,20011.0,19917.25,19952.25,32200.0
2024-06-24T02:00:00Z,19952.5,19965.25,19941.25,19950.5,11432.0
2024-06-24T03:00:00Z,19950.0,19970.0,19949.75,19962.25,6702.0
2024-06-24T04:00:00Z,19963.5,19972.75,19953.0,19970.25,6239.0
2024-06-24T05:00:00Z,19970.25,19997.0,19969.5,19992.25,11571.0
2024-06-24T06:00:00Z,19992.0,20012.5,19986.5,19995.25,14656.0
2024-06-24T07:00:00Z,19995.25,20028.75,19982.0,20017.75,20437.0
2024-06-24T08:00:00Z,20018.25,20030.0,19997.5,20006.0,18516.0
2024-06-24T09:00:00Z,20005.5,20010.75,19939.5,19954.25,23372.0
2024-06-24T10:00:00Z,19954.5,19977.5,19949.0,19967.5,17625.0
2024-06-24T11:00:00Z,19967.5,19984.0,19950.25,19954.0,19935.0
2024-06-24T12:00:00Z,19954.25,19971.0,19923.0,19933.25,41599.0
2024-06-24T13:00:00Z,19933.5,19965.25,19866.75,19946.25,197701.0
2024-06-24T14:00:00Z,19946.75,19995.5,19821.25,19906.75,283459.0
2024-06-24T15:00:00Z,19907.25,19932.0,19873.0,19918.0,163000.0
2024-06-24T16:00:00Z,19918.25,19921.75,19841.25,19851.0,114444.0
2024-06-24T17:00:00Z,19851.5,19866.5,19788.0,19810.25,150983.0
2024-06-24T18:00:00Z,19810.5,19834.0,19767.0,19821.0,124444.0
2024-06-24T19:00:00Z,19820.0,19853.75,19740.5,19745.0,125614.0
2024-06-24T20:00:00Z,19745.0,19765.75,19728.0,19753.25,29004.0
2024-06-24T22:00:00Z,19758.5,19770.0,19751.25,19759.75,0.0
2024-06-24T23:00:00Z,19759.75,19773.5,19755.75,19771.75,6640.0
2024-06-25T00:00:00Z,19771.5,19775.75,19749.75,19753.0,7978.0
2024-06-25T01:00:00Z,19753.5,19779.25,19742.75,19775.75,11407.0
2024-06-25T02:00:00Z,19776.0,19786.5,19773.25,19780.25,7009.0
2024-06-25T03:00:00Z,19780.5,19796.75,19780.0,19794.75,6996.0
2024-06-25T04:00:00Z,19794.5,19802.0,19790.75,19801.25,4516.0
2024-06-25T05:00:00Z,19801.0,19810.75,19798.0,19805.0,6101.0
2024-06-25T06:00:00Z,19805.25,19805.25,19776.5,19781.5,17631.0
2024-06-25T07:00:00Z,19781.75,19785.5,19732.0,19739.25,29170.0
2024-06-25T08:00:00Z,19738.75,19818.5,19725.25,19817.25,31509.0
2024-06-25T09:00:00Z,19817.0,19841.25,19812.75,19839.0,23003.0
2024-06-25T10:00:00Z,19827.5,19842.5,19823.25,19836.0,15985.0
2024-06-25T11:00:00Z,19835.5,19851.0,19805.0,19819.75,25826.0
2024-06-25T12:00:00Z,19819.5,19842.0,19808.5,19831.25,33125.0
2024-06-25T13:00:00Z,19831.0,19852.5,19792.25,19831.5,165589.0
2024-06-25T14:00:00Z,19832.25,19901.75,19828.25,19866.25,216938.0
2024-06-25T15:00:00Z,19866.5,19960.25,19866.25,19959.25,150385.0
2024-06-25T16:00:00Z,19959.25,19968.0,19855.5,19874.0,135570.0
2024-06-25T17:00:00Z,19874.0,19932.0,19837.5,19924.25,108848.0
2024-06-25T18:00:00Z,19924.5,19965.5,19915.5,19950.0,95384.0
2024-06-25T19:00:00Z,19949.5,19981.0,19933.75,19967.0,92661.0
2024-06-25T20:00:00Z,19966.75,19973.25,19955.5,19970.0,16038.0
2024-06-25T22:00:00Z,19972.0,19988.75,19966.25,19977.25,0.0
2024-06-25T23:00:00Z,19977.5,19978.0,19963.5,19965.75,5093.0
2024-06-26T00:00:00Z,19966.75,19992.25,19963.75,19990.25,10095.0
2024-06-26T01:00:00Z,19990.25,20003.5,19986.25,19999.5,11310.0
2024-06-26T02:00:00Z,19999.25,20007.5,19995.75,19998.75,6516.0
2024-06-26T03:00:00Z,19998.25,20009.0,19981.5,19990.5,8460.0
2024-06-26T04:00:00Z,19990.75,19999.25,19981.5,19991.75,5768.0
2024-06-26T05:00:00Z,19992.0,20016.75,19991.5,20014.5,8303.0
2024-06-26T06:00:00Z,20014.5,20023.5,20005.25,20010.25,11649.0
2024-06-26T07:00:00Z,20010.25,20069.0,19993.25,20068.25,29357.0
2024-06-26T08:00:00Z,20057.80078125,20067.0,20043.75,20047.75,18127.0
2024-06-26T09:00:00Z,20047.25,20049.0,20022.0,20022.5,17739.0
2024-06-26T10:00:00Z,20022.25,20025.0,19993.5,19997.5,25942.0
2024-06-26T11:00:00Z,19997.5,20009.5,19981.0,19999.5,26098.0
2024-06-26T12:00:00Z,19999.0,19999.0,19930.5,19935.0,52559.0
2024-06-26T13:00:00Z,19934.5,19999.75,19901.0,19971.75,182278.0
2024-06-26T14:00:00Z,19971.25,20024.0,19944.0,19974.25,218757.0
2024-06-26T15:00:00Z,19974.75,20028.0,19912.0,20019.25,192709.0
2024-06-26T16:00:00Z,20019.0,20020.75,19944.25,19974.25,123934.0
2024-06-26T17:00:00Z,19974.25,19990.75,19935.25,19984.5,96020.0
2024-06-26T18:00:00Z,19984.5,19986.25,19948.25,19951.5,81595.0
2024-06-26T19:00:00Z,19951.75,20027.75,19927.5,20005.0,105137.0
2024-06-26T20:00:00Z,20004.75,20006.25,19920.0,19952.75,44742.0
2024-06-26T22:00:00Z,19951.0,19963.25,19925.0,19930.75,0.0
2024-06-26T23:00:00Z,19930.75,19931.5,19906.75,19918.75,11751.0
2024-06-27T00:00:00Z,19918.5,19919.5,19873.5,19894.0,18583.0
2024-06-27T01:00:00Z,19893.75,19922.25,19893.5,19919.0,12533.0
2024-06-27T02:00:00Z,19919.25,19935.75,19918.25,19924.0,9895.0
2024-06-27T03:00:00Z,19924.0,19929.25,19912.75,19913.0,5423.0
2024-06-27T04:00:00Z,19911.5,19944.75,19911.5,19942.5,7126.0
2024-06-27T05:00:00Z,19942.75,19958.25,19935.25,19953.75,9400.0
2024-06-27T06:00:00Z,19953.75,19965.25,19946.5,19952.5,12993.0
2024-06-27T07:00:00Z,19952.5,19973.5,19946.5,19947.75,14803.0
2024-06-27T08:00:00Z,19947.5,19964.25,19933.5,19960.25,17325.0
2024-06-27T09:00:00Z,19959.75,19979.25,19952.0,19973.0,13849.0
2024-06-27T10:00:00Z,19973.0,19992.75,19972.25,19983.75,14095.0
2024-06-27T11:00:00Z,19984.25,19984.75,19960.5,19974.5,20133.0
2024-06-27T12:00:00Z,19974.5,20005.5,19953.25,20004.25,39637.0
2024-06-27T13:00:00Z,20004.5,20101.25,19988.5,20060.0,213117.0
2024-06-27T14:00:00Z,20059.75,20116.5,20001.5,20030.5,264216.0
2024-06-27T15:00:00Z,20030.75,20039.0,19954.25,19989.75,193416.0
2024-06-27T16:00:00Z,19989.5,20058.0,19981.0,20028.75,104846.0
2024-06-27T17:00:00Z,20029.0,20066.25,20023.0,20034.5,77306.0
2024-06-27T18:00:00Z,20034.5,20046.25,19994.0,20043.5,119917.0
2024-06-27T19:00:00Z,20043.5,20061.0,20000.25,20047.5,97269.0
2024-06-27T20:00:00Z,20047.75,20079.75,20045.5,20067.25,24767.0
2024-06-27T22:00:00Z,20066.75,20089.5,20060.5,20083.0,0.0
2024-06-27T23:00:00Z,20082.75,20096.75,20082.0,20095.5,4823.0
2024-06-28T00:00:00Z,20095.75,20103.75,20082.75,20084.0,8977.0
2024-06-28T01:00:00Z,20084.0,20134.5,20082.75,20130.0,18411.0
2024-06-28T02:00:00Z,20130.0,20140.75,20122.0,20132.5,11213.0
2024-06-28T03:00:00Z,20133.0,20138.0,20126.0,20131.5,5427.0
2024-06-28T04:00:00Z,20130.5,20130.5,20104.5,20108.75,10565.0
2024-06-28T05:00:00Z,20108.5,20112.5,20099.5,20108.5,7425.0
2024-06-28T06:00:00Z,20109.25,20132.0,20108.5,20114.25,13987.0
2024-06-28T07:00:00Z,20114.0,20123.25,20104.0,20105.25,14303.0
2024-06-28T08:00:00Z,20105.75,20117.25,20093.25,20115.0,15250.0
2024-06-28T09:00:00Z,20115.0,20133.0,20113.75,20126.0,12849.0
2024-06-28T10:00:00Z,20126.25,20129.75,20115.75,20126.75,9799.0
2024-06-28T11:00:00Z,20126.25,20129.5,20118.75,20126.75,9442.0
2024-06-28T12:00:00Z,20126.75,20172.75,20078.5,20082.0,82928.0
2024-06-28T13:00:00Z,20082.0,20149.0,20039.0,20148.25,190962.0
2024-06-28T14:00:00Z,20148.5,20273.25,20116.5,20141.0,295621.0
2024-06-28T15:00:00Z,20140.5,20141.25,20075.25,20108.5,196946.0
2024-06-28T16:00:00Z,20108.75,20115.25,19985.25,20036.5,189305.0
2024-06-28T17:00:00Z,20036.0,20073.0,20017.25,20041.0,111012.0
2024-06-28T18:00:00Z,20040.5,20071.75,20003.0,20012.25,112568.0
2024-06-28T19:00:00Z,20012.5,20018.0,19906.0,19932.5,192084.0
2024-06-28T20:00:00Z,19932.5,19977.25,19931.75,19967.0,27322.0
2024-06-30T22:00:00Z,19971.25,19985.0,19944.0,19973.0,14330.0
2024-06-30T23:00:00Z,19972.5,19974.0,19934.25,19946.0,18986.0
2024-07-01T00:00:00Z,19946.0,19983.75,19932.0,19982.75,16827.0
2024-07-01T01:00:00Z,19982.5,19992.75,19976.0,19990.0,11798.0
2024-07-01T02:00:00Z,19990.5,20002.5,19988.25,19996.75,9519.0
2024-07-01T03:00:00Z,19997.0,20005.25,19985.5,19996.5,11441.0
2024-07-01T04:00:00Z,19995.75,19997.0,19974.75,19980.5,8802.0
2024-07-01T05:00:00Z,19980.0,20008.75,19977.5,20007.25,10682.0
2024-07-01T06:00:00Z,20008.0,20020.25,20000.25,20006.75,16519.0
2024-07-01T07:00:00Z,20007.0,20013.25,19930.0,19945.0,38077.0
2024-07-01T08:00:00Z,19946.0,19989.5,19916.5,19926.25,35482.0
2024-07-01T09:00:00Z,19927.0,19942.0,19901.0,19935.75,31002.0
2024-07-01T10:00:00Z,19935.5,19958.5,19930.25,19952.25,17860.0
2024-07-01T11:00:00Z,19953.0,19983.25,19950.75,19975.75,19848.0
2024-07-01T12:00:00Z,19975.75,19990.25,19963.25,19978.75,30172.0
2024-07-01T13:00:00Z,19978.75,19992.75,19841.25,19885.25,220345.0
2024-07-01T14:00:00Z,19888.5,19950.25,19811.5,19907.5,330593.0
2024-07-01T15:00:00Z,19907.75,19976.25,19885.25,19976.25,179964.0
2024-07-01T16:00:00Z,19976.25,20026.5,19957.0,20013.75,125194.0
2024-07-01T17:00:00Z,20013.75,20020.5,19977.5,19999.5,90150.0
2024-07-01T18:00:00Z,19999.75,20050.75,19982.25,20014.25,111064.0
2024-07-01T19:00:00Z,20013.5,20074.0,19983.5,20049.5,129783.0
2024-07-01T20:00:00Z,20049.0,20059.75,20036.75,20042.5,17623.0
2024-07-01T22:00:00Z,20048.0,20054.25,20028.75,20030.75,0.0
2024-07-01T23:00:00Z,20030.5,20032.25,20012.0,20019.0,8756.0
2024-07-02T00:00:00Z,20019.5,20026.0,19968.75,19985.75,21915.0
2024-07-02T01:00:00Z,19986.0,19999.5,19978.5,19987.0,12202.0
2024-07-02T02:00:00Z,19986.5,19992.5,19961.25,19974.25,13114.0
2024-07-02T03:00:00Z,19974.25,19982.5,19962.5,19980.5,9748.0
2024-07-02T04:00:00Z,19981.5,19991.0,19977.5,19982.75,6417.0
2024-07-02T05:00:00Z,19982.5,20014.0,19976.0,20010.5,11321.0
2024-07-02T06:00:00Z,20010.5,20016.5,19982.25,19989.0,19132.0
2024-07-02T07:00:00Z,19989.5,19989.75,19936.0,19965.75,38778.0
2024-07-02T08:00:00Z,19965.5,19975.0,19934.0,19959.0,26098.0
2024-07-02T09:00:00Z,19959.5,19970.0,19940.0,19959.25,18711.0
2024-07-02T10:00:00Z,19951.80078125,19966.25,19944.5,19962.25,13174.0
2024-07-02T11:00:00Z,19962.25,19964.5,19909.75,19933.25,30601.0
2024-07-02T12:00:00Z,19933.25,19960.75,19927.0,19946.25,34411.0
2024-07-02T13:00:00Z,19946.0,20096.5,19943.0,20063.75,243290.0
2024-07-02T14:00:00Z,20064.5,20124.25,20015.0,20111.25,294654.0
2024-07-02T15:00:00Z,20111.25,20156.5,20084.5,20094.5,157485.0
2024-07-02T16:00:00Z,20094.75,20128.0,20065.0,20127.0,104531.0
2024-07-02T17:00:00Z,20127.0,20216.0,20119.75,20208.75,119394.0
2024-07-02T18:00:00Z,20209.0,20240.0,20203.75,20222.5,78227.0
2024-07-02T19:00:00Z,20222.25,20259.5,20207.5,20256.75,96155.0
2024-07-02T20:00:00Z,20256.5,20257.25,20228.75,20240.25,21574.0
2024-07-02T22:00:00Z,20243.5,20251.5,20231.25,20247.0,0.0
2024-07-02T23:00:00Z,20247.75,20252.0,20233.0,20237.75,5910.0
2024-07-03T00:00:00Z,20237.75,20252.75,20236.25,20244.25,7297.0
2024-07-03T01:00:00Z,20244.0,20247.25,20232.0,20239.5,7088.0
2024-07-03T02:00:00Z,20239.0,20246.0,20232.25,20240.25,5262.0
2024-07-03T03:00:00Z,20239.75,20246.75,20231.5,20236.0,5874.0
2024-07-03T13:30:00Z,20218.75,20284.0,20206.5,20275.75,159729.0
2024-07-03T14:30:00Z,20290.0,20321.0,20235.25,20313.0,220649.0
2024-07-03T15:30:00Z,20313.25,20381.75,20292.5,20379.5,147766.0
2024-07-03T16:30:00Z,20379.25,20423.5,20370.0,20413.5,133779.0
2024-07-03T17:00:00Z,20414.25,20435.5,20406.0,20411.5,15526.0
2024-07-05T04:00:00Z,20415.0,20427.0,20412.25,20422.25,108850.0
2024-07-05T05:00:00Z,20422.25,20431.5,20417.5,20429.5,6416.0
2024-07-05T06:00:00Z,20429.25,20459.5,20426.75,20444.75,15790.0
2024-07-05T07:00:00Z,20444.75,20455.0,20426.75,20441.25,17836.0
2024-07-05T08:00:00Z,20441.25,20458.0,20425.75,20429.75,18024.0
2024-07-05T09:00:00Z,20429.25,20444.75,20426.25,20432.5,9521.0
2024-07-05T10:00:00Z,20432.0,20449.5,20427.75,20441.5,9013.0
2024-07-05T11:00:00Z,20441.5,20448.25,20427.25,20433.5,12273.0
2024-07-05T12:00:00Z,20433.25,20494.75,20380.75,20426.0,61302.0
2024-07-05T13:00:00Z,20426.0,20516.5,20410.75,20514.25,197789.0
2024-07-05T14:00:00Z,20514.5,20552.0,20462.25,20524.0,239407.0
2024-07-05T15:00:00Z,20523.5,20606.75,20509.5,20596.25,141089.0
2024-07-05T16:00:00Z,20596.0,20617.5,20577.25,20589.25,92739.0
2024-07-05T17:00:00Z,20589.25,20638.75,20575.75,20624.25,81415.0
2024-07-05T18:00:00Z,20624.25,20629.5,20594.25,20614.0,73966.0
2024-07-05T19:00:00Z,20613.75,20639.75,20608.25,20622.0,83155.0
2024-07-05T20:00:00Z,20622.0,20622.0,20590.0,20590.25,21326.0
2024-07-07T22:00:00Z,20591.0,20618.25,20581.25,20599.5,10790.0
2024-07-07T23:00:00Z,20600.0,20609.0,20586.25,20590.5,9348.0
2024-07-08T00:00:00Z,20590.5,20598.75,20583.75,20588.25,9942.0
2024-07-08T01:00:00Z,20588.25,20600.75,20580.0,20594.0,10165.0
2024-07-08T02:00:00Z,20593.75,20602.75,20590.5,20598.75,5445.0
2024-07-08T03:00:00Z,20598.25,20600.75,20592.0,20598.0,4510.0
2024-07-08T04:00:00Z,20597.0,20597.5,20588.0,20588.5,3066.0
2024-07-08T05:00:00Z,20588.75,20596.0,20583.25,20585.0,6003.0
2024-07-08T06:00:00Z,20584.25,20601.0,20583.0,20598.5,10559.0
2024-07-08T07:00:00Z,20598.75,20608.0,20589.0,20606.25,17848.0
2024-07-08T08:00:00Z,20606.75,20615.5,20599.0,20602.25,12525.0
2024-07-08T09:00:00Z,20602.0,20620.5,20601.5,20612.25,9178.0
2024-07-08T10:00:00Z,20612.25,20618.5,20607.5,20609.75,8225.0
2024-07-08T11:00:00Z,20609.75,20631.25,20605.75,20628.25,13970.0
2024-07-08T12:00:00Z,20628.25,20637.5,20624.0,20628.75,17732.0
2024-07-08T13:00:00Z,20629.5,20654.0,20600.75,20635.0,184099.0
2024-07-08T14:00:00Z,20635.0,20641.75,20588.0,20609.5,210446.0
2024-07-08T15:00:00Z,20609.25,20671.25,20603.75,20667.75,141166.0
2024-07-08T16:00:00Z,20667.75,20669.75,20609.0,20634.75,102492.0
2024-07-08T17:00:00Z,20634.75,20668.25,20625.75,20653.75,73686.0
2024-07-08T18:00:00Z,20653.75,20656.25,20609.0,20645.75,85494.0
2024-07-08T19:00:00Z,20646.25,20688.0,20617.75,20666.75,95035.0
2024-07-08T20:00:00Z,20666.25,20687.25,20655.5,20684.75,21422.0
2024-07-08T22:00:00Z,20680.5,20699.25,20672.5,20689.0,0.0
2024-07-08T23:00:00Z,20688.75,20740.0,20688.5,20738.25,17740.0
2024-07-09T00:00:00Z,20738.0,20748.75,20722.0,20728.0,17779.0
2024-07-09T01:00:00Z,20728.5,20737.5,20709.0,20711.25,12420.0
2024-07-09T02:00:00Z,20711.0,20721.5,20704.25,20715.25,9511.0
2024-07-09T03:00:00Z,20715.25,20736.0,20714.75,20733.75,5922.0
2024-07-09T04:00:00Z,20734.0,20740.5,20728.25,20738.0,4978.0
2024-07-09T05:00:00Z,20738.25,20742.25,20721.25,20725.75,9086.0
2024-07-09T06:00:00Z,20725.75,20727.75,20715.5,20725.5,8397.0
2024-07-09T07:00:00Z,20725.0,20739.5,20712.5,20732.0,14251.0
2024-07-09T08:00:00Z,20732.5,20740.75,20725.0,20733.0,9734.0
2024-07-09T09:00:00Z,20733.25,20748.0,20729.25,20740.0,8012.0
2024-07-09T10:00:00Z,20740.25,20744.25,20731.5,20739.25,8791.0
2024-07-09T11:00:00Z,20739.25,20745.5,20718.5,20725.5,15610.0
2024-07-09T12:00:00Z,20725.75,20731.75,20703.5,20721.5,23570.0
2024-07-09T13:00:00Z,20721.75,20764.5,20716.25,20749.0,167882.0
2024-07-09T14:00:00Z,20749.5,20771.75,20680.5,20709.0,275126.0
2024-07-09T15:00:00Z,20708.75,20721.5,20670.0,20705.0,148905.0
2024-07-09T16:00:00Z,20705.25,20717.0,20644.25,20676.25,130439.0
2024-07-09T17:00:00Z,20676.0,20690.75,20616.0,20660.5,134088.0
2024-07-09T18:00:00Z,20660.75,20679.0,20640.75,20671.5,91698.0
2024-07-09T19:00:00Z,20671.75,20686.5,20654.25,20679.25,92213.0
2024-07-09T20:00:00Z,20679.25,20690.25,20671.75,20688.0,15310.0
2024-07-09T22:00:00Z,20687.75,20701.0,20682.0,20695.5,0.0
2024-07-09T23:00:00Z,20695.75,20703.5,20694.75,20697.5,4267.0
2024-07-10T00:00:00Z,20697.25,20710.75,20697.0,20709.25,6832.0
2024-07-10T01:00:00Z,20709.25,20711.5,20701.25,20701.75,6201.0
2024-07-10T02:00:00Z,20701.75,20713.25,20701.5,20710.75,4632.0
2024-07-10T03:00:00Z,20711.0,20715.5,20708.75,20709.75,3329.0
2024-07-10T04:00:00Z,20710.0,20717.25,20704.0,20715.75,4328.0
2024-07-10T05:00:00Z,20715.75,20716.75,20696.0,20697.0,6723.0
2024-07-10T06:00:00Z,20697.0,20715.25,20696.75,20701.0,9140.0
2024-07-10T07:00:00Z,20701.25,20719.0,20697.5,20712.75,10173.0
2024-07-10T08:00:00Z,20712.5,20731.75,20711.25,20731.5,11684.0
2024-07-10T09:00:00Z,20731.0,20732.25,20721.0,20727.5,6755.0
2024-07-10T10:00:00Z,20727.75,20742.25,20726.0,20737.0,9220.0
2024-07-10T11:00:00Z,20736.75,20760.0,20730.5,20749.75,16450.0
2024-07-10T12:00:00Z,20750.0,20767.5,20748.0,20754.25,24203.0
2024-07-10T13:00:00Z,20754.5,20778.25,20721.5,20764.0,165813.0
2024-07-10T14:00:00Z,20764.25,20795.75,20724.0,20729.75,216370.0
2024-07-10T15:00:00Z,20729.75,20771.0,20703.0,20767.5,138816.0
2024-07-10T16:00:00Z,20767.25,20850.0,20758.75,20847.5,127591.0
2024-07-10T17:00:00Z,20847.25,20880.5,20840.5,20874.25,96353.0
2024-07-10T18:00:00Z,20874.5,20895.0,20859.75,20879.75,63198.0
2024-07-10T19:00:00Z,20879.5,20917.5,20853.25,20894.25,104571.0
2024-07-10T20:00:00Z,20894.25,20896.5,20877.5,20896.25,20875.0
2024-07-10T22:00:00Z,20894.75,20899.5,20880.25,20889.25,0.0
2024-07-10T23:00:00Z,20889.25,20889.75,20877.0,20881.25,4997.0
2024-07-11T00:00:00Z,20881.25,20884.5,20859.5,20862.5,8879.0
2024-07-11T01:00:00Z,20862.0,20878.0,20853.5,20877.5,10150.0
2024-07-11T02:00:00Z,20877.25,20881.0,20871.25,20874.0,5210.0
2024-07-11T03:00:00Z,20873.0,20883.75,20868.0,20882.5,4958.0
2024-07-11T04:00:00Z,20883.5,20884.75,20878.25,20879.75,2660.0
2024-07-11T05:00:00Z,20880.25,20887.75,20867.25,20869.0,5769.0
2024-07-11T06:00:00Z,20869.0,20888.25,20867.75,20881.0,8497.0
2024-07-11T07:00:00Z,20880.75,20887.5,20872.5,20883.5,8460.0
2024-07-11T08:00:00Z,20883.5,20891.75,20876.5,20881.0,8832.0
2024-07-11T09:00:00Z,20881.0,20885.0,20872.5,20882.75,6599.0
2024-07-11T10:00:00Z,20882.75,20883.75,20876.0,20881.25,5351.0
2024-07-11T11:00:00Z,20881.5,20887.0,20879.5,20882.25,6224.0
2024-07-11T12:00:00Z,20882.0,20983.5,20865.75,20892.0,111480.0
2024-07-11T13:00:00Z,20891.75,20918.0,20822.25,20869.5,259806.0
2024-07-11T14:00:00Z,20869.5,20872.0,20600.5,20604.0,417557.0
2024-07-11T15:00:00Z,20604.0,20648.25,20474.5,20481.0,300686.0
2024-07-11T16:00:00Z,20481.5,20539.25,20435.75,20443.5,186361.0
2024-07-11T17:00:00Z,20443.75,20483.5,20385.75,20391.0,144625.0
2024-07-11T18:00:00Z,20391.0,20471.0,20376.25,20468.5,124390.0
2024-07-11T19:00:00Z,20468.0,20494.0,20429.25,20429.5,133808.0
2024-07-11T20:00:00Z,20428.75,20462.5,20408.5,20433.5,25389.0
2024-07-11T22:00:00Z,20430.75,20450.0,20418.75,20441.25,0.0
2024-07-11T23:00:00Z,20441.5,20459.0,20403.5,20414.5,13257.0
2024-07-12T00:00:00Z,20415.0,20449.75,20409.5,20434.25,14530.0
2024-07-12T01:00:00Z,20434.0,20443.75,20421.5,20429.75,9766.0
2024-07-12T02:00:00Z,20430.5,20433.0,20416.5,20419.25,8725.0
2024-07-12T03:00:00Z,20420.0,20425.75,20411.5,20421.5,5894.0
2024-07-12T04:00:00Z,20420.5,20426.75,20387.0,20395.75,9637.0
2024-07-12T05:00:00Z,20396.5,20421.75,20372.0,20418.0,17700.0
2024-07-12T06:00:00Z,20418.25,20437.25,20404.0,20423.75,14308.0
2024-07-12T07:00:00Z,20423.75,20431.75,20380.5,20401.0,18269.0
2024-07-12T08:00:00Z,20401.0,20437.25,20401.0,20435.75,16071.0
2024-07-12T09:00:00Z,20436.0,20448.0,20417.5,20435.5,14094.0
2024-07-12T10:00:00Z,20435.25,20447.0,20412.75,20427.75,12239.0
2024-07-12T11:00:00Z,20428.25,20445.5,20403.75,20443.25,13968.0
2024-07-12T12:00:00Z,20443.25,20467.5,20332.25,20439.5,60168.0
2024-07-12T13:00:00Z,20439.25,20549.5,20421.25,20542.5,206328.0
2024-07-12T14:00:00Z,20542.75,20661.0,20522.0,20636.5,255805.0
2024-07-12T15:00:00Z,20636.25,20669.5,20587.25,20595.5,150871.0
2024-07-12T16:00:00Z,20595.0,20632.75,20554.75,20630.75,140715.0
2024-07-12T17:00:00Z,20630.5,20741.0,20621.25,20710.0,113063.0
2024-07-12T18:00:00Z,20709.75,20723.75,20680.5,20709.0,90389.0
2024-07-12T19:00:00Z,20709.0,20711.5,20510.0,20539.75,191354.0
2024-07-12T20:00:00Z,20539.75,20562.5,20525.5,20539.75,22143.0
2024-07-14T22:00:00Z,20578.75,20592.25,20506.25,20543.0,21105.0
2024-07-14T23:00:00Z,20543.75,20561.25,20529.75,20560.0,11136.0
2024-07-15T00:00:00Z,20560.0,20577.75,20549.0,20570.25,12223.0
2024-07-15T01:00:00Z,20570.0,20581.25,20567.75,20574.25,9052.0
2024-07-15T02:00:00Z,20575.0,20581.25,20559.5,20572.75,11310.0
2024-07-15T03:00:00Z,20572.0,20580.0,20569.5,20574.0,4408.0
2024-07-15T04:00:00Z,20575.5,20591.25,20573.25,20589.0,5375.0
2024-07-15T05:00:00Z,20588.75,20613.5,20586.25,20609.25,9232.0
2024-07-15T06:00:00Z,20608.75,20620.75,20597.25,20619.25,12991.0
2024-07-15T07:00:00Z,20619.25,20632.75,20611.5,20615.75,14112.0
2024-07-15T08:00:00Z,20616.75,20631.25,20614.75,20627.5,10556.0
2024-07-15T09:00:00Z,20627.0,20632.0,20621.0,20624.5,6122.0
2024-07-15T10:00:00Z,20624.25,20635.25,20607.5,20627.75,9582.0
2024-07-15T11:00:00Z,20627.75,20652.0,20616.25,20621.0,24728.0
2024-07-15T12:00:00Z,20621.0,20637.5,20592.0,20602.25,38613.0
2024-07-15T13:00:00Z,20602.25,20665.5,20581.5,20628.0,238335.0
2024-07-15T14:00:00Z,20627.5,20738.5,20623.5,20727.75,213235.0
2024-07-15T15:00:00Z,20727.5,20796.5,20664.0,20701.75,207370.0
2024-07-15T16:00:00Z,20701.0,20704.75,20603.0,20652.0,175520.0
2024-07-15T17:00:00Z,20651.75,20653.0,20556.25,20569.25,153841.0
2024-07-15T18:00:00Z,20569.5,20633.0,20547.25,20617.5,111910.0
2024-07-15T19:00:00Z,20617.5,20643.25,20506.25,20593.25,148044.0
2024-07-15T20:00:00Z,20593.25,20631.0,20585.0,20626.0,20610.0
2024-07-15T22:00:00Z,20625.0,20647.0,20625.0,20634.5,0.0
2024-07-15T23:00:00Z,20634.5,20643.5,20629.0,20631.75,4544.0
2024-07-16T00:00:00Z,20632.0,20640.75,20618.75,20628.5,7520.0
2024-07-16T01:00:00Z,20628.25,20637.0,20620.0,20633.0,8687.0
2024-07-16T02:00:00Z,20633.25,20655.0,20632.75,20653.75,9563.0
2024-07-16T03:00:00Z,20653.5,20654.0,20640.0,20650.5,5555.0
2024-07-16T04:00:00Z,20647.75,20653.5,20638.75,20639.75,4271.0
2024-07-16T05:00:00Z,20639.25,20649.0,20633.5,20640.5,6456.0
2024-07-16T06:00:00Z,20640.75,20641.75,20613.25,20620.0,11401.0
2024-07-16T07:00:00Z,20620.0,20620.0,20563.25,20581.25,27516.0
2024-07-16T08:00:00Z,20581.75,20605.75,20541.5,20602.5,30285.0
2024-07-16T09:00:00Z,20603.0,20610.75,20575.75,20600.75,17923.0
2024-07-16T10:00:00Z,20600.0,20635.75,20596.25,20619.5,18214.0
2024-07-16T11:00:00Z,20619.75,20637.5,20617.0,20631.0,14219.0
2024-07-16T12:00:00Z,20631.0,20653.25,20586.5,20638.0,36346.0
2024-07-16T13:00:00Z,20638.5,20684.0,20567.0,20581.25,205536.0
2024-07-16T14:00:00Z,20580.25,20595.0,20485.5,20541.75,311325.0
2024-07-16T15:00:00Z,20541.5,20608.5,20522.25,20550.5,177553.0
2024-07-16T16:00:00Z,20550.75,20567.0,20464.0,20545.5,172977.0
2024-07-16T17:00:00Z,20545.0,20545.0,20495.0,20525.5,98943.0
2024-07-16T18:00:00Z,20525.5,20590.5,20485.5,20590.25,118982.0
2024-07-16T19:00:00Z,20590.0,20614.5,20559.25,20599.75,113340.0
2024-07-16T20:00:00Z,20599.75,20608.0,20586.0,20587.5,16610.0
2024-07-16T22:00:00Z,20592.0,20597.75,20578.75,20588.75,0.0
2024-07-16T23:00:00Z,20589.5,20598.0,20557.5,20598.0,10335.0
2024-07-17T00:00:00Z,20565.25,20579.25,20557.5,20563.75,8100.0
2024-07-17T01:00:00Z,20563.75,20564.75,20547.0,20550.75,10442.0
2024-07-17T02:00:00Z,20551.25,20563.75,20546.75,20552.25,7163.0
2024-07-17T03:00:00Z,20552.0,20555.75,20525.25,20534.75,11105.0
2024-07-17T04:00:00Z,20535.5,20535.5,20516.25,20523.5,8005.0
2024-07-17T05:00:00Z,20523.75,20535.5,20506.75,20509.25,13829.0
2024-07-17T06:00:00Z,20509.5,20513.5,20415.5,20455.0,41730.0
2024-07-17T07:00:00Z,20455.0,20458.5,20347.25,20363.25,48243.0
2024-07-17T08:00:00Z,20363.5,20376.75,20307.75,20343.0,49460.0
2024-07-17T09:00:00Z,20343.25,20357.0,20321.25,20343.5,21622.0
2024-07-17T10:00:00Z,20343.0,20367.75,20320.5,20334.0,22053.0
2024-07-17T11:00:00Z,20334.5,20350.0,20260.0,20287.0,53343.0
2024-07-17T12:00:00Z,20286.75,20320.0,20273.5,20280.25,50474.0
2024-07-17T13:00:00Z,20280.25,20296.75,20206.5,20209.0,239136.0
2024-07-17T14:00:00Z,20208.75,20212.75,20098.0,20123.25,339241.0
2024-07-17T15:00:00Z,20122.75,20151.75,20053.0,20086.5,215916.0
2024-07-17T16:00:00Z,20087.0,20089.25,20008.25,20063.0,165721.0
2024-07-17T17:00:00Z,20063.25,20084.25,20010.75,20031.25,139914.0
2024-07-17T18:00:00Z,20031.75,20074.5,20011.75,20026.75,124349.0
2024-07-17T19:00:00Z,20026.25,20071.75,19988.0,19992.5,158302.0
2024-07-17T20:00:00Z,19992.5,20025.0,19965.75,20017.0,35604.0
2024-07-17T22:00:00Z,20024.25,20066.25,20024.25,20061.75,0.0
2024-07-17T23:00:00Z,20061.5,20068.0,20051.5,20058.5,8290.0
2024-07-18T00:00:00Z,20057.5,20074.0,20053.5,20063.25,11144.0
2024-07-18T01:00:00Z,20063.75,20080.5,20053.0,20070.25,13702.0
2024-07-18T02:00:00Z,20070.75,20072.0,20055.0,20062.0,7042.0
2024-07-18T03:00:00Z,20062.5,20064.25,20024.5,20051.0,11206.0
2024-07-18T04:00:00Z,20050.5,20055.75,20036.25,20052.75,7095.0
2024-07-18T05:00:00Z,20052.75,20078.25,20045.0,20076.0,10731.0
2024-07-18T06:00:00Z,20075.5,20162.75,20057.75,20141.0,44550.0
2024-07-18T07:00:00Z,20141.25,20144.25,20035.75,20099.0,48027.0
2024-07-18T08:00:00Z,20098.75,20126.0,20059.25,20126.0,29069.0
2024-07-18T09:00:00Z,20126.0,20128.75,20059.0,20062.5,22467.0
2024-07-18T10:00:00Z,20061.75,20081.0,20018.5,20073.0,30736.0
2024-07-18T11:00:00Z,20073.75,20093.0,20058.75,20088.0,17854.0
2024-07-18T12:00:00Z,20087.75,20148.0,20072.25,20145.25,34403.0
2024-07-18T13:00:00Z,20145.0,20162.5,20019.75,20068.0,229176.0
2024-07-18T14:00:00Z,20068.0,20107.0,19893.0,19985.0,395314.0
2024-07-18T15:00:00Z,20002.0,20004.75,19784.75,19797.5,290400.0
2024-07-18T16:00:00Z,19797.0,19914.25,19772.75,19913.25,173412.0
2024-07-18T17:00:00Z,19913.5,19946.5,19854.5,19873.25,166777.0
2024-07-18T18:00:00Z,19873.5,19891.75,19800.5,19846.25,160218.0
2024-07-18T19:00:00Z,19845.25,19961.0,19758.75,19893.5,239065.0
2024-07-18T20:00:00Z,19891.25,19954.0,19865.0,19933.25,28529.0
2024-07-18T22:00:00Z,19950.0,19976.75,19935.75,19955.5,0.0
2024-07-18T23:00:00Z,19955.75,19965.75,19943.25,19945.75,7062.0
2024-07-19T00:00:00Z,19945.75,19965.75,19935.25,19947.0,12962.0
2024-07-19T01:00:00Z,19948.0,19962.75,19941.0,19947.75,9226.0
2024-07-19T02:00:00Z,19948.0,19958.75,19936.0,19953.0,7772.0
2024-07-19T03:00:00Z,19952.75,19958.5,19945.75,19954.0,4326.0
2024-07-19T04:00:00Z,19955.75,19960.0,19950.5,19957.0,3453.0
2024-07-19T05:00:00Z,19957.75,19963.25,19948.0,19963.25,4551.0
2024-07-19T06:00:00Z,19963.25,19979.5,19898.0,19907.25,26256.0
2024-07-19T07:00:00Z,19907.75,19908.0,19752.0,19797.5,74083.0
2024-07-19T08:00:00Z,19797.0,19864.25,19784.75,19839.75,44507.0
2024-07-19T09:00:00Z,19840.25,19866.25,19807.0,19850.75,33902.0
2024-07-19T10:00:00Z,19849.75,19907.75,19847.5,19869.25,32308.0
2024-07-19T11:00:00Z,19869.25,19939.25,19863.75,19923.5,33851.0
2024-07-19T12:00:00Z,19923.0,19944.0,19898.75,19939.75,37545.0
2024-07-19T13:00:00Z,19939.25,19976.75,19836.0,19883.75,247801.0
2024-07-19T14:00:00Z,19883.75,19917.0,19774.5,19825.75,300831.0
2024-07-19T15:00:00Z,19826.5,19875.25,19704.0,19817.5,253101.0
2024-07-19T16:00:00Z,19817.5,19826.5,19686.25,19728.75,188336.0
2024-07-19T17:00:00Z,19729.25,19731.25,19654.0,19721.0,168485.0
2024-07-19T18:00:00Z,19720.5,19745.75,19669.5,19721.0,124780.0
2024-07-19T19:00:00Z,19721.25,19784.75,19684.25,19712.75,155711.0
2024-07-19T20:00:00Z,19711.75,19738.25,19692.5,19701.5,18134.0
2024-07-21T22:00:00Z,19747.75,19794.75,19727.0,19790.5,19914.0
2024-07-21T23:00:00Z,19790.25,19841.25,19789.75,19816.75,26153.0
2024-07-22T00:00:00Z,19816.75,19823.75,19766.5,19810.0,24022.0
2024-07-22T01:00:00Z,19810.0,19813.0,19733.5,19745.25,29275.0
2024-07-22T02:00:00Z,19746.5,19767.5,19718.75,19753.0,24318.0
2024-07-22T03:00:00Z,19753.25,19799.5,19751.5,19777.25,21441.0
2024-07-22T04:00:00Z,19777.25,19804.0,19741.0,19801.5,19124.0
2024-07-22T05:00:00Z,19801.0,19808.25,19778.25,19787.75,13580.0
2024-07-22T06:00:00Z,19787.5,19825.75,19764.25,19816.0,25721.0
2024-07-22T07:00:00Z,19817.0,19838.0,19757.75,19823.5,32306.0
2024-07-22T08:00:00Z,19823.25,19841.0,19806.75,19815.5,22027.0
2024-07-22T09:00:00Z,19815.25,19853.0,19808.75,19846.75,17236.0
2024-07-22T10:00:00Z,19847.0,19890.5,19837.25,19889.5,24459.0
2024-07-22T11:00:00Z,19890.0,19899.0,19866.5,19898.0,24391.0
2024-07-22T12:00:00Z,19897.75,19931.0,19892.75,19912.75,35661.0
2024-07-22T13:00:00Z,19912.5,20026.75,19882.25,19970.5,252146.0
2024-07-22T14:00:00Z,19970.25,20018.5,19895.0,19955.0,336389.0
2024-07-22T15:00:00Z,19954.75,19998.0,19809.0,19865.0,270166.0
2024-07-22T16:00:00Z,19865.25,19973.0,19835.75,19961.5,138973.0
2024-07-22T17:00:00Z,19961.25,20016.25,19957.5,19999.5,105837.0
2024-07-22T18:00:00Z,19999.75,20044.25,19992.0,20010.25,90671.0
2024-07-22T19:00:00Z,20010.5,20032.25,19976.75,19998.5,122209.0
2024-07-22T20:00:00Z,19998.5,20013.0,19964.25,19982.0,17420.0
2024-07-22T22:00:00Z,19982.0,19998.25,19973.0,19986.75,0.0
2024-07-22T23:00:00Z,19986.75,19987.75,19953.0,19954.5,10962.0
2024-07-23T00:00:00Z,19955.0,19966.5,19924.5,19937.5,16697.0
2024-07-23T01:00:00Z,19937.75,19968.75,19932.75,19955.5,14055.0
2024-07-23T02:00:00Z,19955.5,19959.5,19935.0,19947.5,9178.0
2024-07-23T03:00:00Z,19947.25,19949.5,19912.0,19933.25,12325.0
2024-07-23T04:00:00Z,19938.25,19951.5,19931.5,19941.25,7197.0
2024-07-23T05:00:00Z,19941.5,19954.0,19921.75,19932.0,9373.0
2024-07-23T06:00:00Z,19932.0,19947.0,19897.5,19937.0,22124.0
2024-07-23T07:00:00Z,19937.5,19940.0,19868.25,19893.0,32531.0
2024-07-23T08:00:00Z,19893.5,19930.0,19876.0,19919.75,25669.0
2024-07-23T09:00:00Z,19921.0,19971.0,19920.25,19958.5,18568.0
2024-07-23T10:00:00Z,19958.75,19993.25,19952.0,19973.75,19898.0
2024-07-23T11:00:00Z,19973.5,20015.75,19972.75,19995.25,28954.0
2024-07-23T12:00:00Z,19995.0,19996.25,19924.0,19969.25,50407.0
2024-07-23T13:00:00Z,19968.75,20033.75,19933.25,20006.5,207211.0
2024-07-23T14:00:00Z,20006.75,20047.5,19927.5,19973.25,307561.0
2024-07-23T15:00:00Z,19982.25,20085.0,19979.75,20034.0,182244.0
2024-07-23T16:00:00Z,20034.5,20040.5,19926.75,19949.0,182196.0
2024-07-23T17:00:00Z,19949.25,19988.0,19915.5,19979.5,130024.0
2024-07-23T18:00:00Z,19979.0,19997.0,19946.5,19976.25,86243.0
2024-07-23T19:00:00Z,19975.5,19995.75,19904.0,19925.0,110899.0
2024-07-23T20:00:00Z,19924.5,20000.0,19903.0,19944.75,65097.0
2024-07-23T22:00:00Z,19886.75,19886.75,19786.0,19817.0,0.0
2024-07-23T23:00:00Z,19816.5,19818.25,19792.0,19792.5,13510.0
2024-07-24T00:00:00Z,19793.0,19838.0,19792.25,19828.0,17088.0
2024-07-24T01:00:00Z,19828.0,19837.0,19811.75,19814.75,12810.0
2024-07-24T02:00:00Z,19815.0,19823.5,19808.0,19817.75,5007.0
2024-07-24T03:00:00Z,19817.75,19822.75,19793.0,19797.25,7161.0
2024-07-24T04:00:00Z,19797.75,19798.5,19721.5,19728.75,25182.0
2024-07-24T05:00:00Z,19729.25,19775.25,19726.5,19763.5,16214.0
2024-07-24T06:00:00Z,19763.75,19775.75,19712.25,19721.5,31695.0
2024-07-24T07:00:00Z,19721.25,19753.0,19708.0,19716.5,30548.0
2024-07-24T08:00:00Z,19717.5,19753.0,19681.5,19745.75,36892.0
2024-07-24T09:00:00Z,19746.25,19751.75,19701.75,19717.0,23190.0
2024-07-24T10:00:00Z,19717.25,19749.0,19705.5,19715.75,21609.0
2024-07-24T11:00:00Z,19716.25,19730.75,19690.5,19702.75,37090.0
2024-07-24T12:00:00Z,19703.25,19705.75,19607.5,19633.25,76746.0
2024-07-24T13:00:00Z,19633.25,19655.0,19501.0,19511.25,249338.0
2024-07-24T14:00:00Z,19512.0,19523.5,19411.5,19424.5,255008.0
2024-07-24T15:00:00Z,19433.75,19443.5,19357.0,19359.0,190886.0
2024-07-24T16:00:00Z,19359.5,19367.75,19308.0,19321.75,169332.0
2024-07-24T17:00:00Z,19321.25,19380.0,19310.5,19320.0,133528.0
2024-07-24T18:00:00Z,19320.0,19331.0,19228.5,19248.25,157747.0
2024-07-24T19:00:00Z,19248.0,19307.75,19166.5,19205.75,222749.0
2024-07-24T20:00:00Z,19205.5,19277.5,19191.0,19269.75,43673.0
2024-07-24T22:00:00Z,19258.0,19304.75,19257.25,19278.75,0.0
2024-07-24T23:00:00Z,19279.0,19289.75,19263.75,19271.25,11297.0
2024-07-25T00:00:00Z,19271.0,19302.0,19257.5,19292.5,19698.0
2024-07-25T01:00:00Z,19292.25,19302.75,19246.0,19256.75,17039.0
2024-07-25T02:00:00Z,19256.75,19275.75,19215.75,19232.25,22425.0
2024-07-25T03:00:00Z,19233.0,19284.0,19232.5,19272.25,18856.0
2024-07-25T04:00:00Z,19270.0,19274.0,19247.25,19254.0,13000.0
2024-07-25T05:00:00Z,19254.5,19270.0,19232.25,19234.75,13308.0
2024-07-25T06:00:00Z,19235.25,19275.0,19153.5,19244.5,68792.0
2024-07-25T07:00:00Z,19244.75,19261.0,19163.5,19186.75,63889.0
2024-07-25T08:00:00Z,19186.75,19204.0,19062.0,19197.75,79389.0
2024-07-25T09:00:00Z,19197.75,19235.25,19134.75,19143.75,43322.0
2024-07-25T10:00:00Z,19143.0,19169.25,19096.75,19159.0,48942.0
2024-07-25T11:00:00Z,19159.25,19207.75,19127.0,19130.75,54149.0
2024-07-25T12:00:00Z,19130.25,19234.5,19085.5,19233.5,90476.0
2024-07-25T13:00:00Z,19233.25,19245.0,19016.75,19031.25,311697.0
2024-07-25T14:00:00Z,19031.75,19217.5,18883.5,19214.25,456170.0
2024-07-25T15:00:00Z,19213.75,19279.5,19142.5,19234.5,265047.0
2024-07-25T16:00:00Z,19234.75,19361.5,19190.5,19334.0,222044.0
2024-07-25T17:00:00Z,19334.25,19390.5,19245.0,19290.0,177404.0
2024-07-25T18:00:00Z,19289.75,19294.75,19109.75,19128.25,187357.0
2024-07-25T19:00:00Z,19127.5,19244.25,18981.75,18991.5,218824.0
2024-07-25T20:00:00Z,18991.5,19006.5,18940.5,18994.75,45825.0
2024-07-25T22:00:00Z,19000.25,19034.5,19000.0,19005.25,0.0
2024-07-25T23:00:00Z,19005.75,19025.5,18994.75,19023.5,9048.0
2024-07-26T00:00:00Z,19023.5,19063.75,19018.25,19048.25,19315.0
2024-07-26T01:00:00Z,19047.5,19084.75,19045.5,19080.75,14064.0
2024-07-26T02:00:00Z,19080.25,19091.75,19065.0,19067.75,13058.0
2024-07-26T03:00:00Z,19067.25,19090.75,19057.25,19072.25,13784.0
2024-07-26T04:00:00Z,19078.25,19107.5,19076.25,19104.25,10376.0
2024-07-26T05:00:00Z,19104.5,19116.25,19065.0,19066.25,15943.0
2024-07-26T06:00:00Z,19066.25,19113.5,19064.25,19089.0,24207.0
2024-07-26T07:00:00Z,19088.5,19154.0,19084.25,19147.5,36403.0
2024-07-26T08:00:00Z,19147.75,19221.5,19142.75,19220.0,37376.0
2024-07-26T09:00:00Z,19220.0,19221.5,19179.25,19193.0,25868.0
2024-07-26T10:00:00Z,19193.0,19201.0,19163.25,19167.75,20526.0
2024-07-26T11:00:00Z,19168.0,19215.0,19154.5,19212.5,26522.0
2024-07-26T12:00:00Z,19212.25,19237.25,19159.5,19178.5,67539.0
2024-07-26T13:00:00Z,19178.75,19184.0,19060.5,19129.0,246051.0
2024-07-26T14:00:00Z,19134.0,19192.5,19040.75,19127.25,359600.0
2024-07-26T15:00:00Z,19127.5,19194.25,19090.75,19184.75,192864.0
2024-07-26T16:00:00Z,19185.25,19289.0,19177.5,19276.5,145650.0
2024-07-26T17:00:00Z,19277.0,19299.0,19149.25,19194.5,180325.0
2024-07-26T18:00:00Z,19194.75,19221.75,19117.75,19129.5,142928.0
2024-07-26T19:00:00Z,19130.0,19191.5,19104.5,19176.75,184490.0
2024-07-26T20:00:00Z,19176.75,19190.5,19166.75,19175.75,18703.0
2024-07-28T22:00:00Z,19172.75,19242.25,19168.0,19232.0,17447.0
2024-07-28T23:00:00Z,19231.5,19253.75,19225.5,19241.5,11114.0
2024-07-29T00:00:00Z,19242.0,19330.25,19238.25,19299.5,28460.0
2024-07-29T01:00:00Z,19300.25,19317.5,19280.0,19293.5,30381.0
2024-07-29T02:00:00Z,19294.5,19316.0,19285.0,19287.75,15114.0
2024-07-29T03:00:00Z,19288.0,19312.5,19286.0,19304.75,6883.0
2024-07-29T04:00:00Z,19303.25,19310.5,19291.75,19301.0,5232.0
2024-07-29T05:00:00Z,19300.5,19328.5,19297.0,19311.5,10831.0
2024-07-29T06:00:00Z,19311.5,19335.0,19289.75,19323.0,14435.0
2024-07-29T07:00:00Z,19322.25,19323.5,19219.0,19238.25,39332.0
2024-07-29T08:00:00Z,19238.25,19284.5,19227.0,19248.25,26697.0
2024-07-29T09:00:00Z,19249.0,19272.5,19234.75,19268.75,12919.0
2024-07-29T10:00:00Z,19269.25,19294.25,19259.75,19283.25,14134.0
2024-07-29T11:00:00Z,19283.25,19319.5,19277.25,19297.0,21595.0
2024-07-29T12:00:00Z,19296.75,19362.0,19288.75,19309.5,44713.0
2024-07-29T13:00:00Z,19310.0,19368.0,19222.5,19358.25,261148.0
2024-07-29T14:00:00Z,19358.5,19377.25,19218.25,19221.75,339101.0
2024-07-29T15:00:00Z,19222.0,19271.5,19113.0,19261.0,245745.0
2024-07-29T16:00:00Z,19261.0,19343.0,19259.75,19308.5,171829.0
2024-07-29T17:00:00Z,19308.75,19349.0,19244.75,19255.0,139601.0
2024-07-29T18:00:00Z,19255.0,19257.75,19184.0,19220.25,134537.0
2024-07-29T19:00:00Z,19220.25,19267.25,19198.25,19209.0,116731.0
2024-07-29T20:00:00Z,19208.75,19223.0,19188.5,19221.75,17537.0
2024-07-29T22:00:00Z,19220.0,19234.5,19206.5,19216.5,0.0
2024-07-29T23:00:00Z,19216.0,19216.75,19122.5,19133.0,20533.0
2024-07-30T00:00:00Z,19132.75,19159.25,19126.5,19155.5,13664.0
2024-07-30T01:00:00Z,19156.5,19165.25,19094.0,19107.75,21979.0
2024-07-30T02:00:00Z,19108.75,19122.5,19076.25,19107.75,17863.0
2024-07-30T03:00:00Z,19108.0,19137.25,19103.5,19130.0,14009.0
2024-07-30T04:00:00Z,19149.5,19183.0,19144.5,19180.25,15095.0
2024-07-30T05:00:00Z,19181.0,19208.0,19168.5,19203.0,16085.0
2024-07-30T06:00:00Z,19202.25,19215.0,19185.0,19208.5,16874.0
2024-07-30T07:00:00Z,19209.0,19251.75,19209.0,19235.0,21342.0
2024-07-30T08:00:00Z,19235.25,19257.5,19205.75,19246.25,22767.0
2024-07-30T09:00:00Z,19245.75,19265.0,19206.75,19226.0,20032.0
2024-07-30T10:00:00Z,19226.25,19256.0,19219.0,19253.0,15339.0
2024-07-30T11:00:00Z,19253.0,19279.5,19244.75,19261.75,19592.0
2024-07-30T12:00:00Z,19262.25,19277.5,19251.5,19268.0,22711.0
2024-07-30T13:00:00Z,19268.0,19319.25,19206.75,19225.0,226140.0
2024-07-30T14:00:00Z,19227.25,19245.0,19097.0,19107.75,355391.0
2024-07-30T15:00:00Z,19106.75,19116.5,18926.0,18929.25,302897.0
2024-07-30T16:00:00Z,18929.75,18973.75,18813.25,18815.75,224900.0
2024-07-30T17:00:00Z,18816.25,18950.0,18802.5,18937.0,197913.0
2024-07-30T18:00:00Z,18936.75,18999.75,18922.25,18952.25,153314.0
2024-07-30T19:00:00Z,18952.25,19016.5,18903.75,18939.25,170106.0
2024-07-30T20:00:00Z,18940.25,18955.5,18726.75,18862.0,94548.0
2024-07-30T22:00:00Z,18870.0,18997.75,18862.0,18969.75,0.0
2024-07-30T23:00:00Z,18970.5,19066.0,18966.75,19060.75,21469.0
2024-07-31T00:00:00Z,19060.5,19081.0,19014.5,19076.5,26543.0
2024-07-31T01:00:00Z,19077.0,19089.5,19056.5,19077.75,18342.0
2024-07-31T02:00:00Z,19077.5,19120.25,19074.75,19108.0,16522.0
2024-07-31T03:00:00Z,19107.0,19124.75,19092.0,19121.0,11189.0
2024-07-31T04:00:00Z,19102.25,19117.5,19094.0,19106.0,23960.0
2024-07-31T05:00:00Z,19107.0,19225.0,19095.5,19217.25,30741.0
2024-07-31T06:00:00Z,19217.5,19224.5,19167.25,19213.0,36669.0
2024-07-31T07:00:00Z,19213.0,19237.5,19180.5,19221.0,30233.0
2024-07-31T08:00:00Z,19220.75,19247.5,19178.75,19215.0,34319.0
2024-07-31T09:00:00Z,19215.0,19231.0,19193.5,19201.0,19014.0
2024-07-31T10:00:00Z,19200.75,19243.5,19197.75,19241.5,16501.0
2024-07-31T11:00:00Z,19242.0,19260.75,19213.75,19251.75,29582.0
2024-07-31T12:00:00Z,19251.75,19354.5,19245.5,19347.25,57334.0
2024-07-31T13:00:00Z,19347.0,19412.0,19310.5,19390.75,273746.0
2024-07-31T14:00:00Z,19390.25,19494.0,19371.5,19451.75,286212.0
2024-07-31T15:00:00Z,19451.75,19516.0,19441.75,19471.25,154347.0
2024-07-31T16:00:00Z,19471.5,19490.75,19424.25,19428.75,108208.0
2024-07-31T17:00:00Z,19429.25,19479.75,19344.25,19431.25,122696.0
2024-07-31T18:00:00Z,19427.75,19570.25,19384.5,19554.75,174459.0
2024-07-31T19:00:00Z,19554.5,19573.5,19416.25,19497.75,271672.0
2024-07-31T20:00:00Z,19496.0,19645.0,19488.75,19582.75,58309.0
2024-07-31T22:00:00Z,19588.0,19644.5,19582.75,19633.25,0.0
2024-07-31T23:00:00Z,19633.0,19686.75,19631.0,19674.25,18687.0
2024-08-01T00:00:00Z,19674.5,19716.75,19639.5,19646.0,31664.0
2024-08-01T01:00:00Z,19645.75,19666.25,19619.0,19637.75,26789.0
2024-08-01T02:00:00Z,19638.5,19675.5,19623.0,19667.25,18330.0
2024-08-01T03:00:00Z,19667.5,19683.25,19660.75,19681.25,11566.0
2024-08-01T04:00:00Z,19683.25,19688.75,19658.75,19669.0,10215.0
2024-08-01T05:00:00Z,19669.5,19692.5,19652.0,19691.0,11266.0
2024-08-01T06:00:00Z,19690.5,19693.0,19585.0,19594.75,41179.0
2024-08-01T07:00:00Z,19596.0,19662.5,19589.5,19618.25,36823.0
2024-08-01T08:00:00Z,19618.5,19624.5,19504.75,19524.0,58544.0
2024-08-01T09:00:00Z,19524.5,19602.0,19516.0,19588.5,29638.0
2024-08-01T10:00:00Z,19589.25,19606.0,19558.5,19592.0,25270.0
2024-08-01T11:00:00Z,19591.75,19632.5,19570.25,19574.25,39182.0
2024-08-01T12:00:00Z,19574.75,19647.5,19567.0,19596.75,54867.0
2024-08-01T13:00:00Z,19596.5,19681.75,19505.0,19640.0,269052.0
2024-08-01T14:00:00Z,19640.5,19667.25,19329.25,19342.5,412143.0
2024-08-01T15:00:00Z,19341.75,19356.75,19146.0,19162.0,276152.0
2024-08-01T16:00:00Z,19162.5,19236.25,19074.5,19090.75,199781.0
2024-08-01T17:00:00Z,19090.75,19108.5,18912.0,19018.5,205978.0
2024-08-01T18:00:00Z,19019.0,19034.25,18868.0,18891.25,185831.0
2024-08-01T19:00:00Z,18891.75,19065.0,18883.5,19027.25,222596.0
2024-08-01T20:00:00Z,19028.25,19050.0,18852.25,18964.75,66804.0
2024-08-01T22:00:00Z,18961.0,18981.5,18841.25,18866.75,0.0
2024-08-01T23:00:00Z,18865.5,18952.5,18854.25,18913.5,30621.0
2024-08-02T00:00:00Z,18914.0,18934.25,18866.25,18909.0,37680.0
2024-08-02T01:00:00Z,18909.5,18922.0,18868.25,18897.5,28215.0
2024-08-02T02:00:00Z,18898.0,18903.0,18685.75,18762.25,80299.0
2024-08-02T03:00:00Z,18762.0,18804.0,18757.25,18790.25,31704.0
2024-08-02T04:00:00Z,18783.5,18788.0,18745.75,18765.75,23382.0
2024-08-02T05:00:00Z,18766.75,18803.0,18743.0,18766.75,34373.0
2024-08-02T06:00:00Z,18767.25,18783.75,18696.5,18704.5,43486.0
2024-08-02T07:00:00Z,18704.25,18749.75,18639.0,18749.0,55193.0
2024-08-02T08:00:00Z,18748.0,18762.75,18673.0,18729.75,34623.0
2024-08-02T09:00:00Z,18728.75,18732.0,18656.0,18682.5,20237.0
2024-08-02T10:00:00Z,18683.25,18742.0,18645.5,18712.25,31246.0
2024-08-02T11:00:00Z,18712.25,18734.5,18669.5,18674.5,29322.0
2024-08-02T12:00:00Z,18673.75,18748.0,18508.0,18584.25,131293.0
2024-08-02T13:00:00Z,18584.25,18761.25,18541.75,18574.5,344165.0
2024-08-02T14:00:00Z,18574.5,18621.75,18386.0,18425.0,373140.0
2024-08-02T15:00:00Z,18425.5,18630.0,18404.25,18594.5,273767.0
2024-08-02T16:00:00Z,18593.5,18633.25,18482.5,18507.75,221387.0
2024-08-02T17:00:00Z,18507.75,18560.75,18444.75,18491.75,178972.0
2024-08-02T18:00:00Z,18492.5,18588.5,18452.25,18501.0,152288.0
2024-08-02T19:00:00Z,18501.25,18580.25,18460.25,18562.5,187535.0
2024-08-02T20:00:00Z,18561.25,18566.25,18501.0,18509.75,20721.0
2024-08-04T22:00:00Z,18391.75,18394.0,18269.5,18345.75,40764.0
2024-08-04T23:00:00Z,18346.75,18357.75,18214.25,18264.0,62127.0
2024-08-05T00:00:00Z,18264.25,18273.5,18163.0,18175.75,108003.0
2024-08-05T01:00:00Z,18175.5,18182.75,18068.75,18129.25,109874.0
2024-08-05T02:00:00Z,18129.25,18176.25,18085.25,18113.75,61662.0
2024-08-05T03:00:00Z,18114.25,18138.0,18023.25,18032.0,62396.0
2024-08-05T04:00:00Z,18026.5,18044.75,17890.75,17901.0,89240.0
2024-08-05T05:00:00Z,17900.75,17913.25,17346.25,17551.0,198447.0
2024-08-05T06:00:00Z,17551.25,17683.25,17461.5,17623.75,156342.0
2024-08-05T07:00:00Z,17622.5,17868.75,17616.25,17851.25,91500.0
2024-08-05T08:00:00Z,17852.0,17990.5,17795.0,17830.75,108157.0
2024-08-05T09:00:00Z,17831.25,17889.75,17675.0,17814.0,97370.0
2024-08-05T10:00:00Z,17814.75,17818.5,17638.0,17772.25,108730.0
2024-08-05T11:00:00Z,17772.5,17820.0,17591.75,17645.75,115551.0
2024-08-05T12:00:00Z,17645.5,17710.75,17363.5,17535.5,220046.0
2024-08-05T13:00:00Z,17534.75,17954.0,17509.25,17881.25,356862.0
2024-08-05T14:00:00Z,17883.5,18112.5,17850.5,17942.75,373972.0
2024-08-05T15:00:00Z,17942.5,18189.5,17889.25,18106.75,330418.0
2024-08-05T16:00:00Z,18106.75,18289.25,18019.25,18041.75,216050.0
2024-08-05T17:00:00Z,18041.25,18168.25,18021.5,18076.75,151061.0
2024-08-05T18:00:00Z,18078.75,18088.75,17892.75,17906.0,157084.0
2024-08-05T19:00:00Z,17907.0,18033.75,17907.0,18021.5,153288.0
2024-08-05T20:00:00Z,18020.75,18169.5,17998.75,18139.5,40614.0
2024-08-05T21:00:00Z,18139.5,18139.5,18139.5,18139.5,2.0
2024-08-05T22:00:00Z,18164.5,18259.75,18164.5,18208.5,0.0
2024-08-05T23:00:00Z,18209.5,18287.5,18193.0,18286.0,23622.0
2024-08-06T00:00:00Z,18287.25,18340.0,18225.0,18336.25,48603.0
2024-08-06T01:00:00Z,18335.25,18435.5,18307.75,18370.5,61727.0
2024-08-06T02:00:00Z,18369.5,18388.75,18311.5,18339.25,31834.0
2024-08-06T03:00:00Z,18338.25,18425.25,18335.5,18388.5,21027.0
2024-08-06T04:00:00Z,18382.75,18403.75,18320.0,18334.25,22054.0
2024-08-06T05:00:00Z,18333.5,18376.0,18231.5,18343.0,41161.0
2024-08-06T06:00:00Z,18342.75,18365.0,18246.75,18273.75,36484.0
2024-08-06T07:00:00Z,18272.5,18313.0,18220.5,18251.0,40590.0
2024-08-06T08:00:00Z,18249.75,18270.0,18127.25,18168.75,51350.0
2024-08-06T09:00:00Z,18167.5,18168.0,18017.75,18088.0,60371.0
2024-08-06T10:00:00Z,18088.75,18187.75,18053.5,18170.5,58581.0
2024-08-06T11:00:00Z,18170.0,18253.25,18126.0,18189.25,68506.0
2024-08-06T12:00:00Z,18188.0,18202.0,18052.75,18083.5,85534.0
2024-08-06T13:00:00Z,18082.75,18173.75,17961.25,18141.5,276511.0
2024-08-06T14:00:00Z,18141.25,18339.75,18102.25,18301.0,298930.0
2024-08-06T15:00:00Z,18301.75,18349.75,18182.0,18342.0,194827.0
2024-08-06T16:00:00Z,18342.25,18447.0,18315.5,18426.5,148384.0
2024-08-06T17:00:00Z,18427.0,18449.75,18378.75,18418.75,115272.0
2024-08-06T18:00:00Z,18418.5,18483.0,18385.25,18386.25,100685.0
2024-08-06T19:00:00Z,18386.5,18392.75,18164.25,18171.5,205702.0
2024-08-06T20:00:00Z,18172.0,18273.0,18067.25,18096.75,54390.0
2024-08-06T22:00:00Z,18040.25,18139.5,18027.5,18099.25,0.0
2024-08-06T23:00:00Z,18098.25,18127.0,18045.25,18057.0,26756.0
2024-08-07T00:00:00Z,18056.75,18194.5,18048.5,18166.0,48342.0
2024-08-07T01:00:00Z,18166.5,18316.0,18142.0,18290.0,60780.0
2024-08-07T02:00:00Z,18290.0,18377.75,18250.75,18351.0,52303.0
2024-08-07T03:00:00Z,18350.75,18415.0,18347.0,18390.75,36439.0
2024-08-07T04:00:00Z,18404.25,18437.0,18370.5,18399.75,32262.0
2024-08-07T05:00:00Z,18399.5,18408.25,18315.25,18329.5,39394.0
2024-08-07T06:00:00Z,18329.75,18346.75,18254.0,18318.75,41323.0
2024-08-07T07:00:00Z,18318.0,18335.75,18220.5,18258.5,63196.0
2024-08-07T08:00:00Z,18258.5,18397.5,18243.0,18396.5,35120.0
2024-08-07T09:00:00Z,18396.25,18446.0,18372.0,18411.0,31651.0
2024-08-07T10:00:00Z,18410.5,18451.25,18400.25,18438.0,28588.0
2024-08-07T11:00:00Z,18437.25,18462.5,18378.5,18395.5,39863.0
2024-08-07T12:00:00Z,18395.5,18453.75,18384.25,18432.25,53192.0
2024-08-07T13:00:00Z,18432.5,18558.5,18405.0,18520.25,250541.0
2024-08-07T14:00:00Z,18520.5,18556.75,18405.25,18512.5,316112.0
2024-08-07T15:00:00Z,18511.75,18548.25,18341.25,18400.25,218369.0
2024-08-07T16:00:00Z,18401.0,18404.5,18259.0,18282.5,197292.0
2024-08-07T17:00:00Z,18282.0,18298.0,18094.5,18117.75,181764.0
2024-08-07T18:00:00Z,18117.75,18134.0,18000.0,18030.5,158128.0
2024-08-07T19:00:00Z,18030.25,18147.0,17951.0,17971.5,157470.0
2024-08-07T20:00:00Z,17972.25,17999.75,17834.25,17857.75,39196.0
2024-08-07T22:00:00Z,17881.25,17930.0,17860.0,17895.5,0.0
2024-08-07T23:00:00Z,17896.75,17904.0,17745.0,17845.0,47493.0
2024-08-08T00:00:00Z,17846.5,17942.25,17825.25,17907.0,62078.0
2024-08-08T01:00:00Z,17907.25,17988.75,17893.75,17979.25,44068.0
2024-08-08T02:00:00Z,17979.0,18042.5,17977.75,18030.0,35081.0
2024-08-08T03:00:00Z,18030.25,18080.0,17997.75,18002.5,29740.0
2024-08-08T04:00:00Z,17994.5,18041.75,17962.75,17989.0,38174.0
2024-08-08T05:00:00Z,17988.75,18022.75,17925.5,17935.25,36378.0
2024-08-08T06:00:00Z,17935.5,18053.75,17916.0,18037.5,47731.0
2024-08-08T07:00:00Z,18037.5,18043.75,17875.25,17914.5,56215.0
2024-08-08T08:00:00Z,17914.0,17999.75,17903.25,17998.25,31990.0
2024-08-08T09:00:00Z,17998.0,18017.5,17911.0,17940.25,27727.0
2024-08-08T10:00:00Z,17941.5,17997.25,17938.5,17970.5,31117.0
2024-08-08T11:00:00Z,17970.5,18007.75,17935.75,17993.75,24851.0
2024-08-08T12:00:00Z,17994.0,18204.25,17958.25,18154.25,99440.0
2024-08-08T13:00:00Z,18154.5,18253.5,18064.75,18208.5,273592.0
2024-08-08T14:00:00Z,18209.25,18438.25,18189.75,18415.0,255759.0
2024-08-08T15:00:00Z,18381.75,18419.75,18323.5,18403.75,150138.0
2024-08-08T16:00:00Z,18403.5,18469.5,18361.0,18407.0,125084.0
2024-08-08T17:00:00Z,18407.0,18532.5,18357.75,18514.25,112849.0
2024-08-08T18:00:00Z,18514.25,18555.75,18471.75,18492.5,94590.0
2024-08-08T19:00:00Z,18493.75,18539.75,18404.0,18519.75,153680.0
2024-08-08T20:00:00Z,18518.75,18594.5,18511.75,18557.5,36983.0
2024-08-08T22:00:00Z,18551.75,18576.25,18525.75,18561.5,0.0
2024-08-08T23:00:00Z,18561.75,18617.25,18557.75,18602.0,26750.0
2024-08-09T00:00:00Z,18601.25,18602.25,18489.25,18519.5,40754.0
2024-08-09T01:00:00Z,18519.75,18566.0,18511.25,18543.25,27629.0
2024-08-09T02:00:00Z,18544.0,18595.0,18527.75,18587.5,19881.0
2024-08-09T03:00:00Z,18587.25,18593.75,18540.0,18561.5,16699.0
2024-08-09T04:00:00Z,18580.0,18585.25,18430.0,18455.75,29661.0
2024-08-09T05:00:00Z,18456.5,18536.25,18436.0,18513.75,34309.0
2024-08-09T06:00:00Z,18513.5,18557.5,18492.0,18538.75,27049.0
2024-08-09T07:00:00Z,18539.75,18561.5,18492.25,18546.75,37572.0
2024-08-09T08:00:00Z,18546.75,18652.5,18546.75,18636.75,36948.0
2024-08-09T09:00:00Z,18636.0,18646.25,18585.0,18615.25,23312.0
2024-08-09T10:00:00Z,18615.25,18616.25,18549.0,18570.75,26231.0
2024-08-09T11:00:00Z,18572.0,18598.25,18488.0,18525.25,44644.0
2024-08-09T12:00:00Z,18526.25,18527.75,18383.0,18424.0,76610.0
2024-08-09T13:00:00Z,18423.25,18528.75,18403.75,18431.75,208821.0
2024-08-09T14:00:00Z,18431.5,18565.75,18404.25,18526.0,283054.0
2024-08-09T15:00:00Z,18526.25,18580.0,18470.0,18479.75,175843.0
2024-08-09T16:00:00Z,18480.0,18531.75,18450.5,18529.5,113031.0
2024-08-09T17:00:00Z,18529.75,18674.75,18521.5,18609.25,121629.0
2024-08-09T18:00:00Z,18609.75,18628.75,18563.25,18594.25,100930.0
2024-08-09T19:00:00Z,18594.5,18633.75,18566.5,18610.25,104072.0
2024-08-09T20:00:00Z,18610.0,18623.75,18590.5,18602.75,15314.0
2024-08-11T22:00:00Z,18591.75,18658.5,18514.5,18596.75,35205.0
2024-08-11T23:00:00Z,18596.0,18643.25,18582.5,18628.0,24351.0
2024-08-12T00:00:00Z,18628.25,18632.0,18587.75,18604.75,22116.0
2024-08-12T01:00:00Z,18605.25,18627.0,18588.5,18608.0,18863.0
2024-08-12T02:00:00Z,18607.75,18667.0,18607.25,18652.75,17807.0
2024-08-12T03:00:00Z,18652.75,18662.5,18612.25,18631.75,15227.0
2024-08-12T04:00:00Z,18636.5,18653.0,18621.0,18647.25,9497.0
2024-08-12T05:00:00Z,18646.75,18658.25,18634.5,18646.0,9607.0
2024-08-12T06:00:00Z,18645.75,18654.25,18611.25,18627.5,16578.0
2024-08-12T07:00:00Z,18628.0,18692.5,18602.5,18679.5,31216.0
2024-08-12T08:00:00Z,18678.25,18685.5,18628.25,18633.5,18342.0
2024-08-12T09:00:00Z,18633.5,18663.75,18626.5,18651.0,14458.0
2024-08-12T10:00:00Z,18651.75,18672.0,18632.75,18663.0,13382.0
2024-08-12T11:00:00Z,18663.0,18683.0,18640.25,18664.5,21450.0
2024-08-12T12:00:00Z,18665.25,18694.5,18651.0,18660.25,25715.0
2024-08-12T13:00:00Z,18660.75,18673.25,18524.0,18540.25,209024.0
2024-08-12T14:00:00Z,18540.75,18743.75,18531.5,18728.0,268174.0
2024-08-12T15:00:00Z,18728.25,18765.5,18576.25,18720.25,234917.0
2024-08-12T16:00:00Z,18720.0,18731.75,18620.5,18621.75,134456.0
2024-08-12T17:00:00Z,18622.75,18689.75,18586.0,18617.75,127606.0
2024-08-12T18:00:00Z,18617.75,18649.25,18598.0,18647.25,84626.0
2024-08-12T19:00:00Z,18647.5,18650.75,18581.5,18644.5,103051.0
2024-08-12T20:00:00Z,18644.75,18658.75,18616.25,18623.5,19561.0
2024-08-12T22:00:00Z,18644.0,18651.75,18628.75,18641.0,0.0
2024-08-12T23:00:00Z,18641.0,18668.0,18632.25,18654.75,10443.0
2024-08-13T00:00:00Z,18654.5,18687.25,18636.75,18673.75,14326.0
2024-08-13T01:00:00Z,18673.75,18675.25,18639.5,18653.0,13647.0
2024-08-13T02:00:00Z,18653.25,18678.0,18652.25,18677.75,7287.0
2024-08-13T03:00:00Z,18677.0,18691.5,18665.25,18670.25,10425.0
2024-08-13T04:00:00Z,18676.75,18697.0,18673.0,18693.25,7372.0
2024-08-13T05:00:00Z,18693.25,18711.75,18686.25,18706.75,10774.0
2024-08-13T06:00:00Z,18705.75,18745.0,18689.0,18744.0,15166.0
2024-08-13T07:00:00Z,18743.75,18818.25,18739.0,18776.5,32136.0
2024-08-13T08:00:00Z,18776.75,18781.25,18736.0,18746.25,20650.0
2024-08-13T09:00:00Z,18746.0,18763.25,18728.5,18743.0,14844.0
2024-08-13T10:00:00Z,18743.5,18745.0,18646.25,18657.5,33970.0
2024-08-13T11:00:00Z,18658.0,18713.5,18648.0,18712.5,24534.0
2024-08-13T12:00:00Z,18712.5,18828.0,18710.0,18814.75,74492.0
2024-08-13T13:00:00Z,18815.25,18913.25,18791.25,18899.25,190310.0
2024-08-13T14:00:00Z,18899.5,18951.25,18855.75,18941.25,204819.0
2024-08-13T15:00:00Z,18941.0,18997.25,18933.5,18980.75,105356.0
2024-08-13T16:00:00Z,18981.25,19074.75,18965.75,19074.0,107798.0
2024-08-13T17:00:00Z,19073.75,19088.0,19006.75,19057.75,101504.0
2024-08-13T18:00:00Z,19057.5,19084.75,19037.0,19082.5,67173.0
2024-08-13T19:00:00Z,19082.25,19112.75,19032.0,19101.25,101682.0
2024-08-13T20:00:00Z,19101.0,19121.75,19081.75,19100.5,24896.0
2024-08-13T22:00:00Z,19100.0,19124.75,19087.75,19099.0,0.0
2024-08-13T23:00:00Z,19098.5,19121.25,19092.5,19116.75,8599.0
2024-08-14T00:00:00Z,19117.0,19124.0,19092.25,19108.0,12807.0
2024-08-14T01:00:00Z,19108.0,19153.25,19100.25,19143.75,16387.0
2024-08-14T02:00:00Z,19144.25,19148.0,19081.75,19100.25,24733.0
2024-08-14T03:00:00Z,19100.75,19119.75,19094.0,19106.75,10107.0
2024-08-14T04:00:00Z,19109.25,19117.5,19101.25,19104.5,5614.0
2024-08-14T05:00:00Z,19104.25,19121.75,19097.5,19115.25,9222.0
2024-08-14T06:00:00Z,19114.5,19132.75,19103.75,19105.25,10804.0
2024-08-14T07:00:00Z,19106.0,19115.5,19086.25,19095.5,17247.0
2024-08-14T08:00:00Z,19096.0,19113.0,19064.0,19087.75,18784.0
2024-08-14T09:00:00Z,19088.5,19102.0,19074.75,19096.25,8882.0
2024-08-14T10:00:00Z,19096.0,19122.75,19093.5,19108.0,12455.0
2024-08-14T11:00:00Z,19108.5,19118.75,19091.25,19111.0,12903.0
2024-08-14T12:00:00Z,19110.5,19162.75,19004.25,19131.0,91429.0
2024-08-14T13:00:00Z,19131.25,19175.0,19011.0,19028.75,224242.0
2024-08-14T14:00:00Z,19029.75,19072.0,18925.5,19066.5,265233.0
2024-08-14T15:00:00Z,19067.0,19203.75,19053.0,19196.75,153932.0
2024-08-14T16:00:00Z,19196.75,19198.25,19018.5,19071.0,173243.0
2024-08-14T17:00:00Z,19070.5,19103.0,19051.5,19071.75,108464.0
2024-08-14T18:00:00Z,19072.0,19113.0,19044.5,19109.75,82632.0
2024-08-14T19:00:00Z,19110.0,19142.0,19038.25,19108.0,104227.0
2024-08-14T20:00:00Z,19108.25,19161.25,19102.25,19147.5,20281.0
2024-08-14T22:00:00Z,19148.25,19150.0,19121.25,19129.5,0.0
2024-08-14T23:00:00Z,19129.25,19146.0,19100.25,19107.0,10525.0
2024-08-15T00:00:00Z,19106.75,19172.5,19105.5,19165.75,17620.0
2024-08-15T01:00:00Z,19166.0,19177.75,19145.75,19167.0,15547.0
2024-08-15T02:00:00Z,19167.25,19217.25,19158.25,19211.75,17816.0
2024-08-15T03:00:00Z,19212.0,19223.75,19201.5,19214.25,9879.0
2024-08-15T04:00:00Z,19215.0,19220.75,19205.25,19211.0,6425.0
2024-08-15T05:00:00Z,19211.0,19211.5,19170.0,19186.0,13356.0
2024-08-15T06:00:00Z,19187.0,19188.5,19145.25,19171.0,17177.0
2024-08-15T07:00:00Z,19170.25,19197.75,19154.0,19195.75,15652.0
2024-08-15T08:00:00Z,19195.25,19199.0,19123.0,19152.0,20070.0
2024-08-15T09:00:00Z,19151.5,19170.75,19146.5,19166.0,9544.0
2024-08-15T10:00:00Z,19166.25,19175.0,19111.5,19111.75,18880.0
2024-08-15T11:00:00Z,19112.25,19183.0,19104.5,19163.0,28577.0
2024-08-15T12:00:00Z,19164.75,19370.25,19138.75,19335.25,91604.0
2024-08-15T13:00:00Z,19335.75,19461.75,19317.0,19460.25,195571.0
2024-08-15T14:00:00Z,19460.75,19515.5,19405.5,19481.5,213040.0
2024-08-15T15:00:00Z,19481.5,19547.25,19471.75,19525.5,118002.0
2024-08-15T16:00:00Z,19526.0,19570.0,19513.5,19537.75,92161.0
2024-08-15T17:00:00Z,19538.0,19586.75,19519.75,19584.0,72855.0
2024-08-15T18:00:00Z,19584.0,19592.25,19565.0,19583.75,61899.0
2024-08-15T19:00:00Z,19584.0,19603.5,19543.0,19588.0,104134.0
2024-08-15T20:00:00Z,19587.25,19592.0,19560.0,19568.0,26413.0
2024-08-15T22:00:00Z,19569.0,19613.0,19561.5,19602.75,0.0
2024-08-15T23:00:00Z,19603.0,19640.75,19600.75,19614.0,17901.0
2024-08-16T00:00:00Z,19614.0,19617.75,19575.25,19602.75,24945.0
2024-08-16T01:00:00Z,19601.75,19624.0,19588.75,19613.0,14692.0
2024-08-16T02:00:00Z,19613.5,19645.25,19611.25,19626.5,11519.0
2024-08-16T03:00:00Z,19627.0,19643.5,19618.75,19637.5,8025.0
2024-08-16T04:00:00Z,19632.75,19633.25,19611.5,19620.5,9187.0
2024-08-16T05:00:00Z,19621.25,19667.0,19619.25,19660.5,13517.0
2024-08-16T06:00:00Z,19660.25,19683.0,19657.5,19670.0,13863.0
2024-08-16T07:00:00Z,19669.5,19677.5,19629.0,19634.5,18885.0
2024-08-16T08:00:00Z,19634.5,19643.0,19604.75,19625.75,18727.0
2024-08-16T09:00:00Z,19625.25,19643.0,19612.5,19619.75,18349.0
2024-08-16T10:00:00Z,19619.5,19619.5,19572.25,19595.5,25956.0
2024-08-16T11:00:00Z,19594.75,19600.5,19548.25,19553.25,27083.0
2024-08-16T12:00:00Z,19553.25,19566.0,19445.25,19479.25,76450.0
2024-08-16T13:00:00Z,19479.0,19534.75,19462.5,19497.25,181438.0
2024-08-16T14:00:00Z,19495.25,19591.5,19490.0,19520.0,217047.0
2024-08-16T15:00:00Z,19520.0,19584.5,19492.5,19575.5,129318.0
2024-08-16T16:00:00Z,19574.75,19662.5,19561.25,19652.25,87134.0
2024-08-16T17:00:00Z,19652.25,19655.25,19603.0,19628.75,67006.0
2024-08-16T18:00:00Z,19628.75,19630.0,19590.5,19622.75,60916.0
2024-08-16T19:00:00Z,19623.5,19625.0,19572.5,19603.75,66147.0
2024-08-16T20:00:00Z,19603.25,19622.75,19598.75,19604.5,16662.0
2024-08-18T22:00:00Z,19628.25,19674.25,19613.75,19648.25,19823.0
2024-08-18T23:00:00Z,19648.5,19673.75,19623.25,19648.5,15044.0
2024-08-19T00:00:00Z,19648.75,19669.75,19627.25,19654.25,16113.0
2024-08-19T01:00:00Z,19654.0,19663.0,19636.5,19657.5,14715.0
2024-08-19T02:00:00Z,19656.75,19667.0,19650.0,19661.25,7056.0
2024-08-19T03:00:00Z,19661.5,19688.0,19639.25,19646.25,15303.0
2024-08-19T04:00:00Z,19646.25,19648.75,19592.0,19608.75,18109.0
2024-08-19T05:00:00Z,19608.75,19621.5,19578.0,19585.75,17479.0
2024-08-19T06:00:00Z,19585.25,19598.5,19563.0,19576.0,17963.0
2024-08-19T07:00:00Z,19576.75,19607.75,19564.75,19585.0,19454.0
2024-08-19T08:00:00Z,19583.75,19592.0,19525.0,19572.25,26640.0
2024-08-19T09:00:00Z,19572.75,19587.0,19542.75,19578.0,15788.0
2024-08-19T10:00:00Z,19578.75,19605.25,19575.5,19579.5,15336.0
2024-08-19T11:00:00Z,19578.75,19618.75,19578.0,19609.75,15091.0
2024-08-19T12:00:00Z,19611.0,19635.75,19606.5,19621.75,21410.0
2024-08-19T13:00:00Z,19622.0,19639.0,19545.0,19587.25,168944.0
2024-08-19T14:00:00Z,19588.0,19661.75,19529.25,19655.0,222801.0
2024-08-19T15:00:00Z,19655.0,19680.0,19619.25,19638.5,116556.0
2024-08-19T16:00:00Z,19638.5,19699.5,19620.0,19692.75,79123.0
2024-08-19T17:00:00Z,19692.5,19722.75,19674.25,19721.5,64905.0
2024-08-19T18:00:00Z,19721.75,19786.25,19719.0,19769.75,72371.0
2024-08-19T19:00:00Z,19769.75,19861.5,19756.0,19859.75,92984.0
2024-08-19T20:00:00Z,19860.25,19872.75,19832.75,19857.75,30294.0
2024-08-19T22:00:00Z,19854.0,19880.5,19854.0,19867.5,0.0
2024-08-19T23:00:00Z,19868.0,19876.0,19857.25,19861.0,5981.0
2024-08-20T00:00:00Z,19860.75,19870.5,19857.75,19865.75,7198.0
2024-08-20T01:00:00Z,19865.75,19889.75,19845.0,19887.5,13085.0
2024-08-20T02:00:00Z,19887.25,19914.75,19882.0,19912.25,11744.0
2024-08-20T03:00:00Z,19912.0,19912.0,19869.0,19876.25,11322.0
2024-08-20T04:00:00Z,19879.0,19894.25,19872.5,19882.5,8513.0
2024-08-20T05:00:00Z,19882.5,19897.75,19876.25,19889.5,7105.0
2024-08-20T06:00:00Z,19888.25,19903.5,19873.75,19892.25,9563.0
2024-08-20T07:00:00Z,19892.75,19930.75,19883.25,19911.0,18408.0
2024-08-20T08:00:00Z,19911.0,19913.5,19849.75,19875.5,21731.0
2024-08-20T09:00:00Z,19875.75,19899.75,19873.75,19881.5,13044.0
2024-08-20T10:00:00Z,19881.75,19892.5,19867.0,19878.0,11694.0
2024-08-20T11:00:00Z,19878.0,19890.0,19861.25,19874.25,14586.0
2024-08-20T12:00:00Z,19874.5,19879.25,19842.25,19848.0,24234.0
2024-08-20T13:00:00Z,19848.5,19924.75,19811.5,19918.75,156969.0
2024-08-20T14:00:00Z,19918.5,19923.5,19743.0,19785.5,281082.0
2024-08-20T15:00:00Z,19785.75,19853.5,19772.5,19853.0,152353.0
2024-08-20T16:00:00Z,19852.75,19858.5,19775.75,19778.25,102149.0
2024-08-20T17:00:00Z,19778.25,19812.5,19748.0,19809.5,85608.0
2024-08-20T18:00:00Z,19809.75,19868.0,19802.0,19851.5,75583.0
2024-08-20T19:00:00Z,19851.75,19859.5,19803.5,19811.0,81309.0
2024-08-20T20:00:00Z,19811.75,19832.75,19802.25,19805.25,17736.0
2024-08-20T22:00:00Z,19805.0,19817.25,19785.75,19797.0,0.0
2024-08-20T23:00:00Z,19797.5,19807.0,19786.0,19790.0,8938.0
2024-08-21T00:00:00Z,19790.0,19828.75,19789.25,19825.0,14568.0
2024-08-21T01:00:00Z,19826.0,19834.25,19813.75,19817.25,11096.0
2024-08-21T02:00:00Z,19817.5,19827.5,19807.5,19821.5,8573.0
2024-08-21T03:00:00Z,19821.5,19842.0,19820.0,19832.25,6533.0
2024-08-21T04:00:00Z,19831.0,19848.75,19830.0,19848.5,4995.0
2024-08-21T05:00:00Z,19848.75,19855.75,19827.25,19832.0,9561.0
2024-08-21T06:00:00Z,19831.75,19835.0,19807.75,19813.75,10989.0
2024-08-21T07:00:00Z,19814.0,19833.75,19799.0,19816.0,12540.0
2024-08-21T08:00:00Z,19816.0,19831.25,19794.5,19802.0,17948.0
2024-08-21T09:00:00Z,19801.75,19814.0,19790.0,19795.5,11525.0
2024-08-21T10:00:00Z,19795.75,19844.5,19795.0,19841.0,13023.0
2024-08-21T11:00:00Z,19841.0,19861.0,19824.25,19832.25,20683.0
2024-08-21T12:00:00Z,19832.75,19866.0,19822.75,19838.75,24388.0
2024-08-21T13:00:00Z,19839.25,19884.5,19813.25,19879.75,140738.0
2024-08-21T14:00:00Z,19879.5,19982.0,19803.25,19834.5,328346.0
2024-08-21T15:00:00Z,19834.5,19894.5,19801.5,19824.75,162085.0
2024-08-21T16:00:00Z,19824.25,19879.5,19771.25,19870.5,103351.0
2024-08-21T17:00:00Z,19870.75,19901.0,19854.5,19893.5,62400.0
2024-08-21T18:00:00Z,19893.75,19953.0,19878.25,19904.25,130456.0
2024-08-21T19:00:00Z,19904.5,19923.0,19832.5,19905.75,119626.0
2024-08-21T20:00:00Z,19905.75,19926.25,19881.25,19915.75,23571.0
2024-08-21T22:00:00Z,19917.75,19944.0,19912.75,19935.0,0.0
2024-08-21T23:00:00Z,19935.25,19939.75,19924.0,19936.5,7322.0
2024-08-22T00:00:00Z,19936.25,19946.0,19926.0,19930.0,8798.0
2024-08-22T01:00:00Z,19929.0,19935.0,19918.0,19926.5,7155.0
2024-08-22T02:00:00Z,19926.75,19927.0,19877.75,19885.5,14875.0
2024-08-22T03:00:00Z,19885.75,19889.5,19865.75,19880.25,10156.0
2024-08-22T04:00:00Z,19892.25,19902.5,19876.0,19900.75,8353.0
2024-08-22T05:00:00Z,19900.75,19907.75,19892.5,19893.0,7191.0
2024-08-22T06:00:00Z,19892.75,19918.75,19887.0,19917.0,8966.0
2024-08-22T07:00:00Z,19916.75,19931.0,19898.25,19918.25,13513.0
2024-08-22T08:00:00Z,19918.0,19924.0,19902.25,19917.25,10111.0
2024-08-22T09:00:00Z,19917.25,19936.0,19912.5,19915.25,9095.0
2024-08-22T10:00:00Z,19915.75,19959.0,19914.5,19956.5,13887.0
2024-08-22T11:00:00Z,19955.75,19987.75,19951.5,19976.75,22345.0
2024-08-22T12:00:00Z,19976.75,19994.5,19938.0,19984.5,48933.0
2024-08-22T13:00:00Z,19984.5,20025.75,19944.5,19976.5,169664.0
2024-08-22T14:00:00Z,19976.25,19986.5,19854.5,19877.5,240595.0
2024-08-22T15:00:00Z,19878.25,19915.25,19664.0,19711.0,248483.0
2024-08-22T16:00:00Z,19711.0,19831.25,19692.0,19707.25,176631.0
2024-08-22T17:00:00Z,19707.5,19738.75,19586.75,19607.5,179969.0
2024-08-22T18:00:00Z,19607.75,19675.0,19581.75,19610.5,125763.0
2024-08-22T19:00:00Z,19610.5,19666.0,19542.0,19584.75,159711.0
2024-08-22T20:00:00Z,19584.75,19630.0,19566.5,19612.0,25374.0
2024-08-22T22:00:00Z,19621.25,19638.75,19610.75,19632.0,0.0
2024-08-22T23:00:00Z,19632.0,19640.0,19618.75,19638.75,8789.0
2024-08-23T00:00:00Z,19638.75,19658.5,19632.25,19637.0,12275.0
2024-08-23T01:00:00Z,19637.5,19659.0,19634.25,19645.0,10755.0
2024-08-23T02:00:00Z,19644.75,19657.25,19640.0,19650.0,7665.0
2024-08-23T03:00:00Z,19650.0,19680.75,19646.25,19667.0,8624.0
2024-08-23T04:00:00Z,19682.0,19691.5,19675.5,19678.75,8704.0
2024-08-23T05:00:00Z,19678.25,19700.75,19676.75,19683.0,9361.0
2024-08-23T06:00:00Z,19683.25,19695.5,19671.75,19692.25,9390.0
2024-08-23T07:00:00Z,19692.25,19708.5,19679.0,19679.25,13472.0
2024-08-23T08:00:00Z,19679.75,19714.0,19672.0,19713.5,12650.0
2024-08-23T09:00:00Z,19713.5,19720.25,19686.5,19715.5,11313.0
2024-08-23T10:00:00Z,19716.0,19754.75,19716.0,19740.0,16339.0
2024-08-23T11:00:00Z,19740.25,19746.5,19721.25,19738.0,15522.0
2024-08-23T12:00:00Z,19737.5,19760.25,19718.5,19757.25,22789.0
2024-08-23T13:00:00Z,19757.25,19778.5,19706.5,19744.75,129115.0
2024-08-23T14:00:00Z,19757.25,19903.25,19622.75,19720.25,427159.0
2024-08-23T15:00:00Z,19720.0,19818.5,19662.5,19716.5,215484.0
2024-08-23T16:00:00Z,19717.5,19725.25,19592.0,19680.5,163740.0
2024-08-23T17:00:00Z,19681.0,19769.0,19666.0,19732.75,87859.0
2024-08-23T18:00:00Z,19732.75,19766.25,19722.5,19738.75,63208.0
2024-08-23T19:00:00Z,19739.0,19812.5,19705.25,19789.5,108208.0
2024-08-23T20:00:00Z,19789.0,19797.75,19772.25,19777.75,18239.0
2024-08-25T22:00:00Z,19788.0,19831.25,19730.25,19737.5,21325.0
2024-08-25T23:00:00Z,19737.5,19763.75,19716.25,19763.0,19194.0
2024-08-26T00:00:00Z,19763.25,19815.25,19751.5,19806.25,22022.0
2024-08-26T01:00:00Z,19806.5,19832.0,19800.25,19803.5,15702.0
2024-08-26T02:00:00Z,19803.75,19811.25,19782.0,19789.75,10628.0
2024-08-26T03:00:00Z,19790.25,19802.5,19752.75,19762.75,12987.0
2024-08-26T04:00:00Z,19763.5,19781.5,19754.5,19776.5,8665.0
2024-08-26T05:00:00Z,19776.0,19795.5,19763.75,19785.0,9166.0
2024-08-26T06:00:00Z,19785.0,19809.0,19777.5,19787.25,10561.0
2024-08-26T07:00:00Z,19788.0,19837.0,19781.5,19826.75,18063.0
2024-08-26T08:00:00Z,19829.25,19846.25,19812.75,19842.75,14199.0
2024-08-26T09:00:00Z,19843.0,19844.0,19821.25,19837.5,8314.0
2024-08-26T10:00:00Z,19837.0,19844.5,19798.75,19809.5,15161.0
2024-08-26T11:00:00Z,19808.75,19817.25,19745.0,19774.5,28417.0
2024-08-26T12:00:00Z,19774.25,19790.5,19748.5,19774.75,28304.0
2024-08-26T13:00:00Z,19774.5,19801.5,19711.0,19722.25,155655.0
2024-08-26T14:00:00Z,19722.25,19729.75,19506.5,19601.25,274544.0
2024-08-26T15:00:00Z,19601.0,19634.0,19546.25,19556.5,156921.0
2024-08-26T16:00:00Z,19556.0,19643.25,19539.5,19620.5,104145.0
2024-08-26T17:00:00Z,19620.0,19627.25,19523.75,19537.0,107748.0
2024-08-26T18:00:00Z,19537.0,19620.5,19514.0,19616.0,100636.0
2024-08-26T19:00:00Z,19615.5,19624.25,19556.5,19593.25,91716.0
2024-08-26T20:00:00Z,19593.75,19597.5,19548.0,19549.75,21016.0
2024-08-26T22:00:00Z,19555.25,19575.0,19520.5,19537.0,0.0
2024-08-26T23:00:00Z,19537.5,19578.5,19532.75,19571.25,11217.0
2024-08-27T00:00:00Z,19571.25,19593.0,19549.0,19558.0,16695.0
2024-08-27T01:00:00Z,19557.75,19575.75,19543.5,19570.25,14356.0
2024-08-27T02:00:00Z,19570.0,19604.5,19564.75,19594.25,11107.0
2024-08-27T03:00:00Z,19593.75,19606.5,19586.75,19595.25,8362.0
2024-08-27T04:00:00Z,19585.75,19609.0,19584.75,19605.0,6508.0
2024-08-27T05:00:00Z,19604.5,19622.0,19604.25,19619.25,7700.0
2024-08-27T06:00:00Z,19612.25,19616.75,19596.0,19607.75,8336.0
2024-08-27T07:00:00Z,19608.75,19619.25,19583.5,19615.5,14777.0
2024-08-27T08:00:00Z,19615.25,19647.0,19611.0,19618.75,17048.0
2024-08-27T09:00:00Z,19619.25,19646.75,19617.25,19632.5,9862.0
2024-08-27T10:00:00Z,19632.0,19636.5,19558.0,19577.0,22967.0
2024-08-27T11:00:00Z,19577.0,19614.25,19559.5,19596.0,22851.0
2024-08-27T12:00:00Z,19596.25,19596.25,19502.5,19513.5,47153.0
2024-08-27T13:00:00Z,19513.25,19570.75,19441.75,19542.75,232028.0
2024-08-27T14:00:00Z,19542.75,19673.5,19530.75,19669.25,220661.0
2024-08-27T15:00:00Z,19669.0,19694.5,19577.75,19610.5,150613.0
2024-08-27T16:00:00Z,19610.25,19648.0,19583.0,19625.0,95804.0
2024-08-27T17:00:00Z,19625.5,19690.75,19617.0,19686.75,75944.0
2024-08-27T18:00:00Z,19686.75,19692.75,19640.0,19656.0,62520.0
2024-08-27T19:00:00Z,19656.25,19668.75,19630.5,19651.25,71758.0
2024-08-27T20:00:00Z,19651.5,19661.75,19626.25,19636.25,14693.0
2024-08-27T22:00:00Z,19638.0,19646.25,19576.25,19595.75,0.0
2024-08-27T23:00:00Z,19595.0,19607.5,19560.0,19587.0,15023.0
2024-08-28T00:00:00Z,19587.75,19604.75,19579.0,19602.5,12791.0
2024-08-28T01:00:00Z,19603.0,19611.75,19582.5,19609.0,11348.0
2024-08-28T02:00:00Z,19608.5,19629.25,19598.5,19622.25,9749.0
2024-08-28T03:00:00Z,19621.0,19625.5,19610.75,19619.25,4784.0
2024-08-28T04:00:00Z,19617.5,19635.25,19617.5,19630.75,5511.0
2024-08-28T05:00:00Z,19630.25,19635.25,19618.0,19633.5,8109.0
2024-08-28T06:00:00Z,19632.25,19653.75,19629.0,19645.5,8403.0
2024-08-28T07:00:00Z,19645.75,19654.5,19624.0,19646.25,11346.0
2024-08-28T08:00:00Z,19646.75,19690.0,19624.5,19682.0,17820.0
2024-08-28T09:00:00Z,19682.5,19690.0,19659.75,19667.0,11854.0
2024-08-28T10:00:00Z,19667.75,19676.75,19656.25,19662.5,11009.0
2024-08-28T11:00:00Z,19662.75,19667.5,19610.0,19618.75,22323.0
2024-08-28T12:00:00Z,19618.5,19647.0,19605.0,19642.5,27139.0
2024-08-28T13:00:00Z,19642.5,19656.75,19530.5,19557.75,197515.0
2024-08-28T14:00:00Z,19557.5,19593.5,19454.25,19455.0,226799.0
2024-08-28T15:00:00Z,19455.0,19455.0,19339.25,19427.0,197984.0
2024-08-28T16:00:00Z,19427.0,19463.0,19361.5,19453.5,113190.0
2024-08-28T17:00:00Z,19452.75,19469.25,19291.25,19297.75,115831.0
2024-08-28T18:00:00Z,19297.5,19435.25,19277.75,19429.75,109473.0
2024-08-28T19:00:00Z,19429.5,19481.25,19407.5,19421.25,136633.0
2024-08-28T20:00:00Z,19420.75,19457.25,19227.0,19415.75,104934.0
2024-08-28T22:00:00Z,19240.75,19266.0,19139.0,19184.75,0.0
2024-08-28T23:00:00Z,19184.5,19204.5,19173.0,19192.75,16295.0
2024-08-29T00:00:00Z,19193.25,19255.5,19191.0,19241.0,24085.0
2024-08-29T01:00:00Z,19241.25,19253.0,19215.5,19230.25,15879.0
2024-08-29T02:00:00Z,19230.0,19268.75,19218.0,19260.25,12363.0
2024-08-29T03:00:00Z,19260.75,19278.5,19259.5,19272.5,9571.0
2024-08-29T04:00:00Z,19280.0,19298.25,19277.0,19291.75,11998.0
2024-08-29T05:00:00Z,19291.5,19329.25,19278.0,19323.25,17672.0
2024-08-29T06:00:00Z,19322.75,19350.0,19308.0,19340.0,19316.0
2024-08-29T07:00:00Z,19340.75,19393.75,19339.0,19370.0,22635.0
2024-08-29T08:00:00Z,19369.25,19425.75,19361.25,19413.25,31793.0
2024-08-29T09:00:00Z,19413.25,19505.5,19408.75,19488.0,34048.0
2024-08-29T10:00:00Z,19487.5,19516.5,19435.5,19448.25,38740.0
2024-08-29T11:00:00Z,19448.25,19491.75,19418.5,19466.25,42648.0
2024-08-29T12:00:00Z,19466.25,19513.75,19443.0,19468.75,53285.0
2024-08-29T13:00:00Z,19468.5,19651.5,19463.5,19644.25,264346.0
2024-08-29T14:00:00Z,19643.75,19692.0,19530.5,19641.0,283575.0
2024-08-29T15:00:00Z,19641.25,19686.5,19591.0,19632.0,143506.0
2024-08-29T16:00:00Z,19632.5,19689.75,19625.75,19652.75,96805.0
2024-08-29T17:00:00Z,19652.75,19653.25,19575.5,19634.0,95467.0
2024-08-29T18:00:00Z,19633.5,19633.5,19342.25,19400.75,208920.0
2024-08-29T19:00:00Z,19401.0,19466.5,19337.0,19393.25,179845.0
2024-08-29T20:00:00Z,19393.5,19455.0,19391.0,19449.5,23213.0
2024-08-29T22:00:00Z,19449.0,19462.5,19408.0,19432.5,0.0
2024-08-29T23:00:00Z,19432.25,19445.0,19422.75,19430.0,8195.0
2024-08-30T00:00:00Z,19430.5,19453.75,19393.5,19444.0,18103.0
2024-08-30T01:00:00Z,19444.25,19458.75,19424.0,19441.25,13580.0
2024-08-30T02:00:00Z,19440.5,19474.75,19438.5,19470.25,10602.0
2024-08-30T03:00:00Z,19470.5,19474.75,19433.25,19453.5,9839.0
2024-08-30T04:00:00Z,19445.25,19468.0,19435.5,19464.5,7223.0
2024-08-30T05:00:00Z,19464.25,19481.75,19451.25,19456.5,11008.0
2024-08-30T06:00:00Z,19456.25,19488.5,19452.75,19480.0,14278.0
2024-08-30T07:00:00Z,19479.0,19539.25,19460.5,19521.75,21062.0
2024-08-30T08:00:00Z,19521.5,19533.75,19503.25,19519.0,13258.0
2024-08-30T09:00:00Z,19519.0,19530.75,19510.75,19529.5,6734.0
2024-08-30T10:00:00Z,19529.0,19547.25,19498.5,19546.0,14678.0
2024-08-30T11:00:00Z,19545.75,19546.25,19513.0,19526.75,17127.0
2024-08-30T12:00:00Z,19527.25,19574.75,19508.25,19527.0,53286.0
2024-08-30T13:00:00Z,19527.25,19603.0,19513.0,19591.0,165097.0
2024-08-30T14:00:00Z,19591.5,19628.0,19466.5,19469.0,256363.0
2024-08-30T15:00:00Z,19468.75,19503.25,19414.25,19461.0,183895.0
2024-08-30T16:00:00Z,19461.75,19484.0,19370.0,19464.0,144818.0
2024-08-30T17:00:00Z,19463.25,19498.25,19438.5,19446.5,93678.0
2024-08-30T18:00:00Z,19446.75,19538.25,19433.5,19523.75,84151.0
2024-08-30T19:00:00Z,19523.75,19633.0,19493.0,19610.0,136869.0
2024-08-30T20:00:00Z,19610.0,19626.25,19591.25,19594.25,25270.0
2024-09-01T22:00:00Z,19600.0,19626.25,19569.0,19590.0,10759.0
2024-09-01T23:00:00Z,19588.5,19604.5,19583.5,19586.0,7252.0
2024-09-02T00:00:00Z,19586.5,19620.25,19582.25,19608.5,9645.0
2024-09-02T01:00:00Z,19609.0,19628.0,19609.0,19617.0,8165.0
2024-09-02T02:00:00Z,19616.25,19616.25,19589.25,19597.25,9748.0
2024-09-02T03:00:00Z,19597.75,19598.75,19575.0,19590.5,8082.0
2024-09-03T04:00:00Z,19560.75,19564.25,19548.5,19553.5,7986.0
2024-09-03T05:00:00Z,19553.5,19571.75,19544.5,19566.25,12293.0
2024-09-03T06:00:00Z,19567.0,19576.25,19519.0,19571.0,20138.0
2024-09-03T07:00:00Z,19571.0,19644.75,19570.25,19614.0,24993.0
2024-09-03T08:00:00Z,19614.5,19632.5,19496.0,19498.0,32523.0
2024-09-03T09:00:00Z,19498.75,19514.0,19445.25,19468.5,38133.0
2024-09-03T10:00:00Z,19469.0,19509.5,19453.75,19499.5,25102.0
2024-09-03T11:00:00Z,19500.0,19512.0,19457.5,19495.75,26888.0
2024-09-03T12:00:00Z,19495.75,19522.0,19476.25,19479.25,30220.0
2024-09-03T13:00:00Z,19479.0,19509.75,19330.5,19372.0,213901.0
2024-09-03T14:00:00Z,19367.25,19386.0,19157.75,19162.75,291354.0
2024-09-03T15:00:00Z,19162.5,19234.0,19142.25,19148.0,152392.0
2024-09-03T16:00:00Z,19147.75,19205.25,19125.75,19139.0,106159.0
2024-09-03T17:00:00Z,19139.0,19179.25,19104.5,19108.75,98007.0
2024-09-03T18:00:00Z,19108.75,19113.5,19030.5,19045.25,115381.0
2024-09-03T19:00:00Z,19045.25,19071.5,18911.0,19012.0,163177.0
2024-09-03T20:00:00Z,19011.75,19037.5,18969.0,18995.5,36851.0
2024-09-03T22:00:00Z,18991.0,19007.0,18946.75,18964.0,0.0
2024-09-03T23:00:00Z,18964.0,18976.0,18933.0,18957.5,17142.0
2024-09-04T00:00:00Z,18958.0,18984.75,18842.25,18850.0,43130.0
2024-09-04T01:00:00Z,18850.0,18933.0,18824.5,18888.25,47253.0
2024-09-04T02:00:00Z,18888.0,18934.5,18877.75,18894.0,26506.0
2024-09-04T03:00:00Z,18894.25,18918.25,18863.25,18880.0,20269.0
2024-09-04T04:00:00Z,18908.5,18915.5,18854.75,18865.75,17822.0
2024-09-04T05:00:00Z,18866.0,18883.25,18837.0,18854.5,23728.0
2024-09-04T06:00:00Z,18854.75,18912.25,18841.0,18844.0,35053.0
2024-09-04T07:00:00Z,18844.0,18918.0,18830.75,18899.5,33918.0
2024-09-04T08:00:00Z,18899.5,18929.25,18874.25,18908.0,23794.0
2024-09-04T09:00:00Z,18908.25,18943.25,18895.5,18922.0,19299.0
2024-09-04T10:00:00Z,18921.75,18931.0,18858.5,18861.75,21284.0
2024-09-04T11:00:00Z,18861.5,18887.25,18843.5,18872.5,25909.0
2024-09-04T12:00:00Z,18873.25,18917.25,18854.5,18910.25,35121.0
2024-09-04T13:00:00Z,18910.25,18991.0,18860.0,18971.0,188773.0
2024-09-04T14:00:00Z,18971.25,19096.0,18836.0,19092.0,287575.0
2024-09-04T15:00:00Z,19091.25,19115.0,18979.0,19009.25,171831.0
2024-09-04T16:00:00Z,19008.25,19087.75,18976.25,19065.25,109688.0
2024-09-04T17:00:00Z,19065.25,19068.0,18996.5,19005.75,87320.0
2024-09-04T18:00:00Z,19005.75,19032.0,18933.25,18937.5,101546.0
2024-09-04T19:00:00Z,18936.75,19020.0,18907.5,18957.25,117862.0
2024-09-04T20:00:00Z,18956.75,18968.75,18921.5,18962.25,21876.0
2024-09-04T22:00:00Z,18968.5,18985.25,18961.5,18974.75,0.0
2024-09-04T23:00:00Z,18975.0,18978.5,18891.5,18932.75,21062.0
2024-09-05T00:00:00Z,18931.25,19005.5,18929.0,18991.25,24739.0
2024-09-05T01:00:00Z,18990.75,19008.25,18971.0,18984.25,15733.0
2024-09-05T02:00:00Z,18983.75,18988.25,18946.75,18967.25,15471.0
2024-09-05T03:00:00Z,18967.0,18970.75,18896.0,18904.5,23213.0
2024-09-05T04:00:00Z,18915.75,18927.0,18905.0,18911.5,11033.0
2024-09-05T05:00:00Z,18911.25,18950.25,18882.5,18939.25,21170.0
2024-09-05T06:00:00Z,18938.0,18953.75,18890.75,18898.5,21331.0
2024-09-05T07:00:00Z,18898.75,19003.0,18887.75,18997.5,32644.0
2024-09-05T08:00:00Z,18997.0,18998.25,18962.5,18970.25,17327.0
2024-09-05T09:00:00Z,18970.0,18972.5,18898.0,18937.75,24967.0
2024-09-05T10:00:00Z,18937.5,18956.0,18923.25,18947.75,17261.0
2024-09-05T11:00:00Z,18947.25,18967.0,18908.75,18917.0,29242.0
2024-09-05T12:00:00Z,18916.25,18942.0,18828.0,18889.75,91307.0
2024-09-05T13:00:00Z,18890.25,19062.0,18881.0,19051.25,193960.0
2024-09-05T14:00:00Z,19051.0,19150.25,18980.25,18983.25,287172.0
2024-09-05T15:00:00Z,18983.5,18991.5,18842.0,18860.5,197304.0
2024-09-05T16:00:00Z,18861.0,18963.25,18856.5,18932.75,110717.0
2024-09-05T17:00:00Z,18933.0,19015.25,18887.25,19012.25,90605.0
2024-09-05T18:00:00Z,19012.25,19040.75,18982.5,18989.5,72420.0
2024-09-05T19:00:00Z,18989.25,18998.5,18898.25,18975.75,120396.0
2024-09-05T20:00:00Z,18975.5,19032.0,18903.0,18923.75,35376.0
2024-09-05T22:00:00Z,18920.0,18934.25,18902.0,18920.0,0.0
2024-09-05T23:00:00Z,18920.75,18922.75,18891.25,18912.5,9228.0
2024-09-06T00:00:00Z,18911.5,18915.5,18834.0,18837.0,24073.0
2024-09-06T01:00:00Z,18837.75,18881.0,18790.5,18876.0,36283.0
2024-09-06T02:00:00Z,18875.75,18898.0,18865.25,18890.25,16506.0
2024-09-06T03:00:00Z,18890.75,18906.75,18863.0,18876.25,17895.0
2024-09-06T04:00:00Z,18867.5,18898.25,18867.5,18895.0,11758.0
2024-09-06T05:00:00Z,18895.0,18896.0,18830.75,18872.5,20692.0
2024-09-06T06:00:00Z,18873.25,18886.25,18828.0,18844.75,23670.0
2024-09-06T07:00:00Z,18845.0,18845.5,18707.25,18778.75,52407.0
2024-09-06T08:00:00Z,18778.5,18792.0,18710.5,18726.75,30404.0
2024-09-06T09:00:00Z,18726.5,18766.0,18703.75,18761.0,21630.0
2024-09-06T10:00:00Z,18760.75,18765.0,18722.0,18738.75,18399.0
2024-09-06T11:00:00Z,18738.75,18787.75,18738.75,18782.75,25696.0
2024-09-06T12:00:00Z,18783.0,18959.25,18723.0,18934.75,146689.0
2024-09-06T13:00:00Z,18934.5,18972.5,18741.5,18745.5,278354.0
2024-09-06T14:00:00Z,18745.75,18789.0,18505.0,18533.75,319575.0
2024-09-06T15:00:00Z,18534.0,18643.5,18445.25,18461.5,246299.0
2024-09-06T16:00:00Z,18461.0,18498.5,18428.75,18450.75,120203.0
2024-09-06T17:00:00Z,18450.75,18545.75,18439.0,18478.0,113419.0
2024-09-06T18:00:00Z,18478.0,18494.25,18432.25,18481.25,87323.0
2024-09-06T19:00:00Z,18480.5,18533.25,18436.0,18458.25,121674.0
2024-09-06T20:00:00Z,18458.0,18460.5,18337.25,18366.5,40135.0
2024-09-08T22:00:00Z,18399.5,18444.0,18388.5,18416.0,20759.0
2024-09-08T23:00:00Z,18416.0,18462.25,18386.75,18446.5,24381.0
2024-09-09T00:00:00Z,18447.5,18505.0,18441.5,18480.25,24554.0
2024-09-09T01:00:00Z,18479.75,18526.25,18479.75,18512.75,20674.0
2024-09-09T02:00:00Z,18513.5,18527.0,18497.5,18519.25,11891.0
2024-09-09T03:00:00Z,18519.75,18542.0,18516.5,18535.75,10879.0
2024-09-09T04:00:00Z,18538.25,18584.75,18535.25,18568.25,18498.0
2024-09-09T05:00:00Z,18569.0,18573.75,18542.5,18553.5,16356.0
2024-09-09T06:00:00Z,18553.25,18582.0,18546.75,18574.0,16902.0
2024-09-09T07:00:00Z,18575.25,18622.0,18567.5,18619.75,25014.0
2024-09-09T08:00:00Z,18619.75,18621.25,18582.0,18609.75,23077.0
2024-09-09T09:00:00Z,18609.0,18636.25,18600.25,18627.0,18585.0
2024-09-09T10:00:00Z,18626.25,18646.75,18596.5,18607.75,20995.0
2024-09-09T11:00:00Z,18607.0,18639.0,18587.0,18596.5,26412.0
2024-09-09T12:00:00Z,18596.25,18611.0,18565.5,18604.75,36243.0
2024-09-09T13:00:00Z,18604.5,18697.5,18591.25,18687.5,174213.0
2024-09-09T14:00:00Z,18687.25,18720.5,18517.25,18517.5,261951.0
2024-09-09T15:00:00Z,18517.5,18644.75,18497.25,18644.0,165773.0
2024-09-09T16:00:00Z,18644.25,18718.25,18631.75,18711.0,103226.0
2024-09-09T17:00:00Z,18711.5,18730.0,18629.5,18639.75,111367.0
2024-09-09T18:00:00Z,18639.5,18642.25,18566.5,18603.75,115631.0
2024-09-09T19:00:00Z,18604.0,18698.0,18581.0,18688.75,117607.0
2024-09-09T20:00:00Z,18688.5,18735.0,18678.75,18724.25,23893.0
2024-09-09T22:00:00Z,18723.75,18742.0,18696.5,18698.5,0.0
2024-09-09T23:00:00Z,18699.0,18727.25,18695.0,18713.0,9975.0
2024-09-10T00:00:00Z,18713.0,18716.5,18637.25,18680.0,25268.0
2024-09-10T01:00:00Z,18680.75,18696.0,18662.0,18693.5,16541.0
2024-09-10T02:00:00Z,18693.5,18693.75,18650.5,18672.75,13002.0
2024-09-10T03:00:00Z,18672.5,18676.75,18637.25,18652.25,10993.0
2024-09-10T04:00:00Z,18656.5,18657.75,18612.0,18617.0,13561.0
2024-09-10T05:00:00Z,18617.75,18647.25,18612.75,18623.5,14319.0
2024-09-10T06:00:00Z,18624.25,18641.5,18604.0,18633.5,12783.0
2024-09-10T07:00:00Z,18634.5,18682.5,18613.0,18680.5,23958.0
2024-09-10T08:00:00Z,18679.75,18693.0,18636.75,18644.5,19875.0
2024-09-10T09:00:00Z,18644.0,18650.75,18582.5,18638.5,27257.0
2024-09-10T10:00:00Z,18638.5,18680.5,18615.75,18650.75,25367.0
2024-09-10T11:00:00Z,18650.5,18705.75,18650.0,18698.25,30940.0
2024-09-10T12:00:00Z,18697.75,18769.5,18693.5,18759.25,42165.0
2024-09-10T13:00:00Z,18758.5,18821.75,18721.5,18762.5,209643.0
2024-09-10T14:00:00Z,18762.75,18816.5,18673.5,18728.75,293419.0
2024-09-10T15:00:00Z,18728.5,18790.5,18621.5,18623.75,181926.0
2024-09-10T16:00:00Z,18623.5,18719.25,18589.75,18688.5,151999.0
2024-09-10T17:00:00Z,18688.0,18795.5,18684.0,18787.25,108600.0
2024-09-10T18:00:00Z,18787.25,18847.25,18786.75,18823.5,95681.0
2024-09-10T19:00:00Z,18823.25,18876.75,18818.5,18855.5,92943.0
2024-09-10T20:00:00Z,18855.25,18865.25,18820.0,18837.75,21516.0
2024-09-10T22:00:00Z,18841.75,18847.25,18825.0,18844.0,0.0
2024-09-10T23:00:00Z,18844.25,18857.25,18822.25,18837.0,9367.0
2024-09-11T00:00:00Z,18837.5,18844.5,18802.25,18812.0,16357.0
2024-09-11T01:00:00Z,18811.75,18825.75,18748.0,18777.5,36003.0
2024-09-11T02:00:00Z,18778.0,18799.75,18766.5,18786.0,17228.0
2024-09-11T03:00:00Z,18785.5,18799.5,18733.0,18750.75,20003.0
2024-09-11T04:00:00Z,18743.25,18747.5,18720.0,18733.25,16519.0
2024-09-11T05:00:00Z,18733.5,18754.5,18704.75,18751.25,17924.0
2024-09-11T06:00:00Z,18750.75,18804.75,18746.25,18788.25,21846.0
2024-09-11T07:00:00Z,18788.25,18825.25,18783.75,18821.5,28653.0
2024-09-11T08:00:00Z,18821.25,18823.0,18764.5,18775.25,28167.0
2024-09-11T09:00:00Z,18775.75,18814.25,18766.75,18807.25,16250.0
2024-09-11T10:00:00Z,18807.25,18814.25,18788.5,18803.0,13570.0
2024-09-11T11:00:00Z,18803.5,18841.0,18792.75,18835.5,18487.0
2024-09-11T12:00:00Z,18834.75,18875.75,18730.75,18860.5,101228.0
2024-09-11T13:00:00Z,18860.5,18929.25,18773.25,18791.5,247921.0
2024-09-11T14:00:00Z,18792.0,18815.75,18547.75,18604.0,325067.0
2024-09-11T15:00:00Z,18604.0,18820.0,18568.25,18789.25,217909.0
2024-09-11T16:00:00Z,18789.25,18940.75,18784.25,18912.5,190376.0
2024-09-11T17:00:00Z,18912.5,19071.5,18907.75,19040.25,145837.0
2024-09-11T18:00:00Z,19040.25,19180.0,19031.75,19127.5,132954.0
2024-09-11T19:00:00Z,19127.75,19293.5,19098.0,19254.75,139242.0
2024-09-11T20:00:00Z,19255.25,19268.5,19229.25,19246.25,28605.0
2024-09-11T22:00:00Z,19246.0,19250.0,19228.0,19245.25,0.0
2024-09-11T23:00:00Z,19245.25,19249.5,19234.25,19244.25,5813.0
2024-09-12T00:00:00Z,19244.5,19284.0,19233.75,19251.5,15981.0
2024-09-12T01:00:00Z,19250.75,19289.75,19237.25,19278.25,17046.0
2024-09-12T02:00:00Z,19277.25,19305.0,19263.25,19280.0,13990.0
2024-09-12T03:00:00Z,19279.5,19310.0,19269.0,19309.0,10483.0
2024-09-12T04:00:00Z,19304.5,19325.0,19299.0,19314.0,9003.0
2024-09-12T05:00:00Z,19313.75,19329.25,19301.75,19311.25,11022.0
2024-09-12T06:00:00Z,19310.0,19342.5,19299.75,19303.0,16212.0
2024-09-12T07:00:00Z,19303.0,19340.0,19272.0,19282.0,37768.0
2024-09-12T08:00:00Z,19282.25,19316.25,19260.0,19299.25,23995.0
2024-09-12T09:00:00Z,19299.25,19332.5,19290.25,19295.0,13883.0
2024-09-12T10:00:00Z,19295.0,19310.25,19282.25,19288.25,12747.0
2024-09-12T11:00:00Z,19287.75,19303.75,19272.75,19298.5,15505.0
2024-09-12T12:00:00Z,19298.75,19329.25,19248.5,19258.75,62532.0
2024-09-12T13:00:00Z,19258.75,19289.5,19185.5,19257.25,235565.0
2024-09-12T14:00:00Z,19257.75,19366.0,19220.5,19280.0,277393.0
2024-09-12T15:00:00Z,19280.0,19388.25,19246.75,19265.5,199937.0
2024-09-12T16:00:00Z,19265.25,19385.75,19257.75,19381.5,121043.0
2024-09-12T17:00:00Z,19381.25,19468.75,19368.0,19465.75,112059.0
2024-09-12T18:00:00Z,19466.5,19483.25,19357.5,19453.5,141116.0
2024-09-12T19:00:00Z,19454.25,19464.5,19410.25,19451.5,111644.0
2024-09-12T20:00:00Z,19451.75,19459.0,19401.5,19413.25,27229.0
2024-09-12T22:00:00Z,19410.0,19446.5,19410.0,19442.25,0.0
2024-09-12T23:00:00Z,19442.5,19470.25,19442.0,19452.5,9971.0
2024-09-13T00:00:00Z,19452.75,19473.25,19443.75,19455.25,13959.0
2024-09-13T01:00:00Z,19455.25,19459.0,19434.0,19443.5,13899.0
2024-09-13T02:00:00Z,19443.0,19447.0,19420.0,19425.25,9878.0
2024-09-13T03:00:00Z,19425.25,19453.25,19424.25,19450.25,8064.0
2024-09-13T04:00:00Z,19443.25,19454.25,19440.25,19449.0,5120.0
2024-09-13T05:00:00Z,19449.25,19488.5,19444.25,19445.25,12438.0
2024-09-13T06:00:00Z,19445.25,19451.5,19430.5,19439.5,10210.0
2024-09-13T07:00:00Z,19440.0,19476.25,19433.5,19435.25,25157.0
2024-09-13T08:00:00Z,19435.25,19468.0,19424.5,19452.75,21234.0
2024-09-13T09:00:00Z,19452.75,19478.25,19448.25,19462.5,12016.0
2024-09-13T10:00:00Z,19462.5,19473.0,19453.0,19469.0,9262.0
2024-09-13T11:00:00Z,19469.75,19471.25,19439.0,19453.75,13613.0
2024-09-13T12:00:00Z,19453.75,19466.0,19412.5,19448.0,29966.0
2024-09-13T13:00:00Z,19448.5,19503.0,19396.0,19466.75,142460.0
2024-09-13T14:00:00Z,19466.75,19534.25,19412.25,19512.5,224757.0
2024-09-13T15:00:00Z,19512.25,19544.25,19498.25,19535.5,103838.0
2024-09-13T16:00:00Z,19535.0,19560.75,19478.0,19542.75,104395.0
2024-09-13T17:00:00Z,19542.5,19577.0,19534.5,19561.25,72490.0
2024-09-13T18:00:00Z,19561.0,19573.75,19495.25,19513.25,104454.0
2024-09-13T19:00:00Z,19513.25,19552.25,19491.75,19527.5,78214.0
2024-09-13T20:00:00Z,19527.75,19528.75,19501.0,19506.0,17326.0
2024-09-15T22:00:00Z,19498.25,19527.0,19478.5,19500.75,9239.0
2024-09-15T23:00:00Z,19499.75,19546.75,19497.25,19538.5,12315.0
2024-09-16T00:00:00Z,19539.0,19544.0,19514.0,19519.75,10771.0
2024-09-16T01:00:00Z,19518.0,19527.75,19496.25,19526.5,8557.0
2024-09-16T02:00:00Z,19526.25,19531.25,19510.75,19518.75,5531.0
2024-09-16T03:00:00Z,19519.0,19532.5,19511.25,19528.75,4792.0
2024-09-16T04:00:00Z,19530.25,19532.5,19523.25,19528.0,2079.0
2024-09-16T05:00:00Z,19528.0,19531.0,19506.5,19517.5,4854.0
2024-09-16T06:00:00Z,19517.25,19518.0,19481.25,19491.5,7894.0
2024-09-16T07:00:00Z,19492.5,19521.5,19486.25,19518.5,8439.0
2024-09-16T08:00:00Z,19519.0,19543.5,19514.25,19528.25,8958.0
2024-09-16T09:00:00Z,19527.75,19538.5,19511.5,19515.25,6694.0
2024-09-16T10:00:00Z,19515.25,19516.75,19465.25,19492.25,12804.0
2024-09-16T11:00:00Z,19492.0,19494.25,19439.0,19453.0,14634.0
2024-09-16T12:00:00Z,19453.5,19460.25,19426.5,19436.75,15757.0
2024-09-16T13:00:00Z,19436.25,19464.0,19326.75,19428.75,95546.0
2024-09-16T14:00:00Z,19429.0,19462.25,19299.0,19340.25,129830.0
2024-09-16T15:00:00Z,19340.0,19411.75,19303.0,19367.25,80998.0
2024-09-16T16:00:00Z,19367.5,19388.75,19312.0,19386.75,57154.0
2024-09-16T17:00:00Z,19387.0,19436.75,19357.75,19428.75,43521.0
2024-09-16T18:00:00Z,19428.75,19440.0,19394.75,19433.75,39036.0
2024-09-16T19:00:00Z,19434.5,19452.25,19404.25,19438.0,38443.0
2024-09-16T20:00:00Z,19438.0,19441.75,19416.75,19418.25,8052.0
2024-09-16T22:00:00Z,19427.25,19464.5,19388.75,19451.25,0.0
2024-09-16T23:00:00Z,19451.25,19461.25,19438.75,19442.75,3788.0
2024-09-17T00:00:00Z,19441.5,19450.75,19418.25,19421.75,4481.0
2024-09-17T01:00:00Z,19421.25,19426.75,19402.5,19422.5,4771.0
2024-09-17T02:00:00Z,19423.5,19431.5,19413.75,19428.25,3031.0
2024-09-17T03:00:00Z,19430.0,19430.5,19406.25,19415.5,3836.0
2024-09-17T04:00:00Z,19417.0,19438.5,19415.0,19438.0,2920.0
2024-09-17T05:00:00Z,19437.5,19459.25,19437.5,19456.0,3486.0
2024-09-17T06:00:00Z,19456.5,19473.0,19442.0,19460.5,4573.0
2024-09-17T07:00:00Z,19461.0,19513.75,19458.5,19501.5,8500.0
2024-09-17T08:00:00Z,19502.25,19751.75,19496.0,19508.25,5699.0
2024-09-17T09:00:00Z,19509.0,19786.75,19507.5,19774.0,35245.0
2024-09-17T10:00:00Z,19774.5,19786.75,19515.5,19753.75,11073.0
2024-09-17T11:00:00Z,19753.25,19802.5,19506.25,19557.0,0.0
2024-09-17T12:00:00Z,19792.75,19820.0,19529.0,19562.0,14699.0
2024-09-17T13:00:00Z,19563.0,19828.75,19475.5,19759.75,229908.0
2024-09-17T14:00:00Z,19760.75,19850.5,19506.0,19769.25,196561.0
2024-09-17T15:00:00Z,19535.5,19816.25,19505.5,19774.25,118463.0
2024-09-17T16:00:00Z,19774.75,19785.25,19363.75,19402.25,0.0
2024-09-17T17:00:00Z,19403.0,19694.75,19341.25,19661.25,619464.0
2024-09-17T18:00:00Z,19661.25,19681.75,19406.0,19640.5,82330.0
2024-09-17T19:00:00Z,19640.25,19685.0,19621.0,19682.0,74517.0
2024-09-17T20:00:00Z,19682.25,19702.25,19671.5,19685.0,12764.0
2024-09-17T22:00:00Z,19686.5,19698.0,19678.75,19686.75,0.0
2024-09-17T23:00:00Z,19688.25,19708.75,19680.25,19705.5,4541.0
2024-09-18T00:00:00Z,19705.5,19710.0,19695.5,19703.25,4810.0
2024-09-18T01:00:00Z,19704.0,19715.0,19695.75,19710.5,4546.0
2024-09-18T02:00:00Z,19710.5,19715.75,19706.0,19712.0,2918.0
2024-09-18T03:00:00Z,19711.75,19712.25,19684.25,19687.25,4820.0
2024-09-18T04:00:00Z,19691.5,19700.0,19670.75,19679.75,5905.0
2024-09-18T05:00:00Z,19679.0,19695.0,19669.25,19692.5,6562.0
2024-09-18T06:00:00Z,19691.5,19720.5,19690.25,19714.5,8555.0
2024-09-18T07:00:00Z,19715.5,19727.0,19680.25,19695.75,15606.0
2024-09-18T08:00:00Z,19695.5,19697.75,19657.75,19686.5,16838.0
2024-09-18T09:00:00Z,19686.0,19711.5,19682.75,19710.25,8707.0
2024-09-18T10:00:00Z,19710.0,19714.75,19698.5,19713.25,9357.0
2024-09-18T11:00:00Z,19712.75,19729.5,19700.75,19702.25,14575.0
2024-09-18T12:00:00Z,19702.5,19733.0,19671.75,19727.25,27910.0
2024-09-18T13:00:00Z,19727.0,19738.25,19667.0,19708.5,123618.0
2024-09-18T14:00:00Z,19708.25,19725.0,19646.75,19691.25,145245.0
2024-09-18T15:00:00Z,19691.25,19708.5,19586.5,19597.25,102252.0
2024-09-18T16:00:00Z,19597.25,19712.75,19583.5,19706.75,76310.0
2024-09-18T17:00:00Z,19706.75,19731.5,19673.25,19693.25,63397.0
2024-09-18T18:00:00Z,19693.75,19899.75,19623.5,19722.5,334797.0
2024-09-18T19:00:00Z,19722.5,19773.75,19560.75,19583.25,304385.0
2024-09-18T20:00:00Z,19584.25,19663.75,19566.5,19633.25,25273.0
2024-09-18T22:00:00Z,19646.0,19687.75,19635.5,19666.75,0.0
2024-09-18T23:00:00Z,19667.0,19778.75,19642.25,19763.5,18729.0
2024-09-19T00:00:00Z,19763.25,19844.5,19703.75,19720.25,37099.0
2024-09-19T01:00:00Z,19721.25,19739.5,19677.0,19737.75,21559.0
2024-09-19T02:00:00Z,19738.0,19840.75,19731.25,19822.25,24613.0
2024-09-19T03:00:00Z,19822.0,19864.5,19799.5,19858.75,20005.0
2024-09-19T04:00:00Z,19855.0,19867.5,19847.5,19863.25,10519.0
2024-09-19T05:00:00Z,19864.25,19890.5,19842.75,19881.0,13338.0
2024-09-19T06:00:00Z,19881.0,19922.5,19863.75,19911.0,17108.0
2024-09-19T07:00:00Z,19910.75,19943.25,19874.75,19940.25,21723.0
2024-09-19T08:00:00Z,19928.75,19943.5,19900.25,19935.5,18304.0
2024-09-19T09:00:00Z,19936.75,19984.25,19924.0,19979.5,19013.0
2024-09-19T10:00:00Z,19980.0,20003.5,19965.5,19997.0,14178.0
2024-09-19T11:00:00Z,19995.75,20019.0,19977.75,20009.5,21648.0
2024-09-19T12:00:00Z,20009.75,20018.75,19990.75,20001.25,29406.0
2024-09-19T13:00:00Z,20001.0,20073.25,19963.25,20010.25,202417.0
2024-09-19T14:00:00Z,20009.25,20158.5,19998.75,20063.5,228581.0
2024-09-19T15:00:00Z,20063.75,20155.0,20049.0,20098.25,147371.0
2024-09-19T16:00:00Z,20098.75,20175.0,20092.5,20156.75,89420.0
2024-09-19T17:00:00Z,20156.5,20203.0,20137.0,20193.25,75346.0
2024-09-19T18:00:00Z,20193.25,20201.75,20106.25,20148.75,95045.0
2024-09-19T19:00:00Z,20148.75,20152.25,20064.25,20081.5,133920.0
2024-09-19T20:00:00Z,20082.25,20092.5,20050.0,20063.25,23811.0
2024-09-19T22:00:00Z,20070.0,20074.75,20031.25,20049.5,0.0
2024-09-19T23:00:00Z,20049.75,20070.75,20042.0,20049.25,9160.0
2024-09-20T00:00:00Z,20048.5,20056.25,20023.5,20036.5,13956.0
2024-09-20T01:00:00Z,20035.75,20062.75,20032.5,20055.25,9819.0
2024-09-20T02:00:00Z,20053.75,20071.25,20020.25,20027.25,13327.0
2024-09-20T03:00:00Z,20027.25,20055.5,20021.75,20051.0,8669.0
2024-09-20T04:00:00Z,20050.75,20063.5,20042.5,20057.75,6421.0
2024-09-20T05:00:00Z,20058.25,20058.25,20028.5,20047.5,9541.0
2024-09-20T06:00:00Z,20047.25,20054.5,20026.5,20031.75,10582.0
2024-09-20T07:00:00Z,20031.25,20069.75,20023.5,20058.5,17964.0
2024-09-20T08:00:00Z,20058.75,20064.0,20007.25,20022.0,20949.0
2024-09-20T09:00:00Z,20022.0,20041.5,20007.25,20012.0,13362.0
2024-09-20T10:00:00Z,20012.25,20021.75,19981.25,19992.0,19116.0
2024-09-20T11:00:00Z,19992.25,20019.75,19982.25,20018.25,20615.0
2024-09-20T12:00:00Z,20018.5,20075.0,20014.0,20064.0,39465.0
2024-09-20T13:00:00Z,20064.0,20076.5,19991.25,20001.75,186847.0
2024-09-20T14:00:00Z,20001.25,20026.25,19933.5,19941.5,208454.0
2024-09-20T15:00:00Z,19942.25,19988.5,19860.0,19974.5,181348.0
2024-09-20T16:00:00Z,19974.5,20036.5,19967.0,20019.0,90668.0
2024-09-20T17:00:00Z,20019.0,20030.75,19986.75,19995.5,82739.0
2024-09-20T18:00:00Z,19995.75,20003.5,19934.0,19998.0,104262.0
2024-09-20T19:00:00Z,19998.0,20084.0,19981.0,20032.25,132692.0
2024-09-20T20:00:00Z,20033.0,20038.0,19995.25,20014.5,22410.0
2024-09-22T22:00:00Z,20039.0,20048.0,19996.25,20038.0,13348.0
2024-09-22T23:00:00Z,20037.75,20066.5,20024.5,20062.25,10217.0
2024-09-23T00:00:00Z,20063.0,20137.25,20054.5,20132.25,23148.0
2024-09-23T01:00:00Z,20132.0,20149.0,20125.5,20131.25,16816.0
2024-09-23T02:00:00Z,20131.5,20160.75,20125.25,20149.5,14621.0
2024-09-23T03:00:00Z,20149.75,20164.0,20142.75,20145.0,9897.0
2024-09-23T04:00:00Z,20145.5,20160.0,20139.0,20142.75,7609.0
2024-09-23T05:00:00Z,20142.5,20144.25,20103.75,20107.75,12437.0
2024-09-23T06:00:00Z,20107.25,20108.25,20082.75,20086.25,15046.0
2024-09-23T07:00:00Z,20086.75,20088.5,19955.25,20060.25,48944.0
2024-09-23T08:00:00Z,20061.25,20072.25,20016.25,20046.25,29140.0
2024-09-23T09:00:00Z,20047.0,20083.0,20025.5,20078.5,16881.0
2024-09-23T10:00:00Z,20078.25,20091.0,20069.5,20071.25,12008.0
2024-09-23T11:00:00Z,20071.5,20084.0,20044.5,20078.75,20170.0
2024-09-23T12:00:00Z,20078.5,20096.0,20059.25,20087.5,25729.0
2024-09-23T13:00:00Z,20087.5,20106.0,20031.75,20066.0,145330.0
2024-09-23T14:00:00Z,20066.25,20126.75,20044.0,20096.25,216199.0
2024-09-23T15:00:00Z,20096.5,20126.0,20047.0,20105.25,130341.0
2024-09-23T16:00:00Z,20105.25,20107.75,20035.75,20046.0,108959.0
2024-09-23T17:00:00Z,20046.0,20077.25,20018.5,20073.5,81478.0
2024-09-23T18:00:00Z,20073.5,20085.5,20056.75,20081.25,56133.0
2024-09-23T19:00:00Z,20082.0,20089.0,20053.25,20076.5,67789.0
2024-09-23T20:00:00Z,20076.5,20085.75,20054.25,20063.25,13658.0
2024-09-23T22:00:00Z,20065.25,20067.75,20045.0,20051.25,0.0
2024-09-23T23:00:00Z,20051.5,20072.75,20041.75,20068.75,7137.0
2024-09-24T00:00:00Z,20068.5,20077.5,20039.0,20057.5,12805.0
2024-09-24T01:00:00Z,20058.0,20095.75,20047.5,20050.0,19578.0
2024-09-24T02:00:00Z,20050.5,20052.0,20022.5,20045.0,15226.0
2024-09-24T03:00:00Z,20045.0,20056.5,20033.0,20050.25,7261.0
2024-09-24T04:00:00Z,20047.5,20074.75,20045.25,20074.25,7875.0
2024-09-24T05:00:00Z,20074.0,20109.75,20074.0,20104.0,13852.0
2024-09-24T06:00:00Z,20105.0,20140.0,20096.0,20128.75,14521.0
2024-09-24T07:00:00Z,20128.75,20153.75,20093.0,20152.75,22752.0
2024-09-24T08:00:00Z,20152.0,20179.25,20133.5,20165.25,24000.0
2024-09-24T09:00:00Z,20164.0,20165.5,20122.5,20131.5,17812.0
2024-09-24T10:00:00Z,20131.25,20155.5,20113.25,20116.5,16728.0
2024-09-24T11:00:00Z,20116.5,20127.0,20050.5,20105.0,43156.0
2024-09-24T12:00:00Z,20106.0,20124.5,20086.0,20113.25,30215.0
2024-09-24T13:00:00Z,20113.0,20154.0,20081.75,20089.25,132524.0
2024-09-24T14:00:00Z,20092.25,20092.5,19952.0,20074.0,262456.0
2024-09-24T15:00:00Z,20073.75,20214.75,20069.0,20187.0,163627.0
2024-09-24T16:00:00Z,20187.75,20214.25,20160.25,20162.5,95445.0
2024-09-24T17:00:00Z,20162.5,20194.0,20150.5,20165.0,69079.0
2024-09-24T18:00:00Z,20165.5,20176.0,20108.75,20148.0,81698.0
2024-09-24T19:00:00Z,20147.5,20174.5,20139.0,20170.25,65273.0
2024-09-24T20:00:00Z,20170.5,20189.5,20162.25,20185.5,17213.0
2024-09-24T22:00:00Z,20184.25,20188.5,20173.5,20185.75,0.0
2024-09-24T23:00:00Z,20186.0,20192.5,20177.5,20179.75,5279.0
2024-09-25T00:00:00Z,20180.0,20183.5,20136.0,20142.25,14692.0
2024-09-25T01:00:00Z,20142.25,20156.0,20116.75,20125.75,16342.0
2024-09-25T02:00:00Z,20125.25,20138.25,20117.5,20121.75,8878.0
2024-09-25T03:00:00Z,20121.75,20142.0,20109.5,20124.5,12459.0
2024-09-25T04:00:00Z,20130.5,20140.0,20124.25,20129.25,6433.0
2024-09-25T05:00:00Z,20128.75,20139.75,20088.25,20098.5,14119.0
2024-09-25T06:00:00Z,20098.5,20105.0,20069.75,20072.25,17789.0
2024-09-25T07:00:00Z,20073.25,20115.75,20063.75,20108.5,21685.0
2024-09-25T08:00:00Z,20108.5,20115.0,20086.5,20096.5,16523.0
2024-09-25T09:00:00Z,20097.0,20112.25,20080.0,20108.75,12162.0
2024-09-25T10:00:00Z,20108.75,20136.25,20108.0,20131.0,17792.0
2024-09-25T11:00:00Z,20131.5,20140.75,20120.75,20140.75,14409.0
2024-09-25T12:00:00Z,20140.25,20156.25,20125.0,20149.0,22085.0
2024-09-25T13:00:00Z,20149.0,20233.75,20138.25,20232.25,151878.0
2024-09-25T14:00:00Z,20232.0,20272.75,20204.75,20229.5,185056.0
2024-09-25T15:00:00Z,20229.5,20245.5,20179.25,20206.75,139385.0
2024-09-25T16:00:00Z,20207.0,20216.25,20170.0,20178.5,90960.0
2024-09-25T17:00:00Z,20179.0,20203.25,20135.5,20200.5,105975.0
2024-09-25T18:00:00Z,20200.25,20206.75,20145.25,20190.0,75176.0
2024-09-25T19:00:00Z,20190.25,20200.0,20173.0,20195.25,57475.0
2024-09-25T20:00:00Z,20194.5,20246.0,20188.0,20241.5,23427.0
2024-09-25T22:00:00Z,20241.75,20255.5,20229.0,20247.75,0.0
2024-09-25T23:00:00Z,20248.0,20284.25,20241.0,20277.75,11352.0
2024-09-26T00:00:00Z,20277.25,20315.75,20276.0,20296.75,19817.0
2024-09-26T01:00:00Z,20297.0,20322.5,20287.25,20317.75,13464.0
2024-09-26T02:00:00Z,20317.75,20332.0,20310.0,20327.0,10576.0
2024-09-26T03:00:00Z,20326.5,20370.0,20325.0,20361.25,15290.0
2024-09-26T04:00:00Z,20362.0,20380.75,20361.25,20379.0,10780.0
2024-09-26T05:00:00Z,20379.25,20421.5,20363.75,20418.25,19876.0
2024-09-26T06:00:00Z,20418.0,20466.5,20417.5,20458.0,29010.0
2024-09-26T07:00:00Z,20457.5,20500.0,20450.0,20484.0,27392.0
2024-09-26T08:00:00Z,20483.75,20488.75,20455.5,20467.25,23580.0
2024-09-26T09:00:00Z,20467.0,20477.75,20450.75,20469.25,13038.0
2024-09-26T10:00:00Z,20469.0,20498.25,20462.5,20497.5,13324.0
2024-09-26T11:00:00Z,20497.25,20504.25,20476.25,20485.0,21485.0
2024-09-26T12:00:00Z,20485.25,20525.0,20462.25,20517.5,44799.0
2024-09-26T13:00:00Z,20517.0,20537.75,20405.0,20427.75,175295.0
2024-09-26T14:00:00Z,20427.5,20438.0,20206.0,20214.25,273745.0
2024-09-26T15:00:00Z,20214.5,20324.5,20188.0,20321.5,187514.0
2024-09-26T16:00:00Z,20320.75,20322.25,20228.0,20252.25,107870.0
2024-09-26T17:00:00Z,20251.75,20290.5,20189.25,20274.0,102132.0
2024-09-26T18:00:00Z,20274.25,20350.5,20273.5,20339.25,83415.0
2024-09-26T19:00:00Z,20339.25,20362.25,20321.0,20342.0,75684.0
2024-09-26T20:00:00Z,20341.5,20360.75,20335.75,20346.0,16766.0
2024-09-26T22:00:00Z,20344.5,20382.0,20343.25,20365.25,0.0
2024-09-26T23:00:00Z,20365.75,20368.5,20329.75,20344.0,11303.0
2024-09-27T00:00:00Z,20343.75,20345.0,20305.0,20336.0,17089.0
2024-09-27T01:00:00Z,20336.25,20342.0,20296.0,20299.25,14364.0
2024-09-27T02:00:00Z,20299.0,20308.25,20285.25,20295.5,12617.0
2024-09-27T03:00:00Z,20295.75,20324.25,20278.0,20319.75,12495.0
2024-09-27T04:00:00Z,20332.0,20350.75,20321.0,20346.5,10977.0
2024-09-27T05:00:00Z,20346.75,20358.75,20290.0,20319.25,22037.0
2024-09-27T06:00:00Z,20320.0,20333.0,20252.5,20273.75,27098.0
2024-09-27T07:00:00Z,20273.25,20308.5,20236.75,20248.5,33579.0
2024-09-27T08:00:00Z,20248.25,20322.5,20245.25,20293.0,24889.0
2024-09-27T09:00:00Z,20293.25,20323.75,20280.5,20305.5,16525.0
2024-09-27T10:00:00Z,20306.75,20322.5,20281.75,20292.5,13099.0
2024-09-27T11:00:00Z,20293.0,20346.25,20292.5,20345.75,17650.0
2024-09-27T12:00:00Z,20345.25,20396.0,20340.0,20377.0,51249.0
2024-09-27T13:00:00Z,20377.0,20392.5,20310.25,20326.25,148996.0
2024-09-27T14:00:00Z,20329.0,20375.75,20272.5,20307.75,208949.0
2024-09-27T15:00:00Z,20308.0,20312.25,20230.0,20235.75,146866.0
2024-09-27T16:00:00Z,20235.75,20268.75,20210.0,20262.0,99598.0
2024-09-27T17:00:00Z,20262.25,20284.75,20218.25,20280.0,87161.0
2024-09-27T18:00:00Z,20279.75,20293.5,20173.0,20249.25,128972.0
2024-09-27T19:00:00Z,20248.75,20254.75,20211.25,20222.75,86328.0
2024-09-27T20:00:00Z,20223.0,20227.25,20189.0,20194.0,22166.0
2024-09-29T22:00:00Z,20198.25,20245.75,20157.5,20245.25,16202.0
2024-09-29T23:00:00Z,20245.25,20282.0,20237.5,20273.0,16567.0
2024-09-30T00:00:00Z,20273.75,20286.5,20243.75,20247.0,16820.0
2024-09-30T01:00:00Z,20247.25,20248.0,20174.75,20191.5,27840.0
2024-09-30T02:00:00Z,20191.25,20192.25,20153.0,20189.25,18085.0
2024-09-30T03:00:00Z,20189.75,20223.5,20184.0,20221.0,13274.0
2024-09-30T04:00:00Z,20218.75,20226.0,20187.0,20196.25,11505.0
2024-09-30T05:00:00Z,20196.5,20204.5,20167.25,20174.25,14303.0
2024-09-30T06:00:00Z,20173.25,20197.0,20145.75,20187.75,18843.0
2024-09-30T07:00:00Z,20187.75,20247.75,20183.25,20224.75,25268.0
2024-09-30T08:00:00Z,20224.5,20225.0,20175.5,20197.25,23204.0
2024-09-30T09:00:00Z,20197.5,20212.25,20170.75,20204.25,14803.0
2024-09-30T10:00:00Z,20203.5,20218.0,20182.0,20195.75,13599.0
2024-09-30T11:00:00Z,20195.75,20198.25,20118.0,20130.0,32025.0
2024-09-30T12:00:00Z,20130.0,20176.25,20123.0,20170.75,31471.0
2024-09-30T13:00:00Z,20170.5,20264.0,20162.25,20203.75,133440.0
2024-09-30T14:00:00Z,20205.0,20221.5,20127.5,20180.0,191547.0
2024-09-30T15:00:00Z,20179.5,20234.75,20167.25,20208.0,134418.0
2024-09-30T16:00:00Z,20208.0,20254.5,20204.25,20212.5,87012.0
2024-09-30T17:00:00Z,20212.75,20218.0,20169.0,20205.5,91354.0
2024-09-30T18:00:00Z,20206.25,20212.25,20057.5,20147.0,202571.0
2024-09-30T19:00:00Z,20148.0,20286.75,20118.75,20270.75,155279.0
2024-09-30T20:00:00Z,20270.75,20275.75,20232.5,20233.5,22482.0
2024-09-30T22:00:00Z,20232.0,20247.0,20213.25,20234.75,0.0
2024-09-30T23:00:00Z,20234.75,20250.0,20221.0,20248.0,8631.0
2024-10-01T00:00:00Z,20247.0,20278.5,20222.0,20269.0,17246.0
2024-10-01T01:00:00Z,20269.25,20331.5,20269.25,20327.75,20518.0
2024-10-01T02:00:00Z,20328.25,20331.0,20282.75,20293.25,14906.0
2024-10-01T03:00:00Z,20293.25,20295.75,20268.5,20285.25,12399.0
2024-10-01T04:00:00Z,20284.0,20284.0,20252.75,20257.75,11617.0
2024-10-01T05:00:00Z,20257.75,20269.75,20233.25,20252.0,14172.0
2024-10-01T06:00:00Z,20252.0,20282.75,20243.5,20266.75,14125.0
2024-10-01T07:00:00Z,20267.25,20290.5,20215.0,20286.25,30024.0
2024-10-01T08:00:00Z,20286.0,20291.75,20251.0,20270.25,19844.0
2024-10-01T09:00:00Z,20270.25,20282.75,20255.75,20278.0,10569.0
2024-10-01T10:00:00Z,20278.25,20319.25,20271.0,20314.5,13551.0
2024-10-01T11:00:00Z,20314.5,20324.75,20256.0,20272.25,28469.0
2024-10-01T12:00:00Z,20272.0,20286.75,20253.25,20275.75,27097.0
2024-10-01T13:00:00Z,20275.0,20280.25,19978.5,20043.75,243656.0
2024-10-01T14:00:00Z,20040.0,20079.5,19867.25,19923.75,329410.0
2024-10-01T15:00:00Z,19923.5,19975.5,19818.0,19923.25,215044.0
2024-10-01T16:00:00Z,19923.0,19996.0,19855.0,19934.75,181315.0
2024-10-01T17:00:00Z,19935.0,20001.75,19844.0,19999.25,149357.0
2024-10-01T18:00:00Z,19998.5,20080.5,19996.5,20053.75,124075.0
2024-10-01T19:00:00Z,20054.25,20064.5,19953.5,19978.5,100663.0
2024-10-01T20:00:00Z,19978.25,20017.25,19952.5,19960.0,22447.0
2024-10-01T22:00:00Z,19972.0,19986.0,19903.5,19918.75,0.0
2024-10-01T23:00:00Z,19919.25,19948.5,19891.75,19933.0,18190.0
2024-10-02T00:00:00Z,19933.0,19966.75,19923.25,19949.75,21844.0
2024-10-02T01:00:00Z,19950.0,19990.0,19945.25,19985.25,16873.0
2024-10-02T02:00:00Z,19984.75,19998.5,19956.25,19967.0,15529.0
2024-10-02T03:00:00Z,19967.5,19990.75,19942.25,19984.0,15791.0
2024-10-02T04:00:00Z,19982.25,19983.25,19910.5,19929.5,16909.0
2024-10-02T05:00:00Z,19929.25,19947.0,19880.25,19921.25,22482.0
2024-10-02T06:00:00Z,19921.5,19940.5,19891.5,19931.75,21154.0
2024-10-02T07:00:00Z,19931.75,19972.75,19898.5,19952.75,28404.0
2024-10-02T08:00:00Z,19952.75,19970.5,19931.5,19945.0,17258.0
2024-10-02T09:00:00Z,19944.75,19947.25,19891.75,19912.25,18193.0
2024-10-02T10:00:00Z,19912.25,19972.0,19877.75,19958.5,25269.0
2024-10-02T11:00:00Z,19959.0,19976.5,19924.0,19933.5,26508.0
2024-10-02T12:00:00Z,19934.5,20011.5,19925.0,19980.75,50870.0
2024-10-02T13:00:00Z,19981.0,19987.0,19833.5,19915.25,227854.0
2024-10-02T14:00:00Z,19915.75,20056.75,19905.5,19996.25,256620.0
2024-10-02T15:00:00Z,19996.75,20089.5,19991.0,20060.75,152500.0
2024-10-02T16:00:00Z,20060.75,20085.0,19977.25,19980.25,109107.0
2024-10-02T17:00:00Z,19980.0,20048.75,19968.0,20044.75,109832.0
2024-10-02T18:00:00Z,20044.75,20058.5,19985.75,20024.5,80293.0
2024-10-02T19:00:00Z,20024.5,20057.5,20004.5,20009.25,76349.0
2024-10-02T20:00:00Z,20009.5,20072.5,20003.5,20059.25,19832.0
2024-10-02T22:00:00Z,20056.5,20068.25,20038.75,20044.5,0.0
2024-10-02T23:00:00Z,20044.75,20057.0,20029.5,20055.25,8658.0
2024-10-03T00:00:00Z,20055.5,20056.0,19982.25,19999.75,23667.0
2024-10-03T01:00:00Z,20000.0,20015.0,19948.5,19975.25,24191.0
2024-10-03T02:00:00Z,19975.5,19987.75,19954.0,19962.25,15625.0
2024-10-03T03:00:00Z,19962.75,19981.0,19936.0,19947.25,16830.0
2024-10-03T04:00:00Z,19951.0,19957.75,19938.5,19945.0,8133.0
2024-10-03T05:00:00Z,19945.0,19966.75,19931.0,19939.75,12468.0
2024-10-03T06:00:00Z,19938.25,19972.5,19924.5,19963.75,16833.0
2024-10-03T07:00:00Z,19962.75,19967.0,19851.0,19884.5,46587.0
2024-10-03T08:00:00Z,19885.0,19929.25,19882.75,19909.75,29247.0
2024-10-03T09:00:00Z,19910.5,19927.0,19897.75,19918.0,13869.0
2024-10-03T10:00:00Z,19917.25,19948.0,19904.5,19947.0,15090.0
2024-10-03T11:00:00Z,19946.5,19978.0,19930.0,19977.75,28195.0
2024-10-03T12:00:00Z,19978.0,19995.0,19918.0,19921.75,52941.0
2024-10-03T13:00:00Z,19921.25,20047.75,19894.5,20023.75,175425.0
2024-10-03T14:00:00Z,20024.0,20115.0,19912.75,19940.25,361861.0
2024-10-03T15:00:00Z,19941.0,20059.75,19933.0,20040.5,148319.0
2024-10-03T16:00:00Z,20040.5,20052.0,19902.25,19920.0,121743.0
2024-10-03T17:00:00Z,19920.75,19988.75,19879.0,19962.5,118676.0
2024-10-03T18:00:00Z,19963.25,19975.75,19924.75,19942.75,64084.0
2024-10-03T19:00:00Z,19943.0,20006.75,19913.75,19988.25,85958.0
2024-10-03T20:00:00Z,19988.0,20017.5,19955.0,19958.5,19010.0
2024-10-03T22:00:00Z,19971.75,19996.5,19941.25,19980.25,0.0
2024-10-03T23:00:00Z,19981.0,19991.0,19967.0,19983.5,9658.0
2024-10-04T00:00:00Z,19983.0,19985.25,19948.25,19980.75,14408.0
2024-10-04T01:00:00Z,19979.75,20051.5,19970.75,20043.75,21265.0
2024-10-04T02:00:00Z,20044.0,20070.0,20029.75,20039.5,17401.0
2024-10-04T03:00:00Z,20039.75,20044.0,20004.0,20011.75,13688.0
2024-10-04T04:00:00Z,20019.5,20035.0,19993.0,20004.0,13332.0
2024-10-04T05:00:00Z,20004.75,20030.25,20001.0,20015.25,12954.0
2024-10-04T06:00:00Z,20015.5,20019.0,19991.5,19992.75,8434.0
2024-10-04T07:00:00Z,19993.25,20040.0,19972.0,20032.5,20922.0
2024-10-04T08:00:00Z,20032.5,20043.0,19999.0,20003.0,18212.0
2024-10-04T09:00:00Z,20003.5,20040.5,19995.75,20037.5,11645.0
2024-10-04T10:00:00Z,20037.25,20078.0,20036.75,20051.0,19745.0
2024-10-04T11:00:00Z,20051.0,20085.0,20043.25,20063.25,18894.0
2024-10-04T12:00:00Z,20063.25,20246.5,20051.5,20244.75,96642.0
2024-10-04T13:00:00Z,20245.25,20263.0,20072.25,20085.5,215947.0
2024-10-04T14:00:00Z,20086.5,20129.75,20013.0,20126.25,294581.0
2024-10-04T15:00:00Z,20126.25,20160.5,20034.0,20141.25,192479.0
2024-10-04T16:00:00Z,20141.5,20182.25,20081.75,20153.75,135864.0
2024-10-04T17:00:00Z,20154.0,20171.5,20083.5,20115.5,112767.0
2024-10-04T18:00:00Z,20115.5,20171.75,20094.0,20171.0,85584.0
2024-10-04T19:00:00Z,20170.25,20245.25,20154.5,20227.0,96497.0
2024-10-04T20:00:00Z,20227.25,20234.0,20196.0,20203.75,19483.0
2024-10-06T22:00:00Z,20219.0,20268.0,20216.0,20247.5,16823.0
2024-10-06T23:00:00Z,20247.0,20265.5,20227.5,20231.0,13994.0
2024-10-07T00:00:00Z,20230.75,20236.75,20201.5,20217.5,18350.0
2024-10-07T01:00:00Z,20218.0,20264.75,20203.5,20215.5,26028.0
2024-10-07T02:00:00Z,20216.0,20236.5,20212.25,20218.0,13875.0
2024-10-07T03:00:00Z,20218.25,20228.5,20205.75,20220.0,8412.0
2024-10-07T04:00:00Z,20220.25,20234.5,20210.0,20216.75,8213.0
2024-10-07T05:00:00Z,20217.0,20220.75,20183.0,20190.5,12726.0
2024-10-07T06:00:00Z,20189.75,20214.25,20169.25,20210.0,17888.0
2024-10-07T07:00:00Z,20210.25,20210.5,20132.0,20142.75,33869.0
2024-10-07T08:00:00Z,20144.25,20165.0,20111.25,20112.75,19938.0
2024-10-07T09:00:00Z,20113.25,20114.5,20058.0,20094.75,28754.0
2024-10-07T10:00:00Z,20095.0,20104.75,20075.5,20101.0,14395.0
2024-10-07T11:00:00Z,20101.0,20118.0,20080.0,20110.75,20718.0
2024-10-07T12:00:00Z,20110.75,20143.0,20102.25,20125.0,28993.0
2024-10-07T13:00:00Z,20125.5,20163.75,20088.75,20109.5,175584.0
2024-10-07T14:00:00Z,20110.25,20187.75,20103.5,20165.0,198909.0
2024-10-07T15:00:00Z,20165.25,20175.75,20119.5,20150.75,113952.0
2024-10-07T16:00:00Z,20150.25,20167.75,20107.75,20136.25,86724.0
2024-10-07T17:00:00Z,20136.0,20163.5,20113.25,20148.75,65235.0
2024-10-07T18:00:00Z,20148.75,20153.0,19960.5,19969.5,158399.0
2024-10-07T19:00:00Z,19969.75,20028.25,19948.0,19999.0,141871.0
2024-10-07T20:00:00Z,19999.25,20034.0,19999.0,20019.0,18354.0
2024-10-07T22:00:00Z,20032.0,20034.75,19902.5,19963.75,0.0
2024-10-07T23:00:00Z,19963.75,20004.75,19953.5,19983.5,17505.0
2024-10-08T00:00:00Z,19984.25,20030.0,19984.25,20015.75,15842.0
2024-10-08T01:00:00Z,20016.0,20021.25,19955.0,19980.25,23042.0
2024-10-08T02:00:00Z,19980.75,20012.0,19955.5,19999.25,22942.0
2024-10-08T03:00:00Z,19999.25,20012.25,19970.25,19978.0,11957.0
2024-10-08T04:00:00Z,19993.75,20010.75,19988.75,20001.75,6968.0
2024-10-08T05:00:00Z,20001.5,20011.75,19965.75,19978.75,16375.0
2024-10-08T06:00:00Z,19978.5,19989.0,19953.25,19979.75,14860.0
2024-10-08T07:00:00Z,19979.25,20027.5,19942.5,20007.0,33266.0
2024-10-08T08:00:00Z,20006.25,20025.5,19985.75,20018.25,20792.0
2024-10-08T09:00:00Z,20018.25,20090.0,20018.25,20073.0,27549.0
2024-10-08T10:00:00Z,20073.0,20095.0,20054.75,20089.0,20792.0
2024-10-08T11:00:00Z,20088.75,20101.25,20069.25,20094.0,21876.0
2024-10-08T12:00:00Z,20094.25,20104.0,20057.5,20064.5,27321.0
2024-10-08T13:00:00Z,20064.5,20159.0,20056.0,20156.0,172500.0
2024-10-08T14:00:00Z,20155.75,20274.25,20155.5,20239.75,221933.0
2024-10-08T15:00:00Z,20239.75,20262.0,20211.5,20257.5,101947.0
2024-10-08T16:00:00Z,20257.25,20257.25,20200.0,20233.0,78635.0
2024-10-08T17:00:00Z,20233.0,20238.25,20164.0,20232.0,99394.0
2024-10-08T18:00:00Z,20231.5,20281.75,20223.25,20274.25,70523.0
2024-10-08T19:00:00Z,20274.25,20329.5,20255.25,20300.0,86743.0
2024-10-08T20:00:00Z,20299.75,20300.0,20276.25,20286.0,21877.0
2024-10-08T22:00:00Z,20298.0,20298.0,20271.25,20289.5,0.0
2024-10-08T23:00:00Z,20289.5,20297.0,20271.25,20273.5,6245.0
2024-10-09T00:00:00Z,20274.0,20281.0,20264.25,20277.75,7308.0
2024-10-09T01:00:00Z,20277.75,20289.5,20261.0,20275.0,13455.0
2024-10-09T02:00:00Z,20275.0,20275.0,20238.75,20246.25,15363.0
2024-10-09T03:00:00Z,20246.0,20252.0,20234.0,20235.5,8428.0
2024-10-09T04:00:00Z,20240.5,20246.25,20221.25,20231.5,6549.0
2024-10-09T05:00:00Z,20231.0,20251.75,20226.5,20231.5,13952.0
2024-10-09T06:00:00Z,20230.75,20241.5,20210.75,20231.5,13464.0
2024-10-09T07:00:00Z,20232.25,20241.5,20195.5,20227.5,21513.0
2024-10-09T08:00:00Z,20227.75,20248.0,20208.75,20243.25,18972.0
2024-10-09T09:00:00Z,20243.5,20267.75,20241.75,20263.0,13276.0
2024-10-09T10:00:00Z,20262.75,20293.0,20255.0,20281.75,13902.0
2024-10-09T11:00:00Z,20281.0,20292.0,20254.0,20257.25,16890.0
2024-10-09T12:00:00Z,20257.25,20279.75,20249.75,20271.5,28257.0
2024-10-09T13:00:00Z,20271.75,20300.75,20238.25,20266.25,161863.0
2024-10-09T14:00:00Z,20265.75,20364.0,20263.0,20361.5,194270.0
2024-10-09T15:00:00Z,20362.0,20448.5,20361.25,20445.5,120035.0
2024-10-09T16:00:00Z,20446.0,20447.25,20369.0,20395.5,109778.0
2024-10-09T17:00:00Z,20395.25,20429.5,20355.5,20399.25,77854.0
2024-10-09T18:00:00Z,20400.0,20461.0,20387.75,20433.25,86068.0
2024-10-09T19:00:00Z,20433.0,20482.25,20404.0,20458.5,95125.0
2024-10-09T20:00:00Z,20458.5,20459.25,20417.25,20449.0,25121.0
2024-10-09T22:00:00Z,20447.75,20453.75,20435.5,20448.5,0.0
2024-10-09T23:00:00Z,20448.5,20461.5,20438.25,20450.75,8164.0
2024-10-10T00:00:00Z,20450.5,20458.75,20435.5,20450.75,8256.0
2024-10-10T01:00:00Z,20451.25,20464.0,20445.5,20451.0,8541.0
2024-10-10T02:00:00Z,20450.25,20472.5,20443.5,20468.25,8111.0
2024-10-10T03:00:00Z,20468.0,20474.5,20459.0,20472.25,5888.0
2024-10-10T04:00:00Z,20468.0,20469.0,20463.0,20464.25,2820.0
2024-10-10T05:00:00Z,20464.25,20474.5,20439.25,20443.25,7348.0
2024-10-10T06:00:00Z,20443.0,20455.5,20423.5,20446.75,12211.0
2024-10-10T07:00:00Z,20447.0,20453.5,20413.0,20422.75,14843.0
2024-10-10T08:00:00Z,20422.75,20432.75,20406.0,20418.25,12703.0
2024-10-10T09:00:00Z,20419.5,20435.5,20408.75,20431.25,9941.0
2024-10-10T10:00:00Z,20431.25,20434.0,20407.75,20409.75,8824.0
2024-10-10T11:00:00Z,20409.25,20439.75,20400.75,20437.25,14025.0
2024-10-10T12:00:00Z,20437.5,20472.0,20322.25,20361.0,95335.0
2024-10-10T13:00:00Z,20361.25,20390.0,20301.25,20357.25,184715.0
2024-10-10T14:00:00Z,20357.5,20421.0,20353.5,20382.25,197042.0
2024-10-10T15:00:00Z,20382.25,20477.5,20363.0,20475.25,111682.0
2024-10-10T16:00:00Z,20474.75,20508.0,20417.0,20438.75,123055.0
2024-10-10T17:00:00Z,20439.5,20473.25,20378.25,20445.5,107859.0
2024-10-10T18:00:00Z,20445.75,20446.75,20372.0,20419.25,81485.0
2024-10-10T19:00:00Z,20419.0,20443.5,20388.75,20429.25,69365.0
2024-10-10T20:00:00Z,20429.25,20441.5,20417.0,20434.0,12052.0
2024-10-10T22:00:00Z,20441.5,20441.5,20425.25,20435.25,0.0
2024-10-10T23:00:00Z,20435.0,20464.5,20435.0,20452.0,8606.0
2024-10-11T00:00:00Z,20452.0,20463.5,20442.25,20448.0,8789.0
2024-10-11T01:00:00Z,20447.5,20464.0,20444.5,20451.25,7031.0
2024-10-11T02:00:00Z,20451.25,20459.0,20440.0,20449.0,6134.0
2024-10-11T03:00:00Z,20449.0,20468.5,20443.5,20457.0,8290.0
2024-10-11T04:00:00Z,20451.0,20453.75,20432.25,20435.5,5954.0
2024-10-11T05:00:00Z,20435.75,20436.25,20414.25,20427.25,7832.0
2024-10-11T06:00:00Z,20426.75,20433.5,20412.25,20414.5,8445.0
2024-10-11T07:00:00Z,20415.0,20418.5,20372.5,20409.75,19263.0
2024-10-11T08:00:00Z,20409.5,20412.0,20352.25,20359.5,20859.0
2024-10-11T09:00:00Z,20359.75,20382.75,20356.25,20368.5,12470.0
2024-10-11T10:00:00Z,20368.5,20390.0,20359.5,20381.5,12757.0
2024-10-11T11:00:00Z,20381.0,20387.25,20363.25,20367.25,10716.0
2024-10-11T12:00:00Z,20367.5,20416.25,20354.75,20368.75,50499.0
2024-10-11T13:00:00Z,20368.75,20379.75,20313.25,20358.5,135638.0
2024-10-11T14:00:00Z,20359.25,20481.0,20323.75,20428.25,232075.0
2024-10-11T15:00:00Z,20427.75,20472.0,20405.75,20469.25,117149.0
2024-10-11T16:00:00Z,20469.25,20471.5,20405.0,20440.5,88114.0
2024-10-11T17:00:00Z,20440.25,20452.0,20415.75,20437.0,59146.0
2024-10-11T18:00:00Z,20437.25,20475.75,20422.0,20467.5,62733.0
2024-10-11T19:00:00Z,20467.5,20494.5,20446.0,20449.0,78154.0
2024-10-11T20:00:00Z,20449.25,20453.75,20406.0,20412.25,0.0
2024-10-13T22:00:00Z,20433.75,20444.0,20406.25,20440.0,11226.0
2024-10-13T23:00:00Z,20440.5,20450.5,20422.75,20427.0,11153.0
2024-10-14T00:00:00Z,20426.75,20432.25,20411.25,20415.0,9849.0
2024-10-14T01:00:00Z,20415.75,20419.25,20394.0,20400.25,13713.0
2024-10-14T02:00:00Z,20400.5,20409.5,20382.5,20402.75,9993.0
2024-10-14T03:00:00Z,20402.25,20418.0,20390.5,20408.0,7791.0
2024-10-14T04:00:00Z,20407.75,20413.75,20403.25,20413.0,3328.0
2024-10-14T05:00:00Z,20412.5,20433.5,20411.0,20431.5,8452.0
2024-10-14T06:00:00Z,20431.5,20447.5,20425.0,20440.5,7739.0
2024-10-14T07:00:00Z,20441.0,20466.75,20424.0,20464.75,12966.0
2024-10-14T08:00:00Z,20464.75,20483.75,20455.25,20464.25,13474.0
2024-10-14T09:00:00Z,20464.25,20490.0,20464.25,20487.5,9489.0
2024-10-14T10:00:00Z,20487.75,20526.75,20487.5,20510.5,16750.0
2024-10-14T11:00:00Z,20510.75,20518.0,20498.0,20506.75,13444.0
2024-10-14T12:00:00Z,20507.0,20540.5,20502.25,20539.25,18068.0
2024-10-14T13:00:00Z,20539.0,20671.25,20538.5,20670.75,139600.0
2024-10-14T14:00:00Z,20671.5,20680.0,20551.0,20563.25,167516.0
2024-10-14T15:00:00Z,20563.0,20587.0,20525.0,20584.25,134300.0
2024-10-14T16:00:00Z,20584.0,20618.5,20578.0,20603.75,63278.0
2024-10-14T17:00:00Z,20604.25,20624.0,20591.75,20608.0,48023.0
2024-10-14T18:00:00Z,20608.0,20641.5,20596.0,20625.75,53009.0
2024-10-14T19:00:00Z,20626.0,20666.75,20613.0,20621.25,77368.0
2024-10-14T20:00:00Z,20621.5,20639.75,20602.5,20637.5,21536.0
2024-10-14T22:00:00Z,20637.5,20641.5,20614.25,20625.75,0.0
2024-10-14T23:00:00Z,20626.0,20635.75,20619.25,20631.75,5109.0
2024-10-15T00:00:00Z,20631.5,20634.5,20590.25,20602.75,12594.0
2024-10-15T01:00:00Z,20602.25,20632.0,20598.75,20628.75,10624.0
2024-10-15T02:00:00Z,20628.5,20637.5,20619.0,20622.5,5880.0
2024-10-15T03:00:00Z,20622.25,20635.0,20616.5,20632.75,5082.0
2024-10-15T04:00:00Z,20629.0,20633.5,20624.75,20629.5,2761.0
2024-10-15T05:00:00Z,20629.0,20630.75,20606.25,20608.0,6162.0
2024-10-15T06:00:00Z,20608.25,20613.25,20591.0,20591.25,8318.0
2024-10-15T07:00:00Z,20591.75,20613.75,20587.5,20602.75,12395.0
2024-10-15T08:00:00Z,20601.5,20603.5,20563.0,20581.25,19410.0
2024-10-15T09:00:00Z,20581.75,20591.75,20568.0,20585.0,11693.0
2024-10-15T10:00:00Z,20585.0,20621.75,20578.5,20608.25,18069.0
2024-10-15T11:00:00Z,20608.5,20620.75,20593.5,20613.0,16801.0
2024-10-15T12:00:00Z,20613.0,20630.5,20604.25,20624.25,22322.0
2024-10-15T13:00:00Z,20624.5,20659.25,20605.75,20629.5,152447.0
2024-10-15T14:00:00Z,20629.0,20648.0,20331.5,20399.25,340046.0
2024-10-15T15:00:00Z,20400.5,20448.0,20345.0,20350.5,165693.0
2024-10-15T16:00:00Z,20350.75,20416.25,20338.0,20376.5,90989.0
2024-10-15T17:00:00Z,20376.75,20389.5,20334.25,20358.75,77511.0
2024-10-15T18:00:00Z,20359.25,20388.75,20322.5,20330.0,74971.0
2024-10-15T19:00:00Z,20330.25,20350.75,20254.0,20343.0,140150.0
2024-10-15T20:00:00Z,20344.0,20353.0,20320.5,20334.75,17156.0
2024-10-15T22:00:00Z,20340.0,20352.25,20306.75,20350.25,0.0
2024-10-15T23:00:00Z,20350.0,20365.75,20346.5,20351.75,8856.0
2024-10-16T00:00:00Z,20352.0,20373.25,20344.25,20356.0,11909.0
2024-10-16T01:00:00Z,20356.5,20376.0,20340.5,20366.5,11205.0
2024-10-16T02:00:00Z,20367.5,20383.75,20359.75,20378.0,8759.0
2024-10-16T03:00:00Z,20378.25,20390.75,20370.0,20389.75,6469.0
2024-10-16T04:00:00Z,20392.5,20395.0,20382.25,20389.75,5832.0
2024-10-16T05:00:00Z,20390.5,20397.5,20374.75,20392.0,10177.0
2024-10-16T06:00:00Z,20391.75,20393.5,20365.25,20377.0,12669.0
2024-10-16T07:00:00Z,20378.25,20393.5,20331.25,20390.25,24885.0
2024-10-16T08:00:00Z,20390.0,20392.5,20336.5,20360.25,21393.0
2024-10-16T09:00:00Z,20359.5,20383.25,20350.5,20364.5,13721.0
2024-10-16T10:00:00Z,20363.75,20368.75,20348.0,20365.0,7789.0
2024-10-16T11:00:00Z,20365.5,20385.75,20356.5,20375.75,13857.0
2024-10-16T12:00:00Z,20375.5,20378.25,20341.25,20351.25,22516.0
2024-10-16T13:00:00Z,20350.75,20378.0,20213.0,20223.75,192415.0
2024-10-16T14:00:00Z,20224.5,20349.5,20205.25,20273.5,257923.0
2024-10-16T15:00:00Z,20273.75,20329.0,20265.25,20275.0,128304.0
2024-10-16T16:00:00Z,20275.0,20337.75,20270.0,20335.25,79605.0
2024-10-16T17:00:00Z,20335.75,20347.75,20302.75,20337.0,74684.0
2024-10-16T18:00:00Z,20336.75,20379.5,20318.25,20361.5,71839.0
2024-10-16T19:00:00Z,20361.5,20370.0,20331.0,20347.25,64603.0
2024-10-16T20:00:00Z,20346.75,20348.5,20318.0,20324.25,16857.0
2024-10-16T22:00:00Z,20332.0,20337.25,20319.0,20330.25,0.0
2024-10-16T23:00:00Z,20330.25,20331.0,20310.75,20313.75,5999.0
2024-10-17T00:00:00Z,20313.25,20327.0,20276.75,20314.25,18281.0
2024-10-17T01:00:00Z,20314.5,20325.25,20295.5,20318.0,10386.0
2024-10-17T02:00:00Z,20318.5,20324.5,20279.75,20304.75,11020.0
2024-10-17T03:00:00Z,20304.5,20310.5,20292.5,20296.0,5986.0
2024-10-17T04:00:00Z,20294.75,20300.0,20287.75,20296.0,4401.0
2024-10-17T05:00:00Z,20296.0,20347.75,20293.5,20342.0,13689.0
2024-10-17T06:00:00Z,20342.0,20474.5,20339.5,20431.75,48246.0
2024-10-17T07:00:00Z,20432.0,20455.75,20405.25,20449.0,26685.0
2024-10-17T08:00:00Z,20448.0,20496.5,20438.25,20492.75,22317.0
2024-10-17T09:00:00Z,20492.75,20504.5,20467.75,20490.0,16633.0
2024-10-17T10:00:00Z,20490.0,20535.5,20487.0,20529.5,17482.0
2024-10-17T11:00:00Z,20528.5,20528.75,20503.5,20518.0,18577.0
2024-10-17T12:00:00Z,20517.75,20560.75,20510.25,20559.75,47948.0
2024-10-17T13:00:00Z,20559.5,20594.5,20402.5,20434.0,240841.0
2024-10-17T14:00:00Z,20434.25,20464.25,20365.25,20399.5,250271.0
2024-10-17T15:00:00Z,20400.25,20511.0,20369.25,20508.25,135524.0
2024-10-17T16:00:00Z,20508.0,20529.0,20447.0,20467.0,104105.0
2024-10-17T17:00:00Z,20467.5,20501.25,20458.75,20477.25,64680.0
2024-10-17T18:00:00Z,20478.0,20484.0,20365.5,20432.0,135940.0
2024-10-17T19:00:00Z,20432.0,20436.0,20353.75,20363.75,99731.0
2024-10-17T20:00:00Z,20364.0,20412.0,20355.0,20384.0,27445.0
2024-10-17T22:00:00Z,20385.5,20413.5,20375.75,20407.5,0.0
2024-10-17T23:00:00Z,20407.25,20415.75,20397.25,20405.0,5527.0
2024-10-18T00:00:00Z,20405.0,20406.75,20321.0,20360.5,24373.0
2024-10-18T01:00:00Z,20360.25,20385.5,20349.5,20379.25,12773.0
2024-10-18T02:00:00Z,20378.75,20392.0,20364.75,20377.25,12103.0
2024-10-18T03:00:00Z,20377.0,20386.0,20352.5,20362.0,8084.0
2024-10-18T04:00:00Z,20363.5,20380.5,20361.25,20373.25,6594.0
2024-10-18T05:00:00Z,20373.25,20408.75,20369.5,20404.5,10427.0
2024-10-18T06:00:00Z,20405.0,20432.75,20396.75,20430.25,14831.0
2024-10-18T07:00:00Z,20430.5,20456.25,20421.25,20454.0,16160.0
2024-10-18T08:00:00Z,20454.5,20468.0,20435.5,20448.75,15489.0
2024-10-18T09:00:00Z,20449.25,20462.5,20421.25,20429.75,13886.0
2024-10-18T10:00:00Z,20429.0,20452.0,20423.5,20448.0,11695.0
2024-10-18T11:00:00Z,20448.0,20480.0,20436.5,20468.5,19551.0
2024-10-18T12:00:00Z,20468.5,20486.0,20456.25,20478.5,23049.0
2024-10-18T13:00:00Z,20478.25,20511.25,20433.0,20475.25,189955.0
2024-10-18T14:00:00Z,20475.75,20523.25,20451.75,20457.75,176279.0
2024-10-18T15:00:00Z,20457.75,20532.0,20455.75,20469.5,123571.0
2024-10-18T16:00:00Z,20469.25,20521.5,20442.25,20496.75,85839.0
2024-10-18T17:00:00Z,20496.25,20524.0,20479.25,20485.5,71185.0
2024-10-18T18:00:00Z,20485.5,20509.25,20451.75,20492.5,61724.0
2024-10-18T19:00:00Z,20492.25,20496.0,20457.25,20483.0,65178.0
2024-10-18T20:00:00Z,20482.25,20504.0,20474.25,20484.25,16892.0
2024-10-20T22:00:00Z,20495.75,20524.25,20494.0,20516.25,9119.0
2024-10-20T23:00:00Z,20515.75,20526.0,20505.25,20513.5,8510.0
2024-10-21T00:00:00Z,20514.25,20523.0,20498.5,20510.5,9894.0
2024-10-21T01:00:00Z,20510.25,20520.5,20505.25,20508.0,7312.0
2024-10-21T02:00:00Z,20507.25,20511.0,20484.75,20490.5,9882.0
2024-10-21T03:00:00Z,20489.75,20500.25,20476.25,20479.25,8490.0
2024-10-21T04:00:00Z,20480.25,20483.0,20465.25,20469.0,5876.0
2024-10-21T05:00:00Z,20469.0,20472.0,20443.75,20448.5,10335.0
2024-10-21T06:00:00Z,20448.5,20459.5,20424.25,20434.5,13209.0
2024-10-21T07:00:00Z,20435.5,20461.0,20428.0,20440.25,13373.0
2024-10-21T08:00:00Z,20440.0,20460.0,20437.5,20454.0,10157.0
2024-10-21T09:00:00Z,20454.5,20457.25,20395.0,20424.75,19461.0
2024-10-21T10:00:00Z,20425.0,20431.75,20369.25,20372.25,22944.0
2024-10-21T11:00:00Z,20371.75,20383.5,20342.5,20359.0,28095.0
2024-10-21T12:00:00Z,20359.0,20409.25,20350.75,20401.0,33758.0
2024-10-21T13:00:00Z,20401.5,20502.75,20396.5,20493.25,152505.0
2024-10-21T14:00:00Z,20493.25,20554.25,20381.75,20427.75,252533.0
2024-10-21T15:00:00Z,20427.25,20465.25,20345.0,20456.25,183168.0
2024-10-21T16:00:00Z,20455.75,20477.0,20425.25,20471.0,80209.0
2024-10-21T17:00:00Z,20471.0,20497.25,20455.5,20491.75,63057.0
2024-10-21T18:00:00Z,20492.0,20496.25,20450.5,20458.0,60313.0
2024-10-21T19:00:00Z,20457.75,20523.0,20445.5,20520.5,84131.0
2024-10-21T20:00:00Z,20520.25,20549.75,20512.0,20538.75,19072.0
2024-10-21T22:00:00Z,20539.0,20543.75,20515.0,20516.25,0.0
2024-10-21T23:00:00Z,20516.5,20526.75,20508.25,20515.75,6216.0
2024-10-22T00:00:00Z,20516.25,20516.25,20472.75,20477.0,20431.0
2024-10-22T01:00:00Z,20477.5,20484.0,20460.0,20471.25,15019.0
2024-10-22T02:00:00Z,20470.25,20484.0,20457.75,20460.0,11865.0
2024-10-22T03:00:00Z,20459.0,20477.0,20457.25,20467.0,7204.0
2024-10-22T04:00:00Z,20461.75,20474.5,20450.0,20451.0,7460.0
2024-10-22T05:00:00Z,20450.75,20470.0,20440.5,20452.75,11558.0
2024-10-22T06:00:00Z,20453.0,20465.0,20432.25,20447.25,11954.0
2024-10-22T07:00:00Z,20448.75,20488.5,20440.0,20465.25,20081.0
2024-10-22T08:00:00Z,20465.25,20476.25,20430.0,20431.0,20141.0
2024-10-22T09:00:00Z,20430.75,20434.75,20376.0,20384.5,28370.0
2024-10-22T10:00:00Z,20384.5,20412.0,20376.25,20396.25,20834.0
2024-10-22T11:00:00Z,20397.0,20433.75,20397.0,20410.25,24535.0
2024-10-22T12:00:00Z,20410.25,20445.0,20360.25,20394.25,49540.0
2024-10-22T13:00:00Z,20394.5,20479.5,20362.5,20460.5,193571.0
2024-10-22T14:00:00Z,20461.25,20519.5,20439.25,20493.25,209900.0
2024-10-22T15:00:00Z,20493.0,20511.75,20455.0,20473.0,102759.0
2024-10-22T16:00:00Z,20472.75,20504.5,20425.25,20499.0,108508.0
2024-10-22T17:00:00Z,20499.0,20577.0,20480.25,20574.75,96068.0
2024-10-22T18:00:00Z,20574.5,20602.0,20513.0,20521.5,85263.0
2024-10-22T19:00:00Z,20521.75,20572.75,20515.75,20540.0,74938.0
2024-10-22T20:00:00Z,20540.5,20541.5,20507.25,20517.5,25001.0
2024-10-22T22:00:00Z,20522.75,20522.75,20490.5,20505.25,0.0
2024-10-22T23:00:00Z,20505.25,20533.0,20499.25,20529.5,10451.0
2024-10-23T00:00:00Z,20530.75,20537.5,20493.25,20497.0,14727.0
2024-10-23T01:00:00Z,20498.25,20516.0,20492.0,20507.5,11102.0
2024-10-23T02:00:00Z,20508.0,20525.0,20501.25,20519.5,8294.0
2024-10-23T03:00:00Z,20519.5,20529.75,20509.0,20513.5,6583.0
2024-10-23T04:00:00Z,20511.25,20522.0,20510.5,20519.0,4063.0
2024-10-23T05:00:00Z,20519.0,20528.0,20506.5,20507.75,7053.0
2024-10-23T06:00:00Z,20508.25,20512.5,20494.5,20501.25,8753.0
2024-10-23T07:00:00Z,20501.5,20542.5,20495.25,20506.5,19315.0
2024-10-23T08:00:00Z,20505.75,20520.0,20482.75,20489.25,14209.0
2024-10-23T09:00:00Z,20489.25,20506.0,20473.25,20485.5,16415.0
2024-10-23T10:00:00Z,20485.25,20486.0,20448.75,20457.25,17900.0
2024-10-23T11:00:00Z,20457.0,20484.75,20453.5,20471.0,21582.0
2024-10-23T12:00:00Z,20470.5,20494.25,20443.25,20454.75,35313.0
2024-10-23T13:00:00Z,20454.75,20462.75,20407.0,20432.75,155654.0
2024-10-23T14:00:00Z,20432.25,20458.0,20346.0,20392.0,241967.0
2024-10-23T15:00:00Z,20392.75,20418.25,20300.5,20357.75,184125.0
2024-10-23T16:00:00Z,20358.0,20358.0,20232.75,20248.5,151299.0
2024-10-23T17:00:00Z,20248.75,20248.75,20121.25,20126.0,152028.0
2024-10-23T18:00:00Z,20126.0,20189.25,20079.0,20177.75,142134.0
2024-10-23T19:00:00Z,20177.75,20229.5,20143.5,20218.25,117301.0
2024-10-23T20:00:00Z,20218.5,20299.0,20206.0,20275.25,38083.0
2024-10-23T22:00:00Z,20299.5,20302.75,20275.0,20285.75,0.0
2024-10-23T23:00:00Z,20287.25,20295.0,20268.0,20290.0,7104.0
2024-10-24T00:00:00Z,20290.0,20339.0,20275.75,20337.5,18956.0
2024-10-24T01:00:00Z,20337.0,20338.0,20321.0,20325.75,11192.0
2024-10-24T02:00:00Z,20325.0,20338.0,20309.75,20331.0,9866.0
2024-10-24T03:00:00Z,20331.25,20343.25,20319.25,20320.5,9892.0
2024-10-24T04:00:00Z,20321.0,20326.0,20311.0,20323.0,7277.0
2024-10-24T05:00:00Z,20322.5,20329.25,20306.0,20324.25,7367.0
2024-10-24T06:00:00Z,20324.0,20341.75,20315.5,20318.5,11183.0
2024-10-24T07:00:00Z,20318.5,20388.0,20314.5,20381.5,21898.0
2024-10-24T08:00:00Z,20381.75,20402.0,20352.5,20373.25,20095.0
2024-10-24T09:00:00Z,20373.0,20383.25,20362.5,20377.0,11647.0
2024-10-24T10:00:00Z,20377.25,20394.75,20369.25,20379.0,11231.0
2024-10-24T11:00:00Z,20378.75,20419.5,20371.5,20415.25,18576.0
2024-10-24T12:00:00Z,20415.0,20428.0,20376.75,20383.25,38856.0
2024-10-24T13:00:00Z,20383.5,20406.25,20296.0,20336.5,169344.0
2024-10-24T14:00:00Z,20337.5,20379.5,20305.5,20316.5,215652.0
2024-10-24T15:00:00Z,20316.25,20367.75,20264.0,20327.75,155154.0
2024-10-24T16:00:00Z,20328.0,20365.5,20260.5,20357.0,132779.0
2024-10-24T17:00:00Z,20357.5,20388.75,20341.5,20345.0,90057.0
2024-10-24T18:00:00Z,20345.25,20383.25,20327.75,20368.25,73989.0
2024-10-24T19:00:00Z,20368.25,20408.75,20344.0,20380.0,91313.0
2024-10-24T20:00:00Z,20380.0,20413.25,20371.5,20391.0,17969.0
2024-10-24T22:00:00Z,20385.0,20398.5,20375.0,20379.75,0.0
2024-10-24T23:00:00Z,20380.5,20383.0,20363.25,20381.0,7231.0
2024-10-25T00:00:00Z,20381.75,20405.0,20372.25,20397.0,11044.0
2024-10-25T01:00:00Z,20396.75,20412.75,20395.5,20397.0,9397.0
2024-10-25T02:00:00Z,20397.0,20410.75,20393.5,20398.25,6805.0
2024-10-25T03:00:00Z,20398.25,20400.75,20371.25,20372.75,8365.0
2024-10-25T04:00:00Z,20367.5,20375.75,20365.25,20371.75,6894.0
2024-10-25T05:00:00Z,20372.5,20396.25,20367.25,20389.75,8129.0
2024-10-25T06:00:00Z,20389.75,20406.0,20382.0,20387.0,9629.0
2024-10-25T07:00:00Z,20387.0,20438.25,20383.75,20437.5,22177.0
2024-10-25T08:00:00Z,20433.5,20435.5,20404.75,20420.25,18962.0
2024-10-25T09:00:00Z,20420.0,20446.25,20419.25,20434.0,12486.0
2024-10-25T10:00:00Z,20433.75,20443.75,20426.0,20430.25,9181.0
2024-10-25T11:00:00Z,20429.75,20457.0,20410.0,20445.75,21356.0
2024-10-25T12:00:00Z,20445.25,20493.75,20443.25,20492.0,33105.0
2024-10-25T13:00:00Z,20492.0,20657.75,20489.0,20648.25,167092.0
2024-10-25T14:00:00Z,20650.5,20707.5,20620.5,20656.25,228609.0
2024-10-25T15:00:00Z,20656.0,20675.5,20603.25,20620.5,147900.0
2024-10-25T16:00:00Z,20620.25,20664.5,20609.0,20639.5,88470.0
2024-10-25T17:00:00Z,20639.5,20642.25,20483.0,20510.5,192272.0
2024-10-25T18:00:00Z,20510.75,20560.75,20460.0,20543.25,159353.0
2024-10-25T19:00:00Z,20543.5,20544.0,20482.0,20494.75,108514.0
2024-10-25T20:00:00Z,20495.0,20503.75,20472.0,20477.25,24213.0
2024-10-27T22:00:00Z,20524.0,20622.75,20522.0,20608.25,22717.0
2024-10-27T23:00:00Z,20608.25,20615.5,20585.5,20598.5,13385.0
2024-10-28T00:00:00Z,20598.5,20648.75,20591.75,20615.25,22196.0
2024-10-28T01:00:00Z,20614.75,20646.5,20612.75,20625.75,18521.0
2024-10-28T02:00:00Z,20626.0,20637.5,20614.0,20626.75,10733.0
2024-10-28T03:00:00Z,20627.0,20634.5,20601.0,20614.5,10462.0
2024-10-28T04:00:00Z,20612.75,20658.5,20610.5,20655.75,13070.0
2024-10-28T05:00:00Z,20656.25,20658.25,20605.0,20607.5,13820.0
2024-10-28T06:00:00Z,20607.75,20635.75,20602.0,20620.25,11582.0
2024-10-28T07:00:00Z,20621.0,20651.5,20613.5,20631.0,16524.0
2024-10-28T08:00:00Z,20630.5,20667.75,20606.25,20660.5,27222.0
2024-10-28T09:00:00Z,20663.75,20671.25,20638.25,20669.75,14649.0
2024-10-28T10:00:00Z,20669.5,20676.75,20629.0,20633.0,16142.0
2024-10-28T11:00:00Z,20632.75,20639.5,20610.25,20618.5,21933.0
2024-10-28T12:00:00Z,20619.0,20661.0,20581.0,20659.5,44256.0
2024-10-28T13:00:00Z,20659.0,20665.5,20528.0,20556.25,162322.0
2024-10-28T14:00:00Z,20555.75,20617.75,20552.5,20575.75,176399.0
2024-10-28T15:00:00Z,20575.25,20580.0,20520.5,20527.75,138436.0
2024-10-28T16:00:00Z,20527.0,20571.25,20516.25,20530.0,101165.0
2024-10-28T17:00:00Z,20530.25,20561.0,20506.25,20555.25,77209.0
2024-10-28T18:00:00Z,20555.5,20560.0,20503.75,20522.75,76579.0
2024-10-28T19:00:00Z,20523.5,20539.5,20486.0,20500.0,79740.0
2024-10-28T20:00:00Z,20500.25,20524.0,20490.25,20507.25,19087.0
2024-10-28T22:00:00Z,20508.0,20520.0,20489.0,20498.25,0.0
2024-10-28T23:00:00Z,20498.25,20510.75,20494.5,20508.0,6568.0
2024-10-29T00:00:00Z,20507.75,20523.25,20475.25,20513.5,14140.0
2024-10-29T01:00:00Z,20513.25,20519.0,20488.75,20506.75,13421.0
2024-10-29T02:00:00Z,20506.75,20512.0,20489.5,20500.5,8005.0
2024-10-29T03:00:00Z,20500.5,20518.25,20455.5,20461.25,13521.0
2024-10-29T04:00:00Z,20465.5,20493.5,20465.0,20492.0,12930.0
2024-10-29T05:00:00Z,20492.0,20509.5,20482.0,20507.0,9073.0
2024-10-29T06:00:00Z,20507.0,20548.5,20506.75,20543.0,12716.0
2024-10-29T07:00:00Z,20543.0,20555.0,20525.75,20527.75,15200.0
2024-10-29T08:00:00Z,20527.25,20546.75,20482.0,20526.75,34297.0
2024-10-29T09:00:00Z,20526.5,20529.5,20491.75,20517.25,20097.0
2024-10-29T10:00:00Z,20517.5,20520.75,20490.0,20513.25,13038.0
2024-10-29T11:00:00Z,20513.25,20517.25,20482.25,20494.25,23024.0
2024-10-29T12:00:00Z,20494.0,20503.75,20461.5,20489.0,30004.0
2024-10-29T13:00:00Z,20489.0,20526.75,20432.0,20514.0,173607.0
2024-10-29T14:00:00Z,20515.0,20605.5,20495.0,20599.75,227317.0
2024-10-29T15:00:00Z,20599.5,20623.5,20571.0,20622.0,133406.0
2024-10-29T16:00:00Z,20622.0,20658.5,20585.5,20648.25,122100.0
2024-10-29T17:00:00Z,20648.5,20686.0,20648.0,20671.75,91890.0
2024-10-29T18:00:00Z,20672.25,20714.25,20660.25,20695.0,67855.0
2024-10-29T19:00:00Z,20694.75,20746.5,20681.75,20695.25,91480.0
2024-10-29T20:00:00Z,20695.25,20760.25,20688.75,20709.0,44382.0
2024-10-29T22:00:00Z,20725.0,20763.5,20714.5,20752.5,0.0
2024-10-29T23:00:00Z,20752.0,20755.5,20728.0,20748.0,11304.0
2024-10-30T00:00:00Z,20748.5,20775.0,20741.0,20767.5,13901.0
2024-10-30T01:00:00Z,20767.0,20789.75,20754.5,20782.25,12093.0
2024-10-30T02:00:00Z,20782.25,20784.0,20753.5,20758.75,10679.0
2024-10-30T03:00:00Z,20758.75,20762.5,20721.25,20729.0,14318.0
2024-10-30T04:00:00Z,20723.75,20733.0,20718.25,20720.75,10769.0
2024-10-30T05:00:00Z,20720.5,20731.25,20702.75,20709.5,8763.0
2024-10-30T06:00:00Z,20712.0,20750.0,20710.0,20743.75,11165.0
2024-10-30T07:00:00Z,20744.25,20760.5,20737.75,20744.5,11807.0
2024-10-30T08:00:00Z,20744.0,20764.75,20712.75,20723.0,21666.0
2024-10-30T09:00:00Z,20722.0,20750.75,20708.5,20731.75,15746.0
2024-10-30T10:00:00Z,20730.5,20739.75,20718.25,20733.75,15532.0
2024-10-30T11:00:00Z,20733.5,20754.5,20712.25,20714.5,19064.0
2024-10-30T12:00:00Z,20714.5,20729.75,20673.75,20688.25,47078.0
2024-10-30T13:00:00Z,20688.75,20689.25,20543.0,20632.25,229607.0
2024-10-30T14:00:00Z,20631.5,20699.5,20628.0,20649.25,190920.0
2024-10-30T15:00:00Z,20650.25,20686.0,20608.25,20672.0,142818.0
2024-10-30T16:00:00Z,20672.0,20682.75,20635.0,20645.25,82860.0
2024-10-30T17:00:00Z,20645.0,20654.0,20558.25,20576.25,112531.0
2024-10-30T18:00:00Z,20576.5,20623.0,20575.25,20604.5,70288.0
2024-10-30T19:00:00Z,20604.75,20605.0,20515.0,20536.0,110843.0
2024-10-30T20:00:00Z,20535.25,20586.0,20471.0,20505.5,68668.0
2024-10-30T22:00:00Z,20486.0,20496.5,20427.25,20438.25,0.0
2024-10-30T23:00:00Z,20439.0,20447.75,20422.25,20426.5,13723.0
2024-10-31T00:00:00Z,20425.75,20441.75,20400.25,20437.25,17359.0
2024-10-31T01:00:00Z,20437.0,20463.5,20437.0,20441.25,12990.0
2024-10-31T02:00:00Z,20441.25,20446.75,20423.5,20433.75,11104.0
2024-10-31T03:00:00Z,20434.0,20441.5,20418.0,20421.0,8640.0
2024-10-31T04:00:00Z,20414.0,20419.25,20403.5,20409.0,9478.0
2024-10-31T05:00:00Z,20408.75,20411.75,20383.5,20392.0,13601.0
2024-10-31T06:00:00Z,20392.5,20397.0,20353.0,20359.5,15643.0
2024-10-31T07:00:00Z,20359.25,20359.75,20307.0,20320.5,29997.0
2024-10-31T08:00:00Z,20319.75,20334.25,20287.0,20317.5,34127.0
2024-10-31T09:00:00Z,20317.75,20332.25,20305.5,20320.75,16742.0
2024-10-31T10:00:00Z,20321.0,20344.0,20292.5,20341.25,19410.0
2024-10-31T11:00:00Z,20341.0,20393.5,20340.75,20392.75,32715.0
2024-10-31T12:00:00Z,20393.0,20417.75,20360.0,20381.75,54793.0
2024-10-31T13:00:00Z,20381.5,20395.75,20150.25,20166.25,240779.0
2024-10-31T14:00:00Z,20166.0,20201.5,20070.0,20088.5,257853.0
2024-10-31T15:00:00Z,20086.25,20115.5,20023.75,20060.75,181583.0
2024-10-31T16:00:00Z,20068.25,20105.75,20049.0,20086.75,109275.0
2024-10-31T17:00:00Z,20086.75,20114.75,20025.5,20036.0,95742.0
2024-10-31T18:00:00Z,20036.25,20055.75,20007.75,20048.25,111264.0
2024-10-31T19:00:00Z,20048.25,20132.0,20009.25,20012.75,143479.0
2024-10-31T20:00:00Z,20011.5,20100.5,20009.0,20036.0,70346.0
2024-10-31T22:00:00Z,20065.25,20111.75,20062.25,20091.75,0.0
2024-10-31T23:00:00Z,20091.75,20099.75,20065.5,20074.0,12963.0
2024-11-01T00:00:00Z,20074.5,20085.25,20050.0,20073.0,14045.0
2024-11-01T01:00:00Z,20072.5,20082.0,20053.0,20057.75,9336.0
2024-11-01T02:00:00Z,20058.5,20075.5,20017.75,20075.25,14375.0
2024-11-01T03:00:00Z,20075.0,20102.0,20072.25,20087.0,10770.0
2024-11-01T04:00:00Z,20089.25,20100.25,20073.5,20081.75,7330.0
2024-11-01T05:00:00Z,20082.0,20127.0,20077.0,20120.5,14563.0
2024-11-01T06:00:00Z,20121.5,20123.75,20061.5,20076.0,13624.0
2024-11-01T07:00:00Z,20075.75,20098.5,20054.0,20089.5,16488.0
2024-11-01T08:00:00Z,20090.75,20116.5,20081.75,20096.25,17955.0
2024-11-01T09:00:00Z,20096.75,20113.25,20087.0,20094.0,9665.0
2024-11-01T10:00:00Z,20095.0,20120.75,20088.75,20112.0,10195.0
2024-11-01T11:00:00Z,20111.75,20131.25,20092.5,20109.0,17061.0
2024-11-01T12:00:00Z,20109.25,20147.0,20080.0,20113.75,53804.0
2024-11-01T13:00:00Z,20113.5,20175.5,20057.25,20167.75,171250.0
2024-11-01T14:00:00Z,20165.75,20277.75,20132.25,20235.75,281542.0
2024-11-01T15:00:00Z,20235.5,20287.25,20208.25,20222.0,171189.0
2024-11-01T16:00:00Z,20222.25,20254.0,20191.25,20211.0,116138.0
2024-11-01T17:00:00Z,20210.75,20252.25,20155.25,20157.5,144741.0
2024-11-01T18:00:00Z,20157.75,20179.75,20127.5,20166.25,101341.0
2024-11-01T19:00:00Z,20166.25,20203.25,20123.0,20146.5,117448.0
2024-11-01T20:00:00Z,20146.75,20184.5,20145.75,20169.5,19777.0
2024-11-03T23:00:00Z,20141.75,20158.0,20066.25,20135.0,28268.0
2024-11-04T00:00:00Z,20135.25,20145.75,20118.75,20130.25,14219.0
2024-11-04T01:00:00Z,20130.0,20200.5,20124.25,20190.75,17614.0
2024-11-04T02:00:00Z,20191.5,20248.75,20183.75,20211.75,20036.0
2024-11-04T03:00:00Z,20213.5,20233.5,20205.25,20219.0,11473.0
2024-11-04T04:00:00Z,20218.75,20241.5,20215.75,20232.75,8564.0
2024-11-04T05:00:00Z,20234.0,20234.25,20217.25,20230.5,5659.0
2024-11-04T06:00:00Z,20230.5,20248.0,20227.25,20238.0,9131.0
2024-11-04T07:00:00Z,20237.0,20244.25,20173.5,20179.5,18178.0
2024-11-04T08:00:00Z,20180.0,20204.75,20135.25,20168.0,27146.0
2024-11-04T09:00:00Z,20168.5,20172.75,20136.0,20165.75,19072.0
2024-11-04T10:00:00Z,20165.75,20212.0,20163.25,20198.75,17319.0
2024-11-04T11:00:00Z,20198.5,20203.5,20167.5,20181.75,13973.0
2024-11-04T12:00:00Z,20182.0,20194.25,20101.0,20166.25,35834.0
2024-11-04T13:00:00Z,20165.75,20179.25,20137.0,20147.0,35990.0
2024-11-04T14:00:00Z,20147.25,20148.0,20013.25,20131.5,193668.0
2024-11-04T15:00:00Z,20131.75,20210.0,20117.75,20186.0,172565.0
2024-11-04T16:00:00Z,20186.0,20226.75,20052.5,20077.0,142989.0
2024-11-04T17:00:00Z,20077.25,20147.0,20028.75,20128.5,113951.0
2024-11-04T18:00:00Z,20128.5,20175.75,20084.0,20148.75,97156.0
2024-11-04T19:00:00Z,20149.25,20168.75,20122.5,20136.25,58334.0
2024-11-04T20:00:00Z,20136.0,20141.5,20070.0,20085.25,87455.0
2024-11-04T21:00:00Z,20085.25,20116.5,20072.75,20115.0,16747.0
2024-11-04T23:00:00Z,20128.0,20134.0,20084.75,20088.25,0.0
2024-11-05T00:00:00Z,20087.5,20089.75,20071.5,20076.25,11551.0
2024-11-05T01:00:00Z,20076.25,20109.0,20041.75,20099.5,25402.0
2024-11-05T02:00:00Z,20098.5,20112.0,20080.25,20103.25,14792.0
2024-11-05T03:00:00Z,20103.5,20116.25,20095.75,20102.75,9247.0
2024-11-05T04:00:00Z,20103.0,20105.75,20082.0,20083.75,6779.0
2024-11-05T05:00:00Z,20101.75,20109.75,20091.0,20102.75,7635.0
2024-11-05T06:00:00Z,20102.5,20124.75,20099.0,20118.25,7211.0
2024-11-05T07:00:00Z,20118.25,20142.75,20112.0,20125.75,12434.0
2024-11-05T08:00:00Z,20127.0,20147.5,20102.0,20147.0,17541.0
2024-11-05T09:00:00Z,20146.25,20166.75,20136.25,20149.75,15514.0
2024-11-05T10:00:00Z,20149.75,20149.75,20113.0,20143.0,15681.0
2024-11-05T11:00:00Z,20142.5,20171.25,20142.5,20154.75,13518.0
2024-11-05T12:00:00Z,20154.0,20168.25,20126.0,20149.25,22935.0
2024-11-05T13:00:00Z,20149.25,20164.5,20123.75,20126.25,25970.0
2024-11-05T14:00:00Z,20125.25,20299.5,20107.25,20290.25,186301.0
2024-11-05T15:00:00Z,20290.25,20324.5,20240.75,20257.25,192539.0
2024-11-05T16:00:00Z,20257.0,20347.75,20232.5,20340.75,123501.0
2024-11-05T17:00:00Z,20340.75,20373.0,20327.5,20351.5,75082.0
2024-11-05T18:00:00Z,20352.0,20368.25,20286.5,20309.0,85856.0
2024-11-05T19:00:00Z,20308.5,20335.0,20280.5,20293.75,74891.0
2024-11-05T20:00:00Z,20294.25,20350.0,20280.0,20341.75,85824.0
2024-11-05T21:00:00Z,20341.75,20386.0,20337.0,20366.0,31855.0
2024-11-05T23:00:00Z,20365.0,20365.5,20335.75,20344.0,0.0
2024-11-06T00:00:00Z,20342.75,20414.0,20323.5,20388.0,37769.0
2024-11-06T01:00:00Z,20388.0,20424.75,20378.25,20402.5,29197.0
2024-11-06T02:00:00Z,20401.25,20590.5,20394.25,20588.75,55995.0
2024-11-06T03:00:00Z,20588.75,20640.0,20564.0,20593.25,51302.0
2024-11-06T04:00:00Z,20594.25,20625.0,20570.0,20599.75,22509.0
2024-11-06T05:00:00Z,20569.25,20601.5,20465.75,20584.75,40968.0
2024-11-06T06:00:00Z,20585.0,20670.0,20573.0,20647.0,37064.0
2024-11-06T07:00:00Z,20647.75,20711.5,20646.75,20681.25,39499.0
2024-11-06T08:00:00Z,20680.0,20731.5,20651.5,20699.25,38300.0
2024-11-06T09:00:00Z,20697.25,20729.0,20666.25,20728.5,27335.0
2024-11-06T10:00:00Z,20728.0,20728.75,20678.0,20684.75,19674.0
2024-11-06T11:00:00Z,20684.25,20689.25,20580.75,20607.0,37576.0
2024-11-06T12:00:00Z,20608.0,20709.75,20599.5,20684.25,39185.0
2024-11-06T13:00:00Z,20685.5,20719.0,20660.0,20686.5,46301.0
2024-11-06T14:00:00Z,20686.5,20806.75,20643.5,20676.25,261148.0
2024-11-06T15:00:00Z,20675.75,20821.75,20665.75,20723.75,272582.0
2024-11-06T16:00:00Z,20724.25,20809.0,20692.25,20798.5,131605.0
2024-11-06T17:00:00Z,20798.25,20825.75,20777.75,20817.0,71286.0
2024-11-06T18:00:00Z,20816.75,20876.5,20810.5,20861.0,74226.0
2024-11-06T19:00:00Z,20861.75,20896.0,20848.5,20890.0,65354.0
2024-11-06T20:00:00Z,20890.25,20935.75,20877.75,20894.75,98115.0
2024-11-06T21:00:00Z,20894.25,20935.0,20882.5,20924.25,23549.0
2024-11-06T23:00:00Z,20924.25,20924.25,20887.75,20891.0,0.0
2024-11-07T00:00:00Z,20891.0,20909.25,20860.75,20873.5,17435.0
2024-11-07T01:00:00Z,20874.0,20920.75,20865.5,20911.75,19590.0
2024-11-07T02:00:00Z,20911.5,20917.0,20896.0,20910.0,11097.0
2024-11-07T03:00:00Z,20909.0,20933.0,20904.25,20916.25,11865.0
2024-11-07T04:00:00Z,20917.5,20931.0,20907.5,20920.25,6183.0
2024-11-07T05:00:00Z,20929.25,20953.75,20926.25,20949.25,12042.0
2024-11-07T06:00:00Z,20948.75,20965.75,20942.0,20949.75,11298.0
2024-11-07T07:00:00Z,20949.5,20952.5,20908.25,20923.0,17321.0
2024-11-07T08:00:00Z,20923.0,20961.0,20916.0,20934.5,22593.0
2024-11-07T09:00:00Z,20934.5,20958.25,20914.75,20940.75,14684.0
2024-11-07T10:00:00Z,20941.0,20952.0,20932.25,20945.5,9157.0
2024-11-07T11:00:00Z,20945.25,20946.5,20926.25,20944.5,10760.0
2024-11-07T12:00:00Z,20943.75,20977.5,20941.0,20967.0,21059.0
2024-11-07T13:00:00Z,20967.25,20999.0,20958.0,20986.0,44508.0
2024-11-07T14:00:00Z,20985.5,21110.75,20982.5,21109.25,170774.0
2024-11-07T15:00:00Z,21108.5,21166.75,21086.5,21161.25,155938.0
2024-11-07T16:00:00Z,21160.75,21199.0,21123.75,21194.0,98678.0
2024-11-07T17:00:00Z,21194.5,21197.0,21157.0,21194.0,67785.0
2024-11-07T18:00:00Z,21194.75,21196.25,21151.25,21186.75,55425.0
2024-11-07T19:00:00Z,21181.75,21233.0,21157.5,21232.75,119439.0
2024-11-07T20:00:00Z,21232.75,21253.5,21204.75,21221.5,106632.0
2024-11-07T21:00:00Z,21221.75,21251.75,21209.0,21224.75,23593.0
2024-11-07T23:00:00Z,21225.0,21231.0,21203.25,21226.75,0.0
2024-11-08T00:00:00Z,21226.75,21238.25,21220.5,21224.25,9996.0
2024-11-08T01:00:00Z,21224.5,21234.0,21215.5,21231.5,9499.0
2024-11-08T02:00:00Z,21231.25,21245.0,21218.25,21219.25,9353.0
2024-11-08T03:00:00Z,21219.5,21234.75,21219.25,21226.75,5562.0
2024-11-08T04:00:00Z,21226.25,21234.5,21222.25,21226.0,4459.0
2024-11-08T05:00:00Z,21224.5,21263.5,21223.5,21251.5,11285.0
2024-11-08T06:00:00Z,21251.75,21257.5,21224.25,21230.75,9313.0
2024-11-08T07:00:00Z,21231.5,21247.25,21221.5,21240.5,9692.0
2024-11-08T08:00:00Z,21240.0,21250.5,21211.5,21232.5,17948.0
2024-11-08T09:00:00Z,21231.75,21243.25,21225.25,21225.5,9730.0
2024-11-08T10:00:00Z,21225.25,21225.75,21130.25,21144.25,36527.0
2024-11-08T11:00:00Z,21144.75,21167.0,21121.5,21161.75,26254.0
2024-11-08T12:00:00Z,21162.0,21188.5,21157.5,21183.25,24410.0
2024-11-08T13:00:00Z,21183.0,21195.0,21157.5,21162.25,35783.0
2024-11-08T14:00:00Z,21162.25,21232.0,21155.75,21208.5,156618.0
2024-11-08T15:00:00Z,21208.5,21226.5,21161.5,21197.5,185551.0
2024-11-08T16:00:00Z,21198.0,21236.5,21171.0,21219.0,101706.0
2024-11-08T17:00:00Z,21219.25,21229.0,21196.25,21218.25,66008.0
2024-11-08T18:00:00Z,21217.75,21266.5,21214.0,21250.25,73659.0
2024-11-08T19:00:00Z,21250.25,21265.25,21233.5,21235.0,53434.0
2024-11-08T20:00:00Z,21234.25,21238.5,21208.25,21234.0,85422.0
2024-11-08T21:00:00Z,21234.0,21243.0,21223.5,21227.25,17604.0
2024-11-10T23:00:00Z,21242.0,21311.5,21242.0,21304.25,20618.0
2024-11-11T00:00:00Z,21304.0,21310.75,21272.75,21275.0,15349.0
2024-11-11T01:00:00Z,21275.0,21290.25,21258.25,21283.0,16574.0
2024-11-11T02:00:00Z,21283.25,21283.75,21262.0,21270.75,8235.0
2024-11-11T03:00:00Z,21269.75,21278.0,21265.5,21273.75,5696.0
2024-11-11T04:00:00Z,21273.5,21288.75,21273.5,21287.5,6178.0
2024-11-11T05:00:00Z,21288.0,21300.5,21286.25,21288.0,8182.0
2024-11-11T06:00:00Z,21288.5,21293.5,21283.0,21288.25,5875.0
2024-11-11T07:00:00Z,21287.75,21300.0,21277.5,21298.0,8335.0
2024-11-11T08:00:00Z,21297.5,21323.5,21283.75,21292.5,19528.0
2024-11-11T09:00:00Z,21292.0,21307.25,21277.0,21292.5,17431.0
2024-11-11T10:00:00Z,21292.75,21303.0,21271.5,21271.75,12773.0
2024-11-11T11:00:00Z,21272.25,21291.25,21267.75,21285.75,12101.0
2024-11-11T12:00:00Z,21286.25,21335.75,21285.5,21327.0,22614.0
2024-11-11T13:00:00Z,21327.25,21340.5,21287.0,21300.75,36526.0
2024-11-11T14:00:00Z,21301.75,21307.5,21162.5,21172.0,182300.0
2024-11-11T15:00:00Z,21172.0,21244.25,21156.25,21223.25,189057.0
2024-11-11T16:00:00Z,21223.25,21232.5,21190.5,21203.25,97031.0
2024-11-11T17:00:00Z,21203.0,21213.75,21157.25,21158.0,86161.0
2024-11-11T18:00:00Z,21157.75,21198.0,21098.25,21179.5,128226.0
2024-11-11T19:00:00Z,21180.0,21183.0,21156.25,21175.0,56287.0
2024-11-11T20:00:00Z,21175.25,21223.75,21169.25,21219.5,77849.0
2024-11-11T21:00:00Z,21220.25,21233.5,21204.75,21211.0,23416.0
2024-11-11T23:00:00Z,21218.0,21218.75,21201.0,21216.25,0.0
2024-11-12T00:00:00Z,21215.5,21222.25,21197.5,21213.25,10788.0
2024-11-12T01:00:00Z,21213.0,21249.75,21210.5,21230.75,15628.0
2024-11-12T02:00:00Z,21230.75,21241.75,21190.75,21206.0,14795.0
2024-11-12T03:00:00Z,21206.5,21225.25,21203.5,21208.0,9516.0
2024-11-12T04:00:00Z,21208.5,21224.25,21201.0,21223.75,7041.0
2024-11-12T05:00:00Z,21214.0,21216.25,21189.0,21196.0,9368.0
2024-11-12T06:00:00Z,21196.0,21211.5,21185.0,21209.25,8438.0
2024-11-12T07:00:00Z,21209.0,21228.0,21180.75,21208.5,17215.0
2024-11-12T08:00:00Z,21208.5,21240.75,21196.75,21230.25,15060.0
2024-11-12T09:00:00Z,21229.25,21232.0,21179.5,21184.0,21250.0
2024-11-12T10:00:00Z,21184.0,21184.75,21129.5,21171.5,35222.0
2024-11-12T11:00:00Z,21170.25,21194.25,21167.75,21177.75,20337.0
2024-11-12T12:00:00Z,21177.5,21212.75,21176.0,21193.0,28034.0
2024-11-12T13:00:00Z,21193.25,21232.75,21181.0,21221.75,32157.0
2024-11-12T14:00:00Z,21221.5,21252.25,21181.5,21235.0,168960.0
2024-11-12T15:00:00Z,21234.5,21241.5,21177.75,21184.25,196726.0
2024-11-12T16:00:00Z,21184.0,21205.5,21143.75,21154.5,140684.0
2024-11-12T17:00:00Z,21154.5,21171.0,21065.75,21066.0,122840.0
2024-11-12T18:00:00Z,21066.5,21198.25,21054.75,21182.0,131324.0
2024-11-12T19:00:00Z,21181.5,21211.0,21176.0,21188.5,71387.0
2024-11-12T20:00:00Z,21188.5,21206.5,21167.0,21185.25,85627.0
2024-11-12T21:00:00Z,21185.25,21199.75,21177.0,21180.75,14340.0
2024-11-12T23:00:00Z,21180.5,21182.0,21142.5,21160.25,0.0
2024-11-13T00:00:00Z,21161.0,21162.75,21138.5,21144.5,9749.0
2024-11-13T01:00:00Z,21145.0,21157.25,21133.25,21139.25,10122.0
2024-11-13T02:00:00Z,21140.0,21155.0,21132.5,21150.5,7656.0
2024-11-13T03:00:00Z,21149.5,21161.5,21145.25,21146.25,6406.0
2024-11-13T04:00:00Z,21146.5,21149.0,21131.25,21141.0,7399.0
2024-11-13T05:00:00Z,21140.75,21141.5,21116.5,21120.5,9405.0
2024-11-13T06:00:00Z,21120.25,21129.75,21101.25,21118.0,13530.0
2024-11-13T07:00:00Z,21118.0,21145.0,21114.75,21130.0,11675.0
2024-11-13T08:00:00Z,21130.25,21179.75,21120.0,21177.5,16572.0
2024-11-13T09:00:00Z,21178.0,21183.5,21163.0,21176.25,13506.0
2024-11-13T10:00:00Z,21177.0,21184.5,21148.0,21152.25,12125.0
2024-11-13T11:00:00Z,21152.0,21157.0,21124.75,21127.0,14533.0
2024-11-13T12:00:00Z,21126.75,21156.0,21114.25,21132.0,27264.0
2024-11-13T13:00:00Z,21132.0,21243.5,21119.75,21173.75,77757.0
2024-11-13T14:00:00Z,21174.5,21200.0,21121.75,21140.5,189040.0
2024-11-13T15:00:00Z,21141.0,21141.5,21057.5,21115.5,248896.0
2024-11-13T16:00:00Z,21116.0,21176.25,21090.5,21165.25,153323.0
2024-11-13T17:00:00Z,21165.5,21232.0,21157.75,21228.75,112591.0
2024-11-13T18:00:00Z,21228.5,21268.75,21208.75,21257.0,83611.0
2024-11-13T19:00:00Z,21257.75,21258.25,21168.0,21182.75,119101.0
2024-11-13T20:00:00Z,21182.5,21220.0,21124.0,21159.75,122939.0
2024-11-13T21:00:00Z,21159.25,21186.5,21151.75,21166.0,17428.0
2024-11-13T23:00:00Z,21166.0,21175.5,21146.25,21166.25,0.0
2024-11-14T00:00:00Z,21166.5,21172.5,21140.25,21153.0,9154.0
2024-11-14T01:00:00Z,21152.75,21153.25,21129.75,21134.0,12010.0
2024-11-14T02:00:00Z,21133.5,21135.25,21115.75,21120.25,11408.0
2024-11-14T03:00:00Z,21120.25,21136.5,21116.75,21127.75,8737.0
2024-11-14T04:00:00Z,21128.25,21151.5,21124.25,21140.25,8563.0
2024-11-14T05:00:00Z,21126.0,21127.25,21106.25,21121.5,11126.0
2024-11-14T06:00:00Z,21121.0,21125.75,21099.5,21101.25,8353.0
2024-11-14T07:00:00Z,21100.75,21132.5,21089.75,21129.5,14748.0
2024-11-14T08:00:00Z,21129.75,21174.75,21124.25,21166.0,20884.0
2024-11-14T09:00:00Z,21165.5,21188.0,21151.75,21153.5,19136.0
2024-11-14T10:00:00Z,21153.75,21182.75,21148.0,21162.5,12866.0
2024-11-14T11:00:00Z,21162.75,21180.5,21162.25,21177.75,11588.0
2024-11-14T12:00:00Z,21177.5,21184.0,21152.25,21155.5,15645.0
2024-11-14T13:00:00Z,21155.75,21177.0,21113.0,21134.0,60085.0
2024-11-14T14:00:00Z,21134.5,21174.5,21064.25,21092.0,205742.0
2024-11-14T15:00:00Z,21091.75,21138.5,21040.25,21090.5,218165.0
2024-11-14T16:00:00Z,21090.75,21140.5,21086.25,21101.25,113193.0
2024-11-14T17:00:00Z,21101.5,21112.0,21016.75,21082.75,152346.0
2024-11-14T18:00:00Z,21083.0,21120.5,21021.5,21027.25,97154.0
2024-11-14T19:00:00Z,21026.75,21090.5,21024.25,21069.25,94333.0
2024-11-14T20:00:00Z,21069.5,21069.5,20971.0,21008.75,178038.0
2024-11-14T21:00:00Z,21008.75,21012.75,20950.5,20981.75,32380.0
2024-11-14T23:00:00Z,20980.0,20981.0,20937.0,20949.75,0.0
2024-11-15T00:00:00Z,20949.5,20956.5,20913.5,20926.5,18626.0
2024-11-15T01:00:00Z,20926.75,20926.75,20883.5,20891.75,21730.0
2024-11-15T02:00:00Z,20891.75,20916.5,20884.75,20914.5,14484.0
2024-11-15T03:00:00Z,20914.75,20924.25,20903.25,20906.25,12248.0
2024-11-15T04:00:00Z,20905.75,20919.0,20891.25,20917.5,10487.0
2024-11-15T05:00:00Z,20921.0,20929.25,20894.5,20900.25,11775.0
2024-11-15T06:00:00Z,20900.0,20900.25,20831.25,20869.0,29712.0
2024-11-15T07:00:00Z,20869.0,20875.25,20840.5,20845.0,19411.0
2024-11-15T08:00:00Z,20844.75,20859.75,20794.0,20832.25,39254.0
2024-11-15T09:00:00Z,20832.75,20838.5,20809.25,20821.0,19603.0
2024-11-15T10:00:00Z,20820.75,20832.0,20807.0,20827.75,12702.0
2024-11-15T11:00:00Z,20827.5,20855.0,20824.75,20844.0,16285.0
2024-11-15T12:00:00Z,20843.75,20866.75,20836.0,20862.5,22465.0
2024-11-15T13:00:00Z,20861.75,20864.75,20802.5,20811.75,49801.0
2024-11-15T14:00:00Z,20811.25,20818.5,20679.25,20689.5,230075.0
2024-11-15T15:00:00Z,20690.0,20698.0,20541.5,20561.5,280139.0
2024-11-15T16:00:00Z,20561.0,20590.75,20480.5,20495.75,178245.0
2024-11-15T17:00:00Z,20495.75,20513.25,20446.75,20483.75,132461.0
2024-11-15T18:00:00Z,20483.5,20491.25,20405.25,20428.75,112006.0
2024-11-15T19:00:00Z,20429.25,20493.75,20419.5,20460.5,104018.0
2024-11-15T20:00:00Z,20460.5,20513.75,20451.5,20492.0,127715.0
2024-11-15T21:00:00Z,20491.5,20521.75,20490.0,20503.75,24084.0
2024-11-17T23:00:00Z,20504.75,20568.75,20476.25,20568.5,23083.0
2024-11-18T00:00:00Z,20567.5,20629.75,20560.5,20628.25,24387.0
2024-11-18T01:00:00Z,20627.5,20630.75,20604.25,20610.25,18232.0
2024-11-18T02:00:00Z,20609.25,20628.25,20593.5,20628.0,14225.0
2024-11-18T03:00:00Z,20628.5,20641.0,20619.25,20630.75,12355.0
2024-11-18T04:00:00Z,20630.25,20656.5,20629.25,20649.75,11102.0
2024-11-18T05:00:00Z,20648.75,20657.75,20631.25,20639.75,13180.0
2024-11-18T06:00:00Z,20639.5,20652.5,20625.25,20648.75,9613.0
2024-11-18T07:00:00Z,20648.5,20649.5,20578.25,20596.75,24518.0
2024-11-18T08:00:00Z,20597.0,20648.25,20580.25,20635.25,27798.0
2024-11-18T09:00:00Z,20636.25,20636.25,20544.75,20557.75,41262.0
2024-11-18T10:00:00Z,20558.0,20590.75,20552.75,20588.5,17308.0
2024-11-18T11:00:00Z,20588.25,20589.75,20552.25,20571.75,16948.0
2024-11-18T12:00:00Z,20572.0,20583.75,20550.0,20557.75,23483.0
2024-11-18T13:00:00Z,20557.75,20563.75,20481.75,20555.0,63361.0
2024-11-18T14:00:00Z,20555.0,20587.5,20500.5,20530.75,177389.0
2024-11-18T15:00:00Z,20530.75,20696.0,20522.25,20680.75,191769.0
2024-11-18T16:00:00Z,20681.25,20724.5,20639.25,20662.5,138483.0
2024-11-18T17:00:00Z,20662.5,20671.0,20616.5,20661.5,106475.0
2024-11-18T18:00:00Z,20661.75,20668.5,20595.5,20660.5,93616.0
2024-11-18T19:00:00Z,20660.0,20660.5,20590.5,20638.75,94012.0
2024-11-18T20:00:00Z,20638.5,20653.5,20611.25,20631.25,81124.0
2024-11-18T21:00:00Z,20631.5,20649.75,20622.25,20630.75,16434.0
2024-11-18T23:00:00Z,20634.25,20640.0,20603.5,20622.5,0.0
2024-11-19T00:00:00Z,20622.75,20652.5,20615.0,20627.5,14967.0
2024-11-19T01:00:00Z,20626.5,20642.75,20607.0,20637.5,11851.0
2024-11-19T02:00:00Z,20638.5,20659.5,20631.25,20656.0,11792.0
2024-11-19T03:00:00Z,20656.5,20689.0,20653.75,20678.75,13811.0
2024-11-19T04:00:00Z,20678.75,20696.75,20676.5,20680.25,9517.0
2024-11-19T05:00:00Z,20681.25,20684.5,20660.0,20669.5,9154.0
2024-11-19T06:00:00Z,20670.25,20684.25,20664.25,20677.0,7825.0
2024-11-19T07:00:00Z,20677.25,20679.75,20650.25,20673.75,12415.0
2024-11-19T08:00:00Z,20673.75,20688.5,20563.0,20629.0,46021.0
2024-11-19T09:00:00Z,20629.0,20648.0,20491.75,20541.0,69583.0
2024-11-19T10:00:00Z,20541.0,20595.0,20530.0,20579.25,33646.0
2024-11-19T11:00:00Z,20579.0,20588.0,20537.0,20580.0,24711.0
2024-11-19T12:00:00Z,20580.25,20623.5,20576.75,20614.5,34240.0
2024-11-19T13:00:00Z,20614.5,20621.5,20416.0,20422.25,81556.0
2024-11-19T14:00:00Z,20421.5,20587.5,20382.0,20554.5,220752.0
2024-11-19T15:00:00Z,20554.25,20657.5,20524.0,20637.0,188518.0
2024-11-19T16:00:00Z,20637.0,20700.5,20636.5,20669.25,110507.0
2024-11-19T17:00:00Z,20669.5,20709.0,20642.75,20689.25,87894.0
2024-11-19T18:00:00Z,20692.25,20792.5,20681.0,20784.5,87411.0
2024-11-19T19:00:00Z,20784.5,20792.0,20709.25,20739.25,93027.0
2024-11-19T20:00:00Z,20739.25,20779.75,20727.0,20765.25,71833.0
2024-11-19T21:00:00Z,20765.25,20791.5,20754.5,20754.75,18612.0
2024-11-19T23:00:00Z,20766.0,20787.5,20750.0,20783.25,0.0
2024-11-20T00:00:00Z,20783.0,20834.75,20780.75,20813.75,21133.0
2024-11-20T01:00:00Z,20813.0,20823.25,20776.75,20790.25,19747.0
2024-11-20T02:00:00Z,20790.75,20814.5,20785.25,20809.75,11096.0
2024-11-20T03:00:00Z,20809.75,20812.75,20773.0,20785.75,12342.0
2024-11-20T04:00:00Z,20785.5,20808.75,20784.0,20800.5,7831.0
2024-11-20T05:00:00Z,20796.0,20804.0,20785.5,20796.0,6811.0
2024-11-20T06:00:00Z,20796.0,20840.0,20794.0,20830.75,15902.0
2024-11-20T07:00:00Z,20831.0,20840.25,20801.5,20825.75,20863.0
2024-11-20T08:00:00Z,20825.75,20843.5,20794.25,20795.25,25954.0
2024-11-20T09:00:00Z,20795.5,20828.75,20783.0,20795.0,19969.0
2024-11-20T10:00:00Z,20795.0,20799.5,20753.0,20782.0,24645.0
2024-11-20T11:00:00Z,20781.5,20804.0,20771.0,20793.25,22286.0
2024-11-20T12:00:00Z,20793.5,20824.0,20788.5,20820.0,21833.0
2024-11-20T13:00:00Z,20819.5,20829.5,20785.25,20793.0,31263.0
2024-11-20T14:00:00Z,20793.0,20793.25,20612.75,20614.5,207789.0
2024-11-20T15:00:00Z,20614.0,20646.0,20477.25,20627.0,287150.0
2024-11-20T16:00:00Z,20626.75,20709.0,20547.75,20688.75,191374.0
2024-11-20T17:00:00Z,20688.75,20707.0,20579.75,20606.75,130821.0
2024-11-20T18:00:00Z,20607.0,20632.0,20556.5,20590.0,90676.0
2024-11-20T19:00:00Z,20589.0,20629.25,20558.25,20608.75,71179.0
2024-11-20T20:00:00Z,20608.5,20764.25,20593.25,20751.5,116922.0
2024-11-20T21:00:00Z,20751.75,20786.5,20595.75,20739.25,86990.0
2024-11-20T23:00:00Z,20739.25,20763.0,20687.25,20752.75,0.0
2024-11-21T00:00:00Z,20754.0,20758.25,20645.0,20650.0,30401.0
2024-11-21T01:00:00Z,20650.5,20674.25,20620.0,20631.0,30339.0
2024-11-21T02:00:00Z,20631.0,20660.25,20628.0,20648.25,16392.0
2024-11-21T03:00:00Z,20648.0,20689.0,20647.75,20655.25,16020.0
2024-11-21T04:00:00Z,20655.0,20683.75,20638.0,20678.75,12683.0
2024-11-21T05:00:00Z,20684.25,20704.25,20660.5,20677.75,13382.0
2024-11-21T06:00:00Z,20678.5,20693.75,20665.25,20689.25,10841.0
2024-11-21T07:00:00Z,20689.75,20725.0,20606.25,20669.75,49810.0
2024-11-21T08:00:00Z,20669.5,20702.5,20635.0,20676.0,42324.0
2024-11-21T09:00:00Z,20675.5,20676.75,20595.75,20647.5,45154.0
2024-11-21T10:00:00Z,20646.75,20687.0,20631.0,20680.0,22802.0
2024-11-21T11:00:00Z,20679.75,20742.0,20678.0,20731.75,42280.0
2024-11-21T12:00:00Z,20732.5,20808.75,20724.0,20761.75,59753.0
2024-11-21T13:00:00Z,20761.25,20873.0,20758.5,20844.25,64983.0
2024-11-21T14:00:00Z,20844.75,20907.0,20628.25,20667.25,314125.0
2024-11-21T15:00:00Z,20669.0,20719.0,20514.0,20708.75,350467.0
2024-11-21T16:00:00Z,20709.0,20791.25,20688.5,20732.75,191017.0
2024-11-21T17:00:00Z,20733.0,20857.75,20697.5,20818.75,122312.0
2024-11-21T18:00:00Z,20819.5,20866.5,20811.5,20857.5,90200.0
2024-11-21T19:00:00Z,20857.0,20869.5,20792.25,20848.25,88696.0
2024-11-21T20:00:00Z,20848.0,20878.75,20818.5,20823.5,81395.0
2024-11-21T21:00:00Z,20823.5,20831.25,20790.25,20794.0,21148.0
2024-11-21T23:00:00Z,20804.0,20808.0,20758.75,20773.75,0.0
2024-11-22T00:00:00Z,20774.25,20793.0,20763.0,20770.25,15054.0
2024-11-22T01:00:00Z,20770.75,20813.25,20770.25,20799.75,17528.0
2024-11-22T02:00:00Z,20799.25,20825.75,20792.0,20820.25,11267.0
2024-11-22T03:00:00Z,20819.75,20844.75,20760.0,20791.0,26753.0
2024-11-22T04:00:00Z,20790.75,20821.5,20781.25,20808.75,15662.0
2024-11-22T05:00:00Z,20812.0,20817.25,20762.5,20766.25,16852.0
2024-11-22T06:00:00Z,20766.0,20814.25,20763.0,20801.25,14123.0
2024-11-22T07:00:00Z,20801.0,20827.5,20787.0,20811.0,17019.0
2024-11-22T08:00:00Z,20812.0,20831.25,20784.0,20806.75,25315.0
2024-11-22T09:00:00Z,20806.75,20807.5,20694.0,20756.75,50416.0
2024-11-22T10:00:00Z,20757.75,20760.0,20693.0,20741.75,30949.0
2024-11-22T11:00:00Z,20741.75,20774.25,20723.25,20771.0,23809.0
2024-11-22T12:00:00Z,20770.5,20802.75,20767.5,20797.5,27118.0
2024-11-22T13:00:00Z,20797.25,20816.0,20775.5,20784.75,40636.0
2024-11-22T14:00:00Z,20785.0,20873.25,20768.5,20856.0,220165.0
2024-11-22T15:00:00Z,20856.0,20857.5,20722.0,20843.0,311363.0
2024-11-22T16:00:00Z,20842.75,20847.5,20743.0,20813.25,183074.0
2024-11-22T17:00:00Z,20813.75,20864.75,20797.0,20855.0,107549.0
2024-11-22T18:00:00Z,20854.75,20880.5,20825.25,20846.75,91576.0
2024-11-22T19:00:00Z,20847.0,20854.25,20795.5,20847.0,77358.0
2024-11-22T20:00:00Z,20847.0,20868.5,20800.25,20847.5,93756.0
2024-11-22T21:00:00Z,20847.25,20879.75,20840.0,20878.5,19069.0
2024-11-24T23:00:00Z,20909.0,20954.75,20908.0,20935.75,18466.0
2024-11-25T00:00:00Z,20936.5,20957.5,20934.75,20954.5,11648.0
2024-11-25T01:00:00Z,20954.25,20968.0,20950.0,20952.5,13150.0
2024-11-25T02:00:00Z,20952.5,20964.5,20952.5,20960.0,7185.0
2024-11-25T03:00:00Z,20959.25,20970.0,20951.5,20960.75,7505.0
2024-11-25T04:00:00Z,20960.75,20974.0,20958.5,20967.0,5912.0
2024-11-25T05:00:00Z,20965.25,20972.5,20958.25,20971.0,6393.0
2024-11-25T06:00:00Z,20970.75,20971.0,20954.0,20959.5,7355.0
2024-11-25T07:00:00Z,20959.0,20966.5,20950.25,20955.25,7711.0
2024-11-25T08:00:00Z,20955.25,20964.25,20931.5,20958.25,17449.0
2024-11-25T09:00:00Z,20958.0,20970.75,20945.0,20967.25,13076.0
2024-11-25T10:00:00Z,20967.75,20981.25,20962.25,20979.5,10505.0
2024-11-25T11:00:00Z,20979.5,20980.25,20963.25,20965.25,10293.0
2024-11-25T12:00:00Z,20965.0,20972.75,20943.75,20955.5,26817.0
2024-11-25T13:00:00Z,20954.75,21027.25,20943.0,20999.25,52061.0
2024-11-25T14:00:00Z,20999.0,21081.25,20918.0,20944.25,302457.0
2024-11-25T15:00:00Z,20944.25,20957.0,20869.5,20895.25,250514.0
2024-11-25T16:00:00Z,20895.5,20962.25,20887.0,20905.0,123267.0
2024-11-25T17:00:00Z,20904.75,20910.25,20780.25,20851.5,149357.0
2024-11-25T18:00:00Z,20851.5,20890.0,20842.0,20851.5,89146.0
2024-11-25T19:00:00Z,20851.5,20879.5,20825.5,20861.5,70188.0
2024-11-25T20:00:00Z,20861.25,20886.0,20835.5,20878.0,79929.0
2024-11-25T21:00:00Z,20878.0,20918.25,20862.75,20901.5,26636.0
2024-11-25T23:00:00Z,20910.0,20934.25,20800.5,20834.25,0.0
2024-11-26T00:00:00Z,20834.75,20839.0,20786.0,20798.25,36655.0
2024-11-26T01:00:00Z,20798.75,20850.0,20755.25,20843.0,36120.0
2024-11-26T02:00:00Z,20842.75,20882.0,20842.5,20871.0,20287.0
2024-11-26T03:00:00Z,20871.5,20908.0,20864.5,20894.25,15132.0
2024-11-26T04:00:00Z,20894.25,20913.75,20886.25,20898.25,12514.0
2024-11-26T05:00:00Z,20906.0,20907.0,20870.25,20882.75,12682.0
2024-11-26T06:00:00Z,20883.5,20924.5,20881.75,20906.75,12643.0
2024-11-26T07:00:00Z,20906.5,20909.25,20874.75,20877.25,18392.0
2024-11-26T08:00:00Z,20877.5,20894.5,20851.5,20869.75,28231.0
2024-11-26T09:00:00Z,20869.75,20897.0,20864.0,20886.25,16785.0
2024-11-26T10:00:00Z,20886.25,20905.75,20861.5,20894.0,16036.0
2024-11-26T11:00:00Z,20894.25,20945.75,20880.25,20939.75,23073.0
2024-11-26T12:00:00Z,20938.5,20955.0,20927.0,20947.0,30194.0
2024-11-26T13:00:00Z,20947.0,20957.5,20920.0,20943.25,37146.0
2024-11-26T14:00:00Z,20943.0,21025.0,20924.25,20971.5,208576.0
2024-11-26T15:00:00Z,20971.5,20999.75,20919.0,20950.0,235667.0
2024-11-26T16:00:00Z,20949.75,20983.75,20923.75,20965.25,129769.0
2024-11-26T17:00:00Z,20965.25,20984.5,20927.0,20980.75,80267.0
2024-11-26T18:00:00Z,20981.0,20981.25,20943.75,20970.0,61682.0
2024-11-26T19:00:00Z,20968.75,20981.5,20903.75,20932.25,101547.0
2024-11-26T20:00:00Z,20932.0,21008.5,20927.0,20989.75,96350.0
2024-11-26T21:00:00Z,20989.75,21008.5,20988.25,21001.0,20775.0
2024-11-26T23:00:00Z,20998.25,20998.5,20968.75,20985.75,0.0
2024-11-27T00:00:00Z,20986.0,20990.0,20971.0,20986.25,9532.0
2024-11-27T01:00:00Z,20986.25,20997.75,20982.5,20995.0,8202.0
2024-11-27T02:00:00Z,20995.5,21019.25,20991.5,21005.25,12152.0
2024-11-27T03:00:00Z,21005.75,21006.75,20977.75,20984.25,12318.0
2024-11-27T04:00:00Z,20984.25,20985.75,20958.0,20963.75,9668.0
2024-11-27T05:00:00Z,20964.5,20971.75,20952.0,20959.0,9805.0
2024-11-27T06:00:00Z,20958.75,20978.0,20957.5,20970.0,8039.0
2024-11-27T07:00:00Z,20970.25,20990.0,20963.0,20978.5,11338.0
2024-11-27T08:00:00Z,20978.0,20981.75,20922.25,20936.5,34875.0
2024-11-27T09:00:00Z,20937.5,20953.0,20904.5,20922.0,25189.0
2024-11-27T10:00:00Z,20921.25,20939.0,20909.75,20935.5,14706.0
2024-11-27T11:00:00Z,20935.0,20939.0,20905.5,20930.25,17895.0
2024-11-27T12:00:00Z,20930.5,20951.0,20916.25,20943.75,17420.0
2024-11-27T13:00:00Z,20943.75,20971.0,20940.5,20953.75,38927.0
2024-11-27T14:00:00Z,20953.75,20955.75,20839.25,20859.25,173322.0
2024-11-27T15:00:00Z,20859.5,20861.5,20729.25,20743.5,248858.0
2024-11-27T16:00:00Z,20743.75,20761.75,20691.75,20716.5,165884.0
2024-11-27T17:00:00Z,20716.25,20746.25,20675.0,20743.5,105253.0
2024-11-27T18:00:00Z,20743.0,20818.5,20734.75,20810.5,91985.0
2024-11-27T19:00:00Z,20810.5,20826.0,20790.0,20804.25,78257.0
2024-11-27T20:00:00Z,20804.75,20830.0,20769.25,20816.75,99092.0
2024-11-27T21:00:00Z,20816.5,20826.5,20798.0,20806.5,20057.0
2024-11-27T23:00:00Z,20814.75,20833.5,20806.5,20823.25,0.0
2024-11-28T00:00:00Z,20823.5,20852.0,20823.0,20845.5,8129.0
2024-11-28T01:00:00Z,20846.0,20854.5,20833.5,20836.75,7926.0
2024-11-28T02:00:00Z,20837.5,20851.75,20834.5,20848.5,4446.0
2024-11-28T03:00:00Z,20848.75,20858.0,20842.75,20852.75,4185.0
2024-11-28T04:00:00Z,20853.5,20861.5,20850.0,20856.5,4249.0
2024-11-29T14:30:00Z,20829.0,20919.0,20805.75,20916.25,144417.0
2024-11-29T15:30:00Z,20915.5,20982.0,20905.25,20954.25,144882.0
2024-11-29T16:30:00Z,20954.75,21006.75,20954.75,20996.5,91431.0
2024-11-29T17:30:00Z,20996.75,21018.0,20979.25,20991.25,78217.0
2024-11-29T18:00:00Z,20990.5,20995.25,20980.5,20993.5,8254.0
2024-12-01T23:00:00Z,20994.5,21003.5,20952.75,20964.5,22415.0
2024-12-02T00:00:00Z,20965.25,20983.0,20942.0,20957.0,21403.0
2024-12-02T01:00:00Z,20956.75,20974.5,20949.25,20957.0,15556.0
2024-12-02T02:00:00Z,20957.0,20961.75,20948.25,20953.5,10451.0
2024-12-02T03:00:00Z,20954.0,20965.0,20945.0,20950.0,8952.0
2024-12-02T04:00:00Z,20949.75,20966.75,20947.0,20957.25,9045.0
2024-12-02T05:00:00Z,20957.5,20965.0,20946.0,20954.0,8413.0
2024-12-02T06:00:00Z,20954.5,20956.75,20939.75,20953.0,9297.0
2024-12-02T07:00:00Z,20953.25,20962.75,20946.75,20961.5,8382.0
2024-12-02T08:00:00Z,20961.5,20973.75,20951.25,20971.0,12245.0
2024-12-02T09:00:00Z,20970.25,20973.75,20949.75,20952.25,10631.0
2024-12-02T10:00:00Z,20952.75,20963.5,20940.0,20949.5,12063.0
2024-12-02T11:00:00Z,20949.75,20969.5,20947.5,20968.25,10262.0
2024-12-02T12:00:00Z,20968.0,21012.0,20965.75,21006.5,25274.0
2024-12-02T13:00:00Z,21006.5,21036.25,20999.25,21026.75,41319.0
2024-12-02T14:00:00Z,21027.0,21170.5,21024.0,21150.0,197175.0
2024-12-02T15:00:00Z,21152.25,21200.0,21141.0,21156.25,203560.0
2024-12-02T16:00:00Z,21156.5,21238.0,21152.5,21229.5,134439.0
2024-12-02T17:00:00Z,21229.5,21259.5,21225.5,21228.0,85538.0
2024-12-02T18:00:00Z,21227.25,21234.0,21194.75,21212.5,78798.0
2024-12-02T19:00:00Z,21212.5,21220.5,21176.25,21219.75,72628.0
2024-12-02T20:00:00Z,21219.5,21240.75,21202.5,21217.0,89126.0
2024-12-02T21:00:00Z,21217.0,21239.5,21208.5,21211.0,21203.0
2024-12-02T23:00:00Z,21215.0,21224.75,21203.75,21213.75,0.0
2024-12-03T00:00:00Z,21214.75,21220.75,21204.75,21211.0,5835.0
2024-12-03T01:00:00Z,21210.5,21226.75,21203.5,21216.0,9099.0
2024-12-03T02:00:00Z,21216.5,21221.0,21209.75,21218.75,4590.0
2024-12-03T03:00:00Z,21218.25,21238.25,21217.75,21231.0,7605.0
2024-12-03T04:00:00Z,21230.75,21240.5,21224.5,21225.5,4971.0
2024-12-03T05:00:00Z,21225.25,21234.0,21224.0,21231.5,4212.0
2024-12-03T06:00:00Z,21231.25,21238.0,21225.25,21227.75,5177.0
2024-12-03T07:00:00Z,21227.0,21235.5,21219.25,21227.75,7260.0
2024-12-03T08:00:00Z,21227.25,21243.75,21211.0,21217.5,16576.0
2024-12-03T09:00:00Z,21217.75,21223.0,21211.25,21217.25,8736.0
2024-12-03T10:00:00Z,21217.25,21222.5,21201.75,21202.75,9043.0
2024-12-03T11:00:00Z,21202.75,21211.75,21187.25,21207.0,16788.0
2024-12-03T12:00:00Z,21207.25,21221.75,21186.25,21207.0,21990.0
2024-12-03T13:00:00Z,21207.25,21225.75,21195.0,21196.0,25338.0
2024-12-03T14:00:00Z,21196.25,21210.5,21134.75,21204.0,200486.0
2024-12-03T15:00:00Z,21202.25,21234.0,21162.0,21207.0,197857.0
2024-12-03T16:00:00Z,21207.5,21262.5,21194.5,21206.25,151481.0
2024-12-03T17:00:00Z,21206.0,21243.25,21190.25,21242.25,78011.0
2024-12-03T18:00:00Z,21242.5,21246.75,21213.0,21232.0,65800.0
2024-12-03T19:00:00Z,21232.25,21262.0,21223.75,21255.0,57111.0
2024-12-03T20:00:00Z,21255.0,21289.0,21239.0,21279.25,71709.0
2024-12-03T21:00:00Z,21279.0,21328.75,21272.5,21324.0,32933.0
2024-12-03T23:00:00Z,21321.25,21336.25,21305.5,21332.75,0.0
2024-12-04T00:00:00Z,21333.0,21334.0,21316.0,21323.25,9801.0
2024-12-04T01:00:00Z,21323.75,21334.75,21320.0,21324.25,7451.0
2024-12-04T02:00:00Z,21324.5,21345.5,21324.25,21336.0,5845.0
2024-12-04T03:00:00Z,21336.0,21344.75,21326.25,21340.75,8426.0
2024-12-04T04:00:00Z,21341.0,21355.0,21337.75,21352.25,6146.0
2024-12-04T05:00:00Z,21351.5,21368.25,21345.75,21357.0,9169.0
2024-12-04T06:00:00Z,21357.0,21362.5,21337.75,21353.5,8770.0
2024-12-04T07:00:00Z,21353.5,21359.25,21343.0,21348.75,7520.0
2024-12-04T08:00:00Z,21348.5,21387.75,21345.0,21385.25,16455.0
2024-12-04T09:00:00Z,21385.0,21403.5,21376.25,21399.25,17940.0
2024-12-04T10:00:00Z,21399.5,21413.0,21386.0,21406.25,12644.0
2024-12-04T11:00:00Z,21406.25,21428.25,21400.25,21417.75,16487.0
2024-12-04T12:00:00Z,21418.5,21426.75,21407.75,21410.5,14563.0
2024-12-04T13:00:00Z,21410.5,21449.5,21410.0,21448.5,33288.0
2024-12-04T14:00:00Z,21448.0,21456.75,21388.25,21416.75,163061.0
2024-12-04T15:00:00Z,21416.5,21491.25,21391.75,21482.75,197806.0
2024-12-04T16:00:00Z,21482.75,21496.5,21448.5,21473.0,96279.0
2024-12-04T17:00:00Z,21473.0,21492.25,21455.75,21481.25,73573.0
2024-12-04T18:00:00Z,21481.0,21494.0,21439.0,21471.5,79591.0
2024-12-04T19:00:00Z,21471.5,21519.25,21463.25,21512.0,75962.0
2024-12-04T20:00:00Z,21512.25,21550.0,21507.25,21537.25,74635.0
2024-12-04T21:00:00Z,21537.0,21538.5,21509.0,21517.75,26226.0
2024-12-04T23:00:00Z,21511.0,21523.75,21504.0,21510.25,0.0
2024-12-05T00:00:00Z,21510.25,21510.75,21495.5,21497.75,8949.0
2024-12-05T01:00:00Z,21497.75,21519.75,21495.0,21514.5,10172.0
2024-12-05T02:00:00Z,21514.75,21520.75,21507.0,21509.0,6129.0
2024-12-05T03:00:00Z,21509.5,21518.0,21507.25,21516.0,4295.0
2024-12-05T04:00:00Z,21515.25,21515.5,21503.25,21509.25,4273.0
2024-12-05T05:00:00Z,21509.0,21515.75,21505.5,21514.5,3796.0
2024-12-05T06:00:00Z,21515.25,21519.75,21502.25,21503.75,5119.0
2024-12-05T07:00:00Z,21503.75,21504.5,21492.25,21494.5,9033.0
2024-12-05T08:00:00Z,21494.5,21510.0,21489.0,21503.75,11097.0
2024-12-05T09:00:00Z,21503.75,21509.0,21489.5,21507.5,9270.0
2024-12-05T10:00:00Z,21507.0,21517.0,21500.0,21504.75,9040.0
2024-12-05T11:00:00Z,21505.0,21522.5,21501.75,21517.25,8024.0
2024-12-05T12:00:00Z,21517.5,21538.0,21517.0,21536.75,12481.0
2024-12-05T13:00:00Z,21537.0,21537.75,21505.75,21526.25,27040.0
2024-12-05T14:00:00Z,21527.0,21552.0,21497.75,21509.25,139591.0
2024-12-05T15:00:00Z,21510.5,21537.5,21487.5,21502.5,175857.0
2024-12-05T16:00:00Z,21502.5,21540.0,21497.25,21530.0,92706.0
2024-12-05T17:00:00Z,21530.5,21567.75,21524.0,21560.25,75145.0
2024-12-05T18:00:00Z,21560.5,21561.0,21481.25,21493.75,115473.0
2024-12-05T19:00:00Z,21493.75,21517.0,21473.75,21494.25,77990.0
2024-12-05T20:00:00Z,21493.75,21511.0,21459.25,21475.5,95735.0
2024-12-05T21:00:00Z,21475.5,21476.0,21437.25,21453.0,22827.0
2024-12-05T23:00:00Z,21449.25,21458.5,21424.0,21455.75,0.0
2024-12-06T00:00:00Z,21455.25,21458.25,21442.5,21455.25,7408.0
2024-12-06T01:00:00Z,21454.75,21469.5,21449.75,21462.75,9690.0
2024-12-06T02:00:00Z,21463.0,21481.75,21459.75,21477.0,7939.0
2024-12-06T03:00:00Z,21477.25,21478.5,21464.5,21464.75,5831.0
2024-12-06T04:00:00Z,21465.0,21474.5,21458.75,21472.5,4907.0
2024-12-06T05:00:00Z,21469.75,21478.25,21468.75,21477.25,3470.0
2024-12-06T06:00:00Z,21476.75,21483.5,21474.0,21476.5,4562.0
2024-12-06T07:00:00Z,21477.0,21486.5,21470.5,21475.75,5750.0
2024-12-06T08:00:00Z,21476.0,21495.5,21471.75,21488.75,9792.0
2024-12-06T09:00:00Z,21488.25,21489.25,21463.75,21471.5,11249.0
2024-12-06T10:00:00Z,21471.0,21475.0,21451.25,21453.5,9268.0
2024-12-06T11:00:00Z,21454.0,21463.75,21443.75,21460.75,11089.0
2024-12-06T12:00:00Z,21461.25,21485.25,21457.0,21478.75,13840.0
2024-12-06T13:00:00Z,21478.5,21530.0,21439.0,21491.25,58924.0
2024-12-06T14:00:00Z,21491.25,21614.5,21485.0,21608.0,171261.0
2024-12-06T15:00:00Z,21607.25,21645.5,21593.5,21619.5,171654.0
2024-12-06T16:00:00Z,21620.0,21637.25,21572.75,21615.0,139119.0
2024-12-06T17:00:00Z,21615.25,21637.5,21597.5,21619.25,88867.0
2024-12-06T18:00:00Z,21618.75,21669.5,21615.25,21658.75,82954.0
2024-12-06T19:00:00Z,21658.5,21658.75,21612.0,21635.75,82882.0
2024-12-06T20:00:00Z,21635.5,21665.0,21626.25,21658.5,76574.0
2024-12-06T21:00:00Z,21658.25,21658.5,21627.0,21632.25,24002.0
2024-12-08T23:00:00Z,21648.75,21670.75,21626.5,21657.75,16402.0
2024-12-09T00:00:00Z,21657.5,21662.0,21637.25,21643.25,11941.0
2024-12-09T01:00:00Z,21643.25,21653.5,21627.0,21651.25,10920.0
2024-12-09T02:00:00Z,21652.5,21657.75,21640.75,21649.75,7244.0
2024-12-09T03:00:00Z,21650.0,21655.25,21642.25,21643.5,4805.0
2024-12-09T04:00:00Z,21643.25,21648.75,21635.0,21637.75,4530.0
2024-12-09T05:00:00Z,21638.75,21648.75,21636.25,21648.25,4003.0
2024-12-09T06:00:00Z,21648.5,21656.25,21647.5,21650.0,4196.0
2024-12-09T07:00:00Z,21649.5,21703.0,21646.25,21696.25,17477.0
2024-12-09T08:00:00Z,21696.5,21706.25,21680.5,21704.25,13767.0
2024-12-09T09:00:00Z,21704.0,21704.75,21624.75,21634.5,23191.0
2024-12-09T10:00:00Z,21634.5,21637.0,21612.5,21615.25,14762.0
2024-12-09T11:00:00Z,21614.75,21627.75,21586.0,21615.75,25213.0
2024-12-09T12:00:00Z,21615.75,21629.75,21608.0,21627.0,15260.0
2024-12-09T13:00:00Z,21626.5,21632.0,21609.75,21619.75,15897.0
2024-12-09T14:00:00Z,21620.0,21649.0,21582.75,21623.5,155707.0
2024-12-09T15:00:00Z,21623.5,21631.75,21503.25,21507.75,227610.0
2024-12-09T16:00:00Z,21508.0,21528.0,21437.0,21510.25,174561.0
2024-12-09T17:00:00Z,21510.25,21524.0,21485.5,21487.75,80737.0
2024-12-09T18:00:00Z,21488.0,21549.75,21474.25,21529.75,77063.0
2024-12-09T19:00:00Z,21530.0,21530.25,21444.5,21476.75,85915.0
2024-12-09T20:00:00Z,21476.25,21489.75,21441.0,21485.5,97822.0
2024-12-09T21:00:00Z,21485.75,21488.0,21463.25,21473.0,23047.0
2024-12-09T23:00:00Z,21480.0,21482.25,21458.5,21465.5,0.0
2024-12-10T00:00:00Z,21465.0,21479.75,21460.5,21477.0,6770.0
2024-12-10T01:00:00Z,21477.0,21485.0,21462.75,21468.75,8626.0
2024-12-10T02:00:00Z,21468.5,21474.5,21466.0,21467.5,3374.0
2024-12-10T03:00:00Z,21467.5,21477.25,21465.0,21473.25,3165.0
2024-12-10T04:00:00Z,21473.25,21476.25,21466.25,21468.5,2263.0
2024-12-10T05:00:00Z,21474.0,21476.75,21451.75,21464.0,6654.0
2024-12-10T06:00:00Z,21463.75,21468.75,21453.75,21459.25,5442.0
2024-12-10T07:00:00Z,21459.5,21466.5,21453.75,21458.25,4818.0
2024-12-10T08:00:00Z,21458.5,21466.75,21447.75,21462.0,8806.0
2024-12-10T09:00:00Z,21462.0,21464.5,21451.25,21461.5,7697.0
2024-12-10T10:00:00Z,21461.25,21498.0,21458.25,21491.5,13698.0
2024-12-10T11:00:00Z,21491.5,21517.5,21490.0,21510.75,10376.0
2024-12-10T12:00:00Z,21511.0,21535.25,21506.25,21529.0,16449.0
2024-12-10T13:00:00Z,21528.5,21538.0,21495.5,21501.5,30443.0
2024-12-10T14:00:00Z,21501.5,21589.75,21491.75,21546.75,210427.0
2024-12-10T15:00:00Z,21546.5,21606.75,21496.5,21505.5,229059.0
2024-12-10T16:00:00Z,21505.0,21516.0,21448.25,21483.75,184041.0
2024-12-10T17:00:00Z,21483.75,21502.75,21444.0,21470.25,115877.0
2024-12-10T18:00:00Z,21469.75,21484.75,21450.75,21453.25,73004.0
2024-12-10T19:00:00Z,21453.25,21460.0,21399.75,21411.0,97861.0
2024-12-10T20:00:00Z,21411.25,21412.75,21352.75,21407.75,134101.0
2024-12-10T21:00:00Z,21407.75,21441.0,21407.5,21434.75,24528.0
2024-12-10T23:00:00Z,21438.25,21442.5,21417.25,21428.5,0.0
2024-12-11T00:00:00Z,21428.0,21429.25,21408.5,21422.75,8354.0
2024-12-11T01:00:00Z,21422.75,21435.0,21419.0,21429.5,6465.0
2024-12-11T02:00:00Z,21429.25,21431.0,21419.75,21428.25,4281.0
2024-12-11T03:00:00Z,21427.75,21438.0,21425.5,21426.75,4037.0
2024-12-11T04:00:00Z,21426.75,21432.0,21414.0,21430.75,5278.0
2024-12-11T05:00:00Z,21430.25,21433.5,21423.25,21430.25,4180.0
2024-12-11T06:00:00Z,21430.5,21447.5,21429.75,21444.5,5443.0
2024-12-11T07:00:00Z,21444.75,21450.25,21405.75,21420.25,15285.0
2024-12-11T08:00:00Z,21420.5,21447.25,21417.5,21432.75,10375.0
2024-12-11T09:00:00Z,21433.0,21456.25,21430.25,21448.75,11398.0
2024-12-11T10:00:00Z,21449.0,21454.0,21435.5,21447.5,6356.0
2024-12-11T11:00:00Z,21448.0,21459.75,21440.25,21442.25,7612.0
2024-12-11T12:00:00Z,21442.5,21448.5,21431.25,21438.0,12076.0
2024-12-11T13:00:00Z,21437.75,21536.0,21436.0,21529.5,58191.0
2024-12-11T14:00:00Z,21529.0,21697.0,21526.25,21696.0,219801.0
2024-12-11T15:00:00Z,21695.75,21736.25,21673.75,21696.75,228599.0
2024-12-11T16:00:00Z,21696.75,21770.25,21690.5,21760.0,134501.0
2024-12-11T17:00:00Z,21760.25,21790.5,21759.0,21781.25,82600.0
2024-12-11T18:00:00Z,21781.25,21811.5,21778.25,21793.0,73124.0
2024-12-11T19:00:00Z,21792.75,21811.0,21779.5,21800.25,62039.0
2024-12-11T20:00:00Z,21800.0,21819.75,21786.25,21791.25,81103.0
2024-12-11T21:00:00Z,21791.5,21792.75,21750.0,21755.25,39982.0
2024-12-11T23:00:00Z,21756.75,21767.25,21746.25,21758.25,0.0
2024-12-12T00:00:00Z,21758.25,21761.75,21742.5,21752.5,8592.0
2024-12-12T01:00:00Z,21752.0,21759.0,21747.5,21752.5,6160.0
2024-12-12T02:00:00Z,21752.75,21759.5,21749.0,21753.0,4289.0
2024-12-12T03:00:00Z,21753.5,21764.25,21752.75,21761.0,4501.0
2024-12-12T04:00:00Z,21760.75,21763.0,21757.0,21761.5,2368.0
2024-12-12T05:00:00Z,21758.25,21765.0,21756.0,21765.0,3875.0
2024-12-12T06:00:00Z,21765.0,21772.75,21754.5,21761.25,5528.0
2024-12-12T07:00:00Z,21761.25,21765.75,21748.0,21752.75,5560.0
2024-12-12T08:00:00Z,21752.25,21771.25,21742.5,21752.5,10705.0
2024-12-12T09:00:00Z,21752.75,21762.5,21730.5,21734.0,11809.0
2024-12-12T10:00:00Z,21734.25,21747.0,21728.5,21744.0,8255.0
2024-12-12T11:00:00Z,21744.0,21749.25,21720.75,21724.5,13200.0
2024-12-12T12:00:00Z,21724.75,21732.25,21693.75,21701.5,20835.0
2024-12-12T13:00:00Z,21701.25,21735.0,21648.25,21684.0,68944.0
2024-12-12T14:00:00Z,21684.0,21699.25,21655.75,21683.5,176422.0
2024-12-12T15:00:00Z,21682.25,21728.75,21624.75,21721.5,243668.0
2024-12-12T16:00:00Z,21721.25,21739.75,21671.5,21673.75,118632.0
2024-12-12T17:00:00Z,21674.0,21742.0,21669.0,21739.5,97929.0
2024-12-12T18:00:00Z,21739.75,21744.5,21694.75,21697.25,84674.0
2024-12-12T19:00:00Z,21697.0,21715.5,21664.5,21684.25,90980.0
2024-12-12T20:00:00Z,21684.25,21687.75,21642.25,21643.25,91178.0
2024-12-12T21:00:00Z,21643.25,21684.75,21602.25,21631.75,56094.0
2024-12-12T23:00:00Z,21700.5,21751.75,21700.5,21744.5,0.0
2024-12-13T00:00:00Z,21744.75,21768.75,21738.25,21753.75,12609.0
2024-12-13T01:00:00Z,21753.0,21760.0,21732.25,21733.5,11559.0
2024-12-13T02:00:00Z,21733.25,21734.25,21708.5,21727.0,12505.0
2024-12-13T03:00:00Z,21726.75,21729.0,21699.25,21704.25,9459.0
2024-12-13T04:00:00Z,21704.5,21719.0,21697.5,21718.0,6509.0
2024-12-13T05:00:00Z,21715.75,21724.0,21707.0,21723.0,5254.0
2024-12-13T06:00:00Z,21723.0,21746.5,21722.75,21746.0,7372.0
2024-12-13T07:00:00Z,21745.75,21749.75,21725.0,21736.25,9153.0
2024-12-13T08:00:00Z,21736.0,21766.25,21731.25,21758.5,11394.0
2024-12-13T09:00:00Z,21758.75,21787.0,21756.5,21785.25,14792.0
2024-12-13T10:00:00Z,21786.25,21799.25,21780.5,21791.75,10282.0
2024-12-13T11:00:00Z,21791.75,21804.75,21785.25,21788.25,13729.0
2024-12-13T12:00:00Z,21788.0,21835.75,21781.25,21832.0,22182.0
2024-12-13T13:00:00Z,21831.5,21844.0,21814.0,21821.25,27078.0
2024-12-13T14:00:00Z,21821.5,21908.0,21775.75,21880.75,211227.0
2024-12-13T15:00:00Z,21880.75,21888.5,21686.75,21688.25,289158.0
2024-12-13T16:00:00Z,21688.25,21757.5,21666.75,21699.25,219623.0
2024-12-13T17:00:00Z,21699.0,21741.75,21679.75,21684.5,115016.0
2024-12-13T18:00:00Z,21684.5,21776.25,21681.25,21774.0,90851.0
2024-12-13T19:00:00Z,21774.0,21815.5,21759.0,21801.5,73600.0
2024-12-13T20:00:00Z,21801.25,21824.25,21774.5,21797.75,90156.0
2024-12-13T21:00:00Z,21797.5,21798.0,21750.25,21760.5,25052.0
2024-12-15T23:00:00Z,21785.25,21800.5,21762.25,21789.25,11899.0
2024-12-16T00:00:00Z,21789.75,21809.0,21785.75,21801.25,7655.0
2024-12-16T01:00:00Z,21800.75,21815.0,21783.25,21814.0,8827.0
2024-12-16T02:00:00Z,21813.25,21821.75,21807.5,21816.0,6221.0
2024-12-16T03:00:00Z,21816.5,21819.5,21803.5,21804.25,5245.0
2024-12-16T04:00:00Z,21804.75,21814.75,21796.5,21800.75,4091.0
2024-12-16T05:00:00Z,21800.75,21804.25,21784.5,21791.0,5322.0
2024-12-16T06:00:00Z,21790.75,21809.5,21790.0,21809.0,3813.0
2024-12-16T07:00:00Z,21808.5,21810.75,21792.75,21804.0,4686.0
2024-12-16T08:00:00Z,21804.25,21819.0,21795.25,21812.0,7640.0
2024-12-16T09:00:00Z,21811.0,21848.5,21806.5,21846.75,9545.0
2024-12-16T10:00:00Z,21846.5,21866.5,21846.5,21863.0,7797.0
2024-12-16T11:00:00Z,21862.75,21864.5,21837.5,21860.75,10683.0
2024-12-16T12:00:00Z,21860.75,21883.75,21854.0,21874.5,11642.0
2024-12-16T13:00:00Z,21873.25,21914.0,21866.75,21911.0,20048.0
2024-12-16T14:00:00Z,21911.0,21972.5,21880.0,21970.75,109958.0
2024-12-16T15:00:00Z,21971.5,22024.25,21928.75,21991.75,114569.0
2024-12-16T16:00:00Z,21992.0,22057.25,21991.0,22055.75,70068.0
2024-12-16T17:00:00Z,22055.25,22089.5,22037.25,22086.5,41219.0
2024-12-16T18:00:00Z,22087.25,22127.75,22080.0,22117.5,36160.0
2024-12-16T19:00:00Z,22116.75,22145.25,22103.25,22124.25,36059.0
2024-12-16T20:00:00Z,22124.75,22152.5,22097.25,22111.5,49623.0
2024-12-16T21:00:00Z,22110.5,22118.25,22095.5,22111.0,12278.0
2024-12-16T23:00:00Z,22113.0,22117.0,22078.75,22099.0,0.0
2024-12-17T00:00:00Z,22099.5,22100.5,22085.0,22088.0,4384.0
2024-12-17T01:00:00Z,22088.0,22118.0,22082.5,22114.75,5796.0
2024-12-17T02:00:00Z,22114.75,22123.5,22111.75,22119.25,3849.0
2024-12-17T03:00:00Z,22118.0,22125.0,22112.25,22115.5,2790.0
2024-12-17T04:00:00Z,22115.25,22124.5,22115.25,22116.5,2170.0
2024-12-17T05:00:00Z,22115.0,22119.25,22102.25,22106.25,3473.0
2024-12-17T06:00:00Z,22106.0,22111.25,22086.0,22092.5,3652.0
2024-12-17T07:00:00Z,22093.0,22102.25,22037.25,22043.0,9343.0
2024-12-17T08:00:00Z,22043.25,22072.0,22028.75,22042.75,12814.0
2024-12-17T09:00:00Z,22044.25,22394.75,22039.75,22389.75,24512.0
2024-12-17T10:00:00Z,22390.0,22410.75,22074.0,22106.75,0.0
2024-12-17T11:00:00Z,22107.25,22424.5,22070.75,22088.0,10376.0
2024-12-17T12:00:00Z,22087.75,22398.5,22048.25,22349.75,39572.0
2024-12-17T13:00:00Z,22050.75,22366.25,22010.0,22352.5,35565.0
2024-12-17T14:00:00Z,22352.25,22369.75,21975.75,22308.0,169894.0
2024-12-17T15:00:00Z,22306.25,22318.5,21942.75,22309.0,193615.0
2024-12-17T16:00:00Z,22005.25,22386.25,21980.75,22341.0,122354.0
2024-12-17T17:00:00Z,22341.25,22358.5,21994.75,22340.75,82471.0
2024-12-17T18:00:00Z,22036.5,22348.75,22000.5,22003.75,0.0
2024-12-17T19:00:00Z,22004.5,22310.5,21966.25,22281.25,454107.0
2024-12-17T20:00:00Z,22280.75,22330.75,21954.25,22015.75,0.0
2024-12-17T21:00:00Z,22315.5,22318.0,21987.25,22304.0,492946.0
2024-12-17T23:00:00Z,22306.0,22307.75,22205.5,22274.25,0.0
2024-12-18T00:00:00Z,22274.25,22297.5,22271.5,22285.75,8972.0
2024-12-18T01:00:00Z,22286.0,22322.5,22286.0,22320.5,8756.0
2024-12-18T02:00:00Z,22321.0,22333.25,22320.25,22323.5,5508.0
2024-12-18T03:00:00Z,22323.25,22324.75,22299.25,22309.0,6683.0
2024-12-18T04:00:00Z,22309.25,22340.0,22308.25,22335.75,6089.0
2024-12-18T05:00:00Z,22324.5,22342.5,22322.5,22340.25,5188.0
2024-12-18T06:00:00Z,22340.75,22348.25,22314.5,22336.75,6831.0
2024-12-18T07:00:00Z,22337.0,22340.0,22318.5,22325.5,5360.0
2024-12-18T08:00:00Z,22340.5,22359.5,22330.75,22337.75,11533.0
2024-12-18T09:00:00Z,22336.5,22355.0,22313.75,22350.25,13472.0
2024-12-18T10:00:00Z,22350.0,22375.75,22346.25,22368.75,10334.0
2024-12-18T11:00:00Z,22368.75,22384.25,22359.5,22370.5,9625.0
2024-12-18T12:00:00Z,22370.25,22387.5,22361.75,22376.75,12386.0
2024-12-18T13:00:00Z,22376.5,22378.75,22285.0,22288.0,36740.0
2024-12-18T14:00:00Z,22288.0,22304.25,22211.5,22288.25,170656.0
2024-12-18T15:00:00Z,22288.5,22351.75,22272.5,22320.25,128253.0
2024-12-18T16:00:00Z,22319.75,22341.0,22250.0,22305.0,107042.0
2024-12-18T17:00:00Z,22305.25,22323.0,22276.75,22299.75,62526.0
2024-12-18T18:00:00Z,22300.25,22311.5,22273.25,22293.75,33835.0
2024-12-18T19:00:00Z,22293.75,22296.25,21902.5,21914.0,234293.0
2024-12-18T20:00:00Z,21913.75,21935.5,21430.0,21499.25,307878.0
2024-12-18T21:00:00Z,21496.75,21516.25,21310.5,21459.5,114027.0
2024-12-18T23:00:00Z,21499.0,21546.75,21453.25,21471.0,0.0
2024-12-19T00:00:00Z,21472.25,21539.0,21468.75,21537.25,27402.0
2024-12-19T01:00:00Z,21537.25,21550.0,21473.25,21502.75,29825.0
2024-12-19T02:00:00Z,21502.5,21503.25,21454.0,21462.5,18841.0
2024-12-19T03:00:00Z,21463.25,21487.25,21428.0,21482.0,20713.0
2024-12-19T04:00:00Z,21482.25,21499.25,21468.5,21485.0,10786.0
2024-12-19T05:00:00Z,21489.0,21509.0,21431.75,21439.5,16465.0
2024-12-19T06:00:00Z,21440.5,21501.25,21437.25,21487.5,19862.0
2024-12-19T07:00:00Z,21487.5,21567.25,21482.0,21561.0,32078.0
2024-12-19T08:00:00Z,21561.25,21589.75,21529.75,21587.5,26728.0
2024-12-19T09:00:00Z,21586.75,21597.75,21536.0,21568.5,30363.0
2024-12-19T10:00:00Z,21569.0,21614.25,21558.5,21564.5,20987.0
2024-12-19T11:00:00Z,21565.0,21582.75,21544.0,21575.25,18819.0
2024-12-19T12:00:00Z,21574.75,21676.0,21568.25,21675.0,45979.0
2024-12-19T13:00:00Z,21675.0,21680.75,21617.25,21624.0,56812.0
2024-12-19T14:00:00Z,21623.75,21698.0,21552.75,21578.75,255737.0
2024-12-19T15:00:00Z,21578.25,21637.5,21467.75,21551.5,274038.0
2024-12-19T16:00:00Z,21551.25,21628.75,21460.75,21562.25,158787.0
2024-12-19T17:00:00Z,21562.5,21570.0,21430.75,21519.25,125330.0
2024-12-19T18:00:00Z,21518.75,21599.75,21438.5,21597.5,108873.0
2024-12-19T19:00:00Z,21596.75,21598.75,21461.25,21462.25,97531.0
2024-12-19T20:00:00Z,21462.5,21531.25,21363.25,21376.5,146158.0
2024-12-19T21:00:00Z,21376.75,21419.75,21345.0,21408.5,31139.0
2024-12-19T23:00:00Z,21429.75,21436.0,21362.25,21374.25,0.0
2024-12-20T00:00:00Z,21374.25,21388.5,21265.75,21278.0,44695.0
2024-12-20T01:00:00Z,21278.25,21301.0,21256.5,21271.0,29585.0
2024-12-20T02:00:00Z,21271.0,21273.0,21221.5,21253.5,25747.0
2024-12-20T03:00:00Z,21254.75,21277.25,21203.75,21220.0,20563.0
2024-12-20T04:00:00Z,21220.5,21249.0,21219.75,21245.5,13551.0
2024-12-20T05:00:00Z,21256.25,21264.0,21238.75,21263.25,13107.0
2024-12-20T06:00:00Z,21263.5,21296.0,21235.75,21293.5,15164.0
2024-12-20T07:00:00Z,21293.25,21301.5,21258.0,21280.0,19507.0
2024-12-20T08:00:00Z,21279.5,21290.5,21150.25,21190.75,48000.0
2024-12-20T09:00:00Z,21191.0,21193.75,21106.25,21122.75,48510.0
2024-12-20T10:00:00Z,21122.75,21148.25,21095.75,21104.0,44605.0
2024-12-20T11:00:00Z,21104.75,21125.25,21071.75,21088.25,36882.0
2024-12-20T12:00:00Z,21087.5,21103.25,21007.0,21099.25,68611.0
2024-12-20T13:00:00Z,21099.0,21227.75,21070.0,21227.25,121568.0
2024-12-20T14:00:00Z,21210.5,21309.0,21160.25,21230.25,278486.0
2024-12-20T15:00:00Z,21232.0,21552.75,21232.0,21513.0,331541.0
2024-12-20T16:00:00Z,21513.25,21785.0,21503.75,21751.25,245447.0
2024-12-20T17:00:00Z,21751.25,21812.5,21728.25,21761.0,144684.0
2024-12-20T18:00:00Z,21761.5,21772.25,21655.5,21666.75,157063.0
2024-12-20T19:00:00Z,21666.25,21753.0,21647.25,21698.75,117874.0
2024-12-20T20:00:00Z,21699.25,21713.75,21518.0,21567.25,195377.0
2024-12-20T21:00:00Z,21567.5,21629.0,21513.0,21553.0,52172.0
2024-12-22T23:00:00Z,21566.5,21683.25,21565.25,21656.25,26010.0
2024-12-23T00:00:00Z,21657.0,21666.5,21594.0,21626.75,30932.0
2024-12-23T01:00:00Z,21627.75,21694.0,21609.25,21686.5,26653.0
2024-12-23T02:00:00Z,21686.25,21696.75,21653.75,21674.25,23649.0
2024-12-23T03:00:00Z,21674.5,21685.25,21657.25,21674.25,12162.0
2024-12-23T04:00:00Z,21673.5,21708.75,21672.75,21705.75,11528.0
2024-12-23T05:00:00Z,21705.5,21731.25,21697.75,21728.25,12581.0
2024-12-23T06:00:00Z,21728.5,21741.5,21711.25,21731.75,14122.0
2024-12-23T07:00:00Z,21732.0,21735.0,21686.0,21711.75,21363.0
2024-12-23T08:00:00Z,21712.25,21720.25,21661.0,21674.5,32524.0
2024-12-23T09:00:00Z,21675.0,21693.5,21654.25,21665.75,29277.0
2024-12-23T10:00:00Z,21665.75,21680.0,21613.25,21624.0,26327.0
2024-12-23T11:00:00Z,21624.75,21630.25,21572.5,21593.25,33273.0
2024-12-23T12:00:00Z,21594.25,21671.5,21594.25,21668.75,32763.0
2024-12-23T13:00:00Z,21668.75,21672.25,21543.75,21573.0,59766.0
2024-12-23T14:00:00Z,21573.0,21675.5,21552.5,21629.75,221482.0
2024-12-23T15:00:00Z,21629.75,21644.0,21476.0,21560.75,278889.0
2024-12-23T16:00:00Z,21558.75,21696.0,21553.5,21693.0,141906.0
2024-12-23T17:00:00Z,21693.0,21726.25,21642.5,21694.75,120156.0
2024-12-23T18:00:00Z,21695.75,21756.25,21686.0,21745.0,87497.0
2024-12-23T19:00:00Z,21744.75,21777.0,21706.5,21707.25,74480.0
2024-12-23T20:00:00Z,21707.75,21767.25,21666.25,21755.75,119341.0
2024-12-23T21:00:00Z,21755.75,21769.0,21715.75,21738.75,25802.0
2024-12-23T23:00:00Z,21738.75,21761.0,21718.25,21737.25,0.0
2024-12-24T00:00:00Z,21737.25,21739.25,21708.5,21735.0,13726.0
2024-12-24T01:00:00Z,21735.5,21747.75,21720.25,21738.75,10525.0
2024-12-24T02:00:00Z,21738.5,21752.75,21730.25,21750.5,7631.0
2024-12-24T03:00:00Z,21750.5,21760.0,21735.0,21743.25,9026.0
2024-12-24T04:00:00Z,21742.75,21752.25,21727.0,21751.25,5914.0
2024-12-24T14:30:00Z,21826.0,21907.75,21799.0,21903.25,140741.0
2024-12-24T15:30:00Z,21903.75,21968.5,21897.0,21960.5,141133.0
2024-12-24T16:30:00Z,21960.75,21994.75,21950.75,21962.25,81093.0
2024-12-24T17:30:00Z,21961.75,22034.75,21941.5,22032.5,83562.0
2024-12-24T18:00:00Z,22032.25,22050.0,22022.75,22028.5,10103.0
2024-12-26T05:00:00Z,22085.5,22096.25,22075.75,22090.0,10052.0
2024-12-26T06:00:00Z,22090.25,22098.75,22075.0,22077.0,6854.0
2024-12-26T07:00:00Z,22076.5,22084.0,22062.5,22078.75,7812.0
2024-12-26T08:00:00Z,22078.0,22078.0,21957.5,21983.25,35442.0
2024-12-26T09:00:00Z,21983.5,21993.75,21922.25,21933.25,35279.0
2024-12-26T10:00:00Z,21933.75,21946.5,21894.25,21933.5,27606.0
2024-12-26T11:00:00Z,21933.5,21964.5,21917.0,21961.0,20909.0
2024-12-26T12:00:00Z,21961.0,21978.0,21930.75,21949.25,28764.0
2024-12-26T13:00:00Z,21948.75,21963.25,21916.0,21950.75,38840.0
2024-12-26T14:00:00Z,21950.25,22008.5,21870.5,21957.25,174902.0
2024-12-26T15:00:00Z,21957.5,22012.25,21927.5,22007.0,155930.0
2024-12-26T16:00:00Z,22006.5,22040.75,21975.25,22039.5,90657.0
2024-12-26T17:00:00Z,22039.75,22075.0,21973.0,22005.75,111028.0
2024-12-26T18:00:00Z,22006.5,22042.0,21993.25,22017.0,88409.0
2024-12-26T19:00:00Z,22016.75,22047.0,21993.5,22044.25,60348.0
2024-12-26T20:00:00Z,22044.5,22061.0,22001.25,22007.0,72080.0
2024-12-26T21:00:00Z,22007.0,22022.0,21979.25,21984.0,26901.0
2024-12-26T23:00:00Z,21984.0,22007.0,21974.25,22005.75,0.0
2024-12-27T00:00:00Z,22006.0,22008.75,21954.5,21972.75,14853.0
2024-12-27T01:00:00Z,21972.5,21977.75,21950.5,21963.0,11918.0
2024-12-27T02:00:00Z,21963.25,21972.5,21955.0,21961.25,7731.0
2024-12-27T03:00:00Z,21961.25,21967.5,21942.0,21952.25,9461.0
2024-12-27T04:00:00Z,21952.75,21961.25,21943.0,21945.0,6292.0
2024-12-27T05:00:00Z,21954.75,21966.25,21949.75,21953.25,6800.0
2024-12-27T06:00:00Z,21952.5,21954.25,21925.0,21936.75,9916.0
2024-12-27T07:00:00Z,21936.5,21944.25,21917.75,21926.75,9360.0
2024-12-27T08:00:00Z,21926.5,21938.5,21902.0,21907.75,21004.0
2024-12-27T09:00:00Z,21907.25,21928.25,21897.75,21912.25,14594.0
2024-12-27T10:00:00Z,21912.75,21926.0,21908.75,21925.5,11016.0
2024-12-27T11:00:00Z,21925.75,21935.5,21911.5,21934.0,11683.0
2024-12-27T12:00:00Z,21934.0,21955.5,21933.25,21941.75,16789.0
2024-12-27T13:00:00Z,21941.25,21941.25,21885.25,21894.0,36582.0
2024-12-27T14:00:00Z,21893.75,21897.25,21675.75,21695.75,232697.0
2024-12-27T15:00:00Z,21694.75,21707.75,21505.0,21596.25,319108.0
2024-12-27T16:00:00Z,21595.75,21650.0,21525.0,21551.25,167425.0
2024-12-27T17:00:00Z,21550.75,21579.25,21498.25,21572.0,137908.0
2024-12-27T18:00:00Z,21571.75,21678.0,21556.0,21668.25,104074.0
2024-12-27T19:00:00Z,21667.25,21716.5,21636.0,21705.75,95756.0
2024-12-27T20:00:00Z,21705.25,21713.0,21606.75,21703.5,140268.0
2024-12-27T21:00:00Z,21702.75,21733.0,21700.0,21720.25,25668.0
2024-12-29T23:00:00Z,21710.75,21742.5,21669.75,21702.5,27609.0
2024-12-30T00:00:00Z,21701.75,21721.75,21674.25,21710.75,18862.0
2024-12-30T01:00:00Z,21710.25,21712.75,21678.5,21709.0,14961.0
2024-12-30T02:00:00Z,21708.0,21711.75,21685.0,21690.0,10362.0
2024-12-30T03:00:00Z,21689.5,21693.75,21674.0,21680.5,9390.0
2024-12-30T04:00:00Z,21680.5,21696.0,21674.75,21687.5,8052.0
2024-12-30T05:00:00Z,21689.0,21691.0,21648.5,21659.0,12429.0
2024-12-30T06:00:00Z,21658.25,21689.25,21647.5,21656.25,14294.0
2024-12-30T07:00:00Z,21655.25,21657.75,21612.75,21632.5,22106.0
2024-12-30T08:00:00Z,21632.5,21673.0,21620.0,21652.0,25770.0
2024-12-30T09:00:00Z,21652.25,21661.25,21622.0,21644.25,19409.0
2024-12-30T10:00:00Z,21643.75,21664.5,21639.5,21650.0,11743.0
2024-12-30T11:00:00Z,21650.5,21667.5,21641.5,21646.5,10431.0
2024-12-30T12:00:00Z,21646.75,21653.5,21441.75,21482.0,70608.0
2024-12-30T13:00:00Z,21482.5,21496.0,21358.5,21378.0,84085.0
2024-12-30T14:00:00Z,21378.0,21426.0,21282.0,21289.0,226784.0
2024-12-30T15:00:00Z,21288.5,21403.0,21252.75,21372.5,260227.0
2024-12-30T16:00:00Z,21371.25,21469.75,21340.5,21459.5,121964.0
2024-12-30T17:00:00Z,21459.0,21567.0,21447.25,21552.75,108833.0
2024-12-30T18:00:00Z,21553.0,21569.5,21487.0,21542.25,94397.0
2024-12-30T19:00:00Z,21542.5,21548.5,21476.0,21529.25,81987.0
2024-12-30T20:00:00Z,21528.75,21544.75,21408.0,21411.75,107283.0
2024-12-30T21:00:00Z,21412.0,21419.75,21350.75,21389.0,32427.0
2024-12-30T23:00:00Z,21391.25,21393.5,21343.25,21391.25,0.0
2024-12-31T00:00:00Z,21391.25,21403.0,21365.0,21369.75,10261.0
2024-12-31T01:00:00Z,21370.0,21422.5,21368.25,21417.25,12016.0
2024-12-31T02:00:00Z,21417.5,21455.0,21415.0,21421.5,13572.0
2024-12-31T03:00:00Z,21422.0,21428.75,21384.75,21408.0,15950.0
2024-12-31T04:00:00Z,21408.5,21414.5,21376.5,21409.0,11790.0
2024-12-31T05:00:00Z,21410.75,21418.0,21387.25,21407.5,10062.0
2024-12-31T06:00:00Z,21407.25,21409.0,21370.25,21379.5,9477.0
2024-12-31T07:00:00Z,21379.5,21409.25,21372.5,21395.0,12894.0
2024-12-31T08:00:00Z,21395.0,21405.75,21360.0,21385.25,17300.0
2024-12-31T09:00:00Z,21385.5,21511.0,21378.5,21488.5,30420.0
2024-12-31T10:00:00Z,21488.25,21510.0,21475.75,21496.75,13757.0
2024-12-31T11:00:00Z,21497.0,21519.0,21477.0,21501.75,17129.0
2024-12-31T12:00:00Z,21501.25,21524.75,21460.0,21464.5,24531.0
2024-12-31T13:00:00Z,21465.75,21499.5,21436.0,21460.25,45644.0
2024-12-31T14:00:00Z,21461.0,21489.5,21367.75,21434.25,201334.0
2024-12-31T15:00:00Z,21434.0,21468.75,21333.0,21378.75,231271.0
2024-12-31T16:00:00Z,21379.25,21384.25,21286.0,21329.25,153377.0
2024-12-31T17:00:00Z,21329.75,21344.25,21209.0,21313.75,131989.0
2024-12-31T18:00:00Z,21313.25,21337.5,21203.0,21220.0,117129.0
2024-12-31T19:00:00Z,21220.25,21275.0,21181.75,21268.25,110509.0
2024-12-31T20:00:00Z,21268.0,21316.0,21188.75,21220.75,144904.0
2024-12-31T21:00:00Z,21220.75,21251.0,21197.0,21235.0,18753.0
2025-01-02T05:00:00Z,21324.25,21376.5,21323.5,21370.5,17091.0
2025-01-02T06:00:00Z,21370.75,21396.5,21356.25,21389.25,15709.0
2025-01-02T07:00:00Z,21389.75,21398.5,21345.75,21357.0,17176.0
2025-01-02T08:00:00Z,21358.0,21424.25,21318.0,21375.0,50612.0
2025-01-02T09:00:00Z,21375.25,21404.25,21350.0,21402.25,32011.0
2025-01-02T10:00:00Z,21402.75,21411.5,21359.5,21397.25,22071.0
2025-01-02T11:00:00Z,21398.0,21470.0,21370.5,21467.5,29944.0
2025-01-02T12:00:00Z,21467.0,21490.75,21413.75,21443.5,46607.0
2025-01-02T13:00:00Z,21443.5,21466.75,21403.25,21417.0,53563.0
2025-01-02T14:00:00Z,21417.5,21420.0,21166.75,21391.5,311183.0
2025-01-02T15:00:00Z,21392.25,21444.0,21209.25,21277.5,326716.0
2025-01-02T16:00:00Z,21278.25,21357.0,21186.25,21316.5,203203.0
2025-01-02T17:00:00Z,21316.25,21342.5,20983.25,21076.25,226044.0
2025-01-02T18:00:00Z,21076.5,21090.0,20987.25,21048.0,166068.0
2025-01-02T19:00:00Z,21048.5,21145.5,21027.75,21063.25,132173.0
2025-01-02T20:00:00Z,21063.75,21195.5,21062.25,21169.5,146676.0
2025-01-02T21:00:00Z,21169.5,21203.25,21168.75,21183.0,22185.0
2025-01-02T23:00:00Z,21191.5,21191.5,21144.25,21163.25,0.0
2025-01-03T00:00:00Z,21163.75,21240.0,21153.25,21239.25,18755.0
2025-01-03T01:00:00Z,21239.5,21249.0,21205.25,21224.25,14508.0
2025-01-03T02:00:00Z,21225.0,21249.75,21221.25,21242.5,12191.0
2025-01-03T03:00:00Z,21242.5,21260.0,21242.25,21248.25,9373.0
2025-01-03T04:00:00Z,21248.5,21256.0,21225.25,21225.75,7341.0
2025-01-03T05:00:00Z,21220.0,21232.25,21206.0,21226.25,10110.0
2025-01-03T06:00:00Z,21225.75,21256.75,21218.0,21237.25,9819.0
2025-01-03T07:00:00Z,21237.25,21253.5,21210.5,21245.75,14958.0
2025-01-03T08:00:00Z,21245.75,21275.75,21213.0,21236.75,30069.0
2025-01-03T09:00:00Z,21236.75,21287.75,21228.25,21271.5,22209.0
2025-01-03T10:00:00Z,21271.25,21272.5,21227.0,21238.0,16451.0
2025-01-03T11:00:00Z,21238.0,21252.5,21229.75,21247.5,15509.0
2025-01-03T12:00:00Z,21246.75,21246.75,21208.25,21242.0,22374.0
2025-01-03T13:00:00Z,21242.0,21273.25,21226.75,21227.75,32968.0
2025-01-03T14:00:00Z,21228.5,21434.5,21227.75,21383.5,249279.0
2025-01-03T15:00:00Z,21386.25,21440.75,21260.75,21377.25,314380.0
2025-01-03T16:00:00Z,21376.75,21492.25,21336.25,21464.25,179705.0
2025-01-03T17:00:00Z,21464.75,21487.0,21441.5,21471.0,89863.0
2025-01-03T18:00:00Z,21470.5,21531.25,21449.25,21508.75,76065.0
2025-01-03T19:00:00Z,21509.0,21559.25,21496.25,21534.0,63793.0
2025-01-03T20:00:00Z,21534.75,21534.75,21474.75,21508.25,99133.0
2025-01-03T21:00:00Z,21508.25,21513.75,21476.25,21490.25,23078.0
2025-01-05T23:00:00Z,21532.0,21543.0,21502.0,21525.25,19541.0
2025-01-06T00:00:00Z,21525.75,21536.0,21478.75,21496.25,22970.0
2025-01-06T01:00:00Z,21496.5,21507.0,21482.25,21500.5,13774.0
2025-01-06T02:00:00Z,21500.0,21519.0,21483.5,21510.0,16226.0
2025-01-06T03:00:00Z,21510.25,21517.75,21500.5,21508.5,6999.0
2025-01-06T04:00:00Z,21508.75,21523.75,21504.0,21522.75,5963.0
2025-01-06T05:00:00Z,21523.0,21551.5,21520.5,21539.5,10751.0
2025-01-06T06:00:00Z,21539.0,21555.75,21530.0,21549.75,8174.0
2025-01-06T07:00:00Z,21549.25,21576.75,21539.75,21565.75,12964.0
2025-01-06T08:00:00Z,21565.25,21625.0,21564.25,21618.0,24041.0
2025-01-06T09:00:00Z,21618.25,21673.0,21616.5,21669.75,23314.0
2025-01-06T10:00:00Z,21669.0,21692.75,21654.5,21671.0,24626.0
2025-01-06T11:00:00Z,21670.75,21745.0,21641.25,21731.25,48270.0
2025-01-06T12:00:00Z,21730.5,21761.0,21711.5,21735.25,30200.0
2025-01-06T13:00:00Z,21735.25,21751.5,21706.75,21749.5,39846.0
2025-01-06T14:00:00Z,21749.75,21848.0,21641.25,21819.75,292950.0
2025-01-06T15:00:00Z,21818.5,21892.25,21780.5,21871.5,233143.0
2025-01-06T16:00:00Z,21877.0,21897.0,21844.25,21857.25,123367.0
2025-01-06T17:00:00Z,21857.25,21869.25,21768.75,21794.5,127060.0
2025-01-06T18:00:00Z,21794.5,21795.5,21701.5,21707.0,135206.0
2025-01-06T19:00:00Z,21707.25,21723.5,21657.5,21660.0,122663.0
2025-01-06T20:00:00Z,21659.75,21756.25,21646.5,21750.25,131122.0
2025-01-06T21:00:00Z,21749.75,21786.5,21749.75,21781.0,27925.0
2025-01-06T23:00:00Z,21781.0,21796.75,21767.75,21771.25,0.0
2025-01-07T00:00:00Z,21771.25,21782.25,21751.0,21761.5,12917.0
2025-01-07T01:00:00Z,21761.25,21772.25,21746.25,21768.5,11486.0
2025-01-07T02:00:00Z,21768.5,21785.75,21734.0,21738.0,14766.0
2025-01-07T03:00:00Z,21738.25,21753.0,21715.75,21747.25,16126.0
2025-01-07T04:00:00Z,21747.25,21747.75,21718.75,21725.5,9156.0
2025-01-07T05:00:00Z,21714.5,21723.25,21659.0,21705.75,22331.0
2025-01-07T06:00:00Z,21705.25,21716.25,21684.0,21690.0,12265.0
2025-01-07T07:00:00Z,21689.5,21732.5,21688.25,21729.25,17247.0
2025-01-07T08:00:00Z,21729.0,21765.5,21705.25,21757.25,25248.0
2025-01-07T09:00:00Z,21757.5,21774.75,21724.5,21728.0,23002.0
2025-01-07T10:00:00Z,21728.0,21771.0,21716.5,21767.75,17075.0
2025-01-07T11:00:00Z,21767.75,21772.0,21720.25,21736.0,22649.0
2025-01-07T12:00:00Z,21736.25,21763.75,21718.75,21745.25,25801.0
2025-01-07T13:00:00Z,21745.0,21779.0,21731.0,21778.75,29884.0
2025-01-07T14:00:00Z,21778.25,21806.25,21695.0,21711.5,233431.0
2025-01-07T15:00:00Z,21712.0,21712.0,21399.25,21547.75,506208.0
2025-01-07T16:00:00Z,21548.5,21573.0,21425.25,21435.5,262243.0
2025-01-07T17:00:00Z,21435.5,21475.75,21386.75,21445.0,149261.0
2025-01-07T18:00:00Z,21445.25,21517.5,21428.75,21439.5,107979.0
2025-01-07T19:00:00Z,21439.5,21474.75,21402.5,21417.25,97030.0
2025-01-07T20:00:00Z,21418.0,21423.25,21279.5,21359.25,171675.0
2025-01-07T21:00:00Z,21359.5,21394.75,21357.0,21375.25,25154.0
2025-01-07T23:00:00Z,21386.25,21396.0,21344.75,21393.0,0.0
2025-01-08T00:00:00Z,21392.25,21414.25,21388.25,21405.5,12720.0
2025-01-08T01:00:00Z,21406.25,21434.75,21394.75,21430.0,15046.0
2025-01-08T02:00:00Z,21430.0,21437.0,21402.0,21419.0,13340.0
2025-01-08T03:00:00Z,21418.75,21425.0,21388.75,21405.75,13224.0
2025-01-08T04:00:00Z,21406.5,21419.0,21384.25,21394.0,9127.0
2025-01-08T05:00:00Z,21400.25,21432.5,21394.25,21430.0,9141.0
2025-01-08T06:00:00Z,21430.25,21434.75,21396.0,21399.5,9915.0
2025-01-08T07:00:00Z,21399.75,21401.75,21360.25,21390.75,19672.0
2025-01-08T08:00:00Z,21390.0,21420.0,21379.0,21412.0,21793.0
2025-01-08T09:00:00Z,21411.75,21432.5,21405.5,21430.0,15992.0
2025-01-08T10:00:00Z,21429.75,21448.25,21423.5,21444.25,13826.0
2025-01-08T11:00:00Z,21443.5,21447.75,21284.75,21364.25,76331.0
2025-01-08T12:00:00Z,21363.75,21367.0,21221.25,21258.0,88097.0
2025-01-08T13:00:00Z,21257.75,21393.75,21255.0,21377.5,119530.0
2025-01-08T14:00:00Z,21377.0,21387.75,21285.0,21345.5,262638.0
2025-01-08T15:00:00Z,21344.0,21406.0,21231.25,21357.75,304448.0
2025-01-08T16:00:00Z,21357.75,21418.75,21284.5,21385.25,149283.0
2025-01-08T17:00:00Z,21385.75,21387.5,21166.0,21268.0,185842.0
2025-01-08T18:00:00Z,21268.0,21406.5,21264.5,21324.5,156547.0
2025-01-08T19:00:00Z,21325.5,21431.5,21286.75,21337.0,188283.0
2025-01-08T20:00:00Z,21336.75,21377.5,21301.0,21361.0,117819.0
2025-01-08T21:00:00Z,21360.5,21389.5,21305.75,21326.5,30950.0
2025-01-08T23:00:00Z,21348.75,21348.75,21312.5,21315.25,0.0
2025-01-09T00:00:00Z,21315.25,21324.0,21271.25,21307.25,18630.0
2025-01-09T01:00:00Z,21306.5,21328.5,21300.75,21314.25,13515.0
2025-01-09T02:00:00Z,21314.5,21347.0,21313.5,21344.5,9886.0
2025-01-09T03:00:00Z,21344.5,21344.75,21310.0,21310.75,9472.0
2025-01-09T04:00:00Z,21310.75,21317.5,21293.75,21309.5,10533.0
2025-01-09T05:00:00Z,21320.75,21329.75,21308.5,21322.25,9285.0
2025-01-09T06:00:00Z,21323.25,21328.25,21307.25,21315.25,7882.0
2025-01-09T07:00:00Z,21315.25,21316.75,21241.0,21249.0,21756.0
2025-01-09T08:00:00Z,21249.25,21306.25,21217.5,21293.5,30333.0
2025-01-09T09:00:00Z,21294.5,21314.5,21278.0,21311.0,16732.0
2025-01-09T10:00:00Z,21311.0,21335.0,21310.0,21327.25,13583.0
2025-01-09T11:00:00Z,21327.0,21328.75,21276.5,21300.25,27091.0
2025-01-09T12:00:00Z,21300.75,21317.75,21286.0,21312.0,18234.0
2025-01-09T13:00:00Z,21312.0,21334.25,21293.0,21304.25,28572.0
2025-01-09T14:00:00Z,21304.25,21310.5,21264.75,21301.75,25732.0
2025-01-09T23:00:00Z,21302.0,21309.0,21211.5,21238.0,0.0
2025-01-10T00:00:00Z,21238.25,21245.0,21179.0,21196.0,34541.0
2025-01-10T01:00:00Z,21196.25,21257.75,21194.0,21247.5,23605.0
2025-01-10T02:00:00Z,21247.5,21279.0,21236.75,21273.75,16312.0
2025-01-10T03:00:00Z,21273.75,21313.75,21271.5,21301.5,19198.0
2025-01-10T04:00:00Z,21300.75,21308.5,21281.25,21301.0,14324.0
2025-01-10T05:00:00Z,21308.75,21328.0,21295.0,21301.5,15587.0
2025-01-10T06:00:00Z,21300.5,21301.5,21241.0,21245.5,20885.0
2025-01-10T07:00:00Z,21245.25,21292.25,21233.5,21270.75,24549.0
2025-01-10T08:00:00Z,21269.0,21300.0,21258.25,21283.25,22613.0
2025-01-10T09:00:00Z,21283.5,21294.75,21247.75,21277.25,23089.0
2025-01-10T10:00:00Z,21277.0,21321.75,21270.0,21315.75,15887.0
2025-01-10T11:00:00Z,21316.75,21372.5,21312.25,21316.25,29743.0
2025-01-10T12:00:00Z,21316.5,21324.5,21256.75,21321.5,40200.0
2025-01-10T13:00:00Z,21321.25,21323.5,21044.5,21116.5,169539.0
2025-01-10T14:00:00Z,21116.5,21197.25,21010.0,21054.75,336074.0
2025-01-10T15:00:00Z,21053.75,21123.0,20874.75,20989.25,413751.0
2025-01-10T16:00:00Z,20989.25,21001.75,20886.0,20900.25,242538.0
2025-01-10T17:00:00Z,20901.0,21042.0,20886.0,21033.75,145333.0
2025-01-10T18:00:00Z,21033.75,21175.75,21005.5,21168.25,159635.0
2025-01-10T19:00:00Z,21167.75,21171.25,21042.0,21086.25,157516.0
2025-01-10T20:00:00Z,21086.25,21097.25,20982.0,21016.75,163378.0
2025-01-10T21:00:00Z,21016.5,21035.75,20988.25,20996.25,31545.0
2025-01-12T23:00:00Z,21027.5,21028.75,20942.75,21000.25,29510.0
2025-01-13T00:00:00Z,20999.5,21037.0,20981.0,20998.5,23500.0
2025-01-13T01:00:00Z,20999.25,21002.75,20888.75,20925.25,39432.0
2025-01-13T02:00:00Z,20925.25,20948.25,20911.75,20925.5,21982.0
2025-01-13T03:00:00Z,20925.0,20937.0,20857.25,20881.0,33453.0
2025-01-13T04:00:00Z,20880.5,20901.75,20876.5,20899.25,15875.0
2025-01-13T05:00:00Z,20897.5,20899.75,20865.75,20888.0,14455.0
2025-01-13T06:00:00Z,20886.75,20929.25,20886.25,20906.25,17282.0
2025-01-13T07:00:00Z,20906.0,20916.25,20866.75,20882.0,23599.0
2025-01-13T08:00:00Z,20882.0,20911.5,20794.0,20803.0,52404.0
2025-01-13T09:00:00Z,20803.5,20812.0,20702.5,20721.25,60215.0
2025-01-13T10:00:00Z,20721.25,20775.25,20708.0,20750.5,31224.0
2025-01-13T11:00:00Z,20751.25,20777.25,20731.25,20765.25,30538.0
2025-01-13T12:00:00Z,20764.75,20845.75,20725.25,20817.75,61120.0
2025-01-13T13:00:00Z,20818.25,20841.5,20780.25,20809.5,60283.0
2025-01-13T14:00:00Z,20810.0,20841.25,20701.5,20801.5,293485.0
2025-01-13T15:00:00Z,20801.5,20880.0,20714.0,20797.75,328433.0
2025-01-13T16:00:00Z,20799.0,20826.75,20727.0,20738.0,198086.0
2025-01-13T17:00:00Z,20737.5,20895.0,20718.5,20889.25,173773.0
2025-01-13T18:00:00Z,20889.5,20913.75,20855.75,20892.25,128269.0
2025-01-13T19:00:00Z,20891.75,20926.5,20834.5,20905.5,128147.0
2025-01-13T20:00:00Z,20905.0,20964.75,20874.0,20948.0,114599.0
2025-01-13T21:00:00Z,20948.0,20996.0,20935.0,20992.5,28181.0
2025-01-13T23:00:00Z,21020.0,21088.75,21011.5,21045.5,0.0
2025-01-14T00:00:00Z,21046.0,21056.5,21027.0,21052.5,18428.0
2025-01-14T01:00:00Z,21053.25,21053.25,21021.75,21026.5,13852.0
2025-01-14T02:00:00Z,21025.75,21044.25,20997.25,21043.25,18260.0
2025-01-14T03:00:00Z,21042.25,21048.0,21017.25,21018.5,12962.0
2025-01-14T04:00:00Z,21018.5,21046.5,21013.0,21044.5,9872.0
2025-01-14T05:00:00Z,21043.75,21059.0,21026.5,21058.0,12025.0
2025-01-14T06:00:00Z,21058.25,21067.75,21040.25,21046.5,12902.0
2025-01-14T07:00:00Z,21046.0,21066.25,21021.25,21059.75,15586.0
2025-01-14T08:00:00Z,21060.0,21143.5,21051.25,21123.75,33178.0
2025-01-14T09:00:00Z,21123.0,21129.75,21084.25,21100.75,26463.0
2025-01-14T10:00:00Z,21100.25,21108.0,21073.0,21095.0,17554.0
2025-01-14T11:00:00Z,21095.5,21096.0,21034.5,21042.5,25257.0
2025-01-14T12:00:00Z,21042.75,21058.5,20972.5,21005.0,51842.0
2025-01-14T13:00:00Z,21005.0,21139.0,20944.0,21057.0,121517.0
2025-01-14T14:00:00Z,21057.75,21129.25,20965.75,20980.0,258622.0
2025-01-14T15:00:00Z,20980.75,21110.25,20933.75,20935.75,321098.0
2025-01-14T16:00:00Z,20936.25,20956.25,20819.5,20823.0,231275.0
2025-01-14T17:00:00Z,20822.5,20884.25,20791.5,20863.0,155787.0
2025-01-14T18:00:00Z,20862.75,21010.0,20855.0,20997.25,114714.0
2025-01-14T19:00:00Z,20997.25,21013.0,20855.75,20860.0,120440.0
2025-01-14T20:00:00Z,20861.5,20926.5,20773.25,20923.25,205392.0
2025-01-14T21:00:00Z,20923.75,20994.0,20920.0,20976.75,36818.0
2025-01-14T23:00:00Z,20975.75,20975.75,20938.0,20948.0,0.0
2025-01-15T00:00:00Z,20948.0,20958.5,20936.75,20954.5,9444.0
2025-01-15T01:00:00Z,20954.75,20963.5,20941.0,20953.75,9903.0
2025-01-15T02:00:00Z,20953.5,20956.75,20932.0,20937.5,8715.0
2025-01-15T03:00:00Z,20937.25,20944.0,20931.0,20935.5,6429.0
2025-01-15T04:00:00Z,20935.5,20947.5,20926.75,20944.0,5967.0
2025-01-15T05:00:00Z,20944.0,20950.75,20939.0,20942.0,6235.0
2025-01-15T06:00:00Z,20942.25,20957.0,20939.0,20948.0,5135.0
2025-01-15T07:00:00Z,20947.5,20959.5,20930.0,20934.75,9425.0
2025-01-15T08:00:00Z,20935.5,20951.75,20908.75,20932.0,20362.0
2025-01-15T09:00:00Z,20932.25,20971.5,20926.0,20960.75,14934.0
2025-01-15T10:00:00Z,20960.5,20971.0,20932.0,20965.0,13191.0
2025-01-15T11:00:00Z,20965.25,21014.5,20963.25,20997.0,20340.0
2025-01-15T12:00:00Z,20997.25,21015.75,20977.25,20997.25,27462.0
2025-01-15T13:00:00Z,20997.0,21329.0,20957.5,21281.25,148074.0
2025-01-15T14:00:00Z,21281.25,21346.5,21186.5,21327.5,271384.0
2025-01-15T15:00:00Z,21327.75,21408.5,21322.5,21329.5,259699.0
2025-01-15T16:00:00Z,21349.0,21371.0,21246.25,21273.75,221423.0
2025-01-15T17:00:00Z,21273.25,21366.0,21261.75,21322.25,128324.0
2025-01-15T18:00:00Z,21323.0,21395.5,21321.25,21380.5,82024.0
2025-01-15T19:00:00Z,21380.75,21435.5,21377.25,21419.0,82169.0
2025-01-15T20:00:00Z,21419.0,21452.75,21393.25,21396.75,106352.0
2025-01-15T21:00:00Z,21396.5,21405.75,21369.75,21375.75,28169.0
2025-01-15T23:00:00Z,21386.25,21420.75,21377.0,21415.5,0.0
2025-01-16T00:00:00Z,21415.0,21448.0,21407.5,21425.75,15536.0
2025-01-16T01:00:00Z,21426.0,21428.5,21397.5,21401.25,15656.0
2025-01-16T02:00:00Z,21401.25,21407.25,21385.0,21398.5,12857.0
2025-01-16T03:00:00Z,21398.0,21412.5,21384.25,21392.5,11639.0
2025-01-16T04:00:00Z,21392.5,21400.0,21382.0,21388.75,5948.0
2025-01-16T05:00:00Z,21382.5,21390.75,21354.75,21366.5,15659.0
2025-01-16T06:00:00Z,21366.5,21456.75,21352.75,21440.75,32913.0
2025-01-16T07:00:00Z,21440.75,21560.0,21432.0,21555.75,39820.0
2025-01-16T08:00:00Z,21555.75,21566.5,21504.75,21539.5,38773.0
2025-01-16T09:00:00Z,21538.75,21547.25,21454.25,21475.25,37381.0
2025-01-16T10:00:00Z,21474.0,21513.0,21445.0,21498.75,26325.0
2025-01-16T11:00:00Z,21498.5,21519.0,21484.0,21506.75,21104.0
2025-01-16T12:00:00Z,21507.25,21510.25,21430.5,21440.25,37963.0
2025-01-16T13:00:00Z,21440.0,21483.25,21404.0,21475.0,66214.0
2025-01-16T14:00:00Z,21474.5,21500.0,21369.5,21378.0,235905.0
2025-01-16T15:00:00Z,21377.5,21427.25,21336.0,21424.75,288209.0
2025-01-16T16:00:00Z,21424.75,21474.5,21317.25,21400.5,217778.0
2025-01-16T17:00:00Z,21400.25,21427.0,21368.5,21385.5,110340.0
2025-01-16T18:00:00Z,21386.25,21413.5,21262.25,21290.75,125147.0
2025-01-16T19:00:00Z,21289.75,21380.75,21276.25,21373.75,104133.0
2025-01-16T20:00:00Z,21374.25,21395.75,21244.25,21248.25,124924.0
2025-01-16T21:00:00Z,21248.25,21250.5,21171.75,21214.0,47158.0
2025-01-16T23:00:00Z,21225.0,21240.0,21208.75,21234.5,0.0
2025-01-17T00:00:00Z,21234.5,21242.5,21226.75,21240.0,9991.0
2025-01-17T01:00:00Z,21240.5,21274.25,21238.0,21266.0,13285.0
2025-01-17T02:00:00Z,21265.75,21283.75,21249.25,21258.0,12088.0
2025-01-17T03:00:00Z,21258.0,21283.0,21246.0,21280.5,11392.0
2025-01-17T04:00:00Z,21280.5,21307.75,21278.0,21288.5,13172.0
2025-01-17T05:00:00Z,21294.25,21309.5,21287.75,21298.5,9971.0
2025-01-17T06:00:00Z,21298.75,21305.0,21277.25,21288.0,11766.0
2025-01-17T07:00:00Z,21288.75,21293.0,21251.5,21276.0,16559.0
2025-01-17T08:00:00Z,21275.75,21321.0,21271.5,21314.5,18763.0
2025-01-17T09:00:00Z,21314.25,21356.5,21308.75,21343.0,23260.0
2025-01-17T10:00:00Z,21342.75,21354.0,21324.25,21333.75,16949.0
2025-01-17T11:00:00Z,21334.25,21362.75,21320.0,21329.0,19035.0
2025-01-17T12:00:00Z,21329.0,21353.5,21306.75,21345.75,27868.0
2025-01-17T13:00:00Z,21345.5,21545.75,21343.75,21541.0,89412.0
2025-01-17T14:00:00Z,21541.75,21680.0,21487.0,21506.0,350120.0
2025-01-17T15:00:00Z,21505.5,21597.0,21481.0,21594.0,265568.0
2025-01-17T16:00:00Z,21593.25,21637.5,21569.75,21584.0,149676.0
2025-01-17T17:00:00Z,21583.5,21630.25,21560.0,21625.75,96963.0
2025-01-17T18:00:00Z,21626.25,21672.5,21612.0,21632.0,98884.0
2025-01-17T19:00:00Z,21632.0,21645.0,21609.0,21622.5,82784.0
2025-01-17T20:00:00Z,21622.25,21638.75,21580.0,21600.25,123789.0
2025-01-17T21:00:00Z,21601.0,21602.25,21572.0,21590.25,28257.0
2025-01-19T23:00:00Z,21601.0,21618.75,21527.25,21545.25,28936.0
2025-01-20T00:00:00Z,21546.0,21560.75,21535.5,21557.5,16541.0
2025-01-20T01:00:00Z,21556.5,21576.5,21540.0,21564.25,20551.0
2025-01-20T02:00:00Z,21563.25,21570.75,21550.25,21560.5,10114.0
2025-01-20T03:00:00Z,21560.75,21574.5,21546.0,21561.0,12637.0
2025-01-20T04:00:00Z,21561.0,21567.5,21554.0,21565.5,5710.0
2025-01-21T05:00:00Z,21611.25,21613.0,21578.0,21590.75,14711.0
2025-01-21T06:00:00Z,21590.75,21626.25,21586.75,21601.5,15502.0
2025-01-21T07:00:00Z,21600.5,21644.25,21583.25,21635.75,20287.0
2025-01-21T08:00:00Z,21635.75,21672.5,21606.75,21650.75,23549.0
2025-01-21T09:00:00Z,21650.75,21708.25,21644.75,21707.5,22772.0
2025-01-21T10:00:00Z,21707.75,21730.5,21683.0,21688.75,20135.0
2025-01-21T11:00:00Z,21688.25,21704.5,21664.0,21674.5,20757.0
2025-01-21T12:00:00Z,21675.25,21707.0,21643.5,21694.5,32206.0
2025-01-21T13:00:00Z,21695.5,21729.75,21681.5,21725.5,29929.0
2025-01-21T14:00:00Z,21725.5,21737.75,21572.75,21630.75,251398.0
2025-01-21T15:00:00Z,21631.5,21649.75,21525.5,21634.0,269634.0
2025-01-21T16:00:00Z,21633.75,21681.75,21593.0,21675.0,145146.0
2025-01-21T17:00:00Z,21675.0,21743.25,21649.5,21741.0,95134.0
2025-01-21T18:00:00Z,21741.25,21772.0,21719.75,21753.25,85156.0
2025-01-21T19:00:00Z,21753.0,21764.25,21697.25,21725.0,81360.0
2025-01-21T20:00:00Z,21724.75,21755.5,21697.5,21714.5,84290.0
2025-01-21T21:00:00Z,21714.0,21785.0,21711.5,21773.25,32032.0
2025-01-21T23:00:00Z,21800.0,21820.0,21769.0,21809.5,0.0
2025-01-22T00:00:00Z,21809.75,21843.0,21804.25,21836.75,18206.0
2025-01-22T01:00:00Z,21836.75,21841.5,21811.5,21834.0,15465.0
2025-01-22T02:00:00Z,21834.0,21850.0,21829.25,21834.5,10856.0
2025-01-22T03:00:00Z,21834.25,21858.25,21833.5,21857.5,10988.0
2025-01-22T04:00:00Z,21857.25,21877.0,21852.0,21868.25,10155.0
2025-01-22T05:00:00Z,21866.75,21868.0,21855.0,21858.25,6556.0
2025-01-22T06:00:00Z,21858.25,21866.0,21839.25,21842.25,9421.0
2025-01-22T07:00:00Z,21842.25,21866.0,21839.5,21854.75,11851.0
2025-01-22T08:00:00Z,21854.0,21896.75,21850.0,21892.25,21756.0
2025-01-22T09:00:00Z,21891.5,21907.25,21876.5,21883.75,21201.0
2025-01-22T10:00:00Z,21883.0,21895.75,21869.0,21890.5,14169.0
2025-01-22T11:00:00Z,21890.25,21905.5,21883.25,21886.25,15330.0
2025-01-22T12:00:00Z,21886.5,21919.75,21880.0,21910.25,25352.0
2025-01-22T13:00:00Z,21910.75,21934.5,21904.0,21929.75,26875.0
2025-01-22T14:00:00Z,21930.5,22027.75,21898.75,22014.25,230162.0
2025-01-22T15:00:00Z,22014.25,22042.75,21975.5,21994.75,196328.0
2025-01-22T16:00:00Z,21995.75,22078.0,21989.5,22075.0,133114.0
2025-01-22T17:00:00Z,22075.5,22094.0,22046.5,22056.75,81499.0
2025-01-22T18:00:00Z,22056.75,22061.75,22010.25,22027.5,99345.0
2025-01-22T19:00:00Z,22027.75,22044.5,22006.0,22040.0,77299.0
2025-01-22T20:00:00Z,22040.5,22041.5,21981.75,21997.25,101562.0
2025-01-22T21:00:00Z,21997.25,22005.75,21967.75,21985.25,29479.0
2025-01-22T23:00:00Z,21982.5,21985.0,21958.0,21965.5,0.0
2025-01-23T00:00:00Z,21965.5,21971.5,21943.25,21951.5,12717.0
2025-01-23T01:00:00Z,21951.0,21966.25,21945.0,21948.0,11336.0
2025-01-23T02:00:00Z,21948.5,21956.5,21926.5,21955.0,12564.0
2025-01-23T03:00:00Z,21954.75,21965.0,21941.5,21952.25,10546.0
2025-01-23T04:00:00Z,21952.5,21966.5,21951.5,21964.75,5180.0
2025-01-23T05:00:00Z,21966.25,21970.0,21950.75,21952.5,7058.0
2025-01-23T06:00:00Z,21953.0,21964.75,21935.0,21942.25,10219.0
2025-01-23T07:00:00Z,21942.25,21948.25,21915.0,21920.5,13967.0
2025-01-23T08:00:00Z,21920.75,21926.0,21862.75,21881.0,30479.0
2025-01-23T09:00:00Z,21880.75,21901.25,21855.5,21894.25,25133.0
2025-01-23T10:00:00Z,21893.75,21907.0,21877.5,21881.25,17515.0
2025-01-23T11:00:00Z,21881.25,21903.75,21874.0,21898.0,17649.0
2025-01-23T12:00:00Z,21898.0,21905.5,21872.25,21900.0,22443.0
2025-01-23T13:00:00Z,21899.5,21919.25,21876.0,21896.25,42302.0
2025-01-23T14:00:00Z,21896.5,21918.25,21866.0,21898.0,162232.0
2025-01-23T15:00:00Z,21898.0,21941.5,21867.25,21931.0,172609.0
2025-01-23T16:00:00Z,21932.0,21975.0,21894.75,21947.75,187478.0
2025-01-23T17:00:00Z,21948.25,21948.25,21900.25,21939.0,95653.0
2025-01-23T18:00:00Z,21939.0,21984.25,21932.0,21954.75,83069.0
2025-01-23T19:00:00Z,21954.75,21964.0,21923.75,21954.25,80342.0
2025-01-23T20:00:00Z,21953.75,22044.0,21939.75,22042.0,106297.0
2025-01-23T21:00:00Z,22041.75,22051.25,22008.75,22021.75,31854.0
2025-01-23T23:00:00Z,22018.0,22018.0,21995.5,22010.75,0.0
2025-01-24T00:00:00Z,22011.25,22014.75,21994.5,22008.25,11112.0
2025-01-24T01:00:00Z,22008.25,22036.25,22001.0,22010.25,25237.0
2025-01-24T02:00:00Z,22010.5,22059.0,22007.0,22049.75,24797.0
2025-01-24T03:00:00Z,22049.75,22058.75,21990.75,22002.75,21269.0
2025-01-24T04:00:00Z,22002.5,22008.75,21979.25,21997.5,13587.0
2025-01-24T05:00:00Z,22003.75,22010.75,21992.75,21996.0,8921.0
2025-01-24T06:00:00Z,21996.5,22015.5,21993.5,22003.75,10170.0
2025-01-24T07:00:00Z,22003.0,22005.0,21971.25,21986.0,14158.0
2025-01-24T08:00:00Z,21986.0,22008.75,21975.75,21983.0,17338.0
2025-01-24T09:00:00Z,21983.0,22023.75,21980.5,22005.25,17464.0
2025-01-24T10:00:00Z,22004.75,22009.5,21985.0,22007.5,20191.0
2025-01-24T11:00:00Z,22008.25,22012.0,21990.0,22010.25,16364.0
2025-01-24T12:00:00Z,22009.75,22043.75,22008.5,22031.75,22166.0
2025-01-24T13:00:00Z,22031.25,22032.25,21996.0,22011.25,28438.0
2025-01-24T14:00:00Z,22011.0,22078.0,22000.0,22057.25,204298.0
2025-01-24T15:00:00Z,22058.25,22070.0,21978.25,21986.5,201541.0
2025-01-24T16:00:00Z,21986.75,22035.75,21970.0,21982.5,126050.0
2025-01-24T17:00:00Z,21982.75,22008.5,21931.25,21941.75,114714.0
2025-01-24T18:00:00Z,21941.75,21952.75,21861.5,21867.75,126806.0
2025-01-24T19:00:00Z,21868.0,21895.25,21843.25,21868.0,110449.0
2025-01-24T20:00:00Z,21868.0,21919.25,21857.25,21908.5,106650.0
2025-01-24T21:00:00Z,21908.25,21918.75,21892.0,21907.75,22496.0
2025-01-26T23:00:00Z,21773.75,21774.0,21632.25,21666.0,54822.0
2025-01-27T00:00:00Z,21665.75,21673.25,21567.5,21584.0,41867.0
2025-01-27T01:00:00Z,21584.25,21616.25,21488.5,21528.5,68992.0
2025-01-27T02:00:00Z,21528.5,21542.5,21499.25,21522.75,33923.0
2025-01-27T03:00:00Z,21523.0,21563.0,21513.25,21524.5,30524.0
2025-01-27T04:00:00Z,21524.75,21532.0,21472.75,21499.5,33967.0
2025-01-27T05:00:00Z,21497.25,21506.75,21411.0,21432.5,52768.0
2025-01-27T06:00:00Z,21433.0,21440.25,21356.75,21388.75,48483.0
2025-01-27T07:00:00Z,21388.75,21412.0,21283.0,21284.0,67085.0
2025-01-27T08:00:00Z,21285.0,21312.25,21192.5,21242.25,99449.0
2025-01-27T09:00:00Z,21242.5,21255.0,21154.75,21164.5,73780.0
2025-01-27T10:00:00Z,21164.75,21170.5,20763.75,20889.0,148849.0
2025-01-27T11:00:00Z,20887.75,21032.75,20877.5,20999.75,112650.0
2025-01-27T12:00:00Z,20998.75,21106.0,20996.0,21083.75,70566.0
2025-01-27T13:00:00Z,21082.75,21174.75,21033.25,21159.75,81224.0
2025-01-27T14:00:00Z,21159.5,21341.0,21103.25,21331.0,311494.0
2025-01-27T15:00:00Z,21331.25,21418.0,21227.5,21320.0,324193.0
2025-01-27T16:00:00Z,21306.0,21326.5,21184.0,21210.0,261349.0
2025-01-27T17:00:00Z,21210.5,21267.5,21140.0,21142.75,178742.0
2025-01-27T18:00:00Z,21142.75,21217.5,21138.75,21151.0,136358.0
2025-01-27T19:00:00Z,21151.75,21260.5,21096.75,21133.0,163941.0
2025-01-27T20:00:00Z,21133.25,21265.0,21127.5,21258.75,172400.0
2025-01-27T21:00:00Z,21258.25,21329.75,21250.0,21303.75,42522.0
2025-01-27T23:00:00Z,21340.0,21356.5,21246.0,21327.5,0.0
2025-01-28T00:00:00Z,21327.25,21341.0,21270.0,21285.5,27789.0
2025-01-28T01:00:00Z,21286.25,21326.5,21227.75,21237.25,28846.0
2025-01-28T02:00:00Z,21237.25,21309.25,21218.0,21292.25,30706.0
2025-01-28T03:00:00Z,21292.25,21332.0,21282.25,21289.5,19716.0
2025-01-28T04:00:00Z,21289.75,21305.75,21275.5,21304.0,14041.0
2025-01-28T05:00:00Z,21291.0,21295.75,21247.5,21292.25,15581.0
2025-01-28T06:00:00Z,21292.75,21312.5,21265.25,21290.5,17259.0
2025-01-28T07:00:00Z,21290.5,21351.25,21273.75,21340.75,26441.0
2025-01-28T08:00:00Z,21340.75,21398.5,21289.75,21395.5,46191.0
2025-01-28T09:00:00Z,21395.5,21405.0,21345.25,21395.25,36665.0
2025-01-28T10:00:00Z,21395.5,21423.25,21389.0,21391.5,26128.0
2025-01-28T11:00:00Z,21392.0,21412.25,21325.25,21341.5,32609.0
2025-01-28T12:00:00Z,21341.75,21348.25,21257.5,21307.75,56900.0
2025-01-28T13:00:00Z,21307.25,21357.5,21282.25,21301.25,56756.0
2025-01-28T14:00:00Z,21301.0,21319.75,21160.75,21284.25,271549.0
2025-01-28T15:00:00Z,21284.5,21481.25,21280.0,21452.0,320999.0
2025-01-28T16:00:00Z,21464.0,21478.75,21387.25,21473.0,231260.0
2025-01-28T17:00:00Z,21473.0,21563.25,21470.5,21544.5,152928.0
2025-01-28T18:00:00Z,21545.0,21584.0,21521.5,21539.75,115058.0
2025-01-28T19:00:00Z,21540.0,21626.0,21513.25,21615.5,108452.0
2025-01-28T20:00:00Z,21615.25,21623.0,21558.25,21576.25,122396.0
2025-01-28T21:00:00Z,21576.0,21576.0,21550.0,21558.0,25697.0
2025-01-28T23:00:00Z,21558.0,21579.25,21531.0,21545.5,0.0
2025-01-29T00:00:00Z,21547.25,21572.0,21536.25,21565.0,11467.0
2025-01-29T01:00:00Z,21565.25,21576.75,21553.25,21566.5,8417.0
2025-01-29T02:00:00Z,21566.5,21586.0,21560.25,21578.75,7992.0
2025-01-29T03:00:00Z,21578.75,21583.25,21558.75,21583.0,7264.0
2025-01-29T04:00:00Z,21583.25,21608.5,21583.25,21596.75,10931.0
2025-01-29T05:00:00Z,21598.0,21603.0,21577.0,21580.0,7846.0
2025-01-29T06:00:00Z,21580.75,21686.0,21580.75,21662.75,39280.0
2025-01-29T07:00:00Z,21662.75,21671.0,21642.0,21669.5,15180.0
2025-01-29T08:00:00Z,21669.5,21697.25,21662.5,21667.25,27546.0
2025-01-29T09:00:00Z,21667.5,21677.75,21628.0,21666.75,32396.0
2025-01-29T10:00:00Z,21667.5,21674.0,21640.75,21665.75,17183.0
2025-01-29T11:00:00Z,21665.75,21690.0,21648.0,21681.25,15205.0
2025-01-29T12:00:00Z,21681.5,21682.75,21638.5,21646.75,23305.0
2025-01-29T13:00:00Z,21646.75,21647.5,21560.25,21603.0,70102.0
2025-01-29T14:00:00Z,21602.75,21627.0,21494.0,21519.25,214546.0
2025-01-29T15:00:00Z,21518.25,21565.0,21456.75,21506.25,251592.0
2025-01-29T16:00:00Z,21507.0,21525.0,21466.25,21484.0,157499.0
2025-01-29T17:00:00Z,21484.0,21546.0,21477.75,21485.0,103892.0
2025-01-29T18:00:00Z,21485.25,21515.75,21368.0,21467.75,199481.0
2025-01-29T19:00:00Z,21464.25,21579.0,21386.25,21538.0,263624.0
2025-01-29T20:00:00Z,21538.75,21601.0,21463.0,21530.0,223028.0
2025-01-29T21:00:00Z,21530.0,21610.0,21393.5,21574.5,93044.0
2025-01-29T23:00:00Z,21555.75,21585.0,21505.5,21538.5,0.0
2025-01-30T00:00:00Z,21538.5,21587.75,21526.25,21585.0,16104.0
2025-01-30T01:00:00Z,21585.25,21667.0,21578.5,21650.5,27459.0
2025-01-30T02:00:00Z,21650.5,21677.25,21650.25,21656.75,16357.0
2025-01-30T03:00:00Z,21657.0,21675.5,21653.75,21673.75,9422.0
2025-01-30T04:00:00Z,21673.5,21680.0,21659.0,21660.0,8651.0
2025-01-30T05:00:00Z,21649.25,21663.25,21645.75,21659.5,9938.0
2025-01-30T06:00:00Z,21659.75,21665.75,21631.0,21642.25,11158.0
2025-01-30T07:00:00Z,21641.75,21670.75,21623.0,21662.25,15168.0
2025-01-30T08:00:00Z,21661.75,21709.5,21650.75,21702.25,28299.0
2025-01-30T09:00:00Z,21702.25,21702.25,21631.75,21634.5,26630.0
2025-01-30T10:00:00Z,21634.75,21648.5,21608.75,21620.5,26317.0
2025-01-30T11:00:00Z,21620.25,21670.75,21619.5,21641.25,26715.0
2025-01-30T12:00:00Z,21641.25,21655.5,21574.75,21631.0,49948.0
2025-01-30T13:00:00Z,21631.0,21669.0,21606.75,21668.5,65800.0
2025-01-30T14:00:00Z,21668.5,21748.75,21597.25,21673.75,270397.0
2025-01-30T15:00:00Z,21672.75,21677.0,21461.0,21461.75,349522.0
2025-01-30T16:00:00Z,21462.75,21625.25,21419.0,21610.25,227228.0
2025-01-30T17:00:00Z,21609.75,21610.0,21503.25,21552.5,144412.0
2025-01-30T18:00:00Z,21552.75,21612.25,21526.75,21606.25,101929.0
2025-01-30T19:00:00Z,21606.5,21662.0,21587.25,21659.5,83779.0
2025-01-30T20:00:00Z,21659.5,21700.0,21523.0,21624.25,220222.0
2025-01-30T21:00:00Z,21624.25,21691.0,21583.5,21607.0,46095.0
2025-01-30T23:00:00Z,21684.0,21725.0,21660.5,21698.5,0.0
2025-01-31T00:00:00Z,21698.25,21720.25,21673.25,21708.25,15752.0
2025-01-31T01:00:00Z,21707.75,21779.75,21679.0,21774.75,33674.0
2025-01-31T02:00:00Z,21775.0,21787.0,21738.0,21740.5,21025.0
2025-01-31T03:00:00Z,21740.5,21755.0,21731.75,21738.75,10386.0
2025-01-31T04:00:00Z,21740.0,21746.5,21722.0,21727.0,8516.0
2025-01-31T05:00:00Z,21741.0,21744.0,21729.25,21736.75,8589.0
2025-01-31T06:00:00Z,21736.5,21773.75,21731.5,21761.5,12011.0
2025-01-31T07:00:00Z,21761.5,21807.25,21756.5,21789.0,20347.0
2025-01-31T08:00:00Z,21789.5,21794.25,21742.75,21753.0,22454.0
2025-01-31T09:00:00Z,21753.5,21800.75,21753.5,21782.0,20277.0
2025-01-31T10:00:00Z,21782.5,21793.75,21772.0,21781.25,14421.0
2025-01-31T11:00:00Z,21781.25,21811.5,21780.0,21804.5,15889.0
2025-01-31T12:00:00Z,21804.5,21813.75,21782.0,21782.75,21228.0
2025-01-31T13:00:00Z,21783.0,21808.75,21756.75,21791.5,47570.0
2025-01-31T14:00:00Z,21791.25,21870.5,21750.0,21867.75,206548.0
2025-01-31T15:00:00Z,21867.75,21957.0,21865.5,21956.75,223390.0
2025-01-31T16:00:00Z,21948.0,21965.75,21877.25,21903.75,155366.0
2025-01-31T17:00:00Z,21903.75,21939.0,21864.5,21915.5,123995.0
2025-01-31T18:00:00Z,21915.25,21926.75,21720.0,21752.25,261079.0
2025-01-31T19:00:00Z,21752.0,21781.0,21584.75,21661.75,266743.0
2025-01-31T20:00:00Z,21662.0,21662.0,21536.25,21580.25,222934.0
2025-01-31T21:00:00Z,21580.75,21592.5,21531.5,21555.75,40336.0
2025-02-02T23:00:00Z,21280.25,21280.25,20940.25,21113.25,103958.0
2025-02-03T00:00:00Z,21113.25,21156.0,21030.25,21117.75,73347.0
2025-02-03T01:00:00Z,21117.0,21151.0,21066.0,21075.25,52790.0
2025-02-03T02:00:00Z,21075.5,21078.25,20975.75,21029.25,55014.0
2025-02-03T03:00:00Z,21029.0,21056.5,20995.25,21033.5,28167.0
2025-02-03T04:00:00Z,21035.75,21052.0,20981.25,21019.0,29038.0
2025-02-03T05:00:00Z,21017.75,21077.25,20999.0,21071.75,23059.0
2025-02-03T06:00:00Z,21071.75,21101.75,21043.25,21066.25,30025.0
2025-02-03T07:00:00Z,21066.75,21152.0,21066.75,21117.25,37291.0
2025-02-03T08:00:00Z,21118.0,21252.5,21118.0,21205.0,56873.0
2025-02-03T09:00:00Z,21205.0,21232.0,21166.75,21182.25,43802.0
2025-02-03T10:00:00Z,21181.25,21247.0,21158.75,21233.5,33026.0
2025-02-03T11:00:00Z,21232.5,21270.0,21196.75,21224.5,35865.0
2025-02-03T12:00:00Z,21224.5,21231.5,21156.5,21179.5,50776.0
2025-02-03T13:00:00Z,21179.5,21247.5,21167.0,21202.25,67966.0
2025-02-03T14:00:00Z,21201.5,21295.25,21172.5,21215.25,258819.0
2025-02-03T15:00:00Z,21215.25,21452.5,21113.25,21419.75,477471.0
2025-02-03T16:00:00Z,21419.75,21470.0,21340.75,21382.75,250205.0
2025-02-03T17:00:00Z,21382.75,21455.5,21341.5,21401.25,185293.0
2025-02-03T18:00:00Z,21400.75,21473.0,21350.75,21467.75,140531.0
2025-02-03T19:00:00Z,21467.25,21520.0,21447.75,21486.0,100706.0
2025-02-03T20:00:00Z,21486.5,21506.75,21398.75,21407.0,115438.0
2025-02-03T21:00:00Z,21406.25,21577.75,21386.75,21554.25,52468.0
2025-02-03T23:00:00Z,21592.25,21600.0,21553.25,21571.5,0.0
2025-02-04T00:00:00Z,21571.25,21577.0,21536.5,21548.75,16879.0
2025-02-04T01:00:00Z,21548.75,21549.5,21479.25,21509.5,24213.0
2025-02-04T02:00:00Z,21509.75,21515.75,21462.25,21467.75,17940.0
2025-02-04T03:00:00Z,21468.5,21473.75,21427.0,21450.5,18558.0
2025-02-04T04:00:00Z,21450.0,21476.5,21441.75,21454.0,13647.0
2025-02-04T05:00:00Z,21301.5,21408.75,21240.75,21358.75,88612.0
2025-02-04T06:00:00Z,21359.0,21403.0,21328.5,21400.5,28891.0
2025-02-04T07:00:00Z,21400.25,21425.5,21386.5,21406.0,26303.0
2025-02-04T08:00:00Z,21405.25,21422.75,21312.75,21363.25,42400.0
2025-02-04T09:00:00Z,21362.5,21403.75,21355.5,21370.0,27467.0
2025-02-04T10:00:00Z,21369.5,21401.5,21357.0,21390.0,19726.0
2025-02-04T11:00:00Z,21389.75,21426.5,21375.25,21400.0,25271.0
2025-02-04T12:00:00Z,21400.75,21497.0,21400.5,21456.5,45006.0
2025-02-04T13:00:00Z,21455.75,21475.75,21420.75,21435.25,41075.0
2025-02-04T14:00:00Z,21434.75,21576.25,21405.0,21559.25,184216.0
2025-02-04T15:00:00Z,21560.5,21680.0,21559.0,21633.75,232057.0
2025-02-04T16:00:00Z,21634.25,21694.75,21634.0,21657.25,112674.0
2025-02-04T17:00:00Z,21657.5,21661.0,21550.25,21623.0,141079.0
2025-02-04T18:00:00Z,21623.5,21648.0,21569.75,21622.75,74221.0
2025-02-04T19:00:00Z,21622.75,21680.0,21609.0,21638.5,80822.0
2025-02-04T20:00:00Z,21638.0,21685.5,21625.25,21668.0,83547.0
2025-02-04T21:00:00Z,21667.75,21693.0,21571.0,21584.5,51920.0
2025-02-04T23:00:00Z,21566.0,21594.75,21548.75,21567.25,0.0
2025-02-05T00:00:00Z,21567.5,21616.0,21555.0,21598.25,18300.0
2025-02-05T01:00:00Z,21597.5,21624.5,21567.0,21570.5,18587.0
2025-02-05T02:00:00Z,21570.0,21588.5,21558.25,21564.75,14792.0
2025-02-05T03:00:00Z,21565.75,21575.75,21537.0,21543.0,12694.0
2025-02-05T04:00:00Z,21542.75,21564.0,21534.0,21562.0,11004.0
2025-02-05T05:00:00Z,21558.25,21564.75,21530.75,21539.75,11183.0
2025-02-05T06:00:00Z,21540.0,21549.5,21507.75,21518.25,15573.0
2025-02-05T07:00:00Z,21518.5,21520.75,21482.5,21514.75,21054.0
2025-02-05T08:00:00Z,21514.5,21540.75,21451.0,21468.75,39544.0
2025-02-05T09:00:00Z,21469.5,21500.0,21435.0,21441.0,32552.0
2025-02-05T10:00:00Z,21441.0,21482.75,21429.0,21479.25,19710.0
2025-02-05T11:00:00Z,21479.5,21497.0,21474.0,21494.25,15046.0
2025-02-05T12:00:00Z,21494.5,21515.0,21471.25,21510.25,25242.0
2025-02-05T13:00:00Z,21511.0,21552.5,21485.75,21529.0,51826.0
2025-02-05T14:00:00Z,21529.25,21590.75,21510.0,21563.5,178858.0
2025-02-05T15:00:00Z,21564.75,21609.0,21501.0,21591.75,258262.0
2025-02-05T16:00:00Z,21591.25,21719.25,21562.0,21711.0,185593.0
2025-02-05T17:00:00Z,21711.0,21742.0,21684.0,21704.75,103361.0
2025-02-05T18:00:00Z,21705.25,21722.25,21671.25,21710.25,82657.0
2025-02-05T19:00:00Z,21710.25,21736.75,21702.5,21709.5,61087.0
2025-02-05T20:00:00Z,21709.25,21769.25,21689.75,21761.5,98733.0
2025-02-05T21:00:00Z,21761.5,21795.5,21746.75,21771.25,34467.0
2025-02-05T23:00:00Z,21768.0,21776.0,21749.5,21773.75,0.0
2025-02-06T00:00:00Z,21772.75,21798.25,21765.25,21773.75,15105.0
2025-02-06T01:00:00Z,21774.75,21784.75,21763.5,21768.25,10238.0
2025-02-06T02:00:00Z,21767.75,21784.5,21758.0,21780.75,8364.0
2025-02-06T03:00:00Z,21780.25,21789.0,21769.75,21780.75,6890.0
2025-02-06T04:00:00Z,21780.25,21806.0,21777.75,21805.25,9238.0
2025-02-06T05:00:00Z,21806.25,21833.0,21805.5,21828.5,13744.0
2025-02-06T06:00:00Z,21829.0,21830.5,21807.25,21810.5,8829.0
2025-02-06T07:00:00Z,21810.25,21830.75,21782.5,21787.75,15614.0
2025-02-06T08:00:00Z,21787.5,21814.75,21770.75,21803.0,22483.0
2025-02-06T09:00:00Z,21803.0,21830.0,21792.0,21794.75,20171.0
2025-02-06T10:00:00Z,21794.25,21809.5,21774.75,21779.0,17071.0
2025-02-06T11:00:00Z,21778.75,21778.75,21716.75,21725.75,34422.0
2025-02-06T12:00:00Z,21725.0,21766.25,21706.0,21763.5,34400.0
2025-02-06T13:00:00Z,21763.5,21777.75,21742.5,21776.5,38315.0
2025-02-06T14:00:00Z,21776.25,21822.75,21738.0,21789.75,176995.0
2025-02-06T15:00:00Z,21790.0,21849.5,21740.25,21775.0,255852.0
2025-02-06T16:00:00Z,21781.25,21814.25,21754.0,21771.75,114512.0
2025-02-06T17:00:00Z,21771.75,21831.5,21748.0,21815.75,84492.0
2025-02-06T18:00:00Z,21815.75,21841.75,21798.5,21816.0,79718.0
2025-02-06T19:00:00Z,21815.25,21830.75,21711.75,21747.25,120886.0
2025-02-06T20:00:00Z,21747.0,21882.0,21735.0,21871.0,95648.0
2025-02-06T21:00:00Z,21870.5,21876.75,21762.25,21844.25,52171.0
2025-02-06T23:00:00Z,21819.75,21857.25,21806.0,21854.0,0.0
2025-02-07T00:00:00Z,21853.25,21866.5,21843.0,21864.0,8278.0
2025-02-07T01:00:00Z,21864.5,21896.5,21861.75,21891.5,14663.0
2025-02-07T02:00:00Z,21891.5,21899.25,21882.0,21891.25,8017.0
2025-02-07T03:00:00Z,21891.0,21893.75,21864.75,21872.25,9487.0
2025-02-07T04:00:00Z,21872.0,21874.0,21855.75,21857.5,6231.0
2025-02-07T05:00:00Z,21857.0,21860.25,21844.5,21853.0,7966.0
2025-02-07T06:00:00Z,21852.75,21861.5,21826.75,21861.0,14974.0
2025-02-07T07:00:00Z,21861.0,21874.0,21855.5,21860.5,12252.0
2025-02-07T08:00:00Z,21861.0,21881.75,21833.0,21844.5,20235.0
2025-02-07T09:00:00Z,21844.0,21866.0,21836.0,21855.25,16782.0
2025-02-07T10:00:00Z,21854.5,21866.75,21847.5,21854.0,9431.0
2025-02-07T11:00:00Z,21853.75,21876.5,21841.0,21872.0,11005.0
2025-02-07T12:00:00Z,21871.25,21877.0,21856.5,21865.0,12074.0
2025-02-07T13:00:00Z,21865.0,21923.5,21790.0,21878.75,90161.0
2025-02-07T14:00:00Z,21878.25,21967.75,21864.25,21905.0,179883.0
2025-02-07T15:00:00Z,21905.5,21905.5,21615.5,21722.75,408861.0
2025-02-07T16:00:00Z,21721.5,21758.75,21605.5,21629.25,234173.0
2025-02-07T17:00:00Z,21629.0,21683.0,21584.5,21652.0,161029.0
2025-02-07T18:00:00Z,21652.75,21730.75,21620.0,21624.5,107870.0
2025-02-07T19:00:00Z,21624.5,21637.25,21566.0,21607.5,106469.0
2025-02-07T20:00:00Z,21607.25,21619.5,21553.0,21588.25,101531.0
2025-02-07T21:00:00Z,21588.0,21603.5,21574.25,21575.5,19669.0
2025-02-09T23:00:00Z,21464.75,21656.5,21415.0,21646.5,41935.0
2025-02-10T00:00:00Z,21645.25,21702.0,21642.0,21699.0,30546.0
2025-02-10T01:00:00Z,21699.0,21700.0,21665.25,21671.5,18253.0
2025-02-10T02:00:00Z,21671.25,21683.75,21659.25,21675.5,11588.0
2025-02-10T03:00:00Z,21676.0,21692.0,21669.25,21690.0,7572.0
2025-02-10T04:00:00Z,21689.5,21702.5,21681.75,21683.0,8473.0
2025-02-10T05:00:00Z,21684.0,21731.5,21683.25,21713.75,16335.0
2025-02-10T06:00:00Z,21714.25,21715.75,21683.0,21694.5,11197.0
2025-02-10T07:00:00Z,21694.5,21701.75,21683.25,21690.5,10977.0
2025-02-10T08:00:00Z,21690.0,21716.0,21683.0,21694.25,16477.0
2025-02-10T09:00:00Z,21695.25,21715.5,21685.25,21709.0,14294.0
2025-02-10T10:00:00Z,21708.75,21736.5,21707.5,21726.0,13595.0
2025-02-10T11:00:00Z,21726.25,21752.5,21695.0,21742.25,21044.0
2025-02-10T12:00:00Z,21742.0,21746.5,21721.25,21738.75,16184.0
2025-02-10T13:00:00Z,21739.25,21785.25,21733.25,21780.25,28907.0
2025-02-10T14:00:00Z,21780.5,21809.0,21742.25,21792.5,169036.0
2025-02-10T15:00:00Z,21792.5,21893.75,21782.5,21865.25,168381.0
2025-02-10T16:00:00Z,21865.25,21886.25,21835.75,21871.5,104758.0
2025-02-10T17:00:00Z,21871.75,21872.25,21817.25,21865.75,89671.0
2025-02-10T18:00:00Z,21865.75,21885.5,21857.5,21878.25,51487.0
2025-02-10T19:00:00Z,21878.75,21882.25,21845.0,21862.5,60292.0
2025-02-10T20:00:00Z,21862.5,21876.0,21831.0,21843.5,73704.0
2025-02-10T21:00:00Z,21843.25,21848.0,21821.25,21837.0,20752.0
2025-02-10T23:00:00Z,21832.0,21832.0,21774.5,21795.25,0.0
2025-02-11T00:00:00Z,21795.5,21817.0,21781.0,21809.25,13956.0
2025-02-11T01:00:00Z,21809.5,21812.5,21788.75,21795.0,12482.0
2025-02-11T02:00:00Z,21795.5,21798.25,21750.0,21763.0,20249.0
2025-02-11T03:00:00Z,21763.25,21782.5,21752.5,21779.0,11250.0
2025-02-11T04:00:00Z,21778.5,21788.75,21773.0,21783.5,7180.0
2025-02-11T05:00:00Z,21797.5,21798.0,21787.25,21789.0,7494.0
2025-02-11T06:00:00Z,21789.0,21790.25,21766.75,21771.0,9045.0
2025-02-11T07:00:00Z,21771.25,21776.25,21729.25,21730.5,15225.0
2025-02-11T08:00:00Z,21730.75,21780.5,21719.0,21763.0,24074.0
2025-02-11T09:00:00Z,21762.0,21780.0,21742.75,21748.5,20013.0
2025-02-11T10:00:00Z,21748.75,21764.25,21728.75,21733.0,17819.0
2025-02-11T11:00:00Z,21735.5,21765.5,21733.5,21763.75,13684.0
2025-02-11T12:00:00Z,21763.5,21769.75,21728.75,21748.75,25107.0
2025-02-11T13:00:00Z,21748.25,21754.0,21672.25,21676.5,45506.0
2025-02-11T14:00:00Z,21675.75,21806.25,21669.5,21777.5,158328.0
2025-02-11T15:00:00Z,21777.5,21871.25,21760.75,21840.75,186407.0
2025-02-11T16:00:00Z,21841.75,21850.0,21785.0,21790.5,116777.0
2025-02-11T17:00:00Z,21791.0,21796.0,21715.75,21764.0,141889.0
2025-02-11T18:00:00Z,21764.25,21833.75,21747.75,21802.0,89078.0
2025-02-11T19:00:00Z,21802.75,21840.0,21792.0,21826.0,64547.0
2025-02-11T20:00:00Z,21826.75,21840.5,21765.75,21790.25,88971.0
2025-02-11T21:00:00Z,21790.25,21798.5,21778.25,21792.25,17300.0
2025-02-11T23:00:00Z,21802.0,21819.0,21779.5,21811.0,0.0
2025-02-12T00:00:00Z,21810.5,21831.25,21805.75,21813.25,12814.0
2025-02-12T01:00:00Z,21813.25,21829.75,21793.5,21827.0,17987.0
2025-02-12T02:00:00Z,21827.25,21828.75,21808.0,21811.0,7226.0
2025-02-12T03:00:00Z,21810.75,21812.25,21786.75,21789.25,8853.0
2025-02-12T04:00:00Z,21789.0,21793.75,21775.0,21779.75,9350.0
2025-02-12T05:00:00Z,21782.0,21783.5,21766.0,21774.5,6747.0
2025-02-12T06:00:00Z,21774.75,21793.0,21771.0,21783.5,7190.0
2025-02-12T07:00:00Z,21784.0,21802.0,21774.5,21801.0,8358.0
2025-02-12T08:00:00Z,21801.25,21814.0,21790.0,21798.25,15413.0
2025-02-12T09:00:00Z,21797.5,21798.5,21735.75,21769.0,28134.0
2025-02-12T10:00:00Z,21768.75,21795.0,21757.25,21791.25,14961.0
2025-02-12T11:00:00Z,21791.0,21801.0,21770.25,21790.5,15415.0
2025-02-12T12:00:00Z,21790.75,21836.75,21784.25,21830.75,22478.0
2025-02-12T13:00:00Z,21830.75,21848.5,21515.0,21544.0,150051.0
2025-02-12T14:00:00Z,21544.0,21701.0,21510.0,21676.75,237790.0
2025-02-12T15:00:00Z,21677.25,21774.0,21580.5,21728.0,288650.0
2025-02-12T16:00:00Z,21728.25,21784.75,21646.5,21780.5,159818.0
2025-02-12T17:00:00Z,21780.0,21825.5,21755.5,21818.0,120101.0
2025-02-12T18:00:00Z,21818.0,21828.5,21770.25,21792.75,79667.0
2025-02-12T19:00:00Z,21793.0,21839.0,21759.0,21828.5,74227.0
2025-02-12T20:00:00Z,21829.0,21838.25,21776.5,21802.0,82849.0
2025-02-12T21:00:00Z,21802.5,21862.75,21782.25,21859.0,33763.0
2025-02-12T23:00:00Z,21865.0,21898.75,21845.25,21888.25,0.0
2025-02-13T00:00:00Z,21888.0,21906.25,21872.5,21894.75,14498.0
2025-02-13T01:00:00Z,21895.0,21914.5,21880.5,21891.75,14855.0
2025-02-13T02:00:00Z,21891.5,21894.25,21872.5,21887.0,9831.0
2025-02-13T03:00:00Z,21887.5,21913.5,21885.0,21907.0,8335.0
2025-02-13T04:00:00Z,21907.25,21927.0,21905.0,21908.0,11085.0
2025-02-13T05:00:00Z,21912.5,21915.5,21895.5,21899.75,7178.0
2025-02-13T06:00:00Z,21899.0,21920.25,21888.75,21889.5,11014.0
2025-02-13T07:00:00Z,21889.0,21893.0,21841.5,21855.0,19779.0
2025-02-13T08:00:00Z,21855.25,21861.5,21763.75,21774.75,42775.0
2025-02-13T09:00:00Z,21775.0,21838.25,21752.75,21828.25,33923.0
2025-02-13T10:00:00Z,21828.0,21846.75,21808.5,21834.5,16468.0
2025-02-13T11:00:00Z,21834.25,21858.75,21797.0,21824.0,29899.0
2025-02-13T12:00:00Z,21823.5,21831.5,21787.75,21822.75,32005.0
2025-02-13T13:00:00Z,21822.5,21900.0,21787.25,21878.0,85692.0
2025-02-13T14:00:00Z,21877.5,21951.0,21835.0,21919.75,230582.0
2025-02-13T15:00:00Z,21920.0,22058.0,21868.75,22038.25,258224.0
2025-02-13T16:00:00Z,22038.0,22047.0,21942.0,21962.0,127884.0
2025-02-13T17:00:00Z,21962.25,21999.0,21943.0,21966.5,96698.0
2025-02-13T18:00:00Z,21967.0,21997.5,21890.5,21996.75,174476.0
2025-02-13T19:00:00Z,21996.5,22075.5,21987.75,22057.75,98483.0
2025-02-13T20:00:00Z,22057.25,22123.75,22052.75,22110.0,84311.0
2025-02-13T21:00:00Z,22109.25,22111.25,22071.0,22074.25,26022.0
2025-02-13T23:00:00Z,22072.5,22102.25,22068.0,22084.5,0.0
2025-02-14T00:00:00Z,22084.75,22105.5,22074.5,22096.5,13063.0
2025-02-14T01:00:00Z,22096.25,22144.75,22093.75,22143.25,19672.0
2025-02-14T02:00:00Z,22143.75,22149.25,22130.5,22134.0,10669.0
2025-02-14T03:00:00Z,22135.0,22146.5,22125.75,22141.5,7573.0
2025-02-14T04:00:00Z,22142.0,22144.75,22134.25,22142.5,4474.0
2025-02-14T05:00:00Z,22138.75,22142.75,22112.75,22119.75,10603.0
2025-02-14T06:00:00Z,22120.0,22134.75,22117.5,22132.75,7583.0
2025-02-14T07:00:00Z,22131.5,22162.0,22130.25,22146.25,17066.0
2025-02-14T08:00:00Z,22145.75,22148.25,22101.5,22117.75,20976.0
2025-02-14T09:00:00Z,22117.25,22145.75,22106.25,22124.75,20242.0
2025-02-14T10:00:00Z,22124.5,22126.5,22094.25,22105.25,15977.0
2025-02-14T11:00:00Z,22105.0,22105.0,22042.5,22062.5,30462.0
2025-02-14T12:00:00Z,22062.0,22087.25,22056.5,22084.75,22228.0
2025-02-14T13:00:00Z,22084.25,22115.25,22070.0,22104.75,36715.0
2025-02-14T14:00:00Z,22105.0,22142.0,22088.0,22126.5,159111.0
2025-02-14T15:00:00Z,22127.25,22165.75,22099.0,22164.5,206555.0
2025-02-14T16:00:00Z,22164.75,22170.25,22102.75,22139.25,140678.0
2025-02-14T17:00:00Z,22139.0,22163.0,22091.75,22157.5,101303.0
2025-02-14T18:00:00Z,22157.75,22198.75,22144.75,22185.5,85747.0
2025-02-14T19:00:00Z,22184.75,22206.75,22155.75,22179.0,73711.0
2025-02-14T20:00:00Z,22178.5,22224.0,22159.0,22194.5,92454.0
2025-02-14T21:00:00Z,22194.75,22220.0,22182.0,22203.0,24334.0
2025-02-16T23:00:00Z,22238.0,22240.0,22196.0,22212.0,19817.0
2025-02-17T00:00:00Z,22211.5,22227.5,22200.5,22222.25,17449.0
2025-02-17T01:00:00Z,22221.75,22252.5,22215.75,22246.75,16693.0
2025-02-17T02:00:00Z,22247.25,22269.75,22242.5,22268.0,10795.0
2025-02-17T03:00:00Z,22268.25,22272.5,22257.0,22263.5,8577.0
2025-02-17T04:00:00Z,22263.5,22277.0,22250.0,22275.5,9704.0
2025-02-18T05:00:00Z,22262.0,22263.0,22249.0,22253.0,7497.0
2025-02-18T06:00:00Z,22252.5,22303.0,22250.25,22298.0,15324.0
2025-02-18T07:00:00Z,22297.75,22318.25,22296.25,22314.0,15232.0
2025-02-18T08:00:00Z,22314.75,22320.0,22269.75,22293.0,23514.0
2025-02-18T09:00:00Z,22292.5,22306.75,22266.25,22273.75,18546.0
2025-02-18T10:00:00Z,22273.25,22285.0,22262.0,22281.5,11954.0
2025-02-18T11:00:00Z,22281.5,22287.75,22269.75,22276.75,9062.0
2025-02-18T12:00:00Z,22276.75,22301.75,22267.5,22286.0,19376.0
2025-02-18T13:00:00Z,22285.75,22313.25,22269.25,22311.0,29048.0
2025-02-18T14:00:00Z,22311.25,22318.25,22164.75,22202.25,210597.0
2025-02-18T15:00:00Z,22202.25,22207.25,22125.0,22187.5,229366.0
2025-02-18T16:00:00Z,22187.0,22215.75,22164.75,22186.75,121023.0
2025-02-18T17:00:00Z,22186.5,22203.25,22156.75,22195.25,76614.0
2025-02-18T18:00:00Z,22195.75,22206.0,22138.5,22159.0,80105.0
2025-02-18T19:00:00Z,22159.25,22186.75,22103.0,22178.5,104007.0
2025-02-18T20:00:00Z,22178.25,22239.25,22157.5,22239.25,83057.0
2025-02-18T21:00:00Z,22238.75,22249.0,22215.0,22225.0,26641.0
2025-02-18T23:00:00Z,22227.0,22253.25,22221.5,22250.5,0.0
2025-02-19T00:00:00Z,22249.5,22277.5,22245.75,22275.25,14147.0
2025-02-19T01:00:00Z,22275.75,22286.75,22271.25,22273.25,11162.0
2025-02-19T02:00:00Z,22272.5,22291.5,22263.0,22286.0,11457.0
2025-02-19T03:00:00Z,22286.25,22290.25,22278.5,22285.5,5988.0
2025-02-19T04:00:00Z,22286.0,22287.25,22261.75,22267.0,7611.0
2025-02-19T05:00:00Z,22264.5,22269.25,22253.0,22262.25,10174.0
2025-02-19T06:00:00Z,22262.75,22271.75,22255.0,22255.25,7133.0
2025-02-19T07:00:00Z,22255.5,22262.0,22246.25,22249.5,11080.0
2025-02-19T08:00:00Z,22248.75,22275.75,22246.25,22260.5,17815.0
2025-02-19T09:00:00Z,22260.75,22270.0,22241.0,22247.0,14426.0
2025-02-19T10:00:00Z,22247.0,22251.75,22203.0,22220.5,19759.0
2025-02-19T11:00:00Z,22220.5,22225.75,22195.0,22212.75,19902.0
2025-02-19T12:00:00Z,22212.75,22255.75,22208.75,22228.25,30144.0
2025-02-19T13:00:00Z,22228.5,22241.0,22179.0,22205.25,40159.0
2025-02-19T14:00:00Z,22205.25,22221.5,22154.75,22167.75,168056.0
2025-02-19T15:00:00Z,22168.25,22208.25,22118.0,22160.75,213436.0
2025-02-19T16:00:00Z,22160.75,22242.5,22159.5,22238.75,121014.0
2025-02-19T17:00:00Z,22238.75,22256.75,22207.75,22245.25,84950.0
2025-02-19T18:00:00Z,22245.5,22264.25,22194.75,22232.5,83366.0
2025-02-19T19:00:00Z,22233.0,22299.75,22226.25,22295.5,92446.0
2025-02-19T20:00:00Z,22295.25,22295.25,22205.5,22246.75,123220.0
2025-02-19T21:00:00Z,22246.75,22249.25,22213.0,22222.25,20700.0
2025-02-19T23:00:00Z,22215.0,22235.0,22209.75,22217.5,0.0
2025-02-20T00:00:00Z,22217.75,22228.5,22199.25,22227.25,14211.0
2025-02-20T01:00:00Z,22227.0,22229.5,22162.5,22169.5,21420.0
2025-02-20T02:00:00Z,22169.5,22187.75,22157.5,22184.75,15901.0
2025-02-20T03:00:00Z,22185.25,22191.25,22174.0,22180.25,7983.0
2025-02-20T04:00:00Z,22180.0,22183.25,22163.25,22176.75,8663.0
2025-02-20T05:00:00Z,22176.0,22183.25,22168.5,22169.25,5976.0
2025-02-20T06:00:00Z,22169.0,22173.0,22144.0,22159.5,15638.0
2025-02-20T07:00:00Z,22159.5,22170.5,22140.5,22149.0,15175.0
2025-02-20T08:00:00Z,22149.75,22186.0,22148.5,22182.0,16115.0
2025-02-20T09:00:00Z,22182.5,22208.0,22174.75,22205.25,14550.0
2025-02-20T10:00:00Z,22205.5,22219.75,22203.5,22204.0,11050.0
2025-02-20T11:00:00Z,22204.25,22210.0,22174.75,22186.75,19995.0
2025-02-20T12:00:00Z,22185.5,22210.75,22173.75,22207.5,20211.0
2025-02-20T13:00:00Z,22207.5,22212.25,22187.25,22203.25,22514.0
2025-02-20T14:00:00Z,22203.0,22227.0,22000.5,22010.25,228926.0
2025-02-20T15:00:00Z,22011.0,22108.0,21950.75,21989.0,305930.0
2025-02-20T16:00:00Z,21989.25,22076.5,21983.25,22031.0,158924.0
2025-02-20T17:00:00Z,22030.25,22098.0,22023.0,22039.75,95300.0
2025-02-20T18:00:00Z,22039.75,22077.25,22026.75,22068.0,83493.0
2025-02-20T19:00:00Z,22067.25,22127.5,22055.0,22116.5,101135.0
2025-02-20T20:00:00Z,22116.5,22148.0,22084.25,22145.0,103434.0
2025-02-20T21:00:00Z,22145.25,22149.75,22119.0,22137.5,22363.0
2025-02-20T23:00:00Z,22134.75,22173.75,22125.0,22161.5,0.0
2025-02-21T00:00:00Z,22161.0,22169.0,22147.25,22155.75,10950.0
2025-02-21T01:00:00Z,22155.25,22160.75,22126.25,22140.25,17347.0
2025-02-21T02:00:00Z,22140.75,22158.25,22138.75,22150.75,8415.0
2025-02-21T03:00:00Z,22151.0,22154.5,22135.0,22138.0,7028.0
2025-02-21T04:00:00Z,22138.5,22142.25,22121.75,22126.0,7575.0
2025-02-21T05:00:00Z,22118.0,22133.0,22116.75,22125.5,9271.0
2025-02-21T06:00:00Z,22125.5,22155.25,22124.5,22152.25,8670.0
2025-02-21T07:00:00Z,22152.75,22159.5,22136.0,22136.25,11234.0
2025-02-21T08:00:00Z,22137.25,22152.0,22104.25,22148.5,26263.0
2025-02-21T09:00:00Z,22148.5,22171.0,22141.0,22168.0,14055.0
2025-02-21T10:00:00Z,22168.0,22178.0,22156.0,22169.25,11670.0
2025-02-21T11:00:00Z,22169.25,22174.25,22152.25,22165.0,9120.0
2025-02-21T12:00:00Z,22164.75,22220.0,22156.5,22217.5,29966.0
2025-02-21T13:00:00Z,22216.75,22245.75,22206.75,22224.0,31280.0
2025-02-21T14:00:00Z,22224.0,22237.0,22073.0,22096.0,204754.0
2025-02-21T15:00:00Z,22093.5,22111.5,21940.5,22006.25,315654.0
2025-02-21T16:00:00Z,22006.25,22029.5,21960.25,21978.5,169943.0
2025-02-21T17:00:00Z,21978.75,21999.0,21837.5,21852.5,171053.0
2025-02-21T18:00:00Z,21852.5,21854.25,21756.0,21772.25,204020.0
2025-02-21T19:00:00Z,21772.75,21784.5,21666.75,21687.5,183648.0
2025-02-21T20:00:00Z,21687.25,21719.75,21662.0,21682.75,146522.0
2025-02-21T21:00:00Z,21682.5,21699.0,21652.25,21659.5,29497.0
2025-02-23T23:00:00Z,21700.75,21775.0,21677.75,21758.0,37753.0
2025-02-24T00:00:00Z,21758.0,21792.75,21750.5,21764.0,28471.0
2025-02-24T01:00:00Z,21763.0,21777.0,21733.0,21746.0,22870.0
2025-02-24T02:00:00Z,21746.5,21783.5,21740.25,21777.5,15286.0
2025-02-24T03:00:00Z,21778.25,21789.5,21765.75,21788.0,12688.0
2025-02-24T04:00:00Z,21788.5,21796.75,21772.0,21773.0,10720.0
2025-02-24T05:00:00Z,21775.75,21802.25,21771.0,21793.0,11017.0
2025-02-24T06:00:00Z,21793.0,21801.25,21775.5,21785.0,11328.0
2025-02-24T07:00:00Z,21785.5,21793.25,21732.0,21756.75,23985.0
2025-02-24T08:00:00Z,21757.5,21779.0,21701.0,21776.0,37672.0
2025-02-24T09:00:00Z,21776.0,21813.0,21769.25,21783.25,27115.0
2025-02-24T10:00:00Z,21782.75,21787.75,21757.0,21763.25,15575.0
2025-02-24T11:00:00Z,21763.5,21787.25,21747.0,21777.5,19235.0
2025-02-24T12:00:00Z,21777.25,21777.5,21739.25,21763.25,28696.0
2025-02-24T13:00:00Z,21763.0,21802.75,21757.25,21800.0,23491.0
2025-02-24T14:00:00Z,21799.75,21805.75,21561.0,21567.75,248856.0
2025-02-24T15:00:00Z,21567.75,21585.25,21436.75,21492.0,378745.0
2025-02-24T16:00:00Z,21492.75,21624.75,21477.5,21576.5,217570.0
2025-02-24T17:00:00Z,21577.0,21660.0,21569.5,21605.25,155776.0
2025-02-24T18:00:00Z,21605.5,21661.25,21595.0,21608.25,106531.0
2025-02-24T19:00:00Z,21608.25,21639.75,21538.25,21553.5,111945.0
2025-02-24T20:00:00Z,21553.75,21569.0,21408.5,21422.0,161967.0
2025-02-24T21:00:00Z,21421.75,21447.75,21407.25,21427.0,32463.0
2025-02-24T23:00:00Z,21440.25,21453.25,21366.5,21385.25,0.0
2025-02-25T00:00:00Z,21385.5,21449.5,21385.5,21433.0,28838.0
2025-02-25T01:00:00Z,21432.75,21451.5,21408.5,21442.5,36173.0
2025-02-25T02:00:00Z,21442.0,21452.0,21397.0,21438.0,17254.0
2025-02-25T03:00:00Z,21438.0,21444.5,21425.75,21430.0,8320.0
2025-02-25T04:00:00Z,21430.25,21441.0,21413.25,21423.25,9715.0
2025-02-25T05:00:00Z,21431.75,21441.75,21427.25,21436.5,7242.0
2025-02-25T06:00:00Z,21437.0,21445.25,21409.5,21422.5,14223.0
2025-02-25T07:00:00Z,21421.75,21425.25,21310.0,21317.0,47668.0
2025-02-25T08:00:00Z,21317.75,21404.0,21308.5,21318.0,52194.0
2025-02-25T09:00:00Z,21317.75,21383.5,21301.25,21304.75,43338.0
2025-02-25T10:00:00Z,21304.75,21349.75,21286.5,21296.5,30482.0
2025-02-25T11:00:00Z,21296.5,21388.0,21285.5,21370.5,39153.0
2025-02-25T12:00:00Z,21370.75,21435.5,21363.25,21430.0,36715.0
2025-02-25T13:00:00Z,21429.75,21451.75,21393.25,21404.0,54951.0
2025-02-25T14:00:00Z,21404.0,21413.75,21211.0,21260.75,305665.0
2025-02-25T15:00:00Z,21261.75,21264.0,21028.5,21104.75,468763.0
2025-02-25T16:00:00Z,21105.25,21203.25,20990.5,21170.75,260304.0
2025-02-25T17:00:00Z,21170.0,21225.75,21110.0,21219.75,144883.0
2025-02-25T18:00:00Z,21220.25,21281.75,21165.25,21199.5,157752.0
2025-02-25T19:00:00Z,21199.25,21215.25,21123.5,21202.25,161624.0
2025-02-25T20:00:00Z,21202.5,21263.0,21121.25,21150.25,185837.0
2025-02-25T21:00:00Z,21150.0,21210.0,21140.0,21195.5,27054.0
2025-02-25T23:00:00Z,21225.0,21241.75,21210.75,21225.5,0.0
2025-02-26T00:00:00Z,21225.25,21249.75,21209.0,21249.75,16404.0
2025-02-26T01:00:00Z,21249.5,21251.0,21211.5,21217.25,12521.0
2025-02-26T02:00:00Z,21217.5,21245.75,21198.5,21242.75,14034.0
2025-02-26T03:00:00Z,21243.25,21266.75,21235.0,21239.0,13143.0
2025-02-26T04:00:00Z,21239.0,21253.75,21232.25,21250.5,6815.0
2025-02-26T05:00:00Z,21257.0,21279.75,21255.0,21279.25,10069.0
2025-02-26T06:00:00Z,21279.0,21282.75,21261.5,21276.5,11575.0
2025-02-26T07:00:00Z,21276.75,21304.75,21262.0,21294.0,20050.0
2025-02-26T08:00:00Z,21293.25,21297.5,21263.25,21290.75,20553.0
2025-02-26T09:00:00Z,21291.0,21328.0,21284.75,21305.25,21669.0
2025-02-26T10:00:00Z,21305.5,21327.0,21302.75,21320.25,13708.0
2025-02-26T11:00:00Z,21320.5,21326.75,21276.75,21288.0,20113.0
2025-02-26T12:00:00Z,21288.0,21308.0,21260.0,21290.75,28270.0
2025-02-26T13:00:00Z,21290.5,21332.5,21255.25,21273.0,49535.0
2025-02-26T14:00:00Z,21273.0,21313.0,21188.5,21300.5,282622.0
2025-02-26T15:00:00Z,21300.75,21372.0,21259.75,21351.25,303079.0
2025-02-26T16:00:00Z,21352.0,21409.75,21339.0,21349.0,178639.0
2025-02-26T17:00:00Z,21349.5,21407.5,21228.75,21249.0,184628.0
2025-02-26T18:00:00Z,21249.75,21260.75,21079.75,21101.75,192104.0
2025-02-26T19:00:00Z,21101.25,21173.25,21064.75,21093.75,152827.0
2025-02-26T20:00:00Z,21094.25,21224.5,21077.75,21191.75,138602.0
2025-02-26T21:00:00Z,21191.75,21327.25,21096.25,21275.0,71610.0
2025-02-26T23:00:00Z,21250.75,21262.5,21162.25,21213.0,0.0
2025-02-27T00:00:00Z,21212.5,21229.0,21124.0,21137.0,40171.0
2025-02-27T01:00:00Z,21137.75,21195.0,21107.75,21168.25,30923.0
2025-02-27T02:00:00Z,21168.5,21215.5,21155.5,21184.25,26166.0
2025-02-27T03:00:00Z,21184.75,21208.0,21161.0,21161.75,14806.0
2025-02-27T04:00:00Z,21162.5,21171.25,21147.0,21169.5,13567.0
2025-02-27T05:00:00Z,21189.0,21267.0,21187.5,21245.25,23384.0
2025-02-27T06:00:00Z,21245.0,21295.25,21239.0,21281.0,19206.0
2025-02-27T07:00:00Z,21280.75,21325.5,21271.5,21281.5,24708.0
2025-02-27T08:00:00Z,21282.25,21328.0,21250.0,21322.25,32172.0
2025-02-27T09:00:00Z,21321.5,21334.75,21292.25,21324.5,22945.0
2025-02-27T10:00:00Z,21324.25,21348.5,21309.25,21321.5,16350.0
2025-02-27T11:00:00Z,21322.0,21345.75,21311.25,21345.0,20023.0
2025-02-27T12:00:00Z,21344.5,21386.5,21336.0,21351.5,35504.0
2025-02-27T13:00:00Z,21351.25,21373.0,21268.75,21307.75,104282.0
2025-02-27T14:00:00Z,21307.0,21381.0,20996.0,21008.0,369020.0
2025-02-27T15:00:00Z,21007.25,21167.25,20896.5,21019.5,488440.0
2025-02-27T16:00:00Z,21019.75,21160.0,20992.5,21006.25,262565.0
2025-02-27T17:00:00Z,21006.25,21076.5,20956.25,21038.25,191076.0
2025-02-27T18:00:00Z,21037.75,21117.5,21028.5,21051.5,162058.0
2025-02-27T19:00:00Z,21051.75,21056.75,20795.75,20834.75,255553.0
2025-02-27T20:00:00Z,20834.25,20840.5,20597.5,20608.25,289417.0
2025-02-27T21:00:00Z,20608.5,20658.0,20582.5,20633.25,45916.0
2025-02-27T23:00:00Z,20649.5,20680.75,20638.5,20674.0,0.0
2025-02-28T00:00:00Z,20673.0,20687.75,20616.25,20616.5,28564.0
2025-02-28T01:00:00Z,20616.75,20668.25,20538.5,20625.75,52453.0
2025-02-28T02:00:00Z,20625.5,20645.75,20571.25,20587.5,37516.0
2025-02-28T03:00:00Z,20588.25,20598.5,20520.0,20560.75,45385.0
2025-02-28T04:00:00Z,20561.25,20641.75,20546.25,20612.75,32028.0
2025-02-28T05:00:00Z,20642.0,20645.75,20612.0,20622.5,19301.0
2025-02-28T06:00:00Z,20623.0,20646.5,20585.5,20595.25,24276.0
2025-02-28T07:00:00Z,20595.5,20631.0,20553.0,20626.5,36631.0
2025-02-28T08:00:00Z,20627.0,20681.0,20612.0,20659.25,35745.0
2025-02-28T09:00:00Z,20660.0,20682.0,20636.5,20658.75,24365.0
2025-02-28T10:00:00Z,20658.75,20679.0,20645.75,20657.0,16553.0
2025-02-28T11:00:00Z,20657.75,20677.25,20650.75,20661.75,14505.0
2025-02-28T12:00:00Z,20662.25,20664.75,20581.0,20620.0,53104.0
2025-02-28T13:00:00Z,20619.5,20664.75,20561.25,20600.5,76638.0
2025-02-28T14:00:00Z,20600.5,20644.5,20460.25,20594.25,330643.0
2025-02-28T15:00:00Z,20593.25,20777.5,20553.75,20759.5,350561.0
2025-02-28T16:00:00Z,20760.25,20776.0,20642.0,20696.5,241131.0
2025-02-28T17:00:00Z,20697.0,20748.75,20537.0,20540.5,228676.0
2025-02-28T18:00:00Z,20541.5,20667.0,20483.75,20542.25,262528.0
2025-02-28T19:00:00Z,20541.75,20721.5,20537.25,20711.0,202090.0
2025-02-28T20:00:00Z,20711.5,20944.25,20683.25,20920.5,250650.0
2025-02-28T21:00:00Z,20920.75,20930.75,20868.25,20910.0,48153.0
2025-03-02T23:00:00Z,21000.0,21036.0,20949.0,20968.75,44916.0
2025-03-03T00:00:00Z,20968.5,20971.75,20836.5,20884.75,56569.0
2025-03-03T01:00:00Z,20885.25,20952.5,20863.5,20943.5,39603.0
2025-03-03T02:00:00Z,20943.0,20963.0,20917.5,20928.75,25814.0
2025-03-03T03:00:00Z,20928.5,20934.25,20883.75,20922.75,24372.0
2025-03-03T04:00:00Z,20922.5,20956.0,20920.0,20953.5,12180.0
2025-03-03T05:00:00Z,20952.25,21002.0,20944.5,20987.25,20026.0
2025-03-03T06:00:00Z,20986.25,21021.75,20958.0,21007.5,25301.0
2025-03-03T07:00:00Z,21008.0,21015.0,20923.25,20961.5,32308.0
2025-03-03T08:00:00Z,20961.25,20990.0,20888.25,20948.0,49974.0
2025-03-03T09:00:00Z,20948.5,21019.0,20928.25,21013.5,30267.0
2025-03-03T10:00:00Z,21014.0,21020.75,20985.75,21003.5,21278.0
2025-03-03T11:00:00Z,21003.5,21045.75,20995.5,21041.5,20384.0
2025-03-03T12:00:00Z,21041.0,21101.0,21031.0,21070.25,45719.0
2025-03-03T13:00:00Z,21070.25,21080.75,21032.75,21066.0,44219.0
2025-03-03T14:00:00Z,21064.75,21120.75,20824.25,20859.75,311630.0
2025-03-03T15:00:00Z,20837.75,20989.25,20759.75,20858.25,412557.0
2025-03-03T16:00:00Z,20858.5,20985.0,20831.5,20921.5,243739.0
2025-03-03T17:00:00Z,20921.5,20965.25,20821.5,20849.75,157970.0
2025-03-03T18:00:00Z,20849.75,20857.0,20652.75,20747.25,238791.0
2025-03-03T19:00:00Z,20747.25,20819.75,20598.75,20603.25,230930.0
2025-03-03T20:00:00Z,20603.5,20606.0,20317.5,20473.25,331065.0
2025-03-03T21:00:00Z,20473.0,20536.75,20464.75,20531.0,43449.0
2025-03-03T23:00:00Z,20525.0,20560.0,20490.25,20514.5,0.0
2025-03-04T00:00:00Z,20514.75,20557.0,20474.25,20550.5,36707.0
2025-03-04T01:00:00Z,20550.75,20570.75,20466.25,20476.5,41052.0
2025-03-04T02:00:00Z,20477.25,20538.75,20471.5,20523.0,24339.0
2025-03-04T03:00:00Z,20522.25,20549.0,20501.25,20540.0,22831.0
2025-03-04T04:00:00Z,20540.25,20563.0,20516.75,20532.75,19102.0
2025-03-04T05:00:00Z,20572.5,20581.75,20533.5,20568.75,36595.0
2025-03-04T06:00:00Z,20569.0,20582.5,20524.75,20559.25,26914.0
2025-03-04T07:00:00Z,20559.5,20568.5,20475.5,20489.25,36700.0
2025-03-04T08:00:00Z,20488.5,20562.75,20459.75,20516.5,54763.0
2025-03-04T09:00:00Z,20516.25,20566.75,20489.5,20495.75,37257.0
2025-03-04T10:00:00Z,20496.0,20515.0,20443.5,20462.75,42706.0
2025-03-04T11:00:00Z,20462.75,20494.0,20438.25,20475.25,32987.0
2025-03-04T12:00:00Z,20474.5,20474.75,20306.5,20320.75,94467.0
2025-03-04T13:00:00Z,20321.0,20356.5,20261.5,20325.0,107633.0
2025-03-04T14:00:00Z,20324.5,20430.0,20228.0,20231.25,371706.0
2025-03-04T15:00:00Z,20230.75,20263.5,20075.75,20196.5,438992.0
2025-03-04T16:00:00Z,20197.75,20337.5,20108.75,20298.5,277526.0
2025-03-04T17:00:00Z,20298.75,20432.75,20265.75,20336.75,224249.0
2025-03-04T18:00:00Z,20337.75,20523.0,20312.0,20501.75,197589.0
2025-03-04T19:00:00Z,20500.25,20632.25,20498.0,20619.25,170946.0
2025-03-04T20:00:00Z,20619.0,20732.75,20324.0,20397.5,244801.0
2025-03-04T21:00:00Z,20397.25,20593.25,20395.0,20536.25,75541.0
2025-03-04T23:00:00Z,20553.25,20594.75,20531.5,20579.0,0.0
2025-03-05T00:00:00Z,20578.0,20589.0,20486.25,20533.25,34900.0
2025-03-05T01:00:00Z,20534.75,20542.25,20451.5,20502.25,47826.0
2025-03-05T02:00:00Z,20502.75,20511.0,20440.75,20479.0,45003.0
2025-03-05T03:00:00Z,20479.5,20562.75,20458.5,20548.5,43652.0
2025-03-05T04:00:00Z,20548.0,20568.5,20528.5,20538.75,17412.0
2025-03-05T05:00:00Z,20546.25,20557.5,20505.5,20550.0,19539.0
2025-03-05T06:00:00Z,20549.5,20567.0,20518.25,20549.25,15856.0
2025-03-05T07:00:00Z,20547.75,20577.5,20536.0,20540.75,24868.0
2025-03-05T08:00:00Z,20542.25,20609.25,20513.0,20550.25,50781.0
2025-03-05T09:00:00Z,20551.5,20631.25,20525.0,20609.25,34498.0
2025-03-05T10:00:00Z,20609.5,20622.25,20534.75,20545.5,35837.0
2025-03-05T11:00:00Z,20546.25,20557.75,20442.0,20492.5,37424.0
2025-03-05T12:00:00Z,20492.5,20526.0,20460.25,20484.75,47120.0
2025-03-05T13:00:00Z,20485.5,20524.25,20406.0,20419.0,86271.0
2025-03-05T14:00:00Z,20419.5,20465.5,20270.25,20314.75,308631.0
2025-03-05T15:00:00Z,20319.25,20496.75,20299.5,20390.75,385343.0
2025-03-05T16:00:00Z,20390.75,20391.0,20215.0,20338.25,285778.0
2025-03-05T17:00:00Z,20337.25,20576.5,20331.0,20570.25,223754.0
2025-03-05T18:00:00Z,20570.5,20597.0,20446.5,20590.5,204520.0
2025-03-05T19:00:00Z,20590.5,20711.5,20558.0,20651.75,202787.0
2025-03-05T20:00:00Z,20651.0,20725.5,20602.5,20658.0,210860.0
2025-03-05T21:00:00Z,20657.5,20663.0,20577.25,20610.25,41380.0
2025-03-05T23:00:00Z,20608.0,20643.5,20589.0,20605.5,0.0
2025-03-06T00:00:00Z,20605.0,20637.5,20582.25,20590.25,18120.0
2025-03-06T01:00:00Z,20590.75,20618.0,20583.5,20614.5,16988.0
2025-03-06T02:00:00Z,20615.0,20631.25,20591.0,20605.75,14635.0
2025-03-06T03:00:00Z,20606.25,20627.25,20592.5,20623.0,10149.0
2025-03-06T04:00:00Z,20622.5,20647.5,20619.25,20639.0,10347.0
2025-03-06T05:00:00Z,20638.0,20648.5,20606.5,20612.0,11618.0
2025-03-06T06:00:00Z,20612.75,20639.75,20596.5,20634.5,12428.0
2025-03-06T07:00:00Z,20635.0,20642.5,20531.75,20533.75,30704.0
2025-03-06T08:00:00Z,20533.75,20557.0,20432.5,20443.5,63553.0
2025-03-06T09:00:00Z,20444.25,20485.75,20376.5,20409.25,58642.0
2025-03-06T10:00:00Z,20409.0,20439.0,20364.75,20380.0,40478.0
2025-03-06T11:00:00Z,20379.0,20430.75,20351.75,20424.5,35572.0
2025-03-06T12:00:00Z,20423.75,20428.75,20353.75,20370.75,51005.0
2025-03-06T13:00:00Z,20371.5,20385.0,20299.25,20326.5,90797.0
2025-03-06T14:00:00Z,20326.25,20372.0,20228.25,20282.25,315618.0
2025-03-06T15:00:00Z,20282.75,20513.25,20253.5,20430.25,379174.0
2025-03-06T16:00:00Z,20430.5,20496.0,20246.5,20252.5,254361.0
2025-03-06T17:00:00Z,20252.25,20276.75,20090.5,20171.75,263671.0
2025-03-06T18:00:00Z,20171.5,20208.0,20042.0,20119.0,204099.0
2025-03-06T19:00:00Z,20118.75,20207.75,20002.75,20050.75,233985.0
2025-03-06T20:00:00Z,20051.0,20155.25,20026.75,20094.0,238914.0
2025-03-06T21:00:00Z,20093.75,20216.5,20077.5,20175.25,46656.0
2025-03-06T23:00:00Z,20212.0,20225.0,20168.0,20187.0,0.0
2025-03-07T00:00:00Z,20187.0,20202.5,20141.25,20175.25,28960.0
2025-03-07T01:00:00Z,20176.25,20219.5,20161.0,20196.25,22879.0
2025-03-07T02:00:00Z,20197.0,20217.0,20175.25,20196.25,15748.0
2025-03-07T03:00:00Z,20197.0,20199.5,20163.25,20170.5,11598.0
2025-03-07T04:00:00Z,20170.25,20191.75,20155.25,20181.0,10983.0
2025-03-07T05:00:00Z,20167.0,20186.25,20136.75,20154.25,14603.0
2025-03-07T06:00:00Z,20154.75,20157.25,20113.5,20128.75,22156.0
2025-03-07T07:00:00Z,20128.0,20176.75,20119.5,20166.25,25022.0
2025-03-07T08:00:00Z,20167.5,20189.5,20144.25,20169.0,34463.0
2025-03-07T09:00:00Z,20168.25,20228.0,20158.5,20197.0,30787.0
2025-03-07T10:00:00Z,20198.0,20201.5,20157.5,20178.25,22140.0
2025-03-07T11:00:00Z,20178.25,20201.75,20151.0,20184.5,21249.0
2025-03-07T12:00:00Z,20184.0,20184.75,20095.0,20124.25,43941.0
2025-03-07T13:00:00Z,20124.25,20270.75,20039.0,20066.75,134948.0
2025-03-07T14:00:00Z,20066.0,20242.0,20024.25,20140.0,340642.0
2025-03-07T15:00:00Z,20139.5,20193.0,19887.75,20021.0,442275.0
2025-03-07T16:00:00Z,20021.0,20035.0,19766.0,19830.75,325235.0
2025-03-07T17:00:00Z,19831.25,20083.75,19771.75,19945.0,322864.0
2025-03-07T18:00:00Z,19945.75,20176.5,19943.0,20169.5,275813.0
2025-03-07T19:00:00Z,20169.5,20273.75,20120.5,20193.0,243485.0
2025-03-07T20:00:00Z,20192.75,20286.75,20099.0,20225.0,231916.0
2025-03-07T21:00:00Z,20224.25,20228.25,20145.0,20207.0,36199.0
2025-03-09T22:00:00Z,20149.5,20149.5,19994.25,20013.5,48922.0
2025-03-09T23:00:00Z,20014.0,20061.25,19933.0,20034.0,43061.0
2025-03-10T00:00:00Z,20033.75,20067.5,20006.75,20066.0,38055.0
2025-03-10T01:00:00Z,20066.0,20136.75,20060.5,20133.75,32901.0
2025-03-10T02:00:00Z,20133.25,20156.0,20115.5,20137.0,21552.0
2025-03-10T03:00:00Z,20136.5,20151.0,20102.0,20124.5,21127.0
2025-03-10T04:00:00Z,20126.0,20152.75,20090.75,20094.75,19175.0
2025-03-10T05:00:00Z,20095.0,20133.0,20077.0,20091.0,17837.0
2025-03-10T06:00:00Z,20091.25,20124.25,20091.25,20110.25,15777.0
2025-03-10T07:00:00Z,20110.25,20141.25,20085.25,20090.75,24787.0
2025-03-10T08:00:00Z,20093.5,20113.25,19947.5,19958.75,63709.0
2025-03-10T09:00:00Z,19958.75,20056.0,19951.5,20003.0,50335.0
2025-03-10T10:00:00Z,20003.75,20024.5,19939.0,19970.5,43406.0
2025-03-10T11:00:00Z,19970.5,20020.75,19921.25,19951.0,57266.0
2025-03-10T12:00:00Z,19952.0,19955.5,19860.5,19913.0,73691.0
2025-03-10T13:00:00Z,19913.5,19943.5,19744.5,19790.25,320726.0
2025-03-10T14:00:00Z,19791.0,19791.5,19520.0,19553.5,404057.0
2025-03-10T15:00:00Z,19555.0,19702.75,19549.0,19587.0,319544.0
2025-03-10T16:00:00Z,19586.5,19639.5,19522.5,19542.75,218552.0
2025-03-10T17:00:00Z,19542.75,19552.5,19422.5,19441.75,222767.0
2025-03-10T18:00:00Z,19441.75,19498.5,19330.0,19339.0,197108.0
2025-03-10T19:00:00Z,19338.0,19551.0,19271.75,19464.0,314352.0
2025-03-10T20:00:00Z,19463.75,19489.75,19416.25,19472.0,48806.0
2025-03-10T22:00:00Z,19439.0,19461.5,19367.0,19377.5,0.0
2025-03-10T23:00:00Z,19377.5,19401.25,19228.75,19304.25,68430.0
2025-03-11T00:00:00Z,19304.5,19329.0,19140.0,19206.5,63546.0
2025-03-11T01:00:00Z,19206.75,19272.0,19145.75,19257.0,60765.0
2025-03-11T02:00:00Z,19256.75,19420.0,19246.75,19391.5,69524.0
2025-03-11T03:00:00Z,19391.25,19494.5,19391.25,19437.5,45537.0
2025-03-11T04:00:00Z,19435.75,19495.0,19433.75,19467.0,27374.0
2025-03-11T05:00:00Z,19466.75,19492.25,19445.5,19477.5,22735.0
2025-03-11T06:00:00Z,19476.75,19519.75,19456.75,19473.75,26812.0
2025-03-11T07:00:00Z,19473.75,19494.75,19404.5,19481.5,39815.0
2025-03-11T08:00:00Z,19482.0,19569.0,19468.0,19564.0,55951.0
2025-03-11T09:00:00Z,19563.5,19582.0,19531.5,19543.75,41612.0
2025-03-11T10:00:00Z,19543.5,19562.25,19506.5,19534.0,39410.0
2025-03-11T11:00:00Z,19534.0,19578.0,19470.75,19577.25,44576.0
2025-03-11T12:00:00Z,19577.5,19583.75,19439.25,19453.5,75072.0
2025-03-11T13:00:00Z,19453.0,19598.75,19386.5,19519.5,325108.0
2025-03-11T14:00:00Z,19520.0,19613.5,19265.25,19314.0,555690.0
2025-03-11T15:00:00Z,19313.75,19544.75,19285.75,19423.25,359923.0
2025-03-11T16:00:00Z,19422.75,19446.0,19296.0,19323.5,254777.0
2025-03-11T17:00:00Z,19323.5,19369.25,19201.0,19325.0,217067.0
2025-03-11T18:00:00Z,19325.75,19687.25,19318.75,19639.5,263037.0
2025-03-11T19:00:00Z,19639.75,19677.25,19392.0,19393.5,270735.0
2025-03-11T20:00:00Z,19393.0,19445.5,19371.0,19399.75,46473.0
2025-03-11T22:00:00Z,19412.0,19479.25,19402.25,19468.5,0.0
2025-03-11T23:00:00Z,19468.25,19478.0,19422.75,19477.25,23104.0
2025-03-12T00:00:00Z,19478.0,19500.25,19440.0,19466.0,24538.0
2025-03-12T01:00:00Z,19467.25,19482.75,19442.5,19472.0,19664.0
2025-03-12T02:00:00Z,19472.0,19492.5,19449.0,19454.5,13371.0
2025-03-12T03:00:00Z,19454.25,19471.0,19435.0,19453.75,12515.0
2025-03-12T04:00:00Z,19443.25,19474.0,19439.75,19453.75,11863.0
2025-03-12T05:00:00Z,19453.5,19483.0,19446.75,19480.0,9367.0
2025-03-12T06:00:00Z,19480.5,19480.75,19396.75,19413.25,15783.0
2025-03-12T07:00:00Z,19412.5,19482.75,19387.0,19474.75,33411.0
2025-03-12T08:00:00Z,19474.5,19555.5,19441.75,19546.75,48991.0
2025-03-12T09:00:00Z,19546.0,19564.0,19523.5,19559.75,28788.0
2025-03-12T10:00:00Z,19560.0,19567.0,19524.25,19551.0,22880.0
2025-03-12T11:00:00Z,19550.5,19608.0,19546.75,19582.5,34936.0
2025-03-12T12:00:00Z,19582.75,19788.75,19564.75,19722.25,133586.0
2025-03-12T13:00:00Z,19722.25,19776.75,19589.5,19644.5,335781.0
2025-03-12T14:00:00Z,19643.25,19725.0,19471.5,19475.0,406446.0
2025-03-12T15:00:00Z,19474.75,19638.25,19395.0,19633.0,317124.0
2025-03-12T16:00:00Z,19633.75,19727.75,19586.25,19626.5,236844.0
2025-03-12T17:00:00Z,19626.75,19719.75,19535.5,19539.75,207137.0
2025-03-12T18:00:00Z,19540.5,19706.25,19531.25,19677.25,187038.0
2025-03-12T19:00:00Z,19677.25,19677.75,19553.75,19609.5,219951.0
2025-03-12T20:00:00Z,19608.75,19609.5,19562.0,19571.0,31719.0
2025-03-12T22:00:00Z,19575.0,19637.25,19567.0,19627.5,0.0
2025-03-12T23:00:00Z,19627.25,19688.25,19625.5,19684.25,23752.0
2025-03-13T00:00:00Z,19684.25,19693.75,19639.75,19643.25,21216.0
2025-03-13T01:00:00Z,19643.25,19656.5,19607.0,19638.0,23993.0
2025-03-13T02:00:00Z,19637.5,19645.0,19587.25,19591.75,17114.0
2025-03-13T03:00:00Z,19592.25,19592.75,19511.5,19522.0,29223.0
2025-03-13T04:00:00Z,19538.75,19544.5,19463.0,19481.75,29307.0
2025-03-13T05:00:00Z,19481.25,19505.0,19436.75,19465.0,31567.0
2025-03-13T06:00:00Z,19464.5,19500.0,19400.5,19483.25,39760.0
2025-03-13T07:00:00Z,19482.5,19511.75,19417.0,19430.75,40356.0
2025-03-13T08:00:00Z,19431.25,19494.5,19409.0,19492.5,50227.0
2025-03-13T09:00:00Z,19491.75,19609.25,19459.75,19605.5,43224.0
2025-03-13T10:00:00Z,19606.0,19632.75,19560.0,19575.25,37478.0
2025-03-13T11:00:00Z,19575.5,19594.5,19494.5,19531.25,58712.0
2025-03-13T12:00:00Z,19530.25,19597.0,19476.75,19555.75,91090.0
2025-03-13T13:00:00Z,19555.5,19590.5,19338.75,19367.5,332156.0
2025-03-13T14:00:00Z,19367.25,19570.25,19324.0,19423.75,456148.0
2025-03-13T15:00:00Z,19424.0,19477.0,19276.5,19296.75,313169.0
2025-03-13T16:00:00Z,19297.0,19390.75,19240.0,19287.75,258417.0
2025-03-13T17:00:00Z,19287.25,19313.25,19165.5,19191.75,202080.0
2025-03-13T18:00:00Z,19191.0,19377.25,19186.5,19362.5,227176.0
2025-03-13T19:00:00Z,19362.5,19396.25,19184.5,19252.0,246612.0
2025-03-13T20:00:00Z,19252.0,19328.5,19243.25,19294.75,40280.0
2025-03-13T22:00:00Z,19310.0,19382.0,19298.25,19362.25,0.0
2025-03-13T23:00:00Z,19362.25,19386.25,19349.0,19359.25,23233.0
2025-03-14T00:00:00Z,19358.75,19425.5,19334.5,19401.0,41657.0
2025-03-14T01:00:00Z,19401.25,19432.75,19387.75,19402.75,27071.0
2025-03-14T02:00:00Z,19403.5,19441.5,19400.75,19436.0,18535.0
2025-03-14T03:00:00Z,19435.75,19459.25,19432.75,19449.25,14763.0
2025-03-14T04:00:00Z,19450.0,19459.0,19431.5,19442.25,11118.0
2025-03-14T05:00:00Z,19441.75,19455.5,19404.5,19410.75,16399.0
2025-03-14T06:00:00Z,19410.25,19420.25,19383.25,19413.25,16620.0
2025-03-14T07:00:00Z,19412.25,19422.0,19370.0,19391.25,26617.0
2025-03-14T08:00:00Z,19392.25,19453.5,19375.0,19428.0,33321.0
2025-03-14T09:00:00Z,19428.25,19461.25,19426.75,19441.25,27975.0
2025-03-14T10:00:00Z,19443.0,19486.5,19398.75,19457.25,41777.0
2025-03-14T11:00:00Z,19456.75,19487.5,19424.25,19472.25,37260.0
2025-03-14T12:00:00Z,19472.5,19533.75,19467.25,19495.75,54698.0
2025-03-14T13:00:00Z,19496.0,19620.75,19450.0,19549.5,251140.0
2025-03-14T14:00:00Z,19546.0,19611.0,19426.25,19610.25,436908.0
2025-03-14T15:00:00Z,19610.25,19703.0,19591.0,19680.25,248708.0
2025-03-14T16:00:00Z,19680.0,19707.75,19604.0,19687.25,192514.0
2025-03-14T17:00:00Z,19686.75,19707.5,19620.0,19630.0,162292.0
2025-03-14T18:00:00Z,19630.0,19703.75,19612.25,19674.5,149013.0
2025-03-14T19:00:00Z,19674.25,19742.75,19650.0,19705.75,172175.0
2025-03-14T20:00:00Z,19705.0,19705.25,19640.5,19666.75,35665.0
2025-03-16T22:00:00Z,19669.5,19687.5,19560.0,19570.5,36364.0
2025-03-16T23:00:00Z,19571.5,19611.5,19551.0,19585.0,22039.0
2025-03-17T00:00:00Z,19583.75,19623.0,19564.5,19601.25,20585.0
2025-03-17T01:00:00Z,19601.25,19628.5,19598.75,19609.75,12557.0
2025-03-17T02:00:00Z,19609.75,19612.5,19592.0,19602.5,9499.0
2025-03-17T03:00:00Z,19601.25,19610.5,19584.0,19584.75,8885.0
2025-03-17T04:00:00Z,19584.5,19607.25,19584.0,19595.75,7458.0
2025-03-17T05:00:00Z,19595.75,19600.0,19585.5,19593.25,4724.0
2025-03-17T06:00:00Z,19593.5,19602.0,19562.0,19576.75,8324.0
2025-03-17T07:00:00Z,19576.75,19596.25,19554.5,19593.25,13332.0
2025-03-17T08:00:00Z,19593.5,19628.5,19575.0,19618.75,19371.0
2025-03-17T09:00:00Z,19618.75,19637.0,19604.0,19624.5,12332.0
2025-03-17T10:00:00Z,19624.25,19689.0,19616.0,19679.5,15352.0
2025-03-17T11:00:00Z,19679.5,19717.5,19676.75,19683.25,20615.0
2025-03-17T12:00:00Z,19683.0,19778.5,19650.0,19752.0,44086.0
2025-03-17T13:00:00Z,19752.25,19848.0,19684.0,19790.25,137855.0
2025-03-17T14:00:00Z,19790.0,19817.5,19670.75,19686.75,186707.0
2025-03-17T15:00:00Z,19687.75,19734.5,19628.5,19689.0,122017.0
2025-03-17T16:00:00Z,19676.0,19745.25,19655.0,19699.25,97218.0
2025-03-17T17:00:00Z,19699.25,19834.0,19673.25,19816.25,74627.0
2025-03-17T18:00:00Z,19815.5,19959.25,19813.25,19937.5,78199.0
2025-03-17T19:00:00Z,19936.75,19944.5,19825.25,19832.0,73365.0
2025-03-17T20:00:00Z,19832.5,19838.25,19800.5,19830.5,21269.0
2025-03-17T22:00:00Z,19830.5,19858.0,19825.0,19850.5,0.0
2025-03-17T23:00:00Z,19850.75,19853.0,19816.5,19821.0,7963.0
2025-03-18T00:00:00Z,19821.5,19827.75,19782.0,19794.25,13201.0
2025-03-18T01:00:00Z,19794.75,19807.0,19744.5,19749.0,14923.0
2025-03-18T02:00:00Z,19749.0,19768.25,19747.25,19760.25,7344.0
2025-03-18T03:00:00Z,19761.0,19764.5,19725.75,19732.5,7281.0
2025-03-18T04:00:00Z,19736.25,19746.75,19710.25,19719.0,6032.0
2025-03-18T05:00:00Z,19719.5,19747.0,19718.25,19743.75,5078.0
2025-03-18T06:00:00Z,19743.75,19771.5,19733.0,19767.25,8120.0
2025-03-18T07:00:00Z,19767.25,19781.25,19753.0,19772.75,9052.0
2025-03-18T08:00:00Z,19772.25,20038.25,19760.75,19815.25,17990.0
2025-03-18T09:00:00Z,19815.75,20037.5,19768.25,19772.0,16921.0
2025-03-18T10:00:00Z,19981.25,19986.0,19723.75,19773.0,23234.0
2025-03-18T11:00:00Z,19981.25,19997.75,19722.0,19762.5,18508.0
2025-03-18T12:00:00Z,19762.5,19976.5,19695.5,19905.0,71611.0
2025-03-18T13:00:00Z,19904.75,19929.75,19453.0,19468.25,90781.0
2025-03-18T14:00:00Z,19469.5,19734.25,19434.25,19679.5,374831.0
2025-03-18T15:00:00Z,19679.5,19701.75,19401.0,19456.0,0.0
2025-03-18T16:00:00Z,19456.5,19753.0,19446.5,19732.25,470783.0
2025-03-18T17:00:00Z,19731.75,19749.5,19444.0,19712.0,138124.0
2025-03-18T18:00:00Z,19508.0,19783.5,19454.25,19745.25,137576.0
2025-03-18T19:00:00Z,19745.0,19752.0,19457.75,19499.75,0.0
2025-03-18T20:00:00Z,19501.0,19737.25,19494.75,19496.75,9001.0
2025-03-18T22:00:00Z,19491.5,19722.25,19462.5,19503.0,0.0
2025-03-18T23:00:00Z,19502.75,19719.75,19481.75,19503.75,5157.0
2025-03-19T00:00:00Z,19708.25,19797.25,19502.0,19775.75,39454.0
2025-03-19T01:00:00Z,19775.25,19787.0,19555.0,19564.75,0.0
2025-03-19T02:00:00Z,19770.5,19780.0,19546.75,19754.0,45329.0
2025-03-19T03:00:00Z,19754.25,19774.25,19548.0,19762.5,7890.0
2025-03-19T04:00:00Z,19748.25,19752.0,19524.25,19735.25,8304.0
2025-03-19T05:00:00Z,19529.75,19762.0,19517.0,19737.5,10314.0
2025-03-19T06:00:00Z,19737.25,19744.0,19511.25,19739.25,10704.0
2025-03-19T07:00:00Z,19738.75,19738.75,19455.5,19469.25,0.0
2025-03-19T08:00:00Z,19468.75,19746.25,19467.0,19721.0,105750.0
2025-03-19T09:00:00Z,19721.0,19767.0,19500.75,19764.25,23773.0
2025-03-19T10:00:00Z,19557.75,19785.5,19542.0,19759.0,20030.0
2025-03-19T11:00:00Z,19757.75,19790.0,19543.5,19568.0,0.0
2025-03-19T12:00:00Z,19567.0,19783.75,19538.5,19760.75,168402.0
2025-03-19T13:00:00Z,19761.0,19845.0,19503.25,19824.0,203972.0
2025-03-19T14:00:00Z,19823.5,19900.0,19585.0,19798.25,209158.0
2025-03-19T15:00:00Z,19595.0,19937.25,19587.75,19919.5,153192.0
2025-03-19T16:00:00Z,19714.0,19933.0,19651.0,19672.75,0.0
2025-03-19T17:00:00Z,19672.75,19885.5,19583.75,19806.0,792327.0
2025-03-19T18:00:00Z,19813.5,20029.75,19560.0,20024.25,253556.0
2025-03-19T19:00:00Z,20024.0,20142.25,19730.0,19748.75,0.0
2025-03-19T20:00:00Z,19748.0,19981.25,19735.0,19739.0,1194843.0
2025-03-19T22:00:00Z,19954.0,20026.5,19742.75,20011.5,0.0
2025-03-19T23:00:00Z,20012.5,20034.75,19795.75,20031.75,13351.0
2025-03-20T00:00:00Z,20031.75,20057.5,19803.25,19838.25,0.0
2025-03-20T01:00:00Z,19837.75,20058.0,19816.5,20028.25,45972.0
2025-03-20T02:00:00Z,20028.25,20074.5,19819.25,20068.75,15273.0
2025-03-20T03:00:00Z,20068.5,20093.25,19861.0,20079.25,10509.0
2025-03-20T04:00:00Z,20081.5,20092.0,19860.0,19872.0,0.0
2025-03-20T05:00:00Z,20080.25,20089.75,19859.75,20087.25,73965.0
2025-03-20T06:00:00Z,20087.75,20089.25,19837.25,20049.5,12450.0
2025-03-20T07:00:00Z,19843.25,20075.5,19829.5,19834.0,0.0
2025-03-20T08:00:00Z,19835.75,20073.0,19834.75,20054.25,114519.0
2025-03-20T09:00:00Z,20054.5,20054.75,19728.75,19954.5,41396.0
2025-03-20T10:00:00Z,19954.25,19956.5,19530.5,19815.25,93848.0
2025-03-20T11:00:00Z,19816.25,19862.0,19590.5,19647.5,0.0
2025-03-20T12:00:00Z,19853.0,19862.0,19619.75,19827.5,286344.0
2025-03-20T13:00:00Z,19624.75,19941.25,19553.75,19728.75,0.0
2025-03-20T14:00:00Z,19729.25,20105.0,19721.25,20042.75,756859.0
2025-03-20T15:00:00Z,20042.5,20063.75,19761.75,19783.75,0.0
2025-03-20T16:00:00Z,19780.25,20039.5,19660.25,19675.25,28091.0
2025-03-20T17:00:00Z,19675.0,19942.25,19627.75,19650.25,19636.0
2025-03-20T18:00:00Z,19651.25,19899.0,19597.25,19819.5,1389574.0
2025-03-20T19:00:00Z,19620.0,19921.25,19615.25,19680.5,0.0
2025-03-20T20:00:00Z,19683.0,19913.0,19679.75,19894.25,0.0
2025-03-20T22:00:00Z,19691.0,19910.0,19677.0,19888.5,10623.0
2025-03-20T23:00:00Z,19888.75,19889.5,19645.0,19885.5,17931.0
2025-03-21T00:00:00Z,19885.75,19927.75,19676.25,19913.5,18296.0
2025-03-21T01:00:00Z,19913.25,19933.0,19698.0,19925.25,13412.0
2025-03-21T02:00:00Z,19925.0,19928.75,19686.25,19903.25,13688.0
2025-03-21T03:00:00Z,19903.75,19904.25,19663.5,19880.75,15603.0
2025-03-21T04:00:00Z,19891.75,19894.0,19657.5,19868.75,9809.0
2025-03-21T05:00:00Z,19869.25,19872.75,19618.75,19850.5,17009.0
2025-03-21T06:00:00Z,19850.25,19892.25,19636.75,19890.75,15044.0
2025-03-21T07:00:00Z,19689.75,19897.0,19616.75,19841.75,22002.0
2025-03-21T08:00:00Z,19640.5,19868.5,19565.0,19797.5,50997.0
2025-03-21T09:00:00Z,19798.0,19815.75,19562.5,19796.0,28536.0
2025-03-21T10:00:00Z,19599.0,19845.0,19571.0,19799.75,31283.0
2025-03-21T11:00:00Z,19800.25,19824.75,19587.0,19792.25,25240.0
2025-03-21T12:00:00Z,19792.25,19830.0,19476.0,19681.25,72347.0
2025-03-21T13:00:00Z,19681.25,19752.5,19380.0,19718.75,287420.0
2025-03-21T14:00:00Z,19719.5,19796.25,19663.0,19793.5,291765.0
2025-03-21T15:00:00Z,19793.75,19811.75,19679.5,19712.25,203461.0
2025-03-21T16:00:00Z,19712.25,19896.0,19675.0,19895.25,216762.0
2025-03-21T17:00:00Z,19895.0,19900.75,19801.0,19857.75,144580.0
2025-03-21T18:00:00Z,19857.75,19888.0,19832.0,19859.0,110072.0
2025-03-21T19:00:00Z,19859.5,19973.25,19812.5,19951.75,144754.0
2025-03-21T20:00:00Z,19952.5,19977.75,19937.75,19971.0,33815.0
2025-03-23T22:00:00Z,20052.25,20102.0,20048.0,20063.0,30909.0
2025-03-23T23:00:00Z,20063.75,20114.5,20056.25,20108.0,20222.0
2025-03-24T00:00:00Z,20108.25,20139.0,20102.0,20122.25,29708.0
2025-03-24T01:00:00Z,20121.5,20126.5,20099.75,20109.25,19744.0
2025-03-24T02:00:00Z,20109.5,20117.5,20098.0,20113.75,9674.0
2025-03-24T03:00:00Z,20113.75,20123.25,20100.5,20104.5,8565.0
2025-03-24T04:00:00Z,20104.75,20115.0,20096.25,20112.0,6501.0
2025-03-24T05:00:00Z,20112.75,20126.5,20111.75,20117.25,6926.0
2025-03-24T06:00:00Z,20116.25,20149.75,20110.0,20146.25,11205.0
2025-03-24T07:00:00Z,20146.5,20173.75,20140.0,20167.25,19072.0
2025-03-24T08:00:00Z,20166.75,20224.25,20157.5,20210.75,35137.0
2025-03-24T09:00:00Z,20210.5,20223.0,20179.5,20189.0,24837.0
2025-03-24T10:00:00Z,20189.0,20231.5,20182.75,20214.75,17693.0
2025-03-24T11:00:00Z,20214.25,20262.5,20210.25,20252.75,32519.0
2025-03-24T12:00:00Z,20253.75,20276.75,20237.75,20273.0,29582.0
2025-03-24T13:00:00Z,20273.25,20338.5,20228.75,20315.25,218334.0
2025-03-24T14:00:00Z,20316.0,20359.5,20274.5,20349.25,208731.0
2025-03-24T15:00:00Z,20349.0,20371.0,20329.0,20354.75,119987.0
2025-03-24T16:00:00Z,20355.0,20380.5,20319.0,20342.0,131171.0
2025-03-24T17:00:00Z,20342.5,20350.0,20309.25,20342.5,92618.0
2025-03-24T18:00:00Z,20342.75,20372.25,20308.25,20365.75,109724.0
2025-03-24T19:00:00Z,20366.25,20409.25,20359.0,20366.0,107700.0
2025-03-24T20:00:00Z,20365.5,20379.5,20355.25,20356.5,25219.0
2025-03-24T22:00:00Z,20358.25,20367.75,20341.25,20348.5,0.0
2025-03-24T23:00:00Z,20348.25,20367.5,20343.0,20354.5,10694.0
2025-03-25T00:00:00Z,20355.0,20371.0,20334.25,20368.25,18168.0
2025-03-25T01:00:00Z,20367.75,20375.0,20359.0,20360.75,11383.0
2025-03-25T02:00:00Z,20360.5,20360.5,20337.5,20343.5,11873.0
2025-03-25T03:00:00Z,20343.5,20348.0,20329.75,20337.25,6774.0
2025-03-25T04:00:00Z,20333.0,20339.0,20328.25,20336.0,5445.0
2025-03-25T05:00:00Z,20335.5,20343.75,20333.0,20341.25,4593.0
2025-03-25T06:00:00Z,20341.0,20351.0,20332.25,20350.5,6482.0
2025-03-25T07:00:00Z,20350.5,20372.0,20337.5,20338.75,14252.0
2025-03-25T08:00:00Z,20339.5,20351.0,20292.0,20303.5,33357.0
2025-03-25T09:00:00Z,20304.5,20345.5,20296.25,20344.0,22302.0
2025-03-25T10:00:00Z,20343.0,20382.25,20329.25,20373.5,25010.0
2025-03-25T11:00:00Z,20373.75,20416.5,20363.5,20411.75,30543.0
2025-03-25T12:00:00Z,20411.75,20447.25,20403.5,20407.0,38525.0
2025-03-25T13:00:00Z,20407.0,20435.0,20362.5,20413.0,199951.0
2025-03-25T14:00:00Z,20413.25,20491.0,20371.0,20476.5,229306.0
2025-03-25T15:00:00Z,20476.25,20496.5,20432.25,20442.5,126744.0
2025-03-25T16:00:00Z,20442.75,20461.75,20417.25,20450.25,110174.0
2025-03-25T17:00:00Z,20450.25,20479.75,20402.0,20414.5,99387.0
2025-03-25T18:00:00Z,20414.0,20457.0,20402.5,20427.5,103446.0
2025-03-25T19:00:00Z,20427.5,20493.75,20425.0,20488.25,110111.0
2025-03-25T20:00:00Z,20488.0,20524.75,20486.5,20517.25,29706.0
2025-03-25T22:00:00Z,20513.0,20529.5,20503.75,20509.0,0.0
2025-03-25T23:00:00Z,20509.25,20534.25,20508.5,20523.75,9377.0
2025-03-26T00:00:00Z,20523.5,20536.75,20511.5,20527.75,11598.0
2025-03-26T01:00:00Z,20526.5,20526.5,20505.0,20510.5,11408.0
2025-03-26T02:00:00Z,20510.25,20513.0,20470.25,20493.25,17277.0
2025-03-26T03:00:00Z,20493.0,20494.5,20469.25,20478.5,8009.0
2025-03-26T04:00:00Z,20477.5,20484.25,20472.75,20483.75,4759.0
2025-03-26T05:00:00Z,20484.25,20494.5,20458.5,20460.0,8674.0
2025-03-26T06:00:00Z,20459.75,20474.5,20453.0,20473.25,9863.0
2025-03-26T07:00:00Z,20472.75,20498.75,20468.5,20478.25,12867.0
2025-03-26T08:00:00Z,20479.0,20483.75,20440.25,20452.75,26885.0
2025-03-26T09:00:00Z,20453.0,20468.25,20432.5,20433.0,19092.0
2025-03-26T10:00:00Z,20432.5,20474.0,20428.0,20474.0,18891.0
2025-03-26T11:00:00Z,20473.75,20493.0,20458.25,20482.75,19176.0
2025-03-26T12:00:00Z,20482.25,20485.0,20449.5,20480.75,33128.0
2025-03-26T13:00:00Z,20480.75,20486.5,20305.75,20316.0,235413.0
2025-03-26T14:00:00Z,20316.5,20356.75,20226.0,20295.25,288245.0
2025-03-26T15:00:00Z,20295.75,20320.5,20170.0,20192.75,194454.0
2025-03-26T16:00:00Z,20193.25,20217.75,20124.75,20132.75,173065.0
2025-03-26T17:00:00Z,20132.5,20159.0,20076.5,20083.75,165241.0
2025-03-26T18:00:00Z,20083.5,20146.25,20050.0,20057.75,139745.0
2025-03-26T19:00:00Z,20056.5,20134.75,20041.25,20113.0,160539.0
2025-03-26T20:00:00Z,20112.25,20120.5,20081.0,20090.5,25901.0
2025-03-26T22:00:00Z,20057.5,20095.25,20003.0,20018.5,0.0
2025-03-26T23:00:00Z,20018.5,20070.75,20012.25,20058.75,19403.0
2025-03-27T00:00:00Z,20059.25,20093.5,20048.75,20072.5,25132.0
2025-03-27T01:00:00Z,20073.0,20101.5,20070.5,20088.0,17658.0
2025-03-27T02:00:00Z,20088.5,20123.25,20088.5,20118.25,14901.0
2025-03-27T03:00:00Z,20118.75,20148.0,20115.0,20135.25,13062.0
2025-03-27T04:00:00Z,20144.5,20147.5,20125.5,20134.0,9461.0
2025-03-27T05:00:00Z,20134.25,20144.0,20111.5,20114.25,12229.0
2025-03-27T06:00:00Z,20115.25,20140.0,20103.25,20112.0,16190.0
2025-03-27T07:00:00Z,20111.5,20120.75,20068.5,20074.0,27033.0
2025-03-27T08:00:00Z,20074.5,20114.75,20020.5,20112.0,43411.0
2025-03-27T09:00:00Z,20112.25,20129.0,20093.5,20116.5,22930.0
2025-03-27T10:00:00Z,20117.25,20138.0,20073.0,20075.0,24347.0
2025-03-27T11:00:00Z,20075.0,20097.25,20031.0,20088.75,37371.0
2025-03-27T12:00:00Z,20088.75,20106.0,20049.0,20064.75,56415.0
2025-03-27T13:00:00Z,20065.0,20091.0,19937.75,20077.0,295288.0
2025-03-27T14:00:00Z,20076.0,20199.0,20027.75,20189.0,302832.0
2025-03-27T15:00:00Z,20189.25,20194.0,20041.5,20048.0,203949.0
2025-03-27T16:00:00Z,20048.0,20155.75,20006.5,20009.25,193387.0
2025-03-27T17:00:00Z,20008.5,20071.25,20001.75,20015.0,156187.0
2025-03-27T18:00:00Z,20015.25,20109.25,20010.75,20045.75,152279.0
2025-03-27T19:00:00Z,20045.0,20129.75,19975.0,19995.25,182594.0
2025-03-27T20:00:00Z,19995.25,20021.25,19987.75,19997.25,26508.0
2025-03-27T22:00:00Z,19998.25,20011.25,19983.25,19990.75,0.0
2025-03-27T23:00:00Z,19991.75,19996.5,19953.25,19965.25,18788.0
2025-03-28T00:00:00Z,19964.75,19986.5,19930.0,19984.75,21194.0
2025-03-28T01:00:00Z,19983.5,19992.0,19961.5,19964.75,12798.0
2025-03-28T02:00:00Z,19965.5,19997.75,19963.5,19983.5,10335.0
2025-03-28T03:00:00Z,19984.0,19993.0,19968.25,19987.75,8372.0
2025-03-28T04:00:00Z,19974.0,19983.0,19966.5,19981.75,7656.0
2025-03-28T05:00:00Z,19982.0,19989.0,19963.5,19975.5,7770.0
2025-03-28T06:00:00Z,19975.0,20008.75,19921.0,19923.75,22513.0
2025-03-28T07:00:00Z,19923.75,19945.25,19845.75,19857.75,45409.0
2025-03-28T08:00:00Z,19857.25,19912.0,19853.0,19905.25,37542.0
2025-03-28T09:00:00Z,19905.0,19929.0,19897.25,19909.0,20528.0
2025-03-28T10:00:00Z,19909.5,19971.75,19906.75,19952.0,26258.0
2025-03-28T11:00:00Z,19951.25,19959.0,19908.75,19949.0,29088.0
2025-03-28T12:00:00Z,19948.75,19955.5,19863.25,19864.25,64840.0
2025-03-28T13:00:00Z,19864.25,19965.75,19839.5,19856.75,266850.0
2025-03-28T14:00:00Z,19857.0,19879.0,19577.0,19606.0,408323.0
2025-03-28T15:00:00Z,19605.5,19632.25,19540.5,19542.0,250595.0
2025-03-28T16:00:00Z,19542.5,19582.5,19484.25,19492.75,177001.0
2025-03-28T17:00:00Z,19492.5,19500.0,19439.5,19482.75,156042.0
2025-03-28T18:00:00Z,19482.75,19518.25,19443.75,19481.75,125593.0
2025-03-28T19:00:00Z,19481.75,19506.5,19421.5,19461.5,157683.0
2025-03-28T20:00:00Z,19461.25,19463.25,19360.75,19362.25,49089.0
2025-03-30T22:00:00Z,19317.75,19365.0,19272.75,19312.5,32551.0
2025-03-30T23:00:00Z,19313.5,19315.0,19215.0,19257.75,46103.0
2025-03-31T00:00:00Z,19256.5,19261.75,19160.0,19212.0,52624.0
2025-03-31T01:00:00Z,19212.5,19272.25,19210.75,19242.0,34511.0
2025-03-31T02:00:00Z,19242.75,19254.5,19209.25,19227.5,20307.0
2025-03-31T03:00:00Z,19227.5,19233.0,19179.25,19194.0,22003.0
2025-03-31T04:00:00Z,19200.5,19237.25,19182.0,19228.75,16307.0
2025-03-31T05:00:00Z,19228.25,19260.0,19219.0,19238.25,17204.0
2025-03-31T06:00:00Z,19238.0,19246.75,19193.5,19220.75,24929.0
2025-03-31T07:00:00Z,19219.0,19266.0,19199.5,19260.25,38426.0
2025-03-31T08:00:00Z,19260.75,19272.25,19203.0,19203.75,31240.0
2025-03-31T09:00:00Z,19203.75,19233.5,19163.25,19196.0,33486.0
2025-03-31T10:00:00Z,19196.0,19231.75,19183.5,19216.25,18567.0
2025-03-31T11:00:00Z,19216.25,19228.75,19118.25,19171.0,46357.0
2025-03-31T12:00:00Z,19172.0,19222.5,19148.5,19220.75,40843.0
2025-03-31T13:00:00Z,19220.25,19236.75,18976.75,19089.25,278949.0
2025-03-31T14:00:00Z,19090.5,19167.75,19055.75,19139.25,322507.0
2025-03-31T15:00:00Z,19139.5,19261.75,19113.75,19220.75,250714.0
2025-03-31T16:00:00Z,19221.25,19286.0,19174.0,19217.0,174741.0
2025-03-31T17:00:00Z,19217.5,19308.0,19206.0,19223.0,161308.0
2025-03-31T18:00:00Z,19223.0,19416.0,19218.0,19348.25,208934.0
2025-03-31T19:00:00Z,19348.5,19489.5,19346.0,19450.25,257830.0
2025-03-31T20:00:00Z,19449.5,19455.0,19392.5,19412.5,33322.0
2025-03-31T22:00:00Z,19413.0,19413.25,19325.0,19375.0,0.0
2025-03-31T23:00:00Z,19375.0,19406.75,19340.0,19359.0,24575.0
2025-04-01T00:00:00Z,19359.0,19364.5,19292.25,19318.75,31429.0
2025-04-01T01:00:00Z,19319.0,19346.5,19297.75,19341.0,25393.0
2025-04-01T02:00:00Z,19340.0,19382.5,19334.25,19381.0,15914.0
2025-04-01T03:00:00Z,19380.75,19386.5,19355.0,19365.25,10540.0
2025-04-01T04:00:00Z,19351.5,19368.0,19346.5,19366.0,11447.0
2025-04-01T05:00:00Z,19366.25,19399.75,19358.0,19360.0,16758.0
2025-04-01T06:00:00Z,19359.25,19436.75,19349.5,19429.75,24189.0
2025-04-01T07:00:00Z,19430.5,19479.0,19381.75,19395.0,36805.0
2025-04-01T08:00:00Z,19394.25,19473.25,19384.0,19469.25,27577.0
2025-04-01T09:00:00Z,19469.0,19511.5,19459.75,19487.0,27369.0
2025-04-01T10:00:00Z,19488.0,19491.75,19342.5,19405.0,57101.0
2025-04-01T11:00:00Z,19405.25,19407.25,19311.5,19354.5,48236.0
2025-04-01T12:00:00Z,19353.75,19395.0,19337.25,19382.5,52984.0
2025-04-01T13:00:00Z,19382.75,19462.25,19338.25,19367.5,265414.0
2025-04-01T14:00:00Z,19400.25,19519.75,19261.25,19516.0,429938.0
2025-04-01T15:00:00Z,19515.75,19609.0,19502.75,19592.0,270080.0
2025-04-01T16:00:00Z,19592.5,19643.25,19496.75,19563.5,242539.0
2025-04-01T17:00:00Z,19563.5,19582.75,19500.75,19506.0,168302.0
2025-04-01T18:00:00Z,19505.75,19514.0,19384.75,19448.0,205372.0
2025-04-01T19:00:00Z,19448.25,19626.25,19437.5,19603.25,199545.0
2025-04-01T20:00:00Z,19603.0,19629.75,19573.5,19597.5,32291.0
2025-04-01T22:00:00Z,19597.75,19693.25,19594.25,19643.5,0.0
2025-04-01T23:00:00Z,19644.25,19667.25,19631.0,19644.0,15684.0
2025-04-02T00:00:00Z,19643.75,19646.5,19557.25,19572.25,37363.0
2025-04-02T01:00:00Z,19571.0,19603.25,19561.0,19594.0,17525.0
2025-04-02T02:00:00Z,19594.5,19599.0,19567.75,19580.25,13026.0
2025-04-02T03:00:00Z,19579.75,19589.0,19561.25,19570.0,8644.0
2025-04-02T04:00:00Z,19570.25,19591.5,19565.0,19589.75,7648.0
2025-04-02T05:00:00Z,19590.25,19593.0,19547.75,19557.5,9322.0
2025-04-02T06:00:00Z,19557.0,19589.75,19544.25,19563.5,15791.0
2025-04-02T07:00:00Z,19563.5,19585.0,19515.75,19534.75,32511.0
2025-04-02T08:00:00Z,19535.75,19565.25,19498.75,19529.75,26595.0
2025-04-02T09:00:00Z,19529.25,19555.0,19511.5,19516.25,16229.0
2025-04-02T10:00:00Z,19515.75,19524.0,19453.75,19469.0,39878.0
2025-04-02T11:00:00Z,19464.5,19483.0,19423.5,19429.0,34262.0
2025-04-02T12:00:00Z,19429.0,19431.5,19343.25,19386.75,80832.0
2025-04-02T13:00:00Z,19386.0,19580.75,19317.0,19531.25,289900.0
2025-04-02T14:00:00Z,19530.75,19640.0,19491.5,19633.0,356986.0
2025-04-02T15:00:00Z,19632.75,19714.0,19578.25,19668.5,272524.0
2025-04-02T16:00:00Z,19668.75,19829.5,19658.25,19813.25,203285.0
2025-04-02T17:00:00Z,19813.75,19890.0,19719.0,19745.0,209938.0
2025-04-02T18:00:00Z,19745.0,19762.25,19604.75,19607.75,224004.0
2025-04-02T19:00:00Z,19607.75,19794.5,19607.75,19746.5,224650.0
2025-04-02T20:00:00Z,19746.0,20045.25,19076.25,19137.0,234380.0
2025-04-02T22:00:00Z,19023.5,19029.0,18817.5,18947.5,0.0
2025-04-02T23:00:00Z,18947.25,18948.25,18845.5,18880.25,66458.0
2025-04-03T00:00:00Z,18879.0,19068.5,18879.0,18995.5,66783.0
2025-04-03T01:00:00Z,18995.75,19125.25,18994.5,19079.75,46544.0
2025-04-03T02:00:00Z,19080.0,19134.75,19060.0,19133.0,29679.0
2025-04-03T03:00:00Z,19132.0,19140.5,19069.0,19098.25,20749.0
2025-04-03T04:00:00Z,19118.5,19149.5,19098.75,19121.75,18953.0
2025-04-03T05:00:00Z,19121.75,19143.0,19038.5,19042.75,28119.0
2025-04-03T06:00:00Z,19043.0,19100.0,19023.75,19047.75,36145.0
2025-04-03T07:00:00Z,19046.75,19126.0,19025.5,19097.0,58874.0
2025-04-03T08:00:00Z,19095.25,19175.0,19075.75,19152.75,40326.0
2025-04-03T09:00:00Z,19152.25,19176.75,19016.75,19033.25,38680.0
2025-04-03T10:00:00Z,19033.75,19048.0,18948.25,18991.5,52604.0
2025-04-03T11:00:00Z,18991.5,19037.75,18958.25,18987.75,50922.0
2025-04-03T12:00:00Z,18987.25,19061.0,18845.0,18850.75,105328.0
2025-04-03T13:00:00Z,18849.75,19074.0,18830.25,18988.25,286671.0
2025-04-03T14:00:00Z,18987.75,19003.5,18762.25,18766.5,335373.0
2025-04-03T15:00:00Z,18765.75,18934.0,18720.25,18884.5,290324.0
2025-04-03T16:00:00Z,18884.75,18988.25,18858.75,18875.0,220532.0
2025-04-03T17:00:00Z,18875.5,18918.5,18811.75,18813.75,149782.0
2025-04-03T18:00:00Z,18814.0,18862.0,18754.75,18850.5,144742.0
2025-04-03T19:00:00Z,18850.75,18866.25,18665.0,18687.0,217984.0
2025-04-03T20:00:00Z,18686.25,18709.0,18614.0,18648.5,50848.0
2025-04-03T22:00:00Z,18656.5,18698.0,18591.25,18643.5,0.0
2025-04-03T23:00:00Z,18644.0,18686.25,18614.75,18654.25,26611.0
2025-04-04T00:00:00Z,18654.25,18713.25,18638.25,18673.75,30713.0
2025-04-04T01:00:00Z,18673.25,18700.5,18633.25,18639.5,24865.0
2025-04-04T02:00:00Z,18639.5,18680.0,18635.25,18635.5,18236.0
2025-04-04T03:00:00Z,18635.25,18638.0,18522.0,18559.75,43039.0
2025-04-04T04:00:00Z,18555.5,18574.0,18475.25,18484.25,32896.0
2025-04-04T05:00:00Z,18484.5,18643.75,18461.25,18641.75,51188.0
2025-04-04T06:00:00Z,18641.5,18675.5,18605.0,18606.5,45236.0
2025-04-04T07:00:00Z,18606.5,18649.25,18578.0,18585.0,55051.0
2025-04-04T08:00:00Z,18586.0,18658.5,18566.5,18588.0,53725.0
2025-04-04T09:00:00Z,18588.25,18598.0,18519.25,18572.0,43656.0
2025-04-04T10:00:00Z,18573.25,18602.0,18032.0,18085.0,249158.0
2025-04-04T11:00:00Z,18086.25,18159.25,17820.0,18127.75,201888.0
2025-04-04T12:00:00Z,18127.0,18240.25,18029.5,18209.5,192060.0
2025-04-04T13:00:00Z,18208.75,18273.75,18005.0,18195.0,317022.0
2025-04-04T14:00:00Z,18194.0,18200.25,17655.25,17854.5,406769.0
2025-04-04T15:00:00Z,17854.75,18146.75,17836.25,17880.75,377005.0
2025-04-04T16:00:00Z,17882.5,17979.25,17708.5,17751.5,251700.0
2025-04-04T17:00:00Z,17752.75,17867.5,17615.5,17866.75,219467.0
2025-04-04T18:00:00Z,17867.0,17913.0,17549.0,17624.5,240401.0
2025-04-04T19:00:00Z,17625.5,17871.0,17528.5,17535.75,295059.0
2025-04-04T20:00:00Z,17535.75,17570.0,17387.0,17492.5,105074.0
2025-04-06T22:00:00Z,17126.25,17126.25,16549.5,16667.25,113492.0
2025-04-06T23:00:00Z,16667.75,16789.75,16452.5,16720.75,99330.0
2025-04-07T00:00:00Z,16721.0,16775.75,16508.0,16767.25,79213.0
2025-04-07T01:00:00Z,16768.25,17013.0,16730.0,16981.75,90010.0
2025-04-07T02:00:00Z,16982.5,17025.5,16857.0,16894.25,53206.0
2025-04-07T03:00:00Z,16895.0,16900.5,16733.5,16788.0,48363.0
2025-04-07T04:00:00Z,16810.25,16860.0,16667.5,16736.0,46227.0
2025-04-07T05:00:00Z,16737.5,16913.5,16703.75,16760.75,57453.0
2025-04-07T06:00:00Z,16758.0,16817.25,16508.0,16542.0,68407.0
2025-04-07T07:00:00Z,16541.5,16696.0,16480.25,16681.5,92143.0
2025-04-07T08:00:00Z,16683.0,16956.75,16668.25,16844.25,96874.0
2025-04-07T09:00:00Z,16842.75,16951.75,16748.5,16887.5,59724.0
2025-04-07T10:00:00Z,16889.25,17278.25,16856.0,17122.5,118639.0
2025-04-07T11:00:00Z,17124.5,17233.0,17002.5,17063.75,86166.0
2025-04-07T12:00:00Z,17065.5,17232.25,16958.0,17167.25,148825.0
2025-04-07T13:00:00Z,17167.0,17297.0,16673.75,17274.5,363007.0
2025-04-07T14:00:00Z,17272.0,18360.0,17160.5,17658.5,645282.0
2025-04-07T15:00:00Z,17658.25,17799.0,17151.25,17390.0,335458.0
2025-04-07T16:00:00Z,17389.0,17497.25,17213.75,17254.25,189978.0
2025-04-07T17:00:00Z,17253.0,17792.75,17246.0,17782.5,251462.0
2025-04-07T18:00:00Z,17783.5,17821.75,17497.25,17531.25,210907.0
2025-04-07T19:00:00Z,17532.0,17661.5,17405.5,17560.5,201396.0
2025-04-07T20:00:00Z,17561.0,17757.75,17541.75,17629.5,69031.0
2025-04-07T22:00:00Z,17650.25,17752.0,17644.0,17748.0,0.0
2025-04-07T23:00:00Z,17749.5,17789.75,17725.75,17765.0,35207.0
2025-04-08T00:00:00Z,17763.5,17855.25,17702.75,17714.5,61886.0
2025-04-08T01:00:00Z,17713.5,17885.0,17662.5,17866.75,54505.0
2025-04-08T02:00:00Z,17867.25,17874.5,17807.0,17818.5,26298.0
2025-04-08T03:00:00Z,17818.0,17837.25,17740.75,17767.75,23178.0
2025-04-08T04:00:00Z,17764.0,17797.0,17707.5,17782.0,21215.0
2025-04-08T05:00:00Z,17780.75,17794.0,17668.75,17752.5,26420.0
2025-04-08T06:00:00Z,17752.5,17802.25,17703.0,17783.0,35324.0
2025-04-08T07:00:00Z,17782.5,17884.0,17750.0,17879.5,70230.0
2025-04-08T08:00:00Z,17879.5,17893.0,17709.75,17825.25,52803.0
2025-04-08T09:00:00Z,17826.0,17831.25,17720.5,17724.75,34115.0
2025-04-08T10:00:00Z,17724.75,17822.0,17694.0,17784.25,37777.0
2025-04-08T11:00:00Z,17784.5,18022.0,17758.25,18015.25,68332.0
2025-04-08T12:00:00Z,18014.25,18064.0,17926.0,17983.75,91674.0
2025-04-08T13:00:00Z,17982.25,18265.25,17964.5,18248.0,345535.0
2025-04-08T14:00:00Z,18248.0,18357.25,18117.0,18120.25,353789.0
2025-04-08T15:00:00Z,18120.25,18182.75,17952.5,18054.0,321570.0
2025-04-08T16:00:00Z,18053.75,18073.75,17655.0,17663.75,302322.0
2025-04-08T17:00:00Z,17662.25,17761.25,17487.5,17671.5,293707.0
2025-04-08T18:00:00Z,17671.0,17703.75,17437.5,17440.0,226695.0
2025-04-08T19:00:00Z,17440.75,17463.0,16972.0,17238.75,306852.0
2025-04-08T20:00:00Z,17237.75,17330.5,17138.5,17232.5,65553.0
2025-04-08T22:00:00Z,17226.0,17243.0,16974.5,17067.25,0.0
2025-04-08T23:00:00Z,17067.25,17068.0,16870.25,16992.5,76722.0
2025-04-09T00:00:00Z,16992.0,16998.75,16838.75,16898.75,60523.0
2025-04-09T01:00:00Z,16898.0,17156.5,16848.75,17116.5,67449.0
2025-04-09T02:00:00Z,17117.25,17204.0,17035.25,17053.75,57339.0
2025-04-09T03:00:00Z,17053.0,17095.75,16903.0,16919.75,47584.0
2025-04-09T04:00:00Z,16892.75,16954.75,16750.0,16823.25,70551.0
2025-04-09T05:00:00Z,16824.0,16896.25,16735.0,16896.25,53878.0
2025-04-09T06:00:00Z,16894.75,17117.25,16888.5,17023.0,64691.0
2025-04-09T07:00:00Z,17021.25,17426.0,17010.75,17341.5,127075.0
2025-04-09T08:00:00Z,17344.5,17417.25,17130.0,17350.25,66488.0
2025-04-09T09:00:00Z,17349.0,17399.0,17224.25,17269.5,42722.0
2025-04-09T10:00:00Z,17270.0,17372.75,17131.25,17247.75,60952.0
2025-04-09T11:00:00Z,17248.0,17250.5,16857.25,16958.0,119646.0
2025-04-09T12:00:00Z,16960.25,17219.25,16900.0,17127.75,103606.0
2025-04-09T13:00:00Z,17127.0,17553.75,17120.0,17445.5,284038.0
2025-04-09T14:00:00Z,17446.25,17597.25,17219.0,17225.5,301334.0
2025-04-09T15:00:00Z,17225.25,17461.5,17214.5,17320.75,212746.0
2025-04-09T16:00:00Z,17319.75,17579.5,17281.0,17532.0,158008.0
2025-04-09T17:00:00Z,17532.5,18899.75,17420.75,18882.25,415204.0
2025-04-09T18:00:00Z,18880.5,19115.0,18745.5,18775.0,285175.0
2025-04-09T19:00:00Z,18776.0,19388.0,18716.5,19271.0,257750.0
2025-04-09T20:00:00Z,19271.75,19368.0,19228.75,19351.0,69650.0
2025-04-09T22:00:00Z,19266.0,19353.5,19236.0,19347.5,0.0
2025-04-09T23:00:00Z,19346.75,19384.5,19286.0,19313.25,38275.0
2025-04-10T00:00:00Z,19312.75,19336.25,19142.0,19227.5,58707.0
2025-04-10T01:00:00Z,19226.5,19278.75,19115.25,19148.25,44294.0
2025-04-10T02:00:00Z,19148.25,19186.0,19103.5,19104.5,26256.0
2025-04-10T03:00:00Z,19104.0,19116.5,18969.5,19009.0,36944.0
2025-04-10T04:00:00Z,18999.25,19070.25,18977.5,19047.5,25093.0
2025-04-10T05:00:00Z,19046.5,19153.5,19018.75,19151.5,28233.0
2025-04-10T06:00:00Z,19153.25,19163.0,19064.5,19120.5,36693.0
2025-04-10T07:00:00Z,19121.5,19186.0,18866.5,18899.25,70169.0
2025-04-10T08:00:00Z,18898.75,18960.75,18706.25,18784.0,59296.0
2025-04-10T09:00:00Z,18784.5,18905.0,18751.5,18851.75,42185.0
2025-04-10T10:00:00Z,18851.75,19006.0,18847.5,18877.0,46810.0
2025-04-10T11:00:00Z,18915.75,18958.0,18866.25,18926.75,36163.0
2025-04-10T12:00:00Z,18926.25,18986.0,18733.25,18823.5,109475.0
2025-04-10T13:00:00Z,18824.75,18902.5,18659.0,18661.5,274622.0
2025-04-10T14:00:00Z,18661.25,18801.25,18563.5,18585.25,321026.0
2025-04-10T15:00:00Z,18584.5,18678.0,18257.0,18278.25,329608.0
2025-04-10T16:00:00Z,18278.75,18336.5,17918.25,18311.25,377536.0
2025-04-10T17:00:00Z,18310.5,18514.5,18036.5,18458.5,289683.0
2025-04-10T18:00:00Z,18459.5,18670.0,18301.0,18538.5,233564.0
2025-04-10T19:00:00Z,18539.25,18658.0,18240.5,18482.25,280794.0
2025-04-10T20:00:00Z,18483.0,18574.25,18437.0,18502.5,52685.0
2025-04-10T22:00:00Z,18470.0,18598.5,18466.5,18524.75,0.0
2025-04-10T23:00:00Z,18526.25,18536.0,18316.5,18356.75,59045.0
2025-04-11T00:00:00Z,18355.25,18363.0,18071.75,18184.0,78696.0
2025-04-11T01:00:00Z,18183.5,18376.0,18159.0,18365.0,65310.0
2025-04-11T02:00:00Z,18365.75,18447.25,18259.75,18357.5,53780.0
2025-04-11T03:00:00Z,18358.25,18531.5,18356.75,18478.25,40103.0
2025-04-11T04:00:00Z,18538.25,18548.5,18450.5,18487.0,22906.0
2025-04-11T05:00:00Z,18485.75,18710.0,18436.5,18698.0,40963.0
2025-04-11T06:00:00Z,18698.5,18793.25,18666.75,18683.75,50595.0
2025-04-11T07:00:00Z,18685.0,18695.25,18554.25,18565.5,68545.0
2025-04-11T08:00:00Z,18564.0,18613.75,18315.25,18396.75,81034.0
2025-04-11T09:00:00Z,18396.5,18647.0,18357.0,18640.25,55743.0
2025-04-11T10:00:00Z,18640.5,18702.0,18581.0,18629.75,55849.0
2025-04-11T11:00:00Z,18631.0,18654.75,18462.25,18564.25,53148.0
2025-04-11T12:00:00Z,18563.0,18669.0,18477.0,18490.0,63904.0
2025-04-11T13:00:00Z,18490.75,18648.0,18353.5,18562.75,254963.0
2025-04-11T14:00:00Z,18550.0,18623.75,18270.0,18415.75,356796.0
2025-04-11T15:00:00Z,18442.0,18576.25,18322.5,18567.75,245087.0
2025-04-11T16:00:00Z,18568.25,18787.75,18531.25,18736.25,203458.0
2025-04-11T17:00:00Z,18736.0,18873.25,18594.75,18822.25,226359.0
2025-04-11T18:00:00Z,18822.25,18839.75,18710.75,18739.0,170437.0
2025-04-11T19:00:00Z,18739.5,18867.0,18735.0,18810.25,174029.0
2025-04-11T20:00:00Z,18809.75,18837.0,18782.5,18814.75,33573.0
2025-04-13T22:00:00Z,19163.75,19253.0,18924.75,18956.5,66107.0
2025-04-13T23:00:00Z,18956.75,19053.75,18933.0,19013.0,38995.0
2025-04-14T00:00:00Z,19013.25,19077.0,18990.75,19008.75,37804.0
2025-04-14T01:00:00Z,19008.25,19027.75,18956.5,19006.5,34373.0
2025-04-14T02:00:00Z,19007.0,19061.25,19004.25,19053.5,24309.0
2025-04-14T03:00:00Z,19053.75,19085.5,19005.5,19052.75,26900.0
2025-04-14T04:00:00Z,19057.75,19134.0,19048.0,19117.5,19891.0
2025-04-14T05:00:00Z,19117.0,19126.75,19075.75,19087.5,20287.0
2025-04-14T06:00:00Z,19087.5,19153.0,19066.5,19120.75,31625.0
2025-04-14T07:00:00Z,19120.75,19164.0,19073.75,19157.0,36631.0
2025-04-14T08:00:00Z,19155.75,19182.0,19115.25,19120.0,28273.0
2025-04-14T09:00:00Z,19120.75,19145.75,19024.0,19067.0,30141.0
2025-04-14T10:00:00Z,19066.5,19106.25,19043.0,19103.5,21237.0
2025-04-14T11:00:00Z,19102.75,19176.25,19065.75,19072.0,36804.0
2025-04-14T12:00:00Z,19073.0,19196.0,19063.75,19185.75,43199.0
2025-04-14T13:00:00Z,19185.5,19255.75,18987.0,19046.25,267250.0
2025-04-14T14:00:00Z,19048.25,19193.0,19029.75,19128.5,298282.0
2025-04-14T15:00:00Z,19128.5,19151.25,18803.5,18829.25,295468.0
2025-04-14T16:00:00Z,18829.0,18900.0,18738.5,18785.0,237841.0
2025-04-14T17:00:00Z,18784.75,18951.75,18773.25,18940.0,199050.0
2025-04-14T18:00:00Z,18940.25,19044.0,18935.5,19015.5,144962.0
2025-04-14T19:00:00Z,19015.0,19095.25,18920.75,18939.75,185626.0
2025-04-14T20:00:00Z,18941.0,18967.5,18790.75,18903.75,60157.0
2025-04-14T22:00:00Z,18903.75,18910.0,18809.75,18817.0,0.0
2025-04-14T23:00:00Z,18816.75,18879.25,18813.25,18850.25,23163.0
2025-04-15T00:00:00Z,18849.25,18924.75,18848.75,18914.25,25577.0
2025-04-15T01:00:00Z,18913.75,18950.0,18894.25,18900.75,21235.0
2025-04-15T02:00:00Z,18900.75,18938.0,18868.75,18873.5,21618.0
2025-04-15T03:00:00Z,18873.5,18921.75,18860.75,18914.75,14509.0
2025-04-15T04:00:00Z,18915.75,18932.75,18891.75,18913.25,15108.0
2025-04-15T05:00:00Z,18912.0,18920.75,18869.0,18890.0,17259.0
2025-04-15T06:00:00Z,18890.5,18923.5,18876.75,18920.5,15724.0
2025-04-15T07:00:00Z,18921.5,19040.5,18917.5,19010.25,41038.0
2025-04-15T08:00:00Z,19010.5,19020.75,18964.25,19000.75,38248.0
2025-04-15T09:00:00Z,19000.0,19026.5,18961.0,18980.0,25232.0
2025-04-15T10:00:00Z,18980.0,19008.0,18948.5,18983.25,23901.0
2025-04-15T11:00:00Z,18984.0,18993.75,18870.0,18888.0,45084.0
2025-04-15T12:00:00Z,18888.5,18943.75,18835.25,18936.0,58536.0
2025-04-15T13:00:00Z,18936.0,19117.75,18936.0,19067.5,211951.0
2025-04-15T14:00:00Z,19068.25,19144.75,18925.75,19018.5,362528.0
2025-04-15T15:00:00Z,19019.0,19089.25,18983.0,19050.0,204566.0
2025-04-15T16:00:00Z,19050.0,19090.75,18945.0,18964.0,148554.0
2025-04-15T17:00:00Z,18964.5,19009.0,18906.5,18952.0,174466.0
2025-04-15T18:00:00Z,18951.5,18994.75,18884.5,18975.25,146918.0
2025-04-15T19:00:00Z,18975.5,19001.0,18922.75,18960.25,132317.0
2025-04-15T20:00:00Z,18960.0,18979.25,18930.0,18940.0,24757.0
2025-04-15T22:00:00Z,18810.0,18810.0,18692.5,18747.25,0.0
2025-04-15T23:00:00Z,18747.0,18761.5,18693.25,18728.25,27271.0
2025-04-16T00:00:00Z,18728.25,18736.0,18636.75,18670.0,35812.0
2025-04-16T01:00:00Z,18670.75,18731.0,18670.5,18707.25,22894.0
2025-04-16T02:00:00Z,18707.75,18724.75,18675.5,18693.5,19853.0
2025-04-16T03:00:00Z,18694.0,18721.75,18671.25,18675.75,18609.0
2025-04-16T04:00:00Z,18670.0,18683.0,18655.25,18666.75,14286.0
2025-04-16T05:00:00Z,18667.25,18669.25,18504.5,18525.5,52794.0
2025-04-16T06:00:00Z,18525.0,18599.0,18513.75,18577.0,32439.0
2025-04-16T07:00:00Z,18575.75,18615.0,18512.0,18521.25,33528.0
2025-04-16T08:00:00Z,18521.75,18861.0,18514.5,18711.25,87459.0
2025-04-16T09:00:00Z,18713.0,18763.75,18676.5,18678.75,41441.0
2025-04-16T10:00:00Z,18678.25,18730.0,18670.5,18690.5,28785.0
2025-04-16T11:00:00Z,18689.0,18724.0,18651.5,18696.0,34153.0
2025-04-16T12:00:00Z,18694.0,18713.25,18629.75,18636.25,51280.0
2025-04-16T13:00:00Z,18636.5,18679.0,18523.0,18524.0,244843.0
2025-04-16T14:00:00Z,18522.75,18668.75,18509.75,18628.5,253159.0
2025-04-16T15:00:00Z,18628.25,18728.5,18576.0,18588.5,212226.0
2025-04-16T16:00:00Z,18588.0,18616.5,18546.75,18560.0,150984.0
2025-04-16T17:00:00Z,18560.75,18596.75,18288.75,18293.25,242031.0
2025-04-16T18:00:00Z,18291.75,18387.5,18209.5,18213.0,225424.0
2025-04-16T19:00:00Z,18213.25,18400.0,18116.25,18388.0,260149.0
2025-04-16T20:00:00Z,18387.5,18441.25,18336.25,18372.75,56614.0
2025-04-16T21:00:00Z,18372.75,18372.75,18372.75,18372.75,1.0
2025-04-16T22:00:00Z,18381.0,18426.25,18370.0,18408.75,0.0
2025-04-16T23:00:00Z,18407.5,18424.0,18346.0,18402.5,32150.0
2025-04-17T00:00:00Z,18402.5,18499.5,18376.0,18487.5,40492.0
2025-04-17T01:00:00Z,18487.25,18491.25,18452.75,18475.25,18661.0
2025-04-17T02:00:00Z,18474.75,18513.0,18455.75,18497.75,21280.0
2025-04-17T03:00:00Z,18497.75,18538.75,18495.75,18536.25,16418.0
2025-04-17T04:00:00Z,18533.0,18545.75,18525.25,18535.5,12441.0
2025-04-17T05:00:00Z,18536.5,18574.25,18516.5,18551.5,21939.0
2025-04-17T06:00:00Z,18550.75,18601.75,18530.25,18555.75,31816.0
2025-04-17T07:00:00Z,18556.75,18652.0,18556.0,18617.5,38595.0
2025-04-17T08:00:00Z,18617.0,18621.0,18533.25,18537.75,28173.0
2025-04-17T09:00:00Z,18538.5,18592.25,18524.25,18577.75,26562.0
2025-04-17T10:00:00Z,18576.5,18584.0,18496.25,18510.25,37199.0
2025-04-17T11:00:00Z,18510.5,18532.25,18456.5,18516.0,45141.0
2025-04-17T12:00:00Z,18515.0,18624.75,18514.0,18530.5,71962.0
2025-04-17T13:00:00Z,18530.25,18547.5,18376.0,18467.25,276565.0
2025-04-17T14:00:00Z,18466.75,18488.5,18261.5,18303.75,312716.0
2025-04-17T15:00:00Z,18304.0,18443.75,18291.25,18339.5,249306.0
2025-04-17T16:00:00Z,18339.75,18479.0,18316.75,18454.25,218984.0
2025-04-17T17:00:00Z,18454.25,18487.75,18366.5,18453.75,154541.0
2025-04-17T18:00:00Z,18453.25,18526.0,18418.25,18420.25,151996.0
2025-04-17T19:00:00Z,18420.0,18430.75,18329.75,18374.25,167361.0
2025-04-17T20:00:00Z,18373.75,18455.25,18364.5,18430.0,39595.0
2025-04-20T22:00:00Z,18307.5,18384.75,18220.0,18289.5,28733.0
2025-04-20T23:00:00Z,18289.75,18328.0,18279.0,18314.25,22296.0
2025-04-21T00:00:00Z,18314.0,18374.0,18298.5,18301.75,33461.0
2025-04-21T01:00:00Z,18303.0,18316.0,18257.0,18285.75,35805.0
2025-04-21T02:00:00Z,18286.5,18306.75,18189.75,18217.0,35197.0
2025-04-21T03:00:00Z,18218.0,18235.75,18209.0,18219.25,17482.0
2025-04-21T04:00:00Z,18220.75,18245.75,18212.25,18221.0,12531.0
2025-04-21T05:00:00Z,18221.0,18253.75,18216.5,18245.0,13227.0
2025-04-21T06:00:00Z,18245.5,18256.25,18197.5,18219.0,15169.0
2025-04-21T07:00:00Z,18218.5,18228.5,18150.0,18153.5,23655.0
2025-04-21T08:00:00Z,18154.0,18193.5,18145.25,18172.5,19730.0
2025-04-21T09:00:00Z,18172.5,18182.0,18135.0,18172.25,18908.0
2025-04-21T10:00:00Z,18172.5,18192.25,18145.25,18188.25,16882.0
2025-04-21T11:00:00Z,18188.75,18213.75,18074.25,18106.0,50701.0
2025-04-21T12:00:00Z,18105.75,18147.5,18090.75,18121.75,33713.0
2025-04-21T13:00:00Z,18122.0,18165.75,17994.0,17994.5,193055.0
2025-04-21T14:00:00Z,17995.0,17999.0,17897.75,17931.75,243206.0
2025-04-21T15:00:00Z,17931.0,17950.0,17785.5,17796.25,184351.0
2025-04-21T16:00:00Z,17796.25,17875.25,17788.75,17795.0,132880.0
2025-04-21T17:00:00Z,17795.0,17813.25,17703.0,17712.5,137542.0
2025-04-21T18:00:00Z,17712.75,17780.5,17700.0,17708.25,121097.0
2025-04-21T19:00:00Z,17708.75,17952.0,17705.5,17922.75,192891.0
2025-04-21T20:00:00Z,17922.25,17929.5,17889.75,17912.0,30095.0
2025-04-21T22:00:00Z,17912.0,17931.0,17863.75,17893.25,0.0
2025-04-21T23:00:00Z,17894.0,18006.0,17891.5,18003.25,22392.0
2025-04-22T00:00:00Z,18002.75,18022.75,17975.25,17996.0,25583.0
2025-04-22T01:00:00Z,17996.5,18068.5,17988.0,18030.25,29330.0
2025-04-22T02:00:00Z,18030.0,18048.25,18012.25,18030.0,18143.0
2025-04-22T03:00:00Z,18030.25,18037.5,17949.25,17979.75,25762.0
2025-04-22T04:00:00Z,17980.0,17995.75,17970.75,17986.75,9708.0
2025-04-22T05:00:00Z,17985.75,18012.5,17971.25,17998.0,13833.0
2025-04-22T06:00:00Z,17997.0,18162.5,17984.25,18146.5,28705.0
2025-04-22T07:00:00Z,18147.25,18170.75,18077.0,18086.0,35513.0
2025-04-22T08:00:00Z,18085.0,18123.75,18059.25,18113.5,27423.0
2025-04-22T09:00:00Z,18114.5,18121.5,18077.0,18093.5,15350.0
2025-04-22T10:00:00Z,18093.0,18105.5,18070.5,18094.5,18644.0
2025-04-22T11:00:00Z,18096.0,18100.5,18043.75,18055.0,27908.0
2025-04-22T12:00:00Z,18055.25,18140.0,18046.25,18138.75,38103.0
2025-04-22T13:00:00Z,18138.25,18254.75,18100.25,18253.0,227656.0
2025-04-22T14:00:00Z,18253.25,18354.75,18240.5,18340.0,241174.0
2025-04-22T15:00:00Z,18348.5,18397.25,18287.0,18379.0,189262.0
2025-04-22T16:00:00Z,18379.5,18513.5,18379.5,18450.0,209955.0
2025-04-22T17:00:00Z,18450.25,18493.0,18210.5,18223.5,281670.0
2025-04-22T18:00:00Z,18223.5,18399.75,18218.0,18383.25,150942.0
2025-04-22T19:00:00Z,18383.25,18406.25,18240.5,18379.25,184862.0
2025-04-22T20:00:00Z,18379.75,18436.5,18345.25,18359.25,36419.0
2025-04-22T22:00:00Z,18618.25,18772.0,18618.25,18765.5,0.0
2025-04-22T23:00:00Z,18764.75,18801.25,18726.75,18761.25,40312.0
2025-04-23T00:00:00Z,18761.5,18771.25,18672.5,18701.25,32365.0
2025-04-23T01:00:00Z,18701.0,18725.0,18624.25,18641.25,31864.0
2025-04-23T02:00:00Z,18641.5,18712.75,18627.0,18685.75,20627.0
2025-04-23T03:00:00Z,18684.75,18706.25,18661.0,18705.0,15019.0
2025-04-23T04:00:00Z,18722.25,18732.25,18707.25,18724.0,13406.0
2025-04-23T05:00:00Z,18723.5,18752.0,18681.0,18741.25,19436.0
2025-04-23T06:00:00Z,18740.0,18770.5,18730.75,18734.5,19467.0
2025-04-23T07:00:00Z,18734.75,18791.5,18713.75,18783.75,30870.0
2025-04-23T08:00:00Z,18783.0,18859.0,18774.75,18830.0,32207.0
2025-04-23T09:00:00Z,18832.0,18851.5,18815.25,18846.25,19758.0
2025-04-23T10:00:00Z,18845.25,18928.25,18838.75,18919.25,28632.0
2025-04-23T11:00:00Z,18919.0,18942.5,18859.5,18860.25,41132.0
2025-04-23T12:00:00Z,18859.75,18972.25,18856.5,18966.75,45136.0
2025-04-23T13:00:00Z,18966.75,19122.25,18889.0,19065.0,273521.0
2025-04-23T14:00:00Z,19067.0,19165.75,18972.5,19062.25,285416.0
2025-04-23T15:00:00Z,19061.75,19104.0,18798.25,18876.75,294326.0
2025-04-23T16:00:00Z,18876.75,18934.25,18747.0,18916.0,224542.0
2025-04-23T17:00:00Z,18915.75,18966.25,18830.0,18927.5,168660.0
2025-04-23T18:00:00Z,18927.5,18959.75,18846.25,18870.0,161793.0
2025-04-23T19:00:00Z,18869.75,18894.25,18729.75,18789.0,210836.0
2025-04-23T20:00:00Z,18788.0,18924.75,18773.5,18850.0,53383.0
2025-04-23T22:00:00Z,18832.0,18846.0,18740.25,18818.0,0.0
2025-04-23T23:00:00Z,18818.0,18857.5,18806.5,18839.5,21395.0
2025-04-24T00:00:00Z,18839.25,18876.5,18826.25,18841.0,23789.0
2025-04-24T01:00:00Z,18841.5,18850.0,18770.0,18770.25,25816.0
2025-04-24T02:00:00Z,18771.0,18807.25,18746.75,18748.5,19429.0
2025-04-24T03:00:00Z,18748.0,18762.5,18735.0,18756.0,13623.0
2025-04-24T04:00:00Z,18752.25,18770.0,18710.0,18763.0,19909.0
2025-04-24T05:00:00Z,18763.5,18781.75,18678.0,18711.25,22853.0
2025-04-24T06:00:00Z,18710.75,18779.0,18705.5,18743.5,24109.0
2025-04-24T07:00:00Z,18743.75,18756.0,18651.0,18675.75,50470.0
2025-04-24T08:00:00Z,18676.25,18704.25,18595.0,18630.5,41792.0
2025-04-24T09:00:00Z,18630.0,18694.75,18630.0,18694.0,22716.0
2025-04-24T10:00:00Z,18694.5,18840.0,18693.75,18818.0,48158.0
2025-04-24T11:00:00Z,18816.75,18822.5,18728.0,18770.0,51386.0
2025-04-24T12:00:00Z,18769.25,18863.5,18768.5,18850.75,58983.0
2025-04-24T13:00:00Z,18850.75,19062.25,18823.25,19051.25,216981.0
2025-04-24T14:00:00Z,19052.5,19180.75,19045.25,19140.75,308074.0
2025-04-24T15:00:00Z,19141.25,19215.75,19123.25,19162.75,223691.0
2025-04-24T16:00:00Z,19163.0,19278.75,19140.25,19262.0,183716.0
2025-04-24T17:00:00Z,19262.25,19274.0,19203.25,19264.75,135679.0
2025-04-24T18:00:00Z,19265.25,19325.5,19259.5,19292.5,114147.0
2025-04-24T19:00:00Z,19292.0,19338.5,19221.0,19318.0,175885.0
2025-04-24T20:00:00Z,19318.75,19417.0,19296.5,19346.25,61621.0
2025-04-24T22:00:00Z,19396.75,19427.75,19353.0,19405.5,0.0
2025-04-24T23:00:00Z,19406.0,19436.0,19396.0,19412.5,22641.0
2025-04-25T00:00:00Z,19412.75,19462.5,19390.0,19456.25,28141.0
2025-04-25T01:00:00Z,19456.25,19467.0,19401.75,19411.5,27233.0
2025-04-25T02:00:00Z,19410.75,19424.25,19362.0,19384.25,22850.0
2025-04-25T03:00:00Z,19383.5,19453.5,19367.0,19450.0,24946.0
2025-04-25T04:00:00Z,19479.5,19497.25,19397.0,19408.0,32109.0
2025-04-25T05:00:00Z,19408.0,19434.0,19393.5,19411.25,16143.0
2025-04-25T06:00:00Z,19411.75,19475.0,19402.25,19461.75,23035.0
2025-04-25T07:00:00Z,19461.5,19466.0,19373.25,19417.25,37934.0
2025-04-25T08:00:00Z,19418.0,19451.25,19383.0,19402.75,29029.0
2025-04-25T09:00:00Z,19403.0,19404.5,19345.0,19395.25,26294.0
2025-04-25T10:00:00Z,19396.0,19417.25,19218.0,19230.5,60654.0
2025-04-25T11:00:00Z,19230.5,19322.75,19228.5,19256.0,46806.0
2025-04-25T12:00:00Z,19255.0,19295.5,19232.5,19245.75,51353.0
2025-04-25T13:00:00Z,19245.0,19363.25,19215.25,19259.25,234321.0
2025-04-25T14:00:00Z,19263.75,19405.75,19234.5,19338.75,354372.0
2025-04-25T15:00:00Z,19337.75,19393.0,19309.0,19363.0,193363.0
2025-04-25T16:00:00Z,19363.5,19469.75,19349.75,19466.75,140686.0
2025-04-25T17:00:00Z,19467.0,19554.5,19374.25,19428.25,233125.0
2025-04-25T18:00:00Z,19428.25,19528.75,19414.0,19499.75,157185.0
2025-04-25T19:00:00Z,19499.75,19546.5,19447.0,19531.0,155347.0
2025-04-25T20:00:00Z,19530.5,19590.0,19526.0,19554.75,35728.0
2025-04-27T22:00:00Z,19524.5,19526.75,19451.0,19461.5,34568.0
2025-04-27T23:00:00Z,19461.5,19475.75,19435.0,19454.25,23830.0
2025-04-28T00:00:00Z,19454.0,19471.25,19401.25,19414.5,26563.0
2025-04-28T01:00:00Z,19414.0,19432.0,19392.0,19429.25,19253.0
2025-04-28T02:00:00Z,19429.0,19453.25,19406.0,19417.25,15713.0
2025-04-28T03:00:00Z,19417.75,19422.25,19395.25,19403.0,11830.0
2025-04-28T04:00:00Z,19404.25,19428.0,19403.0,19412.0,10946.0
2025-04-28T05:00:00Z,19412.0,19428.75,19404.0,19416.75,10401.0
2025-04-28T06:00:00Z,19416.75,19505.5,19416.75,19503.0,20445.0
2025-04-28T07:00:00Z,19503.0,19519.0,19467.5,19469.25,25789.0
2025-04-28T08:00:00Z,19468.5,19503.0,19440.25,19500.75,20769.0
2025-04-28T09:00:00Z,19500.5,19540.0,19482.75,19514.5,20620.0
2025-04-28T10:00:00Z,19515.5,19522.5,19466.0,19476.5,23279.0
2025-04-28T11:00:00Z,19475.75,19532.75,19466.25,19514.0,26352.0
2025-04-28T12:00:00Z,19514.75,19550.0,19469.75,19539.0,40258.0
2025-04-28T13:00:00Z,19539.75,19622.75,19454.0,19464.5,230853.0
2025-04-28T14:00:00Z,19465.25,19539.5,19433.0,19472.25,267815.0
2025-04-28T15:00:00Z,19471.5,19496.75,19312.0,19348.0,235517.0
2025-04-28T16:00:00Z,19347.25,19356.5,19267.0,19317.75,174041.0
2025-04-28T17:00:00Z,19317.0,19378.5,19257.75,19371.75,143632.0
2025-04-28T18:00:00Z,19371.5,19439.75,19356.75,19427.75,119559.0
2025-04-28T19:00:00Z,19428.75,19579.0,19423.5,19524.75,165675.0
2025-04-28T20:00:00Z,19524.5,19527.0,19475.5,19483.75,28586.0
2025-04-28T22:00:00Z,19479.75,19490.5,19455.25,19485.5,0.0
2025-04-28T23:00:00Z,19485.25,19531.5,19478.5,19528.5,18713.0
2025-04-29T00:00:00Z,19528.5,19560.75,19496.25,19554.0,17102.0
2025-04-29T01:00:00Z,19553.5,19600.25,19544.0,19593.75,18470.0
2025-04-29T02:00:00Z,19593.75,19631.5,19558.5,19570.75,25220.0
2025-04-29T03:00:00Z,19570.0,19591.25,19560.75,19573.25,12872.0
2025-04-29T04:00:00Z,19566.5,19597.75,19541.75,19552.75,16645.0
2025-04-29T05:00:00Z,19552.75,19570.75,19530.0,19532.25,15125.0
2025-04-29T06:00:00Z,19532.75,19565.75,19525.5,19543.0,15371.0
2025-04-29T07:00:00Z,19543.25,19621.25,19532.5,19609.5,24781.0
2025-04-29T08:00:00Z,19609.5,19610.75,19541.75,19581.0,22590.0
2025-04-29T09:00:00Z,19581.25,19589.25,19546.25,19567.0,14804.0
2025-04-29T10:00:00Z,19567.0,19581.0,19447.75,19496.25,34305.0
2025-04-29T11:00:00Z,19496.25,19531.5,19488.25,19503.5,29273.0
2025-04-29T12:00:00Z,19504.25,19538.0,19444.75,19450.0,60894.0
2025-04-29T13:00:00Z,19450.25,19550.0,19379.25,19504.0,206393.0
2025-04-29T14:00:00Z,19504.0,19601.0,19469.25,19598.0,280536.0
2025-04-29T15:00:00Z,19597.75,19615.25,19500.25,19539.0,187439.0
2025-04-29T16:00:00Z,19538.75,19605.75,19470.75,19493.5,159058.0
2025-04-29T17:00:00Z,19494.25,19667.75,19483.0,19656.0,148830.0
2025-04-29T18:00:00Z,19656.0,19692.5,19638.5,19646.0,122474.0
2025-04-29T19:00:00Z,19646.5,19685.25,19615.25,19645.5,143011.0
2025-04-29T20:00:00Z,19644.75,19668.25,19567.25,19614.25,35969.0
2025-04-29T22:00:00Z,19595.0,19611.0,19563.0,19565.75,0.0
2025-04-29T23:00:00Z,19566.0,19574.25,19544.5,19563.25,15330.0
2025-04-30T00:00:00Z,19563.25,19584.75,19518.5,19532.0,24266.0
2025-04-30T01:00:00Z,19530.5,19545.0,19506.25,19513.25,18824.0
2025-04-30T02:00:00Z,19513.0,19528.75,19499.75,19509.75,16258.0
2025-04-30T03:00:00Z,19509.0,19527.75,19485.0,19525.75,17237.0
2025-04-30T04:00:00Z,19514.25,19540.5,19511.5,19519.25,12829.0
2025-04-30T05:00:00Z,19520.0,19538.5,19503.75,19537.75,13253.0
2025-04-30T06:00:00Z,19536.75,19571.5,19533.75,19564.0,17753.0
2025-04-30T07:00:00Z,19564.25,19595.0,19562.5,19586.25,19452.0
2025-04-30T08:00:00Z,19585.5,19623.0,19556.25,19575.0,26697.0
2025-04-30T09:00:00Z,19575.75,19615.0,19574.0,19589.75,12536.0
2025-04-30T10:00:00Z,19590.0,19593.75,19542.5,19570.75,18970.0
2025-04-30T11:00:00Z,19571.0,19601.0,19511.0,19528.25,29561.0
2025-04-30T12:00:00Z,19527.25,19536.0,19257.25,19285.5,121296.0
2025-04-30T13:00:00Z,19285.75,19307.75,19106.0,19117.75,267647.0
2025-04-30T14:00:00Z,19117.5,19355.0,19102.25,19333.25,333240.0
2025-04-30T15:00:00Z,19333.5,19455.0,19327.25,19443.5,221819.0
2025-04-30T16:00:00Z,19442.0,19472.5,19357.0,19438.5,172862.0
2025-04-30T17:00:00Z,19438.5,19512.75,19337.0,19477.75,162588.0
2025-04-30T18:00:00Z,19478.5,19582.25,19446.25,19474.5,189553.0
2025-04-30T19:00:00Z,19474.75,19715.75,19467.5,19642.75,198254.0
2025-04-30T20:00:00Z,19642.75,19878.5,19581.75,19848.25,89349.0
2025-04-30T22:00:00Z,19835.0,19936.0,19812.0,19904.0,0.0
2025-04-30T23:00:00Z,19903.25,19934.0,19868.25,19917.0,24997.0
2025-05-01T00:00:00Z,19917.75,19956.0,19913.0,19946.25,25541.0
2025-05-01T01:00:00Z,19947.0,19951.75,19910.5,19928.75,20740.0
2025-05-01T02:00:00Z,19928.75,19950.5,19907.25,19914.0,12099.0
2025-05-01T03:00:00Z,19913.75,19964.5,19907.0,19958.0,15670.0
2025-05-01T04:00:00Z,19956.0,19958.0,19934.0,19941.25,11062.0
2025-05-01T05:00:00Z,19941.75,19973.75,19918.75,19921.75,17691.0
2025-05-01T06:00:00Z,19921.75,19948.5,19915.0,19922.5,14992.0
2025-05-01T07:00:00Z,19922.5,19976.75,19901.0,19956.0,24876.0
2025-05-01T08:00:00Z,19955.75,19987.75,19931.5,19983.75,24212.0
2025-05-01T09:00:00Z,19984.0,20023.75,19973.0,20016.75,24433.0
2025-05-01T10:00:00Z,20016.25,20027.5,19983.0,20002.25,25565.0
2025-05-01T11:00:00Z,20002.75,20027.25,19980.25,20009.25,34896.0
2025-05-01T12:00:00Z,20009.5,20035.75,19949.25,19953.75,59920.0
2025-05-01T13:00:00Z,19953.5,19998.0,19858.25,19884.25,231698.0
2025-05-01T14:00:00Z,19906.0,20073.0,19864.75,20072.75,275681.0
2025-05-01T15:00:00Z,20072.75,20125.25,19932.25,19961.75,210518.0
2025-05-01T16:00:00Z,19961.5,19999.75,19909.25,19942.0,181587.0
2025-05-01T17:00:00Z,19942.25,20029.0,19939.0,19982.25,131113.0
2025-05-01T18:00:00Z,19982.0,20049.75,19976.5,20009.0,118251.0
2025-05-01T19:00:00Z,20009.5,20025.75,19856.5,19877.5,157014.0
2025-05-01T20:00:00Z,19877.5,19923.0,19756.0,19797.0,76355.0
2025-05-01T22:00:00Z,19781.75,19798.0,19748.25,19788.5,0.0
2025-05-01T23:00:00Z,19788.5,19827.25,19777.0,19790.25,17209.0
2025-05-02T00:00:00Z,19791.25,19968.75,19754.5,19942.25,56936.0
2025-05-02T01:00:00Z,19942.0,19982.0,19914.5,19928.75,37880.0
2025-05-02T02:00:00Z,19929.25,19973.0,19906.75,19958.75,24449.0
2025-05-02T03:00:00Z,19958.0,19987.75,19952.0,19977.0,13797.0
2025-05-02T04:00:00Z,19993.5,19997.0,19965.5,19985.0,17315.0
2025-05-02T05:00:00Z,19984.75,19989.25,19940.5,19950.0,15124.0
2025-05-02T06:00:00Z,19950.0,19950.0,19883.25,19930.5,26066.0
2025-05-02T07:00:00Z,19930.5,19959.5,19901.25,19903.25,29816.0
2025-05-02T08:00:00Z,19902.75,19949.5,19867.5,19870.75,28445.0
2025-05-02T09:00:00Z,19869.5,19933.75,19864.0,19918.5,21729.0
2025-05-02T10:00:00Z,19919.0,19955.75,19909.5,19932.75,18885.0
2025-05-02T11:00:00Z,19932.25,19958.0,19901.25,19917.75,25410.0
2025-05-02T12:00:00Z,19918.0,20105.5,19911.0,20095.0,82002.0
2025-05-02T13:00:00Z,20095.5,20141.5,20019.5,20074.25,225324.0
2025-05-02T14:00:00Z,20069.25,20181.0,20061.25,20165.75,257718.0
2025-05-02T15:00:00Z,20166.0,20206.75,20127.0,20197.0,157237.0
2025-05-02T16:00:00Z,20197.0,20266.0,20192.25,20241.25,150361.0
2025-05-02T17:00:00Z,20241.0,20253.5,20196.25,20225.25,119922.0
2025-05-02T18:00:00Z,20225.0,20277.0,20198.5,20222.0,104594.0
2025-05-02T19:00:00Z,20221.25,20235.75,20152.5,20185.75,162718.0
2025-05-02T20:00:00Z,20186.0,20225.0,20177.75,20200.5,31437.0
2025-05-04T22:00:00Z,20182.0,20200.0,20108.0,20115.0,24548.0
2025-05-04T23:00:00Z,20115.0,20122.5,20052.75,20085.25,32282.0
2025-05-05T00:00:00Z,20085.25,20111.75,20067.75,20103.75,25492.0
2025-05-05T01:00:00Z,20103.25,20103.5,19991.0,20003.75,35240.0
2025-05-05T02:00:00Z,20003.75,20051.0,19994.25,20035.5,24361.0
2025-05-05T03:00:00Z,20035.5,20073.75,20021.0,20057.0,21660.0
2025-05-05T04:00:00Z,20056.5,20059.75,20017.25,20036.5,17982.0
2025-05-05T05:00:00Z,20036.25,20072.5,20036.25,20062.0,14926.0
2025-05-05T06:00:00Z,20062.0,20099.0,20059.75,20061.75,19840.0
2025-05-05T07:00:00Z,20062.0,20070.5,20037.25,20057.25,19603.0
2025-05-05T08:00:00Z,20058.0,20077.75,19976.25,20000.0,28568.0
2025-05-05T09:00:00Z,20000.25,20028.5,19982.5,20011.0,20581.0
2025-05-05T10:00:00Z,20012.0,20020.5,19982.25,20010.0,17325.0
2025-05-05T11:00:00Z,20010.25,20020.0,19966.25,19980.75,25809.0
2025-05-05T12:00:00Z,19981.0,20012.0,19970.25,20004.5,28686.0
2025-05-05T13:00:00Z,20004.25,20071.25,19985.25,20059.75,173012.0
2025-05-05T14:00:00Z,20060.25,20115.5,20009.0,20104.25,252349.0
2025-05-05T15:00:00Z,20104.0,20124.25,20065.5,20102.25,141305.0
2025-05-05T16:00:00Z,20102.25,20146.0,20093.75,20134.25,90320.0
2025-05-05T17:00:00Z,20134.0,20155.0,20106.0,20143.5,75641.0
2025-05-05T18:00:00Z,20143.75,20191.25,20138.25,20151.75,73677.0
2025-05-05T19:00:00Z,20151.75,20154.75,20044.75,20065.5,133224.0
2025-05-05T20:00:00Z,20066.5,20070.75,20002.0,20041.0,40578.0
2025-05-05T22:00:00Z,20009.75,20037.5,20004.0,20017.5,0.0
2025-05-05T23:00:00Z,20017.5,20034.75,20005.5,20008.5,10588.0
2025-05-06T00:00:00Z,20009.0,20031.5,19975.0,19993.0,21577.0
2025-05-06T01:00:00Z,19993.5,20004.0,19952.25,19959.0,23232.0
2025-05-06T02:00:00Z,19959.0,19971.75,19936.25,19954.75,18475.0
2025-05-06T03:00:00Z,19954.75,19989.0,19932.0,19988.0,17197.0
2025-05-06T04:00:00Z,19985.75,19986.5,19953.0,19973.25,10430.0
2025-05-06T05:00:00Z,19973.25,19976.75,19913.25,19922.75,15645.0
2025-05-06T06:00:00Z,19922.5,19965.0,19918.75,19961.75,15936.0
2025-05-06T07:00:00Z,19962.25,19974.75,19893.25,19901.75,31072.0
2025-05-06T08:00:00Z,19902.0,19909.5,19831.25,19873.75,42391.0
2025-05-06T09:00:00Z,19873.25,19876.5,19823.75,19866.5,30616.0
2025-05-06T10:00:00Z,19866.5,19893.25,19857.0,19891.75,21986.0
2025-05-06T11:00:00Z,19892.0,19907.75,19806.0,19840.25,45823.0
2025-05-06T12:00:00Z,19840.0,19854.75,19801.25,19840.25,40824.0
2025-05-06T13:00:00Z,19840.0,19864.5,19746.75,19756.5,206705.0
2025-05-06T14:00:00Z,19757.5,19938.0,19738.25,19909.25,255292.0
2025-05-06T15:00:00Z,19923.5,19953.0,19884.5,19896.5,161947.0
2025-05-06T16:00:00Z,19896.25,20027.0,19860.25,19864.75,213897.0
2025-05-06T17:00:00Z,19864.5,19922.75,19837.5,19846.5,137122.0
2025-05-06T18:00:00Z,19847.25,19955.0,19845.5,19954.0,127137.0
2025-05-06T19:00:00Z,19953.75,19972.75,19871.0,19875.5,134190.0
2025-05-06T20:00:00Z,19876.0,19904.75,19808.75,19846.25,47690.0
2025-05-06T22:00:00Z,19812.5,20136.25,19801.25,20079.0,0.0
2025-05-06T23:00:00Z,20078.5,20087.5,20028.75,20067.5,27394.0
2025-05-07T00:00:00Z,20067.0,20106.0,20005.0,20083.0,35128.0
2025-05-07T01:00:00Z,20082.5,20107.0,20033.0,20052.5,28113.0
2025-05-07T02:00:00Z,20052.25,20055.5,19976.0,19996.5,27754.0
2025-05-07T03:00:00Z,19997.0,20021.75,19991.5,20004.75,16633.0
2025-05-07T04:00:00Z,20017.25,20035.5,20001.0,20013.25,13931.0
2025-05-07T05:00:00Z,20013.5,20015.5,19971.25,19979.25,15865.0
2025-05-07T06:00:00Z,19979.0,20001.5,19952.5,19981.75,19007.0
2025-05-07T07:00:00Z,19981.25,20021.0,19973.25,20013.75,20817.0
2025-05-07T08:00:00Z,20014.0,20025.5,19969.5,20006.75,22746.0
2025-05-07T09:00:00Z,20007.0,20018.25,19971.0,19990.75,14807.0
2025-05-07T10:00:00Z,19990.25,20007.5,19966.5,19996.25,18093.0
2025-05-07T11:00:00Z,19997.0,20030.25,19980.25,19996.25,21820.0
2025-05-07T12:00:00Z,19995.75,19998.0,19908.75,19933.0,48871.0
2025-05-07T13:00:00Z,19932.75,19944.75,19858.0,19936.25,184443.0
2025-05-07T14:00:00Z,19937.0,19977.75,19829.25,19842.75,214058.0
2025-05-07T15:00:00Z,19843.0,19856.75,19784.75,19850.0,219062.0
2025-05-07T16:00:00Z,19849.25,19904.5,19806.0,19898.75,125074.0
2025-05-07T17:00:00Z,19898.5,19925.5,19804.0,19819.0,100066.0
2025-05-07T18:00:00Z,19817.75,19903.75,19678.5,19885.75,252791.0
2025-05-07T19:00:00Z,19886.0,20055.0,19763.75,19950.0,291928.0
2025-05-07T20:00:00Z,19949.0,19998.75,19915.75,19957.25,44666.0
2025-05-07T22:00:00Z,19935.5,19957.5,19910.25,19943.5,0.0
2025-05-07T23:00:00Z,19944.25,19974.75,19940.75,19952.25,12536.0
2025-05-08T00:00:00Z,19952.5,20042.0,19925.25,20027.0,35346.0
2025-05-08T01:00:00Z,20027.0,20123.5,20012.75,20066.25,55967.0
2025-05-08T02:00:00Z,20066.5,20115.5,20066.5,20098.5,19520.0
2025-05-08T03:00:00Z,20098.0,20170.25,20097.25,20166.0,25260.0
2025-05-08T04:00:00Z,20174.0,20199.0,20167.75,20183.75,21723.0
2025-05-08T05:00:00Z,20183.25,20195.25,20147.5,20157.0,19752.0
2025-05-08T06:00:00Z,20156.5,20160.0,20123.75,20145.5,22021.0
2025-05-08T07:00:00Z,20145.25,20192.0,20136.5,20177.75,23828.0
2025-05-08T08:00:00Z,20177.75,20231.75,20153.75,20225.75,25768.0
2025-05-08T09:00:00Z,20225.25,20262.25,20213.25,20246.0,19433.0
2025-05-08T10:00:00Z,20246.5,20257.5,20223.5,20254.0,20915.0
2025-05-08T11:00:00Z,20253.75,20256.75,20184.5,20198.0,33609.0
2025-05-08T12:00:00Z,20197.75,20228.25,20135.75,20174.75,74619.0
2025-05-08T13:00:00Z,20174.5,20184.0,20061.0,20089.75,188497.0
2025-05-08T14:00:00Z,20089.5,20124.75,19978.0,20017.25,288563.0
2025-05-08T15:00:00Z,20016.75,20316.75,19993.75,20272.75,300275.0
2025-05-08T16:00:00Z,20272.5,20337.5,20268.75,20331.5,130768.0
2025-05-08T17:00:00Z,20331.25,20335.75,20246.5,20250.0,112913.0
2025-05-08T18:00:00Z,20250.25,20317.75,20234.5,20284.0,112178.0
2025-05-08T19:00:00Z,20284.25,20331.25,20141.25,20152.75,183970.0
2025-05-08T20:00:00Z,20153.0,20179.25,20143.25,20155.75,32920.0
2025-05-08T22:00:00Z,20164.0,20182.5,20137.0,20161.75,0.0
2025-05-08T23:00:00Z,20161.75,20172.0,20124.75,20139.25,18046.0
2025-05-09T00:00:00Z,20138.75,20140.5,20080.5,20121.5,25951.0
2025-05-09T01:00:00Z,20121.5,20160.5,20111.75,20159.5,18886.0
2025-05-09T02:00:00Z,20159.25,20201.0,20148.75,20152.75,24373.0
2025-05-09T03:00:00Z,20152.75,20189.5,20124.25,20187.25,23318.0
2025-05-09T04:00:00Z,20187.5,20194.25,20170.0,20183.5,10786.0
2025-05-09T05:00:00Z,20183.25,20203.5,20156.5,20192.25,17819.0
2025-05-09T06:00:00Z,20192.5,20204.25,20172.5,20190.75,15705.0
2025-05-09T07:00:00Z,20191.25,20232.25,20167.75,20192.75,28815.0
2025-05-09T08:00:00Z,20192.75,20202.0,20165.5,20174.25,20566.0
2025-05-09T09:00:00Z,20174.25,20199.5,20170.5,20197.5,12333.0
2025-05-09T10:00:00Z,20198.75,20238.25,20195.75,20230.25,17873.0
2025-05-09T11:00:00Z,20230.25,20290.0,20140.25,20206.25,60290.0
2025-05-09T12:00:00Z,20206.25,20256.0,20194.75,20232.25,33156.0
2025-05-09T13:00:00Z,20232.75,20279.75,20204.5,20254.5,152828.0
2025-05-09T14:00:00Z,20254.0,20275.0,20057.5,20142.0,282906.0
2025-05-09T15:00:00Z,20142.75,20176.0,20101.75,20170.0,176254.0
2025-05-09T16:00:00Z,20170.0,20174.5,20071.75,20087.75,132218.0
2025-05-09T17:00:00Z,20088.25,20161.0,20060.0,20155.75,118395.0
2025-05-09T18:00:00Z,20155.25,20159.75,20110.25,20141.75,79281.0
2025-05-09T19:00:00Z,20141.25,20187.0,20130.75,20136.5,127498.0
2025-05-09T20:00:00Z,20136.5,20149.5,20119.75,20146.5,28635.0
2025-05-11T22:00:00Z,20373.75,20477.0,20373.75,20409.0,48811.0
2025-05-11T23:00:00Z,20408.75,20502.75,20402.0,20453.0,39602.0
2025-05-12T00:00:00Z,20452.25,20509.0,20441.5,20493.0,32417.0
2025-05-12T01:00:00Z,20492.75,20548.0,20488.75,20516.75,33501.0
2025-05-12T02:00:00Z,20516.0,20533.25,20503.5,20528.75,15396.0
2025-05-12T03:00:00Z,20528.0,20539.25,20511.5,20526.25,13672.0
2025-05-12T04:00:00Z,20526.5,20535.75,20520.25,20530.75,8368.0
2025-05-12T05:00:00Z,20530.75,20563.0,20523.75,20552.5,15108.0
2025-05-12T06:00:00Z,20553.0,20593.25,20541.5,20563.5,24893.0
2025-05-12T07:00:00Z,20563.25,20930.75,20560.0,20811.0,124660.0
2025-05-12T08:00:00Z,20811.5,20898.0,20778.5,20876.5,52485.0
2025-05-12T09:00:00Z,20876.75,20913.75,20874.0,20906.75,24455.0
2025-05-12T10:00:00Z,20906.75,20983.25,20882.5,20971.0,45719.0
2025-05-12T11:00:00Z,20971.5,20991.5,20882.5,20914.0,56706.0
2025-05-12T12:00:00Z,20913.75,20964.75,20906.75,20916.25,46259.0
2025-05-12T13:00:00Z,20916.25,20940.0,20746.5,20787.5,249800.0
2025-05-12T14:00:00Z,20788.5,20849.5,20690.0,20771.25,264117.0
2025-05-12T15:00:00Z,20771.25,20806.75,20754.0,20765.0,156823.0
2025-05-12T16:00:00Z,20765.0,20883.5,20756.75,20877.75,119034.0
2025-05-12T17:00:00Z,20878.0,20934.75,20872.0,20908.5,109558.0
2025-05-12T18:00:00Z,20908.75,20946.25,20894.0,20896.0,91462.0
2025-05-12T19:00:00Z,20895.75,20954.25,20857.5,20950.0,151892.0
2025-05-12T20:00:00Z,20949.5,20996.0,20937.75,20958.0,37650.0
2025-05-12T22:00:00Z,20957.5,20963.5,20913.5,20920.25,0.0
2025-05-12T23:00:00Z,20920.25,20966.75,20908.0,20908.5,17551.0
2025-05-13T00:00:00Z,20908.5,20909.75,20865.5,20875.5,24834.0
2025-05-13T01:00:00Z,20876.0,20896.25,20864.0,20875.0,17740.0
2025-05-13T02:00:00Z,20875.0,20894.25,20849.25,20872.5,19384.0
2025-05-13T03:00:00Z,20871.75,20875.5,20842.5,20847.25,10754.0
2025-05-13T04:00:00Z,20843.5,20854.75,20818.25,20839.5,15804.0
2025-05-13T05:00:00Z,20840.25,20867.5,20836.25,20861.25,12892.0
2025-05-13T06:00:00Z,20861.25,20882.5,20846.25,20848.75,15461.0
2025-05-13T07:00:00Z,20848.75,20869.75,20830.5,20847.25,24109.0
2025-05-13T08:00:00Z,20847.75,20877.75,20825.25,20834.25,21533.0
2025-05-13T09:00:00Z,20835.0,20882.5,20827.0,20881.5,12720.0
2025-05-13T10:00:00Z,20881.5,20911.0,20860.5,20889.75,21976.0
2025-05-13T11:00:00Z,20890.75,20945.25,20886.25,20941.5,23408.0
2025-05-13T12:00:00Z,20941.75,21064.0,20930.75,21008.5,67433.0
2025-05-13T13:00:00Z,21008.25,21132.0,20973.5,21124.5,191592.0
2025-05-13T14:00:00Z,21125.0,21258.0,21114.5,21250.25,253582.0
2025-05-13T15:00:00Z,21250.75,21303.25,21230.75,21283.75,147761.0
2025-05-13T16:00:00Z,21284.0,21338.75,21252.75,21321.25,119718.0
2025-05-13T17:00:00Z,21322.0,21347.0,21293.75,21296.5,103064.0
2025-05-13T18:00:00Z,21296.5,21331.25,21274.5,21327.25,101761.0
2025-05-13T19:00:00Z,21327.0,21343.0,21257.5,21270.0,125645.0
2025-05-13T20:00:00Z,21270.75,21274.75,21247.0,21254.75,35688.0
2025-05-13T22:00:00Z,21248.25,21273.25,21245.0,21261.0,0.0
2025-05-13T23:00:00Z,21261.5,21302.25,21252.25,21292.25,15800.0
2025-05-14T00:00:00Z,21292.5,21297.75,21260.0,21268.0,17468.0
2025-05-14T01:00:00Z,21268.0,21284.25,21246.0,21283.75,17733.0
2025-05-14T02:00:00Z,21283.25,21291.25,21262.0,21274.75,13581.0
2025-05-14T03:00:00Z,21275.5,21300.0,21270.75,21289.25,9554.0
2025-05-14T04:00:00Z,21282.5,21316.5,21281.5,21307.5,10905.0
2025-05-14T05:00:00Z,21307.25,21323.75,21302.5,21316.5,13429.0
2025-05-14T06:00:00Z,21317.0,21355.5,21305.0,21348.25,18412.0
2025-05-14T07:00:00Z,21348.5,21352.75,21281.25,21306.0,29911.0
2025-05-14T08:00:00Z,21306.25,21315.0,21257.25,21274.5,27341.0
2025-05-14T09:00:00Z,21274.0,21290.0,21237.0,21260.75,25979.0
2025-05-14T10:00:00Z,21260.25,21303.75,21254.0,21293.25,18283.0
2025-05-14T11:00:00Z,21293.25,21383.0,21292.5,21344.0,42477.0
2025-05-14T12:00:00Z,21344.25,21368.75,21317.0,21324.25,38536.0
2025-05-14T13:00:00Z,21324.75,21404.75,21272.75,21330.75,231199.0
2025-05-14T14:00:00Z,21330.75,21370.0,21296.5,21357.5,222733.0
2025-05-14T15:00:00Z,21357.5,21390.0,21288.25,21376.0,164810.0
2025-05-14T16:00:00Z,21375.25,21419.75,21356.0,21366.75,109406.0
2025-05-14T17:00:00Z,21367.0,21370.0,21281.25,21365.25,130443.0
2025-05-14T18:00:00Z,21365.5,21401.25,21335.25,21369.5,105691.0
2025-05-14T19:00:00Z,21370.0,21406.5,21331.25,21396.25,127629.0
2025-05-14T20:00:00Z,21396.5,21414.0,21379.0,21403.5,25229.0
2025-05-14T22:00:00Z,21382.0,21386.5,21361.75,21379.75,0.0
2025-05-14T23:00:00Z,21379.75,21382.25,21357.0,21375.5,12160.0
2025-05-15T00:00:00Z,21374.75,21390.75,21367.25,21381.25,13569.0
2025-05-15T01:00:00Z,21381.75,21397.5,21365.0,21372.75,14781.0
2025-05-15T02:00:00Z,21373.5,21412.5,21365.0,21406.25,13675.0
2025-05-15T03:00:00Z,21406.5,21410.0,21376.25,21380.0,9135.0
2025-05-15T04:00:00Z,21382.0,21389.0,21372.25,21384.25,6299.0
2025-05-15T05:00:00Z,21384.5,21387.5,21316.75,21330.25,17910.0
2025-05-15T06:00:00Z,21330.75,21368.5,21324.75,21345.25,16936.0
2025-05-15T07:00:00Z,21344.5,21357.75,21265.0,21272.25,32335.0
2025-05-15T08:00:00Z,21272.0,21290.75,21198.25,21215.0,37063.0
2025-05-15T09:00:00Z,21215.75,21264.0,21192.25,21259.25,25698.0
2025-05-15T10:00:00Z,21259.0,21259.5,21223.5,21250.25,17573.0
2025-05-15T11:00:00Z,21250.25,21301.75,21247.75,21274.75,26392.0
2025-05-15T12:00:00Z,21274.25,21331.25,21239.25,21288.0,57397.0
2025-05-15T13:00:00Z,21288.0,21339.5,21248.25,21299.25,163321.0
2025-05-15T14:00:00Z,21298.75,21347.0,21256.75,21335.5,199178.0
2025-05-15T15:00:00Z,21335.5,21446.5,21327.25,21429.5,165209.0
2025-05-15T16:00:00Z,21429.0,21495.0,21418.75,21492.0,106868.0
2025-05-15T17:00:00Z,21491.5,21529.75,21467.0,21475.5,101209.0
2025-05-15T18:00:00Z,21475.5,21475.5,21375.5,21392.75,138704.0
2025-05-15T19:00:00Z,21392.25,21423.75,21303.5,21418.75,161054.0
2025-05-15T20:00:00Z,21419.0,21444.75,21395.5,21396.25,26678.0
2025-05-15T22:00:00Z,21397.25,21403.5,21379.25,21383.5,0.0
2025-05-15T23:00:00Z,21383.5,21416.0,21381.75,21414.75,9599.0
2025-05-16T00:00:00Z,21415.0,21436.25,21357.5,21360.5,20366.0
2025-05-16T01:00:00Z,21360.5,21378.25,21348.75,21371.0,17811.0
2025-05-16T02:00:00Z,21370.25,21409.25,21360.75,21402.0,13904.0
2025-05-16T03:00:00Z,21402.25,21415.75,21395.75,21405.75,8915.0
2025-05-16T04:00:00Z,21409.75,21418.75,21398.25,21401.75,8465.0
2025-05-16T05:00:00Z,21402.75,21406.5,21383.5,21386.0,8849.0
2025-05-16T06:00:00Z,21386.5,21409.5,21362.75,21368.75,13329.0
2025-05-16T07:00:00Z,21369.5,21457.0,21361.0,21443.0,24618.0
2025-05-16T08:00:00Z,21442.75,21479.0,21438.0,21461.0,23060.0
2025-05-16T09:00:00Z,21461.25,21468.25,21437.25,21439.5,13475.0
2025-05-16T10:00:00Z,21439.75,21471.5,21430.75,21458.0,16156.0
2025-05-16T11:00:00Z,21458.0,21487.25,21447.5,21481.0,20475.0
2025-05-16T12:00:00Z,21480.5,21501.25,21434.75,21439.0,36978.0
2025-05-16T13:00:00Z,21438.75,21504.5,21388.75,21439.5,175466.0
2025-05-16T14:00:00Z,21441.0,21457.0,21320.0,21391.25,225745.0
2025-05-16T15:00:00Z,21391.5,21443.25,21371.25,21412.5,122972.0
2025-05-16T16:00:00Z,21411.75,21451.5,21405.5,21427.5,86347.0
2025-05-16T17:00:00Z,21427.5,21478.0,21419.0,21444.75,78786.0
2025-05-16T18:00:00Z,21445.25,21493.0,21435.25,21476.75,69229.0
2025-05-16T19:00:00Z,21476.5,21513.0,21461.5,21505.0,95774.0
2025-05-16T20:00:00Z,21505.0,21510.0,21384.0,21404.25,30560.0
2025-05-18T22:00:00Z,21313.5,21374.0,21286.5,21369.5,35109.0
2025-05-18T23:00:00Z,21370.0,21417.5,21355.75,21381.5,24157.0
2025-05-19T00:00:00Z,21381.75,21382.75,21264.0,21303.0,45988.0
2025-05-19T01:00:00Z,21302.75,21309.25,21273.25,21274.75,23956.0
2025-05-19T02:00:00Z,21275.0,21300.25,21258.0,21264.5,21793.0
2025-05-19T03:00:00Z,21264.75,21265.5,21196.0,21212.0,26663.0
2025-05-19T04:00:00Z,21212.25,21239.25,21205.25,21220.5,17790.0
2025-05-19T05:00:00Z,21221.25,21253.25,21213.0,21246.75,16220.0
2025-05-19T06:00:00Z,21247.25,21288.75,21185.5,21188.0,32302.0
2025-05-19T07:00:00Z,21187.75,21226.75,21162.0,21194.5,31840.0
2025-05-19T08:00:00Z,21194.25,21194.25,21112.25,21135.25,37361.0
2025-05-19T09:00:00Z,21135.0,21180.0,21117.75,21165.0,21790.0
2025-05-19T10:00:00Z,21164.75,21206.0,21135.75,21186.5,26138.0
2025-05-19T11:00:00Z,21186.25,21213.25,21161.0,21204.5,27458.0
2025-05-19T12:00:00Z,21204.0,21219.5,21164.25,21212.5,34438.0
2025-05-19T13:00:00Z,21212.0,21375.0,21154.0,21356.5,186083.0
2025-05-19T14:00:00Z,21356.25,21462.5,21347.25,21392.5,215367.0
2025-05-19T15:00:00Z,21404.5,21476.5,21380.0,21433.5,133489.0
2025-05-19T16:00:00Z,21433.75,21503.0,21428.0,21499.0,88275.0
2025-05-19T17:00:00Z,21498.5,21545.5,21493.5,21498.75,107857.0
2025-05-19T18:00:00Z,21499.25,21507.0,21450.0,21496.0,94542.0
2025-05-19T19:00:00Z,21496.25,21533.75,21443.75,21522.75,110786.0
2025-05-19T20:00:00Z,21522.5,21527.25,21476.25,21517.5,25042.0
2025-05-19T22:00:00Z,21516.75,21516.75,21492.75,21499.5,0.0
2025-05-19T23:00:00Z,21499.5,21561.0,21497.25,21539.75,22628.0
2025-05-20T00:00:00Z,21539.0,21562.25,21513.0,21513.75,18984.0
2025-05-20T01:00:00Z,21513.75,21514.0,21437.25,21458.25,32005.0
2025-05-20T02:00:00Z,21458.5,21466.75,21433.0,21454.5,16632.0
2025-05-20T03:00:00Z,21454.5,21455.0,21427.25,21436.5,13001.0
2025-05-20T04:00:00Z,21434.25,21452.0,21421.0,21447.0,12103.0
2025-05-20T05:00:00Z,21447.25,21487.0,21415.5,21418.5,20081.0
2025-05-20T06:00:00Z,21418.0,21432.0,21393.75,21423.25,21803.0
2025-05-20T07:00:00Z,21422.25,21479.25,21408.25,21444.75,25109.0
2025-05-20T08:00:00Z,21444.5,21461.25,21418.0,21433.75,19912.0
2025-05-20T09:00:00Z,21435.25,21453.0,21415.25,21426.25,14052.0
2025-05-20T10:00:00Z,21426.25,21464.0,21419.75,21462.0,14202.0
2025-05-20T11:00:00Z,21463.0,21486.25,21457.0,21463.75,21560.0
2025-05-20T12:00:00Z,21463.25,21474.5,21418.0,21436.5,28170.0
2025-05-20T13:00:00Z,21436.5,21458.0,21354.0,21395.0,178210.0
2025-05-20T14:00:00Z,21394.5,21451.25,21362.5,21407.75,182918.0
2025-05-20T15:00:00Z,21406.5,21445.75,21387.25,21435.5,106229.0
2025-05-20T16:00:00Z,21436.0,21472.75,21403.0,21458.5,84833.0
2025-05-20T17:00:00Z,21459.25,21473.75,21407.75,21431.25,83458.0
2025-05-20T18:00:00Z,21431.0,21442.5,21340.75,21348.75,120680.0
2025-05-20T19:00:00Z,21348.75,21452.0,21298.0,21447.0,146981.0
2025-05-20T20:00:00Z,21447.25,21451.5,21398.5,21419.0,27987.0
2025-05-20T22:00:00Z,21413.75,21416.75,21342.75,21400.25,0.0
2025-05-20T23:00:00Z,21400.5,21431.75,21397.25,21431.75,11823.0
2025-05-21T00:00:00Z,21431.75,21444.0,21403.0,21423.75,18879.0
2025-05-21T01:00:00Z,21423.25,21435.25,21388.5,21401.0,20888.0
2025-05-21T02:00:00Z,21402.25,21405.75,21373.75,21378.5,16585.0
2025-05-21T03:00:00Z,21378.0,21397.75,21369.0,21381.0,11967.0
2025-05-21T04:00:00Z,21372.75,21380.0,21349.5,21358.0,11635.0
2025-05-21T05:00:00Z,21358.0,21384.5,21327.25,21331.25,16306.0
2025-05-21T06:00:00Z,21331.0,21340.25,21286.0,21294.25,28371.0
2025-05-21T07:00:00Z,21294.25,21348.75,21293.5,21343.25,20832.0
2025-05-21T08:00:00Z,21343.25,21348.75,21289.75,21322.25,18925.0
2025-05-21T09:00:00Z,21323.0,21336.0,21263.25,21269.5,23368.0
2025-05-21T10:00:00Z,21269.25,21302.5,21229.5,21300.0,28147.0
2025-05-21T11:00:00Z,21300.25,21356.0,21296.0,21339.5,31312.0
2025-05-21T12:00:00Z,21339.5,21342.25,21283.5,21313.0,39027.0
2025-05-21T13:00:00Z,21312.75,21405.0,21261.0,21374.0,162151.0
2025-05-21T14:00:00Z,21374.5,21459.0,21362.25,21456.25,211875.0
2025-05-21T15:00:00Z,21457.0,21535.5,21447.0,21515.25,158703.0
2025-05-21T16:00:00Z,21515.0,21558.5,21509.0,21515.0,98544.0
2025-05-21T17:00:00Z,21515.25,21523.5,21160.25,21270.75,349893.0
2025-05-21T18:00:00Z,21271.25,21283.0,21166.5,21177.75,171535.0
2025-05-21T19:00:00Z,21178.25,21221.25,21071.75,21149.25,188114.0
2025-05-21T20:00:00Z,21148.75,21155.75,21110.5,21145.25,28943.0
2025-05-21T22:00:00Z,21147.5,21179.0,21113.0,21144.5,0.0
2025-05-21T23:00:00Z,21144.0,21176.0,21132.75,21147.25,16049.0
2025-05-22T00:00:00Z,21147.0,21201.5,21136.5,21197.75,23838.0
2025-05-22T01:00:00Z,21197.75,21208.5,21150.5,21155.5,18441.0
2025-05-22T02:00:00Z,21155.5,21182.75,21145.0,21157.0,14589.0
2025-05-22T03:00:00Z,21157.25,21180.5,21157.0,21168.25,10495.0
2025-05-22T04:00:00Z,21163.75,21173.5,21160.75,21165.25,5371.0
2025-05-22T05:00:00Z,21165.25,21202.5,21155.0,21197.25,13738.0
2025-05-22T06:00:00Z,21196.75,21205.5,21164.0,21192.5,15916.0
2025-05-22T07:00:00Z,21192.5,21227.5,21171.0,21197.5,26847.0
2025-05-22T08:00:00Z,21197.5,21221.5,21185.75,21197.5,18099.0
2025-05-22T09:00:00Z,21197.25,21216.0,21179.75,21205.0,14993.0
2025-05-22T10:00:00Z,21204.5,21210.75,21169.5,21189.75,17323.0
2025-05-22T11:00:00Z,21189.25,21243.75,21078.0,21079.75,50718.0
2025-05-22T12:00:00Z,21080.0,21198.25,21039.25,21191.25,85903.0
2025-05-22T13:00:00Z,21191.5,21293.0,21113.75,21286.25,220637.0
2025-05-22T14:00:00Z,21286.5,21330.25,21166.5,21231.75,263320.0
2025-05-22T15:00:00Z,21231.0,21281.5,21197.25,21271.75,148120.0
2025-05-22T16:00:00Z,21272.0,21324.75,21209.5,21218.25,118088.0
2025-05-22T17:00:00Z,21218.0,21311.0,21196.5,21293.0,103186.0
2025-05-22T18:00:00Z,21292.5,21317.5,21268.5,21305.0,88824.0
2025-05-22T19:00:00Z,21305.25,21337.5,21166.25,21184.5,129311.0
2025-05-22T20:00:00Z,21184.0,21214.75,21174.0,21214.25,25783.0
2025-05-22T22:00:00Z,21222.0,21236.25,21138.75,21146.5,0.0
2025-05-22T23:00:00Z,21147.0,21182.0,21133.5,21178.75,16886.0
2025-05-23T00:00:00Z,21179.5,21202.75,21176.75,21201.25,17397.0
2025-05-23T01:00:00Z,21200.75,21201.0,21152.5,21162.0,18038.0
2025-05-23T02:00:00Z,21162.75,21200.5,21158.5,21184.0,12118.0
2025-05-23T03:00:00Z,21185.0,21208.5,21174.25,21189.75,12692.0
2025-05-23T04:00:00Z,21179.0,21179.0,21143.0,21153.25,10909.0
2025-05-23T05:00:00Z,21153.25,21181.25,21137.0,21152.5,13809.0
2025-05-23T06:00:00Z,21152.75,21154.75,21094.0,21133.0,25231.0
2025-05-23T07:00:00Z,21134.0,21219.25,21130.75,21207.5,28614.0
2025-05-23T08:00:00Z,21207.25,21231.5,21180.0,21188.25,24754.0
2025-05-23T09:00:00Z,21187.25,21192.5,21119.0,21181.25,29238.0
2025-05-23T10:00:00Z,21181.25,21190.75,21143.5,21177.5,19630.0
2025-05-23T11:00:00Z,21176.75,21183.5,20804.5,20834.5,139634.0
2025-05-23T12:00:00Z,20835.25,20840.0,20727.5,20800.75,139337.0
2025-05-23T13:00:00Z,20801.5,20953.5,20755.5,20887.25,220850.0
2025-05-23T14:00:00Z,20888.0,20993.75,20881.0,20910.75,227926.0
2025-05-23T15:00:00Z,20911.0,21009.25,20883.75,20935.25,162168.0
2025-05-23T16:00:00Z,20935.75,21006.5,20918.75,20983.25,114912.0
2025-05-23T17:00:00Z,20983.25,21074.75,20971.25,21052.25,110362.0
2025-05-23T18:00:00Z,21051.75,21083.75,21005.75,21039.25,97999.0
2025-05-23T19:00:00Z,21039.0,21070.0,20958.5,20978.75,123010.0
2025-05-23T20:00:00Z,20979.25,20980.75,20930.75,20952.75,31555.0
2025-05-25T22:00:00Z,20978.75,21226.75,20955.25,21164.5,48447.0
2025-05-25T23:00:00Z,21164.75,21212.25,21162.0,21188.75,20921.0
2025-05-26T00:00:00Z,21188.5,21212.25,21168.0,21187.0,23408.0
2025-05-26T01:00:00Z,21185.75,21209.5,21167.25,21206.0,19511.0
2025-05-26T02:00:00Z,21206.25,21233.5,21189.25,21194.0,19103.0
2025-05-26T03:00:00Z,21193.75,21222.75,21193.75,21210.5,11037.0
2025-05-26T04:00:00Z,21212.0,21228.75,21203.0,21220.5,8536.0
2025-05-26T05:00:00Z,21220.25,21221.75,21194.25,21201.75,11078.0
2025-05-26T06:00:00Z,21201.25,21262.5,21189.25,21251.0,29735.0
2025-05-26T07:00:00Z,21251.25,21278.0,21231.0,21272.75,20242.0
2025-05-26T08:00:00Z,21273.0,21285.75,21238.5,21245.75,15953.0
2025-05-26T09:00:00Z,21246.75,21262.75,21242.5,21250.25,8249.0
2025-05-26T10:00:00Z,21250.75,21277.5,21245.5,21262.75,9435.0
2025-05-26T11:00:00Z,21262.5,21281.25,21255.0,21275.5,10857.0
2025-05-26T12:00:00Z,21275.5,21290.0,21259.75,21262.0,13858.0
2025-05-26T13:00:00Z,21261.75,21307.75,21250.0,21279.25,36448.0
2025-05-26T14:00:00Z,21279.75,21282.5,21224.25,21230.5,36525.0
2025-05-26T15:00:00Z,21231.0,21277.0,21215.5,21273.25,29307.0
2025-05-26T16:00:00Z,21273.75,21296.25,21265.0,21284.5,22183.0
2025-05-26T22:00:00Z,21284.5,21292.5,21223.25,21228.75,20687.0
2025-05-26T23:00:00Z,21229.0,21246.75,21218.75,21236.0,15799.0
2025-05-27T00:00:00Z,21236.0,21242.5,21202.5,21241.0,21485.0
2025-05-27T01:00:00Z,21240.5,21240.5,21173.0,21176.0,27064.0
2025-05-27T02:00:00Z,21175.75,21183.75,21161.25,21180.75,17474.0
2025-05-27T03:00:00Z,21180.5,21189.0,21142.0,21149.5,14232.0
2025-05-27T04:00:00Z,21164.5,21177.0,21162.0,21175.75,9750.0
2025-05-27T05:00:00Z,21176.25,21218.5,21159.0,21208.25,18341.0
2025-05-27T06:00:00Z,21208.75,21255.25,21204.5,21242.75,16900.0
2025-05-27T07:00:00Z,21242.5,21360.0,21235.0,21333.25,42726.0
2025-05-27T08:00:00Z,21332.75,21346.5,21298.5,21314.0,25656.0
2025-05-27T09:00:00Z,21314.0,21352.75,21309.25,21332.5,22456.0
2025-05-27T10:00:00Z,21333.25,21351.5,21301.0,21302.5,20413.0
2025-05-27T11:00:00Z,21302.25,21310.75,21272.25,21297.0,29375.0
2025-05-27T12:00:00Z,21297.0,21304.75,21254.25,21276.25,39153.0
2025-05-27T13:00:00Z,21276.75,21316.0,21193.25,21295.0,166483.0
2025-05-27T14:00:00Z,21294.25,21393.75,21292.0,21356.0,166660.0
2025-05-27T15:00:00Z,21355.75,21406.25,21353.0,21399.5,98428.0
2025-05-27T16:00:00Z,21399.75,21459.25,21396.0,21430.5,89664.0
2025-05-27T17:00:00Z,21430.5,21480.25,21430.0,21476.5,69640.0
2025-05-27T18:00:00Z,21477.0,21488.25,21440.5,21442.75,75530.0
2025-05-27T19:00:00Z,21442.5,21469.5,21413.0,21465.75,114338.0
2025-05-27T20:00:00Z,21465.5,21480.75,21444.0,21477.5,32960.0
2025-05-27T22:00:00Z,21478.5,21480.0,21452.25,21470.25,0.0
2025-05-27T23:00:00Z,21470.5,21484.75,21466.0,21470.5,13276.0
2025-05-28T00:00:00Z,21470.0,21473.0,21457.0,21469.25,12032.0
2025-05-28T01:00:00Z,21469.5,21484.0,21460.25,21462.5,11625.0
2025-05-28T02:00:00Z,21462.75,21474.5,21460.75,21465.0,7059.0
2025-05-28T03:00:00Z,21465.25,21477.0,21438.5,21443.25,11208.0
2025-05-28T04:00:00Z,21445.0,21447.75,21435.25,21438.75,8068.0
2025-05-28T05:00:00Z,21438.5,21462.75,21434.5,21452.25,12057.0
2025-05-28T06:00:00Z,21452.75,21462.25,21432.5,21436.25,12080.0
2025-05-28T07:00:00Z,21436.75,21458.5,21428.0,21433.0,18823.0
2025-05-28T08:00:00Z,21432.5,21443.0,21416.75,21419.5,16246.0
2025-05-28T09:00:00Z,21419.75,21432.0,21407.0,21430.0,16758.0
2025-05-28T10:00:00Z,21429.75,21518.0,21424.0,21517.0,31076.0
2025-05-28T11:00:00Z,21517.0,21523.5,21484.5,21503.5,29705.0
2025-05-28T12:00:00Z,21503.75,21537.75,21500.0,21506.5,35998.0
2025-05-28T13:00:00Z,21507.0,21564.75,21451.75,21466.75,176190.0
2025-05-28T14:00:00Z,21467.25,21487.75,21426.25,21432.25,157560.0
2025-05-28T15:00:00Z,21432.5,21477.5,21428.5,21437.0,109116.0
2025-05-28T16:00:00Z,21437.0,21481.25,21436.0,21464.75,70240.0
2025-05-28T17:00:00Z,21465.0,21491.25,21456.0,21469.75,63128.0
2025-05-28T18:00:00Z,21469.75,21502.5,21401.5,21469.0,102320.0
2025-05-28T19:00:00Z,21468.75,21514.0,21349.0,21372.75,161326.0
2025-05-28T20:00:00Z,21373.0,21528.75,21320.0,21379.75,78107.0
2025-05-28T22:00:00Z,21518.0,21597.25,21490.0,21587.75,0.0
2025-05-28T23:00:00Z,21685.25,21776.0,21666.25,21766.0,105815.0
2025-05-29T00:00:00Z,21766.25,21833.25,21709.25,21821.0,52155.0
2025-05-29T01:00:00Z,21821.0,21822.5,21752.5,21794.25,35778.0
2025-05-29T02:00:00Z,21794.75,21824.0,21782.0,21790.75,25577.0
2025-05-29T03:00:00Z,21790.5,21817.25,21779.25,21783.25,17385.0
2025-05-29T04:00:00Z,21794.5,21806.25,21775.75,21796.0,13309.0
2025-05-29T05:00:00Z,21796.5,21825.0,21791.5,21805.25,14923.0
2025-05-29T06:00:00Z,21804.75,21806.5,21765.5,21771.5,18283.0
2025-05-29T07:00:00Z,21771.25,21849.25,21746.25,21849.25,27501.0
2025-05-29T08:00:00Z,21849.5,21858.75,21775.5,21782.75,27900.0
2025-05-29T09:00:00Z,21782.0,21818.5,21773.75,21785.0,19638.0
2025-05-29T10:00:00Z,21786.0,21787.75,21710.5,21735.5,31512.0
2025-05-29T11:00:00Z,21735.75,21739.5,21648.75,21655.0,41716.0
2025-05-29T12:00:00Z,21655.0,21691.0,21620.0,21645.0,64781.0
2025-05-29T13:00:00Z,21645.0,21693.0,21485.75,21517.75,207478.0
2025-05-29T14:00:00Z,21517.75,21534.0,21380.25,21516.0,245195.0
2025-05-29T15:00:00Z,21515.0,21519.25,21325.5,21349.0,171130.0
2025-05-29T16:00:00Z,21348.25,21471.75,21301.0,21455.75,148582.0
2025-05-29T17:00:00Z,21456.25,21484.0,21367.75,21372.25,117700.0
2025-05-29T18:00:00Z,21372.5,21405.0,21317.0,21362.75,117258.0
2025-05-29T19:00:00Z,21363.25,21447.75,21336.25,21412.0,128989.0
2025-05-29T20:00:00Z,21411.5,21427.75,21369.0,21384.5,28053.0
2025-05-29T22:00:00Z,21370.75,21391.75,21335.25,21352.75,0.0
2025-05-29T23:00:00Z,21353.25,21369.5,21313.5,21317.0,21543.0
2025-05-30T00:00:00Z,21317.0,21357.0,21315.0,21340.5,19334.0
2025-05-30T01:00:00Z,21341.25,21348.25,21268.5,21342.25,34038.0
2025-05-30T02:00:00Z,21343.0,21362.5,21333.5,21359.25,14367.0
2025-05-30T03:00:00Z,21359.25,21365.0,21334.5,21343.75,11725.0
2025-05-30T04:00:00Z,21348.75,21355.75,21330.75,21349.25,11388.0
2025-05-30T05:00:00Z,21349.75,21412.5,21347.5,21387.25,20114.0
2025-05-30T06:00:00Z,21386.5,21398.0,21333.0,21336.75,21012.0
2025-05-30T07:00:00Z,21337.0,21382.25,21319.25,21362.75,24065.0
2025-05-30T08:00:00Z,21362.5,21396.0,21352.75,21360.25,18973.0
2025-05-30T09:00:00Z,21360.75,21395.25,21356.75,21363.0,12004.0
2025-05-30T10:00:00Z,21363.75,21390.0,21349.0,21384.0,13918.0
2025-05-30T11:00:00Z,21384.25,21421.5,21376.75,21388.0,21037.0
2025-05-30T12:00:00Z,21388.0,21420.0,21226.0,21335.5,100212.0
2025-05-30T13:00:00Z,21335.25,21390.75,21234.75,21260.0,177159.0
2025-05-30T14:00:00Z,21258.75,21399.5,21256.75,21354.5,186873.0
2025-05-30T15:00:00Z,21355.25,21379.0,21288.0,21323.0,151411.0
2025-05-30T16:00:00Z,21323.75,21337.0,21071.5,21109.0,228885.0
2025-05-30T17:00:00Z,21108.75,21213.75,21089.25,21176.25,136655.0
2025-05-30T18:00:00Z,21176.5,21307.0,21174.75,21301.0,124691.0
2025-05-30T19:00:00Z,21300.75,21433.25,21295.5,21369.5,185643.0
2025-05-30T20:00:00Z,21369.0,21405.75,21330.0,21369.0,39493.0
2025-06-01T22:00:00Z,21304.5,21348.5,21297.5,21314.0,24842.0
2025-06-01T23:00:00Z,21313.75,21317.0,21276.75,21303.5,21766.0
2025-06-02T00:00:00Z,21303.75,21326.0,21284.5,21294.5,22592.0
2025-06-02T01:00:00Z,21295.0,21313.25,21267.0,21278.25,18496.0
2025-06-02T02:00:00Z,21278.25,21285.0,21256.25,21264.0,17465.0
2025-06-02T03:00:00Z,21264.25,21266.0,21228.0,21235.5,20087.0
2025-06-02T04:00:00Z,21231.25,21254.5,21218.5,21236.0,12736.0
2025-06-02T05:00:00Z,21236.25,21251.0,21213.0,21231.25,14378.0
2025-06-02T06:00:00Z,21231.25,21248.5,21198.0,21228.75,18671.0
2025-06-02T07:00:00Z,21228.0,21268.0,21163.0,21211.75,34904.0
2025-06-02T08:00:00Z,21211.0,21263.25,21206.25,21235.75,22965.0
2025-06-02T09:00:00Z,21235.5,21242.25,21200.25,21225.25,19429.0
2025-06-02T10:00:00Z,21225.75,21253.75,21214.5,21250.0,18159.0
2025-06-02T11:00:00Z,21250.0,21291.5,21238.25,21256.0,23580.0
2025-06-02T12:00:00Z,21256.5,21294.75,21240.0,21285.5,32806.0
2025-06-02T13:00:00Z,21284.5,21458.0,21257.25,21308.0,180137.0
2025-06-02T14:00:00Z,21307.75,21418.75,21234.5,21396.25,217647.0
2025-06-02T15:00:00Z,21397.25,21444.75,21355.75,21434.5,118434.0
2025-06-02T16:00:00Z,21434.0,21454.5,21401.0,21446.5,75594.0
2025-06-02T17:00:00Z,21446.5,21475.25,21424.5,21445.5,66948.0
2025-06-02T18:00:00Z,21445.5,21526.0,21426.75,21517.0,86341.0
2025-06-02T19:00:00Z,21517.5,21543.75,21495.75,21533.75,83367.0
2025-06-02T20:00:00Z,21533.75,21576.75,21527.5,21554.75,32002.0
2025-06-02T22:00:00Z,21551.75,21554.75,21515.0,21519.5,0.0
2025-06-02T23:00:00Z,21519.25,21544.75,21466.0,21494.75,27750.0
2025-06-03T00:00:00Z,21495.75,21502.75,21474.0,21483.75,13686.0
2025-06-03T01:00:00Z,21483.25,21500.25,21476.75,21486.75,11828.0
2025-06-03T02:00:00Z,21487.0,21490.75,21445.25,21468.0,17132.0
2025-06-03T03:00:00Z,21467.5,21468.25,21437.25,21460.5,11920.0
2025-06-03T04:00:00Z,21456.5,21460.5,21444.75,21453.25,6803.0
2025-06-03T05:00:00Z,21453.25,21472.75,21451.75,21464.25,9007.0
2025-06-03T06:00:00Z,21464.5,21477.0,21438.25,21469.5,12787.0
2025-06-03T07:00:00Z,21469.5,21481.0,21404.25,21439.0,29839.0
2025-06-03T08:00:00Z,21439.0,21448.75,21398.25,21443.75,21004.0
2025-06-03T09:00:00Z,21443.75,21465.0,21429.75,21450.25,15190.0
2025-06-03T10:00:00Z,21451.0,21494.5,21437.25,21494.5,17720.0
2025-06-03T11:00:00Z,21494.5,21534.75,21483.5,21527.0,25495.0
2025-06-03T12:00:00Z,21527.25,21543.75,21503.25,21535.0,36248.0
2025-06-03T13:00:00Z,21534.5,21606.0,21510.0,21589.25,161794.0
2025-06-03T14:00:00Z,21593.5,21663.5,21557.5,21661.0,188650.0
2025-06-03T15:00:00Z,21661.0,21690.25,21652.25,21684.25,104422.0
2025-06-03T16:00:00Z,21684.5,21747.75,21675.0,21738.25,87214.0
2025-06-03T17:00:00Z,21738.25,21759.75,21715.25,21717.5,71760.0
2025-06-03T18:00:00Z,21718.25,21721.5,21635.0,21710.5,124251.0
2025-06-03T19:00:00Z,21710.75,21726.0,21664.75,21704.0,103889.0
2025-06-03T20:00:00Z,21704.0,21706.25,21665.75,21688.0,30185.0
2025-06-03T22:00:00Z,21685.75,21721.5,21681.0,21709.25,0.0
2025-06-03T23:00:00Z,21708.75,21719.5,21691.5,21705.25,12827.0
2025-06-04T00:00:00Z,21705.5,21727.0,21691.75,21699.75,14363.0
2025-06-04T01:00:00Z,21700.0,21710.75,21671.5,21681.25,13774.0
2025-06-04T02:00:00Z,21682.0,21686.5,21667.0,21673.5,12092.0
2025-06-04T03:00:00Z,21673.25,21683.25,21670.0,21679.75,5861.0
2025-06-04T04:00:00Z,21678.5,21696.25,21675.75,21678.0,7453.0
2025-06-04T05:00:00Z,21677.5,21696.0,21673.0,21694.75,7780.0
2025-06-04T06:00:00Z,21695.0,21715.0,21680.0,21691.5,15620.0
2025-06-04T07:00:00Z,21691.75,21722.25,21674.5,21721.0,16645.0
2025-06-04T08:00:00Z,21720.5,21746.75,21715.0,21717.5,20604.0
2025-06-04T09:00:00Z,21718.25,21745.75,21717.0,21737.25,11966.0
2025-06-04T10:00:00Z,21736.75,21763.0,21720.0,21749.75,18101.0
2025-06-04T11:00:00Z,21749.75,21756.25,21727.0,21747.25,16972.0
2025-06-04T12:00:00Z,21747.75,21768.25,21655.25,21709.0,68756.0
2025-06-04T13:00:00Z,21709.0,21790.5,21699.25,21750.0,148745.0
2025-06-04T14:00:00Z,21712.0,21763.75,21641.0,21761.0,236239.0
2025-06-04T15:00:00Z,21761.0,21784.75,21731.5,21754.25,122914.0
2025-06-04T16:00:00Z,21754.0,21757.0,21706.0,21753.75,95450.0
2025-06-04T17:00:00Z,21754.5,21791.0,21752.5,21786.25,68169.0
2025-06-04T18:00:00Z,21786.0,21802.75,21771.5,21782.5,77064.0
2025-06-04T19:00:00Z,21783.0,21799.0,21748.25,21757.25,93579.0
2025-06-04T20:00:00Z,21757.25,21767.0,21740.75,21747.5,25421.0
2025-06-04T22:00:00Z,21745.25,21774.25,21712.0,21750.5,0.0
2025-06-04T23:00:00Z,21750.0,21758.5,21737.0,21741.25,8882.0
2025-06-05T00:00:00Z,21742.0,21766.75,21737.5,21745.75,11220.0
2025-06-05T01:00:00Z,21745.25,21758.0,21731.75,21756.0,11593.0
2025-06-05T02:00:00Z,21756.75,21758.75,21736.5,21745.25,8367.0
2025-06-05T03:00:00Z,21745.75,21755.0,21741.75,21750.0,5695.0
2025-06-05T04:00:00Z,21747.75,21759.75,21745.0,21748.25,5324.0
2025-06-05T05:00:00Z,21748.0,21749.25,21723.25,21734.25,9176.0
2025-06-05T06:00:00Z,21734.0,21744.0,21723.5,21738.75,9068.0
2025-06-05T07:00:00Z,21739.25,21837.25,21738.5,21813.0,32832.0
2025-06-05T08:00:00Z,21813.0,21842.5,21777.25,21790.0,22875.0
2025-06-05T09:00:00Z,21789.25,21791.75,21765.25,21776.5,18128.0
2025-06-05T10:00:00Z,21775.75,21804.5,21753.75,21777.0,20620.0
2025-06-05T11:00:00Z,21776.5,21780.5,21745.25,21767.75,21919.0
2025-06-05T12:00:00Z,21767.75,21899.0,21712.5,21801.25,69701.0
2025-06-05T13:00:00Z,21800.5,21840.0,21691.75,21723.5,205976.0
2025-06-05T14:00:00Z,21723.75,21878.5,21700.75,21857.5,266309.0
2025-06-05T15:00:00Z,21857.5,21936.25,21844.5,21920.0,126025.0
2025-06-05T16:00:00Z,21920.25,21923.0,21670.5,21687.5,184165.0
2025-06-05T17:00:00Z,21687.25,21789.75,21660.0,21729.5,117380.0
2025-06-05T18:00:00Z,21729.75,21740.25,21606.5,21686.5,150090.0
2025-06-05T19:00:00Z,21686.5,21698.5,21503.5,21588.25,240816.0
2025-06-05T20:00:00Z,21587.5,21619.25,21510.25,21514.75,50678.0
2025-06-05T21:00:00Z,21513.5,21513.5,21513.5,21513.5,1.0
2025-06-05T22:00:00Z,21487.5,21560.75,21471.0,21558.5,0.0
2025-06-05T23:00:00Z,21558.25,21571.25,21539.25,21546.0,19628.0
2025-06-06T00:00:00Z,21545.25,21587.5,21544.0,21571.0,19325.0
2025-06-06T01:00:00Z,21571.5,21600.75,21564.0,21585.0,15853.0
2025-06-06T02:00:00Z,21584.5,21591.5,21572.0,21589.0,8817.0
2025-06-06T03:00:00Z,21588.75,21618.0,21579.25,21608.75,9776.0
2025-06-06T04:00:00Z,21607.25,21651.25,21602.25,21649.25,12057.0
2025-06-06T05:00:00Z,21649.25,21669.75,21647.5,21657.5,12789.0
2025-06-06T06:00:00Z,21657.75,21688.5,21629.25,21667.5,19928.0
2025-06-06T07:00:00Z,21667.75,21680.5,21650.5,21660.5,16323.0
2025-06-06T08:00:00Z,21660.75,21672.0,21638.0,21661.75,16963.0
2025-06-06T09:00:00Z,21661.75,21691.25,21651.0,21685.5,14512.0
2025-06-06T10:00:00Z,21685.0,21695.0,21655.0,21656.75,15011.0
2025-06-06T11:00:00Z,21657.25,21684.5,21644.5,21671.0,22883.0
2025-06-06T12:00:00Z,21670.75,21784.5,21662.0,21761.5,66629.0
2025-06-06T13:00:00Z,21761.0,21863.5,21746.25,21819.5,181275.0
2025-06-06T14:00:00Z,21840.75,21845.25,21763.75,21819.75,180292.0
2025-06-06T15:00:00Z,21819.5,21870.25,21743.25,21806.25,169640.0
2025-06-06T16:00:00Z,21806.5,21833.75,21721.5,21755.75,104739.0
2025-06-06T17:00:00Z,21755.5,21827.0,21736.5,21821.5,76168.0
2025-06-06T18:00:00Z,21822.25,21880.0,21821.5,21835.0,95033.0
2025-06-06T19:00:00Z,21834.5,21847.5,21784.5,21788.5,98038.0
2025-06-06T20:00:00Z,21789.25,21819.75,21780.25,21809.75,21306.0
2025-06-08T22:00:00Z,21799.25,21821.0,21730.0,21741.75,29100.0
2025-06-08T23:00:00Z,21741.5,21772.75,21726.75,21761.75,20075.0
2025-06-09T00:00:00Z,21762.5,21783.25,21744.5,21748.0,19687.0
2025-06-09T01:00:00Z,21748.75,21752.0,21731.5,21743.0,12297.0
2025-06-09T02:00:00Z,21742.0,21755.75,21716.5,21741.25,17186.0
2025-06-09T03:00:00Z,21741.0,21747.25,21726.25,21745.0,8842.0
2025-06-09T04:00:00Z,21743.75,21753.0,21730.0,21746.5,10561.0
2025-06-09T05:00:00Z,21746.25,21748.75,21729.25,21745.75,8697.0
2025-06-09T06:00:00Z,21746.75,21768.0,21732.0,21766.75,13008.0
2025-06-09T07:00:00Z,21766.5,21796.0,21750.0,21794.0,19164.0
2025-06-09T08:00:00Z,21794.5,21800.25,21758.5,21791.5,21709.0
2025-06-09T09:00:00Z,21792.0,21794.25,21773.5,21780.0,11016.0
2025-06-09T10:00:00Z,21779.5,21791.0,21763.5,21774.75,10803.0
2025-06-09T11:00:00Z,21774.75,21824.0,21772.0,21810.75,27442.0
2025-06-09T12:00:00Z,21810.75,21817.5,21790.5,21797.25,22785.0
2025-06-09T13:00:00Z,21797.25,21820.0,21756.5,21786.25,140750.0
2025-06-09T14:00:00Z,21787.0,21892.5,21787.0,21842.25,163930.0
2025-06-09T15:00:00Z,21842.5,21869.0,21813.25,21839.0,104962.0
2025-06-09T16:00:00Z,21839.25,21884.25,21815.5,21870.0,78261.0
2025-06-09T17:00:00Z,21869.75,21881.75,21834.25,21867.25,78281.0
2025-06-09T18:00:00Z,21867.0,21878.75,21841.25,21869.0,54788.0
2025-06-09T19:00:00Z,21869.5,21875.5,21813.75,21818.75,90732.0
2025-06-09T20:00:00Z,21818.0,21825.0,21796.5,21821.5,24307.0
2025-06-09T22:00:00Z,21822.0,21844.0,21822.0,21825.25,0.0
2025-06-09T23:00:00Z,21825.75,21837.75,21825.25,21832.0,7005.0
2025-06-10T00:00:00Z,21833.0,21873.25,21815.0,21863.5,19360.0
2025-06-10T01:00:00Z,21863.75,21973.5,21863.0,21967.0,40881.0
2025-06-10T02:00:00Z,21966.5,21968.5,21944.25,21948.0,16073.0
2025-06-10T03:00:00Z,21948.0,21951.25,21932.25,21937.0,9167.0
2025-06-10T04:00:00Z,21929.75,21932.75,21911.75,21917.5,11340.0
2025-06-10T05:00:00Z,21917.0,21930.75,21756.5,21828.75,70003.0
2025-06-10T06:00:00Z,21829.25,21839.5,21804.75,21808.5,22467.0
2025-06-10T07:00:00Z,21808.75,21827.25,21732.0,21796.25,37641.0
2025-06-10T08:00:00Z,21800.75,21822.25,21760.5,21813.0,24364.0
2025-06-10T09:00:00Z,21812.75,21841.75,21805.75,21829.5,12962.0
2025-06-10T10:00:00Z,21828.25,21857.75,21827.75,21840.75,15421.0
2025-06-10T11:00:00Z,21841.5,21858.75,21804.5,21857.25,24173.0
2025-06-10T12:00:00Z,21857.25,21867.5,21847.5,21854.75,19877.0
2025-06-10T13:00:00Z,21854.75,21893.25,21818.0,21857.75,160939.0
2025-06-10T14:00:00Z,21857.0,21889.5,21847.75,21865.25,117487.0
2025-06-10T15:00:00Z,21852.0,21878.75,21743.0,21874.75,171244.0
2025-06-10T16:00:00Z,21874.5,21917.0,21871.25,21909.75,83328.0
2025-06-10T17:00:00Z,21909.75,21930.5,21867.5,21873.75,84824.0
2025-06-10T18:00:00Z,21873.0,21967.25,21821.0,21948.75,119507.0
2025-06-10T19:00:00Z,21949.25,21992.25,21910.75,21964.75,133479.0
2025-06-10T20:00:00Z,21964.75,21969.75,21935.5,21951.5,25278.0
2025-06-10T22:00:00Z,21950.75,21984.0,21936.0,21972.5,0.0
2025-06-10T23:00:00Z,21973.25,22002.0,21915.75,21954.75,31923.0
2025-06-11T00:00:00Z,21954.25,21967.0,21911.5,21914.25,23955.0
2025-06-11T01:00:00Z,21914.75,21924.75,21881.75,21907.75,22767.0
2025-06-11T02:00:00Z,21908.25,21912.0,21891.75,21895.0,9515.0
2025-06-11T03:00:00Z,21895.0,21910.25,21886.25,21907.0,9768.0
2025-06-11T04:00:00Z,21903.0,21917.5,21872.5,21877.0,8588.0
2025-06-11T05:00:00Z,21884.0,21900.5,21866.25,21881.5,29509.0
2025-06-11T06:00:00Z,21881.0,21905.75,21877.25,21896.25,26006.0
2025-06-11T07:00:00Z,21896.25,21934.75,21892.5,21928.75,38380.0
2025-06-11T08:00:00Z,21929.0,21959.75,21919.75,21942.75,34888.0
2025-06-11T09:00:00Z,21942.25,21948.75,21914.75,21916.75,22464.0
2025-06-11T10:00:00Z,21916.75,21937.75,21908.75,21929.5,28338.0
2025-06-11T11:00:00Z,21929.0,21940.5,21881.5,21930.25,54148.0
2025-06-11T12:00:00Z,21930.75,22094.0,21886.75,22029.0,235666.0
2025-06-11T13:00:00Z,22028.75,22043.25,21915.0,21980.25,373898.0
2025-06-11T14:00:00Z,21981.5,22062.5,21970.0,22059.5,288126.0
2025-06-11T15:00:00Z,22058.75,22066.75,21976.0,21993.75,304820.0
2025-06-11T16:00:00Z,21994.75,22007.5,21907.25,21977.75,283658.0
2025-06-11T17:00:00Z,21977.5,22019.25,21910.5,21917.5,207976.0
2025-06-11T18:00:00Z,21917.25,21930.5,21790.25,21861.0,506236.0
2025-06-11T19:00:00Z,21861.25,21892.25,21823.0,21887.5,324554.0
2025-06-11T20:00:00Z,21887.75,21911.0,21870.75,21882.75,49512.0
2025-06-11T22:00:00Z,21871.0,21895.0,21827.0,21836.25,0.0
2025-06-11T23:00:00Z,21836.25,21865.75,21818.75,21838.5,39008.0
2025-06-12T00:00:00Z,21838.25,21848.5,21783.25,21800.75,62474.0
2025-06-12T01:00:00Z,21801.75,21814.0,21753.5,21786.5,58136.0
2025-06-12T02:00:00Z,21786.75,21794.75,21772.75,21786.5,27902.0
2025-06-12T03:00:00Z,21787.0,21824.5,21783.75,21808.25,25584.0
2025-06-12T04:00:00Z,21816.5,21831.25,21802.75,21830.25,10909.0
2025-06-12T05:00:00Z,21830.0,21840.0,21805.5,21827.25,13862.0
2025-06-12T06:00:00Z,21826.5,21847.5,21809.0,21839.0,14940.0
2025-06-12T07:00:00Z,21839.5,21858.75,21757.75,21775.0,32426.0
2025-06-12T08:00:00Z,21775.25,21804.0,21716.5,21798.5,41337.0
2025-06-12T09:00:00Z,21799.5,21843.0,21791.0,21810.25,24093.0
2025-06-12T10:00:00Z,21809.75,21823.0,21763.5,21805.0,27581.0
2025-06-12T11:00:00Z,21804.25,21806.75,21735.0,21739.5,30205.0
2025-06-12T12:00:00Z,21739.5,21848.0,21720.0,21835.25,54610.0
2025-06-12T13:00:00Z,21836.5,21892.0,21816.0,21857.75,158555.0
2025-06-12T14:00:00Z,21857.25,21948.25,21839.75,21933.5,165201.0
2025-06-12T15:00:00Z,21934.25,21977.5,21881.75,21922.5,161089.0
2025-06-12T16:00:00Z,21922.25,21968.5,21901.75,21923.75,125873.0
2025-06-12T17:00:00Z,21924.25,21967.5,21917.25,21936.5,70586.0
2025-06-12T18:00:00Z,21936.5,21950.0,21903.5,21937.5,76634.0
2025-06-12T19:00:00Z,21937.0,21953.0,21892.0,21937.0,81038.0
2025-06-12T20:00:00Z,21938.5,21946.75,21907.25,21908.25,24714.0
2025-06-12T22:00:00Z,21911.0,21920.0,21863.0,21880.75,0.0
2025-06-12T23:00:00Z,21880.25,21889.5,21784.0,21784.0,24163.0
2025-06-13T00:00:00Z,21785.0,21793.25,21526.25,21567.5,155906.0
2025-06-13T01:00:00Z,21567.25,21619.75,21489.0,21612.75,69050.0
2025-06-13T02:00:00Z,21612.25,21614.5,21470.75,21531.75,50714.0
2025-06-13T03:00:00Z,21531.25,21583.0,21523.5,21573.5,29064.0
2025-06-13T04:00:00Z,21543.75,21556.75,21507.0,21543.0,19896.0
2025-06-13T05:00:00Z,21544.0,21570.75,21522.75,21569.75,17816.0
2025-06-13T06:00:00Z,21569.5,21612.5,21563.0,21606.75,31125.0
2025-06-13T07:00:00Z,21606.5,21652.0,21587.75,21637.5,32359.0
2025-06-13T08:00:00Z,21637.25,21664.0,21582.5,21600.0,29797.0
2025-06-13T09:00:00Z,21600.0,21644.0,21576.5,21621.5,26734.0
2025-06-13T10:00:00Z,21621.75,21655.0,21593.0,21652.25,21136.0
2025-06-13T11:00:00Z,21652.5,21702.25,21642.0,21684.5,33057.0
2025-06-13T12:00:00Z,21684.5,21701.0,21642.75,21658.25,34891.0
2025-06-13T13:00:00Z,21657.75,21796.25,21626.0,21728.75,176060.0
2025-06-13T14:00:00Z,21731.25,21780.75,21617.5,21743.0,234424.0
2025-06-13T15:00:00Z,21743.75,21842.75,21735.5,21833.5,130831.0
2025-06-13T16:00:00Z,21832.75,21855.75,21798.5,21827.5,87204.0
2025-06-13T17:00:00Z,21827.5,21834.5,21749.75,21788.0,102033.0
2025-06-13T18:00:00Z,21788.25,21805.0,21602.5,21668.5,176313.0
2025-06-13T19:00:00Z,21668.0,21693.0,21601.25,21653.0,150004.0
2025-06-13T20:00:00Z,21652.5,21679.0,21641.0,21654.0,28887.0
2025-06-15T22:00:00Z,21566.5,21690.0,21505.0,21650.0,23752.0
2025-06-15T23:00:00Z,21650.0,21702.25,21612.0,21687.25,19170.0
2025-06-16T00:00:00Z,21687.25,21708.0,21659.75,21693.75,13126.0
2025-06-16T01:00:00Z,21693.5,21699.75,21665.5,21687.25,6716.0
2025-06-16T02:00:00Z,21687.75,21721.0,21680.75,21704.5,7347.0
2025-06-16T03:00:00Z,21703.75,21708.75,21679.5,21693.0,4930.0
2025-06-16T04:00:00Z,21691.25,21702.75,21669.0,21681.25,5114.0
2025-06-16T05:00:00Z,21681.0,21740.75,21680.75,21717.0,8864.0
2025-06-16T06:00:00Z,21715.25,21756.25,21706.0,21744.75,7420.0
2025-06-16T07:00:00Z,21744.75,21788.0,21740.0,21783.75,12273.0
2025-06-16T08:00:00Z,21784.0,22013.25,21750.25,22004.5,12824.0
2025-06-16T09:00:00Z,22004.0,22011.5,21732.25,21747.5,3394.0
2025-06-16T10:00:00Z,21748.25,22004.75,21740.75,22004.75,18243.0
2025-06-16T11:00:00Z,22004.0,22033.25,21751.75,22033.0,14609.0
2025-06-16T12:00:00Z,21810.5,22062.75,21800.25,22035.5,19797.0
2025-06-16T13:00:00Z,22036.0,22168.0,21790.25,22151.5,112959.0
2025-06-16T14:00:00Z,22152.0,22216.5,21919.5,22184.0,100753.0
2025-06-16T15:00:00Z,22183.75,22224.5,21930.0,21945.0,0.0
2025-06-16T16:00:00Z,21946.5,22195.25,21917.5,22164.0,211396.0
2025-06-16T17:00:00Z,22164.25,22209.75,21923.25,22165.25,52954.0
2025-06-16T18:00:00Z,21938.75,22184.5,21910.5,22166.5,46252.0
2025-06-16T19:00:00Z,21940.25,22185.0,21915.0,22176.0,78213.0
2025-06-16T20:00:00Z,22176.0,22186.75,21934.0,22163.25,16524.0
2025-06-16T22:00:00Z,22163.5,22177.5,21841.0,21859.75,0.0
2025-06-16T23:00:00Z,22085.0,22117.5,21791.0,22016.0,63782.0
2025-06-17T00:00:00Z,21792.25,22093.0,21777.0,21861.25,0.0
2025-06-17T01:00:00Z,22089.75,22102.25,21816.5,22081.0,92966.0
2025-06-17T02:00:00Z,22081.25,22117.25,21793.75,22112.5,25495.0
2025-06-17T03:00:00Z,21883.75,22114.75,21830.75,22078.0,16899.0
2025-06-17T04:00:00Z,22091.75,22093.5,21826.5,22069.25,11584.0
2025-06-17T05:00:00Z,22069.75,22095.25,21831.0,22081.75,11613.0
2025-06-17T06:00:00Z,22082.25,22123.25,21833.75,22065.75,16908.0
2025-06-17T07:00:00Z,22065.0,22089.25,21781.0,21814.75,0.0
2025-06-17T08:00:00Z,21815.0,22083.5,21798.0,22065.75,169814.0
2025-06-17T09:00:00Z,22065.0,22085.0,21793.75,21807.75,0.0
2025-06-17T10:00:00Z,21808.0,22051.5,21771.0,22039.75,195451.0
2025-06-17T11:00:00Z,21812.5,22075.0,21804.0,22072.25,16166.0
2025-06-17T12:00:00Z,21846.5,22098.0,21814.75,22052.0,30549.0
2025-06-17T13:00:00Z,22051.75,22110.0,21802.5,22095.0,131139.0
2025-06-17T14:00:00Z,22095.25,22133.75,21843.5,22076.0,137881.0
2025-06-17T15:00:00Z,21849.5,22136.5,21846.5,22097.5,109554.0
2025-06-17T16:00:00Z,21872.75,22135.0,21801.0,21811.5,0.0
2025-06-17T17:00:00Z,21810.75,22057.75,21718.0,21961.5,758936.0
2025-06-17T18:00:00Z,21737.5,21978.75,21683.75,21751.0,0.0
2025-06-17T19:00:00Z,21752.0,22001.5,21719.5,21956.5,909417.0
2025-06-17T20:00:00Z,21956.75,21983.0,21712.0,21953.25,24124.0
2025-06-17T22:00:00Z,21937.5,21941.75,21641.0,21650.0,0.0
2025-06-17T23:00:00Z,21649.75,21923.75,21639.5,21901.0,38861.0
2025-06-18T00:00:00Z,21908.25,21988.0,21905.5,21978.0,31798.0
2025-06-18T01:00:00Z,21977.5,22011.0,21962.5,21974.0,21676.0
2025-06-18T02:00:00Z,21974.5,22003.0,21963.75,21977.5,12525.0
2025-06-18T03:00:00Z,21977.0,21984.5,21967.0,21969.0,9296.0
2025-06-18T04:00:00Z,21979.25,21987.25,21944.5,21980.0,11552.0
2025-06-18T05:00:00Z,21979.75,21997.25,21977.0,21988.25,8139.0
2025-06-18T06:00:00Z,21988.25,22030.5,21981.25,22003.0,16313.0
2025-06-18T07:00:00Z,22004.25,22031.75,21997.5,22013.75,17213.0
2025-06-18T08:00:00Z,22014.5,22037.25,22009.0,22031.5,12967.0
2025-06-18T09:00:00Z,22032.25,22065.25,22028.75,22031.75,15529.0
2025-06-18T10:00:00Z,22031.25,22035.5,21952.5,21957.5,25074.0
2025-06-18T11:00:00Z,21957.5,22030.5,21952.0,22007.5,25983.0
2025-06-18T12:00:00Z,22007.5,22020.0,21980.0,21987.0,23654.0
2025-06-18T13:00:00Z,21987.0,22025.75,21926.5,22001.0,123850.0
2025-06-18T14:00:00Z,22001.25,22098.75,21980.5,22079.0,153810.0
2025-06-18T15:00:00Z,22082.75,22085.0,22034.0,22039.0,90911.0
2025-06-18T16:00:00Z,22038.75,22065.5,22021.0,22028.0,69663.0
2025-06-18T17:00:00Z,22028.0,22042.0,21940.0,22031.75,86234.0
2025-06-18T18:00:00Z,22032.0,22083.0,21891.0,21917.5,204051.0
2025-06-18T19:00:00Z,21918.0,22013.0,21883.0,21948.5,205182.0
2025-06-18T20:00:00Z,21948.25,21978.25,21947.25,21961.25,21535.0
2025-06-18T22:00:00Z,21960.25,21971.25,21911.0,21937.75,0.0
2025-06-18T23:00:00Z,21937.0,21954.25,21921.5,21948.75,11621.0
2025-06-19T00:00:00Z,21948.25,21952.75,21848.0,21892.5,29354.0
2025-06-19T01:00:00Z,21892.75,21894.0,21790.25,21840.0,32906.0
2025-06-19T02:00:00Z,21839.75,21869.0,21822.25,21844.5,13321.0
2025-06-19T03:00:00Z,21845.25,21889.75,21844.75,21883.25,11205.0
2025-06-19T04:00:00Z,21885.0,21903.75,21875.5,21898.25,9214.0
2025-06-19T05:00:00Z,21898.5,21899.0,21847.5,21852.25,10160.0
2025-06-19T06:00:00Z,21851.75,21874.5,21818.0,21851.0,19939.0
2025-06-19T07:00:00Z,21851.5,21871.75,21783.0,21795.25,26088.0
2025-06-19T08:00:00Z,21795.5,21839.75,21795.0,21826.25,14981.0
2025-06-19T09:00:00Z,21827.25,21851.0,21824.0,21832.5,10632.0
2025-06-19T10:00:00Z,21832.5,21856.5,21821.0,21846.0,10963.0
2025-06-19T11:00:00Z,21846.5,21849.25,21786.75,21814.5,18005.0
2025-06-19T12:00:00Z,21813.75,21825.0,21743.5,21763.5,28635.0
2025-06-19T13:00:00Z,21763.25,21787.0,21650.25,21684.75,71673.0
2025-06-19T14:00:00Z,21685.25,21733.0,21671.25,21726.0,59967.0
2025-06-19T15:00:00Z,21726.5,21740.0,21676.5,21680.25,51517.0
2025-06-19T16:00:00Z,21680.25,21742.0,21678.25,21704.25,28664.0
2025-06-19T22:00:00Z,21736.25,21926.0,21736.0,21894.25,47826.0
2025-06-19T23:00:00Z,21894.75,21905.5,21870.75,21887.0,24024.0
2025-06-20T00:00:00Z,21887.0,21928.25,21880.75,21887.75,26070.0
2025-06-20T01:00:00Z,21888.0,21895.5,21846.5,21874.75,25462.0
2025-06-20T02:00:00Z,21875.75,21904.0,21867.5,21893.0,12164.0
2025-06-20T03:00:00Z,21893.0,21913.5,21883.0,21899.25,11757.0
2025-06-20T04:00:00Z,21901.25,21922.0,21894.25,21908.25,8589.0
2025-06-20T05:00:00Z,21908.25,21924.0,21890.25,21922.75,12999.0
2025-06-20T06:00:00Z,21922.25,21944.5,21897.75,21906.75,23718.0
2025-06-20T07:00:00Z,21906.0,21931.75,21892.75,21924.75,18358.0
2025-06-20T08:00:00Z,21925.25,21949.5,21858.5,21865.0,27940.0
2025-06-20T09:00:00Z,21865.5,21907.25,21863.75,21900.0,19148.0
2025-06-20T10:00:00Z,21899.5,21910.75,21882.75,21899.0,15234.0
2025-06-20T11:00:00Z,21898.75,22006.25,21895.75,21967.0,43355.0
2025-06-20T12:00:00Z,21967.75,22039.5,21965.25,22029.75,45239.0
2025-06-20T13:00:00Z,22029.75,22130.75,22010.25,22018.5,197844.0
2025-06-20T14:00:00Z,22018.5,22030.0,21797.75,21819.25,307701.0
2025-06-20T15:00:00Z,21819.0,21922.25,21775.75,21848.0,181631.0
2025-06-20T16:00:00Z,21848.25,21902.5,21834.0,21884.0,121746.0
2025-06-20T17:00:00Z,21884.0,21916.5,21760.0,21838.75,149727.0
2025-06-20T18:00:00Z,21838.75,21900.75,21807.75,21816.5,106517.0
2025-06-20T19:00:00Z,21816.5,21860.0,21798.0,21842.75,119994.0
2025-06-20T20:00:00Z,21843.25,21911.0,21837.5,21874.0,34590.0
2025-06-22T22:00:00Z,21648.25,21786.0,21562.0,21758.25,57325.0
2025-06-22T23:00:00Z,21758.0,21771.5,21726.0,21760.75,23907.0
2025-06-23T00:00:00Z,21760.75,21761.5,21707.25,21731.0,29572.0
2025-06-23T01:00:00Z,21731.75,21752.0,21711.75,21739.25,18238.0
2025-06-23T02:00:00Z,21740.0,21771.5,21737.25,21758.75,15845.0
2025-06-23T03:00:00Z,21758.5,21773.25,21755.0,21761.5,9059.0
2025-06-23T04:00:00Z,21767.5,21775.75,21757.0,21764.75,7958.0
2025-06-23T05:00:00Z,21764.75,21817.5,21764.0,21809.0,18048.0
2025-06-23T06:00:00Z,21809.5,21832.0,21798.0,21819.0,17972.0
2025-06-23T07:00:00Z,21819.75,21905.0,21819.0,21896.75,37145.0
2025-06-23T08:00:00Z,21895.75,21944.75,21879.25,21907.0,29091.0
2025-06-23T09:00:00Z,21906.75,21934.25,21881.5,21883.5,20692.0
2025-06-23T10:00:00Z,21883.75,21924.75,21846.0,21857.5,30648.0
2025-06-23T11:00:00Z,21858.25,21864.25,21775.5,21824.75,41371.0
2025-06-23T12:00:00Z,21825.75,21886.25,21817.0,21882.75,32765.0
2025-06-23T13:00:00Z,21883.25,21929.25,21758.5,21925.25,169277.0
2025-06-23T14:00:00Z,21925.25,22018.0,21925.25,21952.75,186105.0
2025-06-23T15:00:00Z,21967.5,22004.0,21922.5,21938.25,126415.0
2025-06-23T16:00:00Z,21938.75,21945.5,21738.5,21840.75,267788.0
2025-06-23T17:00:00Z,21841.0,22082.75,21821.75,22051.25,205394.0
2025-06-23T18:00:00Z,22051.75,22090.0,22021.5,22036.25,88416.0
2025-06-23T19:00:00Z,22036.25,22093.0,22024.5,22073.25,102965.0
2025-06-23T20:00:00Z,22072.5,22085.5,22052.25,22072.0,27518.0
2025-06-23T22:00:00Z,22077.25,22218.0,22064.5,22204.5,0.0
2025-06-23T23:00:00Z,22204.5,22256.25,22200.25,22236.25,34955.0
2025-06-24T00:00:00Z,22237.0,22248.5,22194.0,22228.0,27816.0
2025-06-24T01:00:00Z,22227.0,22272.0,22214.0,22265.25,19822.0
2025-06-24T02:00:00Z,22265.0,22268.5,22215.25,22235.0,21400.0
2025-06-24T03:00:00Z,22234.25,22252.0,22229.25,22248.75,8818.0
2025-06-24T04:00:00Z,22245.0,22248.75,22220.25,22242.75,9892.0
2025-06-24T05:00:00Z,22243.25,22303.0,22241.75,22294.5,18355.0
2025-06-24T06:00:00Z,22294.25,22371.5,22294.25,22359.5,35868.0
2025-06-24T07:00:00Z,22359.75,22383.25,22262.5,22306.0,54365.0
2025-06-24T08:00:00Z,22306.5,22333.75,22289.75,22303.5,27777.0
2025-06-24T09:00:00Z,22303.5,22352.25,22303.25,22314.25,17479.0
2025-06-24T10:00:00Z,22313.5,22322.5,22280.0,22285.5,21586.0
2025-06-24T11:00:00Z,22285.25,22311.25,22251.25,22305.5,34428.0
2025-06-24T12:00:00Z,22305.0,22314.75,22258.25,22286.0,34386.0
2025-06-24T13:00:00Z,22286.0,22333.25,22260.0,22293.25,151816.0
2025-06-24T14:00:00Z,22288.75,22340.5,22265.75,22314.75,145937.0
2025-06-24T15:00:00Z,22330.0,22391.5,22328.25,22362.25,103865.0
2025-06-24T16:00:00Z,22362.75,22417.5,22357.25,22400.0,77168.0
2025-06-24T17:00:00Z,22400.25,22426.25,22379.75,22417.5,72027.0
2025-06-24T18:00:00Z,22417.5,22431.75,22408.0,22425.5,52700.0
2025-06-24T19:00:00Z,22425.75,22447.75,22405.25,22405.75,90781.0
2025-06-24T20:00:00Z,22405.25,22419.25,22394.0,22409.5,30657.0
2025-06-24T22:00:00Z,22410.75,22411.0,22385.0,22396.25,0.0
2025-06-24T23:00:00Z,22395.75,22430.75,22388.5,22424.25,11944.0
2025-06-25T00:00:00Z,22425.0,22434.75,22410.25,22425.25,14102.0
2025-06-25T01:00:00Z,22424.5,22424.75,22392.5,22399.25,12984.0
2025-06-25T02:00:00Z,22399.75,22407.0,22394.0,22405.0,5315.0
2025-06-25T03:00:00Z,22405.5,22422.75,22405.5,22406.75,7641.0
2025-06-25T04:00:00Z,22411.5,22427.25,22411.25,22425.0,4544.0
2025-06-25T05:00:00Z,22425.25,22438.75,22418.75,22426.5,8416.0
2025-06-25T06:00:00Z,22426.25,22434.0,22418.75,22420.25,7863.0
2025-06-25T07:00:00Z,22420.25,22432.5,22405.5,22423.75,15765.0
2025-06-25T08:00:00Z,22423.75,22435.0,22407.25,22434.5,14016.0
2025-06-25T09:00:00Z,22434.0,22453.75,22421.75,22425.5,15316.0
2025-06-25T10:00:00Z,22425.25,22462.0,22414.25,22448.0,16148.0
2025-06-25T11:00:00Z,22448.5,22492.75,22443.25,22490.5,22693.0
2025-06-25T12:00:00Z,22490.25,22509.75,22480.0,22508.0,27452.0
2025-06-25T13:00:00Z,22508.0,22548.25,22485.75,22522.0,151719.0
2025-06-25T14:00:00Z,22522.5,22529.25,22462.75,22496.5,184668.0
2025-06-25T15:00:00Z,22491.25,22492.0,22429.0,22444.0,131255.0
2025-06-25T16:00:00Z,22444.75,22458.0,22410.25,22442.5,89042.0
2025-06-25T17:00:00Z,22442.75,22462.75,22388.25,22412.5,107179.0
2025-06-25T18:00:00Z,22412.75,22434.75,22401.25,22420.5,58195.0
2025-06-25T19:00:00Z,22420.25,22465.5,22419.0,22462.75,91242.0
2025-06-25T20:00:00Z,22463.0,22481.0,22450.5,22472.75,27546.0
2025-06-25T22:00:00Z,22466.0,22488.0,22451.25,22463.25,0.0
2025-06-25T23:00:00Z,22463.25,22469.75,22438.0,22465.0,15873.0
2025-06-26T00:00:00Z,22464.75,22481.0,22456.5,22476.25,11533.0
2025-06-26T01:00:00Z,22476.0,22479.5,22461.5,22468.0,8448.0
2025-06-26T02:00:00Z,22467.75,22485.25,22467.5,22477.25,8295.0
2025-06-26T03:00:00Z,22478.0,22503.75,22478.0,22494.0,10428.0
2025-06-26T04:00:00Z,22494.25,22507.5,22489.75,22505.0,6486.0
2025-06-26T05:00:00Z,22504.75,22512.25,22493.5,22510.0,6853.0
2025-06-26T06:00:00Z,22510.75,22543.5,22509.0,22532.5,15286.0
2025-06-26T07:00:00Z,22533.0,22557.25,22523.5,22532.25,16860.0
2025-06-26T08:00:00Z,22532.0,22577.25,22525.75,22561.5,19431.0
2025-06-26T09:00:00Z,22562.0,22567.5,22542.75,22550.0,12200.0
2025-06-26T10:00:00Z,22550.5,22578.75,22541.25,22557.0,15655.0
2025-06-26T11:00:00Z,22557.5,22577.5,22554.25,22577.0,15412.0
2025-06-26T12:00:00Z,22577.25,22585.0,22520.0,22554.25,39933.0
2025-06-26T13:00:00Z,22554.0,22566.5,22476.25,22543.75,177838.0
2025-06-26T14:00:00Z,22544.0,22599.25,22537.5,22570.5,153246.0
2025-06-26T15:00:00Z,22570.25,22620.0,22549.75,22610.25,127478.0
2025-06-26T16:00:00Z,22609.75,22632.5,22596.25,22607.25,71654.0
2025-06-26T17:00:00Z,22607.25,22651.5,22597.0,22640.0,62286.0
2025-06-26T18:00:00Z,22640.5,22686.5,22634.5,22666.5,76260.0
2025-06-26T19:00:00Z,22666.75,22692.75,22652.5,22672.75,94865.0
2025-06-26T20:00:00Z,22673.0,22677.75,22640.75,22672.75,34352.0
2025-06-26T22:00:00Z,22676.5,22711.25,22669.0,22695.5,0.0
2025-06-26T23:00:00Z,22695.0,22700.5,22670.0,22677.75,13347.0
2025-06-27T00:00:00Z,22678.0,22692.5,22665.0,22667.25,12633.0
2025-06-27T01:00:00Z,22667.0,22689.75,22660.0,22680.75,12421.0
2025-06-27T02:00:00Z,22680.75,22697.0,22675.75,22695.5,8519.0
2025-06-27T03:00:00Z,22695.5,22709.5,22690.75,22692.0,10784.0
2025-06-27T04:00:00Z,22693.0,22698.75,22687.0,22688.5,6134.0
2025-06-27T05:00:00Z,22688.5,22718.25,22687.5,22708.75,9852.0
2025-06-27T06:00:00Z,22709.0,22746.5,22705.75,22735.25,15542.0
2025-06-27T07:00:00Z,22735.0,22759.5,22724.0,22735.25,18651.0
2025-06-27T08:00:00Z,22735.75,22750.5,22723.0,22747.25,13184.0
2025-06-27T09:00:00Z,22747.75,22750.75,22729.5,22744.75,9270.0
2025-06-27T10:00:00Z,22744.75,22748.25,22725.5,22734.75,8488.0
2025-06-27T11:00:00Z,22734.75,22780.0,22732.75,22779.5,20047.0
2025-06-27T12:00:00Z,22779.25,22787.5,22724.25,22730.75,43999.0
2025-06-27T13:00:00Z,22731.0,22770.25,22682.0,22764.5,143887.0
2025-06-27T14:00:00Z,22764.5,22823.75,22748.0,22759.75,190594.0
2025-06-27T15:00:00Z,22760.0,22820.0,22746.0,22809.0,100890.0
2025-06-27T16:00:00Z,22809.0,22810.0,22769.25,22795.0,80259.0
2025-06-27T17:00:00Z,22795.25,22798.5,22697.0,22736.0,127130.0
2025-06-27T18:00:00Z,22736.5,22742.25,22600.0,22610.5,179023.0
2025-06-27T19:00:00Z,22611.0,22760.0,22605.0,22751.75,149315.0
2025-06-27T20:00:00Z,22751.75,22753.75,22727.5,22740.25,33988.0
2025-06-29T22:00:00Z,22751.25,22842.25,22750.0,22818.75,28662.0
2025-06-29T23:00:00Z,22819.0,22847.0,22808.0,22817.25,20524.0
2025-06-30T00:00:00Z,22818.0,22842.0,22803.75,22833.25,17058.0
2025-06-30T01:00:00Z,22833.25,22836.25,22812.75,22822.75,14492.0
2025-06-30T02:00:00Z,22822.75,22873.5,22819.0,22861.25,19975.0
2025-06-30T03:00:00Z,22861.25,22881.75,22857.25,22872.75,11891.0
2025-06-30T04:00:00Z,22873.5,22886.5,22871.0,22874.5,8306.0
2025-06-30T05:00:00Z,22874.0,22883.75,22861.75,22876.0,10004.0
2025-06-30T06:00:00Z,22876.75,22901.5,22870.5,22882.0,16640.0
2025-06-30T07:00:00Z,22882.25,22882.25,22849.75,22868.25,21050.0
2025-06-30T08:00:00Z,22869.5,22886.5,22855.0,22873.75,16125.0
2025-06-30T09:00:00Z,22873.75,22916.0,22867.75,22880.75,16067.0
2025-06-30T10:00:00Z,22881.25,22909.0,22879.0,22890.5,12553.0
2025-06-30T11:00:00Z,22890.5,22905.75,22881.5,22893.75,16948.0
2025-06-30T12:00:00Z,22893.75,22897.5,22853.0,22867.75,27445.0
2025-06-30T13:00:00Z,22867.5,22890.0,22795.0,22827.0,151232.0
2025-06-30T14:00:00Z,22826.5,22854.0,22807.75,22821.25,158233.0
2025-06-30T15:00:00Z,22822.25,22859.0,22801.25,22843.75,109319.0
2025-06-30T16:00:00Z,22843.25,22867.25,22830.75,22841.5,80224.0
2025-06-30T17:00:00Z,22842.5,22849.75,22785.0,22821.0,87989.0
2025-06-30T18:00:00Z,22821.25,22853.5,22780.0,22849.25,105239.0
2025-06-30T19:00:00Z,22849.25,22934.0,22848.0,22885.75,153115.0
2025-06-30T20:00:00Z,22885.25,22897.75,22853.0,22865.75,31538.0
2025-06-30T22:00:00Z,22866.75,22885.5,22853.0,22856.75,0.0
2025-06-30T23:00:00Z,22857.0,22887.5,22845.5,22881.5,12810.0
2025-07-01T00:00:00Z,22881.5,22905.0,22881.5,22901.0,15518.0
2025-07-01T01:00:00Z,22901.0,22915.0,22885.25,22911.75,14039.0
2025-07-01T02:00:00Z,22911.75,22914.0,22873.5,22879.0,11337.0
2025-07-01T03:00:00Z,22879.0,22885.0,22868.0,22872.5,8946.0
2025-07-01T04:00:00Z,22875.0,22878.25,22853.25,22857.25,10457.0
2025-07-01T05:00:00Z,22857.75,22862.0,22835.75,22842.25,13358.0
2025-07-01T06:00:00Z,22841.75,22847.5,22827.5,22840.75,12675.0
2025-07-01T07:00:00Z,22840.75,22866.0,22822.75,22843.25,20246.0
2025-07-01T08:00:00Z,22844.0,22858.5,22819.0,22846.25,20601.0
2025-07-01T09:00:00Z,22845.25,22849.25,22812.75,22831.25,16614.0
2025-07-01T10:00:00Z,22831.25,22839.75,22825.0,22837.75,8571.0
2025-07-01T11:00:00Z,22837.75,22848.25,22808.75,22825.75,18608.0
2025-07-01T12:00:00Z,22826.0,22831.5,22756.0,22794.5,47757.0
2025-07-01T13:00:00Z,22793.75,22835.0,22779.75,22782.25,118966.0
2025-07-01T14:00:00Z,22791.0,22845.0,22674.25,22688.25,240804.0
2025-07-01T15:00:00Z,22688.0,22717.5,22593.75,22659.25,229273.0
2025-07-01T16:00:00Z,22659.5,22739.25,22632.25,22700.75,124992.0
2025-07-01T17:00:00Z,22701.0,22762.5,22701.0,22742.75,88610.0
2025-07-01T18:00:00Z,22742.75,22753.75,22701.0,22702.5,67692.0
2025-07-01T19:00:00Z,22702.5,22744.75,22647.75,22692.25,156956.0
2025-07-01T20:00:00Z,22692.5,22698.25,22671.0,22691.5,25242.0
2025-07-01T22:00:00Z,22696.5,22723.0,22681.25,22721.75,0.0
2025-07-01T23:00:00Z,22721.75,22728.5,22700.75,22708.25,11373.0
2025-07-02T00:00:00Z,22709.25,22722.25,22705.75,22713.0,8344.0
2025-07-02T01:00:00Z,22713.0,22718.5,22689.0,22690.5,9867.0
2025-07-02T02:00:00Z,22690.0,22739.5,22675.25,22739.5,17817.0
2025-07-02T03:00:00Z,22739.75,22745.75,22731.75,22738.75,9508.0
2025-07-02T04:00:00Z,22743.0,22781.0,22740.75,22772.25,13385.0
2025-07-02T05:00:00Z,22772.5,22772.75,22746.25,22769.25,11354.0
2025-07-02T06:00:00Z,22768.75,22778.75,22755.5,22772.25,10998.0
2025-07-02T07:00:00Z,22772.5,22776.75,22717.75,22723.5,20462.0
2025-07-02T08:00:00Z,22724.0,22737.0,22701.0,22709.75,17573.0
2025-07-02T09:00:00Z,22709.25,22716.75,22693.5,22713.75,12811.0
2025-07-02T10:00:00Z,22713.0,22718.75,22672.0,22687.75,17914.0
2025-07-02T11:00:00Z,22687.75,22702.0,22637.75,22662.5,25185.0
2025-07-02T12:00:00Z,22662.25,22685.75,22584.75,22616.25,65735.0
2025-07-02T13:00:00Z,22616.0,22728.75,22602.5,22706.75,143434.0
2025-07-02T14:00:00Z,22706.5,22832.25,22702.75,22811.5,181791.0
2025-07-02T15:00:00Z,22811.5,22847.75,22799.0,22822.25,111389.0
2025-07-02T16:00:00Z,22822.0,22845.0,22809.25,22840.5,72775.0
2025-07-02T17:00:00Z,22840.75,22850.0,22808.5,22825.5,67314.0
2025-07-02T18:00:00Z,22825.5,22839.5,22813.25,22828.5,50990.0
2025-07-02T19:00:00Z,22829.0,22858.75,22813.5,22844.5,86260.0
2025-07-02T20:00:00Z,22844.25,22856.75,22828.5,22853.25,26121.0
2025-07-02T22:00:00Z,22846.75,22863.0,22831.0,22846.0,0.0
2025-07-02T23:00:00Z,22845.75,22850.0,22841.0,22848.5,4629.0
2025-07-03T00:00:00Z,22848.0,22857.0,22839.25,22851.25,7541.0
2025-07-03T01:00:00Z,22850.75,22871.5,22842.75,22850.0,9921.0
2025-07-03T02:00:00Z,22850.0,22851.75,22827.0,22847.25,10876.0
2025-07-03T03:00:00Z,22847.0,22882.25,22845.75,22863.0,12757.0
2025-07-03T13:30:00Z,22893.25,23004.75,22890.75,22997.5,140027.0
2025-07-03T14:30:00Z,22995.25,23070.5,22995.25,23047.0,125277.0
2025-07-03T15:30:00Z,23047.25,23101.25,23046.25,23083.25,78643.0
2025-07-03T16:30:00Z,23083.5,23094.5,23028.0,23057.5,88705.0
2025-07-03T17:00:00Z,23057.0,23069.25,23033.0,23062.5,20778.0
2025-07-04T04:00:00Z,23008.0,23016.0,22993.5,23005.25,62699.0
2025-07-04T05:00:00Z,23005.75,23010.25,22987.25,23005.5,6879.0
2025-07-04T06:00:00Z,23005.5,23007.0,22982.0,22985.25,9400.0
2025-07-04T07:00:00Z,22985.25,22999.5,22942.5,22947.0,20125.0
2025-07-04T08:00:00Z,22946.0,22972.0,22922.0,22927.25,19938.0
2025-07-04T09:00:00Z,22927.25,22952.0,22912.5,22946.5,21151.0
2025-07-04T10:00:00Z,22945.5,22950.5,22881.25,22905.5,20134.0
2025-07-04T11:00:00Z,22905.25,22936.25,22898.25,22921.25,17321.0
2025-07-04T12:00:00Z,22921.5,22935.5,22910.5,22922.5,12284.0
2025-07-04T13:00:00Z,22922.5,22933.5,22887.5,22923.5,30736.0
2025-07-04T14:00:00Z,22924.5,22946.0,22908.0,22936.5,23453.0
2025-07-04T15:00:00Z,22936.75,22942.75,22911.0,22933.75,20018.0
2025-07-04T16:00:00Z,22933.75,22935.25,22895.5,22904.5,14722.0
2025-07-06T22:00:00Z,22968.5,23027.25,22943.0,22975.5,27537.0
2025-07-06T23:00:00Z,22975.75,23005.5,22960.0,22983.75,19290.0
2025-07-07T00:00:00Z,22984.5,23000.0,22963.75,22970.0,14953.0
2025-07-07T01:00:00Z,22969.75,22970.75,22914.5,22943.0,27851.0
2025-07-07T02:00:00Z,22942.25,22969.25,22939.5,22957.5,15500.0
2025-07-07T03:00:00Z,22957.5,22977.5,22941.0,22973.0,10944.0
2025-07-07T04:00:00Z,22975.0,22990.5,22935.5,22947.0,13042.0
2025-07-07T05:00:00Z,22947.25,22951.5,22931.75,22948.75,9395.0
2025-07-07T06:00:00Z,22949.5,22952.25,22918.25,22937.25,12823.0
2025-07-07T07:00:00Z,22938.0,22949.5,22926.5,22949.0,11662.0
2025-07-07T08:00:00Z,22949.5,22949.5,22908.5,22913.25,16227.0
2025-07-07T09:00:00Z,22912.75,22965.75,22908.75,22964.5,13176.0
2025-07-07T10:00:00Z,22964.25,22989.75,22959.75,22961.25,17567.0
2025-07-07T11:00:00Z,22962.5,22984.5,22954.5,22981.25,15117.0
2025-07-07T12:00:00Z,22981.0,23002.75,22941.75,22950.75,31562.0
2025-07-07T13:00:00Z,22951.25,22978.0,22900.25,22944.75,149416.0
2025-07-07T14:00:00Z,22945.0,22963.0,22884.25,22895.0,171817.0
2025-07-07T15:00:00Z,22894.75,22937.25,22888.25,22928.75,109510.0
2025-07-07T16:00:00Z,22928.75,22962.75,22833.25,22870.0,205392.0
2025-07-07T17:00:00Z,22870.0,22928.0,22845.75,22871.0,115823.0
2025-07-07T18:00:00Z,22871.25,22881.5,22780.25,22877.5,123615.0
2025-07-07T19:00:00Z,22877.25,22892.75,22840.75,22883.75,98523.0
2025-07-07T20:00:00Z,22883.5,22886.75,22822.0,22838.0,25596.0
2025-07-07T22:00:00Z,22840.25,22854.25,22809.5,22847.0,0.0
2025-07-07T23:00:00Z,22846.5,22879.25,22842.25,22874.0,12566.0
2025-07-08T00:00:00Z,22873.5,22914.0,22856.25,22906.25,18591.0
2025-07-08T01:00:00Z,22906.0,22923.0,22888.25,22893.5,16392.0
2025-07-08T02:00:00Z,22893.5,22938.75,22885.5,22936.5,14830.0
2025-07-08T03:00:00Z,22936.0,22938.0,22910.0,22917.5,9639.0
2025-07-08T04:00:00Z,22920.5,22927.25,22907.0,22910.0,6690.0
2025-07-08T05:00:00Z,22910.5,22935.0,22904.0,22933.25,8317.0
2025-07-08T06:00:00Z,22934.0,22951.75,22923.75,22947.0,12797.0
2025-07-08T07:00:00Z,22946.5,22972.0,22917.5,22963.5,19969.0
2025-07-08T08:00:00Z,22963.0,22964.0,22933.5,22946.5,13278.0
2025-07-08T09:00:00Z,22945.75,22953.75,22915.75,22924.25,12016.0
2025-07-08T10:00:00Z,22925.0,22952.75,22906.0,22944.75,16046.0
2025-07-08T11:00:00Z,22944.25,22957.0,22930.0,22939.5,12642.0
2025-07-08T12:00:00Z,22939.0,22955.25,22914.5,22939.75,26590.0
2025-07-08T13:00:00Z,22939.25,22956.25,22880.0,22881.25,132688.0
2025-07-08T14:00:00Z,22881.75,22942.75,22841.0,22893.75,236906.0
2025-07-08T15:00:00Z,22894.0,22915.0,22854.75,22906.25,118709.0
2025-07-08T16:00:00Z,22905.75,22962.75,22888.0,22916.5,125959.0
2025-07-08T17:00:00Z,22916.75,22938.75,22875.75,22934.0,91855.0
2025-07-08T18:00:00Z,22934.0,22942.5,22891.0,22899.0,65739.0
2025-07-08T19:00:00Z,22899.25,22906.5,22870.0,22891.75,83632.0
2025-07-08T20:00:00Z,22891.5,22908.5,22884.75,22903.5,18084.0
2025-07-08T22:00:00Z,22909.0,22922.0,22901.0,22913.0,0.0
2025-07-08T23:00:00Z,22914.0,22924.0,22894.5,22901.25,10902.0
2025-07-09T00:00:00Z,22901.0,22901.0,22864.25,22875.25,14751.0
2025-07-09T01:00:00Z,22875.0,22893.25,22853.0,22889.75,16404.0
2025-07-09T02:00:00Z,22890.5,22900.75,22879.0,22880.5,9974.0
2025-07-09T03:00:00Z,22881.0,22885.75,22870.75,22874.5,7563.0
2025-07-09T04:00:00Z,22872.0,22895.25,22870.0,22891.5,6953.0
2025-07-09T05:00:00Z,22892.0,22896.0,22869.5,22874.0,7873.0
2025-07-09T06:00:00Z,22874.25,22898.5,22843.25,22896.0,17701.0
2025-07-09T07:00:00Z,22896.25,22903.0,22874.5,22893.0,14064.0
2025-07-09T08:00:00Z,22892.25,22900.75,22878.0,22890.0,11077.0
2025-07-09T09:00:00Z,22890.75,22942.5,22890.25,22924.0,17837.0
2025-07-09T10:00:00Z,22924.5,22934.5,22910.0,22923.0,14219.0
2025-07-09T11:00:00Z,22923.5,22951.25,22919.0,22938.75,15344.0
2025-07-09T12:00:00Z,22938.25,22955.5,22926.5,22936.0,23999.0
2025-07-09T13:00:00Z,22935.75,23097.0,22930.5,23086.25,150948.0
2025-07-09T14:00:00Z,23085.75,23111.25,22927.75,22947.0,265358.0
2025-07-09T15:00:00Z,22947.25,22989.0,22917.0,22948.25,151493.0
2025-07-09T16:00:00Z,22948.5,23008.5,22937.5,22982.75,84494.0
2025-07-09T17:00:00Z,22982.5,23000.25,22961.25,22983.5,93409.0
2025-07-09T18:00:00Z,22983.5,23040.0,22981.75,23032.0,75543.0
2025-07-09T19:00:00Z,23032.5,23057.5,23022.75,23051.0,79545.0
2025-07-09T20:00:00Z,23051.25,23060.5,23031.25,23043.25,24835.0
2025-07-09T22:00:00Z,23043.25,23066.0,23032.5,23057.25,0.0
2025-07-09T23:00:00Z,23057.5,23059.25,23030.0,23035.0,10655.0
2025-07-10T00:00:00Z,23034.5,23035.0,23003.5,23004.75,16158.0
2025-07-10T01:00:00Z,23005.5,23013.0,22988.25,22990.75,15447.0
2025-07-10T02:00:00Z,22990.25,23021.5,22989.75,23018.75,11187.0
2025-07-10T03:00:00Z,23018.25,23018.25,22992.5,22997.75,9598.0
2025-07-10T04:00:00Z,22992.5,22997.5,22986.0,22995.0,7425.0
2025-07-10T05:00:00Z,22994.75,23002.25,22978.0,22992.5,9768.0
2025-07-10T06:00:00Z,22992.0,22996.5,22980.5,22992.25,9353.0
2025-07-10T07:00:00Z,22992.5,23022.0,22983.0,23020.0,18054.0
2025-07-10T08:00:00Z,23020.0,23046.75,23016.0,23045.25,14606.0
2025-07-10T09:00:00Z,23046.0,23050.0,23012.0,23024.5,13905.0
2025-07-10T10:00:00Z,23024.5,23052.75,23021.5,23043.75,10604.0
2025-07-10T11:00:00Z,23043.75,23076.5,23038.25,23071.0,17281.0
2025-07-10T12:00:00Z,23071.0,23072.25,23035.0,23049.25,30052.0
2025-07-10T13:00:00Z,23049.25,23089.75,22939.0,22960.0,174812.0
2025-07-10T14:00:00Z,22960.25,22986.75,22901.0,22963.0,224851.0
2025-07-10T15:00:00Z,22963.25,23025.25,22940.25,23024.5,113520.0
2025-07-10T16:00:00Z,23024.5,23024.75,22962.75,22992.25,96539.0
2025-07-10T17:00:00Z,22992.0,23041.0,22987.25,23036.5,70692.0
2025-07-10T18:00:00Z,23036.75,23050.0,23025.25,23037.75,59203.0
2025-07-10T19:00:00Z,23037.5,23044.5,22990.5,23015.0,76538.0
2025-07-10T20:00:00Z,23015.0,23024.75,22997.5,23009.75,21942.0
2025-07-10T22:00:00Z,23010.75,23040.0,23003.75,23038.0,0.0
2025-07-10T23:00:00Z,23038.5,23048.75,23030.0,23044.5,9658.0
2025-07-11T00:00:00Z,23044.5,23046.25,22830.75,22882.75,95317.0
2025-07-11T01:00:00Z,22882.5,22941.0,22866.0,22926.5,30673.0
2025-07-11T02:00:00Z,22927.0,22948.75,22918.25,22946.5,14698.0
2025-07-11T03:00:00Z,22946.5,22970.25,22944.25,22966.0,10804.0
2025-07-11T04:00:00Z,22963.75,22975.0,22962.25,22966.25,7322.0
2025-07-11T05:00:00Z,22966.0,22978.0,22937.5,22942.0,9782.0
2025-07-11T06:00:00Z,22942.75,22969.75,22941.25,22957.0,13300.0
2025-07-11T07:00:00Z,22957.25,22968.5,22897.25,22901.5,29797.0
2025-07-11T08:00:00Z,22901.25,22915.75,22870.25,22904.25,24582.0
2025-07-11T09:00:00Z,22903.5,22915.25,22858.75,22865.0,19151.0
2025-07-11T10:00:00Z,22864.25,22892.25,22852.75,22871.75,22005.0
2025-07-11T11:00:00Z,22872.75,22924.0,22868.5,22908.75,22581.0
2025-07-11T12:00:00Z,22908.25,22920.5,22881.5,22904.25,28496.0
2025-07-11T13:00:00Z,22904.0,22967.75,22863.0,22964.0,167520.0
2025-07-11T14:00:00Z,22963.75,23007.5,22939.0,22969.75,167222.0
2025-07-11T15:00:00Z,22970.0,23010.0,22908.75,22976.25,145888.0
2025-07-11T16:00:00Z,22976.5,23008.5,22958.5,23003.25,90577.0
2025-07-11T17:00:00Z,23003.75,23021.75,22961.0,22998.5,81468.0
2025-07-11T18:00:00Z,22998.25,23018.5,22969.5,22976.75,63158.0
2025-07-11T19:00:00Z,22976.5,22997.25,22924.25,22955.5,110049.0
2025-07-11T20:00:00Z,22955.25,22957.75,22930.0,22941.0,24521.0
2025-07-14T04:00:00Z,22872.75,22879.5,22861.0,22862.5,0.0
2025-07-14T05:00:00Z,22862.25,22870.0,22827.0,22831.25,11301.0
2025-07-14T06:00:00Z,22830.25,22846.75,22815.0,22841.75,15820.0
2025-07-14T07:00:00Z,22842.25,22883.75,22805.0,22882.25,28893.0
2025-07-14T08:00:00Z,22882.0,22898.5,22866.0,22887.0,17780.0
2025-07-14T09:00:00Z,22887.0,22903.5,22878.75,22899.5,10805.0
2025-07-14T10:00:00Z,22898.75,22900.5,22870.25,22877.5,13198.0
2025-07-14T11:00:00Z,22877.75,22899.5,22862.5,22887.0,22140.0
2025-07-14T12:00:00Z,22887.0,22909.25,22879.0,22899.25,21289.0
2025-07-14T13:00:00Z,22899.25,22979.0,22842.5,22911.75,186920.0
2025-07-14T14:00:00Z,22912.5,22993.25,22905.5,22992.0,171810.0
2025-07-14T15:00:00Z,22991.5,23022.75,22984.75,23008.75,105185.0
2025-07-14T16:00:00Z,23008.5,23041.0,22999.5,23033.5,67941.0
2025-07-14T17:00:00Z,23034.25,23067.75,23033.5,23044.75,71358.0
2025-07-14T18:00:00Z,23045.0,23060.0,23035.5,23051.5,42435.0
2025-07-14T19:00:00Z,23051.5,23059.5,23016.0,23033.75,81637.0
2025-07-14T20:00:00Z,23034.25,23039.5,23022.0,23036.25,20743.0
2025-07-14T22:00:00Z,23036.5,23038.0,22999.75,23002.0,0.0
2025-07-14T23:00:00Z,23002.0,23016.0,22997.75,23011.5,8270.0
2025-07-15T00:00:00Z,23012.0,23020.0,22997.25,23005.5,10869.0
2025-07-15T01:00:00Z,23006.0,23173.75,22996.25,23143.0,47375.0
2025-07-15T02:00:00Z,23143.0,23164.0,23039.25,23055.75,50678.0
2025-07-15T03:00:00Z,23055.5,23101.0,23047.0,23093.75,19194.0
2025-07-15T04:00:00Z,23092.75,23121.0,23090.0,23116.0,11089.0
2025-07-15T05:00:00Z,23116.0,23170.0,23113.5,23147.0,20894.0
2025-07-15T06:00:00Z,23147.25,23156.25,23132.0,23143.5,12495.0
2025-07-15T07:00:00Z,23143.75,23170.25,23132.25,23160.75,16764.0
2025-07-15T08:00:00Z,23160.25,23179.25,23143.75,23156.0,19810.0
2025-07-15T09:00:00Z,23155.5,23181.0,23149.75,23174.0,11863.0
2025-07-15T10:00:00Z,23174.0,23189.5,23162.75,23170.25,14649.0
2025-07-15T11:00:00Z,23170.5,23192.25,23154.0,23167.0,20218.0
2025-07-15T12:00:00Z,23167.5,23208.0,23135.5,23195.5,60114.0
2025-07-15T13:00:00Z,23196.0,23222.75,23122.75,23138.0,185623.0
2025-07-15T14:00:00Z,23138.75,23198.25,23095.5,23099.5,231442.0
2025-07-15T15:00:00Z,23099.5,23181.0,23099.25,23157.25,142322.0
2025-07-15T16:00:00Z,23157.5,23168.0,23082.5,23098.75,106443.0
2025-07-15T17:00:00Z,23098.5,23171.0,23086.5,23170.0,97643.0
2025-07-15T18:00:00Z,23169.75,23180.0,23094.25,23094.25,90001.0
2025-07-15T19:00:00Z,23094.5,23122.5,23050.0,23052.5,124991.0
2025-07-15T20:00:00Z,23052.5,23059.5,23010.5,23018.0,42728.0
2025-07-15T22:00:00Z,23018.75,23033.5,22973.75,23009.25,0.0
2025-07-15T23:00:00Z,23009.75,23020.5,22981.0,23014.25,16300.0
2025-07-16T00:00:00Z,23014.25,23019.5,22977.5,22999.75,19124.0
2025-07-16T01:00:00Z,22999.25,23031.75,22997.0,23030.5,16879.0
2025-07-16T02:00:00Z,23030.5,23034.25,23006.75,23012.5,9895.0
2025-07-16T03:00:00Z,23012.0,23028.0,23011.5,23016.5,7060.0
2025-07-16T04:00:00Z,23028.5,23032.0,23015.25,23020.5,6081.0
2025-07-16T05:00:00Z,23021.0,23045.75,22993.75,23007.25,18706.0
2025-07-16T06:00:00Z,23006.5,23009.25,22965.25,22971.5,16133.0
2025-07-16T07:00:00Z,22971.0,22990.5,22928.5,22982.25,25647.0
2025-07-16T08:00:00Z,22982.0,23014.25,22969.0,23002.5,17286.0
2025-07-16T09:00:00Z,23002.25,23004.75,22979.0,23000.75,12651.0
2025-07-16T10:00:00Z,23001.0,23020.0,22992.75,23013.25,11797.0
2025-07-16T11:00:00Z,23014.0,23024.0,22995.0,23020.5,15716.0
2025-07-16T12:00:00Z,23020.5,23084.25,23009.75,23073.75,47897.0
2025-07-16T13:00:00Z,23073.25,23090.0,22957.5,22968.5,183470.0
2025-07-16T14:00:00Z,22968.25,23035.0,22948.25,22990.25,250859.0
2025-07-16T15:00:00Z,22990.25,23045.0,22835.75,22990.75,338326.0
2025-07-16T16:00:00Z,22990.0,23049.75,22953.25,23046.0,113725.0
2025-07-16T17:00:00Z,23046.0,23068.0,23022.25,23028.0,71926.0
2025-07-16T18:00:00Z,23028.0,23074.0,23016.25,23073.0,62647.0
2025-07-16T19:00:00Z,23073.0,23100.0,23058.0,23074.75,76245.0
2025-07-16T20:00:00Z,23074.5,23075.75,23055.25,23063.0,21800.0
2025-07-16T22:00:00Z,23069.25,23071.0,23031.0,23034.5,0.0
2025-07-16T23:00:00Z,23035.25,23047.0,23030.0,23040.5,9696.0
2025-07-17T00:00:00Z,23040.5,23054.25,23024.75,23051.75,14985.0
2025-07-17T01:00:00Z,23051.0,23058.75,23025.5,23034.0,13118.0
2025-07-17T02:00:00Z,23033.75,23034.25,23021.5,23024.75,7892.0
2025-07-17T03:00:00Z,23024.25,23040.0,23017.0,23038.75,7244.0
2025-07-17T04:00:00Z,23041.5,23042.25,23026.75,23041.0,5309.0
2025-07-17T05:00:00Z,23040.75,23100.0,23039.0,23087.25,18296.0
2025-07-17T06:00:00Z,23087.0,23151.75,23086.75,23137.75,25532.0
2025-07-17T07:00:00Z,23137.5,23141.5,23100.25,23112.5,25692.0
2025-07-17T08:00:00Z,23113.0,23118.75,23092.75,23103.75,18766.0
2025-07-17T09:00:00Z,23104.0,23125.75,23103.0,23109.0,10609.0
2025-07-17T10:00:00Z,23109.25,23115.5,23087.5,23090.0,12105.0
2025-07-17T11:00:00Z,23090.25,23095.75,23072.75,23086.75,18897.0
2025-07-17T12:00:00Z,23086.75,23147.75,23074.5,23145.75,43711.0
2025-07-17T13:00:00Z,23145.75,23158.5,23065.75,23149.75,168211.0
2025-07-17T14:00:00Z,23150.5,23199.0,23114.5,23194.25,180807.0
2025-07-17T15:00:00Z,23194.25,23257.0,23193.75,23249.25,116673.0
2025-07-17T16:00:00Z,23249.0,23276.0,23244.5,23256.5,74869.0
2025-07-17T17:00:00Z,23256.75,23275.75,23240.5,23275.75,51004.0
2025-07-17T18:00:00Z,23275.75,23281.0,23236.0,23252.5,67778.0
2025-07-17T19:00:00Z,23253.25,23278.25,23245.25,23257.75,88599.0
2025-07-17T20:00:00Z,23257.75,23275.0,23234.25,23265.5,39484.0
2025-07-17T22:00:00Z,23260.0,23263.25,23245.5,23256.75,0.0
2025-07-17T23:00:00Z,23257.25,23288.5,23255.5,23280.25,16783.0
2025-07-18T00:00:00Z,23280.5,23285.0,23264.0,23267.75,10141.0
2025-07-18T01:00:00Z,23267.0,23272.5,23259.25,23266.5,7576.0
2025-07-18T02:00:00Z,23266.25,23287.25,23260.0,23279.75,8354.0
2025-07-18T03:00:00Z,23279.5,23285.25,23273.0,23275.25,6348.0
2025-07-18T04:00:00Z,23273.75,23281.0,23271.5,23278.75,4521.0
2025-07-18T05:00:00Z,23278.75,23309.0,23277.75,23303.5,12240.0
2025-07-18T06:00:00Z,23303.0,23309.5,23282.5,23283.75,10525.0
2025-07-18T07:00:00Z,23284.25,23292.75,23260.5,23269.25,16856.0
2025-07-18T08:00:00Z,23269.0,23287.0,23265.5,23281.25,11117.0
2025-07-18T09:00:00Z,23281.0,23289.75,23274.75,23278.5,7208.0
2025-07-18T10:00:00Z,23277.75,23281.5,23252.0,23266.75,13425.0
2025-07-18T11:00:00Z,23267.0,23272.5,23251.0,23264.5,14462.0
2025-07-18T12:00:00Z,23264.5,23272.5,23254.25,23268.75,19525.0
2025-07-18T13:00:00Z,23268.25,23320.5,23251.25,23258.5,169758.0
2025-07-18T14:00:00Z,23257.5,23293.25,23186.75,23205.0,212182.0
2025-07-18T15:00:00Z,23205.0,23253.0,23180.5,23247.5,115499.0
2025-07-18T16:00:00Z,23247.75,23249.25,23173.0,23187.5,125984.0
2025-07-18T17:00:00Z,23187.5,23222.5,23170.0,23198.5,90350.0
2025-07-18T18:00:00Z,23199.25,23227.75,23193.0,23204.0,60259.0
2025-07-18T19:00:00Z,23203.75,23231.5,23198.75,23226.75,76514.0
2025-07-18T20:00:00Z,23226.25,23229.5,23217.5,23224.25,17866.0
2025-07-20T22:00:00Z,23240.0,23245.5,23204.5,23244.0,17460.0
2025-07-20T23:00:00Z,23244.0,23262.5,23237.25,23260.0,12965.0
2025-07-21T00:00:00Z,23260.25,23263.25,23249.25,23252.5,8511.0
2025-07-21T01:00:00Z,23252.75,23278.0,23251.0,23264.75,13691.0
2025-07-21T02:00:00Z,23264.75,23271.0,23254.5,23257.5,7597.0
2025-07-21T03:00:00Z,23257.25,23261.75,23242.25,23246.5,6702.0
2025-07-21T04:00:00Z,23246.5,23270.5,23246.25,23269.75,6708.0
2025-07-21T05:00:00Z,23269.75,23276.0,23262.25,23268.25,7694.0
2025-07-21T06:00:00Z,23268.75,23296.0,23265.75,23277.25,13156.0
2025-07-21T07:00:00Z,23277.5,23298.5,23276.75,23296.0,11007.0
2025-07-21T08:00:00Z,23296.0,23309.0,23282.0,23289.5,15560.0
2025-07-21T09:00:00Z,23289.5,23299.0,23285.5,23289.5,6512.0
2025-07-21T10:00:00Z,23289.25,23305.25,23280.75,23290.5,11539.0
2025-07-21T11:00:00Z,23290.75,23292.5,23275.0,23277.5,11507.0
2025-07-21T12:00:00Z,23277.5,23284.0,23236.0,23238.0,23629.0
2025-07-21T13:00:00Z,23237.75,23396.0,23223.5,23375.5,175954.0
2025-07-21T14:00:00Z,23376.25,23425.0,23376.0,23397.5,144925.0
2025-07-21T15:00:00Z,23397.25,23407.5,23379.0,23385.75,82788.0
2025-07-21T16:00:00Z,23385.5,23410.25,23358.75,23405.5,103118.0
2025-07-21T17:00:00Z,23405.5,23423.5,23403.75,23411.75,50442.0
2025-07-21T18:00:00Z,23411.5,23417.5,23386.25,23390.0,56077.0
2025-07-21T19:00:00Z,23390.5,23392.75,23328.25,23344.0,135577.0
2025-07-21T20:00:00Z,23344.25,23354.5,23338.0,23346.75,25638.0
2025-07-21T22:00:00Z,23338.0,23352.0,23333.25,23343.75,0.0
2025-07-21T23:00:00Z,23344.0,23352.0,23335.5,23346.5,7430.0
2025-07-22T00:00:00Z,23346.5,23361.5,23338.0,23340.5,12565.0
2025-07-22T01:00:00Z,23340.0,23367.75,23334.5,23365.25,12788.0
2025-07-22T02:00:00Z,23365.5,23366.25,23344.0,23347.0,7268.0
2025-07-22T03:00:00Z,23347.25,23348.75,23320.75,23329.5,11477.0
2025-07-22T04:00:00Z,23324.25,23325.25,23297.25,23306.75,15526.0
2025-07-22T05:00:00Z,23306.5,23316.25,23298.5,23314.25,8982.0
2025-07-22T06:00:00Z,23314.5,23319.5,23305.5,23314.0,8276.0
2025-07-22T07:00:00Z,23314.0,23347.75,23284.0,23304.5,26541.0
2025-07-22T08:00:00Z,23304.5,23316.25,23271.25,23277.25,25998.0
2025-07-22T09:00:00Z,23276.75,23287.0,23267.25,23282.0,12551.0
2025-07-22T10:00:00Z,23282.25,23301.5,23276.0,23299.25,17066.0
2025-07-22T11:00:00Z,23299.25,23332.75,23294.5,23331.25,24077.0
2025-07-22T12:00:00Z,23330.5,23341.0,23320.0,23334.75,20705.0
2025-07-22T13:00:00Z,23334.5,23349.75,23112.0,23142.25,249252.0
2025-07-22T14:00:00Z,23142.5,23229.75,23105.0,23224.5,237331.0
2025-07-22T15:00:00Z,23224.75,23235.25,23194.75,23206.5,111462.0
2025-07-22T16:00:00Z,23206.75,23224.5,23159.25,23198.75,105276.0
2025-07-22T17:00:00Z,23198.25,23250.5,23194.75,23217.75,81404.0
2025-07-22T18:00:00Z,23217.25,23253.5,23171.0,23252.0,92454.0
2025-07-22T19:00:00Z,23251.0,23257.0,23219.0,23222.0,88297.0
2025-07-22T20:00:00Z,23221.75,23223.75,23186.0,23198.5,37216.0
2025-07-22T22:00:00Z,23190.0,23205.0,23170.25,23181.25,0.0
2025-07-22T23:00:00Z,23181.5,23267.0,23181.0,23261.75,35109.0
2025-07-23T00:00:00Z,23262.0,23266.75,23198.75,23203.75,27154.0
2025-07-23T01:00:00Z,23203.0,23253.75,23195.75,23251.75,19576.0
2025-07-23T02:00:00Z,23251.5,23252.0,23226.25,23245.5,11605.0
2025-07-23T03:00:00Z,23246.0,23255.25,23231.0,23240.0,8959.0
2025-07-23T04:00:00Z,23235.0,23251.25,23232.5,23249.0,6241.0
2025-07-23T05:00:00Z,23249.0,23259.75,23245.0,23250.0,9299.0
2025-07-23T06:00:00Z,23251.0,23271.5,23243.0,23267.75,10855.0
2025-07-23T07:00:00Z,23267.75,23277.25,23244.25,23260.25,19416.0
2025-07-23T08:00:00Z,23260.0,23282.0,23256.5,23279.5,14934.0
2025-07-23T09:00:00Z,23278.5,23283.25,23258.75,23271.75,9670.0
2025-07-23T10:00:00Z,23272.0,23281.5,23260.0,23260.75,10472.0
2025-07-23T11:00:00Z,23260.75,23264.0,23232.5,23257.5,20872.0
2025-07-23T12:00:00Z,23257.0,23268.5,23230.5,23237.0,26059.0
2025-07-23T13:00:00Z,23237.0,23273.75,23157.75,23166.0,195481.0
2025-07-23T14:00:00Z,23165.5,23204.0,23142.5,23199.25,181759.0
2025-07-23T15:00:00Z,23199.0,23294.0,23177.0,23257.75,166202.0
2025-07-23T16:00:00Z,23256.75,23262.75,23193.5,23228.25,123563.0
2025-07-23T17:00:00Z,23228.25,23270.0,23214.0,23263.0,86913.0
2025-07-23T18:00:00Z,23263.5,23324.0,23263.5,23302.0,90192.0
2025-07-23T19:00:00Z,23302.5,23325.0,23268.75,23323.75,84007.0
2025-07-23T20:00:00Z,23324.25,23416.5,23303.0,23410.75,75110.0
2025-07-23T22:00:00Z,23401.0,23405.5,23380.25,23388.0,0.0
2025-07-23T23:00:00Z,23388.25,23405.0,23385.25,23401.0,10370.0
2025-07-24T00:00:00Z,23400.5,23406.0,23382.0,23394.0,12370.0
2025-07-24T01:00:00Z,23393.75,23422.5,23389.75,23408.75,13269.0
2025-07-24T02:00:00Z,23408.0,23415.25,23400.25,23405.0,6934.0
2025-07-24T03:00:00Z,23405.0,23405.5,23375.25,23380.0,9970.0
2025-07-24T04:00:00Z,23382.5,23384.25,23372.25,23380.0,6982.0
2025-07-24T05:00:00Z,23379.75,23385.25,23373.0,23373.75,4456.0
2025-07-24T06:00:00Z,23373.25,23392.25,23354.0,23359.75,13797.0
2025-07-24T07:00:00Z,23359.0,23371.0,23352.5,23369.25,13680.0
2025-07-24T08:00:00Z,23369.0,23391.0,23347.25,23390.75,18183.0
2025-07-24T09:00:00Z,23391.0,23397.0,23381.75,23390.25,8536.0
2025-07-24T10:00:00Z,23390.5,23395.5,23363.5,23373.25,13641.0
2025-07-24T11:00:00Z,23373.5,23403.0,23366.25,23386.5,15621.0
2025-07-24T12:00:00Z,23386.0,23392.5,23326.75,23360.5,42313.0
2025-07-24T13:00:00Z,23360.25,23400.75,23333.5,23363.0,170179.0
2025-07-24T14:00:00Z,23363.25,23381.0,23298.5,23372.75,183097.0
2025-07-24T15:00:00Z,23372.75,23400.5,23368.75,23388.25,103616.0
2025-07-24T16:00:00Z,23387.75,23389.25,23340.0,23370.75,94068.0
2025-07-24T17:00:00Z,23370.0,23421.75,23366.25,23384.0,79640.0
2025-07-24T18:00:00Z,23384.25,23425.0,23376.75,23400.5,77003.0
2025-07-24T19:00:00Z,23399.75,23423.0,23372.25,23376.5,90810.0
2025-07-24T20:00:00Z,23376.25,23402.75,23366.75,23395.0,28856.0
2025-07-24T22:00:00Z,23391.25,23416.0,23385.0,23401.25,0.0
2025-07-24T23:00:00Z,23401.25,23410.0,23390.25,23406.25,9211.0
2025-07-25T00:00:00Z,23406.5,23423.5,23400.75,23414.5,12302.0
2025-07-25T01:00:00Z,23414.75,23438.25,23409.75,23426.5,12211.0
2025-07-25T02:00:00Z,23427.0,23436.5,23420.25,23421.75,7073.0
2025-07-25T03:00:00Z,23422.0,23442.0,23420.75,23429.75,7966.0
2025-07-25T04:00:00Z,23429.0,23431.75,23392.75,23398.0,11866.0
2025-07-25T05:00:00Z,23398.0,23410.0,23395.5,23408.0,6158.0
2025-07-25T06:00:00Z,23408.0,23413.0,23388.75,23390.5,8557.0
2025-07-25T07:00:00Z,23391.75,23394.5,23355.0,23366.75,25227.0
2025-07-25T08:00:00Z,23366.25,23381.25,23348.75,23374.75,16461.0
2025-07-25T09:00:00Z,23375.25,23377.25,23356.25,23374.0,9427.0
2025-07-25T10:00:00Z,23374.0,23391.25,23370.5,23387.75,9459.0
2025-07-25T11:00:00Z,23387.75,23388.75,23360.5,23365.25,12859.0
2025-07-25T12:00:00Z,23365.25,23387.0,23359.0,23371.25,18430.0
2025-07-25T13:00:00Z,23371.25,23408.0,23330.25,23389.75,160017.0
2025-07-25T14:00:00Z,23389.75,23423.0,23383.5,23405.25,150193.0
2025-07-25T15:00:00Z,23405.5,23428.75,23392.5,23420.75,85126.0
2025-07-25T16:00:00Z,23421.25,23477.0,23415.75,23450.25,96345.0
2025-07-25T17:00:00Z,23450.25,23455.25,23431.75,23439.0,62894.0
2025-07-25T18:00:00Z,23439.5,23460.0,23428.5,23443.0,59102.0
2025-07-25T19:00:00Z,23443.25,23455.5,23408.0,23422.25,78226.0
2025-07-25T20:00:00Z,23422.0,23448.75,23406.75,23447.25,31108.0
2025-07-28T00:00:00Z,23540.25,23546.0,23533.75,23543.5,7134.0
2025-07-28T01:00:00Z,23543.5,23544.25,23530.5,23541.75,9230.0
2025-07-28T02:00:00Z,23541.75,23566.5,23537.25,23552.0,12049.0
2025-07-28T03:00:00Z,23551.0,23552.75,23541.5,23549.75,5929.0
2025-07-28T04:00:00Z,23549.25,23564.75,23545.0,23559.75,6310.0
2025-07-28T05:00:00Z,23559.5,23578.0,23558.5,23574.0,8625.0
2025-07-28T06:00:00Z,23574.0,23585.0,23560.0,23560.5,12064.0
2025-07-28T07:00:00Z,23560.75,23565.75,23533.0,23548.25,19209.0
2025-07-28T08:00:00Z,23547.5,23549.5,23533.25,23536.5,11195.0
2025-07-28T09:00:00Z,23536.75,23542.75,23522.75,23526.75,9541.0
2025-07-28T10:00:00Z,23526.5,23527.25,23483.0,23494.0,19505.0
2025-07-28T11:00:00Z,23493.5,23507.5,23489.25,23502.25,14701.0
2025-07-28T12:00:00Z,23501.75,23521.0,23486.25,23514.0,22318.0
2025-07-28T13:00:00Z,23514.5,23525.0,23462.5,23520.0,168380.0
2025-07-28T14:00:00Z,23520.25,23527.75,23466.25,23493.25,148308.0
2025-07-28T15:00:00Z,23493.0,23500.25,23437.0,23494.0,108786.0
2025-07-28T16:00:00Z,23494.0,23507.75,23473.5,23485.5,72433.0
2025-07-28T17:00:00Z,23486.25,23488.5,23454.75,23461.25,68182.0
2025-07-28T18:00:00Z,23461.0,23472.25,23440.0,23462.75,74308.0
2025-07-28T19:00:00Z,23462.5,23495.75,23450.0,23491.75,69138.0
2025-07-28T20:00:00Z,23491.75,23516.5,23487.5,23509.0,27239.0
2025-07-28T22:00:00Z,23505.25,23530.5,23503.0,23526.5,0.0
2025-07-28T23:00:00Z,23526.25,23532.5,23517.25,23528.5,7366.0
2025-07-29T00:00:00Z,23528.5,23537.25,23514.5,23533.5,10348.0
2025-07-29T01:00:00Z,23533.25,23545.5,23525.5,23528.0,8918.0
2025-07-29T02:00:00Z,23527.25,23539.5,23521.25,23538.25,8031.0
2025-07-29T03:00:00Z,23538.0,23546.75,23535.5,23543.5,6203.0
2025-07-29T04:00:00Z,23547.0,23552.0,23539.25,23543.25,6232.0
2025-07-29T05:00:00Z,23542.75,23553.0,23541.0,23547.25,4300.0
2025-07-29T06:00:00Z,23547.75,23554.75,23541.5,23544.5,7956.0
2025-07-29T07:00:00Z,23545.25,23598.75,23545.0,23588.0,20877.0
2025-07-29T08:00:00Z,23588.0,23593.5,23575.75,23582.5,11583.0
2025-07-29T09:00:00Z,23583.0,23606.75,23579.5,23598.75,12570.0
2025-07-29T10:00:00Z,23598.0,23609.25,23592.0,23599.0,11773.0
2025-07-29T11:00:00Z,23599.0,23606.25,23578.5,23600.25,16774.0
2025-07-29T12:00:00Z,23600.25,23615.0,23572.5,23578.75,25609.0
2025-07-29T13:00:00Z,23579.25,23652.25,23556.0,23582.25,184310.0
2025-07-29T14:00:00Z,23588.75,23592.5,23514.0,23527.25,187820.0
2025-07-29T15:00:00Z,23527.25,23542.5,23438.0,23503.75,196538.0
2025-07-29T16:00:00Z,23503.5,23513.75,23448.75,23507.0,102804.0
2025-07-29T17:00:00Z,23507.0,23524.25,23462.0,23491.75,91731.0
2025-07-29T18:00:00Z,23491.75,23506.0,23468.75,23478.25,66329.0
2025-07-29T19:00:00Z,23478.0,23486.25,23422.0,23457.0,108541.0
2025-07-29T20:00:00Z,23457.0,23462.5,23445.0,23451.5,24133.0
2025-07-29T22:00:00Z,23451.5,23474.75,23448.25,23471.0,0.0
2025-07-29T23:00:00Z,23471.0,23482.5,23465.0,23474.75,8439.0
2025-07-30T00:00:00Z,23474.5,23490.5,23471.0,23486.5,9241.0
2025-07-30T01:00:00Z,23485.5,23492.25,23466.25,23485.75,9923.0
2025-07-30T02:00:00Z,23485.75,23496.5,23480.5,23493.0,6799.0
2025-07-30T03:00:00Z,23493.75,23507.0,23492.0,23498.0,5878.0
2025-07-30T04:00:00Z,23501.75,23508.0,23498.0,23503.5,3703.0
2025-07-30T05:00:00Z,23503.25,23510.0,23488.25,23503.5,6756.0
2025-07-30T06:00:00Z,23503.0,23510.75,23496.5,23499.25,6524.0
2025-07-30T07:00:00Z,23499.0,23507.75,23474.25,23499.25,16423.0
2025-07-30T08:00:00Z,23499.25,23512.0,23463.0,23483.25,16304.0
2025-07-30T09:00:00Z,23482.75,23498.0,23474.75,23492.25,9642.0
2025-07-30T10:00:00Z,23493.0,23508.75,23488.75,23507.5,10827.0
2025-07-30T11:00:00Z,23508.0,23521.5,23497.75,23507.75,15401.0
2025-07-30T12:00:00Z,23508.0,23508.0,23471.0,23490.0,38222.0
2025-07-30T13:00:00Z,23490.0,23526.5,23450.25,23483.5,141139.0
2025-07-30T14:00:00Z,23483.25,23541.25,23463.75,23515.0,133052.0
2025-07-30T15:00:00Z,23515.0,23530.5,23475.0,23530.25,99483.0
2025-07-30T16:00:00Z,23529.75,23547.25,23516.5,23534.25,65049.0
2025-07-30T17:00:00Z,23534.25,23551.25,23522.75,23540.25,44363.0
2025-07-30T18:00:00Z,23541.75,23589.75,23400.5,23412.25,214836.0
2025-07-30T19:00:00Z,23412.25,23490.0,23355.0,23484.0,228969.0
2025-07-30T20:00:00Z,23484.25,23687.75,23471.75,23662.25,111401.0
2025-07-30T22:00:00Z,23698.0,23737.25,23688.25,23728.75,0.0
2025-07-30T23:00:00Z,23728.0,23740.75,23722.75,23725.0,13027.0
2025-07-31T00:00:00Z,23725.0,23758.0,23711.75,23754.5,21592.0
2025-07-31T01:00:00Z,23754.5,23780.0,23746.25,23769.5,14714.0
2025-07-31T02:00:00Z,23769.75,23796.5,23767.75,23787.25,11143.0
2025-07-31T03:00:00Z,23787.25,23801.0,23778.75,23798.0,9633.0
2025-07-31T04:00:00Z,23799.0,23809.75,23781.5,23805.5,11253.0
2025-07-31T05:00:00Z,23805.25,23809.5,23784.5,23799.75,11570.0
2025-07-31T06:00:00Z,23800.0,23806.5,23777.25,23797.25,13259.0
2025-07-31T07:00:00Z,23797.5,23848.0,23783.5,23825.0,25121.0
2025-07-31T08:00:00Z,23825.25,23826.25,23793.75,23799.5,18668.0
2025-07-31T09:00:00Z,23800.0,23808.5,23782.0,23783.25,11738.0
2025-07-31T10:00:00Z,23783.25,23803.25,23772.25,23776.75,13982.0
2025-07-31T11:00:00Z,23776.25,23800.75,23752.75,23763.5,29187.0
2025-07-31T12:00:00Z,23763.0,23809.5,23755.75,23802.0,39814.0
2025-07-31T13:00:00Z,23801.75,23804.75,23608.25,23671.25,231891.0
2025-07-31T14:00:00Z,23671.25,23700.0,23535.0,23541.25,248960.0
2025-07-31T15:00:00Z,23541.0,23584.5,23483.75,23584.25,197947.0
2025-07-31T16:00:00Z,23583.5,23617.0,23557.5,23569.5,98564.0
2025-07-31T17:00:00Z,23570.25,23571.75,23364.75,23389.25,225013.0
2025-07-31T18:00:00Z,23389.75,23465.25,23305.75,23415.0,205321.0
2025-07-31T19:00:00Z,23415.0,23442.75,23312.5,23354.0,193510.0
2025-07-31T20:00:00Z,23354.25,23450.0,23286.5,23329.25,74887.0
2025-07-31T22:00:00Z,23323.5,23347.5,23241.75,23285.5,0.0
2025-07-31T23:00:00Z,23285.25,23309.75,23264.75,23297.5,27796.0
2025-08-01T00:00:00Z,23298.25,23303.25,23231.5,23279.75,32311.0
2025-08-01T01:00:00Z,23279.5,23328.25,23272.25,23322.5,22700.0
2025-08-01T02:00:00Z,23322.25,23339.5,23314.5,23332.25,12299.0
2025-08-01T03:00:00Z,23332.75,23343.0,23302.25,23304.75,10955.0
2025-08-01T04:00:00Z,23315.75,23321.75,23306.25,23319.0,10702.0
2025-08-01T05:00:00Z,23318.75,23324.75,23290.25,23293.25,10934.0
2025-08-01T06:00:00Z,23293.25,23296.75,23254.75,23269.25,19870.0
2025-08-01T07:00:00Z,23268.75,23278.75,23128.0,23169.75,62992.0
2025-08-01T08:00:00Z,23169.5,23172.5,23062.25,23113.75,62844.0
2025-08-01T09:00:00Z,23113.5,23140.75,23085.0,23126.5,37825.0
2025-08-01T10:00:00Z,23127.25,23127.5,23031.25,23055.25,40300.0
2025-08-01T11:00:00Z,23055.75,23129.5,23051.0,23125.5,36441.0
2025-08-01T12:00:00Z,23126.0,23167.25,23060.25,23069.0,101446.0
2025-08-01T13:00:00Z,23068.5,23102.5,22858.0,22882.0,263221.0
2025-08-01T14:00:00Z,22879.5,23022.5,22799.25,22929.75,342606.0
2025-08-01T15:00:00Z,22929.5,23017.25,22896.25,23006.75,158235.0
2025-08-01T16:00:00Z,23006.5,23045.5,22872.5,22879.25,148333.0
2025-08-01T17:00:00Z,22879.0,22899.75,22827.0,22845.0,146908.0
2025-08-01T18:00:00Z,22844.75,22942.5,22788.25,22870.25,158345.0
2025-08-01T19:00:00Z,22870.25,22945.0,22834.75,22880.75,147077.0
2025-08-01T20:00:00Z,22881.0,22894.75,22864.5,22869.0,24959.0
2025-08-03T22:00:00Z,22883.75,22915.5,22822.0,22909.0,26806.0
2025-08-03T23:00:00Z,22909.25,22931.5,22882.25,22927.0,28972.0
2025-08-04T00:00:00Z,22927.0,22963.25,22916.75,22956.5,26365.0
2025-08-04T01:00:00Z,22956.25,22973.0,22932.25,22959.0,26344.0
2025-08-04T02:00:00Z,22958.75,22982.25,22950.0,22979.0,15328.0
2025-08-04T03:00:00Z,22979.0,22989.0,22964.0,22986.5,12800.0
2025-08-04T04:00:00Z,22987.25,22987.75,22952.75,22969.5,14833.0
2025-08-04T05:00:00Z,22969.75,22995.75,22961.0,22983.25,14105.0
2025-08-04T06:00:00Z,22983.75,23001.25,22947.5,22990.5,24613.0
2025-08-04T07:00:00Z,22991.5,23045.5,22978.0,23011.0,34818.0
2025-08-04T08:00:00Z,23011.25,23064.5,23006.0,23060.75,23516.0
2025-08-04T09:00:00Z,23060.75,23077.75,23053.25,23055.25,18266.0
2025-08-04T10:00:00Z,23055.5,23079.0,23051.75,23061.75,16511.0
2025-08-04T11:00:00Z,23062.75,23077.0,23031.5,23043.75,27430.0
2025-08-04T12:00:00Z,23044.0,23092.0,23036.5,23075.75,30482.0
2025-08-04T13:00:00Z,23075.5,23258.0,23070.0,23246.0,190360.0
2025-08-04T14:00:00Z,23246.5,23263.75,23194.0,23215.25,180480.0
2025-08-04T15:00:00Z,23214.75,23263.5,23187.5,23254.25,126456.0
2025-08-04T16:00:00Z,23254.0,23279.75,23246.75,23270.25,73461.0
2025-08-04T17:00:00Z,23270.0,23286.5,23240.75,23268.0,65980.0
2025-08-04T18:00:00Z,23268.25,23284.0,23255.5,23261.25,58144.0
2025-08-04T19:00:00Z,23261.0,23308.0,23252.5,23296.75,109386.0
2025-08-04T20:00:00Z,23297.25,23353.75,23284.75,23351.5,59296.0
2025-08-04T22:00:00Z,23352.5,23363.25,23316.5,23326.5,0.0
2025-08-04T23:00:00Z,23327.0,23349.5,23314.0,23334.0,17318.0
2025-08-05T00:00:00Z,23334.0,23374.75,23314.25,23347.25,24715.0
2025-08-05T01:00:00Z,23347.25,23372.25,23335.0,23340.75,20679.0
2025-08-05T02:00:00Z,23340.75,23348.0,23332.5,23340.5,8658.0
2025-08-05T03:00:00Z,23340.75,23361.25,23324.25,23344.75,12618.0
2025-08-05T04:00:00Z,23340.5,23359.5,23336.25,23359.25,6448.0
2025-08-05T05:00:00Z,23359.5,23368.0,23351.5,23363.25,7092.0
2025-08-05T06:00:00Z,23363.25,23393.5,23356.0,23385.75,15972.0
2025-08-05T07:00:00Z,23385.5,23397.25,23322.5,23330.5,29500.0
2025-08-05T08:00:00Z,23330.25,23343.25,23312.25,23331.25,21598.0
2025-08-05T09:00:00Z,23331.75,23350.5,23326.25,23348.5,12923.0
2025-08-05T10:00:00Z,23348.0,23392.75,23345.0,23385.25,21773.0
2025-08-05T11:00:00Z,23385.25,23396.0,23362.25,23383.75,23035.0
2025-08-05T12:00:00Z,23383.75,23404.25,23343.0,23361.25,46550.0
2025-08-05T13:00:00Z,23361.5,23397.25,23303.5,23378.0,172721.0
2025-08-05T14:00:00Z,23344.5,23362.25,23138.75,23181.75,337071.0
2025-08-05T15:00:00Z,23181.0,23220.0,23113.5,23156.25,218982.0
2025-08-05T16:00:00Z,23156.0,23225.75,23136.75,23180.25,137289.0
2025-08-05T17:00:00Z,23179.5,23252.0,23166.25,23241.0,78775.0
2025-08-05T18:00:00Z,23241.0,23248.75,23115.25,23147.25,134776.0
2025-08-05T19:00:00Z,23148.0,23177.25,23121.25,23133.75,112165.0
2025-08-05T20:00:00Z,23133.75,23167.0,23082.0,23090.75,46802.0
2025-08-05T22:00:00Z,23092.0,23113.25,23045.25,23085.75,0.0
2025-08-05T23:00:00Z,23085.25,23097.75,23052.75,23052.75,19335.0
2025-08-06T00:00:00Z,23052.75,23095.0,23049.0,23071.75,21203.0
2025-08-06T01:00:00Z,23072.5,23140.5,23064.5,23136.75,22970.0
2025-08-06T02:00:00Z,23136.5,23168.5,23123.0,23155.25,21030.0
2025-08-06T03:00:00Z,23156.0,23170.75,23144.25,23166.75,12029.0
2025-08-06T04:00:00Z,23172.75,23173.5,23155.75,23162.25,8776.0
2025-08-06T05:00:00Z,23162.0,23202.5,23154.75,23184.75,14987.0
2025-08-06T06:00:00Z,23185.0,23206.75,23180.5,23192.25,14043.0
2025-08-06T07:00:00Z,23192.0,23224.25,23190.5,23220.0,20438.0
2025-08-06T08:00:00Z,23220.75,23227.25,23156.0,23166.0,25126.0
2025-08-06T09:00:00Z,23166.25,23180.0,23132.0,23146.5,19966.0
2025-08-06T10:00:00Z,23147.0,23156.75,23107.5,23144.5,33318.0
2025-08-06T11:00:00Z,23144.25,23197.0,23137.75,23176.75,31615.0
2025-08-06T12:00:00Z,23175.75,23187.0,23140.25,23178.75,37527.0
2025-08-06T13:00:00Z,23178.75,23245.0,23148.75,23201.25,226771.0
2025-08-06T14:00:00Z,23201.5,23289.75,23164.25,23282.25,273206.0
2025-08-06T15:00:00Z,23282.5,23375.5,23258.25,23368.0,169942.0
2025-08-06T16:00:00Z,23368.0,23389.5,23346.0,23370.75,97487.0
2025-08-06T17:00:00Z,23370.75,23396.5,23358.0,23373.25,63811.0
2025-08-06T18:00:00Z,23373.0,23436.0,23370.5,23415.5,79405.0
2025-08-06T19:00:00Z,23415.75,23444.75,23406.75,23423.5,83103.0
2025-08-06T20:00:00Z,23424.75,23425.5,23398.0,23413.0,32149.0
2025-08-06T22:00:00Z,23416.75,23480.0,23385.25,23461.25,0.0
2025-08-06T23:00:00Z,23461.25,23476.75,23443.0,23451.5,16703.0
2025-08-07T00:00:00Z,23451.75,23502.5,23443.75,23488.5,23142.0
2025-08-07T01:00:00Z,23488.25,23511.0,23478.75,23495.75,16568.0
2025-08-07T02:00:00Z,23495.75,23505.75,23485.0,23488.75,10310.0
2025-08-07T03:00:00Z,23488.25,23499.25,23483.5,23490.0,7601.0
2025-08-07T04:00:00Z,23492.75,23499.5,23457.25,23464.75,11564.0
2025-08-07T05:00:00Z,23464.75,23484.75,23454.5,23483.0,12526.0
2025-08-07T06:00:00Z,23482.5,23497.0,23467.25,23472.0,14766.0
2025-08-07T07:00:00Z,23472.25,23513.75,23470.0,23509.5,20940.0
2025-08-07T08:00:00Z,23509.0,23575.75,23507.25,23555.5,35929.0
2025-08-07T09:00:00Z,23555.75,23607.0,23537.25,23602.0,28730.0
2025-08-07T10:00:00Z,23601.25,23623.75,23596.75,23617.0,30107.0
2025-08-07T11:00:00Z,23617.5,23638.0,23580.0,23581.25,32475.0
2025-08-07T12:00:00Z,23581.25,23614.25,23575.0,23597.5,34236.0
2025-08-07T13:00:00Z,23597.5,23659.0,23569.5,23654.0,204644.0
2025-08-07T14:00:00Z,23654.25,23671.25,23518.25,23538.5,294217.0
2025-08-07T15:00:00Z,23538.25,23558.25,23477.0,23497.75,179141.0
2025-08-07T16:00:00Z,23497.75,23514.25,23390.0,23461.0,170358.0
2025-08-07T17:00:00Z,23460.75,23488.0,23381.25,23419.75,161419.0
2025-08-07T18:00:00Z,23419.0,23430.25,23330.0,23406.5,137980.0
2025-08-07T19:00:00Z,23406.5,23504.0,23379.5,23502.0,113213.0
2025-08-07T20:00:00Z,23501.25,23535.25,23498.25,23521.5,35901.0
2025-08-07T22:00:00Z,23519.5,23568.0,23515.5,23554.25,0.0
2025-08-07T23:00:00Z,23554.75,23557.25,23536.5,23540.0,10876.0
2025-08-08T00:00:00Z,23539.75,23583.25,23528.5,23571.75,20354.0
2025-08-08T01:00:00Z,23572.25,23578.5,23554.5,23562.5,11419.0
2025-08-08T02:00:00Z,23562.75,23579.75,23562.5,23575.5,6692.0
2025-08-08T03:00:00Z,23575.0,23577.75,23551.25,23554.0,7814.0
2025-08-08T04:00:00Z,23545.5,23554.5,23537.0,23543.25,9546.0
2025-08-08T05:00:00Z,23543.5,23554.0,23503.25,23509.25,14164.0
2025-08-08T06:00:00Z,23510.0,23554.75,23508.0,23535.25,14849.0
2025-08-08T07:00:00Z,23535.75,23550.75,23524.0,23528.25,15052.0
2025-08-08T08:00:00Z,23528.25,23559.5,23528.25,23553.5,13184.0
2025-08-08T09:00:00Z,23554.0,23578.0,23551.5,23562.5,11076.0
2025-08-08T10:00:00Z,23563.5,23575.75,23560.75,23567.25,7625.0
2025-08-08T11:00:00Z,23567.0,23581.75,23561.75,23574.25,14090.0
2025-08-08T12:00:00Z,23574.75,23576.0,23516.0,23533.5,35882.0
2025-08-08T13:00:00Z,23533.25,23649.0,23521.5,23643.75,154557.0
2025-08-08T14:00:00Z,23643.5,23702.75,23626.25,23652.5,199232.0
2025-08-08T15:00:00Z,23652.25,23681.75,23612.0,23680.25,152217.0
2025-08-08T16:00:00Z,23680.25,23706.75,23674.5,23676.5,89734.0
2025-08-08T17:00:00Z,23676.75,23703.25,23655.0,23700.25,89788.0
2025-08-08T18:00:00Z,23700.25,23724.5,23689.5,23711.0,69984.0
2025-08-08T19:00:00Z,23711.0,23721.25,23676.0,23713.75,95901.0
2025-08-08T20:00:00Z,23714.0,23768.5,23713.0,23713.75,42474.0
2025-08-10T22:00:00Z,23767.25,23770.0,23713.75,23732.0,20737.0
2025-08-10T23:00:00Z,23732.0,23742.25,23701.25,23707.75,16145.0
2025-08-11T00:00:00Z,23707.0,23738.0,23706.75,23732.75,17316.0
2025-08-11T01:00:00Z,23732.5,23762.5,23726.75,23756.75,14938.0
2025-08-11T02:00:00Z,23757.25,23771.0,23750.0,23756.25,13593.0
2025-08-11T03:00:00Z,23756.5,23773.5,23750.5,23756.0,10565.0
2025-08-11T04:00:00Z,23755.0,23759.0,23734.5,23742.0,9581.0
2025-08-11T05:00:00Z,23742.5,23749.0,23731.25,23738.75,8952.0
2025-08-11T06:00:00Z,23739.0,23760.75,23728.5,23760.25,12065.0
2025-08-11T07:00:00Z,23760.0,23765.0,23693.25,23706.75,20332.0
2025-08-11T08:00:00Z,23706.25,23709.5,23667.75,23701.0,27238.0
2025-08-11T09:00:00Z,23700.5,23731.75,23698.0,23723.25,14323.0
2025-08-11T10:00:00Z,23723.0,23745.25,23709.25,23725.75,14606.0
2025-08-11T11:00:00Z,23725.5,23740.5,23719.25,23735.5,14249.0
2025-08-11T12:00:00Z,23735.25,23756.25,23708.0,23722.25,25562.0
2025-08-11T13:00:00Z,23722.25,23745.0,23681.0,23744.5,141116.0
2025-08-11T14:00:00Z,23745.0,23767.5,23710.75,23727.25,146992.0
2025-08-11T15:00:00Z,23726.75,23764.0,23713.75,23764.0,105293.0
2025-08-11T16:00:00Z,23763.75,23804.5,23730.0,23736.25,112961.0
2025-08-11T17:00:00Z,23736.75,23753.0,23688.25,23697.75,85058.0
2025-08-11T18:00:00Z,23698.0,23701.25,23650.75,23686.0,106694.0
2025-08-11T19:00:00Z,23686.0,23690.25,23587.0,23638.25,119972.0
2025-08-11T20:00:00Z,23638.75,23648.5,23616.0,23630.0,27481.0
2025-08-11T22:00:00Z,23632.0,23650.0,23614.25,23640.75,0.0
2025-08-11T23:00:00Z,23640.75,23647.0,23625.25,23636.75,10058.0
2025-08-12T00:00:00Z,23636.0,23666.25,23628.75,23638.75,18706.0
2025-08-12T01:00:00Z,23638.75,23659.5,23631.5,23658.75,11912.0
2025-08-12T02:00:00Z,23658.5,23667.5,23648.75,23651.0,8086.0
2025-08-12T03:00:00Z,23651.25,23664.75,23650.5,23657.0,5516.0
2025-08-12T04:00:00Z,23651.0,23676.75,23650.5,23671.5,6194.0
2025-08-12T05:00:00Z,23672.0,23673.0,23596.0,23629.25,31723.0
2025-08-12T06:00:00Z,23630.0,23669.25,23627.75,23648.75,16896.0
2025-08-12T07:00:00Z,23648.0,23675.75,23638.5,23665.75,16151.0
2025-08-12T08:00:00Z,23665.75,23672.75,23634.75,23641.25,11600.0
2025-08-12T09:00:00Z,23641.25,23652.5,23635.25,23635.75,7838.0
2025-08-12T10:00:00Z,23635.5,23645.5,23625.75,23635.0,10122.0
2025-08-12T11:00:00Z,23635.25,23642.5,23608.5,23640.75,17522.0
2025-08-12T12:00:00Z,23641.0,23822.25,23638.75,23773.5,94295.0
2025-08-12T13:00:00Z,23773.25,23808.5,23650.0,23653.5,257523.0
2025-08-12T14:00:00Z,23654.0,23781.75,23622.0,23776.5,222930.0
2025-08-12T15:00:00Z,23776.5,23877.75,23773.0,23867.5,137281.0
2025-08-12T16:00:00Z,23867.5,23911.5,23846.5,23900.0,70354.0
2025-08-12T17:00:00Z,23900.25,23917.0,23885.25,23914.0,52177.0
2025-08-12T18:00:00Z,23914.25,23932.5,23905.25,23907.5,49881.0
2025-08-12T19:00:00Z,23907.5,23949.25,23901.0,23934.0,84296.0
2025-08-12T20:00:00Z,23934.25,23952.5,23924.25,23948.75,23501.0
2025-08-12T22:00:00Z,23947.25,23947.25,23925.5,23930.25,0.0
2025-08-12T23:00:00Z,23930.25,23966.5,23928.0,23960.5,16023.0
2025-08-13T00:00:00Z,23959.75,23967.75,23936.25,23940.75,20338.0
2025-08-13T01:00:00Z,23941.5,23948.25,23925.5,23929.0,10996.0
2025-08-13T02:00:00Z,23928.25,23951.75,23921.0,23946.0,11900.0
2025-08-13T03:00:00Z,23945.75,23958.0,23940.25,23943.0,7388.0
2025-08-13T04:00:00Z,23947.75,23962.5,23946.75,23956.0,6601.0
2025-08-13T05:00:00Z,23956.0,23960.0,23942.75,23945.25,5106.0
2025-08-13T06:00:00Z,23945.5,23973.25,23933.25,23959.25,11850.0
2025-08-13T07:00:00Z,23959.5,23990.75,23957.75,23989.25,15988.0
2025-08-13T08:00:00Z,23989.75,24017.0,23977.0,23994.5,19264.0
2025-08-13T09:00:00Z,23994.0,24009.75,23984.25,24006.0,9902.0
2025-08-13T10:00:00Z,24006.0,24012.75,23987.25,23993.25,10872.0
2025-08-13T11:00:00Z,23992.75,24006.75,23984.0,23993.5,13111.0
2025-08-13T12:00:00Z,23993.5,24033.25,23988.75,24019.25,22300.0
2025-08-13T13:00:00Z,24019.75,24069.0,24005.0,24017.25,157413.0
2025-08-13T14:00:00Z,24017.5,24017.5,23932.5,23959.25,217568.0
2025-08-13T15:00:00Z,23959.25,23960.75,23892.25,23925.0,165588.0
2025-08-13T16:00:00Z,23925.5,23939.75,23886.0,23899.75,86910.0
2025-08-13T17:00:00Z,23899.25,23947.75,23895.5,23938.75,90107.0
2025-08-13T18:00:00Z,23939.0,23954.25,23887.25,23933.25,87281.0
2025-08-13T19:00:00Z,23933.75,23957.5,23911.5,23943.5,89026.0
2025-08-13T20:00:00Z,23943.25,23960.25,23919.25,23927.75,24148.0
2025-08-13T22:00:00Z,23930.0,23951.25,23912.25,23948.75,0.0
2025-08-13T23:00:00Z,23948.75,23964.25,23938.5,23949.25,9487.0
2025-08-14T00:00:00Z,23949.5,23958.75,23930.0,23932.25,12350.0
2025-08-14T01:00:00Z,23932.0,23936.25,23916.5,23931.25,11219.0
2025-08-14T02:00:00Z,23931.75,23940.75,23923.75,23940.0,7717.0
2025-08-14T03:00:00Z,23939.75,23945.25,23922.25,23927.75,6109.0
2025-08-14T04:00:00Z,23929.0,23935.75,23919.75,23933.0,4890.0
2025-08-14T05:00:00Z,23933.5,23934.5,23897.5,23909.75,8706.0
2025-08-14T06:00:00Z,23909.0,23917.25,23899.5,23916.0,10479.0
2025-08-14T07:00:00Z,23915.5,23934.0,23912.0,23933.75,11273.0
2025-08-14T08:00:00Z,23933.0,23941.75,23920.75,23924.75,8100.0
2025-08-14T09:00:00Z,23924.5,23937.75,23917.25,23926.75,6878.0
2025-08-14T10:00:00Z,23926.25,23936.5,23917.75,23935.0,6645.0
2025-08-14T11:00:00Z,23934.5,23957.0,23926.5,23955.0,11320.0
2025-08-14T12:00:00Z,23954.25,23965.0,23793.25,23844.0,94378.0
2025-08-14T13:00:00Z,23843.0,23960.25,23816.5,23936.5,184727.0
2025-08-14T14:00:00Z,23935.75,24005.5,23904.75,23955.75,174047.0
2025-08-14T15:00:00Z,23956.0,23960.75,23862.75,23931.25,171315.0
2025-08-14T16:00:00Z,23931.5,23951.5,23864.5,23947.25,128432.0
2025-08-14T17:00:00Z,23947.25,23979.75,23937.5,23962.5,83256.0
2025-08-14T18:00:00Z,23963.0,23963.0,23891.75,23923.75,89440.0
2025-08-14T19:00:00Z,23923.75,23959.0,23916.75,23921.5,86105.0
2025-08-14T20:00:00Z,23921.75,23923.25,23870.25,23891.0,48760.0
2025-08-14T22:00:00Z,23891.25,23899.25,23872.0,23895.5,0.0
2025-08-14T23:00:00Z,23896.0,23911.0,23888.0,23888.75,10406.0
2025-08-15T00:00:00Z,23889.25,23914.0,23873.75,23891.5,15966.0
2025-08-15T01:00:00Z,23891.5,23911.5,23889.75,23903.5,9532.0
2025-08-15T02:00:00Z,23904.0,23927.0,23902.75,23917.75,11475.0
2025-08-15T03:00:00Z,23918.0,23929.5,23910.5,23928.0,6976.0
2025-08-15T04:00:00Z,23939.75,23946.5,23931.25,23937.25,9697.0
2025-08-15T05:00:00Z,23937.25,23945.0,23923.5,23942.0,8184.0
2025-08-15T06:00:00Z,23941.0,23960.25,23933.75,23950.75,10937.0
2025-08-15T07:00:00Z,23949.75,23962.75,23929.0,23940.0,11993.0
2025-08-15T08:00:00Z,23940.25,23954.25,23877.25,23883.75,19886.0
2025-08-15T09:00:00Z,23883.25,23896.75,23878.0,23879.25,12502.0
2025-08-15T10:00:00Z,23879.75,23919.25,23871.5,23907.5,17144.0
2025-08-15T11:00:00Z,23907.25,23927.25,23904.5,23920.25,10886.0
2025-08-15T12:00:00Z,23921.0,23921.25,23884.25,23905.25,33142.0
2025-08-15T13:00:00Z,23904.5,23924.25,23770.5,23806.75,188741.0
2025-08-15T14:00:00Z,23803.5,23883.25,23766.0,23800.0,216472.0
2025-08-15T15:00:00Z,23800.0,23835.25,23735.0,23788.25,158969.0
2025-08-15T16:00:00Z,23787.25,23826.0,23763.0,23819.0,103348.0
2025-08-15T17:00:00Z,23818.75,23843.5,23786.0,23839.75,76192.0
2025-08-15T18:00:00Z,23839.75,23847.75,23792.25,23811.0,80083.0
2025-08-15T19:00:00Z,23811.0,23830.5,23775.75,23805.0,93333.0
2025-08-15T20:00:00Z,23805.5,23812.75,23777.75,23804.0,25452.0
2025-08-17T22:00:00Z,23795.0,23854.25,23792.0,23848.25,16878.0
2025-08-17T23:00:00Z,23848.0,23860.25,23840.0,23851.0,10182.0
2025-08-18T00:00:00Z,23849.75,23866.5,23845.25,23857.5,11785.0
2025-08-18T01:00:00Z,23857.25,23882.0,23855.25,23881.75,9701.0
2025-08-18T02:00:00Z,23881.25,23881.75,23867.25,23877.0,7460.0
2025-08-18T03:00:00Z,23877.0,23880.0,23856.25,23861.75,7106.0
2025-08-18T04:00:00Z,23857.5,23860.0,23845.5,23849.5,8322.0
2025-08-18T05:00:00Z,23849.0,23857.75,23841.0,23852.25,6822.0
2025-08-18T06:00:00Z,23851.75,23854.75,23772.5,23802.5,22457.0
2025-08-18T07:00:00Z,23802.25,23816.25,23780.75,23805.5,21734.0
2025-08-18T08:00:00Z,23805.5,23812.0,23743.5,23778.75,23843.0
2025-08-18T09:00:00Z,23778.75,23782.25,23738.75,23759.0,14985.0
2025-08-18T10:00:00Z,23759.0,23792.0,23757.0,23788.0,12280.0
2025-08-18T11:00:00Z,23788.0,23791.25,23747.25,23770.75,17628.0
2025-08-18T12:00:00Z,23770.0,23777.0,23745.25,23775.5,19963.0
2025-08-18T13:00:00Z,23775.0,23818.25,23735.0,23749.0,157823.0
2025-08-18T14:00:00Z,23749.0,23824.5,23718.75,23778.25,203021.0
2025-08-18T15:00:00Z,23777.5,23784.25,23728.5,23747.0,107174.0
2025-08-18T16:00:00Z,23747.25,23780.25,23722.5,23734.75,86201.0
2025-08-18T17:00:00Z,23735.25,23799.75,23733.0,23760.0,80324.0
2025-08-18T18:00:00Z,23760.25,23803.0,23747.0,23795.5,63693.0
2025-08-18T19:00:00Z,23795.5,23816.0,23784.0,23796.25,75898.0
2025-08-18T20:00:00Z,23796.75,23806.25,23783.5,23789.5,21587.0
2025-08-18T22:00:00Z,23799.0,23839.75,23791.0,23820.5,0.0
2025-08-18T23:00:00Z,23820.25,23826.0,23802.0,23804.75,8140.0
2025-08-19T00:00:00Z,23805.0,23806.0,23762.5,23780.75,18153.0
2025-08-19T01:00:00Z,23781.5,23792.25,23771.0,23771.5,12052.0
2025-08-19T02:00:00Z,23770.75,23784.5,23761.75,23764.5,10342.0
2025-08-19T03:00:00Z,23763.5,23786.75,23751.0,23755.5,11880.0
2025-08-19T04:00:00Z,23747.5,23761.5,23738.75,23758.0,10649.0
2025-08-19T05:00:00Z,23757.75,23763.5,23730.75,23736.25,12305.0
2025-08-19T06:00:00Z,23735.5,23767.0,23734.25,23762.75,10282.0
2025-08-19T07:00:00Z,23763.0,23772.5,23747.75,23770.0,12992.0
2025-08-19T08:00:00Z,23770.0,23788.0,23745.5,23787.25,14970.0
2025-08-19T09:00:00Z,23787.25,23805.0,23781.5,23787.75,12575.0
2025-08-19T10:00:00Z,23787.75,23790.25,23751.0,23763.5,18063.0
2025-08-19T11:00:00Z,23763.5,23777.75,23755.0,23774.75,15355.0
2025-08-19T12:00:00Z,23774.75,23783.25,23739.25,23743.5,27995.0
2025-08-19T13:00:00Z,23744.0,23770.75,23639.25,23678.75,223575.0
2025-08-19T14:00:00Z,23678.0,23728.0,23540.0,23541.25,290823.0
2025-08-19T15:00:00Z,23540.75,23590.0,23514.0,23558.75,162352.0
2025-08-19T16:00:00Z,23558.75,23578.0,23469.75,23482.25,147759.0
2025-08-19T17:00:00Z,23482.5,23516.0,23445.25,23506.75,120772.0
2025-08-19T18:00:00Z,23506.75,23508.0,23444.25,23462.25,98775.0
2025-08-19T19:00:00Z,23462.0,23477.0,23425.25,23469.75,109838.0
2025-08-19T20:00:00Z,23470.25,23487.5,23464.25,23473.25,29494.0
2025-08-19T22:00:00Z,23456.0,23489.0,23449.75,23457.25,0.0
2025-08-19T23:00:00Z,23458.25,23466.5,23413.5,23422.0,22401.0
2025-08-20T00:00:00Z,23422.75,23424.0,23398.0,23414.75,22640.0
2025-08-20T01:00:00Z,23414.25,23431.25,23367.75,23379.0,28218.0
2025-08-20T02:00:00Z,23379.25,23395.0,23368.0,23391.5,11688.0
2025-08-20T03:00:00Z,23381.19921875,23385.0,23338.0,23345.25,21020.0
2025-08-20T04:00:00Z,23351.25,23368.25,23344.75,23351.75,14059.0
2025-08-20T05:00:00Z,23351.75,23366.75,23334.5,23365.75,13608.0
2025-08-20T06:00:00Z,23365.25,23392.5,23344.75,23389.0,21824.0
2025-08-20T07:00:00Z,23389.0,23430.25,23385.75,23399.0,25778.0
2025-08-20T08:00:00Z,23399.5,23421.5,23370.75,23414.5,26600.0
2025-08-20T09:00:00Z,23414.0,23439.5,23406.5,23432.25,15221.0
2025-08-20T10:00:00Z,23432.75,23440.75,23403.0,23425.5,15470.0
2025-08-20T11:00:00Z,23425.25,23452.0,23374.75,23413.75,30797.0
2025-08-20T12:00:00Z,23413.25,23436.5,23396.5,23426.0,32535.0
2025-08-20T13:00:00Z,23426.75,23432.0,23146.0,23173.75,266726.0
2025-08-20T14:00:00Z,23173.75,23214.5,23035.25,23057.25,337154.0
2025-08-20T15:00:00Z,23057.5,23266.25,23046.0,23171.75,239781.0
2025-08-20T16:00:00Z,23171.5,23303.75,23168.75,23233.5,155685.0
2025-08-20T17:00:00Z,23233.75,23315.5,23225.5,23265.25,137391.0
2025-08-20T18:00:00Z,23263.75,23280.5,23191.0,23244.0,143942.0
2025-08-20T19:00:00Z,23244.25,23368.5,23243.75,23325.5,131248.0
2025-08-20T20:00:00Z,23325.5,23331.5,23306.5,23318.75,22348.0
2025-08-20T22:00:00Z,23322.0,23342.75,23312.5,23319.5,0.0
2025-08-20T23:00:00Z,23320.5,23330.0,23306.0,23319.5,10548.0
2025-08-21T00:00:00Z,23319.25,23324.0,23269.0,23292.5,24136.0
2025-08-21T01:00:00Z,23292.0,23355.75,23267.5,23353.0,24032.0
2025-08-21T02:00:00Z,23353.0,23369.5,23341.0,23354.25,17648.0
2025-08-21T03:00:00Z,23354.75,23360.75,23337.0,23344.75,8772.0
2025-08-21T04:00:00Z,23335.0,23347.25,23330.25,23340.5,8627.0
2025-08-21T05:00:00Z,23341.25,23350.0,23311.5,23341.25,14129.0
2025-08-21T06:00:00Z,23341.0,23368.25,23332.25,23355.75,15472.0
2025-08-21T07:00:00Z,23354.75,23359.75,23321.5,23344.0,19819.0
2025-08-21T08:00:00Z,23343.5,23357.5,23296.75,23298.5,19192.0
2025-08-21T09:00:00Z,23298.0,23328.75,23289.75,23304.5,16156.0
2025-08-21T10:00:00Z,23304.5,23318.0,23279.25,23312.5,22283.0
2025-08-21T11:00:00Z,23312.25,23335.0,23264.5,23281.25,30174.0
2025-08-21T12:00:00Z,23281.5,23281.75,23212.75,23223.5,55817.0
2025-08-21T13:00:00Z,23223.5,23290.5,23175.0,23186.5,243051.0
2025-08-21T14:00:00Z,23186.5,23348.25,23155.25,23295.0,288382.0
2025-08-21T15:00:00Z,23295.5,23312.75,23191.0,23204.0,215225.0
2025-08-21T16:00:00Z,23204.0,23214.75,23150.25,23161.25,153803.0
2025-08-21T17:00:00Z,23161.25,23224.0,23119.5,23215.25,152102.0
2025-08-21T18:00:00Z,23214.5,23234.75,23179.25,23225.0,103776.0
2025-08-21T19:00:00Z,23225.5,23254.75,23203.5,23218.25,106215.0
2025-08-21T20:00:00Z,23218.0,23226.25,23199.5,23222.5,24779.0
2025-08-21T22:00:00Z,23228.0,23250.5,23223.25,23244.25,0.0
2025-08-21T23:00:00Z,23244.25,23253.0,23231.25,23248.0,9998.0
2025-08-22T00:00:00Z,23249.0,23250.5,23180.25,23213.25,29424.0
2025-08-22T01:00:00Z,23213.75,23221.75,23192.75,23206.0,17481.0
2025-08-22T02:00:00Z,23206.5,23234.0,23204.0,23207.25,13458.0
2025-08-22T03:00:00Z,23206.75,23210.75,23191.75,23194.75,11067.0
2025-08-22T04:00:00Z,23203.0,23215.75,23201.0,23209.5,6195.0
2025-08-22T05:00:00Z,23209.25,23213.0,23180.75,23191.0,12259.0
2025-08-22T06:00:00Z,23191.0,23191.0,23074.5,23139.0,38921.0
2025-08-22T07:00:00Z,23138.5,23201.0,23134.0,23196.25,26884.0
2025-08-22T08:00:00Z,23195.75,23256.75,23191.0,23253.75,26167.0
2025-08-22T09:00:00Z,23253.25,23254.5,23230.25,23252.25,13042.0
2025-08-22T10:00:00Z,23251.75,23274.75,23251.0,23265.25,16861.0
2025-08-22T11:00:00Z,23265.5,23281.0,23241.0,23252.5,20138.0
2025-08-22T12:00:00Z,23252.5,23275.0,23239.75,23242.5,29082.0
2025-08-22T13:00:00Z,23242.5,23343.0,23206.25,23265.25,195525.0
2025-08-22T14:00:00Z,23269.5,23644.0,23269.5,23602.75,458359.0
2025-08-22T15:00:00Z,23603.25,23650.0,23565.0,23569.0,151448.0
2025-08-22T16:00:00Z,23569.25,23592.0,23507.0,23528.5,132619.0
2025-08-22T17:00:00Z,23528.25,23625.25,23527.75,23605.5,99066.0
2025-08-22T18:00:00Z,23606.25,23617.0,23581.5,23586.25,67683.0
2025-08-22T19:00:00Z,23586.25,23594.0,23531.25,23565.75,108760.0
2025-08-22T20:00:00Z,23565.25,23587.5,23549.75,23569.75,27748.0
2025-08-24T22:00:00Z,23600.0,23610.0,23545.0,23571.0,22661.0
2025-08-24T23:00:00Z,23571.25,23589.25,23558.75,23574.5,18171.0
2025-08-25T00:00:00Z,23575.0,23597.5,23550.25,23555.75,22057.0
2025-08-25T01:00:00Z,23555.75,23558.25,23534.25,23535.5,14413.0
2025-08-25T02:00:00Z,23534.75,23549.75,23518.5,23524.25,14844.0
2025-08-25T03:00:00Z,23524.5,23552.25,23520.25,23548.5,11243.0
2025-08-25T04:00:00Z,23547.5,23559.25,23544.0,23554.25,7480.0
2025-08-25T05:00:00Z,23555.25,23568.5,23550.5,23565.5,8793.0
2025-08-25T06:00:00Z,23565.75,23568.5,23519.25,23522.25,12898.0
2025-08-25T07:00:00Z,23521.75,23536.75,23508.25,23526.0,18411.0
2025-08-25T08:00:00Z,23526.0,23538.5,23505.5,23510.0,15993.0
2025-08-25T09:00:00Z,23510.0,23513.0,23486.25,23504.0,17720.0
2025-08-25T10:00:00Z,23504.0,23504.75,23462.0,23479.75,18475.0
2025-08-25T11:00:00Z,23480.75,23501.0,23469.75,23497.25,15853.0
2025-08-25T12:00:00Z,23497.25,23497.75,23463.0,23479.5,27391.0
2025-08-25T13:00:00Z,23479.25,23520.5,23445.0,23519.5,194161.0
2025-08-25T14:00:00Z,23519.0,23575.0,23504.5,23570.75,224401.0
2025-08-25T15:00:00Z,23570.75,23616.75,23564.5,23600.75,126364.0
2025-08-25T16:00:00Z,23600.75,23614.0,23587.75,23596.25,68381.0
2025-08-25T17:00:00Z,23596.25,23598.0,23557.25,23578.0,82105.0
2025-08-25T18:00:00Z,23578.25,23584.75,23549.25,23552.25,65588.0
2025-08-25T19:00:00Z,23552.5,23573.75,23488.75,23495.5,97367.0
2025-08-25T20:00:00Z,23495.75,23518.5,23485.5,23502.25,30845.0
2025-08-25T22:00:00Z,23510.25,23520.5,23498.25,23511.5,0.0
2025-08-25T23:00:00Z,23511.75,23516.75,23489.0,23496.5,11531.0
2025-08-26T00:00:00Z,23496.25,23509.5,23371.25,23417.75,83230.0
2025-08-26T01:00:00Z,23417.25,23456.75,23410.0,23424.25,28526.0
2025-08-26T02:00:00Z,23425.0,23475.5,23423.25,23448.75,18867.0
2025-08-26T03:00:00Z,23449.0,23457.5,23440.25,23451.75,8096.0
2025-08-26T04:00:00Z,23456.5,23460.25,23440.5,23455.5,7464.0
2025-08-26T05:00:00Z,23455.5,23484.25,23455.5,23476.25,11377.0
2025-08-26T06:00:00Z,23476.5,23484.25,23443.5,23453.75,15699.0
2025-08-26T07:00:00Z,23454.0,23464.75,23415.25,23443.0,28667.0
2025-08-26T08:00:00Z,23443.0,23469.25,23440.0,23459.75,16845.0
2025-08-26T09:00:00Z,23459.5,23481.5,23452.5,23474.25,11052.0
2025-08-26T10:00:00Z,23474.25,23505.75,23470.75,23491.25,14568.0
2025-08-26T11:00:00Z,23491.25,23495.0,23443.25,23469.5,23196.0
2025-08-26T12:00:00Z,23469.25,23480.0,23438.5,23470.5,28247.0
2025-08-26T13:00:00Z,23470.75,23518.5,23427.0,23494.5,212747.0
2025-08-26T14:00:00Z,23494.25,23551.5,23482.0,23522.5,210441.0
2025-08-26T15:00:00Z,23522.0,23538.5,23493.0,23517.75,121482.0
2025-08-26T16:00:00Z,23517.75,23556.25,23517.75,23539.5,75992.0
2025-08-26T17:00:00Z,23539.25,23545.0,23479.0,23502.25,91518.0
2025-08-26T18:00:00Z,23502.75,23556.0,23498.75,23550.0,74686.0
2025-08-26T19:00:00Z,23549.75,23600.0,23534.5,23587.0,132332.0
2025-08-26T20:00:00Z,23587.0,23611.0,23583.0,23607.25,25832.0
2025-08-26T22:00:00Z,23607.25,23625.0,23600.75,23616.25,0.0
2025-08-26T23:00:00Z,23616.0,23624.25,23609.75,23614.0,7354.0
2025-08-27T00:00:00Z,23614.5,23616.75,23594.5,23598.25,11303.0
2025-08-27T01:00:00Z,23598.25,23629.0,23598.0,23627.5,12592.0
2025-08-27T02:00:00Z,23627.75,23628.75,23609.25,23611.75,9251.0
2025-08-27T03:00:00Z,23611.75,23621.5,23609.5,23613.0,5757.0
2025-08-27T04:00:00Z,23608.25,23621.75,23607.25,23616.5,6186.0
2025-08-27T05:00:00Z,23616.5,23617.25,23592.25,23600.75,10425.0
2025-08-27T06:00:00Z,23600.25,23619.75,23595.25,23603.25,11668.0
2025-08-27T07:00:00Z,23602.75,23615.5,23575.75,23595.0,17277.0
2025-08-27T08:00:00Z,23595.5,23600.0,23567.5,23587.5,13456.0
2025-08-27T09:00:00Z,23587.0,23603.5,23584.75,23596.75,9061.0
2025-08-27T10:00:00Z,23596.25,23606.25,23591.0,23600.25,7628.0
2025-08-27T11:00:00Z,23600.25,23615.0,23597.0,23608.0,9841.0
2025-08-27T12:00:00Z,23607.75,23621.0,23563.5,23581.75,35974.0
2025-08-27T13:00:00Z,23581.75,23585.75,23488.5,23535.0,216117.0
2025-08-27T14:00:00Z,23534.75,23616.0,23526.25,23600.0,174155.0
2025-08-27T15:00:00Z,23600.25,23631.75,23574.0,23623.75,109746.0
2025-08-27T16:00:00Z,23623.25,23624.75,23542.0,23600.5,128746.0
2025-08-27T17:00:00Z,23600.5,23624.5,23587.0,23621.25,57310.0
2025-08-27T18:00:00Z,23621.25,23657.5,23614.25,23626.75,67027.0
2025-08-27T19:00:00Z,23626.75,23646.5,23552.5,23620.0,122639.0
2025-08-27T20:00:00Z,23620.25,23685.0,23429.0,23542.25,104530.0
2025-08-27T22:00:00Z,23543.0,23550.75,23498.5,23518.5,0.0
2025-08-27T23:00:00Z,23518.0,23526.0,23502.25,23508.25,12915.0
2025-08-28T00:00:00Z,23508.25,23523.5,23486.75,23521.5,23330.0
2025-08-28T01:00:00Z,23521.0,23552.5,23517.5,23547.5,15016.0
2025-08-28T02:00:00Z,23548.25,23564.0,23544.75,23554.25,12629.0
2025-08-28T03:00:00Z,23554.5,23584.5,23553.75,23578.0,13094.0
2025-08-28T04:00:00Z,23562.0,23575.0,23557.5,23561.25,10984.0
2025-08-28T05:00:00Z,23561.25,23567.25,23539.0,23542.75,12445.0
2025-08-28T06:00:00Z,23542.75,23613.0,23540.0,23605.75,20965.0
2025-08-28T07:00:00Z,23606.0,23634.0,23602.75,23632.5,20126.0
2025-08-28T08:00:00Z,23631.75,23662.0,23614.5,23616.5,25886.0
2025-08-28T09:00:00Z,23616.5,23628.25,23608.75,23614.25,12374.0
2025-08-28T10:00:00Z,23614.75,23625.75,23597.5,23611.5,14300.0
2025-08-28T11:00:00Z,23611.25,23619.0,23583.0,23618.25,21388.0
2025-08-28T12:00:00Z,23617.75,23653.5,23593.5,23633.25,55630.0
2025-08-28T13:00:00Z,23633.25,23743.25,23572.5,23610.0,280451.0
2025-08-28T14:00:00Z,23609.5,23730.0,23593.25,23714.0,258384.0
2025-08-28T15:00:00Z,23714.25,23754.25,23664.75,23687.5,163705.0
2025-08-28T16:00:00Z,23687.5,23766.0,23682.75,23732.0,104934.0
2025-08-28T17:00:00Z,23732.25,23774.5,23722.25,23766.25,73085.0
2025-08-28T18:00:00Z,23766.0,23792.5,23761.25,23788.25,57915.0
2025-08-28T19:00:00Z,23788.75,23803.75,23765.0,23766.5,98425.0
2025-08-28T20:00:00Z,23766.5,23774.5,23751.25,23761.25,29928.0
2025-08-28T22:00:00Z,23761.0,23762.75,23734.75,23741.0,0.0
2025-08-28T23:00:00Z,23741.0,23752.5,23736.5,23748.25,8091.0
2025-08-29T00:00:00Z,23747.5,23755.75,23738.0,23746.25,10835.0
2025-08-29T01:00:00Z,23746.0,23751.5,23729.5,23733.0,11347.0
2025-08-29T02:00:00Z,23732.75,23733.25,23718.0,23726.75,8730.0
2025-08-29T03:00:00Z,23726.75,23741.0,23724.25,23728.25,9844.0
2025-08-29T04:00:00Z,23723.75,23727.5,23718.5,23720.25,5545.0
2025-08-29T05:00:00Z,23720.75,23728.25,23713.5,23724.5,8088.0
2025-08-29T06:00:00Z,23724.0,23734.25,23714.0,23717.25,10515.0
2025-08-29T07:00:00Z,23717.25,23737.0,23683.75,23685.25,19956.0
2025-08-29T08:00:00Z,23684.75,23697.0,23624.75,23632.5,34575.0
2025-08-29T09:00:00Z,23632.5,23660.25,23612.0,23645.5,21567.0
2025-08-29T10:00:00Z,23646.25,23660.5,23622.75,23636.75,17804.0
2025-08-29T11:00:00Z,23636.25,23654.5,23630.5,23639.25,16258.0
2025-08-29T12:00:00Z,23639.25,23680.75,23621.0,23667.0,46941.0
2025-08-29T13:00:00Z,23666.5,23670.5,23507.0,23516.0,235473.0
2025-08-29T14:00:00Z,23519.5,23551.75,23413.5,23435.0,337008.0
2025-08-29T15:00:00Z,23435.0,23498.5,23424.75,23432.0,153272.0
2025-08-29T16:00:00Z,23432.0,23491.5,23429.0,23478.25,88653.0
2025-08-29T17:00:00Z,23477.75,23477.75,23401.5,23459.75,126782.0
2025-08-29T18:00:00Z,23459.5,23467.25,23436.5,23459.25,68099.0
2025-08-29T19:00:00Z,23459.0,23495.0,23425.75,23473.25,127249.0
2025-08-29T20:00:00Z,23473.0,23487.75,23450.75,23461.75,38243.0
2025-08-31T22:00:00Z,23478.5,23537.0,23461.75,23536.25,19112.0
2025-08-31T23:00:00Z,23536.25,23546.0,23528.75,23538.0,10347.0
2025-09-01T00:00:00Z,23538.5,23555.25,23529.75,23538.5,12926.0
2025-09-01T01:00:00Z,23538.5,23540.5,23508.0,23517.5,10248.0
2025-09-01T02:00:00Z,23517.75,23518.25,23465.5,23469.0,17624.0
2025-09-01T03:00:00Z,23469.25,23484.75,23431.75,23442.25,20081.0
2025-09-02T04:00:00Z,23438.0,23450.75,23427.25,23438.0,8527.0
2025-09-02T05:00:00Z,23437.5,23439.0,23404.75,23413.25,16308.0
2025-09-02T06:00:00Z,23413.0,23448.0,23406.25,23447.5,14196.0
2025-09-02T07:00:00Z,23447.75,23452.0,23270.0,23277.75,64190.0
2025-09-02T08:00:00Z,23278.5,23333.5,23267.5,23310.0,37983.0
2025-09-02T09:00:00Z,23310.25,23331.25,23290.5,23292.5,17941.0
2025-09-02T10:00:00Z,23292.0,23311.5,23231.25,23253.75,32912.0
2025-09-02T11:00:00Z,23254.25,23260.75,23214.5,23224.75,35151.0
2025-09-02T12:00:00Z,23224.5,23224.5,23060.0,23096.0,99613.0
2025-09-02T13:00:00Z,23096.0,23261.0,23025.0,23233.25,270244.0
2025-09-02T14:00:00Z,23230.0,23280.25,23135.0,23162.0,308823.0
2025-09-02T15:00:00Z,23162.25,23179.25,23026.5,23048.25,195388.0
2025-09-02T16:00:00Z,23048.0,23131.0,23037.75,23126.25,121488.0
2025-09-02T17:00:00Z,23126.5,23226.75,23104.25,23189.0,124351.0
2025-09-02T18:00:00Z,23189.25,23232.75,23157.5,23189.25,105669.0
2025-09-02T19:00:00Z,23189.0,23290.0,23188.5,23276.5,120007.0
2025-09-02T20:00:00Z,23276.5,23386.5,23270.25,23379.25,80283.0
2025-09-02T22:00:00Z,23381.5,23387.5,23335.0,23341.75,0.0
2025-09-02T23:00:00Z,23341.25,23345.75,23326.0,23334.5,12551.0
2025-09-03T00:00:00Z,23333.75,23343.25,23317.75,23330.75,19492.0
2025-09-03T01:00:00Z,23330.5,23340.5,23311.75,23336.75,13438.0
2025-09-03T02:00:00Z,23336.25,23339.25,23313.0,23322.0,8973.0
2025-09-03T03:00:00Z,23322.0,23333.0,23299.75,23325.75,12855.0
2025-09-03T04:00:00Z,23327.5,23337.5,23319.5,23331.5,7857.0
2025-09-03T05:00:00Z,23331.0,23336.75,23308.0,23317.25,11505.0
2025-09-03T06:00:00Z,23316.0,23365.25,23309.25,23345.75,20528.0
2025-09-03T07:00:00Z,23345.75,23382.5,23319.75,23376.5,24645.0
2025-09-03T08:00:00Z,23376.0,23431.75,23370.0,23419.0,29959.0
2025-09-03T09:00:00Z,23419.0,23444.5,23398.25,23438.0,17699.0
2025-09-03T10:00:00Z,23437.75,23448.0,23427.75,23441.0,16582.0
2025-09-03T11:00:00Z,23441.25,23458.5,23407.75,23415.5,33203.0
2025-09-03T12:00:00Z,23416.5,23448.0,23396.0,23423.25,35761.0
2025-09-03T13:00:00Z,23422.75,23457.0,23369.75,23382.0,201182.0
2025-09-03T14:00:00Z,23382.5,23526.0,23372.0,23509.0,276998.0
2025-09-03T15:00:00Z,23509.0,23516.75,23401.75,23415.25,189556.0
2025-09-03T16:00:00Z,23415.0,23464.0,23390.5,23411.0,136137.0
2025-09-03T17:00:00Z,23411.25,23462.0,23346.25,23365.25,143611.0
2025-09-03T18:00:00Z,23365.5,23366.0,23318.25,23341.75,127756.0
2025-09-03T19:00:00Z,23342.25,23454.75,23330.5,23452.0,123554.0
2025-09-03T20:00:00Z,23452.0,23480.0,23447.5,23455.5,35486.0
2025-09-03T22:00:00Z,23456.0,23460.25,23434.25,23434.5,0.0
2025-09-03T23:00:00Z,23435.0,23456.75,23432.25,23438.0,8996.0
2025-09-04T00:00:00Z,23438.0,23515.25,23430.5,23504.0,27447.0
2025-09-04T01:00:00Z,23503.75,23509.75,23484.75,23497.5,15082.0
2025-09-04T02:00:00Z,23498.25,23532.5,23475.75,23480.5,20235.0
2025-09-04T03:00:00Z,23480.0,23484.5,23458.75,23467.75,12078.0
2025-09-04T04:00:00Z,23478.25,23495.25,23478.25,23491.0,9824.0
2025-09-04T05:00:00Z,23490.5,23502.75,23460.0,23468.5,12569.0
2025-09-04T06:00:00Z,23468.5,23484.0,23452.0,23454.25,15264.0
2025-09-04T07:00:00Z,23454.0,23506.0,23450.5,23488.25,20840.0
2025-09-04T08:00:00Z,23488.0,23509.75,23476.75,23496.75,14449.0
2025-09-04T09:00:00Z,23496.75,23518.0,23492.0,23516.25,9000.0
2025-09-04T10:00:00Z,23516.5,23528.75,23503.0,23509.25,17685.0
2025-09-04T11:00:00Z,23508.75,23521.25,23480.5,23497.0,20720.0
2025-09-04T12:00:00Z,23496.75,23529.0,23469.25,23485.0,37447.0
2025-09-04T13:00:00Z,23484.75,23548.25,23457.25,23476.0,197531.0
2025-09-04T14:00:00Z,23479.25,23530.25,23410.0,23521.75,278152.0
2025-09-04T15:00:00Z,23522.25,23556.0,23492.0,23538.25,150155.0
2025-09-04T16:00:00Z,23538.5,23565.25,23512.75,23538.0,97508.0
2025-09-04T17:00:00Z,23538.5,23604.25,23536.5,23583.25,93774.0
2025-09-04T18:00:00Z,23583.5,23624.5,23582.5,23620.0,68573.0
2025-09-04T19:00:00Z,23620.0,23680.5,23616.5,23666.0,105591.0
2025-09-04T20:00:00Z,23666.25,23709.0,23658.5,23683.75,45906.0
2025-09-04T22:00:00Z,23694.0,23714.0,23691.75,23707.5,0.0
2025-09-04T23:00:00Z,23707.0,23722.0,23704.5,23706.25,10390.0
2025-09-05T00:00:00Z,23706.25,23731.75,23701.75,23729.75,12873.0
2025-09-05T01:00:00Z,23729.5,23739.5,23724.5,23734.75,9186.0
2025-09-05T02:00:00Z,23734.75,23742.25,23718.0,23737.0,9704.0
2025-09-05T03:00:00Z,23736.5,23743.25,23729.5,23742.25,6035.0
2025-09-05T04:00:00Z,23743.5,23751.0,23742.5,23744.75,6470.0
2025-09-05T05:00:00Z,23745.0,23770.25,23740.75,23761.25,10961.0
2025-09-05T06:00:00Z,23761.5,23788.0,23759.0,23772.75,13936.0
2025-09-05T07:00:00Z,23772.25,23776.0,23743.5,23756.0,18765.0
2025-09-05T08:00:00Z,23756.0,23787.5,23748.5,23787.25,14525.0
2025-09-05T09:00:00Z,23786.75,23792.0,23777.25,23783.75,10195.0
2025-09-05T10:00:00Z,23783.75,23789.75,23774.25,23776.5,8885.0
2025-09-05T11:00:00Z,23776.25,23800.0,23768.0,23769.25,17937.0
2025-09-05T12:00:00Z,23769.5,23877.0,23725.0,23874.25,102808.0
2025-09-05T13:00:00Z,23874.25,23902.5,23821.5,23852.75,268882.0
2025-09-05T14:00:00Z,23852.75,23854.0,23544.75,23547.5,463533.0
2025-09-05T15:00:00Z,23547.75,23669.0,23505.0,23618.5,279201.0
2025-09-05T16:00:00Z,23618.25,23658.5,23594.25,23654.25,158375.0
2025-09-05T17:00:00Z,23654.0,23661.75,23586.0,23614.0,130211.0
2025-09-05T18:00:00Z,23614.0,23663.5,23602.75,23657.5,91960.0
2025-09-05T19:00:00Z,23657.0,23693.75,23641.25,23690.5,137513.0
2025-09-05T20:00:00Z,23690.75,23696.25,23666.75,23684.0,25058.0
2025-09-07T22:00:00Z,23676.5,23749.0,23650.5,23740.5,30932.0
2025-09-07T23:00:00Z,23740.75,23784.5,23740.25,23777.75,24255.0
2025-09-08T00:00:00Z,23778.0,23792.0,23763.75,23764.25,20476.0
2025-09-08T01:00:00Z,23764.75,23779.5,23757.25,23767.75,15026.0
2025-09-08T02:00:00Z,23768.75,23771.25,23735.75,23741.0,13929.0
2025-09-08T03:00:00Z,23741.5,23763.0,23741.5,23756.25,10695.0
2025-09-08T04:00:00Z,23754.0,23755.75,23726.25,23733.25,10443.0
2025-09-08T05:00:00Z,23734.0,23751.25,23729.25,23731.25,9533.0
2025-09-08T06:00:00Z,23731.0,23763.0,23730.25,23752.5,15337.0
2025-09-08T07:00:00Z,23752.75,23782.0,23749.5,23752.75,18160.0
2025-09-08T08:00:00Z,23753.5,23769.0,23740.75,23764.75,11697.0
2025-09-08T09:00:00Z,23765.0,23785.25,23755.0,23781.5,9520.0
2025-09-08T10:00:00Z,23781.25,23790.0,23769.25,23771.75,11374.0
2025-09-08T11:00:00Z,23771.75,23782.25,23759.75,23763.0,13866.0
2025-09-08T12:00:00Z,23762.75,23779.25,23744.0,23778.75,26411.0
2025-09-08T13:00:00Z,23778.75,23876.5,23766.75,23845.5,211309.0
2025-09-08T14:00:00Z,23846.5,23888.0,23806.25,23859.75,211220.0
2025-09-08T15:00:00Z,23859.5,23884.75,23829.75,23872.75,132000.0
2025-09-08T16:00:00Z,23872.75,23873.75,23790.0,23811.25,133268.0
2025-09-08T17:00:00Z,23811.5,23817.0,23762.25,23782.75,97832.0
2025-09-08T18:00:00Z,23782.5,23819.75,23772.25,23793.5,81685.0
2025-09-08T19:00:00Z,23793.75,23812.5,23758.5,23803.0,118809.0
2025-09-08T20:00:00Z,23803.25,23810.25,23791.75,23798.5,23487.0
2025-09-08T22:00:00Z,23799.75,23829.0,23798.5,23825.25,0.0
2025-09-08T23:00:00Z,23825.75,23831.25,23803.75,23807.25,9125.0
2025-09-09T00:00:00Z,23807.5,23827.0,23802.25,23807.5,10841.0
2025-09-09T01:00:00Z,23807.0,23818.75,23790.75,23813.75,12461.0
2025-09-09T02:00:00Z,23814.5,23847.5,23814.5,23827.25,13571.0
2025-09-09T03:00:00Z,23827.75,23843.25,23826.25,23837.25,6748.0
2025-09-09T04:00:00Z,23837.0,23841.0,23830.5,23838.0,4739.0
2025-09-09T05:00:00Z,23837.0,23842.25,23815.0,23834.5,12659.0
2025-09-09T06:00:00Z,23835.0,23855.75,23830.25,23850.0,13296.0
2025-09-09T07:00:00Z,23850.5,23885.25,23846.75,23855.5,17475.0
2025-09-09T08:00:00Z,23854.75,23857.25,23834.0,23842.75,16238.0
2025-09-09T09:00:00Z,23843.25,23856.5,23835.75,23844.0,10138.0
2025-09-09T10:00:00Z,23844.5,23860.0,23837.75,23845.5,10948.0
2025-09-09T11:00:00Z,23845.5,23853.25,23811.0,23849.5,22631.0
2025-09-09T12:00:00Z,23849.5,23857.75,23833.75,23839.0,23711.0
2025-09-09T13:00:00Z,23839.25,23857.75,23800.25,23815.0,170639.0
2025-09-09T14:00:00Z,23816.0,23850.75,23726.5,23785.75,282968.0
2025-09-09T15:00:00Z,23785.5,23812.75,23752.0,23784.75,138778.0
2025-09-09T16:00:00Z,23784.5,23833.75,23781.75,23821.25,93636.0
2025-09-09T17:00:00Z,23821.0,23855.25,23821.0,23839.5,80244.0
2025-09-09T18:00:00Z,23839.0,23849.0,23822.0,23844.0,64454.0
2025-09-09T19:00:00Z,23844.25,23887.75,23835.0,23867.25,95990.0
2025-09-09T20:00:00Z,23867.5,23918.0,23847.75,23889.0,54032.0
2025-09-09T22:00:00Z,23900.25,23911.75,23890.0,23895.5,0.0
2025-09-09T23:00:00Z,23896.0,23898.25,23874.0,23885.75,11860.0
2025-09-10T00:00:00Z,23885.5,23899.0,23881.0,23886.0,10043.0
2025-09-10T01:00:00Z,23886.5,23906.75,23877.5,23902.5,11406.0
2025-09-10T02:00:00Z,23902.75,23916.5,23897.25,23910.75,8499.0
2025-09-10T03:00:00Z,23911.5,23919.75,23911.0,23917.25,4780.0
2025-09-10T04:00:00Z,23919.5,23924.5,23916.25,23921.75,4838.0
2025-09-10T05:00:00Z,23921.5,23930.0,23911.5,23918.75,12372.0
2025-09-10T06:00:00Z,23918.75,23948.25,23912.25,23943.75,15091.0
2025-09-10T07:00:00Z,23943.75,23953.75,23935.0,23938.0,12080.0
2025-09-10T08:00:00Z,23938.25,23940.75,23887.0,23895.75,20320.0
2025-09-10T09:00:00Z,23896.25,23910.5,23881.0,23908.75,14116.0
2025-09-10T10:00:00Z,23909.0,23927.5,23903.25,23924.5,12056.0
2025-09-10T11:00:00Z,23924.75,23957.5,23921.75,23949.0,18590.0
2025-09-10T12:00:00Z,23948.5,24041.0,23930.0,24004.25,63779.0
2025-09-10T13:00:00Z,24004.25,24015.0,23894.25,23930.5,224727.0
2025-09-10T14:00:00Z,23930.5,23990.75,23923.75,23967.0,205863.0
2025-09-10T15:00:00Z,23966.75,23979.0,23920.75,23949.75,142158.0
2025-09-10T16:00:00Z,23950.0,23950.75,23897.0,23924.0,110702.0
2025-09-10T17:00:00Z,23924.0,23940.5,23875.5,23898.0,111734.0
2025-09-10T18:00:00Z,23897.5,23899.75,23835.75,23862.5,112189.0
2025-09-10T19:00:00Z,23862.25,23892.75,23785.0,23874.0,162567.0
2025-09-10T20:00:00Z,23873.75,23885.5,23856.75,23859.0,26058.0
2025-09-10T22:00:00Z,23856.75,23908.5,23851.5,23897.25,0.0
2025-09-10T23:00:00Z,23897.25,23913.5,23892.0,23900.75,11017.0
2025-09-11T00:00:00Z,23900.5,23912.75,23870.75,23904.75,15627.0
2025-09-11T01:00:00Z,23904.5,23916.75,23898.75,23907.5,10547.0
2025-09-11T02:00:00Z,23907.25,23916.5,23900.0,23907.25,7198.0
2025-09-11T03:00:00Z,23907.5,23919.0,23904.75,23912.75,4520.0
2025-09-11T04:00:00Z,23914.25,23915.5,23878.0,23879.0,10469.0
2025-09-11T05:00:00Z,23880.0,23896.25,23871.5,23885.5,11186.0
2025-09-11T06:00:00Z,23884.75,23923.25,23878.25,23917.75,13346.0
2025-09-11T07:00:00Z,23918.25,23935.25,23906.25,23930.75,13377.0
2025-09-11T08:00:00Z,23931.0,23942.0,23917.25,23922.25,10835.0
2025-09-11T09:00:00Z,23922.5,23929.75,23907.75,23920.25,8349.0
2025-09-11T10:00:00Z,23920.0,23950.0,23918.25,23945.5,11327.0
2025-09-11T11:00:00Z,23946.0,23956.0,23939.0,23945.75,12001.0
2025-09-11T12:00:00Z,23946.0,23976.0,23845.0,23959.5,94251.0
2025-09-11T13:00:00Z,23959.25,23997.75,23909.75,23979.25,215210.0
2025-09-11T14:00:00Z,23978.75,24022.0,23946.75,24003.75,219131.0
2025-09-11T15:00:00Z,24003.5,24048.75,24000.25,24024.25,132648.0
2025-09-11T16:00:00Z,24024.0,24043.5,23994.75,24008.5,82593.0
2025-09-11T17:00:00Z,24009.0,24034.5,23997.25,24032.5,83697.0
2025-09-11T18:00:00Z,24033.0,24042.25,24014.0,24033.75,58821.0
2025-09-11T19:00:00Z,24033.5,24044.25,24007.5,24011.75,85068.0
2025-09-11T20:00:00Z,24011.75,24023.75,24003.75,24006.5,32693.0
2025-09-11T22:00:00Z,24028.0,24029.5,24001.0,24013.0,0.0
2025-09-11T23:00:00Z,24013.5,24025.5,24005.25,24019.25,7978.0
2025-09-12T00:00:00Z,24019.75,24023.5,24006.0,24009.25,10980.0
2025-09-12T01:00:00Z,24010.0,24017.25,24001.0,24004.75,8224.0
2025-09-12T02:00:00Z,24004.5,24007.0,23992.0,24003.75,9165.0
2025-09-12T03:00:00Z,24004.0,24009.0,24000.25,24008.5,3942.0
2025-09-12T04:00:00Z,24012.25,24025.5,24012.25,24020.25,7300.0
2025-09-12T05:00:00Z,24020.25,24039.5,24018.25,24034.5,7814.0
2025-09-12T06:00:00Z,24035.0,24036.0,24006.0,24023.5,12343.0
2025-09-12T07:00:00Z,24022.75,24031.5,24006.75,24010.5,12757.0
2025-09-12T08:00:00Z,24010.25,24019.0,23982.75,24002.75,21932.0
2025-09-12T09:00:00Z,24002.5,24019.5,23995.75,24010.75,9969.0
2025-09-12T10:00:00Z,24010.75,24024.25,24005.25,24022.75,8207.0
2025-09-12T11:00:00Z,24023.0,24048.0,24009.5,24044.5,15809.0
2025-09-12T12:00:00Z,24044.5,24047.0,24014.75,24042.0,29124.0
2025-09-12T13:00:00Z,24041.75,24063.5,24002.0,24046.75,157714.0
2025-09-12T14:00:00Z,24046.0,24115.75,24018.0,24106.0,189605.0
2025-09-12T15:00:00Z,24106.25,24111.25,24072.0,24090.75,118917.0
2025-09-12T16:00:00Z,24090.75,24124.75,24071.25,24110.5,83207.0
2025-09-12T17:00:00Z,24110.5,24129.0,24091.5,24124.0,62379.0
2025-09-12T18:00:00Z,24124.0,24159.0,24113.0,24154.0,74766.0
2025-09-12T19:00:00Z,24154.0,24157.5,24087.5,24109.25,136737.0
2025-09-12T20:00:00Z,24109.5,24119.25,24096.75,24113.25,28259.0
2025-09-14T22:00:00Z,24112.25,24129.75,24099.25,24124.75,8722.0
2025-09-14T23:00:00Z,24124.5,24129.25,24100.0,24111.0,7251.0
2025-09-15T00:00:00Z,24110.25,24115.5,24091.5,24109.5,8673.0
2025-09-15T01:00:00Z,24109.75,24118.75,24105.25,24114.75,4401.0
2025-09-15T02:00:00Z,24114.0,24125.0,24108.75,24118.5,4669.0
2025-09-15T03:00:00Z,24118.5,24132.5,24116.5,24122.25,4572.0
2025-09-15T04:00:00Z,24121.5,24136.0,24120.0,24131.25,3142.0
2025-09-15T05:00:00Z,24131.0,24144.75,24122.75,24140.0,4171.0
2025-09-15T06:00:00Z,24140.0,24150.0,24131.5,24147.0,5362.0
2025-09-15T07:00:00Z,24146.75,24159.25,24137.5,24138.5,8254.0
2025-09-15T08:00:00Z,24139.0,24141.5,24075.5,24095.25,20479.0
2025-09-15T09:00:00Z,24095.5,24100.5,24080.5,24095.5,6420.0
2025-09-15T10:00:00Z,24095.75,24133.25,24091.25,24127.25,7943.0
2025-09-15T11:00:00Z,24127.5,24148.0,24126.25,24143.75,8284.0
2025-09-15T12:00:00Z,24144.0,24175.0,24140.25,24173.0,20494.0
2025-09-15T13:00:00Z,24173.25,24262.25,24162.25,24260.5,83079.0
2025-09-15T14:00:00Z,24260.5,24265.5,24221.0,24262.0,79106.0
2025-09-15T15:00:00Z,24262.25,24289.75,24240.5,24279.75,58377.0
2025-09-15T16:00:00Z,24280.0,24294.25,24260.0,24265.75,37202.0
2025-09-15T17:00:00Z,24266.25,24288.25,24248.75,24287.25,36126.0
2025-09-15T18:00:00Z,24286.75,24292.0,24245.25,24271.0,33839.0
2025-09-15T19:00:00Z,24272.0,24315.75,24261.5,24311.0,45857.0
2025-09-15T20:00:00Z,24311.25,24313.5,24285.75,24295.75,15838.0
2025-09-15T22:00:00Z,24294.5,24297.5,24284.25,24289.0,0.0
2025-09-15T23:00:00Z,24289.75,24308.0,24286.75,24305.0,2934.0
2025-09-16T00:00:00Z,24305.25,24305.5,24284.25,24303.0,3122.0
2025-09-16T01:00:00Z,24303.5,24320.25,24300.0,24314.5,3707.0
2025-09-16T02:00:00Z,24314.5,24344.0,24312.0,24328.25,3741.0
2025-09-16T03:00:00Z,24332.0,24346.25,24330.25,24344.5,2694.0
2025-09-16T04:00:00Z,24340.75,24343.5,24333.75,24338.75,2013.0
2025-09-16T05:00:00Z,24339.0,24360.5,24335.5,24352.75,4196.0
2025-09-16T06:00:00Z,24353.0,24361.5,24342.5,24346.25,3223.0
2025-09-16T07:00:00Z,24346.75,24617.75,24340.25,24602.25,39248.0
2025-09-16T08:00:00Z,24360.0,24646.75,24358.75,24639.25,15324.0
2025-09-16T09:00:00Z,24639.5,24645.5,24373.0,24382.25,0.0
2025-09-16T10:00:00Z,24381.75,24632.25,24373.5,24380.25,3137.0
2025-09-16T11:00:00Z,24380.5,24627.5,24354.5,24605.0,61300.0
2025-09-16T12:00:00Z,24361.5,24608.25,24340.25,24597.0,22364.0
2025-09-16T13:00:00Z,24597.25,24609.75,24280.5,24295.25,0.0
2025-09-16T14:00:00Z,24294.5,24561.0,24278.75,24537.75,303791.0
2025-09-16T15:00:00Z,24538.0,24542.0,24261.25,24509.0,104765.0
2025-09-16T16:00:00Z,24508.75,24532.75,24257.5,24524.0,59641.0
2025-09-16T17:00:00Z,24524.0,24546.0,24282.0,24534.25,48248.0
2025-09-16T18:00:00Z,24534.25,24549.0,24283.5,24546.75,41068.0
2025-09-16T19:00:00Z,24308.75,24561.25,24279.0,24286.25,0.0
2025-09-16T20:00:00Z,24524.25,24544.0,24283.0,24531.0,540829.0
2025-09-16T22:00:00Z,24531.0,24551.5,24286.5,24546.0,0.0
2025-09-16T23:00:00Z,24546.0,24550.25,24296.75,24304.5,0.0
2025-09-17T00:00:00Z,24304.25,24550.0,24291.5,24301.25,2182.0
2025-09-17T01:00:00Z,24540.75,24547.25,24290.25,24531.0,23561.0
2025-09-17T02:00:00Z,24530.75,24533.25,24273.5,24524.25,6547.0
2025-09-17T03:00:00Z,24284.25,24526.75,24278.0,24517.75,3486.0
2025-09-17T04:00:00Z,24518.25,24522.0,24268.5,24518.75,4458.0
2025-09-17T05:00:00Z,24280.5,24527.0,24262.25,24518.0,7300.0
2025-09-17T06:00:00Z,24518.25,24534.0,24271.25,24292.0,0.0
2025-09-17T07:00:00Z,24291.5,24553.0,24284.75,24550.0,53235.0
2025-09-17T08:00:00Z,24308.75,24550.75,24218.0,24513.0,31994.0
2025-09-17T09:00:00Z,24274.75,24533.0,24267.25,24511.75,11155.0
2025-09-17T10:00:00Z,24271.75,24520.5,24248.5,24260.5,0.0
2025-09-17T11:00:00Z,24260.5,24519.5,24247.0,24501.75,109596.0
2025-09-17T12:00:00Z,24263.75,24525.75,24258.5,24524.75,16676.0
2025-09-17T13:00:00Z,24284.75,24540.75,24223.0,24237.0,0.0
2025-09-17T14:00:00Z,24237.25,24480.75,24170.75,24420.0,399268.0
2025-09-17T15:00:00Z,24180.5,24443.0,24159.0,24411.25,85571.0
2025-09-17T16:00:00Z,24410.75,24421.75,24134.0,24389.75,69990.0
2025-09-17T17:00:00Z,24149.0,24460.0,24147.75,24454.75,53917.0
2025-09-17T18:00:00Z,24214.75,24524.25,24003.5,24392.75,373544.0
2025-09-17T19:00:00Z,24391.75,24550.75,24142.75,24231.5,0.0
2025-09-17T20:00:00Z,24475.0,24523.25,24229.25,24259.5,1072961.0
2025-09-17T22:00:00Z,24260.0,24573.25,24248.75,24567.5,0.0
2025-09-17T23:00:00Z,24567.25,24588.0,24323.25,24584.0,14175.0
2025-09-18T00:00:00Z,24584.25,24584.75,24317.25,24564.5,12650.0
2025-09-18T01:00:00Z,24564.5,24597.25,24317.25,24593.25,13935.0
2025-09-18T02:00:00Z,24349.0,24622.75,24343.25,24620.5,11559.0
2025-09-18T03:00:00Z,24620.75,24644.75,24376.75,24638.0,14630.0
2025-09-18T04:00:00Z,24630.25,24653.75,24388.75,24646.0,8707.0
2025-09-18T05:00:00Z,24645.5,24650.75,24368.25,24615.0,13235.0
2025-09-18T06:00:00Z,24372.75,24626.0,24344.25,24624.0,18830.0
2025-09-18T07:00:00Z,24383.0,24671.75,24377.5,24663.25,24261.0
2025-09-18T08:00:00Z,24663.5,24732.5,24414.5,24728.0,29408.0
2025-09-18T09:00:00Z,24486.5,24733.5,24466.75,24717.0,17828.0
2025-09-18T10:00:00Z,24717.75,24729.5,24450.25,24706.5,14797.0
2025-09-18T11:00:00Z,24464.75,24755.75,24455.25,24742.25,31466.0
2025-09-18T12:00:00Z,24742.75,24766.0,24446.25,24690.0,35730.0
2025-09-18T13:00:00Z,24690.0,24713.25,24355.75,24697.25,241484.0
2025-09-18T14:00:00Z,24451.5,24809.0,24450.0,24734.25,209475.0
2025-09-18T15:00:00Z,24734.75,24815.75,24480.0,24736.5,152354.0
2025-09-18T16:00:00Z,24736.25,24793.75,24475.0,24788.0,82942.0
2025-09-18T17:00:00Z,24540.5,24796.75,24477.0,24734.75,84975.0
2025-09-18T18:00:00Z,24488.25,24766.25,24480.75,24756.25,73499.0
2025-09-18T19:00:00Z,24509.25,24759.25,24451.0,24698.25,102698.0
2025-09-18T20:00:00Z,24453.75,24722.5,24438.0,24713.75,30017.0
2025-09-18T22:00:00Z,24715.0,24743.0,24466.0,24737.25,0.0
2025-09-18T23:00:00Z,24737.5,24748.25,24486.5,24740.0,9521.0
2025-09-19T00:00:00Z,24739.75,24749.25,24447.25,24710.5,19907.0
2025-09-19T01:00:00Z,24710.0,24721.0,24453.5,24716.25,11044.0
2025-09-19T02:00:00Z,24716.5,24723.5,24455.25,24712.0,8119.0
2025-09-19T03:00:00Z,24465.75,24736.75,24460.25,24710.0,13782.0
2025-09-19T04:00:00Z,24700.25,24722.75,24437.75,24719.75,14666.0
2025-09-19T05:00:00Z,24478.0,24723.5,24450.75,24707.0,9261.0
2025-09-19T06:00:00Z,24461.25,24716.75,24430.0,24672.0,18203.0
2025-09-19T07:00:00Z,24672.25,24692.0,24411.0,24685.75,19599.0
2025-09-19T08:00:00Z,24685.25,24714.75,24440.0,24706.0,14469.0
2025-09-19T09:00:00Z,24705.75,24730.0,24459.75,24706.75,14201.0
2025-09-19T10:00:00Z,24707.25,24731.75,24458.75,24724.5,14423.0
2025-09-19T11:00:00Z,24724.25,24736.5,24469.75,24735.75,14820.0
2025-09-19T12:00:00Z,24735.75,24754.75,24488.25,24738.25,24846.0
2025-09-19T13:00:00Z,24738.0,24816.0,24491.5,24790.5,195486.0
2025-09-19T14:00:00Z,24790.5,24807.25,24735.5,24764.0,189205.0
2025-09-19T15:00:00Z,24764.0,24778.5,24708.0,24771.25,138964.0
2025-09-19T16:00:00Z,24771.0,24834.5,24770.25,24821.75,108522.0
2025-09-19T17:00:00Z,24821.5,24829.0,24796.25,24816.5,63248.0
2025-09-19T18:00:00Z,24816.5,24831.75,24804.5,24825.5,56234.0
2025-09-19T19:00:00Z,24825.0,24888.0,24821.0,24860.25,115810.0
2025-09-19T20:00:00Z,24860.0,24879.5,24853.0,24866.25,32000.0
2025-09-22T04:00:00Z,24855.75,24857.25,24848.0,24852.0,0.0
2025-09-22T05:00:00Z,24851.75,24861.75,24840.0,24840.75,6807.0
2025-09-22T06:00:00Z,24841.0,24847.0,24815.25,24818.25,14575.0
2025-09-22T07:00:00Z,24818.5,24831.0,24748.5,24784.75,32141.0
2025-09-22T08:00:00Z,24785.25,24825.0,24778.5,24781.75,19349.0
2025-09-22T09:00:00Z,24781.75,24792.5,24760.25,24784.5,15569.0
2025-09-22T10:00:00Z,24784.25,24807.5,24772.0,24775.5,13911.0
2025-09-22T11:00:00Z,24775.75,24790.0,24768.0,24789.25,17033.0
2025-09-22T12:00:00Z,24789.0,24806.25,24766.25,24798.5,23599.0
2025-09-22T13:00:00Z,24798.25,24880.5,24783.75,24872.25,156524.0
2025-09-22T14:00:00Z,24872.5,24931.25,24854.75,24926.75,162483.0
2025-09-22T15:00:00Z,24926.5,24938.0,24897.5,24911.25,108673.0
2025-09-22T16:00:00Z,24911.25,24995.75,24910.0,24986.75,138331.0
2025-09-22T17:00:00Z,24986.25,25001.0,24973.25,24989.0,67931.0
2025-09-22T18:00:00Z,24988.5,25021.5,24986.25,25012.25,61856.0
2025-09-22T19:00:00Z,25012.75,25027.25,24989.75,24998.5,97630.0
2025-09-22T20:00:00Z,24998.75,25002.0,24980.25,24996.5,34926.0
2025-09-22T22:00:00Z,24999.75,25002.0,24974.5,24987.0,0.0
2025-09-22T23:00:00Z,24987.0,25005.5,24984.25,24997.5,10385.0
2025-09-23T00:00:00Z,24997.75,25003.75,24986.25,24990.0,10469.0
2025-09-23T01:00:00Z,24989.5,25008.75,24985.5,24995.0,9734.0
2025-09-23T02:00:00Z,24995.0,25005.0,24994.25,24998.75,6330.0
2025-09-23T03:00:00Z,24999.0,25006.0,24996.75,25003.25,4998.0
2025-09-23T04:00:00Z,24999.25,25000.25,24977.5,24987.0,7327.0
2025-09-23T05:00:00Z,24987.0,25015.0,24984.0,24997.0,10168.0
2025-09-23T06:00:00Z,24997.0,25014.5,24993.75,25012.75,8733.0
2025-09-23T07:00:00Z,25012.5,25012.75,24980.0,25000.5,16833.0
2025-09-23T08:00:00Z,24999.75,25026.25,24998.25,25002.5,16922.0
2025-09-23T09:00:00Z,25003.0,25014.25,24996.0,25013.0,9842.0
2025-09-23T10:00:00Z,25013.75,25016.5,24987.5,25000.25,12294.0
2025-09-23T11:00:00Z,25000.5,25004.0,24973.0,25000.25,19380.0
2025-09-23T12:00:00Z,25000.5,25011.0,24983.25,25009.25,21783.0
2025-09-23T13:00:00Z,25009.25,25010.75,24932.5,24940.25,156543.0
2025-09-23T14:00:00Z,24940.5,24975.0,24929.5,24944.75,186000.0
2025-09-23T15:00:00Z,24944.25,24970.0,24929.75,24946.0,113337.0
2025-09-23T16:00:00Z,24945.75,24955.0,24915.0,24928.25,115447.0
2025-09-23T17:00:00Z,24928.75,24930.5,24779.25,24835.0,228124.0
2025-09-23T18:00:00Z,24835.25,24846.0,24784.0,24790.75,135685.0
2025-09-23T19:00:00Z,24790.5,24842.5,24789.75,24830.5,117009.0
2025-09-23T20:00:00Z,24830.75,24856.25,24824.0,24834.25,29072.0
2025-09-23T22:00:00Z,24839.75,24863.0,24839.5,24853.0,0.0
2025-09-23T23:00:00Z,24853.0,24855.75,24840.0,24840.75,6082.0
2025-09-24T00:00:00Z,24841.0,24847.0,24810.75,24837.5,17230.0
2025-09-24T01:00:00Z,24837.25,24839.25,24817.25,24822.75,10123.0
2025-09-24T02:00:00Z,24823.25,24837.5,24817.5,24835.25,6377.0
2025-09-24T03:00:00Z,24835.0,24842.0,24832.75,24835.75,4975.0
2025-09-24T04:00:00Z,24841.5,24852.25,24837.75,24851.25,5239.0
2025-09-24T05:00:00Z,24851.5,24861.25,24846.0,24861.0,6919.0
2025-09-24T06:00:00Z,24861.25,24893.5,24859.5,24881.75,14360.0
2025-09-24T07:00:00Z,24881.75,24898.5,24846.25,24898.5,22788.0
2025-09-24T08:00:00Z,24898.5,24906.25,24884.0,24895.75,16780.0
2025-09-24T09:00:00Z,24896.0,24910.75,24894.5,24905.5,9927.0
2025-09-24T10:00:00Z,24906.0,24913.25,24883.5,24904.5,12658.0
2025-09-24T11:00:00Z,24904.0,24912.75,24876.0,24889.0,16121.0
2025-09-24T12:00:00Z,24889.0,24896.5,24869.25,24882.0,22707.0
2025-09-24T13:00:00Z,24882.0,24899.25,24785.0,24820.5,183227.0
2025-09-24T14:00:00Z,24821.25,24841.0,24790.25,24794.0,184204.0
2025-09-24T15:00:00Z,24794.0,24809.75,24676.75,24679.75,193464.0
2025-09-24T16:00:00Z,24679.75,24706.25,24628.0,24685.0,183462.0
2025-09-24T17:00:00Z,24685.25,24755.0,24682.75,24709.75,126549.0
2025-09-24T18:00:00Z,24709.5,24741.5,24682.0,24739.5,93248.0
2025-09-24T19:00:00Z,24739.25,24749.25,24700.75,24739.75,92979.0
2025-09-24T20:00:00Z,24739.75,24754.75,24738.5,24747.75,23380.0
2025-09-24T22:00:00Z,24747.0,24754.25,24739.25,24750.25,0.0
2025-09-24T23:00:00Z,24749.75,24757.25,24739.75,24755.75,7103.0
2025-09-25T00:00:00Z,24756.25,24779.0,24752.5,24776.0,13722.0
2025-09-25T01:00:00Z,24775.0,24792.5,24772.5,24783.5,9007.0
2025-09-25T02:00:00Z,24784.0,24791.0,24776.5,24789.5,5287.0
2025-09-25T03:00:00Z,24789.25,24789.75,24780.5,24785.25,3721.0
2025-09-25T04:00:00Z,24781.75,24782.5,24754.5,24760.5,8246.0
2025-09-25T05:00:00Z,24760.75,24763.25,24737.75,24753.0,11703.0
2025-09-25T06:00:00Z,24752.75,24758.75,24719.25,24727.75,15173.0
2025-09-25T07:00:00Z,24728.25,24748.5,24694.5,24737.0,26288.0
2025-09-25T08:00:00Z,24737.25,24762.25,24718.25,24729.0,18114.0
2025-09-25T09:00:00Z,24729.25,24737.5,24688.5,24706.25,18496.0
2025-09-25T10:00:00Z,24706.25,24714.5,24670.0,24688.75,22548.0
2025-09-25T11:00:00Z,24688.75,24691.5,24586.75,24594.75,56438.0
2025-09-25T12:00:00Z,24594.25,24630.75,24545.75,24569.0,72762.0
2025-09-25T13:00:00Z,24567.75,24587.0,24422.0,24453.0,277528.0
2025-09-25T14:00:00Z,24452.5,24656.75,24444.5,24634.5,298634.0
2025-09-25T15:00:00Z,24634.75,24697.0,24583.75,24677.25,221573.0
2025-09-25T16:00:00Z,24677.25,24691.75,24613.0,24625.0,148557.0
2025-09-25T17:00:00Z,24624.75,24645.75,24511.5,24517.25,167045.0
2025-09-25T18:00:00Z,24517.5,24640.25,24453.5,24628.25,218186.0
2025-09-25T19:00:00Z,24627.75,24646.25,24592.75,24631.75,136268.0
2025-09-25T20:00:00Z,24632.0,24648.75,24610.5,24635.25,32514.0
2025-09-25T22:00:00Z,24640.0,24665.75,24626.25,24636.75,0.0
2025-09-25T23:00:00Z,24637.25,24641.5,24615.5,24616.75,12629.0
2025-09-26T00:00:00Z,24616.75,24633.0,24605.5,24626.25,17751.0
2025-09-26T01:00:00Z,24625.0,24625.5,24593.25,24597.75,15724.0
2025-09-26T02:00:00Z,24597.75,24623.25,24594.5,24604.5,9915.0
2025-09-26T03:00:00Z,24604.25,24606.5,24579.5,24593.75,11834.0
2025-09-26T04:00:00Z,24593.75,24614.25,24579.0,24581.0,14133.0
2025-09-26T05:00:00Z,24581.0,24618.0,24577.75,24615.75,11229.0
2025-09-26T06:00:00Z,24615.75,24671.5,24611.25,24649.25,24264.0
2025-09-26T07:00:00Z,24649.5,24671.25,24629.5,24646.5,24520.0
2025-09-26T08:00:00Z,24647.5,24659.25,24584.75,24585.5,22654.0
2025-09-26T09:00:00Z,24585.25,24619.75,24568.25,24616.25,24108.0
2025-09-26T10:00:00Z,24616.5,24628.0,24584.0,24599.0,18175.0
2025-09-26T11:00:00Z,24599.0,24654.0,24590.0,24639.0,28281.0
2025-09-26T12:00:00Z,24639.0,24747.25,24628.0,24694.0,79033.0
2025-09-26T13:00:00Z,24694.25,24716.0,24596.75,24706.5,225931.0
2025-09-26T14:00:00Z,24706.25,24733.25,24520.0,24565.5,386924.0
2025-09-26T15:00:00Z,24565.5,24637.0,24545.5,24580.75,182694.0
2025-09-26T16:00:00Z,24581.25,24699.75,24568.25,24691.0,146799.0
2025-09-26T17:00:00Z,24691.0,24716.75,24665.0,24692.0,87886.0
2025-09-26T18:00:00Z,24692.0,24737.0,24671.5,24725.75,91927.0
2025-09-26T19:00:00Z,24725.5,24737.5,24699.5,24725.75,84677.0
2025-09-26T20:00:00Z,24725.5,24746.5,24722.5,24726.75,24547.0
2025-09-28T22:00:00Z,24743.5,24769.75,24740.25,24756.0,12590.0
2025-09-28T23:00:00Z,24755.75,24778.0,24754.5,24772.25,14663.0
2025-09-29T00:00:00Z,24772.25,24807.0,24764.5,24792.75,17100.0
2025-09-29T01:00:00Z,24792.75,24805.0,24774.5,24793.25,18193.0
2025-09-29T02:00:00Z,24792.75,24814.25,24786.0,24813.25,10836.0
2025-09-29T03:00:00Z,24813.0,24818.0,24804.75,24815.0,7699.0
2025-09-29T04:00:00Z,24814.75,24834.75,24812.75,24827.75,8884.0
2025-09-29T05:00:00Z,24828.25,24837.75,24821.25,24825.75,8265.0
2025-09-29T06:00:00Z,24826.0,24855.25,24812.5,24844.5,17896.0
2025-09-29T07:00:00Z,24844.5,24864.0,24823.25,24853.5,22352.0
2025-09-29T08:00:00Z,24853.0,24894.75,24851.5,24893.5,20321.0
2025-09-29T09:00:00Z,24894.25,24899.0,24871.5,24871.5,15457.0
2025-09-29T10:00:00Z,24872.0,24901.75,24865.5,24888.75,16198.0
2025-09-29T11:00:00Z,24889.5,24893.25,24854.0,24877.0,26835.0
2025-09-29T12:00:00Z,24876.75,24909.5,24863.25,24900.0,27134.0
2025-09-29T13:00:00Z,24899.5,24955.0,24845.75,24941.25,184377.0
2025-09-29T14:00:00Z,24941.75,24975.0,24917.25,24929.25,188968.0
2025-09-29T15:00:00Z,24929.0,24943.25,24830.75,24849.0,207336.0
2025-09-29T16:00:00Z,24849.0,24867.75,24821.25,24834.5,122394.0
2025-09-29T17:00:00Z,24834.75,24849.25,24800.0,24845.25,94543.0
2025-09-29T18:00:00Z,24845.0,24869.25,24834.0,24842.5,69824.0
2025-09-29T19:00:00Z,24842.75,24848.5,24780.5,24838.0,132011.0
2025-09-29T20:00:00Z,24838.5,24846.5,24805.0,24811.5,24505.0
2025-09-29T22:00:00Z,24812.0,24837.5,24807.75,24834.75,0.0
2025-09-29T23:00:00Z,24834.25,24842.0,24821.75,24824.0,8839.0
2025-09-30T00:00:00Z,24823.5,24840.75,24805.5,24837.0,14933.0
2025-09-30T01:00:00Z,24837.0,24837.5,24810.5,24819.75,11189.0
2025-09-30T02:00:00Z,24820.0,24853.25,24817.0,24849.25,9253.0
2025-09-30T03:00:00Z,24849.0,24856.75,24839.0,24842.5,9943.0
2025-09-30T04:00:00Z,24843.25,24844.25,24822.75,24823.0,7281.0
2025-09-30T05:00:00Z,24823.0,24840.75,24815.25,24836.0,9234.0
2025-09-30T06:00:00Z,24836.5,24856.0,24809.75,24811.75,13712.0
2025-09-30T07:00:00Z,24812.25,24818.25,24754.25,24790.5,39821.0
2025-09-30T08:00:00Z,24790.25,24811.75,24762.75,24801.25,26491.0
2025-09-30T09:00:00Z,24800.75,24820.75,24786.75,24795.0,21468.0
2025-09-30T10:00:00Z,24794.5,24815.5,24774.25,24808.0,21039.0
2025-09-30T11:00:00Z,24807.75,24817.25,24789.5,24803.5,18880.0
2025-09-30T12:00:00Z,24803.75,24845.0,24788.5,24833.5,30368.0
2025-09-30T13:00:00Z,24833.0,24837.0,24722.5,24786.75,212974.0
2025-09-30T14:00:00Z,24787.75,24854.5,24746.25,24842.5,254862.0
2025-09-30T15:00:00Z,24842.5,24864.0,24755.5,24810.75,206018.0
2025-09-30T16:00:00Z,24810.5,24843.75,24771.75,24783.5,108855.0
2025-09-30T17:00:00Z,24783.0,24797.75,24731.25,24769.0,120486.0
2025-09-30T18:00:00Z,24768.5,24851.75,24762.0,24837.75,109798.0
2025-09-30T19:00:00Z,24838.0,24913.75,24821.5,24896.75,157254.0
2025-09-30T20:00:00Z,24899.5,24901.25,24834.5,24838.5,40211.0
2025-09-30T22:00:00Z,24844.5,24877.0,24818.5,24835.5,0.0
2025-09-30T23:00:00Z,24835.0,24848.25,24820.75,24830.25,14863.0
2025-10-01T00:00:00Z,24830.75,24837.0,24786.25,24794.25,25073.0
2025-10-01T01:00:00Z,24794.25,24810.75,24783.5,24804.0,15752.0
2025-10-01T02:00:00Z,24804.0,24805.5,24782.0,24787.0,13505.0
2025-10-01T03:00:00Z,24787.25,24788.5,24762.75,24771.0,12867.0
2025-10-01T04:00:00Z,24777.75,24782.5,24769.5,24773.75,8414.0
2025-10-01T05:00:00Z,24774.25,24779.75,24758.0,24761.0,10270.0
2025-10-01T06:00:00Z,24762.0,24769.75,24633.75,24653.0,41382.0
2025-10-01T07:00:00Z,24652.25,24689.25,24636.75,24672.0,40244.0
2025-10-01T08:00:00Z,24671.5,24732.25,24653.0,24720.25,34041.0
2025-10-01T09:00:00Z,24719.75,24766.75,24713.5,24746.0,26036.0
2025-10-01T10:00:00Z,24746.0,24764.0,24721.0,24732.25,21396.0
2025-10-01T11:00:00Z,24732.5,24803.5,24731.0,24798.75,31657.0
2025-10-01T12:00:00Z,24798.5,24805.5,24746.0,24776.75,57387.0
2025-10-01T13:00:00Z,24777.25,24841.5,24726.0,24782.75,218132.0
2025-10-01T14:00:00Z,24777.75,24912.0,24755.0,24897.5,206514.0
2025-10-01T15:00:00Z,24897.0,24938.5,24876.0,24931.25,136024.0
2025-10-01T16:00:00Z,24931.25,24958.0,24929.0,24955.0,81129.0
2025-10-01T17:00:00Z,24955.0,24990.0,24952.0,24983.25,93334.0
2025-10-01T18:00:00Z,24983.0,25037.0,24977.5,25024.0,98721.0
2025-10-01T19:00:00Z,25023.75,25035.25,25002.5,25011.5,100848.0
2025-10-01T20:00:00Z,25011.5,25014.0,24992.75,25009.0,34847.0
2025-10-01T22:00:00Z,25009.5,25020.75,25001.0,25012.25,0.0
2025-10-01T23:00:00Z,25012.0,25028.0,25003.75,25022.5,11695.0
2025-10-02T00:00:00Z,25021.75,25063.75,25019.25,25060.25,19571.0
2025-10-02T01:00:00Z,25060.5,25076.75,25046.5,25073.5,16241.0
2025-10-02T02:00:00Z,25073.25,25075.5,25051.5,25057.5,10428.0
2025-10-02T03:00:00Z,25058.0,25067.75,25043.25,25063.0,10489.0
2025-10-02T04:00:00Z,25070.25,25074.75,25051.5,25067.25,8366.0
2025-10-02T05:00:00Z,25066.75,25076.5,25061.25,25069.0,6919.0
2025-10-02T06:00:00Z,25069.0,25076.5,25055.25,25062.75,11664.0
2025-10-02T07:00:00Z,25062.25,25087.75,25053.75,25077.25,22511.0
2025-10-02T08:00:00Z,25076.75,25114.25,25073.5,25113.75,22631.0
2025-10-02T09:00:00Z,25113.5,25116.25,25075.75,25095.75,19911.0
2025-10-02T10:00:00Z,25095.0,25124.0,25093.25,25111.0,17159.0
2025-10-02T11:00:00Z,25111.25,25151.25,25107.5,25148.75,22034.0
2025-10-02T12:00:00Z,25149.25,25164.0,25143.25,25162.0,22306.0
2025-10-02T13:00:00Z,25162.0,25180.0,25014.25,25063.25,239351.0
2025-10-02T14:00:00Z,25063.5,25091.75,25018.75,25022.0,257134.0
2025-10-02T15:00:00Z,25021.0,25082.25,24993.75,25077.75,192125.0
2025-10-02T16:00:00Z,25077.5,25080.25,25033.25,25077.25,101309.0
2025-10-02T17:00:00Z,25077.5,25107.5,25059.25,25085.75,83136.0
2025-10-02T18:00:00Z,25085.75,25117.0,25076.25,25111.75,63338.0
2025-10-02T19:00:00Z,25111.75,25126.75,25091.5,25108.25,87527.0
2025-10-02T20:00:00Z,25109.25,25125.75,25099.5,25105.5,24394.0
2025-10-02T22:00:00Z,25105.0,25107.5,25073.0,25104.0,0.0
2025-10-02T23:00:00Z,25103.75,25125.0,25096.75,25124.25,9194.0
2025-10-03T00:00:00Z,25124.25,25157.0,25115.75,25146.25,15609.0
2025-10-03T01:00:00Z,25146.75,25161.75,25137.5,25160.75,12037.0
2025-10-03T02:00:00Z,25161.0,25164.25,25146.0,25157.75,9156.0
2025-10-03T03:00:00Z,25158.0,25174.75,25155.25,25171.5,6516.0
2025-10-03T04:00:00Z,25174.75,25175.75,25166.5,25174.25,5416.0
2025-10-03T05:00:00Z,25173.5,25192.25,25171.0,25171.0,10515.0
2025-10-03T06:00:00Z,25171.0,25191.75,25155.75,25183.5,14667.0
2025-10-03T07:00:00Z,25183.5,25194.0,25172.25,25181.75,13174.0
2025-10-03T08:00:00Z,25181.5,25186.0,25173.0,25182.5,10110.0
2025-10-03T09:00:00Z,25183.0,25193.0,25171.5,25192.5,8835.0
2025-10-03T10:00:00Z,25192.5,25197.0,25157.5,25162.5,14409.0
2025-10-03T11:00:00Z,25162.25,25171.0,25128.75,25137.0,32873.0
2025-10-03T12:00:00Z,25137.25,25148.0,25103.25,25119.75,35795.0
2025-10-03T13:00:00Z,25120.0,25171.0,25100.0,25106.75,171691.0
2025-10-03T14:00:00Z,25106.25,25128.5,25051.0,25116.5,235726.0
2025-10-03T15:00:00Z,25116.5,25152.0,25099.75,25145.25,127339.0
2025-10-03T16:00:00Z,25144.75,25156.0,25108.25,25118.0,75162.0
2025-10-03T17:00:00Z,25118.0,25118.0,24923.0,24974.0,274946.0
2025-10-03T18:00:00Z,24973.75,25044.75,24926.0,25009.0,165470.0
2025-10-03T19:00:00Z,25008.75,25030.0,24979.5,24996.25,100297.0
2025-10-03T20:00:00Z,24996.5,25006.75,24973.25,24981.5,26194.0
2025-10-06T04:00:00Z,25083.75,25109.25,25081.75,25101.0,0.0
2025-10-06T05:00:00Z,25101.5,25102.75,25080.25,25088.0,8702.0
2025-10-06T06:00:00Z,25088.75,25107.5,25081.25,25101.25,11227.0
2025-10-06T07:00:00Z,25101.0,25105.25,25045.0,25081.0,28651.0
2025-10-06T08:00:00Z,25081.25,25115.5,25078.25,25106.75,20810.0
2025-10-06T09:00:00Z,25107.25,25139.75,25104.0,25134.25,14494.0
2025-10-06T10:00:00Z,25134.5,25184.75,25125.0,25170.75,23660.0
2025-10-06T11:00:00Z,25170.75,25185.75,25128.5,25184.5,32563.0
2025-10-06T12:00:00Z,25184.75,25241.5,25178.75,25190.75,48549.0
2025-10-06T13:00:00Z,25191.0,25221.75,25117.0,25156.0,200198.0
2025-10-06T14:00:00Z,25155.75,25184.5,25110.25,25152.75,192022.0
2025-10-06T15:00:00Z,25152.0,25216.5,25143.0,25207.75,106313.0
2025-10-06T16:00:00Z,25208.0,25211.5,25182.25,25202.5,65721.0
2025-10-06T17:00:00Z,25202.25,25232.0,25183.25,25227.5,76729.0
2025-10-06T18:00:00Z,25227.75,25253.0,25218.5,25238.5,68851.0
2025-10-06T19:00:00Z,25238.5,25239.25,25180.25,25184.25,101344.0
2025-10-06T20:00:00Z,25184.25,25190.0,25174.25,25184.0,29011.0
2025-10-06T22:00:00Z,25184.0,25196.75,25136.0,25141.5,0.0
2025-10-06T23:00:00Z,25142.0,25152.75,25131.25,25142.0,16842.0
2025-10-07T00:00:00Z,25141.75,25148.25,25122.75,25130.75,16179.0
2025-10-07T01:00:00Z,25131.5,25148.75,25126.75,25147.5,11321.0
2025-10-07T02:00:00Z,25147.5,25154.25,25139.25,25151.5,7972.0
2025-10-07T03:00:00Z,25151.5,25164.5,25147.0,25160.25,8143.0
2025-10-07T04:00:00Z,25168.75,25183.0,25168.25,25181.25,8791.0
2025-10-07T05:00:00Z,25181.25,25186.75,25169.0,25171.75,7717.0
2025-10-07T06:00:00Z,25171.5,25178.0,25138.25,25161.75,17275.0
2025-10-07T07:00:00Z,25161.75,25166.0,25136.25,25160.0,18661.0
2025-10-07T08:00:00Z,25160.25,25173.75,25128.0,25172.25,21201.0
2025-10-07T09:00:00Z,25173.0,25192.25,25168.5,25189.25,15756.0
2025-10-07T10:00:00Z,25189.5,25195.75,25172.25,25174.0,17595.0
2025-10-07T11:00:00Z,25174.25,25211.75,25170.0,25211.25,19772.0
2025-10-07T12:00:00Z,25211.25,25257.5,25196.0,25253.75,35124.0
2025-10-07T13:00:00Z,25253.75,25274.75,25217.0,25241.75,174448.0
2025-10-07T14:00:00Z,25242.25,25257.25,25172.75,25186.0,219963.0
2025-10-07T15:00:00Z,25186.5,25191.5,24985.25,25029.75,368791.0
2025-10-07T16:00:00Z,25029.75,25092.0,24998.0,25024.75,179647.0
2025-10-07T17:00:00Z,25024.5,25064.75,25013.25,25015.75,103419.0
2025-10-07T18:00:00Z,25016.0,25053.0,24991.0,25053.0,89873.0
2025-10-07T19:00:00Z,25052.75,25071.5,25027.25,25045.25,88988.0
2025-10-07T20:00:00Z,25045.5,25069.5,25044.0,25055.0,26415.0
2025-10-07T22:00:00Z,25055.0,25082.75,25053.75,25081.0,0.0
2025-10-07T23:00:00Z,25080.5,25080.5,25032.25,25033.5,18498.0
2025-10-08T00:00:00Z,25033.0,25067.0,25027.25,25060.75,15321.0
2025-10-08T01:00:00Z,25060.75,25084.75,25059.0,25073.0,15301.0
2025-10-08T02:00:00Z,25073.5,25091.75,25071.75,25088.25,10619.0
2025-10-08T03:00:00Z,25087.5,25091.5,25079.25,25086.5,5714.0
2025-10-08T04:00:00Z,25091.0,25094.5,25080.75,25088.0,6036.0
2025-10-08T05:00:00Z,25088.25,25088.25,25057.5,25058.25,11243.0
2025-10-08T06:00:00Z,25058.75,25064.75,25026.25,25052.5,18412.0
2025-10-08T07:00:00Z,25052.5,25091.75,25040.5,25084.25,22303.0
2025-10-08T08:00:00Z,25082.75,25111.25,25071.5,25086.5,20023.0
2025-10-08T09:00:00Z,25086.5,25097.75,25074.0,25088.0,15191.0
2025-10-08T10:00:00Z,25088.5,25100.25,25058.5,25097.5,16091.0
2025-10-08T11:00:00Z,25097.5,25104.5,25058.5,25088.75,23592.0
2025-10-08T12:00:00Z,25088.5,25089.5,25042.75,25063.0,33420.0
2025-10-08T13:00:00Z,25063.5,25183.5,25055.25,25174.0,181682.0
2025-10-08T14:00:00Z,25174.0,25231.0,25172.75,25194.0,209184.0
2025-10-08T15:00:00Z,25194.0,25261.0,25190.0,25254.75,125244.0
2025-10-08T16:00:00Z,25254.75,25276.5,25233.5,25251.25,85268.0
2025-10-08T17:00:00Z,25251.25,25284.25,25239.75,25273.25,70520.0
2025-10-08T18:00:00Z,25273.5,25298.0,25264.75,25270.5,82674.0
2025-10-08T19:00:00Z,25270.75,25343.75,25268.0,25329.5,111129.0
2025-10-08T20:00:00Z,25329.75,25364.75,25320.75,25354.5,37530.0
2025-10-08T22:00:00Z,25354.5,25369.75,25341.75,25365.75,0.0
2025-10-08T23:00:00Z,25366.25,25393.0,25363.5,25379.0,17308.0
2025-10-09T00:00:00Z,25379.25,25379.25,25357.0,25362.5,12175.0
2025-10-09T01:00:00Z,25363.0,25369.75,25320.75,25331.75,23822.0
2025-10-09T02:00:00Z,25331.25,25339.0,25307.25,25310.5,14820.0
2025-10-09T03:00:00Z,25310.0,25345.0,25309.75,25325.5,15574.0
2025-10-09T04:00:00Z,25328.0,25342.5,25324.75,25340.5,7124.0
2025-10-09T05:00:00Z,25341.0,25364.25,25335.75,25355.5,11495.0
2025-10-09T06:00:00Z,25356.0,25368.0,25326.25,25337.25,16738.0
2025-10-09T07:00:00Z,25336.5,25349.25,25322.75,25337.75,19416.0
2025-10-09T08:00:00Z,25337.25,25343.75,25294.25,25301.0,26331.0
2025-10-09T09:00:00Z,25300.5,25339.0,25295.5,25321.0,17330.0
2025-10-09T10:00:00Z,25321.0,25332.75,25303.75,25318.0,15642.0
2025-10-09T11:00:00Z,25318.0,25341.5,25312.25,25313.75,18461.0
2025-10-09T12:00:00Z,25313.75,25334.25,25310.5,25332.5,23001.0
2025-10-09T13:00:00Z,25332.75,25337.25,25250.0,25279.0,218468.0
2025-10-09T14:00:00Z,25279.25,25289.0,25193.5,25250.75,235971.0
2025-10-09T15:00:00Z,25250.5,25274.75,25197.5,25263.0,167847.0
2025-10-09T16:00:00Z,25263.5,25274.25,25196.0,25203.75,129071.0
2025-10-09T17:00:00Z,25204.25,25232.5,25160.75,25215.75,162956.0
2025-10-09T18:00:00Z,25215.25,25242.75,25183.0,25235.0,97634.0
2025-10-09T19:00:00Z,25235.25,25295.5,25233.25,25294.75,109926.0
2025-10-09T20:00:00Z,25294.25,25300.0,25270.25,25287.5,25811.0
2025-10-09T22:00:00Z,25284.75,25321.5,25284.5,25319.0,0.0
2025-10-09T23:00:00Z,25319.0,25335.75,25309.5,25335.0,12974.0
2025-10-10T00:00:00Z,25335.5,25346.0,25321.25,25336.5,16139.0
2025-10-10T01:00:00Z,25336.5,25352.75,25333.0,25351.5,9683.0
2025-10-10T02:00:00Z,25351.25,25356.25,25336.0,25338.0,9528.0
2025-10-10T03:00:00Z,25337.75,25341.75,25310.0,25317.75,11773.0
2025-10-10T04:00:00Z,25320.25,25327.25,25299.75,25307.0,10269.0
2025-10-10T05:00:00Z,25307.0,25346.0,25296.25,25332.75,14900.0
2025-10-10T06:00:00Z,25333.5,25354.25,25294.5,25304.5,26012.0
2025-10-10T07:00:00Z,25304.75,25326.5,25298.25,25318.5,20725.0
2025-10-10T08:00:00Z,25318.5,25342.5,25312.5,25336.5,15070.0
2025-10-10T09:00:00Z,25336.5,25339.25,25251.25,25256.5,34395.0
2025-10-10T10:00:00Z,25256.0,25301.25,25253.75,25300.75,21994.0
2025-10-10T11:00:00Z,25300.0,25323.75,25299.5,25322.75,18288.0
2025-10-10T12:00:00Z,25322.75,25334.75,25288.5,25298.0,30908.0
2025-10-10T13:00:00Z,25297.75,25388.0,25293.75,25357.5,179694.0
2025-10-10T14:00:00Z,25357.0,25371.25,25128.25,25194.5,253040.0
2025-10-10T15:00:00Z,25194.0,25195.75,24667.25,24827.5,622841.0
2025-10-10T16:00:00Z,24826.25,24847.5,24647.75,24658.0,292431.0
2025-10-10T17:00:00Z,24657.5,24751.0,24603.5,24679.25,260811.0
2025-10-10T18:00:00Z,24680.0,24718.75,24571.5,24588.5,188264.0
2025-10-10T19:00:00Z,24589.0,24635.5,24384.5,24402.75,274629.0
2025-10-10T20:00:00Z,24402.75,24448.0,24157.75,24176.75,76813.0
2025-10-12T22:00:00Z,24397.0,24709.5,24397.0,24689.5,12624.0
2025-10-12T23:00:00Z,24689.25,24794.25,24651.5,24786.0,58610.0
2025-10-13T00:00:00Z,24786.75,24833.75,24756.0,24826.75,50168.0
2025-10-13T01:00:00Z,24827.5,24855.5,24821.5,24852.5,40234.0
2025-10-13T02:00:00Z,24852.5,24855.25,24805.5,24806.5,25693.0
2025-10-13T03:00:00Z,24806.5,24844.75,24763.25,24777.75,33710.0
2025-10-13T04:00:00Z,24777.25,24822.0,24773.25,24818.5,22122.0
2025-10-13T05:00:00Z,24818.0,24840.75,24802.0,24837.0,21088.0
2025-10-13T06:00:00Z,24837.0,24852.75,24785.25,24850.5,34937.0
2025-10-13T07:00:00Z,24850.75,24945.0,24832.75,24904.25,60558.0
2025-10-13T08:00:00Z,24904.0,24909.0,24841.5,24874.5,39641.0
2025-10-13T09:00:00Z,24874.0,24881.25,24835.75,24846.25,23998.0
2025-10-13T10:00:00Z,24846.0,24877.25,24828.0,24851.0,27496.0
2025-10-13T11:00:00Z,24851.25,24866.75,24733.75,24798.0,85408.0
2025-10-13T12:00:00Z,24797.0,24835.75,24767.25,24786.75,52315.0
2025-10-13T13:00:00Z,24786.75,24893.25,24724.5,24888.0,299584.0
2025-10-13T14:00:00Z,24887.25,24913.75,24743.5,24758.25,337692.0
2025-10-13T15:00:00Z,24758.0,24901.75,24745.75,24892.75,184941.0
2025-10-13T16:00:00Z,24893.25,24956.25,24866.5,24948.0,142767.0
2025-10-13T17:00:00Z,24948.0,24958.5,24888.5,24926.75,115671.0
2025-10-13T18:00:00Z,24926.25,24965.0,24889.5,24900.75,92455.0
2025-10-13T19:00:00Z,24901.25,24948.75,24882.5,24921.25,118393.0
2025-10-13T20:00:00Z,24921.0,24927.25,24898.5,24905.0,26204.0
2025-10-13T22:00:00Z,24905.0,24931.25,24897.5,24931.25,0.0
2025-10-13T23:00:00Z,24931.25,24934.0,24898.75,24912.0,14207.0
2025-10-14T00:00:00Z,24912.25,25044.5,24904.5,25007.25,51213.0
2025-10-14T01:00:00Z,25006.5,25012.75,24967.5,25005.75,29151.0
2025-10-14T02:00:00Z,25005.25,25021.25,24950.5,24954.0,22550.0
2025-10-14T03:00:00Z,24953.5,24958.25,24904.0,24914.75,28941.0
2025-10-14T04:00:00Z,24878.0,24879.25,24750.0,24805.25,82844.0
2025-10-14T05:00:00Z,24806.25,24814.75,24785.75,24805.0,15361.0
2025-10-14T06:00:00Z,24711.75,24749.5,24665.25,24685.75,110125.0
2025-10-14T07:00:00Z,24686.0,24725.75,24598.25,24647.5,87679.0
2025-10-14T08:00:00Z,24646.75,24697.0,24586.0,24691.5,60566.0
2025-10-14T09:00:00Z,24692.0,24713.0,24628.5,24639.25,34891.0
2025-10-14T10:00:00Z,24638.75,24643.25,24502.5,24558.25,78783.0
2025-10-14T11:00:00Z,24559.25,24665.5,24546.0,24654.5,65462.0
2025-10-14T12:00:00Z,24654.5,24661.25,24555.25,24620.5,75290.0
2025-10-14T13:00:00Z,24620.0,24656.5,24423.25,24575.75,332639.0
2025-10-14T14:00:00Z,24574.75,24744.5,24554.5,24690.0,295191.0
2025-10-14T15:00:00Z,24689.75,24838.25,24684.25,24805.25,235634.0
2025-10-14T16:00:00Z,24804.75,24947.25,24762.5,24892.0,193814.0
2025-10-14T17:00:00Z,24892.0,24939.0,24858.0,24900.0,137828.0
2025-10-14T18:00:00Z,24900.0,24928.25,24881.25,24899.25,97970.0
2025-10-14T19:00:00Z,24899.25,24927.25,24686.0,24756.5,226785.0
2025-10-14T20:00:00Z,24756.75,24790.0,24696.75,24755.75,51885.0
2025-10-14T22:00:00Z,24752.5,24816.0,24747.75,24778.75,0.0
2025-10-14T23:00:00Z,24779.0,24818.5,24766.5,24773.0,21304.0
2025-10-15T00:00:00Z,24772.5,24800.0,24740.5,24797.5,32602.0
2025-10-15T01:00:00Z,24797.25,24815.0,24763.25,24800.75,21231.0
2025-10-15T02:00:00Z,24801.5,24855.75,24800.0,24812.5,25131.0
2025-10-15T03:00:00Z,24812.5,24830.5,24788.5,24801.0,20085.0
2025-10-15T04:00:00Z,24815.0,24847.75,24814.0,24844.0,12471.0
2025-10-15T05:00:00Z,24844.25,24919.0,24844.25,24885.25,34386.0
2025-10-15T06:00:00Z,24885.5,24908.5,24868.25,24902.0,25711.0
2025-10-15T07:00:00Z,24902.0,24926.5,24876.5,24899.75,29714.0
2025-10-15T08:00:00Z,24900.0,24931.0,24897.75,24929.0,29686.0
2025-10-15T09:00:00Z,24929.5,24991.0,24925.0,24971.75,38191.0
2025-10-15T10:00:00Z,24971.75,24980.0,24949.25,24965.25,19940.0
2025-10-15T11:00:00Z,24965.25,24973.0,24937.75,24961.0,29978.0
2025-10-15T12:00:00Z,24959.5,25025.25,24955.0,25021.5,58432.0
2025-10-15T13:00:00Z,25021.5,25024.25,24897.0,25014.25,268445.0
2025-10-15T14:00:00Z,25013.5,25117.75,25013.25,25100.0,233017.0
2025-10-15T15:00:00Z,25099.75,25110.0,24876.5,24934.0,306260.0
2025-10-15T16:00:00Z,24934.5,24993.5,24892.5,24903.0,211871.0
2025-10-15T17:00:00Z,24903.0,24913.5,24663.5,24903.75,338334.0
2025-10-15T18:00:00Z,24903.75,24959.25,24858.0,24952.5,144658.0
2025-10-15T19:00:00Z,24952.5,24956.75,24846.25,24924.75,152216.0
2025-10-15T20:00:00Z,24924.5,24964.5,24912.5,24942.0,44284.0
2025-10-15T22:00:00Z,24939.0,24992.25,24937.25,24977.0,0.0
2025-10-15T23:00:00Z,24976.5,24979.25,24925.5,24943.25,20543.0
2025-10-16T00:00:00Z,24943.25,24956.5,24874.5,24913.25,38091.0
2025-10-16T01:00:00Z,24913.0,24945.5,24905.25,24937.25,25854.0
2025-10-16T02:00:00Z,24937.75,24949.25,24895.5,24937.25,22156.0
2025-10-16T03:00:00Z,24937.5,24947.75,24906.75,24916.0,16985.0
2025-10-16T04:00:00Z,24927.5,24941.25,24916.75,24929.5,13832.0
2025-10-16T05:00:00Z,24929.5,24977.75,24917.5,24953.25,27098.0
2025-10-16T06:00:00Z,24953.25,25028.5,24953.25,25025.0,30622.0
2025-10-16T07:00:00Z,25024.25,25056.0,24973.25,25039.5,50373.0
2025-10-16T08:00:00Z,25039.0,25057.5,25005.25,25019.5,30727.0
2025-10-16T09:00:00Z,25019.25,25046.0,25006.0,25041.25,24997.0
2025-10-16T10:00:00Z,25041.5,25071.5,25039.0,25053.25,22150.0
2025-10-16T11:00:00Z,25053.5,25084.75,25045.75,25065.5,24319.0
2025-10-16T12:00:00Z,25065.0,25099.25,25020.75,25080.25,52354.0
2025-10-16T13:00:00Z,25080.25,25125.5,25026.0,25061.75,274451.0
2025-10-16T14:00:00Z,25062.0,25179.75,25013.5,25107.25,368118.0
2025-10-16T15:00:00Z,25106.5,25132.25,24946.5,24972.25,326306.0
2025-10-16T16:00:00Z,24972.25,24997.25,24731.5,24928.0,388879.0
2025-10-16T17:00:00Z,24927.25,24963.75,24826.0,24865.0,244805.0
2025-10-16T18:00:00Z,24865.25,24871.75,24643.25,24798.25,283120.0
2025-10-16T19:00:00Z,24798.25,24846.0,24692.75,24831.0,220822.0
2025-10-16T20:00:00Z,24830.75,24854.75,24745.5,24793.75,45835.0
2025-10-16T22:00:00Z,24793.75,24858.5,24740.5,24742.0,0.0
2025-10-16T23:00:00Z,24743.0,24769.25,24720.5,24760.0,43956.0
2025-10-17T00:00:00Z,24759.5,24795.0,24745.75,24778.0,33466.0
2025-10-17T01:00:00Z,24777.25,24835.5,24729.25,24758.0,40692.0
2025-10-17T02:00:00Z,24758.5,24772.5,24729.25,24764.75,30225.0
2025-10-17T03:00:00Z,24764.75,24768.75,24706.0,24734.0,27506.0
2025-10-17T04:00:00Z,24728.25,24737.75,24700.0,24706.0,21692.0
2025-10-17T05:00:00Z,24706.0,24710.75,24616.0,24660.75,51771.0
2025-10-17T06:00:00Z,24660.75,24691.0,24570.25,24581.25,61573.0
2025-10-17T07:00:00Z,24581.75,24588.75,24430.0,24475.75,115420.0
2025-10-17T08:00:00Z,24475.5,24527.75,24417.75,24491.25,84483.0
2025-10-17T09:00:00Z,24490.75,24561.25,24485.5,24495.5,56087.0
2025-10-17T10:00:00Z,24497.0,24575.5,24482.5,24574.0,72955.0
2025-10-17T11:00:00Z,24574.25,24735.0,24568.25,24729.0,128316.0
2025-10-17T12:00:00Z,24728.5,24802.25,24710.0,24737.5,92281.0
2025-10-17T13:00:00Z,24737.5,24890.0,24672.25,24822.75,306654.0
2025-10-17T14:00:00Z,24822.5,24960.75,24747.25,24764.5,407296.0
2025-10-17T15:00:00Z,24764.0,24873.0,24674.75,24849.5,304976.0
2025-10-17T16:00:00Z,24849.75,24980.0,24849.25,24903.0,211303.0
2025-10-17T17:00:00Z,24903.0,24947.0,24828.75,24935.5,168604.0
2025-10-17T18:00:00Z,24935.5,25030.0,24935.0,24996.75,123757.0
2025-10-17T19:00:00Z,24997.5,25054.25,24979.5,24988.25,126670.0
2025-10-17T20:00:00Z,24988.0,25043.5,24976.0,25033.0,30032.0
2025-10-19T22:00:00Z,25067.0,25100.0,24986.5,25060.75,25432.0
2025-10-19T23:00:00Z,25061.0,25064.25,24987.5,25012.25,29779.0
2025-10-20T00:00:00Z,25011.5,25056.5,24956.0,25047.25,48108.0
2025-10-20T01:00:00Z,25046.5,25076.5,25030.25,25047.0,29705.0
2025-10-20T02:00:00Z,25045.5,25058.5,25026.0,25051.75,18420.0
2025-10-20T03:00:00Z,25052.0,25099.0,25051.0,25094.5,15524.0
2025-10-20T04:00:00Z,25095.75,25120.0,25084.75,25111.75,23302.0
2025-10-20T05:00:00Z,25111.75,25127.75,25095.75,25112.5,20061.0
2025-10-20T06:00:00Z,25112.0,25125.75,25087.25,25111.0,24516.0
2025-10-20T07:00:00Z,25111.25,25152.75,25098.75,25120.75,29681.0
2025-10-20T08:00:00Z,25121.5,25134.25,25066.5,25073.75,30679.0
2025-10-20T09:00:00Z,25074.5,25099.5,25061.5,25087.0,25302.0
2025-10-20T10:00:00Z,25087.25,25103.25,25039.25,25041.5,30949.0
2025-10-20T11:00:00Z,25041.0,25090.0,25037.25,25084.25,26501.0
2025-10-20T12:00:00Z,25083.75,25132.5,25075.0,25130.0,32071.0
2025-10-20T13:00:00Z,25129.25,25239.5,25114.75,25221.75,195878.0
2025-10-20T14:00:00Z,25222.25,25321.75,25210.25,25314.25,203554.0
2025-10-20T15:00:00Z,25314.25,25345.5,25289.25,25317.5,150258.0
2025-10-20T16:00:00Z,25317.5,25327.5,25290.0,25314.75,88852.0
2025-10-20T17:00:00Z,25314.25,25355.0,25311.5,25336.75,69580.0
2025-10-20T18:00:00Z,25336.0,25353.0,25306.5,25327.25,68780.0
2025-10-20T19:00:00Z,25327.5,25339.0,25297.0,25300.0,108213.0
2025-10-20T20:00:00Z,25300.25,25327.75,25289.25,25326.25,29675.0
2025-10-20T22:00:00Z,25326.25,25329.75,25308.0,25320.5,0.0
2025-10-20T23:00:00Z,25321.25,25345.75,25316.75,25323.75,15846.0
2025-10-21T00:00:00Z,25323.5,25343.25,25311.0,25341.75,14927.0
2025-10-21T01:00:00Z,25342.0,25358.0,25330.0,25344.75,14685.0
2025-10-21T02:00:00Z,25344.25,25368.0,25342.75,25347.75,13176.0
2025-10-21T03:00:00Z,25347.5,25355.75,25318.75,25330.25,13265.0
2025-10-21T04:00:00Z,25324.25,25327.75,25295.0,25307.25,12959.0
2025-10-21T05:00:00Z,25308.0,25317.25,25275.75,25296.75,19714.0
2025-10-21T06:00:00Z,25296.75,25298.0,25265.25,25278.5,23096.0
2025-10-21T07:00:00Z,25278.75,25291.0,25260.5,25277.0,27013.0
2025-10-21T08:00:00Z,25277.25,25284.5,25252.75,25268.0,22015.0
2025-10-21T09:00:00Z,25267.75,25296.0,25265.75,25281.5,18279.0
2025-10-21T10:00:00Z,25281.75,25289.0,25258.75,25279.75,19329.0
2025-10-21T11:00:00Z,25279.0,25308.75,25273.75,25307.25,27236.0
2025-10-21T12:00:00Z,25306.75,25315.75,25290.75,25298.75,27812.0
2025-10-21T13:00:00Z,25298.75,25306.0,25213.75,25234.5,208302.0
2025-10-21T14:00:00Z,25235.0,25301.75,25203.0,25298.0,268245.0
2025-10-21T15:00:00Z,25298.0,25326.75,25242.0,25322.75,167496.0
2025-10-21T16:00:00Z,25322.25,25347.5,25277.5,25285.5,122067.0
2025-10-21T17:00:00Z,25285.75,25314.75,25250.0,25313.25,135751.0
2025-10-21T18:00:00Z,25313.5,25324.0,25290.0,25309.5,71872.0
2025-10-21T19:00:00Z,25309.25,25334.0,25286.25,25291.5,70440.0
2025-10-21T20:00:00Z,25291.5,25299.25,25228.75,25265.0,52441.0
2025-10-21T22:00:00Z,25277.0,25285.0,25257.5,25270.5,0.0
2025-10-21T23:00:00Z,25270.75,25271.25,25240.25,25245.0,14350.0
2025-10-22T00:00:00Z,25245.0,25256.25,25220.0,25225.75,24459.0
2025-10-22T01:00:00Z,25225.75,25268.25,25216.0,25266.25,17359.0
2025-10-22T02:00:00Z,25266.75,25282.5,25253.0,25273.5,11406.0
2025-10-22T03:00:00Z,25273.75,25292.5,25243.75,25289.75,14707.0
2025-10-22T04:00:00Z,25317.5,25333.0,25310.75,25316.75,20316.0
2025-10-22T05:00:00Z,25317.25,25326.0,25297.5,25307.25,12384.0
2025-10-22T06:00:00Z,25308.5,25338.5,25294.0,25318.5,18657.0
2025-10-22T07:00:00Z,25319.25,25321.0,25270.75,25297.75,25335.0
2025-10-22T08:00:00Z,25297.25,25298.75,25251.5,25267.5,24099.0
2025-10-22T09:00:00Z,25266.75,25274.5,25231.0,25272.25,20060.0
2025-10-22T10:00:00Z,25272.0,25305.0,25263.0,25286.5,16994.0
2025-10-22T11:00:00Z,25286.5,25290.75,25206.75,25224.0,46703.0
2025-10-22T12:00:00Z,25224.75,25267.75,25218.0,25260.5,33918.0
2025-10-22T13:00:00Z,25260.75,25289.5,25172.75,25258.0,199311.0
2025-10-22T14:00:00Z,25257.75,25281.0,25050.5,25173.5,370249.0
2025-10-22T15:00:00Z,25173.0,25191.75,25003.0,25100.75,293210.0
2025-10-22T16:00:00Z,25101.25,25110.25,24866.25,24992.25,292925.0
2025-10-22T17:00:00Z,24992.0,25011.0,24805.25,24873.5,230126.0
2025-10-22T18:00:00Z,24873.75,24960.0,24827.5,24958.0,189047.0
2025-10-22T19:00:00Z,24958.0,25058.5,24923.5,25040.25,159537.0
2025-10-22T20:00:00Z,25040.0,25077.0,25023.5,25040.0,37280.0
2025-10-22T22:00:00Z,25014.75,25059.5,24998.5,25045.0,0.0
2025-10-22T23:00:00Z,25045.0,25066.0,24991.5,24996.5,21084.0
2025-10-23T00:00:00Z,24996.25,25055.0,24951.0,25049.5,40002.0
2025-10-23T01:00:00Z,25048.75,25105.25,25046.0,25098.75,25901.0
2025-10-23T02:00:00Z,25099.0,25112.0,25090.25,25098.5,13351.0
2025-10-23T03:00:00Z,25099.0,25113.5,25074.0,25083.25,16050.0
2025-10-23T04:00:00Z,25086.5,25088.0,25061.0,25070.75,14221.0
2025-10-23T05:00:00Z,25071.0,25093.75,25053.25,25091.0,13521.0
2025-10-23T06:00:00Z,25091.0,25112.25,25075.25,25104.25,18641.0
2025-10-23T07:00:00Z,25104.25,25128.25,25068.0,25091.25,27336.0
2025-10-23T08:00:00Z,25091.25,25115.0,25069.75,25083.75,21831.0
2025-10-23T09:00:00Z,25084.5,25092.25,25025.0,25059.0,27720.0
2025-10-23T10:00:00Z,25060.0,25068.25,25035.0,25049.5,19110.0
2025-10-23T11:00:00Z,25049.25,25052.75,24963.0,24973.5,44903.0
2025-10-23T12:00:00Z,24973.5,25011.75,24933.25,25008.0,53583.0
2025-10-23T13:00:00Z,25008.0,25179.75,24940.25,25160.5,222578.0
2025-10-23T14:00:00Z,25160.75,25199.25,25083.75,25189.75,301456.0
2025-10-23T15:00:00Z,25189.75,25216.5,25119.5,25194.25,186569.0
2025-10-23T16:00:00Z,25195.0,25241.75,25184.5,25240.0,111144.0
2025-10-23T17:00:00Z,25240.0,25283.5,25189.5,25279.25,147828.0
2025-10-23T18:00:00Z,25279.5,25288.25,25245.5,25273.75,75856.0
2025-10-23T19:00:00Z,25274.25,25282.75,25230.75,25252.25,89694.0
2025-10-23T20:00:00Z,25252.5,25295.0,25247.25,25277.25,35470.0
2025-10-23T22:00:00Z,25285.0,25303.25,25275.5,25291.25,0.0
2025-10-23T23:00:00Z,25291.75,25305.0,25289.75,25297.5,6376.0
2025-10-24T00:00:00Z,25298.75,25305.0,25284.25,25300.75,11739.0
2025-10-24T01:00:00Z,25301.0,25321.0,25297.0,25318.25,15399.0
2025-10-24T02:00:00Z,25317.75,25326.25,25303.0,25310.0,11259.0
2025-10-24T03:00:00Z,25310.25,25330.0,25304.5,25328.5,8894.0
2025-10-24T04:00:00Z,25320.75,25335.5,25320.25,25332.5,8975.0
2025-10-24T05:00:00Z,25332.0,25347.75,25327.5,25346.75,8991.0
2025-10-24T06:00:00Z,25347.0,25381.25,25345.0,25360.5,19839.0
2025-10-24T07:00:00Z,25361.0,25368.75,25333.5,25337.0,21326.0
2025-10-24T08:00:00Z,25337.75,25371.75,25323.75,25353.25,20503.0
2025-10-24T09:00:00Z,25352.75,25394.0,25351.75,25377.25,15725.0
2025-10-24T10:00:00Z,25377.0,25391.25,25364.5,25366.25,17819.0
2025-10-24T11:00:00Z,25366.25,25386.5,25362.0,25374.5,17342.0
2025-10-24T12:00:00Z,25374.5,25522.25,25326.5,25458.75,85267.0
2025-10-24T13:00:00Z,25459.25,25550.25,25430.0,25475.5,214968.0
2025-10-24T14:00:00Z,25492.5,25541.25,25432.5,25468.5,228552.0
2025-10-24T15:00:00Z,25468.0,25547.0,25455.0,25523.0,156500.0
2025-10-24T16:00:00Z,25522.75,25569.0,25520.25,25551.5,96505.0
2025-10-24T17:00:00Z,25550.5,25568.0,25538.5,25549.0,59077.0
2025-10-24T18:00:00Z,25549.0,25558.5,25528.5,25543.75,61691.0
2025-10-24T19:00:00Z,25543.75,25567.0,25497.5,25509.0,97878.0
2025-10-24T20:00:00Z,25509.5,25525.75,25497.5,25510.25,29512.0
2025-10-26T22:00:00Z,25698.5,25788.0,25509.25,25721.25,42533.0
2025-10-26T23:00:00Z,25721.0,25742.25,25709.75,25717.25,17646.0
2025-10-27T00:00:00Z,25717.0,25745.0,25707.5,25722.5,20535.0
2025-10-27T01:00:00Z,25723.25,25732.25,25711.0,25718.25,12866.0
2025-10-27T02:00:00Z,25718.0,25751.5,25712.25,25750.25,11734.0
2025-10-27T03:00:00Z,25750.5,25773.75,25747.75,25760.75,13373.0
2025-10-27T04:00:00Z,25761.25,25769.0,25753.0,25762.75,8333.0
2025-10-27T05:00:00Z,25762.5,25787.5,25761.0,25782.25,11311.0
2025-10-27T06:00:00Z,25783.25,25802.75,25780.0,25783.25,15449.0
2025-10-27T07:00:00Z,25782.5,25816.5,25779.25,25792.25,18463.0
2025-10-27T08:00:00Z,25792.75,25807.0,25768.5,25802.5,24339.0
2025-10-27T09:00:00Z,25802.75,25839.5,25790.0,25839.5,19858.0
2025-10-27T10:00:00Z,25839.5,25852.5,25829.0,25838.25,16826.0
2025-10-27T11:00:00Z,25838.25,25848.75,25812.25,25820.0,22684.0
2025-10-27T12:00:00Z,25819.25,25846.0,25817.25,25831.25,22049.0
2025-10-27T13:00:00Z,25830.5,25859.75,25796.5,25848.25,150859.0
2025-10-27T14:00:00Z,25849.25,25891.75,25822.0,25857.5,170577.0
2025-10-27T15:00:00Z,25858.0,25908.75,25855.5,25892.75,89217.0
2025-10-27T16:00:00Z,25892.75,25917.0,25889.25,25913.75,53472.0
2025-10-27T17:00:00Z,25913.5,25929.5,25892.0,25927.0,58664.0
2025-10-27T18:00:00Z,25926.75,25946.25,25919.5,25942.0,50511.0
2025-10-27T19:00:00Z,25942.0,25981.5,25920.75,25960.5,89130.0
2025-10-27T20:00:00Z,25960.75,26026.0,25960.0,26004.0,36349.0
2025-10-27T22:00:00Z,26002.5,26002.75,25985.75,25995.75,0.0
2025-10-27T23:00:00Z,25996.0,26018.5,25993.25,25994.75,15297.0
2025-10-28T00:00:00Z,25994.25,25996.0,25974.0,25975.25,15476.0
2025-10-28T01:00:00Z,25975.25,25981.5,25961.25,25969.5,14142.0
2025-10-28T02:00:00Z,25970.0,25981.5,25964.0,25977.25,9343.0
2025-10-28T03:00:00Z,25977.25,25989.0,25967.25,25979.75,7577.0
2025-10-28T04:00:00Z,25978.5,25982.75,25955.25,25957.75,8314.0
2025-10-28T05:00:00Z,25958.0,25968.0,25944.5,25961.0,10930.0
2025-10-28T06:00:00Z,25961.0,25985.0,25953.5,25957.5,12015.0
2025-10-28T07:00:00Z,25958.5,25980.75,25952.0,25958.25,14535.0
2025-10-28T08:00:00Z,25958.75,25973.25,25942.25,25968.25,20415.0
2025-10-28T09:00:00Z,25968.75,25982.0,25962.75,25975.25,11750.0
2025-10-28T10:00:00Z,25975.5,25990.5,25967.5,25977.75,13778.0
2025-10-28T11:00:00Z,25977.75,26004.0,25977.75,25993.5,19153.0
2025-10-28T12:00:00Z,25993.75,26033.5,25992.0,26012.5,24110.0
2025-10-28T13:00:00Z,26012.5,26094.0,26008.75,26064.5,186301.0
2025-10-28T14:00:00Z,26065.0,26077.75,26008.5,26035.0,163754.0
2025-10-28T15:00:00Z,26035.75,26061.25,26006.0,26060.25,105507.0
2025-10-28T16:00:00Z,26060.25,26147.0,26060.25,26108.75,136174.0
2025-10-28T17:00:00Z,26108.5,26158.25,26103.25,26153.5,94489.0
2025-10-28T18:00:00Z,26153.5,26196.75,26147.5,26194.5,75047.0
2025-10-28T19:00:00Z,26194.5,26232.0,26158.0,26160.25,139229.0
2025-10-28T20:00:00Z,26160.0,26178.0,26150.5,26172.5,39208.0
2025-10-28T22:00:00Z,26180.25,26190.5,26168.25,26172.75,0.0
2025-10-28T23:00:00Z,26172.5,26193.0,26164.75,26184.0,11632.0
2025-10-29T00:00:00Z,26184.0,26194.25,26166.0,26174.5,14381.0
2025-10-29T01:00:00Z,26174.25,26223.0,26173.0,26215.25,24911.0
2025-10-29T02:00:00Z,26215.75,26252.75,26213.75,26239.25,23245.0
2025-10-29T03:00:00Z,26239.75,26251.0,26224.0,26244.0,10821.0
2025-10-29T04:00:00Z,26228.75,26249.5,26220.75,26245.75,9706.0
2025-10-29T05:00:00Z,26245.75,26264.5,26245.0,26260.5,12124.0
2025-10-29T06:00:00Z,26260.5,26291.25,26256.25,26281.25,16843.0
2025-10-29T07:00:00Z,26281.25,26299.75,26260.75,26292.75,19063.0
2025-10-29T08:00:00Z,26292.5,26310.0,26260.75,26269.25,29524.0
2025-10-29T09:00:00Z,26269.0,26270.5,26226.25,26237.5,28616.0
2025-10-29T10:00:00Z,26237.5,26273.5,26230.25,26249.75,25773.0
2025-10-29T11:00:00Z,26249.75,26297.25,26247.0,26274.75,28621.0
2025-10-29T12:00:00Z,26274.75,26288.0,26243.5,26260.75,32648.0
2025-10-29T13:00:00Z,26260.75,26319.25,26254.25,26319.0,158015.0
2025-10-29T14:00:00Z,26318.75,26326.5,26243.5,26259.75,193638.0
2025-10-29T15:00:00Z,26260.0,26277.75,26218.25,26237.5,136467.0
2025-10-29T16:00:00Z,26237.75,26266.5,26203.5,26254.0,107495.0
2025-10-29T17:00:00Z,26254.25,26268.75,26219.5,26245.75,60767.0
2025-10-29T18:00:00Z,26246.25,26290.0,26047.5,26184.75,322514.0
2025-10-29T19:00:00Z,26184.75,26285.5,26109.75,26280.0,254871.0
2025-10-29T20:00:00Z,26280.25,26378.5,26160.0,26223.75,134298.0
2025-10-29T22:00:00Z,26160.5,26250.0,26151.5,26200.25,0.0
2025-10-29T23:00:00Z,26200.0,26248.0,26166.5,26235.75,27928.0
2025-10-30T00:00:00Z,26235.25,26318.0,26235.25,26289.25,35805.0
2025-10-30T01:00:00Z,26289.25,26312.0,26260.0,26298.5,25117.0
2025-10-30T02:00:00Z,26298.5,26372.25,26295.75,26357.0,30377.0
2025-10-30T03:00:00Z,26356.75,26399.5,26356.75,26370.5,26060.0
2025-10-30T04:00:00Z,26323.25,26323.75,26139.25,26206.5,121157.0
2025-10-30T05:00:00Z,26206.5,26328.25,26193.0,26281.25,42346.0
2025-10-30T06:00:00Z,26280.25,26284.25,26211.75,26223.25,26955.0
2025-10-30T07:00:00Z,26223.75,26285.5,26188.5,26269.25,34529.0
2025-10-30T08:00:00Z,26270.0,26290.25,26232.0,26270.25,27603.0
2025-10-30T09:00:00Z,26270.0,26291.25,26195.5,26206.0,29062.0
2025-10-30T10:00:00Z,26206.5,26244.5,26197.75,26232.5,23835.0
2025-10-30T11:00:00Z,26232.0,26287.0,26224.25,26259.75,24801.0
2025-10-30T12:00:00Z,26260.5,26272.75,26085.75,26087.0,92877.0
2025-10-30T13:00:00Z,26087.5,26147.25,25941.5,26124.75,291245.0
2025-10-30T14:00:00Z,26125.25,26178.0,25978.75,26017.0,336860.0
2025-10-30T15:00:00Z,26016.5,26077.5,25967.0,25991.0,178944.0
2025-10-30T16:00:00Z,25991.5,26097.0,25985.0,26073.5,140405.0
2025-10-30T17:00:00Z,26073.25,26076.25,25999.25,26068.0,120620.0
2025-10-30T18:00:00Z,26067.5,26067.75,25975.0,25989.0,126653.0
2025-10-30T19:00:00Z,25988.75,25993.75,25869.5,25871.75,182301.0
2025-10-30T20:00:00Z,25872.25,26147.75,25853.0,25882.75,134094.0
2025-10-30T22:00:00Z,26156.0,26186.25,26135.0,26148.75,0.0
2025-10-30T23:00:00Z,26149.0,26174.75,26127.25,26170.5,21462.0
2025-10-31T00:00:00Z,26171.25,26199.0,26136.25,26194.0,28123.0
2025-10-31T01:00:00Z,26193.5,26209.0,26169.5,26207.25,19156.0
2025-10-31T02:00:00Z,26207.0,26214.0,26165.0,26185.0,19704.0
2025-10-31T03:00:00Z,26184.5,26198.75,26160.75,26192.25,15760.0
2025-10-31T04:00:00Z,26202.25,26210.25,26186.75,26192.25,10278.0
2025-10-31T05:00:00Z,26192.0,26194.5,26160.0,26165.25,12709.0
2025-10-31T06:00:00Z,26164.5,26192.5,26154.75,26160.5,17354.0
2025-10-31T07:00:00Z,26161.0,26219.5,26144.25,26218.0,22010.0
2025-10-31T08:00:00Z,26217.75,26218.25,26157.25,26198.0,27429.0
2025-10-31T09:00:00Z,26198.5,26210.75,26177.0,26181.5,15985.0
2025-10-31T10:00:00Z,26182.25,26195.5,26161.0,26181.5,16385.0
2025-10-31T11:00:00Z,26181.75,26232.0,26166.25,26220.75,26494.0
2025-10-31T12:00:00Z,26220.5,26273.0,26204.0,26211.75,52462.0
2025-10-31T13:00:00Z,26211.5,26217.0,26080.25,26102.75,214687.0
2025-10-31T14:00:00Z,26102.5,26181.5,26057.0,26164.75,245070.0
2025-10-31T15:00:00Z,26164.75,26183.0,26050.0,26051.75,219422.0
2025-10-31T16:00:00Z,26051.75,26053.75,25931.5,25949.5,232168.0
2025-10-31T17:00:00Z,25949.5,25980.75,25887.75,25947.5,202440.0
2025-10-31T18:00:00Z,25948.0,26022.5,25944.25,26014.0,121962.0
2025-10-31T19:00:00Z,26014.25,26118.25,25992.25,25993.5,172065.0
2025-10-31T20:00:00Z,25993.5,26004.0,25967.25,26004.0,42148.0
2025-11-02T23:00:00Z,26004.0,26090.25,26004.0,26080.75,511.0
2025-11-03T00:00:00Z,26080.75,26119.75,26078.75,26116.25,18344.0
2025-11-03T01:00:00Z,26116.5,26123.0,26087.5,26089.0,19389.0
2025-11-03T02:00:00Z,26089.5,26114.5,26069.0,26083.0,21579.0
2025-11-03T03:00:00Z,26082.5,26085.5,26049.75,26076.0,17940.0
2025-11-03T04:00:00Z,26075.5,26086.0,26065.0,26082.0,10911.0
2025-11-03T05:00:00Z,26084.25,26088.0,26055.25,26067.75,14309.0
2025-11-03T06:00:00Z,26068.0,26081.75,26031.5,26048.0,20360.0
2025-11-03T07:00:00Z,26048.25,26049.75,26016.75,26031.25,20696.0
2025-11-03T08:00:00Z,26031.0,26097.25,26017.75,26086.5,26015.0
2025-11-03T09:00:00Z,26086.25,26155.75,26082.5,26129.75,28625.0
2025-11-03T10:00:00Z,26130.0,26163.25,26123.75,26138.75,19430.0
2025-11-03T11:00:00Z,26138.5,26178.75,26138.0,26153.0,22436.0
2025-11-03T12:00:00Z,26153.25,26182.0,26144.0,26153.25,28005.0
2025-11-03T13:00:00Z,26152.5,26191.75,26133.5,26188.5,43190.0
2025-11-03T14:00:00Z,26188.75,26265.75,26119.5,26133.5,210165.0
2025-11-03T15:00:00Z,26139.5,26155.0,26012.75,26088.5,291422.0
2025-11-03T16:00:00Z,26088.5,26127.5,26043.25,26118.25,150394.0
2025-11-03T17:00:00Z,26119.25,26159.5,26083.0,26150.0,117205.0
2025-11-03T18:00:00Z,26150.0,26166.0,26124.0,26129.5,70704.0
2025-11-03T19:00:00Z,26129.5,26138.75,26066.0,26116.5,108798.0
2025-11-03T20:00:00Z,26116.5,26124.75,26071.75,26110.25,92786.0
2025-11-03T21:00:00Z,26110.25,26178.0,26097.75,26109.5,41666.0
2025-11-03T23:00:00Z,26105.5,26105.5,26061.0,26069.0,0.0
2025-11-04T00:00:00Z,26068.5,26069.25,25982.0,26013.75,34757.0
2025-11-04T01:00:00Z,26014.75,26030.75,25988.5,26008.25,27625.0
2025-11-04T02:00:00Z,26007.5,26008.0,25941.0,25941.5,31877.0
2025-11-04T03:00:00Z,25941.5,25976.25,25924.5,25927.75,27819.0
2025-11-04T04:00:00Z,25928.0,25941.25,25905.75,25926.25,20775.0
2025-11-04T05:00:00Z,25917.5,25922.0,25806.75,25821.0,44201.0
2025-11-04T06:00:00Z,25822.0,25825.0,25744.25,25776.0,61910.0
2025-11-04T07:00:00Z,25775.5,25803.5,25737.25,25791.75,43998.0
2025-11-04T08:00:00Z,25792.25,25792.25,25729.0,25765.5,47878.0
2025-11-04T09:00:00Z,25765.75,25789.25,25667.0,25674.25,57256.0
2025-11-04T10:00:00Z,25674.75,25772.5,25644.75,25758.0,53910.0
2025-11-04T11:00:00Z,25757.25,25792.75,25746.75,25766.75,29788.0
2025-11-04T12:00:00Z,25767.5,25790.5,25725.0,25754.75,47330.0
2025-11-04T13:00:00Z,25754.25,25767.0,25684.5,25716.0,63669.0
2025-11-04T14:00:00Z,25715.25,25881.0,25663.0,25874.75,259458.0
2025-11-04T15:00:00Z,25874.75,25893.75,25763.75,25788.5,238945.0
2025-11-04T16:00:00Z,25789.25,25823.0,25723.25,25755.5,200014.0
2025-11-04T17:00:00Z,25756.5,25757.75,25642.25,25679.25,180525.0
2025-11-04T18:00:00Z,25678.5,25685.0,25603.0,25668.75,170034.0
2025-11-04T19:00:00Z,25667.5,25688.5,25574.25,25605.75,150946.0
2025-11-04T20:00:00Z,25605.75,25643.0,25545.0,25579.5,154976.0
2025-11-04T21:00:00Z,25579.5,25593.0,25517.0,25575.5,58718.0
2025-11-04T23:00:00Z,25545.0,25574.5,25501.75,25503.75,0.0
2025-11-05T00:00:00Z,25504.25,25504.25,25407.5,25410.0,58063.0
2025-11-05T01:00:00Z,25409.5,25411.25,25282.75,25338.25,104383.0
2025-11-05T02:00:00Z,25338.0,25424.25,25296.25,25414.0,71127.0
2025-11-05T03:00:00Z,25415.25,25518.5,25415.25,25515.75,57776.0
2025-11-05T04:00:00Z,25516.0,25517.25,25443.75,25462.25,37032.0
2025-11-05T05:00:00Z,25496.75,25536.0,25463.25,25481.75,34827.0
2025-11-05T06:00:00Z,25481.25,25553.25,25455.75,25528.75,32310.0
2025-11-05T07:00:00Z,25528.25,25535.5,25470.25,25474.75,27908.0
2025-11-05T08:00:00Z,25475.0,25538.0,25453.5,25513.0,37417.0
2025-11-05T09:00:00Z,25512.75,25552.0,25481.0,25519.25,30049.0
2025-11-05T10:00:00Z,25518.5,25537.75,25411.75,25413.5,31865.0
2025-11-05T11:00:00Z,25413.0,25484.25,25403.75,25481.25,36034.0
2025-11-05T12:00:00Z,25481.5,25535.75,25458.25,25529.25,35442.0
2025-11-05T13:00:00Z,25528.5,25595.75,25508.25,25587.5,57374.0
2025-11-05T14:00:00Z,25586.5,25690.75,25487.75,25686.75,242127.0
2025-11-05T15:00:00Z,25686.25,25736.5,25618.5,25720.25,268963.0
2025-11-05T16:00:00Z,25720.0,25789.0,25658.25,25774.5,159858.0
2025-11-05T17:00:00Z,25774.0,25828.25,25740.0,25812.25,88708.0
2025-11-05T18:00:00Z,25812.0,25872.75,25804.75,25864.75,69034.0
2025-11-05T19:00:00Z,25864.0,25878.5,25823.0,25863.5,72714.0
2025-11-05T20:00:00Z,25863.0,25877.5,25730.0,25740.75,124737.0
2025-11-05T21:00:00Z,25741.0,25763.5,25694.25,25728.75,59332.0
2025-11-05T23:00:00Z,25732.0,25776.25,25702.25,25773.0,0.0
2025-11-06T00:00:00Z,25772.75,25775.5,25652.25,25698.5,48145.0
2025-11-06T01:00:00Z,25697.75,25697.75,25616.75,25673.25,46369.0
2025-11-06T02:00:00Z,25673.0,25718.75,25639.25,25714.5,30218.0
2025-11-06T03:00:00Z,25714.5,25734.75,25700.0,25720.75,24143.0
2025-11-06T04:00:00Z,25720.25,25742.5,25704.5,25738.25,15121.0
2025-11-06T05:00:00Z,25729.0,25736.5,25687.75,25693.0,18335.0
2025-11-06T06:00:00Z,25692.25,25712.75,25672.25,25681.75,21214.0
2025-11-06T07:00:00Z,25681.5,25715.0,25642.5,25646.25,29522.0
2025-11-06T08:00:00Z,25645.5,25683.75,25628.25,25672.0,37778.0
2025-11-06T09:00:00Z,25672.5,25747.5,25671.25,25727.5,29609.0
2025-11-06T10:00:00Z,25728.0,25777.25,25725.75,25752.0,21286.0
2025-11-06T11:00:00Z,25752.0,25775.75,25742.5,25747.25,23181.0
2025-11-06T12:00:00Z,25747.25,25791.5,25745.75,25778.75,32569.0
2025-11-06T13:00:00Z,25778.5,25823.75,25761.5,25767.0,38821.0
2025-11-06T14:00:00Z,25766.75,25774.25,25509.5,25513.5,297367.0
2025-11-06T15:00:00Z,25513.25,25544.0,25290.5,25303.0,421383.0
2025-11-06T16:00:00Z,25302.75,25370.5,25201.5,25221.0,295487.0
2025-11-06T17:00:00Z,25220.5,25356.5,25197.25,25338.0,216131.0
2025-11-06T18:00:00Z,25337.5,25372.75,25224.25,25330.5,186895.0
2025-11-06T19:00:00Z,25330.5,25438.75,25320.75,25404.25,176274.0
2025-11-06T20:00:00Z,25404.0,25415.0,25226.25,25259.0,190106.0
2025-11-06T21:00:00Z,25258.75,25319.5,25241.5,25310.5,44249.0
2025-11-06T23:00:00Z,25311.0,25336.0,25269.75,25316.75,0.0
2025-11-07T00:00:00Z,25316.75,25350.0,25279.5,25323.25,42425.0
2025-11-07T01:00:00Z,25323.75,25334.0,25200.75,25271.75,68999.0
2025-11-07T02:00:00Z,25271.75,25274.75,25207.75,25268.5,42767.0
2025-11-07T03:00:00Z,25268.25,25281.0,25203.25,25223.5,33551.0
2025-11-07T04:00:00Z,25223.25,25265.5,25162.0,25253.25,39296.0
2025-11-07T05:00:00Z,25296.0,25333.25,25286.75,25332.75,27100.0
2025-11-07T06:00:00Z,25332.5,25341.75,25307.25,25325.25,19548.0
2025-11-07T07:00:00Z,25325.25,25348.75,25313.0,25336.25,17972.0
2025-11-07T08:00:00Z,25335.75,25354.75,25271.75,25312.75,42712.0
2025-11-07T09:00:00Z,25312.0,25328.75,25240.5,25259.25,41478.0
2025-11-07T10:00:00Z,25260.25,25277.75,25186.0,25218.75,42519.0
2025-11-07T11:00:00Z,25219.0,25220.25,25084.25,25179.5,88424.0
2025-11-07T12:00:00Z,25179.75,25195.75,25062.0,25093.0,76276.0
2025-11-07T13:00:00Z,25092.5,25147.0,25066.5,25111.25,88702.0
2025-11-07T14:00:00Z,25111.5,25124.25,24917.5,25025.0,310916.0
2025-11-07T15:00:00Z,25006.5,25045.0,24822.0,24823.5,383346.0
2025-11-07T16:00:00Z,24823.5,24861.25,24719.0,24746.25,268253.0
2025-11-07T17:00:00Z,24746.0,24863.0,24709.0,24841.25,227369.0
2025-11-07T18:00:00Z,24841.0,24953.5,24822.0,24922.75,195006.0
2025-11-07T19:00:00Z,24922.75,25116.5,24900.5,25113.75,198096.0
2025-11-07T20:00:00Z,25113.75,25173.0,25023.75,25164.5,235441.0
2025-11-07T21:00:00Z,25164.75,25227.25,25160.75,25166.25,51534.0
2025-11-09T23:00:00Z,25337.5,25356.75,25166.25,25336.0,30422.0
2025-11-10T00:00:00Z,25335.25,25346.0,25268.75,25330.0,51041.0
2025-11-10T01:00:00Z,25329.75,25437.5,25326.5,25428.5,51162.0
2025-11-10T02:00:00Z,25428.5,25449.0,25409.5,25431.75,25776.0
2025-11-10T03:00:00Z,25432.0,25488.5,25431.25,25460.25,29209.0
2025-11-10T04:00:00Z,25460.25,25486.25,25455.75,25470.75,21400.0
2025-11-10T05:00:00Z,25466.75,25496.0,25466.25,25483.5,19701.0
2025-11-10T06:00:00Z,25483.0,25502.75,25466.25,25470.5,19589.0
2025-11-10T07:00:00Z,25470.0,25499.75,25463.25,25489.5,21095.0
2025-11-10T08:00:00Z,25490.0,25536.5,25456.0,25532.0,31722.0
2025-11-10T09:00:00Z,25532.5,25569.5,25517.25,25552.75,35169.0
2025-11-10T10:00:00Z,25553.0,25558.25,25525.5,25530.0,19448.0
2025-11-10T11:00:00Z,25529.75,25546.25,25504.75,25545.75,25166.0
2025-11-10T12:00:00Z,25546.0,25551.5,25513.25,25538.5,28277.0
2025-11-10T13:00:00Z,25539.5,25560.0,25519.25,25555.25,34890.0
2025-11-10T14:00:00Z,25555.5,25657.75,25521.5,25638.25,220766.0
2025-11-10T15:00:00Z,25637.25,25666.5,25515.75,25523.5,242808.0
2025-11-10T16:00:00Z,25524.0,25537.5,25452.25,25521.25,263982.0
2025-11-10T17:00:00Z,25521.5,25647.25,25507.5,25635.0,183002.0
2025-11-10T18:00:00Z,25635.75,25683.0,25628.5,25647.25,105907.0
2025-11-10T19:00:00Z,25647.25,25718.0,25642.5,25702.5,100190.0
2025-11-10T20:00:00Z,25702.0,25760.0,25696.5,25712.25,143841.0
2025-11-10T21:00:00Z,25714.5,25746.0,25707.75,25721.0,38803.0
2025-11-10T23:00:00Z,25721.0,25747.75,25702.25,25742.75,0.0
2025-11-11T00:00:00Z,25742.0,25768.75,25729.0,25738.5,28812.0
2025-11-11T01:00:00Z,25739.0,25768.0,25733.5,25743.25,23169.0
2025-11-11T02:00:00Z,25743.5,25754.5,25720.5,25735.25,24700.0
2025-11-11T03:00:00Z,25735.25,25745.75,25717.25,25737.25,15421.0
2025-11-11T04:00:00Z,25737.0,25742.5,25683.5,25684.0,21021.0
2025-11-11T05:00:00Z,25671.75,25682.5,25652.5,25653.5,34507.0
2025-11-11T06:00:00Z,25653.0,25704.75,25652.0,25684.5,24304.0
2025-11-11T07:00:00Z,25684.5,25690.5,25645.75,25652.0,25131.0
2025-11-11T08:00:00Z,25651.75,25682.5,25630.25,25634.5,30024.0
2025-11-11T09:00:00Z,25635.5,25655.25,25596.5,25603.25,32336.0
2025-11-11T10:00:00Z,25603.0,25634.0,25596.25,25621.0,20708.0
2025-11-11T11:00:00Z,25621.25,25645.25,25607.75,25622.75,24103.0
2025-11-11T12:00:00Z,25623.25,25639.0,25582.75,25591.0,33922.0
2025-11-11T13:00:00Z,25591.5,25626.0,25572.5,25596.75,50616.0
2025-11-11T14:00:00Z,25597.0,25646.0,25560.5,25627.0,200671.0
2025-11-11T15:00:00Z,25627.0,25628.5,25486.0,25512.5,278084.0
2025-11-11T16:00:00Z,25513.25,25591.5,25478.5,25510.5,196914.0
2025-11-11T17:00:00Z,25510.25,25631.25,25506.75,25617.5,140089.0
2025-11-11T18:00:00Z,25617.75,25695.75,25607.25,25690.75,137042.0
2025-11-11T19:00:00Z,25690.75,25691.25,25642.25,25663.5,83536.0
2025-11-11T20:00:00Z,25663.5,25688.5,25619.25,25647.25,100062.0
2025-11-11T21:00:00Z,25647.25,25687.5,25626.5,25659.25,34883.0
2025-11-11T23:00:00Z,25676.5,25676.5,25629.25,25650.25,0.0
2025-11-12T00:00:00Z,25650.5,25700.0,25649.25,25684.5,20926.0
2025-11-12T01:00:00Z,25684.75,25739.0,25678.25,25730.25,28036.0
2025-11-12T02:00:00Z,25731.25,25761.0,25710.25,25724.75,28003.0
2025-11-12T03:00:00Z,25725.75,25735.25,25708.0,25729.25,13698.0
2025-11-12T04:00:00Z,25728.75,25732.0,25694.25,25714.0,15822.0
2025-11-12T05:00:00Z,25724.0,25754.5,25717.0,25742.75,14051.0
2025-11-12T06:00:00Z,25742.25,25774.75,25741.0,25771.25,12669.0
2025-11-12T07:00:00Z,25771.5,25813.25,25771.5,25778.25,20244.0
2025-11-12T08:00:00Z,25778.5,25810.5,25763.75,25793.25,25334.0
2025-11-12T09:00:00Z,25793.0,25825.5,25770.25,25819.0,22526.0
2025-11-12T10:00:00Z,25819.25,25830.5,25779.0,25796.75,18621.0
2025-11-12T11:00:00Z,25797.0,25804.0,25728.5,25736.75,28824.0
2025-11-12T12:00:00Z,25737.0,25803.75,25721.0,25792.5,35001.0
2025-11-12T13:00:00Z,25792.25,25812.25,25786.75,25800.25,26064.0
2025-11-12T14:00:00Z,25800.75,25801.25,25561.5,25593.75,239858.0
2025-11-12T15:00:00Z,25594.25,25659.75,25531.5,25557.5,306811.0
2025-11-12T16:00:00Z,25557.25,25607.5,25488.75,25533.0,249610.0
2025-11-12T17:00:00Z,25532.25,25628.25,25520.25,25608.75,197045.0
2025-11-12T18:00:00Z,25608.75,25637.25,25582.75,25613.0,120785.0
2025-11-12T19:00:00Z,25613.0,25624.5,25552.5,25581.0,121277.0
2025-11-12T20:00:00Z,25580.5,25651.5,25544.0,25624.25,144070.0
2025-11-12T21:00:00Z,25625.25,25654.5,25619.25,25625.5,39067.0
2025-11-12T23:00:00Z,25626.25,25636.75,25502.0,25540.5,0.0
2025-11-13T00:00:00Z,25541.25,25599.75,25538.0,25565.0,44507.0
2025-11-13T01:00:00Z,25564.5,25720.5,25557.5,25692.0,74002.0
2025-11-13T02:00:00Z,25691.75,25701.75,25646.0,25659.0,28173.0
2025-11-13T03:00:00Z,25659.5,25693.25,25633.0,25676.25,28749.0
2025-11-13T04:00:00Z,25676.25,25697.0,25664.25,25692.0,14907.0
2025-11-13T05:00:00Z,25698.5,25710.0,25692.5,25696.5,13244.0
2025-11-13T06:00:00Z,25697.0,25721.25,25679.0,25711.5,16039.0
2025-11-13T07:00:00Z,25712.25,25721.75,25664.25,25666.75,22396.0
2025-11-13T08:00:00Z,25666.5,25687.25,25643.0,25677.0,30852.0
2025-11-13T09:00:00Z,25677.5,25684.0,25530.75,25567.75,51364.0
2025-11-13T10:00:00Z,25567.75,25629.0,25562.0,25597.25,30565.0
2025-11-13T11:00:00Z,25597.0,25627.0,25548.0,25591.0,37003.0
2025-11-13T12:00:00Z,25590.5,25615.75,25550.5,25585.5,35226.0
2025-11-13T13:00:00Z,25585.5,25596.75,25491.75,25498.25,73600.0
2025-11-13T14:00:00Z,25498.0,25509.25,25280.75,25381.25,316026.0
2025-11-13T15:00:00Z,25382.0,25497.0,25197.0,25258.0,416675.0
2025-11-13T16:00:00Z,25258.0,25277.75,25155.0,25193.0,322325.0
2025-11-13T17:00:00Z,25192.75,25255.0,25125.75,25136.75,267397.0
2025-11-13T18:00:00Z,25136.75,25164.75,25012.5,25070.5,241474.0
2025-11-13T19:00:00Z,25070.5,25132.5,25002.0,25054.25,209814.0
2025-11-13T20:00:00Z,25054.25,25144.75,25015.5,25100.0,220069.0
2025-11-13T21:00:00Z,25100.0,25167.0,25079.5,25088.0,49777.0
2025-11-13T23:00:00Z,25100.0,25151.75,25087.5,25108.0,0.0
2025-11-14T00:00:00Z,25107.5,25143.0,25094.5,25106.5,33320.0
2025-11-14T01:00:00Z,25106.0,25149.25,25103.0,25118.25,33025.0
2025-11-14T02:00:00Z,25118.25,25155.75,25118.25,25134.25,20050.0
2025-11-14T03:00:00Z,25134.0,25144.75,25085.25,25110.75,20222.0
2025-11-14T04:00:00Z,25110.75,25118.25,25026.5,25026.75,42374.0
2025-11-14T05:00:00Z,25024.0,25121.25,24974.25,25101.0,53739.0
2025-11-14T06:00:00Z,25100.5,25104.0,25004.5,25069.5,44657.0
2025-11-14T07:00:00Z,25068.25,25074.25,24934.0,25000.75,68578.0
2025-11-14T08:00:00Z,25001.0,25012.0,24900.0,24984.25,69199.0
2025-11-14T09:00:00Z,24983.75,25035.5,24931.25,24941.0,45605.0
2025-11-14T10:00:00Z,24940.5,24994.25,24927.25,24943.75,33511.0
2025-11-14T11:00:00Z,24943.75,24944.0,24776.75,24828.25,76896.0
2025-11-14T12:00:00Z,24829.75,24833.0,24670.0,24724.25,110666.0
2025-11-14T13:00:00Z,24723.75,24766.5,24657.5,24717.75,114793.0
2025-11-14T14:00:00Z,24717.0,24970.5,24626.0,24953.25,374028.0
2025-11-14T15:00:00Z,24953.0,25178.5,24862.5,25143.0,429349.0
2025-11-14T16:00:00Z,25142.75,25268.0,25069.25,25247.75,266985.0
2025-11-14T17:00:00Z,25247.75,25293.5,25160.75,25204.0,227270.0
2025-11-14T18:00:00Z,25203.75,25225.25,25088.0,25172.75,232647.0
2025-11-14T19:00:00Z,25171.75,25242.0,25124.25,25228.5,153139.0
2025-11-14T20:00:00Z,25228.25,25251.25,25070.75,25103.0,180465.0
2025-11-14T21:00:00Z,25105.5,25162.75,25076.0,25140.0,41773.0
2025-11-16T23:00:00Z,25073.25,25188.75,25056.5,25170.0,39213.0
2025-11-17T00:00:00Z,25169.5,25244.25,25113.5,25231.0,60111.0
2025-11-17T01:00:00Z,25231.0,25256.25,25196.25,25198.25,46870.0
2025-11-17T02:00:00Z,25199.5,25259.25,25198.75,25251.25,34827.0
2025-11-17T03:00:00Z,25251.0,25269.5,25234.5,25265.25,24263.0
2025-11-17T04:00:00Z,25265.25,25284.75,25257.25,25273.5,16680.0
2025-11-17T05:00:00Z,25275.0,25286.25,25241.5,25246.25,20033.0
2025-11-17T06:00:00Z,25246.5,25272.0,25228.25,25238.25,21763.0
2025-11-17T07:00:00Z,25237.75,25327.5,25231.25,25314.5,30604.0
2025-11-17T08:00:00Z,25313.75,25362.0,25302.0,25356.5,32989.0
2025-11-17T09:00:00Z,25355.0,25361.0,25264.0,25284.5,38181.0
2025-11-17T10:00:00Z,25283.75,25290.25,25169.75,25198.5,47358.0
2025-11-17T11:00:00Z,25199.25,25244.75,25170.0,25202.75,44647.0
2025-11-17T12:00:00Z,25202.75,25203.75,25111.75,25131.0,61428.0
2025-11-17T13:00:00Z,25130.75,25140.0,25010.25,25078.0,90588.0
2025-11-17T14:00:00Z,25078.5,25254.75,24955.25,25200.5,300323.0
2025-11-17T15:00:00Z,25199.75,25216.0,25056.0,25080.25,387458.0
2025-11-17T16:00:00Z,25080.25,25201.0,24943.5,25196.25,301885.0
2025-11-17T17:00:00Z,25196.25,25199.5,24996.75,25001.0,205152.0
2025-11-17T18:00:00Z,25000.75,25050.75,24886.75,24895.75,236967.0
2025-11-17T19:00:00Z,24895.5,24912.25,24754.5,24756.0,250648.0
2025-11-17T20:00:00Z,24756.25,24890.75,24732.0,24887.5,246298.0
2025-11-17T21:00:00Z,24887.75,24926.0,24877.25,24905.75,42352.0
2025-11-17T23:00:00Z,24904.75,24954.5,24882.0,24920.0,0.0
2025-11-18T00:00:00Z,24920.25,24938.75,24830.25,24853.5,49222.0
2025-11-18T01:00:00Z,24852.5,24959.75,24851.0,24935.0,49723.0
2025-11-18T02:00:00Z,24933.5,24953.75,24837.5,24840.0,42371.0
2025-11-18T03:00:00Z,24840.0,24841.5,24762.0,24785.5,53574.0
2025-11-18T04:00:00Z,24784.75,24785.25,24607.5,24730.5,80827.0
2025-11-18T05:00:00Z,24743.5,24767.25,24708.25,24709.25,46800.0
2025-11-18T06:00:00Z,24709.75,24747.75,24641.0,24660.0,45264.0
2025-11-18T07:00:00Z,24660.25,24741.75,24603.75,24700.0,61493.0
2025-11-18T08:00:00Z,24701.25,24857.0,24697.0,24804.75,68324.0
2025-11-18T09:00:00Z,24804.75,24859.75,24765.75,24837.5,46958.0
2025-11-18T10:00:00Z,24836.75,24846.75,24788.25,24826.0,29990.0
2025-11-18T11:00:00Z,24825.5,24835.5,24760.5,24801.0,39967.0
2025-11-18T12:00:00Z,24801.0,24801.5,24659.25,24693.75,74640.0
2025-11-18T13:00:00Z,24694.25,24769.25,24694.25,24731.75,80643.0
2025-11-18T14:00:00Z,24731.75,24832.0,24522.0,24523.25,381894.0
2025-11-18T15:00:00Z,24522.5,24610.0,24430.0,24458.25,496376.0
2025-11-18T16:00:00Z,24458.0,24697.75,24380.25,24653.5,371491.0
2025-11-18T17:00:00Z,24653.5,24783.25,24491.5,24753.25,298059.0
2025-11-18T18:00:00Z,24753.25,24804.5,24691.0,24709.25,230951.0
2025-11-18T19:00:00Z,24710.0,24810.25,24685.0,24774.75,209194.0
2025-11-18T20:00:00Z,24775.25,24795.75,24578.5,24585.0,228648.0
2025-11-18T21:00:00Z,24584.5,24594.5,24524.0,24531.75,61884.0
2025-11-18T23:00:00Z,24547.0,24631.0,24539.0,24591.0,0.0
2025-11-19T00:00:00Z,24590.25,24601.0,24497.75,24556.5,53488.0
2025-11-19T01:00:00Z,24556.0,24627.0,24510.75,24551.25,57098.0
2025-11-19T02:00:00Z,24551.5,24649.0,24551.5,24647.25,40889.0
2025-11-19T03:00:00Z,24646.75,24656.75,24535.75,24542.25,40090.0
2025-11-19T04:00:00Z,24542.5,24562.5,24492.0,24525.25,43261.0
2025-11-19T05:00:00Z,24532.5,24558.5,24446.5,24535.75,45585.0
2025-11-19T06:00:00Z,24535.25,24572.75,24521.0,24553.25,29867.0
2025-11-19T07:00:00Z,24553.25,24626.5,24532.0,24607.75,33790.0
2025-11-19T08:00:00Z,24607.25,24652.0,24571.25,24590.0,42979.0
2025-11-19T09:00:00Z,24589.5,24682.5,24568.75,24677.75,34680.0
2025-11-19T10:00:00Z,24677.0,24710.0,24663.0,24700.25,28874.0
2025-11-19T11:00:00Z,24700.0,24731.5,24687.75,24692.0,32784.0
2025-11-19T12:00:00Z,24692.25,24722.25,24672.5,24695.5,38954.0
2025-11-19T13:00:00Z,24696.0,24709.75,24641.0,24664.75,63169.0
2025-11-19T14:00:00Z,24665.0,24901.5,24573.25,24894.25,310140.0
2025-11-19T15:00:00Z,24894.0,24988.0,24747.25,24769.25,400101.0
2025-11-19T16:00:00Z,24769.0,24786.0,24646.5,24715.0,373975.0
2025-11-19T17:00:00Z,24714.75,24721.25,24508.0,24635.75,342190.0
2025-11-19T18:00:00Z,24634.75,24713.0,24587.5,24689.75,243163.0
2025-11-19T19:00:00Z,24688.25,24702.25,24570.0,24658.25,214166.0
2025-11-19T20:00:00Z,24657.75,24830.25,24644.25,24724.25,230185.0
2025-11-19T21:00:00Z,24724.5,24976.25,24664.25,24958.5,138041.0
2025-11-19T22:00:00Z,24959.75,24959.75,24959.75,24959.75,2.0
2025-11-19T23:00:00Z,24968.75,25111.25,24950.5,25109.25,0.0
2025-11-20T00:00:00Z,25108.25,25161.5,25087.25,25127.25,39837.0
2025-11-20T01:00:00Z,25126.75,25167.0,25102.5,25156.5,33730.0
2025-11-20T02:00:00Z,25155.75,25174.75,25129.0,25168.5,26147.0
2025-11-20T03:00:00Z,25167.75,25196.25,25139.0,25168.75,31996.0
2025-11-20T04:00:00Z,25168.5,25188.5,25150.75,25185.75,19064.0
2025-11-20T05:00:00Z,25207.25,25209.0,25154.75,25168.75,21993.0
2025-11-20T06:00:00Z,25169.25,25185.5,25132.5,25176.0,25340.0
2025-11-20T07:00:00Z,25176.0,25207.0,25138.0,25151.0,28018.0
2025-11-20T08:00:00Z,25150.5,25184.75,25121.0,25132.5,35302.0
2025-11-20T09:00:00Z,25132.5,25144.5,25046.5,25059.0,42317.0
2025-11-20T10:00:00Z,25060.0,25125.75,25022.0,25113.0,35870.0
2025-11-20T11:00:00Z,25113.5,25127.5,25047.5,25087.0,45434.0
2025-11-20T12:00:00Z,25088.25,25158.25,25060.5,25155.0,38160.0
2025-11-20T13:00:00Z,25155.75,25265.0,25119.0,25230.0,110277.0
2025-11-20T14:00:00Z,25230.0,25293.5,25146.25,25275.0,318084.0
2025-11-20T15:00:00Z,25273.75,25310.0,25156.0,25162.0,356377.0
2025-11-20T16:00:00Z,25162.75,25165.5,24511.75,24553.75,627060.0
2025-11-20T17:00:00Z,24553.75,24642.0,24308.25,24395.0,470045.0
2025-11-20T18:00:00Z,24395.0,24599.0,24236.25,24278.25,316269.0
2025-11-20T19:00:00Z,24278.5,24402.0,24204.5,24397.75,235587.0
2025-11-20T20:00:00Z,24396.25,24396.25,24099.5,24137.75,253085.0
2025-11-20T21:00:00Z,24139.5,24142.0,24071.5,24075.5,60110.0
2025-11-20T23:00:00Z,24096.75,24167.5,24018.0,24137.0,0.0
2025-11-21T00:00:00Z,24137.0,24205.0,24111.0,24182.75,47510.0
2025-11-21T01:00:00Z,24183.0,24235.0,24165.25,24206.0,52506.0
2025-11-21T02:00:00Z,24206.5,24217.0,24157.0,24173.0,47157.0
2025-11-21T03:00:00Z,24172.75,24237.75,24159.0,24192.0,37351.0
2025-11-21T04:00:00Z,24192.25,24203.75,24097.5,24157.25,39384.0
2025-11-21T05:00:00Z,24178.5,24210.0,24127.0,24141.0,33442.0
2025-11-21T06:00:00Z,24140.75,24200.75,24129.25,24175.25,26122.0
2025-11-21T07:00:00Z,24174.75,24202.0,24060.5,24078.25,43623.0
2025-11-21T08:00:00Z,24078.75,24215.75,24078.0,24207.75,57168.0
2025-11-21T09:00:00Z,24207.5,24217.25,24030.75,24035.5,47559.0
2025-11-21T10:00:00Z,24034.25,24095.0,23904.0,24092.25,86911.0
2025-11-21T11:00:00Z,24092.0,24153.5,24009.5,24056.5,62053.0
2025-11-21T12:00:00Z,24056.25,24261.75,23952.5,24191.0,132548.0
2025-11-21T13:00:00Z,24190.75,24291.75,24144.0,24243.0,94693.0
2025-11-21T14:00:00Z,24242.75,24298.25,24101.0,24180.25,311113.0
2025-11-21T15:00:00Z,24175.5,24229.0,23927.25,24022.5,489106.0
2025-11-21T16:00:00Z,24019.0,24373.25,23934.5,24371.75,311303.0
2025-11-21T17:00:00Z,24372.0,24416.0,24307.25,24349.5,228547.0
2025-11-21T18:00:00Z,24350.75,24558.0,24203.25,24477.25,271137.0
2025-11-21T19:00:00Z,24477.5,24596.5,24426.75,24459.0,198034.0
2025-11-21T20:00:00Z,24458.75,24496.5,24285.0,24313.5,215583.0
2025-11-21T21:00:00Z,24313.75,24360.5,24302.75,24349.25,48406.0
2025-11-23T23:00:00Z,24495.0,24523.0,24456.25,24471.75,29618.0
2025-11-24T00:00:00Z,24470.75,24473.75,24404.0,24445.5,39081.0
2025-11-24T01:00:00Z,24446.25,24483.0,24414.5,24449.25,35277.0
2025-11-24T02:00:00Z,24449.5,24517.5,24433.25,24515.25,34894.0
2025-11-24T03:00:00Z,24515.5,24523.0,24476.0,24484.25,26524.0
2025-11-24T04:00:00Z,24484.0,24491.75,24431.5,24454.25,33342.0
2025-11-24T05:00:00Z,24452.0,24511.75,24445.5,24494.25,24767.0
2025-11-24T06:00:00Z,24496.0,24501.5,24457.5,24476.25,18681.0
2025-11-24T07:00:00Z,24475.75,24525.5,24450.25,24513.25,28004.0
2025-11-24T08:00:00Z,24513.0,24563.25,24456.0,24552.25,46038.0
2025-11-24T09:00:00Z,24551.75,24563.25,24365.75,24422.25,67962.0
2025-11-24T10:00:00Z,24422.5,24438.5,24361.25,24402.0,45455.0
2025-11-24T11:00:00Z,24401.5,24463.5,24378.0,24455.25,37891.0
2025-11-24T12:00:00Z,24455.25,24516.5,24422.75,24505.5,48223.0
2025-11-24T13:00:00Z,24505.25,24564.25,24491.0,24499.0,53155.0
2025-11-24T14:00:00Z,24498.5,24722.25,24494.75,24683.75,325469.0
2025-11-24T15:00:00Z,24683.25,24817.0,24664.0,24780.0,330212.0
2025-11-24T16:00:00Z,24780.0,24890.25,24779.5,24846.5,166620.0
2025-11-24T17:00:00Z,24846.75,24940.0,24828.75,24920.0,131669.0
2025-11-24T18:00:00Z,24919.75,24954.25,24913.5,24926.0,89539.0
2025-11-24T19:00:00Z,24926.0,24960.5,24893.25,24913.75,104606.0
2025-11-24T20:00:00Z,24914.25,24993.25,24912.75,24935.75,141067.0
2025-11-24T21:00:00Z,24928.5,24975.25,24925.25,24962.5,41575.0
2025-11-24T23:00:00Z,24973.25,24986.75,24951.0,24959.75,0.0
2025-11-25T00:00:00Z,24960.0,24964.0,24918.75,24958.0,31475.0
2025-11-25T01:00:00Z,24957.5,24962.5,24919.5,24923.25,21174.0
2025-11-25T02:00:00Z,24923.25,24955.75,24920.75,24946.75,20441.0
2025-11-25T03:00:00Z,24947.25,24959.0,24915.0,24923.5,20466.0
2025-11-25T04:00:00Z,24924.0,24954.0,24920.5,24933.5,12999.0
2025-11-25T05:00:00Z,24940.0,24955.5,24913.25,24921.0,17484.0
2025-11-25T06:00:00Z,24921.0,24938.5,24894.0,24901.75,18069.0
2025-11-25T07:00:00Z,24902.0,24936.0,24880.75,24915.0,25054.0
2025-11-25T08:00:00Z,24914.0,24931.25,24856.0,24866.5,30157.0
2025-11-25T09:00:00Z,24867.0,24899.0,24821.75,24857.5,41589.0
2025-11-25T10:00:00Z,24857.25,24894.0,24835.25,24886.5,27670.0
2025-11-25T11:00:00Z,24887.0,24897.75,24844.25,24875.0,27590.0
2025-11-25T12:00:00Z,24874.5,24975.5,24866.25,24910.75,66574.0
2025-11-25T13:00:00Z,24910.5,24958.0,24873.5,24884.0,75024.0
2025-11-25T14:00:00Z,24884.0,24892.75,24602.0,24815.5,364244.0
2025-11-25T15:00:00Z,24817.5,24873.5,24654.0,24818.0,470494.0
2025-11-25T16:00:00Z,24818.0,24913.5,24773.75,24899.5,223146.0
2025-11-25T17:00:00Z,24899.5,25061.25,24893.75,24986.0,190252.0
2025-11-25T18:00:00Z,24986.5,25049.5,24983.0,25023.75,114707.0
2025-11-25T19:00:00Z,25024.25,25033.25,24938.0,25013.75,128507.0
2025-11-25T20:00:00Z,25013.75,25135.75,25012.75,25079.25,128202.0
2025-11-25T21:00:00Z,25080.0,25099.75,25059.25,25085.5,28981.0
2025-11-25T23:00:00Z,25070.0,25094.25,25061.75,25086.25,0.0
2025-11-26T00:00:00Z,25086.5,25127.5,25066.75,25121.0,22784.0
2025-11-26T01:00:00Z,25120.5,25171.0,25112.0,25165.75,28164.0
2025-11-26T02:00:00Z,25165.5,25184.0,25155.25,25181.75,16708.0
2025-11-26T03:00:00Z,25181.75,25196.5,25168.0,25181.25,16334.0
2025-11-26T04:00:00Z,25181.0,25188.75,25160.5,25168.5,12973.0
2025-11-26T05:00:00Z,25186.5,25202.75,25181.5,25199.25,16002.0
2025-11-26T06:00:00Z,25199.75,25221.5,25186.25,25210.75,15084.0
2025-11-26T07:00:00Z,25211.0,25236.0,25208.5,25212.0,16479.0
2025-11-26T08:00:00Z,25212.0,25224.75,25171.5,25172.5,28774.0
2025-11-26T09:00:00Z,25172.0,25175.25,25137.5,25149.25,31881.0
2025-11-26T10:00:00Z,25149.75,25203.75,25148.5,25196.5,22265.0
2025-11-26T11:00:00Z,25196.75,25215.25,25173.5,25179.5,27479.0
2025-11-26T12:00:00Z,25179.25,25185.0,25118.75,25175.75,54314.0
2025-11-26T13:00:00Z,25175.5,25220.0,25168.25,25215.0,58768.0
2025-11-26T14:00:00Z,25214.25,25281.5,25155.75,25167.25,261419.0
2025-11-26T15:00:00Z,25167.5,25271.5,25134.75,25268.0,318376.0
2025-11-26T16:00:00Z,25268.0,25375.5,25263.5,25354.75,182960.0
2025-11-26T17:00:00Z,25355.0,25369.75,25313.0,25338.5,121926.0
2025-11-26T18:00:00Z,25338.75,25361.0,25281.25,25317.0,157380.0
2025-11-26T19:00:00Z,25316.5,25355.25,25297.25,25332.25,100918.0
2025-11-26T20:00:00Z,25332.25,25360.25,25295.0,25296.5,107876.0
2025-11-26T21:00:00Z,25296.0,25331.75,25293.5,25314.5,30787.0
2025-11-26T23:00:00Z,25316.75,25338.0,25311.5,25323.5,0.0
2025-11-27T00:00:00Z,25322.75,25333.25,25314.5,25330.25,10138.0
2025-11-27T01:00:00Z,25330.25,25339.25,25303.25,25334.0,15095.0
2025-11-27T02:00:00Z,25334.25,25339.5,25314.5,25316.0,9434.0
2025-11-27T03:00:00Z,25317.0,25322.5,25304.75,25313.25,7079.0
2025-11-27T04:00:00Z,25313.25,25326.75,25307.25,25324.0,7707.0
2025-11-28T14:30:00Z,25371.5,25421.5,25329.5,25370.0,66863.0
2025-11-28T15:30:00Z,25370.0,25421.0,25348.5,25408.75,69277.0
2025-11-28T16:30:00Z,25408.75,25437.0,25367.5,25426.75,80962.0
2025-11-28T17:30:00Z,25426.75,25490.25,25394.25,25487.0,74314.0
2025-11-28T18:00:00Z,25488.25,25500.25,25468.0,25482.0,24274.0
2025-11-30T23:00:00Z,25499.0,25524.0,25442.75,25466.5,33467.0
2025-12-01T00:00:00Z,25467.5,25471.0,25305.25,25321.5,68460.0
2025-12-01T01:00:00Z,25320.25,25344.5,25265.75,25318.25,64535.0
2025-12-01T02:00:00Z,25318.5,25328.25,25267.25,25282.75,40211.0
2025-12-01T03:00:00Z,25282.0,25284.75,25236.75,25259.75,38055.0
2025-12-01T04:00:00Z,25259.0,25266.0,25227.25,25235.0,23683.0
2025-12-01T05:00:00Z,25230.75,25257.5,25193.5,25251.75,37118.0
2025-12-01T06:00:00Z,25251.25,25272.0,25232.5,25268.5,23984.0
2025-12-01T07:00:00Z,25268.0,25284.75,25237.75,25279.5,28070.0
2025-12-01T08:00:00Z,25279.0,25343.0,25268.25,25308.75,33801.0
2025-12-01T09:00:00Z,25308.0,25341.25,25272.25,25281.0,31238.0
2025-12-01T10:00:00Z,25281.0,25333.75,25281.0,25312.75,21940.0
2025-12-01T11:00:00Z,25313.25,25319.75,25279.25,25296.0,24384.0
2025-12-01T12:00:00Z,25296.0,25307.5,25210.75,25225.75,43991.0
2025-12-01T13:00:00Z,25226.0,25271.0,25214.0,25266.0,46662.0
2025-12-01T14:00:00Z,25266.0,25379.75,25209.0,25360.5,239034.0
2025-12-01T15:00:00Z,25364.25,25419.75,25266.25,25412.75,290045.0
2025-12-01T16:00:00Z,25412.5,25450.75,25322.5,25435.0,189025.0
2025-12-01T17:00:00Z,25434.75,25495.75,25414.25,25450.75,129963.0
2025-12-01T18:00:00Z,25450.75,25493.0,25446.0,25486.25,76633.0
2025-12-01T19:00:00Z,25486.75,25488.25,25356.75,25374.25,158425.0
2025-12-01T20:00:00Z,25373.75,25421.25,25365.25,25401.75,137876.0
2025-12-01T21:00:00Z,25401.75,25412.0,25383.25,25400.25,28893.0
2025-12-01T23:00:00Z,25422.75,25426.0,25378.75,25399.0,0.0
2025-12-02T00:00:00Z,25398.5,25418.75,25384.0,25408.5,18355.0
2025-12-02T01:00:00Z,25408.75,25445.75,25399.75,25413.0,24440.0
2025-12-02T02:00:00Z,25413.5,25432.5,25386.0,25424.5,21557.0
2025-12-02T03:00:00Z,25423.75,25426.75,25348.25,25390.75,32515.0
2025-12-02T04:00:00Z,25390.75,25400.0,25367.25,25369.25,12885.0
2025-12-02T05:00:00Z,25375.75,25380.0,25360.0,25373.25,14152.0
2025-12-02T06:00:00Z,25373.0,25387.25,25334.5,25369.0,19195.0
2025-12-02T07:00:00Z,25369.25,25387.75,25351.0,25358.5,17146.0
2025-12-02T08:00:00Z,25357.5,25427.25,25324.0,25421.0,32896.0
2025-12-02T09:00:00Z,25420.5,25451.5,25418.5,25442.0,26126.0
2025-12-02T10:00:00Z,25441.5,25499.75,25436.25,25489.75,23873.0
2025-12-02T11:00:00Z,25489.25,25508.75,25477.75,25481.25,22757.0
2025-12-02T12:00:00Z,25481.25,25501.5,25457.75,25498.75,32930.0
2025-12-02T13:00:00Z,25498.75,25514.75,25481.0,25506.25,41404.0
2025-12-02T14:00:00Z,25506.75,25613.0,25471.25,25597.25,236864.0
2025-12-02T15:00:00Z,25597.25,25670.0,25528.0,25647.75,304649.0
2025-12-02T16:00:00Z,25648.0,25664.0,25413.75,25509.0,355961.0
2025-12-02T17:00:00Z,25509.25,25622.5,25503.75,25506.0,175903.0
2025-12-02T18:00:00Z,25506.0,25587.25,25496.5,25577.0,144920.0
2025-12-02T19:00:00Z,25577.5,25643.25,25563.5,25633.5,121289.0
2025-12-02T20:00:00Z,25633.75,25646.75,25591.25,25600.25,102112.0
2025-12-02T21:00:00Z,25600.5,25607.75,25587.0,25606.75,21087.0
2025-12-02T23:00:00Z,25613.5,25633.25,25610.75,25623.25,0.0
2025-12-03T00:00:00Z,25624.5,25639.0,25575.25,25627.0,32448.0
2025-12-03T01:00:00Z,25627.25,25649.5,25624.5,25639.5,18336.0
2025-12-03T02:00:00Z,25639.75,25674.0,25636.25,25654.75,20897.0
2025-12-03T03:00:00Z,25654.75,25677.25,25642.5,25668.25,13813.0
2025-12-03T04:00:00Z,25667.5,25673.25,25655.75,25660.5,8363.0
2025-12-03T05:00:00Z,25673.25,25678.5,25654.5,25660.25,11268.0
2025-12-03T06:00:00Z,25660.25,25666.25,25637.75,25657.5,14478.0
2025-12-03T07:00:00Z,25657.5,25676.75,25643.75,25651.0,14094.0
2025-12-03T08:00:00Z,25650.75,25667.25,25612.5,25659.5,26607.0
2025-12-03T09:00:00Z,25659.5,25661.5,25613.25,25637.5,26045.0
2025-12-03T10:00:00Z,25637.5,25650.25,25605.5,25624.0,17095.0
2025-12-03T11:00:00Z,25624.75,25644.5,25610.0,25634.25,15378.0
2025-12-03T12:00:00Z,25634.0,25664.75,25615.0,25654.75,23010.0
2025-12-03T13:00:00Z,25655.0,25678.25,25640.0,25648.75,39697.0
2025-12-03T14:00:00Z,25648.5,25653.0,25420.75,25495.25,362188.0
2025-12-03T15:00:00Z,25500.0,25605.25,25488.75,25562.5,303083.0
2025-12-03T16:00:00Z,25562.75,25623.0,25521.75,25560.5,205316.0
2025-12-03T17:00:00Z,25560.75,25637.0,25555.0,25625.5,130022.0
2025-12-03T18:00:00Z,25625.5,25654.25,25608.0,25629.25,82960.0
2025-12-03T19:00:00Z,25628.75,25672.25,25625.75,25669.75,64994.0
2025-12-03T20:00:00Z,25670.0,25685.75,25640.5,25657.5,100864.0
2025-12-03T21:00:00Z,25657.25,25661.5,25636.0,25657.5,25307.0
2025-12-03T23:00:00Z,25649.75,25658.75,25634.25,25647.5,0.0
2025-12-04T00:00:00Z,25648.0,25666.0,25621.25,25632.75,17615.0
2025-12-04T01:00:00Z,25633.0,25663.0,25628.5,25641.75,17222.0
2025-12-04T02:00:00Z,25641.75,25656.75,25618.75,25648.5,17382.0
2025-12-04T03:00:00Z,25649.25,25649.5,25614.0,25631.25,15634.0
2025-12-04T04:00:00Z,25631.0,25643.0,25619.25,25640.0,10342.0
2025-12-04T05:00:00Z,25637.25,25649.5,25628.75,25639.75,10736.0
2025-12-04T06:00:00Z,25640.0,25663.75,25639.5,25654.75,12764.0
2025-12-04T07:00:00Z,25655.0,25669.75,25650.25,25656.25,12621.0
2025-12-04T08:00:00Z,25656.25,25657.75,25602.75,25634.75,28952.0
2025-12-04T09:00:00Z,25634.25,25693.5,25611.75,25684.0,28001.0
2025-12-04T10:00:00Z,25684.25,25691.5,25640.5,25644.75,19769.0
2025-12-04T11:00:00Z,25644.0,25657.5,25626.5,25656.25,22279.0
2025-12-04T12:00:00Z,25656.0,25674.75,25651.75,25659.25,21039.0
2025-12-04T13:00:00Z,25658.5,25667.0,25618.5,25632.0,41540.0
2025-12-04T14:00:00Z,25632.0,25732.5,25540.0,25554.5,285839.0
2025-12-04T15:00:00Z,25555.25,25639.0,25520.0,25569.75,270195.0
2025-12-04T16:00:00Z,25569.75,25650.25,25505.25,25642.0,208787.0
2025-12-04T17:00:00Z,25642.0,25654.25,25586.0,25617.5,125893.0
2025-12-04T18:00:00Z,25617.5,25633.5,25574.25,25604.25,100354.0
2025-12-04T19:00:00Z,25603.75,25612.0,25487.0,25588.75,175891.0
2025-12-04T20:00:00Z,25589.0,25633.0,25551.5,25627.0,132055.0
2025-12-04T21:00:00Z,25627.5,25638.0,25617.25,25632.25,25365.0
2025-12-04T23:00:00Z,25631.0,25647.75,25608.5,25621.25,0.0
2025-12-05T00:00:00Z,25620.75,25656.75,25611.0,25654.5,17461.0
2025-12-05T01:00:00Z,25654.25,25684.25,25653.0,25681.75,18919.0
2025-12-05T02:00:00Z,25681.75,25713.25,25679.25,25689.0,21209.0
2025-12-05T03:00:00Z,25689.0,25707.0,25683.25,25701.0,13352.0
2025-12-05T04:00:00Z,25700.5,25717.0,25697.0,25712.75,13315.0
2025-12-05T05:00:00Z,25718.0,25724.5,25707.75,25723.25,10070.0
2025-12-05T06:00:00Z,25723.0,25731.0,25703.25,25712.5,13781.0
2025-12-05T07:00:00Z,25712.5,25729.5,25705.0,25724.5,12909.0
2025-12-05T08:00:00Z,25724.5,25755.5,25721.0,25724.75,24857.0
2025-12-05T09:00:00Z,25724.5,25736.0,25706.25,25718.0,15686.0
2025-12-05T10:00:00Z,25717.75,25733.25,25712.0,25716.5,11989.0
2025-12-05T11:00:00Z,25716.25,25727.0,25704.5,25719.25,13037.0
2025-12-05T12:00:00Z,25719.75,25733.0,25689.25,25703.5,23131.0
2025-12-05T13:00:00Z,25703.0,25710.0,25579.0,25614.25,78349.0
2025-12-05T14:00:00Z,25614.5,25803.25,25611.25,25791.0,235957.0
2025-12-05T15:00:00Z,25791.0,25867.75,25716.5,25743.25,281414.0
2025-12-05T16:00:00Z,25743.0,25767.0,25651.0,25729.75,253184.0
2025-12-05T17:00:00Z,25729.75,25740.5,25665.0,25730.0,139529.0
2025-12-05T18:00:00Z,25730.0,25758.5,25699.75,25727.0,98934.0
2025-12-05T19:00:00Z,25727.25,25743.75,25702.75,25737.5,88633.0
2025-12-05T20:00:00Z,25737.75,25740.25,25677.75,25726.0,108809.0
2025-12-05T21:00:00Z,25726.0,25743.75,25723.25,25732.0,22749.0
2025-12-07T23:00:00Z,25740.25,25756.5,25723.25,25745.5,14150.0
2025-12-08T00:00:00Z,25745.75,25750.5,25700.0,25746.75,23431.0
2025-12-08T01:00:00Z,25746.75,25771.75,25743.0,25767.5,17627.0
2025-12-08T02:00:00Z,25768.0,25783.75,25761.75,25782.75,14066.0
2025-12-08T03:00:00Z,25782.25,25794.5,25777.0,25789.0,12063.0
2025-12-08T04:00:00Z,25789.5,25803.25,25787.25,25800.5,9010.0
2025-12-08T05:00:00Z,25799.0,25804.5,25790.5,25794.25,8516.0
2025-12-08T06:00:00Z,25794.25,25811.5,25785.25,25790.0,12040.0
2025-12-08T07:00:00Z,25789.75,25821.0,25777.5,25805.0,16677.0
2025-12-08T08:00:00Z,25805.5,25806.5,25768.25,25774.25,18245.0
2025-12-08T09:00:00Z,25774.0,25797.75,25768.5,25774.0,15031.0
2025-12-08T10:00:00Z,25773.75,25800.0,25762.0,25793.5,15587.0
2025-12-08T11:00:00Z,25793.5,25797.5,25770.75,25774.75,16976.0
2025-12-08T12:00:00Z,25775.0,25811.5,25764.75,25803.5,20999.0
2025-12-08T13:00:00Z,25803.25,25833.0,25784.75,25809.75,36961.0
2025-12-08T14:00:00Z,25810.0,25860.75,25722.0,25744.5,202758.0
2025-12-08T15:00:00Z,25744.0,25778.5,25650.0,25663.0,221707.0
2025-12-08T16:00:00Z,25663.0,25671.0,25622.25,25639.75,155708.0
2025-12-08T17:00:00Z,25640.0,25690.0,25593.75,25680.75,151701.0
2025-12-08T18:00:00Z,25680.25,25696.5,25563.75,25592.25,150809.0
2025-12-08T19:00:00Z,25592.5,25622.5,25567.25,25591.5,105086.0
2025-12-08T20:00:00Z,25592.5,25672.0,25582.5,25668.25,100006.0
2025-12-08T21:00:00Z,25669.5,25708.25,25656.0,25706.5,44229.0
2025-12-08T23:00:00Z,25713.0,25728.75,25692.5,25726.5,0.0
2025-12-09T00:00:00Z,25727.0,25727.75,25711.5,25719.75,11929.0
2025-12-09T01:00:00Z,25719.5,25729.5,25685.0,25692.0,23465.0
2025-12-09T02:00:00Z,25691.75,25708.75,25675.25,25692.5,16730.0
2025-12-09T03:00:00Z,25691.75,25702.0,25684.25,25698.25,10899.0
2025-12-09T04:00:00Z,25698.75,25700.5,25683.0,25686.5,7133.0
2025-12-09T05:00:00Z,25676.5,25679.25,25662.5,25663.25,12990.0
2025-12-09T06:00:00Z,25664.0,25688.0,25646.75,25683.5,15633.0
2025-12-09T07:00:00Z,25683.25,25697.5,25676.25,25692.0,13104.0
2025-12-09T08:00:00Z,25692.0,25712.5,25682.25,25695.5,16578.0
2025-12-09T09:00:00Z,25695.5,25696.5,25650.0,25657.0,17704.0
2025-12-09T10:00:00Z,25656.25,25692.5,25601.0,25667.75,35400.0
2025-12-09T11:00:00Z,25668.0,25681.5,25630.5,25672.5,24233.0
2025-12-09T12:00:00Z,25673.0,25676.5,25645.25,25664.25,19529.0
2025-12-09T13:00:00Z,25663.75,25666.0,25607.0,25616.0,37453.0
2025-12-09T14:00:00Z,25616.5,25653.25,25560.0,25630.25,195047.0
2025-12-09T15:00:00Z,25630.75,25687.0,25615.25,25684.0,204110.0
2025-12-09T16:00:00Z,25683.75,25715.75,25667.0,25708.75,141445.0
2025-12-09T17:00:00Z,25708.5,25733.0,25689.0,25717.25,104247.0
2025-12-09T18:00:00Z,25717.0,25738.5,25690.5,25721.75,88878.0
2025-12-09T19:00:00Z,25722.0,25724.25,25682.75,25702.5,73762.0
2025-12-09T20:00:00Z,25702.0,25722.0,25686.0,25703.0,83890.0
2025-12-09T21:00:00Z,25703.25,25704.0,25674.75,25676.5,23743.0
2025-12-09T23:00:00Z,25681.0,25689.25,25667.0,25672.0,0.0
2025-12-10T00:00:00Z,25672.0,25693.75,25650.25,25651.0,17428.0
2025-12-10T01:00:00Z,25650.5,25664.0,25640.0,25655.75,15686.0
2025-12-10T02:00:00Z,25656.25,25679.0,25654.25,25673.5,10413.0
2025-12-10T03:00:00Z,25673.5,25685.0,25663.25,25673.5,11293.0
2025-12-10T04:00:00Z,25674.0,25709.5,25674.0,25692.25,11389.0
2025-12-10T05:00:00Z,25677.25,25687.0,25668.5,25681.75,10306.0
2025-12-10T06:00:00Z,25681.75,25713.75,25681.0,25704.0,11287.0
2025-12-10T07:00:00Z,25703.0,25730.75,25698.0,25728.25,12564.0
2025-12-10T08:00:00Z,25728.75,25746.25,25705.25,25720.5,23255.0
2025-12-10T09:00:00Z,25720.5,25732.0,25704.0,25709.5,14334.0
2025-12-10T10:00:00Z,25708.75,25734.0,25615.75,25650.75,37457.0
2025-12-10T11:00:00Z,25650.5,25693.0,25639.0,25666.0,23450.0
2025-12-10T12:00:00Z,25666.0,25668.5,25627.5,25648.25,21666.0
2025-12-10T13:00:00Z,25648.75,25718.0,25645.25,25673.0,36674.0
2025-12-10T14:00:00Z,25673.0,25683.0,25567.0,25630.75,221742.0
2025-12-10T15:00:00Z,25630.75,25656.75,25550.25,25566.75,217962.0
2025-12-10T16:00:00Z,25566.75,25658.5,25528.25,25650.5,164442.0
2025-12-10T17:00:00Z,25650.5,25682.0,25616.0,25665.0,92216.0
2025-12-10T18:00:00Z,25664.75,25667.75,25595.0,25614.0,79202.0
2025-12-10T19:00:00Z,25616.75,25834.0,25579.0,25824.0,398603.0
2025-12-10T20:00:00Z,25824.0,25869.75,25788.0,25800.25,212348.0
2025-12-10T21:00:00Z,25799.5,25813.25,25754.25,25800.25,46654.0
2025-12-10T23:00:00Z,25777.75,25792.5,25715.0,25729.25,0.0
2025-12-11T00:00:00Z,25730.0,25733.5,25670.75,25684.0,26180.0
2025-12-11T01:00:00Z,25683.5,25683.5,25651.25,25659.75,22751.0
2025-12-11T02:00:00Z,25660.0,25661.5,25523.25,25549.75,57576.0
2025-12-11T03:00:00Z,25548.75,25550.75,25382.0,25486.75,84072.0
2025-12-11T04:00:00Z,25486.75,25533.0,25475.25,25509.0,30405.0
2025-12-11T05:00:00Z,25497.5,25521.75,25482.75,25514.25,19239.0
2025-12-11T06:00:00Z,25513.75,25523.75,25470.5,25509.25,18486.0
2025-12-11T07:00:00Z,25509.25,25543.0,25475.0,25539.25,22653.0
2025-12-11T08:00:00Z,25539.25,25543.75,25474.0,25537.25,35220.0
2025-12-11T09:00:00Z,25536.25,25623.5,25528.75,25603.75,33692.0
2025-12-11T10:00:00Z,25604.0,25616.75,25580.0,25597.5,22035.0
2025-12-11T11:00:00Z,25597.5,25630.25,25591.0,25623.0,17891.0
2025-12-11T12:00:00Z,25623.0,25700.75,25617.25,25692.5,38253.0
2025-12-11T13:00:00Z,25692.5,25699.25,25632.25,25643.75,44795.0
2025-12-11T14:00:00Z,25644.0,25680.75,25400.5,25414.25,319306.0
2025-12-11T15:00:00Z,25414.5,25629.25,25390.25,25531.25,364858.0
2025-12-11T16:00:00Z,25531.25,25589.25,25456.0,25500.75,239772.0
2025-12-11T17:00:00Z,25500.75,25647.25,25495.0,25592.5,159144.0
2025-12-11T18:00:00Z,25591.75,25686.75,25582.25,25637.75,123841.0
2025-12-11T19:00:00Z,25637.5,25723.0,25635.0,25689.75,87032.0
2025-12-11T20:00:00Z,25690.0,25720.0,25660.0,25715.0,97759.0
2025-12-11T21:00:00Z,25714.25,25862.5,25708.5,25835.0,62354.0
2025-12-11T23:00:00Z,25719.5,25733.75,25649.25,25671.5,0.0
2025-12-12T00:00:00Z,25672.0,25686.25,25641.25,25647.5,27840.0
2025-12-12T01:00:00Z,25647.75,25681.5,25646.25,25678.0,14941.0
2025-12-12T02:00:00Z,25678.25,25703.75,25675.0,25694.25,14214.0
2025-12-12T03:00:00Z,25694.25,25697.75,25663.75,25669.0,12535.0
2025-12-12T04:00:00Z,25669.0,25673.75,25655.75,25658.5,10084.0
2025-12-12T05:00:00Z,25668.75,25699.25,25659.0,25691.0,14296.0
2025-12-12T06:00:00Z,25690.75,25704.5,25675.75,25679.75,12707.0
2025-12-12T07:00:00Z,25679.25,25679.75,25657.0,25665.0,11961.0
2025-12-12T08:00:00Z,25665.75,25682.75,25650.75,25662.5,20194.0
2025-12-12T09:00:00Z,25662.25,25667.5,25562.25,25588.0,39233.0
2025-12-12T10:00:00Z,25588.25,25621.75,25565.0,25583.75,23929.0
2025-12-12T11:00:00Z,25584.0,25588.25,25532.25,25553.0,27209.0
2025-12-12T12:00:00Z,25553.5,25596.25,25537.75,25568.25,33491.0
2025-12-12T13:00:00Z,25567.5,25626.25,25558.75,25625.5,38660.0
2025-12-12T14:00:00Z,25625.0,25632.5,25501.5,25558.0,250376.0
2025-12-12T15:00:00Z,25558.5,25559.25,25213.75,25240.5,450976.0
2025-12-12T16:00:00Z,25240.25,25278.0,25117.75,25174.25,422270.0
2025-12-12T17:00:00Z,25174.25,25309.75,25162.75,25276.75,217636.0
2025-12-12T18:00:00Z,25277.0,25368.25,25262.5,25278.5,172109.0
2025-12-12T19:00:00Z,25279.0,25286.0,25215.0,25233.75,137467.0
2025-12-12T20:00:00Z,25231.25,25263.0,25145.5,25209.75,175422.0
2025-12-12T21:00:00Z,25211.75,25225.75,25199.0,25213.5,33080.0
2025-12-14T23:00:00Z,25145.5,25200.0,25138.75,25194.0,17016.0
2025-12-15T00:00:00Z,25191.25,25239.75,25187.75,25234.25,16758.0
2025-12-15T01:00:00Z,25234.25,25265.0,25221.0,25262.75,14461.0
2025-12-15T02:00:00Z,25262.5,25284.0,25253.75,25261.75,15205.0
2025-12-15T03:00:00Z,25261.0,25273.0,25245.25,25255.5,11227.0
2025-12-15T04:00:00Z,25255.5,25276.25,25233.0,25266.75,11098.0
2025-12-15T05:00:00Z,25268.75,25282.75,25254.0,25277.25,7248.0
2025-12-15T06:00:00Z,25277.0,25279.0,25249.25,25273.0,9169.0
2025-12-15T07:00:00Z,25273.0,25282.25,25237.5,25252.0,10448.0
2025-12-15T08:00:00Z,25253.25,25292.25,25230.25,25285.5,13761.0
2025-12-15T09:00:00Z,25284.5,25334.25,25274.0,25325.5,13281.0
2025-12-15T10:00:00Z,25324.5,25342.5,25316.75,25336.0,8697.0
2025-12-15T11:00:00Z,25336.75,25360.0,25327.5,25354.75,8880.0
2025-12-15T12:00:00Z,25354.5,25361.5,25323.0,25352.0,14873.0
2025-12-15T13:00:00Z,25351.25,25384.0,25336.25,25379.75,18441.0
2025-12-15T14:00:00Z,25380.25,25410.0,25213.75,25225.75,142613.0
2025-12-15T15:00:00Z,25225.75,25235.5,25034.5,25152.75,198031.0
2025-12-15T16:00:00Z,25154.25,25266.75,25118.75,25163.25,121268.0
2025-12-15T17:00:00Z,25163.5,25187.25,25083.5,25131.0,70392.0
2025-12-15T18:00:00Z,25130.25,25169.5,25079.0,25153.0,63554.0
2025-12-15T19:00:00Z,25152.0,25183.5,25106.75,25150.0,51767.0
2025-12-15T20:00:00Z,25149.5,25157.5,25082.25,25083.5,55152.0
2025-12-15T21:00:00Z,25087.5,25108.0,25077.5,25102.5,13228.0
2025-12-15T23:00:00Z,25100.0,25123.0,25036.75,25058.5,0.0
2025-12-16T00:00:00Z,25058.5,25068.5,24993.25,25004.25,16799.0
2025-12-16T01:00:00Z,25003.75,25014.5,24865.0,24903.5,25793.0
2025-12-16T02:00:00Z,24904.5,24938.75,24877.75,24902.0,13117.0
2025-12-16T03:00:00Z,24902.0,24921.25,24855.75,24913.0,12449.0
2025-12-16T04:00:00Z,24912.25,24927.75,24867.5,24917.25,6609.0
2025-12-16T05:00:00Z,24906.5,24909.25,24858.0,24867.5,7591.0
2025-12-16T06:00:00Z,24868.25,24889.25,24857.75,24885.5,6349.0
2025-12-16T07:00:00Z,24886.0,24899.0,24826.0,24880.25,10359.0
2025-12-16T08:00:00Z,24880.5,25211.75,24878.5,25203.5,115474.0
2025-12-16T09:00:00Z,24956.5,25232.25,24918.5,25182.75,18455.0
2025-12-16T10:00:00Z,25183.0,25274.5,24921.0,25246.0,18542.0
2025-12-16T11:00:00Z,25246.25,25294.0,24988.5,25045.0,0.0
2025-12-16T12:00:00Z,25047.25,25324.25,25034.25,25048.75,8954.0
2025-12-16T13:00:00Z,25298.0,25383.5,24994.75,25005.0,31253.0
2025-12-16T14:00:00Z,25252.25,25399.0,24960.5,25393.5,82133.0
2025-12-16T15:00:00Z,25393.5,25408.5,24936.5,25322.0,703268.0
2025-12-16T16:00:00Z,25322.0,25344.0,24970.5,25093.0,0.0
2025-12-16T17:00:00Z,25092.25,25355.5,24951.5,25200.0,890803.0
2025-12-16T18:00:00Z,25200.75,25350.25,24927.75,25316.25,146626.0
2025-12-16T19:00:00Z,25315.75,25349.5,24985.25,25318.25,116274.0
2025-12-16T20:00:00Z,25318.25,25444.0,25070.25,25374.25,122031.0
2025-12-16T21:00:00Z,25132.0,25375.5,25068.5,25321.5,0.0
2025-12-16T23:00:00Z,25100.0,25362.75,25055.75,25315.5,0.0
2025-12-17T00:00:00Z,25075.0,25328.0,25025.5,25304.75,33905.0
2025-12-17T01:00:00Z,25063.0,25359.0,25063.0,25357.0,24663.0
2025-12-17T02:00:00Z,25357.25,25375.0,25087.0,25363.25,18829.0
2025-12-17T03:00:00Z,25362.75,25380.0,25100.0,25350.5,13556.0
2025-12-17T04:00:00Z,25351.0,25366.0,25071.0,25075.5,0.0
2025-12-17T05:00:00Z,25318.0,25357.75,25062.0,25353.0,110532.0
2025-12-17T06:00:00Z,25351.75,25417.0,25112.25,25393.5,18022.0
2025-12-17T07:00:00Z,25394.0,25432.25,25142.25,25412.25,19113.0
2025-12-17T08:00:00Z,25411.75,25436.0,25148.5,25415.75,22662.0
2025-12-17T09:00:00Z,25174.75,25470.0,25160.75,25463.75,21767.0
2025-12-17T10:00:00Z,25463.5,25491.75,25213.0,25239.75,0.0
2025-12-17T11:00:00Z,25239.75,25499.0,25223.25,25494.0,200305.0
2025-12-17T12:00:00Z,25494.0,25508.0,25232.0,25487.0,17702.0
2025-12-17T13:00:00Z,25486.75,25496.75,25154.0,25463.75,73286.0
2025-12-17T14:00:00Z,25224.25,25481.75,25010.5,25099.0,259220.0
2025-12-17T15:00:00Z,25098.75,25346.5,24806.0,25059.0,342745.0
2025-12-17T16:00:00Z,25058.5,25122.5,24758.0,25034.5,271951.0
2025-12-17T17:00:00Z,25035.25,25085.0,24756.0,25022.25,174031.0
2025-12-17T18:00:00Z,25022.0,25078.0,24795.25,24958.5,135908.0
2025-12-17T19:00:00Z,24958.0,24985.5,24922.25,24975.0,105980.0
2025-12-17T20:00:00Z,24975.25,24983.25,24887.75,24891.5,120471.0
2025-12-17T21:00:00Z,24892.5,24995.75,24892.5,24951.75,50880.0
2025-12-17T23:00:00Z,24980.0,25000.25,24925.25,24932.5,0.0
2025-12-18T00:00:00Z,24934.0,24997.75,24901.25,24987.75,35383.0
2025-12-18T01:00:00Z,24987.0,24994.0,24950.75,24961.5,24112.0
2025-12-18T02:00:00Z,24962.5,25012.0,24955.5,24969.0,25232.0
2025-12-18T03:00:00Z,24969.25,24972.75,24902.5,24940.5,23757.0
2025-12-18T04:00:00Z,24941.25,24990.75,24938.75,24988.25,13815.0
2025-12-18T05:00:00Z,24992.75,24993.5,24964.75,24985.5,13047.0
2025-12-18T06:00:00Z,24985.75,24991.75,24953.75,24983.0,13729.0
2025-12-18T07:00:00Z,24983.5,25040.5,24982.25,25031.0,23711.0
2025-12-18T08:00:00Z,25030.75,25073.0,25008.25,25055.75,27272.0
2025-12-18T09:00:00Z,25054.75,25097.5,25030.75,25095.75,20552.0
2025-12-18T10:00:00Z,25096.25,25100.0,25065.25,25079.0,14957.0
2025-12-18T11:00:00Z,25079.5,25104.0,25073.75,25100.5,13698.0
2025-12-18T12:00:00Z,25100.75,25114.75,25085.5,25094.75,19524.0
2025-12-18T13:00:00Z,25094.75,25264.25,25064.75,25222.5,102611.0
2025-12-18T14:00:00Z,25222.25,25329.5,25160.75,25277.5,277203.0
2025-12-18T15:00:00Z,25277.5,25407.5,25174.75,25366.0,295386.0
2025-12-18T16:00:00Z,25366.5,25417.0,25343.5,25386.25,149502.0
2025-12-18T17:00:00Z,25386.5,25386.5,25184.75,25355.5,290346.0
2025-12-18T18:00:00Z,25355.5,25402.5,25317.5,25338.5,124812.0
2025-12-18T19:00:00Z,25338.5,25340.0,25193.75,25208.75,168693.0
2025-12-18T20:00:00Z,25208.5,25342.5,25192.75,25252.0,153110.0
2025-12-18T21:00:00Z,25252.0,25257.5,25193.5,25219.0,35609.0
2025-12-18T23:00:00Z,25237.5,25257.5,25209.0,25256.75,0.0
2025-12-19T00:00:00Z,25256.5,25266.5,25221.0,25244.5,22671.0
2025-12-19T01:00:00Z,25244.0,25277.75,25211.75,25267.0,25853.0
2025-12-19T02:00:00Z,25266.25,25286.75,25250.0,25251.25,19862.0
2025-12-19T03:00:00Z,25252.25,25322.0,25236.25,25306.75,26987.0
2025-12-19T04:00:00Z,25307.0,25318.0,25286.5,25307.0,13127.0
2025-12-19T05:00:00Z,25291.25,25313.5,25281.75,25291.25,12224.0
2025-12-19T06:00:00Z,25291.5,25305.75,25266.75,25298.75,15228.0
2025-12-19T07:00:00Z,25299.0,25373.5,25298.5,25346.5,26881.0
2025-12-19T08:00:00Z,25346.75,25387.5,25340.25,25371.0,25733.0
2025-12-19T09:00:00Z,25370.25,25393.5,25356.0,25383.75,17556.0
2025-12-19T10:00:00Z,25384.0,25384.25,25354.75,25361.25,15449.0
2025-12-19T11:00:00Z,25360.5,25364.75,25315.5,25340.5,22545.0
2025-12-19T12:00:00Z,25341.25,25357.25,25279.25,25280.75,32376.0
2025-12-19T13:00:00Z,25280.75,25339.5,25273.75,25322.25,42872.0
2025-12-19T14:00:00Z,25323.0,25573.25,25298.25,25557.75,280302.0
2025-12-19T15:00:00Z,25558.25,25601.0,25465.25,25483.25,249810.0
2025-12-19T16:00:00Z,25483.25,25565.0,25459.75,25505.75,156771.0
2025-12-19T17:00:00Z,25505.5,25597.5,25501.75,25578.0,92053.0
2025-12-19T18:00:00Z,25577.75,25592.0,25544.25,25551.75,71020.0
2025-12-19T19:00:00Z,25551.5,25589.5,25550.25,25568.75,54333.0
2025-12-19T20:00:00Z,25569.25,25592.5,25549.75,25581.25,92156.0
2025-12-19T21:00:00Z,25581.25,25599.5,25567.0,25590.5,29431.0
2025-12-21T23:00:00Z,25643.5,25676.5,25631.5,25669.25,17798.0
2025-12-22T00:00:00Z,25668.75,25682.0,25644.25,25654.5,21869.0
2025-12-22T01:00:00Z,25655.0,25697.0,25653.75,25688.5,17863.0
2025-12-22T02:00:00Z,25688.75,25698.25,25680.5,25696.0,11254.0
2025-12-22T03:00:00Z,25696.0,25699.75,25673.25,25679.0,11346.0
2025-12-22T04:00:00Z,25678.75,25690.5,25671.5,25683.5,9317.0
2025-12-22T05:00:00Z,25681.0,25683.0,25662.25,25674.25,10538.0
2025-12-22T06:00:00Z,25674.0,25700.0,25673.75,25690.25,10489.0
2025-12-22T07:00:00Z,25690.0,25711.5,25688.75,25702.25,12805.0
2025-12-22T08:00:00Z,25702.5,25717.25,25681.25,25688.0,16572.0
2025-12-22T09:00:00Z,25687.75,25725.75,25683.25,25712.25,14677.0
2025-12-22T10:00:00Z,25712.5,25720.5,25706.5,25707.25,8690.0
2025-12-22T11:00:00Z,25707.5,25719.5,25698.5,25699.75,12163.0
2025-12-22T12:00:00Z,25700.25,25738.75,25697.0,25737.0,21998.0
2025-12-22T13:00:00Z,25736.75,25756.75,25731.0,25752.75,26101.0
2025-12-22T14:00:00Z,25752.75,25795.0,25671.0,25747.75,220948.0
2025-12-22T15:00:00Z,25747.25,25754.5,25629.5,25674.25,214918.0
2025-12-22T16:00:00Z,25674.0,25723.0,25672.75,25714.75,101466.0
2025-12-22T17:00:00Z,25714.75,25731.25,25684.75,25721.0,70847.0
2025-12-22T18:00:00Z,25721.5,25722.5,25672.25,25689.5,69228.0
2025-12-22T19:00:00Z,25689.75,25712.25,25676.25,25690.75,53136.0
2025-12-22T20:00:00Z,25690.75,25705.0,25679.75,25688.25,67619.0
2025-12-22T21:00:00Z,25688.25,25706.25,25687.5,25700.5,17245.0
2025-12-22T23:00:00Z,25701.25,25722.25,25699.5,25713.25,0.0
2025-12-23T00:00:00Z,25713.5,25723.75,25708.5,25722.25,7356.0
2025-12-23T01:00:00Z,25722.25,25730.0,25695.5,25710.75,15925.0
2025-12-23T02:00:00Z,25710.25,25738.5,25708.5,25723.0,13849.0
2025-12-23T03:00:00Z,25723.25,25731.25,25708.0,25712.0,9053.0
2025-12-23T04:00:00Z,25711.75,25713.5,25683.25,25688.75,11475.0
2025-12-23T05:00:00Z,25687.25,25698.5,25677.25,25678.25,10228.0
2025-12-23T06:00:00Z,25678.0,25681.25,25653.75,25667.75,12507.0
2025-12-23T07:00:00Z,25668.25,25679.25,25658.0,25671.0,9775.0
2025-12-23T08:00:00Z,25671.0,25708.25,25665.5,25690.75,15677.0
2025-12-23T09:00:00Z,25690.0,25728.75,25689.0,25718.75,10661.0
2025-12-23T10:00:00Z,25719.25,25725.0,25699.0,25706.5,8861.0
2025-12-23T11:00:00Z,25706.25,25709.75,25686.25,25694.0,9708.0
2025-12-23T12:00:00Z,25694.0,25701.75,25661.0,25685.0,19095.0
2025-12-23T13:00:00Z,25685.0,25687.5,25608.5,25620.75,48582.0
2025-12-23T14:00:00Z,25620.75,25751.25,25609.0,25692.25,190288.0
2025-12-23T15:00:00Z,25691.0,25740.75,25627.25,25731.25,187182.0
2025-12-23T16:00:00Z,25731.25,25776.75,25726.25,25773.25,92094.0
2025-12-23T17:00:00Z,25773.75,25778.5,25750.75,25754.75,52168.0
2025-12-23T18:00:00Z,25754.25,25780.5,25751.5,25773.75,41377.0
2025-12-23T19:00:00Z,25774.0,25802.25,25771.5,25797.0,41082.0
2025-12-23T20:00:00Z,25797.25,25820.25,25793.0,25811.25,61264.0
2025-12-23T21:00:00Z,25811.5,25822.25,25803.0,25811.5,22979.0
2025-12-23T23:00:00Z,25812.0,25820.5,25800.75,25810.0,0.0
2025-12-24T00:00:00Z,25810.0,25825.75,25808.75,25816.5,8584.0
2025-12-24T01:00:00Z,25816.0,25823.5,25802.0,25807.75,8734.0
2025-12-24T02:00:00Z,25807.25,25812.25,25782.75,25793.75,10650.0
2025-12-24T03:00:00Z,25793.5,25803.25,25786.25,25796.75,6496.0
2025-12-24T04:00:00Z,25796.5,25802.0,25781.0,25782.0,6015.0
2025-12-24T14:30:00Z,25822.5,25827.5,25781.75,25809.75,90518.0
2025-12-24T15:30:00Z,25809.5,25841.0,25804.0,25829.0,91627.0
2025-12-24T16:30:00Z,25829.25,25886.5,25827.75,25876.25,65872.0
2025-12-24T17:30:00Z,25876.5,25892.25,25863.75,25878.0,48802.0
2025-12-24T18:00:00Z,25878.0,25881.5,25852.25,25880.5,8940.0
2025-12-26T05:00:00Z,25879.0,25888.75,25867.5,25876.0,5185.0
2025-12-26T06:00:00Z,25876.0,25881.0,25868.0,25871.75,5938.0
2025-12-26T07:00:00Z,25871.5,25873.25,25848.25,25860.0,8522.0
2025-12-26T08:00:00Z,25860.0,25862.5,25842.5,25857.0,7326.0
2025-12-26T09:00:00Z,25857.0,25878.0,25855.0,25876.0,7812.0
2025-12-26T10:00:00Z,25876.25,25892.25,25875.75,25883.5,8471.0
2025-12-26T11:00:00Z,25884.0,25888.5,25865.25,25876.0,7629.0
2025-12-26T12:00:00Z,25876.25,25897.5,25868.0,25889.75,8576.0
2025-12-26T13:00:00Z,25890.0,25923.25,25886.25,25896.75,20769.0
2025-12-26T14:00:00Z,25897.0,25935.0,25864.5,25880.75,121181.0
2025-12-26T15:00:00Z,25881.0,25906.0,25834.25,25899.25,139000.0
2025-12-26T16:00:00Z,25899.0,25911.0,25856.75,25874.25,72926.0
2025-12-26T17:00:00Z,25873.25,25882.0,25848.25,25871.5,55808.0
2025-12-26T18:00:00Z,25871.75,25893.5,25854.25,25891.75,42812.0
2025-12-26T19:00:00Z,25891.75,25898.5,25874.0,25891.25,36902.0
2025-12-26T20:00:00Z,25891.0,25892.0,25857.0,25866.75,44268.0
2025-12-26T21:00:00Z,25866.75,25874.25,25852.25,25863.25,14651.0
2025-12-28T23:00:00Z,25871.0,25879.0,25843.25,25870.0,12109.0
2025-12-29T00:00:00Z,25871.0,25893.5,25853.0,25892.0,17395.0
2025-12-29T01:00:00Z,25890.75,25892.75,25835.25,25842.25,17794.0
2025-12-29T02:00:00Z,25842.0,25850.75,25824.25,25845.5,12107.0
2025-12-29T03:00:00Z,25845.75,25854.25,25825.25,25852.5,13350.0
2025-12-29T04:00:00Z,25852.5,25867.75,25851.75,25859.25,9691.0
2025-12-29T05:00:00Z,25856.0,25856.25,25817.75,25820.0,19200.0
2025-12-29T06:00:00Z,25820.75,25843.0,25810.25,25815.5,14377.0
2025-12-29T07:00:00Z,25815.75,25822.75,25785.0,25799.75,16837.0
2025-12-29T08:00:00Z,25800.25,25804.0,25731.5,25739.25,26358.0
2025-12-29T09:00:00Z,25739.0,25770.75,25733.75,25762.75,17947.0
2025-12-29T10:00:00Z,25762.75,25769.25,25744.5,25746.5,10435.0
2025-12-29T11:00:00Z,25747.25,25775.75,25736.0,25770.5,13783.0
2025-12-29T12:00:00Z,25770.25,25777.0,25734.25,25746.5,19578.0
2025-12-29T13:00:00Z,25745.25,25763.5,25660.5,25693.5,46233.0
2025-12-29T14:00:00Z,25693.75,25818.75,25656.0,25723.0,207411.0
2025-12-29T15:00:00Z,25722.75,25773.25,25661.5,25702.75,213128.0
2025-12-29T16:00:00Z,25702.5,25718.5,25680.0,25695.75,110463.0
2025-12-29T17:00:00Z,25696.0,25707.5,25647.75,25699.75,82940.0
2025-12-29T18:00:00Z,25699.75,25729.25,25680.5,25694.0,67172.0
2025-12-29T19:00:00Z,25694.25,25774.5,25683.5,25765.75,69009.0
2025-12-29T20:00:00Z,25765.75,25766.0,25729.25,25741.25,71113.0
2025-12-29T21:00:00Z,25741.25,25748.75,25727.5,25744.5,17442.0
2025-12-29T23:00:00Z,25747.5,25747.75,25705.75,25707.0,0.0
2025-12-30T00:00:00Z,25707.25,25727.5,25699.75,25703.25,10056.0
2025-12-30T01:00:00Z,25704.5,25725.0,25696.5,25723.75,9822.0
2025-12-30T02:00:00Z,25724.5,25729.0,25701.0,25710.25,9594.0
2025-12-30T03:00:00Z,25710.5,25742.75,25709.0,25735.5,11227.0
2025-12-30T04:00:00Z,25736.25,25752.25,25726.5,25747.5,9774.0
2025-12-30T05:00:00Z,25747.25,25748.5,25721.5,25744.25,11411.0
2025-12-30T06:00:00Z,25744.5,25744.5,25715.5,25726.0,8909.0
2025-12-30T07:00:00Z,25725.75,25726.25,25684.0,25703.0,13546.0
2025-12-30T08:00:00Z,25704.0,25740.75,25703.0,25739.0,15188.0
2025-12-30T09:00:00Z,25739.0,25754.0,25729.0,25738.75,12001.0
2025-12-30T10:00:00Z,25739.0,25746.0,25718.5,25727.5,10369.0
2025-12-30T11:00:00Z,25728.25,25736.75,25702.0,25732.25,13649.0
2025-12-30T12:00:00Z,25732.5,25743.25,25711.75,25727.25,15450.0
2025-12-30T13:00:00Z,25726.75,25745.0,25691.0,25714.25,28224.0
2025-12-30T14:00:00Z,25714.25,25774.75,25673.5,25756.75,165776.0
2025-12-30T15:00:00Z,25756.0,25761.5,25678.25,25744.25,161862.0
2025-12-30T16:00:00Z,25744.25,25794.0,25717.25,25720.0,112540.0
2025-12-30T17:00:00Z,25720.0,25737.25,25699.5,25729.0,69122.0
2025-12-30T18:00:00Z,25728.75,25744.0,25707.5,25733.25,53199.0
2025-12-30T19:00:00Z,25732.25,25743.25,25705.5,25711.75,52481.0
2025-12-30T20:00:00Z,25711.25,25717.75,25668.25,25677.5,73210.0
2025-12-30T21:00:00Z,25677.5,25691.75,25670.25,25676.5,19945.0
2025-12-30T23:00:00Z,25678.25,25690.5,25643.5,25656.75,0.0
2025-12-31T00:00:00Z,25657.25,25657.5,25606.0,25614.75,19301.0
2025-12-31T01:00:00Z,25615.0,25624.75,25588.0,25618.25,20234.0
2025-12-31T02:00:00Z,25617.75,25635.5,25604.0,25626.0,15080.0
2025-12-31T03:00:00Z,25625.25,25634.75,25606.75,25616.25,8853.0
2025-12-31T04:00:00Z,25616.75,25633.75,25613.0,25618.75,9113.0
2025-12-31T05:00:00Z,25620.5,25627.0,25593.0,25599.5,11867.0
2025-12-31T06:00:00Z,25599.5,25606.0,25577.0,25596.0,11955.0
2025-12-31T07:00:00Z,25595.25,25609.75,25575.25,25597.5,12183.0
2025-12-31T08:00:00Z,25598.0,25604.25,25552.25,25558.5,14513.0
2025-12-31T09:00:00Z,25558.5,25584.75,25555.75,25568.75,11240.0
2025-12-31T10:00:00Z,25568.5,25591.75,25560.75,25584.75,8731.0
2025-12-31T11:00:00Z,25585.0,25611.5,25581.75,25609.25,11648.0
2025-12-31T12:00:00Z,25609.5,25632.0,25597.5,25629.25,16391.0
2025-12-31T13:00:00Z,25629.25,25715.0,25622.5,25703.25,34230.0
2025-12-31T14:00:00Z,25703.0,25718.25,25581.75,25605.75,161445.0
2025-12-31T15:00:00Z,25605.75,25618.0,25542.5,25554.75,141845.0
2025-12-31T16:00:00Z,25554.25,25607.5,25552.75,25605.25,84852.0
2025-12-31T17:00:00Z,25605.25,25606.5,25567.75,25581.5,67326.0
2025-12-31T18:00:00Z,25581.75,25629.75,25572.5,25614.75,59827.0
2025-12-31T19:00:00Z,25614.25,25634.75,25532.0,25536.25,91810.0
2025-12-31T20:00:00Z,25536.25,25539.5,25444.5,25454.25,153152.0
2025-12-31T21:00:00Z,25455.5,25471.75,25426.5,25434.5,31872.0
2026-01-02T05:00:00Z,25625.75,25644.0,25612.25,25638.75,12560.0
2026-01-02T06:00:00Z,25639.25,25650.0,25634.0,25637.25,10629.0
2026-01-02T07:00:00Z,25637.0,25647.75,25623.75,25637.5,14420.0
2026-01-02T08:00:00Z,25638.25,25718.25,25636.75,25709.25,30099.0
2026-01-02T09:00:00Z,25709.75,25738.75,25704.75,25733.0,21961.0
2026-01-02T10:00:00Z,25734.0,25737.75,25707.75,25731.0,15094.0
2026-01-02T11:00:00Z,25730.75,25744.0,25713.75,25727.0,13037.0
2026-01-02T12:00:00Z,25726.75,25727.25,25680.25,25703.0,22199.0
2026-01-02T13:00:00Z,25702.5,25711.0,25678.0,25692.75,23141.0
2026-01-02T14:00:00Z,25692.25,25803.5,25638.0,25733.25,232427.0
2026-01-02T15:00:00Z,25733.75,25780.0,25360.5,25375.5,407343.0
2026-01-02T16:00:00Z,25375.0,25427.25,25294.25,25341.5,284446.0
2026-01-02T17:00:00Z,25341.5,25405.5,25311.5,25324.0,128938.0
2026-01-02T18:00:00Z,25324.0,25363.75,25265.25,25295.0,107221.0
2026-01-02T19:00:00Z,25294.5,25457.0,25287.0,25400.0,125311.0
2026-01-02T20:00:00Z,25399.5,25450.0,25366.0,25385.75,109599.0
2026-01-02T21:00:00Z,25384.75,25415.0,25378.5,25385.25,23868.0
2026-01-04T23:00:00Z,25426.5,25463.5,25407.75,25457.75,28119.0
2026-01-05T00:00:00Z,25457.5,25479.75,25435.25,25467.25,29137.0
2026-01-05T01:00:00Z,25467.0,25488.0,25448.5,25458.25,28660.0
2026-01-05T02:00:00Z,25458.0,25483.5,25453.0,25474.25,17178.0
2026-01-05T03:00:00Z,25474.0,25482.5,25458.5,25463.25,10147.0
2026-01-05T04:00:00Z,25463.75,25491.5,25456.0,25485.75,11497.0
2026-01-05T05:00:00Z,25487.5,25497.5,25465.75,25495.0,11337.0
2026-01-05T06:00:00Z,25494.5,25508.25,25468.5,25506.25,15657.0
2026-01-05T07:00:00Z,25506.25,25509.25,25455.25,25478.0,17910.0
2026-01-05T08:00:00Z,25478.0,25556.0,25467.5,25512.25,30453.0
2026-01-05T09:00:00Z,25511.5,25532.5,25495.25,25511.75,19457.0
2026-01-05T10:00:00Z,25511.75,25558.75,25510.5,25553.75,17805.0
2026-01-05T11:00:00Z,25554.25,25577.0,25544.25,25567.75,18065.0
2026-01-05T12:00:00Z,25567.75,25586.75,25544.5,25557.5,21527.0
2026-01-05T13:00:00Z,25558.0,25591.5,25520.0,25576.0,37699.0
2026-01-05T14:00:00Z,25575.75,25673.0,25539.25,25594.75,283540.0
2026-01-05T15:00:00Z,25594.75,25691.25,25565.5,25664.5,223167.0
2026-01-05T16:00:00Z,25664.5,25708.0,25651.25,25658.0,120018.0
2026-01-05T17:00:00Z,25658.75,25673.5,25607.5,25626.75,111009.0
2026-01-05T18:00:00Z,25626.5,25632.25,25557.0,25612.75,102224.0
2026-01-05T19:00:00Z,25613.0,25618.5,25548.5,25577.0,76840.0
2026-01-05T20:00:00Z,25577.25,25618.75,25565.75,25587.0,100186.0
2026-01-05T21:00:00Z,25587.5,25590.5,25573.0,25578.5,21494.0
2026-01-05T23:00:00Z,25581.0,25597.5,25560.0,25566.0,0.0
2026-01-06T00:00:00Z,25566.25,25582.25,25552.25,25563.75,16966.0
2026-01-06T01:00:00Z,25564.0,25602.75,25555.5,25597.75,17063.0
2026-01-06T02:00:00Z,25598.0,25625.25,25592.75,25624.0,12688.0
2026-01-06T03:00:00Z,25623.75,25629.5,25616.5,25620.5,8960.0
2026-01-06T04:00:00Z,25620.75,25647.5,25620.25,25647.25,12093.0
2026-01-06T05:00:00Z,25642.5,25653.5,25638.25,25643.0,9938.0
2026-01-06T06:00:00Z,25643.0,25674.5,25641.5,25669.0,12191.0
2026-01-06T07:00:00Z,25669.25,25669.75,25642.5,25646.75,9495.0
2026-01-06T08:00:00Z,25647.25,25647.75,25527.0,25572.75,46775.0
2026-01-06T09:00:00Z,25572.0,25608.25,25557.0,25585.75,24149.0
2026-01-06T10:00:00Z,25586.5,25597.5,25571.25,25592.25,12977.0
2026-01-06T11:00:00Z,25593.25,25614.25,25589.5,25596.75,11767.0
2026-01-06T12:00:00Z,25596.5,25649.25,25591.5,25641.25,19958.0
2026-01-06T13:00:00Z,25640.75,25652.75,25590.5,25616.25,34620.0
2026-01-06T14:00:00Z,25616.5,25761.5,25592.75,25753.0,252493.0
2026-01-06T15:00:00Z,25753.25,25778.75,25676.5,25687.75,262281.0
2026-01-06T16:00:00Z,25687.25,25706.25,25645.5,25695.75,203361.0
2026-01-06T17:00:00Z,25695.75,25772.75,25674.5,25759.75,122379.0
2026-01-06T18:00:00Z,25759.75,25806.0,25745.25,25800.0,83719.0
2026-01-06T19:00:00Z,25805.0,25820.25,25794.0,25809.5,61511.0
2026-01-06T20:00:00Z,25812.5,25837.75,25802.25,25835.5,79994.0
2026-01-06T21:00:00Z,25818.75,25833.25,25817.5,25831.25,37156.0
2026-01-06T23:00:00Z,25834.5,25844.75,25814.5,25825.0,0.0
2026-01-07T00:00:00Z,25825.25,25842.5,25818.75,25829.0,15915.0
2026-01-07T01:00:00Z,25829.0,25835.0,25811.5,25816.25,14021.0
2026-01-07T02:00:00Z,25816.5,25832.75,25801.75,25806.75,10935.0
2026-01-07T03:00:00Z,25807.0,25822.0,25797.5,25800.0,9659.0
2026-01-07T04:00:00Z,25800.25,25803.5,25780.75,25784.75,13540.0
2026-01-07T05:00:00Z,25782.0,25794.5,25779.0,25783.5,10811.0
2026-01-07T06:00:00Z,25783.0,25799.75,25768.0,25768.75,12071.0
2026-01-07T07:00:00Z,25768.0,25779.75,25764.25,25766.5,9612.0
2026-01-07T08:00:00Z,25766.0,25788.25,25753.5,25753.5,18747.0
2026-01-07T09:00:00Z,25754.0,25758.75,25727.0,25753.0,21789.0
2026-01-07T10:00:00Z,25753.0,25762.5,25727.75,25739.25,13570.0
2026-01-07T11:00:00Z,25739.75,25768.75,25731.75,25767.75,15213.0
2026-01-07T12:00:00Z,25767.25,25782.25,25753.25,25766.25,22431.0
2026-01-07T13:00:00Z,25766.0,25793.75,25755.25,25788.5,35690.0
2026-01-07T14:00:00Z,25788.5,25880.0,25761.5,25857.0,201258.0
2026-01-07T15:00:00Z,25855.0,25911.25,25810.0,25905.75,283581.0
2026-01-07T16:00:00Z,25905.25,25971.25,25879.25,25970.0,153784.0
2026-01-07T17:00:00Z,25970.0,25998.0,25961.0,25971.0,103356.0
2026-01-07T18:00:00Z,25970.75,25978.75,25925.5,25955.5,111409.0
2026-01-07T19:00:00Z,25956.0,25956.5,25888.75,25902.75,110527.0
2026-01-07T20:00:00Z,25902.75,25913.5,25814.25,25834.25,156325.0
2026-01-07T21:00:00Z,25834.5,25839.0,25820.0,25836.5,25976.0
2026-01-07T23:00:00Z,25839.25,25850.25,25818.25,25823.5,0.0
2026-01-08T00:00:00Z,25822.75,25843.5,25806.25,25842.5,16055.0
2026-01-08T01:00:00Z,25842.0,25844.25,25816.5,25837.0,15378.0
2026-01-08T02:00:00Z,25837.25,25840.5,25773.75,25785.75,19681.0
2026-01-08T03:00:00Z,25786.0,25795.5,25769.25,25776.25,14853.0
2026-01-08T04:00:00Z,25776.5,25793.5,25773.0,25779.0,10951.0
2026-01-08T05:00:00Z,25778.25,25779.75,25737.5,25737.75,15271.0
2026-01-08T06:00:00Z,25738.5,25742.0,25671.0,25705.0,36538.0
2026-01-08T07:00:00Z,25705.5,25804.5,25680.25,25749.75,42226.0
2026-01-08T08:00:00Z,25749.25,25803.0,25747.75,25780.0,22363.0
2026-01-08T09:00:00Z,25780.5,25795.5,25751.0,25769.5,18717.0
2026-01-08T10:00:00Z,25769.5,25774.5,25743.5,25772.5,15183.0
2026-01-08T11:00:00Z,25772.5,25786.25,25739.0,25770.75,22170.0
2026-01-08T12:00:00Z,25770.5,25777.75,25746.5,25767.5,22700.0
2026-01-08T13:00:00Z,25767.25,25818.75,25757.0,25799.25,39328.0
2026-01-08T14:00:00Z,25799.0,25811.0,25597.5,25603.5,305057.0
2026-01-08T15:00:00Z,25603.25,25713.5,25569.5,25684.75,315832.0
2026-01-08T16:00:00Z,25684.25,25686.75,25583.75,25670.75,192765.0
2026-01-08T17:00:00Z,25671.25,25703.5,25626.75,25680.5,111820.0
2026-01-08T18:00:00Z,25680.5,25684.5,25619.5,25631.5,111672.0
2026-01-08T19:00:00Z,25631.0,25658.0,25597.0,25633.75,111329.0
2026-01-08T20:00:00Z,25633.5,25700.0,25625.25,25682.5,130112.0
2026-01-08T21:00:00Z,25683.0,25741.75,25681.25,25711.5,37436.0
2026-01-08T23:00:00Z,25720.5,25727.0,25672.25,25675.75,0.0
2026-01-09T00:00:00Z,25675.25,25695.5,25664.5,25666.0,17596.0
2026-01-09T01:00:00Z,25666.5,25679.5,25627.0,25651.5,21321.0
2026-01-09T02:00:00Z,25651.5,25694.0,25649.0,25684.25,18427.0
2026-01-09T03:00:00Z,25683.75,25690.25,25666.75,25674.5,12789.0
2026-01-09T04:00:00Z,25674.75,25680.75,25657.75,25678.0,9987.0
2026-01-09T05:00:00Z,25683.75,25695.5,25666.75,25693.25,10378.0
2026-01-09T06:00:00Z,25693.25,25702.0,25672.5,25691.0,10241.0
2026-01-09T07:00:00Z,25691.0,25692.0,25652.0,25672.5,14566.0
2026-01-09T08:00:00Z,25672.5,25701.5,25665.25,25674.5,22246.0
2026-01-09T09:00:00Z,25674.5,25725.75,25662.25,25721.75,19373.0
2026-01-09T10:00:00Z,25722.75,25737.75,25716.75,25727.75,12197.0
2026-01-09T11:00:00Z,25727.75,25767.0,25721.25,25740.5,17759.0
2026-01-09T12:00:00Z,25740.5,25752.75,25713.5,25749.0,19652.0
2026-01-09T13:00:00Z,25748.75,25809.25,25715.25,25804.75,58324.0
2026-01-09T14:00:00Z,25805.0,25824.75,25648.25,25734.0,319859.0
2026-01-09T15:00:00Z,25738.25,25879.0,25615.75,25811.75,422052.0
2026-01-09T16:00:00Z,25811.25,25920.5,25810.75,25910.25,192779.0
2026-01-09T17:00:00Z,25910.0,25936.0,25885.25,25923.0,102844.0
2026-01-09T18:00:00Z,25923.25,25968.25,25882.0,25961.25,101822.0
2026-01-09T19:00:00Z,25962.25,25972.75,25948.0,25954.5,61712.0
2026-01-09T20:00:00Z,25954.25,25986.0,25930.75,25932.75,92950.0
2026-01-09T21:00:00Z,25933.25,25943.5,25923.5,25931.5,28333.0
2026-01-11T23:00:00Z,25913.25,25919.75,25879.75,25894.0,17190.0
2026-01-12T00:00:00Z,25893.5,25902.5,25772.75,25788.5,54314.0
2026-01-12T01:00:00Z,25789.0,25797.5,25723.5,25778.0,55775.0
2026-01-12T02:00:00Z,25777.75,25778.5,25731.0,25747.75,31109.0
2026-01-12T03:00:00Z,25747.75,25753.5,25710.0,25737.75,22476.0
2026-01-12T04:00:00Z,25738.0,25740.25,25715.0,25729.0,14750.0
2026-01-12T05:00:00Z,25727.0,25743.0,25677.25,25699.0,25894.0
2026-01-12T06:00:00Z,25699.0,25726.0,25696.5,25717.5,15812.0
2026-01-12T07:00:00Z,25717.5,25746.5,25715.5,25731.5,16575.0
2026-01-12T08:00:00Z,25731.75,25750.0,25632.75,25660.0,46922.0
2026-01-12T09:00:00Z,25659.75,25706.75,25659.5,25698.0,24823.0
2026-01-12T10:00:00Z,25698.25,25723.25,25686.5,25708.0,15555.0
2026-01-12T11:00:00Z,25707.75,25733.0,25705.5,25719.0,15327.0
2026-01-12T12:00:00Z,25718.25,25761.75,25713.75,25753.5,25494.0
2026-01-12T13:00:00Z,25753.0,25762.75,25727.5,25743.5,30222.0
2026-01-12T14:00:00Z,25743.75,25924.75,25719.75,25901.0,233848.0
2026-01-12T15:00:00Z,25901.25,25933.25,25863.5,25916.0,210115.0
2026-01-12T16:00:00Z,25915.5,25969.5,25901.25,25960.5,134212.0
2026-01-12T17:00:00Z,25960.75,25977.0,25938.5,25968.25,85836.0
2026-01-12T18:00:00Z,25968.25,25997.25,25965.0,25978.5,69565.0
2026-01-12T19:00:00Z,25978.75,26018.5,25962.0,26014.75,71992.0
2026-01-12T20:00:00Z,26015.0,26020.5,25950.5,25952.5,100753.0
2026-01-12T21:00:00Z,25952.25,25974.25,25932.75,25942.25,36002.0
2026-01-12T23:00:00Z,25948.0,25954.0,25893.5,25895.75,0.0
2026-01-13T00:00:00Z,25896.0,25899.75,25871.5,25875.5,21428.0
2026-01-13T01:00:00Z,25875.0,25891.0,25846.0,25879.25,26650.0
2026-01-13T02:00:00Z,25879.25,25897.25,25874.0,25878.25,19027.0
2026-01-13T03:00:00Z,25878.25,25892.75,25861.25,25883.0,14081.0
2026-01-13T04:00:00Z,25883.5,25891.75,25869.0,25886.25,11105.0
2026-01-13T05:00:00Z,25881.5,25907.5,25877.5,25901.75,13444.0
2026-01-13T06:00:00Z,25901.75,25932.75,25900.5,25915.75,15250.0
2026-01-13T07:00:00Z,25916.0,25925.75,25906.75,25917.25,10102.0
2026-01-13T08:00:00Z,25916.75,25926.5,25895.25,25906.25,17955.0
2026-01-13T09:00:00Z,25906.25,25937.25,25887.5,25910.0,18070.0
2026-01-13T10:00:00Z,25909.5,25914.5,25867.25,25878.5,17045.0
2026-01-13T11:00:00Z,25878.5,25901.25,25871.5,25900.75,17228.0
2026-01-13T12:00:00Z,25900.5,25919.25,25888.25,25895.25,20544.0
2026-01-13T13:00:00Z,25895.0,26046.25,25886.5,25971.0,94749.0
2026-01-13T14:00:00Z,25970.75,26043.0,25930.75,25947.0,267227.0
2026-01-13T15:00:00Z,25946.25,25971.25,25806.0,25894.5,385140.0
2026-01-13T16:00:00Z,25894.5,26026.0,25847.25,26008.75,199645.0
2026-01-13T17:00:00Z,26008.5,26018.0,25857.25,25876.75,175111.0
2026-01-13T18:00:00Z,25876.25,25911.25,25833.75,25840.0,150874.0
2026-01-13T19:00:00Z,25840.25,25885.5,25821.5,25866.25,133576.0
2026-01-13T20:00:00Z,25866.25,25912.25,25803.25,25904.0,138721.0
2026-01-13T21:00:00Z,25904.25,25926.75,25895.75,25898.25,30803.0
2026-01-13T23:00:00Z,25900.0,25914.0,25886.25,25891.0,0.0
2026-01-14T00:00:00Z,25891.25,25924.75,25883.25,25907.0,16429.0
2026-01-14T01:00:00Z,25906.5,25924.5,25878.75,25886.0,17034.0
2026-01-14T02:00:00Z,25885.5,25897.25,25873.0,25893.75,10992.0
2026-01-14T03:00:00Z,25893.5,25926.0,25889.5,25915.0,13382.0
2026-01-14T04:00:00Z,25915.5,25919.0,25873.25,25882.5,13970.0
2026-01-14T05:00:00Z,25876.75,25882.0,25852.5,25855.75,14467.0
2026-01-14T06:00:00Z,25856.25,25863.75,25835.5,25859.75,17243.0
2026-01-14T07:00:00Z,25860.75,25871.75,25848.5,25862.5,10798.0
2026-01-14T08:00:00Z,25862.25,25876.0,25840.25,25857.75,16095.0
2026-01-14T09:00:00Z,25858.25,25878.75,25836.0,25851.75,14486.0
2026-01-14T10:00:00Z,25852.25,25852.75,25711.5,25737.0,47319.0
2026-01-14T11:00:00Z,25737.5,25769.0,25714.25,25743.0,27912.0
2026-01-14T12:00:00Z,25743.0,25785.5,25701.0,25779.5,31160.0
2026-01-14T13:00:00Z,25778.0,25807.75,25732.5,25754.25,55600.0
2026-01-14T14:00:00Z,25754.25,25791.25,25578.25,25585.25,341856.0
2026-01-14T15:00:00Z,25585.75,25695.0,25469.5,25491.75,420960.0
2026-01-14T16:00:00Z,25491.75,25592.0,25440.0,25460.0,255083.0
2026-01-14T17:00:00Z,25459.75,25508.75,25433.25,25449.75,200824.0
2026-01-14T18:00:00Z,25449.5,25526.5,25421.25,25515.0,172055.0
2026-01-14T19:00:00Z,25515.0,25534.0,25485.25,25500.5,132678.0
2026-01-14T20:00:00Z,25500.25,25644.0,25462.25,25636.75,258683.0
2026-01-14T21:00:00Z,25636.5,25658.5,25552.25,25610.5,40261.0
2026-01-14T23:00:00Z,25597.25,25615.75,25562.75,25605.5,0.0
2026-01-15T00:00:00Z,25605.5,25613.0,25586.0,25602.5,16141.0
2026-01-15T01:00:00Z,25601.75,25643.5,25562.5,25629.75,36168.0
2026-01-15T02:00:00Z,25630.0,25634.25,25596.0,25609.0,16164.0
2026-01-15T03:00:00Z,25609.25,25627.25,25579.5,25582.0,15852.0
2026-01-15T04:00:00Z,25582.0,25599.75,25570.0,25580.5,14059.0
2026-01-15T05:00:00Z,25601.25,25647.75,25598.5,25622.5,24108.0
2026-01-15T06:00:00Z,25622.0,25722.75,25611.0,25700.75,39603.0
2026-01-15T07:00:00Z,25700.25,25708.0,25677.25,25688.5,20158.0
2026-01-15T08:00:00Z,25689.5,25747.5,25673.5,25738.25,31694.0
2026-01-15T09:00:00Z,25737.25,25833.25,25733.25,25813.0,35194.0
2026-01-15T10:00:00Z,25812.25,25830.0,25800.0,25817.25,18091.0
2026-01-15T11:00:00Z,25818.0,25855.75,25816.5,25841.5,21318.0
2026-01-15T12:00:00Z,25841.5,25854.0,25811.0,25852.25,29153.0
2026-01-15T13:00:00Z,25852.0,25916.5,25833.75,25893.25,50865.0
2026-01-15T14:00:00Z,25894.25,25954.25,25842.75,25864.0,307572.0
2026-01-15T15:00:00Z,25863.75,25925.75,25803.5,25884.0,326840.0
2026-01-15T16:00:00Z,25884.5,25937.25,25877.25,25924.5,166172.0
2026-01-15T17:00:00Z,25924.75,25939.75,25849.25,25853.75,122768.0
2026-01-15T18:00:00Z,25853.5,25911.0,25848.5,25885.5,91456.0
2026-01-15T19:00:00Z,25885.0,25885.0,25746.0,25757.0,179497.0
2026-01-15T20:00:00Z,25756.25,25771.75,25680.75,25719.0,194961.0
2026-01-15T21:00:00Z,25718.75,25727.0,25694.0,25705.75,28925.0
2026-01-15T23:00:00Z,25720.0,25751.0,25704.25,25741.5,0.0
2026-01-16T00:00:00Z,25741.25,25762.25,25730.5,25760.75,13786.0
2026-01-16T01:00:00Z,25760.0,25783.75,25748.75,25770.25,19330.0
2026-01-16T02:00:00Z,25769.25,25797.75,25762.25,25787.0,12661.0
2026-01-16T03:00:00Z,25787.5,25800.0,25784.0,25786.75,8625.0
2026-01-16T04:00:00Z,25787.0,25810.75,25784.25,25809.0,11282.0
2026-01-16T05:00:00Z,25812.0,25820.25,25802.25,25807.75,10019.0
2026-01-16T06:00:00Z,25808.0,25827.25,25803.25,25823.5,9727.0
2026-01-16T07:00:00Z,25823.75,25838.0,25806.75,25823.75,13135.0
2026-01-16T08:00:00Z,25823.25,25845.5,25795.25,25816.25,21910.0
2026-01-16T09:00:00Z,25817.25,25842.5,25810.0,25815.25,17369.0
2026-01-16T10:00:00Z,25815.5,25864.5,25810.0,25854.25,18097.0
2026-01-16T11:00:00Z,25854.75,25873.5,25825.75,25833.25,20949.0
2026-01-16T12:00:00Z,25833.0,25853.0,25805.75,25831.25,27665.0
2026-01-16T13:00:00Z,25830.75,25838.5,25801.75,25826.0,36885.0
2026-01-16T14:00:00Z,25826.25,25891.25,25726.25,25728.75,255875.0
2026-01-16T15:00:00Z,25729.0,25765.5,25590.25,25680.75,366152.0
2026-01-16T16:00:00Z,25680.5,25753.25,25660.5,25717.0,185144.0
2026-01-16T17:00:00Z,25716.75,25721.5,25657.75,25660.25,110555.0
2026-01-16T18:00:00Z,25660.5,25732.5,25654.0,25716.5,88061.0
2026-01-16T19:00:00Z,25716.25,25748.25,25672.5,25716.0,113784.0
2026-01-16T20:00:00Z,25715.75,25729.75,25681.75,25684.75,124777.0
2026-01-16T21:00:00Z,25684.25,25702.5,25670.75,25681.75,28578.0
2026-01-19T04:00:00Z,25689.0,25689.0,25375.0,25376.5,4059.0
2026-01-20T05:00:00Z,25380.5,25412.75,25367.0,25382.75,19849.0
2026-01-20T06:00:00Z,25382.75,25390.25,25259.75,25311.0,50079.0
2026-01-20T07:00:00Z,25310.75,25320.5,25256.5,25283.75,36907.0
2026-01-20T08:00:00Z,25283.5,25288.75,25166.75,25201.0,71827.0
2026-01-20T09:00:00Z,25201.5,25220.75,25095.25,25134.5,67569.0
2026-01-20T10:00:00Z,25134.5,25207.75,25106.75,25175.25,42705.0
2026-01-20T11:00:00Z,25175.0,25228.5,25173.0,25206.0,37595.0
2026-01-20T12:00:00Z,25205.5,25283.75,25191.75,25258.0,54735.0
2026-01-20T13:00:00Z,25258.0,25277.5,25181.5,25212.5,101101.0
2026-01-20T14:00:00Z,25212.25,25369.0,25201.25,25323.25,319668.0
2026-01-20T15:00:00Z,25323.0,25417.75,25254.0,25363.25,363809.0
2026-01-20T16:00:00Z,25363.0,25430.0,25333.5,25399.0,271016.0
2026-01-20T17:00:00Z,25398.5,25407.25,25255.0,25292.75,210966.0
2026-01-20T18:00:00Z,25293.0,25311.25,25170.75,25199.25,163296.0
2026-01-20T19:00:00Z,25199.25,25225.25,25128.0,25169.25,162852.0
2026-01-20T20:00:00Z,25169.25,25169.5,25099.0,25142.0,191333.0
2026-01-20T21:00:00Z,25141.75,25167.0,25122.5,25143.25,39179.0
2026-01-20T23:00:00Z,25147.0,25175.5,25103.5,25116.25,0.0
2026-01-21T00:00:00Z,25116.75,25186.0,25115.5,25178.75,26769.0
2026-01-21T01:00:00Z,25179.0,25218.75,25178.5,25201.75,24217.0
2026-01-21T02:00:00Z,25202.0,25209.75,25168.0,25180.0,22566.0
2026-01-21T03:00:00Z,25179.75,25227.5,25178.5,25197.75,24253.0
2026-01-21T04:00:00Z,25197.5,25213.75,25182.5,25200.0,14507.0
2026-01-21T05:00:00Z,25204.5,25225.75,25200.5,25220.0,14440.0
2026-01-21T06:00:00Z,25220.0,25234.5,25191.75,25196.25,18316.0
2026-01-21T07:00:00Z,25196.25,25246.75,25193.0,25212.75,19795.0
2026-01-21T08:00:00Z,25212.75,25233.5,25195.0,25204.75,25124.0
2026-01-21T09:00:00Z,25204.25,25226.75,25128.5,25129.0,32404.0
2026-01-21T10:00:00Z,25129.5,25188.5,25121.75,25153.0,26271.0
2026-01-21T11:00:00Z,25153.0,25159.75,25040.25,25047.75,45141.0
2026-01-21T12:00:00Z,25047.5,25090.25,25026.0,25086.25,54490.0
2026-01-21T13:00:00Z,25086.0,25125.75,25040.0,25085.0,80628.0
2026-01-21T14:00:00Z,25084.0,25339.75,25072.25,25325.0,388558.0
2026-01-21T15:00:00Z,25324.5,25488.0,25293.0,25470.0,330555.0
2026-01-21T16:00:00Z,25469.75,25496.5,25221.0,25229.75,352403.0
2026-01-21T17:00:00Z,25229.75,25262.75,25142.75,25246.0,343772.0
2026-01-21T18:00:00Z,25245.5,25294.75,25151.25,25282.75,230579.0
2026-01-21T19:00:00Z,25282.5,25641.75,25232.75,25639.0,312767.0
2026-01-21T20:00:00Z,25639.0,25653.25,25445.75,25471.0,252066.0
2026-01-21T21:00:00Z,25471.5,25530.75,25467.0,25509.0,34970.0
2026-01-21T23:00:00Z,25529.0,25569.75,25523.0,25552.25,0.0
2026-01-22T00:00:00Z,25553.25,25582.25,25537.75,25559.5,23099.0
2026-01-22T01:00:00Z,25559.25,25601.0,25552.5,25594.5,19000.0
2026-01-22T02:00:00Z,25594.5,25602.75,25565.0,25568.25,14834.0
2026-01-22T03:00:00Z,25569.25,25595.25,25568.0,25589.75,14035.0
2026-01-22T04:00:00Z,25589.5,25590.5,25565.75,25574.5,10378.0
2026-01-22T05:00:00Z,25575.25,25575.5,25528.0,25533.75,17982.0
2026-01-22T06:00:00Z,25533.75,25548.25,25483.25,25539.75,30340.0
2026-01-22T07:00:00Z,25539.75,25593.75,25498.25,25588.0,29875.0
2026-01-22T08:00:00Z,25587.5,25707.5,25582.5,25683.0,46231.0
2026-01-22T09:00:00Z,25682.5,25715.75,25672.75,25699.0,24886.0
2026-01-22T10:00:00Z,25699.25,25703.75,25670.25,25688.5,21867.0
2026-01-22T11:00:00Z,25688.75,25715.0,25666.25,25675.0,30425.0
2026-01-22T12:00:00Z,25675.25,25696.25,25659.0,25691.25,25459.0
2026-01-22T13:00:00Z,25690.75,25739.75,25677.5,25735.75,57312.0
2026-01-22T14:00:00Z,25735.75,25739.25,25554.25,25580.25,310576.0
2026-01-22T15:00:00Z,25580.0,25658.75,25534.75,25606.0,324192.0
2026-01-22T16:00:00Z,25606.0,25699.75,25603.25,25669.25,166815.0
2026-01-22T17:00:00Z,25668.5,25721.0,25652.5,25711.5,129692.0
2026-01-22T18:00:00Z,25711.5,25721.25,25666.5,25673.5,97539.0
2026-01-22T19:00:00Z,25673.5,25715.0,25634.0,25639.75,111254.0
2026-01-22T20:00:00Z,25639.5,25665.25,25584.25,25661.0,166940.0
2026-01-22T21:00:00Z,25661.75,25678.5,25610.0,25630.0,40771.0
2026-01-22T23:00:00Z,25609.75,25629.0,25577.25,25617.25,0.0
2026-01-23T00:00:00Z,25617.25,25654.5,25597.0,25654.0,17713.0
2026-01-23T01:00:00Z,25653.75,25688.0,25648.5,25687.0,24005.0
2026-01-23T02:00:00Z,25687.0,25689.75,25664.75,25668.75,11942.0
2026-01-23T03:00:00Z,25669.0,25708.0,25668.25,25695.5,16301.0
2026-01-23T04:00:00Z,25695.25,25707.75,25685.75,25702.25,12406.0
2026-01-23T05:00:00Z,25703.25,25714.5,25698.75,25713.25,10834.0
2026-01-23T06:00:00Z,25713.25,25731.75,25702.75,25705.75,14928.0
2026-01-23T07:00:00Z,25705.75,25725.0,25682.5,25691.5,16631.0
2026-01-23T08:00:00Z,25692.25,25692.25,25580.5,25600.75,39800.0
2026-01-23T09:00:00Z,25601.75,25629.25,25540.0,25558.25,41033.0
2026-01-23T10:00:00Z,25558.0,25575.0,25550.0,25573.75,19847.0
2026-01-23T11:00:00Z,25574.5,25658.25,25570.75,25607.0,47098.0
2026-01-23T12:00:00Z,25606.5,25632.75,25583.75,25628.5,31427.0
2026-01-23T13:00:00Z,25628.0,25635.75,25560.25,25571.5,47387.0
2026-01-23T14:00:00Z,25570.75,25674.0,25556.75,25673.5,251279.0
2026-01-23T15:00:00Z,25673.25,25827.5,25662.5,25826.5,272553.0
2026-01-23T16:00:00Z,25826.5,25845.5,25760.75,25788.25,193977.0
2026-01-23T17:00:00Z,25789.25,25808.25,25682.75,25694.0,175280.0
2026-01-23T18:00:00Z,25693.75,25764.0,25688.5,25725.5,146224.0
2026-01-23T19:00:00Z,25725.25,25775.0,25719.0,25748.0,112892.0
2026-01-23T20:00:00Z,25747.75,25756.0,25691.25,25734.75,144684.0
2026-01-23T21:00:00Z,25734.75,25738.5,25672.0,25738.25,40786.0
2026-01-25T23:00:00Z,25464.25,25571.5,25462.0,25559.5,51847.0
2026-01-26T00:00:00Z,25559.25,25618.0,25543.25,25582.0,50742.0
2026-01-26T01:00:00Z,25582.25,25669.25,25570.0,25649.5,47158.0
2026-01-26T02:00:00Z,25649.75,25666.25,25598.0,25610.0,30272.0
2026-01-26T03:00:00Z,25609.75,25657.75,25600.0,25634.25,30660.0
2026-01-26T04:00:00Z,25635.0,25659.25,25622.75,25638.25,17471.0
2026-01-26T05:00:00Z,25635.25,25677.0,25626.5,25674.75,15876.0
2026-01-26T06:00:00Z,25674.75,25703.5,25665.25,25669.0,23795.0
2026-01-26T07:00:00Z,25668.75,25711.5,25665.0,25699.75,15545.0
2026-01-26T08:00:00Z,25700.5,25742.25,25699.0,25727.5,21273.0
2026-01-26T09:00:00Z,25727.5,25735.0,25582.25,25618.5,38002.0
2026-01-26T10:00:00Z,25617.75,25674.25,25614.0,25651.5,23475.0
2026-01-26T11:00:00Z,25651.5,25673.25,25641.75,25670.5,14090.0
2026-01-26T12:00:00Z,25669.75,25714.75,25668.75,25688.5,25461.0
2026-01-26T13:00:00Z,25688.5,25722.75,25658.0,25716.5,41517.0
2026-01-26T14:00:00Z,25716.75,25853.5,25704.25,25838.0,234132.0
2026-01-26T15:00:00Z,25837.5,25898.75,25803.0,25881.5,240398.0
2026-01-26T16:00:00Z,25881.25,25928.25,25850.75,25906.25,150679.0
2026-01-26T17:00:00Z,25906.5,25932.5,25881.75,25890.75,99650.0
2026-01-26T18:00:00Z,25891.0,25932.75,25873.25,25899.0,106386.0
2026-01-26T19:00:00Z,25898.75,25914.25,25877.75,25878.5,78934.0
2026-01-26T20:00:00Z,25878.75,25901.5,25840.25,25844.25,105046.0
2026-01-26T21:00:00Z,25844.25,25871.0,25833.75,25861.75,38107.0
2026-01-26T23:00:00Z,25857.25,25897.0,25839.75,25889.75,0.0
2026-01-27T00:00:00Z,25889.75,25903.25,25874.75,25898.75,14635.0
2026-01-27T01:00:00Z,25898.5,25926.25,25895.5,25922.25,15124.0
2026-01-27T02:00:00Z,25922.25,25975.0,25921.5,25970.75,22956.0
2026-01-27T03:00:00Z,25970.5,25979.5,25962.0,25976.0,12995.0
2026-01-27T04:00:00Z,25976.0,26003.0,25971.75,25990.25,14693.0
2026-01-27T05:00:00Z,25980.5,26010.0,25971.75,26008.25,14895.0
2026-01-27T06:00:00Z,26007.75,26028.25,25998.5,26001.5,17798.0
2026-01-27T07:00:00Z,26002.5,26020.75,25992.25,26006.25,15547.0
2026-01-27T08:00:00Z,26005.75,26012.0,25967.0,25984.0,23087.0
2026-01-27T09:00:00Z,25983.5,25995.5,25967.0,25974.0,18971.0
2026-01-27T10:00:00Z,25974.0,26007.75,25970.25,26005.75,15762.0
2026-01-27T11:00:00Z,26006.0,26043.5,25991.75,26032.25,24451.0
2026-01-27T12:00:00Z,26031.5,26033.25,25991.0,26004.25,26216.0
2026-01-27T13:00:00Z,26004.0,26018.25,25982.5,25990.25,29025.0
2026-01-27T14:00:00Z,25990.5,26061.0,25917.25,26054.25,268058.0
2026-01-27T15:00:00Z,26052.75,26098.5,26022.0,26078.5,223310.0
2026-01-27T16:00:00Z,26078.5,26107.0,26072.75,26079.75,106391.0
2026-01-27T17:00:00Z,26079.75,26092.0,26050.5,26061.75,105806.0
2026-01-27T18:00:00Z,26062.25,26097.0,26036.75,26090.25,84635.0
2026-01-27T19:00:00Z,26090.0,26099.5,26074.0,26092.25,59125.0
2026-01-27T20:00:00Z,26092.0,26114.5,26068.25,26075.5,94657.0
2026-01-27T21:00:00Z,26075.5,26119.0,26061.0,26109.5,43513.0
2026-01-27T23:00:00Z,26112.0,26147.0,26109.5,26138.25,0.0
2026-01-28T00:00:00Z,26138.0,26208.25,26135.25,26206.75,28265.0
2026-01-28T01:00:00Z,26206.75,26228.5,26201.5,26204.75,22391.0
2026-01-28T02:00:00Z,26205.0,26221.75,26203.25,26213.75,12369.0
2026-01-28T03:00:00Z,26214.25,26218.5,26190.25,26199.75,13095.0
2026-01-28T04:00:00Z,26200.0,26227.25,26199.5,26220.0,12142.0
2026-01-28T05:00:00Z,26225.0,26248.75,26225.0,26245.75,12440.0
2026-01-28T06:00:00Z,26245.75,26349.0,26245.75,26302.5,47243.0
2026-01-28T07:00:00Z,26301.75,26324.25,26288.75,26316.0,21345.0
2026-01-28T08:00:00Z,26315.25,26332.0,26270.25,26279.75,27419.0
2026-01-28T09:00:00Z,26279.75,26291.0,26252.0,26285.25,22801.0
2026-01-28T10:00:00Z,26284.75,26320.75,26271.75,26316.75,17644.0
2026-01-28T11:00:00Z,26317.25,26326.75,26287.5,26318.5,19067.0
2026-01-28T12:00:00Z,26319.25,26320.75,26265.0,26281.25,37426.0
2026-01-28T13:00:00Z,26281.75,26306.0,26255.25,26273.5,36449.0
2026-01-28T14:00:00Z,26273.25,26305.25,26213.5,26253.5,233398.0
2026-01-28T15:00:00Z,26253.0,26265.5,26159.0,26162.5,235194.0
2026-01-28T16:00:00Z,26162.5,26198.75,26100.75,26116.75,159648.0
2026-01-28T17:00:00Z,26116.75,26164.75,26110.0,26141.25,116442.0
2026-01-28T18:00:00Z,26140.75,26180.0,26122.0,26168.0,72354.0
2026-01-28T19:00:00Z,26168.0,26210.75,26111.75,26160.75,217192.0
2026-01-28T20:00:00Z,26160.75,26212.0,26131.25,26151.0,134310.0
2026-01-28T21:00:00Z,26151.0,26287.75,25996.25,26268.5,142250.0
2026-01-28T23:00:00Z,26278.0,26294.5,26159.0,26170.0,0.0
2026-01-29T00:00:00Z,26169.0,26179.75,26104.75,26163.0,45260.0
2026-01-29T01:00:00Z,26163.0,26168.5,26085.75,26128.5,35159.0
2026-01-29T02:00:00Z,26129.25,26177.25,26122.0,26162.25,28885.0
2026-01-29T03:00:00Z,26161.5,26199.75,26161.5,26197.75,15979.0
2026-01-29T04:00:00Z,26200.25,26233.75,26195.25,26229.0,12761.0
2026-01-29T05:00:00Z,26222.0,26249.75,26210.75,26234.0,15695.0
2026-01-29T06:00:00Z,26233.5,26267.0,26231.5,26246.75,14875.0
2026-01-29T07:00:00Z,26246.25,26276.75,26231.5,26255.25,16206.0
2026-01-29T08:00:00Z,26255.25,26280.75,26226.75,26248.75,29808.0
2026-01-29T09:00:00Z,26248.75,26273.0,26210.25,26211.5,20850.0
2026-01-29T10:00:00Z,26211.25,26237.25,26186.75,26191.5,25464.0
2026-01-29T11:00:00Z,26192.0,26208.5,26175.5,26201.0,25962.0
2026-01-29T12:00:00Z,26201.0,26222.0,26155.75,26176.0,27700.0
2026-01-29T13:00:00Z,26175.25,26204.0,26150.75,26194.5,35807.0
2026-01-29T14:00:00Z,26194.5,26197.0,25858.25,25864.0,372184.0
2026-01-29T15:00:00Z,25864.25,25868.5,25536.0,25576.75,544081.0
2026-01-29T16:00:00Z,25576.5,25739.5,25537.75,25711.25,341557.0
2026-01-29T17:00:00Z,25711.5,25878.75,25708.5,25760.5,235861.0
2026-01-29T18:00:00Z,25760.25,25890.25,25757.75,25837.75,197363.0
2026-01-29T19:00:00Z,25837.0,25898.5,25820.25,25849.0,139322.0
2026-01-29T20:00:00Z,25849.75,26020.0,25841.25,25991.75,150408.0
2026-01-29T21:00:00Z,25997.75,26040.25,25948.0,25982.5,65579.0
2026-01-29T23:00:00Z,25994.5,26019.0,25884.0,25972.0,0.0
2026-01-30T00:00:00Z,25971.5,25994.0,25907.25,25929.25,38268.0
2026-01-30T01:00:00Z,25930.75,25933.75,25798.5,25852.5,48015.0
2026-01-30T02:00:00Z,25852.25,25865.75,25736.25,25843.75,53899.0
2026-01-30T03:00:00Z,25844.25,25888.0,25827.5,25847.5,36884.0
2026-01-30T04:00:00Z,25847.5,25896.5,25843.0,25854.0,19056.0
2026-01-30T05:00:00Z,25886.25,25886.5,25831.5,25833.25,17256.0
2026-01-30T06:00:00Z,25833.25,25839.0,25736.75,25751.25,33887.0
2026-01-30T07:00:00Z,25751.0,25804.75,25700.25,25708.75,36118.0
2026-01-30T08:00:00Z,25709.25,25792.75,25681.75,25768.5,43058.0
2026-01-30T09:00:00Z,25768.75,25787.0,25649.0,25696.5,38320.0
2026-01-30T10:00:00Z,25697.0,25790.0,25693.25,25764.25,29507.0
2026-01-30T11:00:00Z,25765.5,25883.75,25763.0,25870.75,37886.0
2026-01-30T12:00:00Z,25870.25,25905.0,25821.25,25846.5,41944.0
2026-01-30T13:00:00Z,25846.5,25886.75,25776.5,25825.75,57294.0
2026-01-30T14:00:00Z,25825.5,25939.25,25805.0,25828.25,291807.0
2026-01-30T15:00:00Z,25827.5,25934.25,25770.25,25841.25,405475.0
2026-01-30T16:00:00Z,25841.75,25869.25,25744.0,25757.5,291729.0
2026-01-30T17:00:00Z,25758.25,25795.75,25678.5,25679.75,260880.0
2026-01-30T18:00:00Z,25679.5,25771.5,25568.75,25741.5,267778.0
2026-01-30T19:00:00Z,25741.25,25781.25,25652.0,25658.0,229626.0
2026-01-30T20:00:00Z,25657.75,25730.25,25571.0,25674.75,265002.0
2026-01-30T21:00:00Z,25677.25,25707.0,25625.5,25639.25,41436.0
2026-02-01T23:00:00Z,25423.25,25570.75,25373.25,25533.5,59016.0
2026-02-02T00:00:00Z,25532.75,25646.0,25487.25,25604.0,60617.0
2026-02-02T01:00:00Z,25604.5,25637.5,25398.25,25407.25,87650.0
2026-02-02T02:00:00Z,25407.25,25450.0,25356.75,25366.75,62305.0
2026-02-02T03:00:00Z,25366.75,25388.0,25262.25,25280.0,61946.0
2026-02-02T04:00:00Z,25280.75,25376.0,25216.5,25352.75,60139.0
2026-02-02T05:00:00Z,25341.0,25348.75,25236.0,25250.25,48884.0
2026-02-02T06:00:00Z,25249.75,25273.75,25180.25,25233.25,52520.0
2026-02-02T07:00:00Z,25233.75,25351.25,25231.75,25350.0,45441.0
2026-02-02T08:00:00Z,25348.5,25423.25,25340.5,25401.0,43589.0
2026-02-02T09:00:00Z,25401.0,25463.0,25355.25,25454.5,38712.0
2026-02-02T10:00:00Z,25453.5,25472.0,25390.5,25406.5,28590.0
2026-02-02T11:00:00Z,25407.75,25492.0,25400.0,25452.5,29791.0
2026-02-02T12:00:00Z,25451.5,25527.25,25449.5,25488.5,35864.0
2026-02-02T13:00:00Z,25487.25,25540.0,25456.25,25529.25,44310.0
2026-02-02T14:00:00Z,25529.0,25799.25,25519.5,25755.75,268414.0
2026-02-02T15:00:00Z,25752.75,25912.25,25714.0,25840.5,293710.0
2026-02-02T16:00:00Z,25840.5,25902.0,25803.25,25894.5,162158.0
2026-02-02T17:00:00Z,25894.5,25941.25,25888.5,25923.5,110312.0
2026-02-02T18:00:00Z,25923.5,25949.0,25897.25,25941.75,79868.0
2026-02-02T19:00:00Z,25941.75,25945.5,25841.25,25846.75,95804.0
2026-02-02T20:00:00Z,25846.75,25900.25,25821.5,25856.25,160368.0
2026-02-02T21:00:00Z,25856.25,25896.75,25835.25,25873.0,47927.0
2026-02-02T23:00:00Z,25873.25,25978.75,25866.0,25948.0,0.0
2026-02-03T00:00:00Z,25948.25,25984.75,25914.5,25952.5,28128.0
2026-02-03T01:00:00Z,25952.5,25990.75,25947.5,25959.75,23960.0
2026-02-03T02:00:00Z,25959.0,25959.75,25900.5,25928.25,31457.0
2026-02-03T03:00:00Z,25927.5,25964.75,25913.0,25956.25,20960.0
2026-02-03T04:00:00Z,25956.0,25987.75,25952.75,25978.5,12920.0
2026-02-03T05:00:00Z,25960.75,25996.75,25951.75,25987.5,14287.0
2026-02-03T06:00:00Z,25987.5,26008.5,25973.0,25992.0,16658.0
2026-02-03T07:00:00Z,25992.0,26027.75,25974.75,26012.0,20674.0
2026-02-03T08:00:00Z,26011.75,26024.0,25969.5,25977.0,26801.0
2026-02-03T09:00:00Z,25976.5,26010.75,25958.0,25969.75,23729.0
2026-02-03T10:00:00Z,25969.75,25993.5,25944.5,25956.0,18372.0
2026-02-03T11:00:00Z,25955.75,25966.0,25935.0,25945.75,20461.0
2026-02-03T12:00:00Z,25945.0,25997.25,25922.75,25981.75,29942.0
2026-02-03T13:00:00Z,25982.0,26003.5,25961.5,25967.25,36053.0
2026-02-03T14:00:00Z,25967.25,25978.0,25623.0,25631.25,358153.0
2026-02-03T15:00:00Z,25632.0,25647.25,25470.25,25617.5,523265.0
2026-02-03T16:00:00Z,25617.25,25620.0,25465.75,25491.75,263976.0
2026-02-03T17:00:00Z,25491.5,25502.25,25344.5,25387.25,256828.0
2026-02-03T18:00:00Z,25387.0,25424.0,25246.0,25246.25,221292.0
2026-02-03T19:00:00Z,25246.25,25359.25,25218.0,25316.75,313646.0
2026-02-03T20:00:00Z,25316.25,25459.25,25269.5,25446.0,235659.0
2026-02-03T21:00:00Z,25445.75,25478.0,25380.5,25421.5,83171.0
2026-02-03T23:00:00Z,25390.25,25441.5,25361.5,25427.75,0.0
2026-02-04T00:00:00Z,25427.25,25435.25,25375.5,25376.5,27190.0
2026-02-04T01:00:00Z,25376.0,25455.0,25375.5,25439.0,31437.0
2026-02-04T02:00:00Z,25440.0,25473.5,25398.75,25413.5,27337.0
2026-02-04T03:00:00Z,25412.75,25452.5,25402.75,25433.25,20972.0
2026-02-04T04:00:00Z,25433.5,25448.5,25417.0,25427.5,9950.0
2026-02-04T05:00:00Z,25421.5,25443.5,25408.25,25442.75,11204.0
2026-02-04T06:00:00Z,25443.25,25489.75,25435.25,25470.5,19149.0
2026-02-04T07:00:00Z,25470.75,25514.5,25468.25,25502.75,18782.0
2026-02-04T08:00:00Z,25502.25,25509.75,25401.0,25425.5,46089.0
2026-02-04T09:00:00Z,25426.0,25449.25,25355.0,25402.5,39787.0
2026-02-04T10:00:00Z,25402.5,25466.75,25395.0,25449.5,28599.0
2026-02-04T11:00:00Z,25450.25,25483.5,25436.0,25474.25,24446.0
2026-02-04T12:00:00Z,25474.25,25491.0,25396.25,25406.0,33714.0
2026-02-04T13:00:00Z,25406.5,25417.0,25342.25,25358.25,58100.0
2026-02-04T14:00:00Z,25357.75,25389.25,25186.0,25200.75,333693.0
2026-02-04T15:00:00Z,25197.5,25305.75,25107.75,25151.75,490620.0
2026-02-04T16:00:00Z,25152.25,25171.5,24928.0,25035.75,391422.0
2026-02-04T17:00:00Z,25035.75,25057.5,24784.0,24874.25,313911.0
2026-02-04T18:00:00Z,24873.75,24959.0,24819.0,24923.75,265492.0
2026-02-04T19:00:00Z,24923.75,25115.5,24863.25,25105.75,192768.0
2026-02-04T20:00:00Z,25106.25,25119.25,24983.0,24997.75,140900.0
2026-02-04T21:00:00Z,24996.75,25181.25,24875.0,25118.25,84273.0
2026-02-04T23:00:00Z,25067.25,25125.25,25042.25,25067.75,0.0
2026-02-05T00:00:00Z,25068.5,25136.0,25030.25,25108.0,30588.0
2026-02-05T01:00:00Z,25108.75,25169.25,25098.25,25123.0,32764.0
2026-02-05T02:00:00Z,25123.75,25134.75,24958.5,24961.75,69143.0
2026-02-05T03:00:00Z,24961.25,25037.0,24929.0,24947.75,48307.0
2026-02-05T04:00:00Z,24948.75,25027.0,24915.5,25006.25,35560.0
2026-02-05T05:00:00Z,24986.5,25045.0,24962.5,24996.5,29821.0
2026-02-05T06:00:00Z,24996.5,25076.75,24992.5,25072.0,25885.0
2026-02-05T07:00:00Z,25072.25,25089.25,25040.0,25045.75,27242.0
2026-02-05T08:00:00Z,25044.0,25124.0,24998.5,24998.75,53029.0
2026-02-05T09:00:00Z,24999.25,25097.0,24978.0,25028.75,39896.0
2026-02-05T10:00:00Z,25030.25,25092.25,25021.75,25033.75,26640.0
2026-02-05T11:00:00Z,25033.25,25065.25,24991.0,25030.0,30774.0
2026-02-05T12:00:00Z,25029.75,25056.5,24707.75,24793.75,111194.0
2026-02-05T13:00:00Z,24793.25,24869.0,24758.5,24767.5,103908.0
2026-02-05T14:00:00Z,24767.75,24961.25,24651.75,24769.5,364260.0
2026-02-05T15:00:00Z,24769.75,24805.5,24550.75,24635.0,445398.0
2026-02-05T16:00:00Z,24634.5,24856.75,24537.0,24829.5,298466.0
2026-02-05T17:00:00Z,24829.0,24887.75,24722.75,24782.5,181707.0
2026-02-05T18:00:00Z,24783.5,24834.5,24661.75,24700.5,142646.0
2026-02-05T19:00:00Z,24700.5,24839.0,24672.0,24712.5,176063.0
2026-02-05T20:00:00Z,24712.0,24808.25,24567.0,24639.0,219836.0
2026-02-05T21:00:00Z,24639.25,24703.75,24407.0,24425.75,112927.0
2026-02-05T23:00:00Z,24410.0,24475.0,24293.75,24335.0,0.0
2026-02-06T00:00:00Z,24335.0,24408.75,24240.5,24400.25,76419.0
2026-02-06T01:00:00Z,24400.75,24535.5,24340.5,24530.75,64315.0
2026-02-06T02:00:00Z,24530.0,24578.25,24510.5,24534.25,48160.0
2026-02-06T03:00:00Z,24533.75,24565.75,24472.5,24527.0,36623.0
2026-02-06T04:00:00Z,24527.0,24528.25,24426.25,24448.5,27822.0
2026-02-06T05:00:00Z,24442.75,24597.25,24430.75,24582.5,34903.0
2026-02-06T06:00:00Z,24582.0,24614.25,24540.5,24547.75,26568.0
2026-02-06T07:00:00Z,24547.25,24579.0,24506.5,24557.5,31015.0
2026-02-06T08:00:00Z,24557.5,24606.0,24490.5,24583.5,46668.0
2026-02-06T09:00:00Z,24584.0,24783.25,24562.0,24750.5,59984.0
2026-02-06T10:00:00Z,24750.0,24798.5,24711.25,24795.25,32268.0
2026-02-06T11:00:00Z,24793.5,24873.25,24788.75,24854.75,45085.0
2026-02-06T12:00:00Z,24854.25,24861.0,24761.0,24783.0,50750.0
2026-02-06T13:00:00Z,24782.75,24853.25,24757.5,24798.25,62975.0
2026-02-06T14:00:00Z,24797.5,24984.0,24700.5,24855.0,304770.0
2026-02-06T15:00:00Z,24854.75,24962.25,24742.0,24895.75,405984.0
2026-02-06T16:00:00Z,24895.5,25051.75,24880.25,25000.75,216040.0
2026-02-06T17:00:00Z,25000.75,25109.0,24986.25,25092.25,141743.0
2026-02-06T18:00:00Z,25092.25,25123.75,25073.75,25084.25,96544.0
2026-02-06T19:00:00Z,25084.25,25108.75,25065.0,25069.75,77313.0
2026-02-06T20:00:00Z,25070.5,25221.5,25055.75,25148.0,144968.0
2026-02-06T21:00:00Z,25147.5,25164.5,25089.25,25163.25,45559.0
2026-02-08T23:00:00Z,25241.75,25295.0,25223.5,25275.75,34127.0
2026-02-09T00:00:00Z,25275.25,25347.0,25257.5,25263.5,43780.0
2026-02-09T01:00:00Z,25263.5,25265.75,25196.25,25217.75,39748.0
2026-02-09T02:00:00Z,25217.5,25266.0,25207.5,25228.25,26714.0
2026-02-09T03:00:00Z,25228.25,25242.25,25188.0,25189.75,20461.0
2026-02-09T04:00:00Z,25190.0,25223.0,25180.0,25185.25,16355.0
2026-02-09T05:00:00Z,25187.0,25229.0,25176.75,25215.5,18375.0
2026-02-09T06:00:00Z,25216.0,25222.0,25156.75,25167.0,32555.0
2026-02-09T07:00:00Z,25167.25,25181.75,25120.5,25159.25,26703.0
2026-02-09T08:00:00Z,25159.25,25214.75,25147.5,25161.25,35106.0
2026-02-09T09:00:00Z,25160.0,25185.5,25074.0,25087.75,32433.0
2026-02-09T10:00:00Z,25088.0,25094.5,24967.75,25044.0,55070.0
2026-02-09T11:00:00Z,25045.25,25072.0,25020.5,25047.5,31367.0
2026-02-09T12:00:00Z,25049.25,25104.75,25014.5,25101.75,39991.0
2026-02-09T13:00:00Z,25101.25,25157.25,25074.25,25079.0,53470.0
2026-02-09T14:00:00Z,25079.25,25188.5,24955.5,25113.5,279115.0
2026-02-09T15:00:00Z,25112.5,25329.0,25103.25,25312.0,264527.0
2026-02-09T16:00:00Z,25312.25,25405.5,25305.5,25391.0,130544.0
2026-02-09T17:00:00Z,25390.75,25416.75,25349.5,25355.5,103658.0
2026-02-09T18:00:00Z,25355.0,25389.0,25311.5,25369.75,126303.0
2026-02-09T19:00:00Z,25370.0,25429.0,25363.75,25399.0,81049.0
2026-02-09T20:00:00Z,25399.5,25413.75,25334.0,25338.5,134869.0
2026-02-09T21:00:00Z,25338.0,25374.75,25336.0,25361.5,30967.0
2026-02-09T23:00:00Z,25361.25,25396.25,25328.0,25345.0,0.0
2026-02-10T00:00:00Z,25344.5,25362.75,25312.0,25334.5,26137.0
2026-02-10T01:00:00Z,25335.25,25352.25,25300.0,25334.75,32935.0
2026-02-10T02:00:00Z,25334.5,25336.0,25287.0,25306.0,20631.0
2026-02-10T03:00:00Z,25307.75,25313.75,25278.5,25300.0,17383.0
2026-02-10T04:00:00Z,25299.5,25347.25,25298.75,25343.5,13571.0
2026-02-10T05:00:00Z,25334.25,25358.0,25311.75,25352.5,19733.0
2026-02-10T06:00:00Z,25352.25,25354.0,25291.25,25313.25,18541.0
2026-02-10T07:00:00Z,25314.0,25349.25,25306.75,25349.25,16252.0
2026-02-10T08:00:00Z,25349.25,25367.5,25321.75,25334.5,30674.0
2026-02-10T09:00:00Z,25334.0,25405.75,25334.0,25363.5,26100.0
2026-02-10T10:00:00Z,25363.75,25374.75,25341.75,25355.5,27566.0
2026-02-10T11:00:00Z,25355.5,25373.75,25333.0,25370.0,19830.0
2026-02-10T12:00:00Z,25370.0,25421.75,25337.75,25338.25,44516.0
2026-02-10T13:00:00Z,25339.25,25374.5,25292.5,25372.75,71517.0
2026-02-10T14:00:00Z,25372.5,25410.25,25251.25,25391.75,318364.0
2026-02-10T15:00:00Z,25392.0,25447.0,25347.75,25374.75,342113.0
2026-02-10T16:00:00Z,25375.0,25401.25,25316.75,25327.25,230381.0
2026-02-10T17:00:00Z,25327.25,25397.75,25305.0,25383.75,129644.0
2026-02-10T18:00:00Z,25383.5,25385.25,25271.0,25312.75,175850.0
2026-02-10T19:00:00Z,25312.5,25323.0,25274.5,25294.25,112692.0
2026-02-10T20:00:00Z,25294.25,25297.0,25197.5,25219.0,169884.0
2026-02-10T21:00:00Z,25219.25,25260.0,25208.5,25257.75,31780.0
2026-02-10T23:00:00Z,25254.0,25287.5,25254.0,25273.25,0.0
2026-02-11T00:00:00Z,25273.25,25296.5,25265.75,25290.0,12942.0
2026-02-11T01:00:00Z,25290.75,25326.25,25290.5,25315.5,17685.0
2026-02-11T02:00:00Z,25316.0,25330.0,25306.0,25322.0,15077.0
2026-02-11T03:00:00Z,25321.5,25345.25,25303.0,25338.0,15608.0
2026-02-11T04:00:00Z,25337.75,25340.25,25295.5,25304.25,14124.0
2026-02-11T05:00:00Z,25316.0,25325.5,25278.75,25286.75,14666.0
2026-02-11T06:00:00Z,25287.25,25316.5,25266.75,25269.25,16793.0
2026-02-11T07:00:00Z,25269.25,25290.25,25252.75,25270.5,17071.0
2026-02-11T08:00:00Z,25270.75,25279.5,25209.5,25250.5,28092.0
2026-02-11T09:00:00Z,25250.25,25279.0,25204.0,25204.75,28338.0
2026-02-11T10:00:00Z,25204.5,25207.5,25147.0,25207.5,39497.0
2026-02-11T11:00:00Z,25207.25,25250.5,25205.5,25209.0,28808.0
2026-02-11T12:00:00Z,25209.25,25276.75,25205.5,25247.25,33837.0
2026-02-11T13:00:00Z,25247.25,25451.5,25225.0,25443.5,100381.0
2026-02-11T14:00:00Z,25443.5,25465.5,25290.0,25305.0,306782.0
2026-02-11T15:00:00Z,25305.0,25342.75,25058.0,25244.75,520979.0
2026-02-11T16:00:00Z,25244.5,25275.25,25175.0,25180.75,273840.0
2026-02-11T17:00:00Z,25180.25,25325.0,25142.0,25264.5,213125.0
2026-02-11T18:00:00Z,25264.25,25312.5,25200.75,25301.5,172493.0
2026-02-11T19:00:00Z,25301.5,25360.75,25257.75,25309.0,142307.0
2026-02-11T20:00:00Z,25308.75,25322.75,25272.0,25278.25,126674.0
2026-02-11T21:00:00Z,25278.5,25308.0,25268.25,25277.75,39013.0
2026-02-11T23:00:00Z,25281.75,25294.5,25205.5,25235.0,0.0
2026-02-12T00:00:00Z,25234.5,25273.5,25213.75,25265.0,26620.0
2026-02-12T01:00:00Z,25265.5,25314.75,25242.5,25300.0,29494.0
2026-02-12T02:00:00Z,25301.5,25310.25,25269.0,25293.0,18464.0
2026-02-12T03:00:00Z,25293.25,25321.0,25282.0,25310.75,14732.0
2026-02-12T04:00:00Z,25310.25,25339.5,25303.0,25328.5,14534.0
2026-02-12T05:00:00Z,25334.25,25344.5,25327.5,25339.0,10998.0
2026-02-12T06:00:00Z,25339.0,25344.5,25292.5,25320.25,20624.0
2026-02-12T07:00:00Z,25320.75,25359.25,25313.25,25350.25,17072.0
2026-02-12T08:00:00Z,25350.5,25369.5,25324.5,25353.5,25692.0
2026-02-12T09:00:00Z,25353.25,25364.5,25329.5,25355.0,17289.0
2026-02-12T10:00:00Z,25355.0,25374.0,25334.5,25349.5,15965.0
2026-02-12T11:00:00Z,25350.0,25371.0,25338.0,25366.5,17191.0
2026-02-12T12:00:00Z,25366.25,25384.0,25343.0,25357.0,24950.0
2026-02-12T13:00:00Z,25356.75,25420.0,25320.0,25395.5,61713.0
2026-02-12T14:00:00Z,25395.75,25400.25,25186.25,25206.25,307931.0
2026-02-12T15:00:00Z,25208.25,25260.25,25006.5,25010.75,421002.0
2026-02-12T16:00:00Z,25011.25,25032.25,24805.5,24878.75,463183.0
2026-02-12T17:00:00Z,24878.5,24940.75,24824.0,24825.5,263936.0
2026-02-12T18:00:00Z,24825.25,24929.75,24801.0,24905.5,215802.0
2026-02-12T19:00:00Z,24906.5,24944.0,24846.0,24898.5,175146.0
2026-02-12T20:00:00Z,24898.75,24912.75,24721.5,24762.75,212740.0
2026-02-12T21:00:00Z,24764.25,24839.0,24744.0,24822.0,54476.0
2026-02-12T22:00:00Z,24822.0,24822.0,24822.0,24822.0,1.0
2026-02-12T23:00:00Z,24838.75,24855.5,24744.5,24823.25,0.0
2026-02-13T00:00:00Z,24823.0,24864.5,24708.5,24731.0,58859.0
2026-02-13T01:00:00Z,24731.75,24822.5,24730.0,24787.0,49688.0
2026-02-13T02:00:00Z,24786.5,24832.25,24785.75,24802.5,26581.0
2026-02-13T03:00:00Z,24803.5,24820.5,24744.75,24749.75,22144.0
2026-02-13T04:00:00Z,24750.25,24803.25,24743.75,24762.0,19256.0
2026-02-13T05:00:00Z,24759.0,24768.0,24690.75,24711.75,32637.0
2026-02-13T06:00:00Z,24711.75,24732.0,24642.75,24713.75,36054.0
2026-02-13T07:00:00Z,24713.25,24763.0,24711.25,24746.75,29841.0
2026-02-13T08:00:00Z,24747.75,24784.0,24674.5,24775.25,49358.0
2026-02-13T09:00:00Z,24775.75,24808.75,24731.0,24774.5,32902.0
2026-02-13T10:00:00Z,24773.25,24799.5,24727.25,24729.25,25470.0
2026-02-13T11:00:00Z,24729.75,24738.75,24624.25,24720.75,53460.0
2026-02-13T12:00:00Z,24720.5,24745.5,24666.5,24695.5,48489.0
2026-02-13T13:00:00Z,24695.75,24824.5,24620.0,24781.25,129573.0
2026-02-13T14:00:00Z,24781.0,24849.75,24578.75,24698.5,391621.0
2026-02-13T15:00:00Z,24699.0,24929.25,24691.75,24811.0,417161.0
2026-02-13T16:00:00Z,24810.75,24934.75,24762.75,24894.5,270356.0
2026-02-13T17:00:00Z,24894.25,24994.0,24883.25,24938.25,172503.0
2026-02-13T18:00:00Z,24939.0,24995.5,24900.5,24939.75,171140.0
2026-02-13T19:00:00Z,24940.0,24968.75,24848.0,24852.75,159958.0
2026-02-13T20:00:00Z,24853.25,24890.75,24731.5,24803.5,243730.0
2026-02-13T21:00:00Z,24802.5,24828.25,24770.75,24772.75,38289.0
2026-02-15T23:00:00Z,24803.25,24839.5,24793.0,24836.25,15729.0
2026-02-16T00:00:00Z,24836.25,24849.0,24809.25,24834.75,25146.0
2026-02-16T01:00:00Z,24834.5,24868.75,24821.75,24860.25,16989.0
2026-02-16T02:00:00Z,24860.5,24872.5,24827.0,24831.25,16416.0
2026-02-16T03:00:00Z,24831.25,24836.5,24808.25,24824.0,13849.0
2026-02-16T04:00:00Z,24823.5,24840.5,24818.5,24826.5,13207.0
2026-02-17T05:00:00Z,24622.75,24626.0,24558.0,24582.0,34301.0
2026-02-17T06:00:00Z,24581.75,24640.75,24581.5,24629.25,23628.0
2026-02-17T07:00:00Z,24629.25,24664.0,24584.0,24660.0,31385.0
2026-02-17T08:00:00Z,24660.25,24727.0,24624.0,24639.75,44345.0
2026-02-17T09:00:00Z,24640.5,24696.0,24636.0,24685.75,28602.0
2026-02-17T10:00:00Z,24686.5,24697.5,24590.5,24606.5,25915.0
2026-02-17T11:00:00Z,24605.5,24637.0,24572.0,24623.0,31991.0
2026-02-17T12:00:00Z,24623.25,24667.5,24576.75,24584.75,40744.0
2026-02-17T13:00:00Z,24584.25,24703.75,24518.0,24612.5,106005.0
2026-02-17T14:00:00Z,24612.75,24815.5,24475.75,24484.75,341469.0
2026-02-17T15:00:00Z,24484.25,24641.25,24449.25,24600.0,412220.0
2026-02-17T16:00:00Z,24599.5,24796.5,24592.75,24759.5,279973.0
2026-02-17T17:00:00Z,24759.5,24765.5,24608.5,24697.5,208081.0
2026-02-17T18:00:00Z,24697.75,24872.75,24649.0,24845.25,201717.0
2026-02-17T19:00:00Z,24845.5,24889.5,24807.25,24814.75,136757.0
2026-02-17T20:00:00Z,24814.75,24842.0,24735.75,24776.75,167948.0
2026-02-17T21:00:00Z,24779.0,24818.5,24755.0,24770.25,48918.0
2026-02-17T23:00:00Z,24786.0,24786.0,24702.0,24710.75,0.0
2026-02-18T00:00:00Z,24711.0,24755.0,24707.75,24726.75,31107.0
2026-02-18T01:00:00Z,24725.75,24746.25,24709.25,24744.5,19137.0
2026-02-18T02:00:00Z,24744.5,24771.5,24735.0,24758.0,16954.0
2026-02-18T03:00:00Z,24758.75,24799.0,24736.25,24793.0,17208.0
2026-02-18T04:00:00Z,24793.25,24840.5,24783.75,24837.5,17568.0
2026-02-18T05:00:00Z,24828.25,24844.5,24820.0,24824.75,12348.0
2026-02-18T06:00:00Z,24825.25,24848.25,24809.0,24824.0,15351.0
2026-02-18T07:00:00Z,24823.5,24842.0,24802.0,24833.5,13751.0
2026-02-18T08:00:00Z,24833.75,24916.5,24832.75,24903.5,37539.0
2026-02-18T09:00:00Z,24903.25,24942.0,24899.5,24909.25,27538.0
2026-02-18T10:00:00Z,24909.25,24940.0,24907.75,24922.0,18024.0
2026-02-18T11:00:00Z,24921.75,24928.5,24889.0,24895.0,21234.0
2026-02-18T12:00:00Z,24895.0,24962.25,24844.0,24889.75,61279.0
2026-02-18T13:00:00Z,24890.25,24921.75,24817.0,24828.0,62157.0
2026-02-18T14:00:00Z,24828.25,24958.75,24752.0,24940.5,311597.0
2026-02-18T15:00:00Z,24941.0,25099.5,24937.0,25086.25,277093.0
2026-02-18T16:00:00Z,25086.5,25118.75,25057.75,25061.25,151100.0
2026-02-18T17:00:00Z,25061.75,25128.5,25058.0,25097.75,125500.0
2026-02-18T18:00:00Z,25097.5,25127.5,24982.0,25027.25,153266.0
2026-02-18T19:00:00Z,25027.75,25036.75,24861.75,24883.0,191692.0
2026-02-18T20:00:00Z,24884.0,24997.75,24856.0,24957.5,184310.0
2026-02-18T21:00:00Z,24957.5,24967.0,24926.25,24937.0,30746.0
2026-02-18T23:00:00Z,24940.25,24994.75,24940.25,24964.25,0.0
2026-02-19T00:00:00Z,24964.5,24974.0,24916.25,24947.5,28309.0
2026-02-19T01:00:00Z,24946.75,24994.75,24937.75,24973.5,30599.0
2026-02-19T02:00:00Z,24973.0,24988.5,24953.0,24979.75,16349.0
2026-02-19T03:00:00Z,24979.75,24999.5,24966.25,24984.0,15987.0
2026-02-19T04:00:00Z,24984.75,24994.5,24953.5,24957.0,13165.0
2026-02-19T05:00:00Z,24947.5,25004.5,24943.25,24996.5,17969.0
2026-02-19T06:00:00Z,24996.0,25022.25,24987.5,25018.75,17176.0
2026-02-19T07:00:00Z,25019.5,25048.0,25007.5,25019.5,18695.0
2026-02-19T08:00:00Z,25019.75,25054.25,24945.0,24954.75,35355.0
2026-02-19T09:00:00Z,24955.25,24974.25,24850.5,24893.0,50031.0
2026-02-19T10:00:00Z,24892.5,24902.75,24825.25,24854.5,46183.0
2026-02-19T11:00:00Z,24855.0,24885.75,24836.25,24879.0,29033.0
2026-02-19T12:00:00Z,24878.25,24897.5,24814.0,24868.5,41729.0
2026-02-19T13:00:00Z,24869.0,24881.0,24796.25,24854.0,66406.0
2026-02-19T14:00:00Z,24854.0,24920.0,24762.5,24881.75,293495.0
2026-02-19T15:00:00Z,24880.25,24950.5,24842.25,24924.5,352667.0
2026-02-19T16:00:00Z,24924.75,24961.75,24801.75,24843.5,263172.0
2026-02-19T17:00:00Z,24844.5,24905.0,24765.0,24780.75,206864.0
2026-02-19T18:00:00Z,24780.5,24849.0,24748.0,24840.75,184290.0
2026-02-19T19:00:00Z,24841.25,24850.0,24751.5,24782.25,150851.0
2026-02-19T20:00:00Z,24782.0,24865.75,24777.0,24863.0,147052.0
2026-02-19T21:00:00Z,24863.75,24872.0,24828.25,24836.25,45741.0
2026-02-19T23:00:00Z,24844.0,24888.75,24825.25,24878.25,0.0
2026-02-20T00:00:00Z,24877.25,24913.25,24858.0,24901.5,28123.0
2026-02-20T01:00:00Z,24901.0,24936.0,24891.0,24906.5,25726.0
2026-02-20T02:00:00Z,24907.0,24934.0,24877.0,24896.75,24466.0
2026-02-20T03:00:00Z,24896.5,24911.25,24887.5,24890.0,12299.0
2026-02-20T04:00:00Z,24890.25,24914.75,24885.25,24899.0,11575.0
2026-02-20T05:00:00Z,24908.0,24947.75,24905.25,24943.0,14767.0
2026-02-20T06:00:00Z,24942.75,24960.0,24930.5,24943.25,12767.0
2026-02-20T07:00:00Z,24943.0,24954.75,24908.0,24921.25,16113.0
2026-02-20T08:00:00Z,24922.0,24942.5,24896.25,24937.25,22340.0
2026-02-20T09:00:00Z,24937.0,24985.25,24931.5,24936.0,26916.0
2026-02-20T10:00:00Z,24935.75,24947.0,24900.75,24902.5,19866.0
2026-02-20T11:00:00Z,24902.25,24902.25,24811.25,24829.0,44253.0
2026-02-20T12:00:00Z,24829.25,24850.0,24790.5,24829.75,46929.0
2026-02-20T13:00:00Z,24829.0,24864.0,24721.75,24769.5,95125.0
2026-02-20T14:00:00Z,24769.0,24958.0,24677.0,24900.0,290692.0
2026-02-20T15:00:00Z,24899.25,25127.0,24858.25,25118.75,463278.0
2026-02-20T16:00:00Z,25118.0,25139.75,24967.0,25098.5,269661.0
2026-02-20T17:00:00Z,25098.5,25109.5,24879.25,25034.75,283420.0
2026-02-20T18:00:00Z,25034.0,25122.5,24929.0,25098.25,221569.0
2026-02-20T19:00:00Z,25098.5,25120.0,25017.75,25022.5,109701.0
2026-02-20T20:00:00Z,25023.0,25079.0,25013.75,25073.75,104500.0
2026-02-20T21:00:00Z,25074.75,25088.25,25063.5,25067.5,27104.0
2026-02-22T23:00:00Z,25032.0,25057.5,24935.75,24973.0,43069.0
2026-02-23T00:00:00Z,24971.75,24971.75,24848.0,24853.0,55649.0
2026-02-23T01:00:00Z,24854.0,24882.75,24831.0,24843.25,50654.0
2026-02-23T02:00:00Z,24843.0,24857.75,24810.75,24839.0,32656.0
2026-02-23T03:00:00Z,24838.5,24863.25,24813.25,24841.5,28232.0
2026-02-23T04:00:00Z,24842.25,24853.0,24811.25,24829.0,17518.0
2026-02-23T05:00:00Z,24833.75,24843.75,24807.0,24838.5,17202.0
2026-02-23T06:00:00Z,24838.5,24869.25,24832.25,24868.25,12832.0
2026-02-23T07:00:00Z,24867.75,24914.5,24863.25,24898.0,24741.0
2026-02-23T08:00:00Z,24898.5,24934.25,24877.25,24929.75,27748.0
2026-02-23T09:00:00Z,24929.25,25004.25,24929.25,24983.75,30881.0
2026-02-23T10:00:00Z,24984.25,25002.75,24945.5,24970.75,23127.0
2026-02-23T11:00:00Z,24970.5,24988.25,24907.75,24929.25,24357.0
2026-02-23T12:00:00Z,24928.75,24942.75,24883.75,24905.0,35985.0
2026-02-23T13:00:00Z,24904.0,24954.25,24886.5,24935.25,50094.0
2026-02-23T14:00:00Z,24935.0,25040.0,24857.5,24913.75,292931.0
2026-02-23T15:00:00Z,24913.5,24952.75,24738.0,24744.0,354130.0
2026-02-23T16:00:00Z,24743.75,24789.5,24667.75,24735.0,267726.0
2026-02-23T17:00:00Z,24735.25,24764.0,24677.5,24744.5,151135.0
2026-02-23T18:00:00Z,24744.5,24820.5,24720.25,24727.25,136699.0
2026-02-23T19:00:00Z,24727.5,24754.75,24683.5,24692.0,122041.0
2026-02-23T20:00:00Z,24692.0,24772.75,24678.5,24766.25,143003.0
2026-02-23T21:00:00Z,24768.5,24796.75,24757.75,24787.0,34480.0
2026-02-23T23:00:00Z,24787.0,24824.75,24769.25,24788.25,0.0
2026-02-24T00:00:00Z,24789.0,24824.25,24772.75,24816.0,30772.0
2026-02-24T01:00:00Z,24816.5,24836.0,24795.0,24822.0,25628.0
2026-02-24T02:00:00Z,24822.0,24879.5,24816.5,24869.25,25012.0
2026-02-24T03:00:00Z,24869.5,24884.75,24866.25,24873.0,13480.0
2026-02-24T04:00:00Z,24873.0,24884.0,24865.25,24878.75,9239.0
2026-02-24T05:00:00Z,24884.5,24886.75,24825.75,24840.75,19377.0
2026-02-24T06:00:00Z,24840.25,24853.0,24822.75,24838.0,14644.0
2026-02-24T07:00:00Z,24837.5,24869.0,24829.75,24832.75,17235.0
2026-02-24T08:00:00Z,24833.75,24834.5,24761.0,24791.25,45668.0
2026-02-24T09:00:00Z,24791.25,24848.0,24788.0,24846.75,29250.0
2026-02-24T10:00:00Z,24847.5,24865.75,24824.0,24841.75,18793.0
2026-02-24T11:00:00Z,24842.25,24853.5,24808.75,24833.0,21202.0
2026-02-24T12:00:00Z,24832.75,24901.25,24796.25,24815.75,57861.0
2026-02-24T13:00:00Z,24817.25,24891.25,24814.0,24877.5,53364.0
2026-02-24T14:00:00Z,24877.0,24964.25,24694.0,24877.5,334813.0
2026-02-24T15:00:00Z,24876.75,25031.25,24819.5,24976.25,361956.0
2026-02-24T16:00:00Z,24976.25,25047.0,24969.25,25028.75,199714.0
2026-02-24T17:00:00Z,25029.0,25076.0,25021.5,25046.5,117215.0
2026-02-24T18:00:00Z,25046.25,25080.75,25011.75,25029.5,105839.0
2026-02-24T19:00:00Z,25029.5,25050.75,24988.25,25021.25,107362.0
2026-02-24T20:00:00Z,25021.75,25071.75,24994.75,25029.0,118174.0
2026-02-24T21:00:00Z,25029.75,25037.25,25003.75,25017.0,30680.0
2026-02-24T23:00:00Z,25020.5,25051.0,24992.25,25044.25,0.0
2026-02-25T00:00:00Z,25044.25,25075.0,25018.5,25071.25,23280.0
2026-02-25T01:00:00Z,25071.5,25113.25,25062.5,25102.75,34991.0
2026-02-25T02:00:00Z,25102.75,25118.0,25083.75,25107.25,24574.0
2026-02-25T03:00:00Z,25106.75,25110.0,24995.0,25066.5,40291.0
2026-02-25T04:00:00Z,25067.5,25068.25,25033.25,25047.25,16930.0
2026-02-25T05:00:00Z,25059.25,25067.75,25030.25,25040.75,14366.0
2026-02-25T06:00:00Z,25040.75,25059.0,25032.0,25041.25,12350.0
2026-02-25T07:00:00Z,25042.25,25053.75,25017.5,25036.0,16092.0
2026-02-25T08:00:00Z,25036.25,25090.75,25036.0,25074.5,26426.0
2026-02-25T09:00:00Z,25073.75,25088.0,25055.0,25081.75,15443.0
2026-02-25T10:00:00Z,25082.25,25094.25,25065.0,25073.5,13974.0
2026-02-25T11:00:00Z,25073.75,25128.5,25068.25,25124.75,19053.0
2026-02-25T12:00:00Z,25124.5,25150.0,25105.75,25138.75,34879.0
2026-02-25T13:00:00Z,25139.5,25166.0,25123.75,25150.25,36896.0
2026-02-25T14:00:00Z,25150.75,25352.0,25130.0,25343.25,270909.0
2026-02-25T15:00:00Z,25343.25,25361.0,25264.75,25294.75,275423.0
2026-02-25T16:00:00Z,25295.0,25333.0,25281.5,25316.5,135808.0
2026-02-25T17:00:00Z,25316.75,25354.75,25309.0,25351.75,89564.0
2026-02-25T18:00:00Z,25352.75,25356.25,25334.0,25350.5,51810.0
2026-02-25T19:00:00Z,25350.75,25379.0,25349.5,25368.5,56754.0
2026-02-25T20:00:00Z,25368.75,25396.75,25352.0,25383.5,96080.0
2026-02-25T21:00:00Z,25384.0,25495.0,25371.25,25460.75,92139.0
2026-02-25T23:00:00Z,25398.75,25418.5,25274.5,25316.5,0.0
2026-02-26T00:00:00Z,25316.25,25343.0,25302.25,25316.0,33642.0
2026-02-26T01:00:00Z,25316.25,25320.25,25264.75,25316.5,33265.0
2026-02-26T02:00:00Z,25315.75,25320.0,25289.25,25307.5,18428.0
2026-02-26T03:00:00Z,25306.25,25323.75,25294.5,25301.25,12076.0
2026-02-26T04:00:00Z,25301.0,25310.5,25292.75,25299.0,8424.0
2026-02-26T05:00:00Z,25285.25,25310.0,25283.0,25307.25,11628.0
2026-02-26T06:00:00Z,25308.0,25344.5,25306.75,25327.5,15894.0
2026-02-26T07:00:00Z,25327.25,25365.0,25326.0,25347.5,17746.0
2026-02-26T08:00:00Z,25348.0,25392.25,25343.0,25349.5,26265.0
2026-02-26T09:00:00Z,25349.75,25402.0,25345.5,25378.0,20082.0
2026-02-26T10:00:00Z,25378.75,25389.0,25347.0,25356.5,15332.0
2026-02-26T11:00:00Z,25358.0,25370.75,25338.0,25362.25,17425.0
2026-02-26T12:00:00Z,25361.75,25390.75,25360.25,25373.5,20372.0
2026-02-26T13:00:00Z,25373.0,25415.5,25360.75,25383.75,39603.0
2026-02-26T14:00:00Z,25384.0,25398.75,25182.5,25193.25,355579.0
2026-02-26T15:00:00Z,25192.5,25211.0,24862.0,24999.75,569931.0
2026-02-26T16:00:00Z,24999.0,25085.5,24954.25,24963.5,261496.0
2026-02-26T17:00:00Z,24963.75,25009.25,24912.25,24935.25,163662.0
2026-02-26T18:00:00Z,24935.25,25030.75,24888.75,25001.25,177208.0
2026-02-26T19:00:00Z,25001.75,25099.0,24988.25,25063.0,140541.0
2026-02-26T20:00:00Z,25063.0,25093.75,25023.75,25082.75,146149.0
2026-02-26T21:00:00Z,25083.0,25090.0,25024.75,25028.75,37891.0
2026-02-26T23:00:00Z,25026.0,25036.75,24954.0,24996.25,0.0
2026-02-27T00:00:00Z,24995.75,25026.25,24954.75,24986.25,33852.0
2026-02-27T01:00:00Z,24986.75,25018.0,24970.5,24993.25,30899.0
2026-02-27T02:00:00Z,24992.5,25033.5,24985.0,25032.0,19740.0
2026-02-27T03:00:00Z,25031.75,25036.0,25002.25,25025.25,15984.0
2026-02-27T04:00:00Z,25025.5,25036.0,25012.0,25022.5,10024.0
2026-02-27T05:00:00Z,25041.25,25060.5,25032.75,25039.5,13593.0
2026-02-27T06:00:00Z,25040.25,25046.25,24991.75,25031.75,20721.0
2026-02-27T07:00:00Z,25033.75,25079.0,25032.75,25073.25,18492.0
2026-02-27T08:00:00Z,25073.0,25090.0,25038.25,25067.5,26186.0
2026-02-27T09:00:00Z,25067.5,25098.75,25024.25,25030.25,32325.0
2026-02-27T10:00:00Z,25029.75,25045.25,24966.0,25000.75,40025.0
2026-02-27T11:00:00Z,25001.0,25012.5,24928.75,24952.75,38043.0
2026-02-27T12:00:00Z,24953.25,24994.5,24897.25,24921.25,56449.0
2026-02-27T13:00:00Z,24921.0,24942.75,24795.5,24870.25,113251.0
2026-02-27T14:00:00Z,24871.0,24938.75,24780.0,24881.0,331964.0
2026-02-27T15:00:00Z,24880.5,25017.5,24866.25,24983.0,342715.0
2026-02-27T16:00:00Z,24983.25,25021.5,24931.0,24969.25,229402.0
2026-02-27T17:00:00Z,24969.5,25036.75,24900.25,24945.75,210374.0
2026-02-27T18:00:00Z,24945.25,24955.5,24874.75,24902.75,145075.0
2026-02-27T19:00:00Z,24902.5,24960.25,24873.5,24894.5,116977.0
2026-02-27T20:00:00Z,24894.5,25022.75,24893.25,24997.75,195891.0
2026-02-27T21:00:00Z,24998.25,24998.25,24942.0,24958.25,45276.0
2026-03-01T23:00:00Z,24787.0,24816.25,24715.5,24739.0,63037.0
2026-03-02T00:00:00Z,24740.0,24797.0,24712.5,24786.25,53205.0
2026-03-02T01:00:00Z,24786.0,24901.25,24772.0,24861.75,67230.0
2026-03-02T02:00:00Z,24863.25,24875.0,24796.25,24821.0,40956.0
2026-03-02T03:00:00Z,24820.5,24835.25,24786.5,24791.75,26366.0
2026-03-02T04:00:00Z,24791.5,24817.25,24740.75,24761.5,34823.0
2026-03-02T05:00:00Z,24759.0,24768.75,24672.0,24677.0,33942.0
2026-03-02T06:00:00Z,24676.25,24702.75,24534.5,24590.5,58362.0
2026-03-02T07:00:00Z,24590.25,24603.25,24530.5,24541.5,62470.0
2026-03-02T08:00:00Z,24541.25,24591.25,24477.0,24563.5,87646.0
2026-03-02T09:00:00Z,24562.5,24655.0,24551.75,24629.25,57041.0
2026-03-02T10:00:00Z,24629.0,24685.0,24625.0,24657.75,44045.0
2026-03-02T11:00:00Z,24657.75,24729.25,24634.75,24688.0,42197.0
2026-03-02T12:00:00Z,24686.0,24705.5,24609.25,24628.75,52826.0
2026-03-02T13:00:00Z,24629.5,24739.75,24594.5,24620.5,82401.0
2026-03-02T14:00:00Z,24621.5,24899.0,24605.75,24863.0,291454.0
2026-03-02T15:00:00Z,24859.25,24957.75,24803.0,24924.0,349502.0
2026-03-02T16:00:00Z,24923.75,25044.5,24852.25,25033.5,250587.0
2026-03-02T17:00:00Z,25033.5,25076.5,25007.75,25064.75,130409.0
2026-03-02T18:00:00Z,25065.75,25074.0,24968.25,24971.75,113667.0
2026-03-02T19:00:00Z,24972.0,25100.0,24967.0,25082.75,130682.0
2026-03-02T20:00:00Z,25082.75,25090.75,24947.0,25021.75,213339.0
2026-03-02T21:00:00Z,25022.5,25028.75,24975.75,24997.5,39940.0
2026-03-02T23:00:00Z,25002.75,25011.25,24944.0,24971.75,0.0
2026-03-03T00:00:00Z,24972.5,24983.0,24925.5,24930.75,30020.0
2026-03-03T01:00:00Z,24931.25,24962.0,24869.25,24873.75,47648.0
2026-03-03T02:00:00Z,24873.75,24879.0,24808.25,24861.25,54586.0
2026-03-03T03:00:00Z,24861.0,24884.75,24805.0,24845.75,37746.0
2026-03-03T04:00:00Z,24846.5,24863.25,24792.75,24803.25,34230.0
2026-03-03T05:00:00Z,24824.25,24829.75,24750.0,24765.0,36209.0
2026-03-03T06:00:00Z,24765.0,24800.75,24737.25,24753.25,38189.0
2026-03-03T07:00:00Z,24753.5,24768.0,24668.5,24675.75,49675.0
2026-03-03T08:00:00Z,24675.0,24695.75,24505.5,24517.0,111248.0
2026-03-03T09:00:00Z,24516.5,24582.0,24446.5,24455.0,96699.0
2026-03-03T10:00:00Z,24456.25,24484.0,24392.75,24452.5,96818.0
2026-03-03T11:00:00Z,24450.75,24514.5,24369.5,24488.0,92398.0
2026-03-03T12:00:00Z,24487.5,24607.25,24477.5,24582.0,91732.0
2026-03-03T13:00:00Z,24583.75,24590.25,24447.75,24496.25,105914.0
2026-03-03T14:00:00Z,24496.5,24661.0,24455.75,24489.75,382989.0
2026-03-03T15:00:00Z,24489.75,24563.75,24350.75,24446.75,462079.0
2026-03-03T16:00:00Z,24446.25,24725.0,24436.25,24671.25,306912.0
2026-03-03T17:00:00Z,24671.5,24712.5,24601.75,24641.0,186080.0
2026-03-03T18:00:00Z,24641.25,24835.0,24640.0,24800.0,178459.0
2026-03-03T19:00:00Z,24799.75,24850.25,24709.25,24787.0,188291.0
2026-03-03T20:00:00Z,24786.75,24821.25,24717.75,24756.5,157748.0
2026-03-03T21:00:00Z,24756.75,24759.0,24693.0,24711.5,37530.0
2026-03-03T23:00:00Z,24711.5,24759.75,24668.75,24702.5,0.0
2026-03-04T00:00:00Z,24702.75,24804.25,24677.0,24747.5,65005.0
2026-03-04T01:00:00Z,24748.75,24773.25,24629.75,24675.25,70191.0
2026-03-04T02:00:00Z,24676.0,24703.25,24588.75,24636.5,55562.0
2026-03-04T03:00:00Z,24636.25,24638.0,24525.0,24599.0,60678.0
2026-03-04T04:00:00Z,24599.25,24644.75,24566.25,24595.25,43667.0
2026-03-04T05:00:00Z,24580.25,24617.75,24532.0,24574.0,41699.0
2026-03-04T06:00:00Z,24574.5,24590.5,24498.5,24571.5,42245.0
2026-03-04T07:00:00Z,24570.25,24677.75,24535.75,24655.5,49210.0
2026-03-04T08:00:00Z,24656.0,24689.25,24611.5,24645.25,51605.0
2026-03-04T09:00:00Z,24647.0,24771.0,24621.75,24754.75,36397.0
2026-03-04T10:00:00Z,24754.25,24866.0,24734.5,24842.5,61078.0
2026-03-04T11:00:00Z,24842.25,24894.5,24801.5,24806.0,48830.0
2026-03-04T12:00:00Z,24806.25,24844.75,24720.0,24800.25,62401.0
2026-03-04T13:00:00Z,24799.75,24928.0,24795.5,24889.5,89329.0
2026-03-04T14:00:00Z,24889.5,24970.5,24813.5,24921.25,260028.0
2026-03-04T15:00:00Z,24921.25,25147.75,24890.25,25127.25,379387.0
2026-03-04T16:00:00Z,25127.75,25172.25,25051.25,25145.0,228687.0
2026-03-04T17:00:00Z,25146.0,25181.25,25105.0,25169.0,135505.0
2026-03-04T18:00:00Z,25169.5,25215.0,25140.5,25192.5,113661.0
2026-03-04T19:00:00Z,25192.5,25217.0,25180.5,25189.0,79250.0
2026-03-04T20:00:00Z,25188.75,25196.0,25113.25,25121.0,135848.0
2026-03-04T21:00:00Z,25125.0,25163.5,25093.75,25137.75,53663.0
2026-03-04T23:00:00Z,25154.5,25190.25,25141.0,25171.75,0.0
2026-03-05T00:00:00Z,25171.0,25243.0,25160.0,25209.0,40746.0
2026-03-05T01:00:00Z,25209.25,25217.5,25044.0,25070.25,76158.0
2026-03-05T02:00:00Z,25071.0,25125.25,25049.0,25091.0,44813.0
2026-03-05T03:00:00Z,25091.5,25101.5,25025.5,25048.0,43751.0
2026-03-05T04:00:00Z,25047.75,25106.5,25032.0,25098.0,26228.0
2026-03-05T05:00:00Z,25097.0,25104.25,25030.0,25035.25,24181.0
2026-03-05T06:00:00Z,25035.25,25092.5,24980.75,25091.75,48885.0
2026-03-05T07:00:00Z,25092.0,25096.5,25039.25,25072.75,33406.0
2026-03-05T08:00:00Z,25071.75,25079.25,24973.0,25051.75,74073.0
2026-03-05T09:00:00Z,25051.0,25206.5,25040.75,25114.25,112032.0
2026-03-05T10:00:00Z,25114.25,25143.25,25085.75,25107.0,42886.0
2026-03-05T11:00:00Z,25107.25,25152.0,25083.5,25093.25,35217.0
2026-03-05T12:00:00Z,25094.25,25156.75,25037.5,25068.25,54357.0
2026-03-05T13:00:00Z,25069.25,25076.0,24981.5,24993.75,77493.0
2026-03-05T14:00:00Z,24994.25,25188.0,24962.25,25185.75,288517.0
2026-03-05T15:00:00Z,25185.25,25208.25,24930.5,25081.5,390005.0
2026-03-05T16:00:00Z,25081.75,25092.5,24940.0,25042.75,251489.0
2026-03-05T17:00:00Z,25043.0,25123.0,24785.25,24806.75,273979.0
2026-03-05T18:00:00Z,24806.75,24889.0,24774.0,24814.25,186259.0
2026-03-05T19:00:00Z,24814.25,24883.0,24792.75,24858.0,137907.0
2026-03-05T20:00:00Z,24858.25,25055.75,24826.25,25048.5,201957.0
2026-03-05T21:00:00Z,25048.0,25051.0,25000.0,25010.5,39038.0
2026-03-05T23:00:00Z,25015.75,25070.0,25000.75,25060.75,0.0
2026-03-06T00:00:00Z,25060.5,25098.5,25059.0,25074.0,28011.0
2026-03-06T01:00:00Z,25073.75,25091.25,25038.0,25066.75,39189.0
2026-03-06T02:00:00Z,25067.5,25116.25,25060.0,25069.5,29858.0
2026-03-06T03:00:00Z,25070.0,25116.0,25069.75,25113.0,22511.0
2026-03-06T04:00:00Z,25113.75,25137.75,25093.5,25106.75,19765.0
2026-03-06T05:00:00Z,25118.75,25141.5,25106.75,25117.75,21857.0
2026-03-06T06:00:00Z,25118.25,25137.25,25100.5,25106.75,19536.0
2026-03-06T07:00:00Z,25106.5,25140.25,25091.25,25124.75,25280.0
2026-03-06T08:00:00Z,25125.25,25128.25,25033.0,25074.0,56451.0
2026-03-06T09:00:00Z,25074.25,25082.0,24882.0,24920.5,87450.0
2026-03-06T10:00:00Z,24920.5,24980.0,24917.75,24948.0,50752.0
2026-03-06T11:00:00Z,24947.5,24963.0,24836.25,24857.0,76223.0
2026-03-06T12:00:00Z,24857.5,24884.5,24805.25,24836.0,78859.0
2026-03-06T13:00:00Z,24835.25,24894.5,24616.75,24646.0,173636.0
2026-03-06T14:00:00Z,24646.0,24742.5,24611.75,24690.25,358725.0
2026-03-06T15:00:00Z,24690.25,24892.75,24664.25,24858.5,426134.0
2026-03-06T16:00:00Z,24858.5,24915.5,24791.0,24880.5,286304.0
2026-03-06T17:00:00Z,24881.0,24921.0,24744.0,24784.75,212798.0
2026-03-06T18:00:00Z,24785.0,24899.0,24779.25,24800.5,203277.0
2026-03-06T19:00:00Z,24800.5,24854.0,24774.25,24808.75,145828.0
2026-03-06T20:00:00Z,24808.0,24853.25,24605.0,24667.75,241970.0
2026-03-06T21:00:00Z,24667.25,24682.0,24621.75,24670.25,0.0
2026-03-08T22:00:00Z,24246.5,24320.0,24224.0,24305.25,95837.0
2026-03-08T23:00:00Z,24305.75,24326.5,24167.0,24214.5,75735.0
2026-03-09T00:00:00Z,24215.25,24239.25,24092.0,24119.0,97255.0
2026-03-09T01:00:00Z,24118.75,24137.5,24005.0,24008.25,86285.0
2026-03-09T02:00:00Z,24010.5,24103.5,23999.0,24085.0,68601.0
2026-03-09T03:00:00Z,24084.0,24132.75,24076.75,24096.0,47367.0
2026-03-09T04:00:00Z,24093.5,24134.75,24092.0,24101.5,28666.0
2026-03-09T05:00:00Z,24102.0,24258.5,24086.0,24257.75,59691.0
2026-03-09T06:00:00Z,24258.0,24316.75,24226.75,24245.25,49583.0
2026-03-09T07:00:00Z,24245.0,24314.25,24210.25,24277.5,50991.0
2026-03-09T08:00:00Z,24278.0,24337.75,24233.0,24313.5,88882.0
2026-03-09T09:00:00Z,24313.75,24495.0,24284.25,24420.0,89511.0
2026-03-09T10:00:00Z,24420.25,24434.75,24344.75,24370.75,56623.0
2026-03-09T11:00:00Z,24372.0,24423.5,24350.0,24384.0,47258.0
2026-03-09T12:00:00Z,24384.25,24460.0,24348.75,24379.5,61728.0
2026-03-09T13:00:00Z,24380.0,24526.0,24313.25,24371.25,268838.0
2026-03-09T14:00:00Z,24371.25,24584.75,24323.5,24550.25,351279.0
2026-03-09T15:00:00Z,24550.0,24658.5,24549.5,24641.5,199620.0
2026-03-09T16:00:00Z,24642.75,24750.0,24630.0,24709.0,171682.0
2026-03-09T17:00:00Z,24709.25,24712.5,24575.5,24610.75,156960.0
2026-03-09T18:00:00Z,24611.75,24708.25,24608.75,24655.75,135436.0
2026-03-09T19:00:00Z,24656.0,25054.5,24640.75,24992.0,291036.0
2026-03-09T20:00:00Z,24992.0,25025.75,24906.75,24958.25,67936.0
2026-03-09T22:00:00Z,24978.0,24983.0,24873.25,24908.0,0.0
2026-03-09T23:00:00Z,24908.5,24933.0,24858.25,24881.75,30182.0
2026-03-10T00:00:00Z,24881.5,24970.25,24832.5,24934.5,53263.0
2026-03-10T01:00:00Z,24934.75,24998.25,24925.75,24987.75,39709.0
2026-03-10T02:00:00Z,24987.0,24999.25,24906.75,24927.0,29240.0
2026-03-10T03:00:00Z,24926.75,24961.5,24854.25,24888.5,35601.0
2026-03-10T04:00:00Z,24885.0,24920.0,24874.0,24904.5,22145.0
2026-03-10T05:00:00Z,24903.75,24962.5,24902.75,24957.0,23386.0
2026-03-10T06:00:00Z,24957.0,24983.0,24941.0,24953.25,19768.0
2026-03-10T07:00:00Z,24953.0,25076.75,24939.5,25073.0,53443.0
2026-03-10T08:00:00Z,25073.25,25146.75,25063.0,25086.75,61664.0
2026-03-10T09:00:00Z,25087.0,25134.5,25081.25,25090.75,32668.0
2026-03-10T10:00:00Z,25091.25,25095.75,25020.25,25066.5,42498.0
2026-03-10T11:00:00Z,25065.75,25108.0,24958.5,24971.5,64946.0
2026-03-10T12:00:00Z,24972.5,24999.5,24892.5,24968.75,75738.0
2026-03-10T13:00:00Z,24969.0,25081.0,24945.5,24964.25,267175.0
2026-03-10T14:00:00Z,24964.5,25153.25,24892.5,25151.75,338113.0
2026-03-10T15:00:00Z,25151.25,25182.0,25109.0,25148.75,192881.0
2026-03-10T16:00:00Z,25149.25,25169.25,25080.0,25156.0,163373.0
2026-03-10T17:00:00Z,25156.25,25217.75,25102.0,25169.25,193324.0
2026-03-10T18:00:00Z,25169.5,25180.75,24987.5,25029.0,285661.0
2026-03-10T19:00:00Z,25029.75,25073.0,24940.75,24985.75,222445.0
2026-03-10T20:00:00Z,24985.75,25038.25,24985.5,25008.75,40518.0
2026-03-10T22:00:00Z,25015.0,25020.0,24951.5,24970.0,0.0
2026-03-10T23:00:00Z,24970.5,25025.5,24963.25,25015.75,22443.0
2026-03-11T00:00:00Z,25016.5,25085.75,25009.25,25061.0,40843.0
2026-03-11T01:00:00Z,25061.25,25098.0,25050.5,25091.0,22187.0
2026-03-11T02:00:00Z,25091.0,25102.5,25073.75,25094.25,16166.0
2026-03-11T03:00:00Z,25094.25,25123.5,25086.5,25118.0,12977.0
2026-03-11T04:00:00Z,25116.0,25119.0,25086.75,25091.75,12071.0
2026-03-11T05:00:00Z,25091.75,25095.25,25025.25,25030.25,24111.0
2026-03-11T06:00:00Z,25029.5,25053.5,25008.25,25041.25,24616.0
2026-03-11T07:00:00Z,25040.75,25048.25,24947.5,25006.0,40529.0
2026-03-11T08:00:00Z,25005.5,25037.75,24934.0,24965.75,54210.0
2026-03-11T09:00:00Z,24966.5,24971.0,24899.5,24902.25,36216.0
2026-03-11T10:00:00Z,24902.0,25025.0,24895.25,25017.25,35835.0
2026-03-11T11:00:00Z,25017.75,25043.5,24928.5,24946.25,52575.0
2026-03-11T12:00:00Z,24947.0,25056.0,24908.5,24945.5,67145.0
2026-03-11T13:00:00Z,24945.0,25115.5,24943.25,25101.5,236298.0
2026-03-11T14:00:00Z,25101.5,25180.0,24958.5,25065.0,343044.0
2026-03-11T15:00:00Z,25065.5,25090.0,24892.0,24934.75,270869.0
2026-03-11T16:00:00Z,24934.5,25012.25,24897.25,25007.0,160052.0
2026-03-11T17:00:00Z,25007.0,25035.0,24873.75,24952.25,176018.0
2026-03-11T18:00:00Z,24951.5,24977.5,24890.25,24957.75,129758.0
2026-03-11T19:00:00Z,24958.25,25006.75,24913.5,24984.0,105791.0
2026-03-11T20:00:00Z,24983.75,24991.25,24940.0,24947.5,26424.0
2026-03-11T22:00:00Z,24940.0,24949.75,24816.0,24850.0,0.0
2026-03-11T23:00:00Z,24848.5,24854.25,24732.5,24788.0,58968.0
2026-03-12T00:00:00Z,24787.75,24805.5,24740.25,24791.0,40786.0
2026-03-12T01:00:00Z,24791.25,24842.25,24768.5,24789.25,40763.0
2026-03-12T02:00:00Z,24790.0,24795.75,24703.75,24729.75,39133.0
2026-03-12T03:00:00Z,24729.5,24758.75,24696.25,24726.5,27016.0
2026-03-12T04:00:00Z,24744.0,24751.75,24709.25,24718.75,20003.0
2026-03-12T05:00:00Z,24718.25,24779.5,24717.5,24771.25,29900.0
2026-03-12T06:00:00Z,24770.75,24813.75,24746.25,24809.5,21433.0
2026-03-12T07:00:00Z,24809.5,24872.25,24807.75,24871.75,29513.0
2026-03-12T08:00:00Z,24870.75,24902.0,24837.0,24877.25,42487.0
2026-03-12T09:00:00Z,24877.75,24921.5,24813.25,24917.0,37304.0
2026-03-12T10:00:00Z,24917.0,24926.75,24875.0,24884.0,30844.0
2026-03-12T11:00:00Z,24883.75,24929.0,24847.0,24858.25,42349.0
2026-03-12T12:00:00Z,24858.25,24862.75,24801.0,24834.25,61279.0
2026-03-12T13:00:00Z,24833.25,24852.75,24630.5,24657.5,306490.0
2026-03-12T14:00:00Z,24658.75,24750.0,24572.5,24619.75,367180.0
2026-03-12T15:00:00Z,24620.25,24710.75,24561.0,24665.25,257707.0
2026-03-12T16:00:00Z,24666.0,24735.25,24587.75,24661.75,235152.0
2026-03-12T17:00:00Z,24661.5,24724.0,24585.25,24624.25,149309.0
2026-03-12T18:00:00Z,24625.5,24671.5,24594.75,24600.0,113463.0
2026-03-12T19:00:00Z,24599.75,24643.25,24543.0,24555.75,143165.0
2026-03-12T20:00:00Z,24555.5,24577.75,24517.0,24567.25,0.0
2026-03-12T22:00:00Z,24565.0,24601.5,24538.0,24586.25,30595.0
2026-03-12T23:00:00Z,24586.75,24613.5,24526.25,24528.75,32546.0
2026-03-13T00:00:00Z,24529.0,24647.25,24491.5,24625.75,64728.0
2026-03-13T01:00:00Z,24626.0,24661.25,24619.0,24630.25,30985.0
2026-03-13T02:00:00Z,24629.75,24651.0,24599.0,24604.0,25859.0
2026-03-13T03:00:00Z,24604.25,24629.5,24582.25,24625.25,27902.0
2026-03-13T04:00:00Z,24620.5,24620.75,24562.75,24575.75,21916.0
2026-03-13T05:00:00Z,24576.5,24599.75,24553.25,24585.75,20841.0
2026-03-13T06:00:00Z,24585.0,24596.0,24476.0,24480.75,36432.0
2026-03-13T07:00:00Z,24479.5,24488.25,24410.5,24447.5,56635.0
2026-03-13T08:00:00Z,24448.75,24523.75,24397.5,24513.0,61376.0
2026-03-13T09:00:00Z,24513.25,24574.75,24509.5,24530.25,48854.0
2026-03-13T10:00:00Z,24532.0,24623.25,24525.0,24618.0,43955.0
2026-03-13T11:00:00Z,24618.0,24665.25,24602.25,24662.75,53607.0
2026-03-13T12:00:00Z,24662.5,24735.25,24630.25,24681.25,83822.0
2026-03-13T13:00:00Z,24680.75,24805.0,24611.0,24727.75,282421.0
2026-03-13T14:00:00Z,24728.0,24765.5,24480.75,24491.0,395162.0
2026-03-13T15:00:00Z,24490.5,24569.5,24391.75,24409.0,321241.0
2026-03-13T16:00:00Z,24409.0,24488.25,24386.0,24396.75,211948.0
2026-03-13T17:00:00Z,24396.25,24474.25,24353.0,24374.25,165911.0
2026-03-13T18:00:00Z,24374.25,24472.75,24367.25,24448.75,131930.0
2026-03-13T19:00:00Z,24448.75,24449.5,24350.75,24397.5,149538.0
2026-03-13T20:00:00Z,24397.75,24400.75,24335.25,24394.25,0.0
2026-03-15T22:00:00Z,24323.75,24476.0,24295.0,24466.0,47020.0
2026-03-15T23:00:00Z,24465.75,24495.75,24407.0,24440.5,39660.0
2026-03-16T00:00:00Z,24440.0,24526.25,24435.0,24510.75,37248.0
2026-03-16T01:00:00Z,24510.75,24525.0,24468.75,24516.5,28695.0
2026-03-16T02:00:00Z,24515.5,24518.5,24474.5,24488.5,19155.0
2026-03-16T03:00:00Z,24490.75,24539.75,24485.25,24532.75,11183.0
2026-03-16T04:00:00Z,24530.75,24550.0,24504.0,24507.0,10351.0
2026-03-16T05:00:00Z,24506.5,24562.0,24506.0,24560.0,11706.0
2026-03-16T06:00:00Z,24559.75,24568.0,24536.0,24565.25,9895.0
2026-03-16T07:00:00Z,24564.5,24585.25,24504.0,24513.75,18148.0
2026-03-16T08:00:00Z,24513.0,24570.5,24497.25,24528.5,24347.0
2026-03-16T09:00:00Z,24528.5,24536.75,24478.0,24491.75,18846.0
2026-03-16T10:00:00Z,24491.25,24614.0,24487.5,24604.25,25308.0
2026-03-16T11:00:00Z,24604.0,24636.75,24576.5,24625.75,21776.0
2026-03-16T12:00:00Z,24624.75,24689.75,24624.25,24658.25,32194.0
2026-03-16T13:00:00Z,24658.0,24744.25,24623.0,24736.75,120160.0
2026-03-16T14:00:00Z,24736.0,24765.75,24602.25,24694.5,155890.0
2026-03-16T15:00:00Z,24694.75,24739.75,24647.0,24675.5,89060.0
2026-03-16T16:00:00Z,24675.25,24704.0,24617.25,24674.0,75720.0
2026-03-16T17:00:00Z,24674.75,24727.25,24652.0,24681.5,57587.0
2026-03-16T18:00:00Z,24682.75,24735.5,24676.5,24704.75,42630.0
2026-03-16T19:00:00Z,24704.0,24816.25,24636.5,24669.5,84683.0
2026-03-16T20:00:00Z,24669.75,24685.25,24640.25,24659.5,15269.0
2026-03-16T22:00:00Z,24660.0,24666.5,24619.25,24624.0,0.0
2026-03-16T23:00:00Z,24623.75,24667.75,24622.25,24666.5,6730.0
2026-03-17T00:00:00Z,24666.75,24667.75,24590.0,24600.25,11354.0
2026-03-17T01:00:00Z,24600.25,24634.0,24597.0,24623.0,8540.0
2026-03-17T02:00:00Z,24621.25,24625.5,24572.5,24578.5,6500.0
2026-03-17T03:00:00Z,24579.0,24598.5,24566.75,24575.5,5772.0
2026-03-17T04:00:00Z,24583.75,24635.75,24582.75,24623.0,3882.0
2026-03-17T05:00:00Z,24623.0,24640.75,24540.5,24544.0,6178.0
2026-03-17T06:00:00Z,24544.0,24563.0,24517.5,24543.25,8977.0
2026-03-17T07:00:00Z,24540.75,24816.25,24525.0,24772.0,123370.0
2026-03-17T08:00:00Z,24771.25,24809.5,24739.75,24769.75,32635.0
2026-03-17T09:00:00Z,24768.25,24850.5,24768.0,24844.0,23953.0
2026-03-17T10:00:00Z,24843.25,24844.25,24793.5,24804.5,10637.0
2026-03-17T10:31:33Z,24805.75,24805.75,24805.75,24805.75,0.0
