timestamp,open,high,low,close,volume
2026-01-05T05:00:00Z,25487.5,25489.25,25465.75,25479.75,5065.0
2026-01-05T05:30:00Z,25479.75,25497.5,25475.25,25495.0,5212.0
2026-01-05T06:00:00Z,25494.5,25504.5,25478.0,25480.0,7081.0
2026-01-05T06:30:00Z,25479.75,25508.25,25468.5,25506.25,8576.0
2026-01-05T07:00:00Z,25506.25,25509.25,25458.75,25470.75,9046.0
2026-01-05T07:30:00Z,25471.0,25483.75,25455.25,25478.0,8864.0
2026-01-05T08:00:00Z,25478.0,25556.0,25467.5,25537.5,20272.0
2026-01-05T08:30:00Z,25537.0,25544.75,25507.5,25512.25,10181.0
2026-01-05T09:00:00Z,25511.5,25532.5,25495.5,25498.75,10713.0
2026-01-05T09:30:00Z,25497.75,25524.5,25495.25,25511.75,8744.0
2026-01-05T10:00:00Z,25511.75,25554.75,25510.5,25544.5,9702.0
2026-01-05T10:30:00Z,25544.5,25558.75,25534.25,25553.75,8103.0
2026-01-05T11:00:00Z,25554.25,25567.5,25544.25,25548.5,9128.0
2026-01-05T11:30:00Z,25548.25,25577.0,25548.0,25567.75,8937.0
2026-01-05T12:00:00Z,25567.75,25586.75,25557.25,25558.75,10597.0
2026-01-05T12:30:00Z,25559.5,25572.25,25544.5,25557.5,10930.0
2026-01-05T13:00:00Z,25558.0,25572.75,25520.0,25537.75,16695.0
2026-01-05T13:30:00Z,25537.5,25591.5,25537.5,25576.0,21004.0
2026-01-05T14:00:00Z,25575.75,25646.75,25575.25,25642.5,40969.0
2026-01-05T14:30:00Z,25643.0,25673.0,25539.25,25594.75,242571.0
2026-01-05T15:00:00Z,25594.75,25684.0,25565.5,25673.25,137527.0
2026-01-05T15:30:00Z,25673.5,25691.25,25636.75,25664.5,85640.0
2026-01-05T16:00:00Z,25664.5,25696.75,25651.25,25683.75,58288.0
2026-01-05T16:30:00Z,25683.5,25708.0,25657.25,25658.0,61730.0
2026-01-05T17:00:00Z,25658.75,25673.5,25615.25,25628.75,64276.0
2026-01-05T17:30:00Z,25629.25,25635.25,25607.5,25626.75,46733.0
2026-01-05T18:00:00Z,25626.5,25632.25,25557.0,25605.75,63877.0
2026-01-05T18:30:00Z,25605.5,25625.75,25589.25,25612.75,38347.0
2026-01-05T19:00:00Z,25613.0,25618.5,25583.75,25585.0,28983.0
2026-01-05T19:30:00Z,25585.5,25591.25,25548.5,25577.0,47857.0
2026-01-05T20:00:00Z,25577.25,25607.25,25565.75,25600.0,40501.0
2026-01-05T20:30:00Z,25600.25,25618.75,25566.5,25587.0,59685.0
2026-01-05T21:00:00Z,25587.5,25590.5,25573.0,25584.5,15577.0
2026-01-05T21:30:00Z,25584.75,25588.75,25576.75,25578.5,5917.0
2026-01-05T23:00:00Z,25581.0,25597.5,25578.0,25587.75,5346.0
2026-01-05T23:30:00Z,25587.25,25588.0,25560.0,25566.0,8903.0
2026-01-06T00:00:00Z,25566.25,25582.25,25554.0,25572.0,10155.0
2026-01-06T00:30:00Z,25571.75,25574.0,25552.25,25563.75,6811.0
2026-01-06T01:00:00Z,25564.0,25598.75,25555.5,25593.75,10380.0
2026-01-06T01:30:00Z,25593.25,25602.75,25590.0,25597.75,6683.0
2026-01-06T02:00:00Z,25598.0,25608.0,25592.75,25603.75,6214.0
2026-01-06T02:30:00Z,25604.75,25625.25,25600.75,25624.0,6474.0
2026-01-06T03:00:00Z,25623.75,25629.5,25620.5,25622.5,4280.0
2026-01-06T03:30:00Z,25622.25,25628.5,25616.5,25620.5,4680.0
2026-01-06T04:00:00Z,25620.75,25641.75,25620.25,25640.0,6430.0
2026-01-06T04:30:00Z,25640.25,25647.5,25632.25,25647.25,5663.0
2026-01-06T05:00:00Z,25642.5,25653.5,25640.25,25647.25,5567.0
2026-01-06T05:30:00Z,25647.0,25651.5,25638.25,25643.0,4371.0
2026-01-06T06:00:00Z,25643.0,25668.0,25641.5,25661.25,6786.0
2026-01-06T06:30:00Z,25661.5,25674.5,25660.75,25669.0,5405.0
2026-01-06T07:00:00Z,25669.25,25669.75,25649.5,25652.5,5069.0
2026-01-06T07:30:00Z,25652.75,25657.5,25642.5,25646.75,4426.0
2026-01-06T08:00:00Z,25647.25,25647.75,25546.0,25554.5,26129.0
2026-01-06T08:30:00Z,25553.75,25578.75,25527.0,25572.75,20646.0
2026-01-06T09:00:00Z,25572.0,25587.75,25557.0,25569.75,12327.0
2026-01-06T09:30:00Z,25569.75,25608.25,25564.25,25585.75,11822.0
2026-01-06T10:00:00Z,25586.5,25592.0,25571.25,25580.25,7344.0
2026-01-06T10:30:00Z,25580.0,25597.5,25577.5,25592.25,5633.0
2026-01-06T11:00:00Z,25593.25,25605.0,25589.5,25592.75,5752.0
2026-01-06T11:30:00Z,25592.75,25614.25,25590.0,25596.75,6015.0
2026-01-06T12:00:00Z,25596.5,25617.0,25591.5,25615.75,7264.0
2026-01-06T12:30:00Z,25615.75,25649.25,25611.5,25641.25,12694.0
2026-01-06T13:00:00Z,25640.75,25652.75,25619.75,25625.5,14243.0
2026-01-06T13:30:00Z,25624.5,25637.5,25590.5,25616.25,20377.0
2026-01-06T14:00:00Z,25616.5,25639.75,25592.75,25636.25,29224.0
2026-01-06T14:30:00Z,25636.0,25761.5,25608.75,25753.0,223269.0
2026-01-06T15:00:00Z,25753.25,25778.75,25726.25,25760.25,130671.0
2026-01-06T15:30:00Z,25767.0,25767.0,25676.5,25687.75,131610.0
2026-01-06T16:00:00Z,25687.25,25706.25,25645.5,25676.75,121648.0
2026-01-06T16:30:00Z,25677.0,25697.75,25658.5,25695.75,81713.0
2026-01-06T17:00:00Z,25695.75,25743.0,25674.5,25735.0,64300.0
2026-01-06T17:30:00Z,25735.25,25772.75,25735.25,25759.75,58079.0
2026-01-06T18:00:00Z,25759.75,25779.0,25745.25,25759.5,38044.0
2026-01-06T18:30:00Z,25759.75,25806.0,25750.0,25800.0,45675.0
2026-01-06T19:00:00Z,25805.0,25814.5,25794.0,25808.75,34992.0
2026-01-06T19:30:00Z,25808.75,25820.25,25806.25,25809.5,26519.0
2026-01-06T20:00:00Z,25812.5,25830.0,25802.25,25815.75,31234.0
2026-01-06T20:30:00Z,25814.0,25837.75,25812.0,25835.5,48760.0
2026-01-06T21:00:00Z,25818.75,25826.75,25817.5,25822.75,28866.0
2026-01-06T21:30:00Z,25822.75,25833.25,25818.5,25831.25,8290.0
2026-01-06T23:00:00Z,25834.5,25844.75,25820.0,25825.5,5287.0
2026-01-06T23:30:00Z,25825.5,25830.75,25814.5,25825.0,5683.0
2026-01-07T00:00:00Z,25825.25,25842.5,25820.75,25832.0,9040.0
2026-01-07T00:30:00Z,25832.0,25838.0,25818.75,25829.0,6875.0
2026-01-07T01:00:00Z,25829.0,25835.0,25811.5,25814.75,7659.0
2026-01-07T01:30:00Z,25815.0,25828.75,25811.75,25816.25,6362.0
2026-01-07T02:00:00Z,25816.5,25832.75,25808.5,25808.75,6160.0
2026-01-07T02:30:00Z,25808.75,25813.0,25801.75,25806.75,4775.0
2026-01-07T03:00:00Z,25807.0,25822.0,25806.25,25816.5,4693.0
2026-01-07T03:30:00Z,25816.5,25820.0,25797.5,25800.0,4966.0
2026-01-07T04:00:00Z,25800.25,25803.5,25781.0,25781.25,8083.0
2026-01-07T04:30:00Z,25782.0,25794.75,25780.75,25784.75,5457.0
2026-01-07T05:00:00Z,25782.0,25790.0,25780.25,25785.0,5759.0
2026-01-07T05:30:00Z,25785.0,25794.5,25779.0,25783.5,5052.0
2026-01-07T06:00:00Z,25783.0,25799.75,25782.5,25786.0,5153.0
2026-01-07T06:30:00Z,25785.5,25792.75,25768.0,25768.75,6918.0
2026-01-07T07:00:00Z,25768.0,25779.75,25764.25,25775.25,5300.0
2026-01-07T07:30:00Z,25775.0,25776.25,25765.0,25766.5,4312.0
2026-01-07T08:00:00Z,25766.0,25788.25,25759.25,25770.5,10510.0
2026-01-07T08:30:00Z,25770.25,25775.5,25753.5,25753.5,8237.0
2026-01-07T09:00:00Z,25754.0,25758.75,25727.0,25744.25,14581.0
2026-01-07T09:30:00Z,25744.5,25757.5,25740.25,25753.0,7208.0
2026-01-07T10:00:00Z,25753.0,25762.5,25734.25,25735.75,7165.0
2026-01-07T10:30:00Z,25734.75,25741.5,25727.75,25739.25,6405.0
2026-01-07T11:00:00Z,25739.75,25750.0,25731.75,25741.75,6209.0
2026-01-07T11:30:00Z,25742.0,25768.75,25739.75,25767.75,9004.0
2026-01-07T12:00:00Z,25767.25,25782.25,25762.0,25774.75,10672.0
2026-01-07T12:30:00Z,25774.5,25777.75,25753.25,25766.25,11759.0
2026-01-07T13:00:00Z,25766.0,25776.5,25755.25,25775.25,12548.0
2026-01-07T13:30:00Z,25775.5,25793.75,25766.0,25788.5,23142.0
2026-01-07T14:00:00Z,25788.5,25791.5,25761.5,25790.25,29003.0
2026-01-07T14:30:00Z,25790.75,25880.0,25770.75,25857.0,172255.0
2026-01-07T15:00:00Z,25855.0,25875.75,25812.0,25866.0,145437.0
2026-01-07T15:30:00Z,25866.25,25911.25,25810.0,25905.75,138144.0
2026-01-07T16:00:00Z,25905.25,25930.0,25879.25,25895.75,72798.0
2026-01-07T16:30:00Z,25895.5,25971.25,25889.5,25970.0,80986.0
2026-01-07T17:00:00Z,25970.0,25991.0,25964.25,25984.25,53357.0
2026-01-07T17:30:00Z,25984.25,25998.0,25961.0,25971.0,49999.0
2026-01-07T18:00:00Z,25970.75,25972.25,25925.5,25930.25,58043.0
2026-01-07T18:30:00Z,25930.0,25978.75,25929.0,25955.5,53366.0
2026-01-07T19:00:00Z,25956.0,25956.5,25888.75,25899.5,69937.0
2026-01-07T19:30:00Z,25899.0,25921.25,25891.75,25902.75,40590.0
2026-01-07T20:00:00Z,25902.75,25913.5,25852.25,25860.25,68968.0
2026-01-07T20:30:00Z,25860.25,25862.5,25814.25,25834.25,87357.0
2026-01-07T21:00:00Z,25834.5,25836.0,25820.0,25830.75,18267.0
2026-01-07T21:30:00Z,25830.5,25839.0,25827.25,25836.5,7709.0
2026-01-07T23:00:00Z,25839.25,25850.25,25823.0,25829.5,6375.0
2026-01-07T23:30:00Z,25830.0,25835.5,25818.25,25823.5,4545.0
2026-01-08T00:00:00Z,25822.75,25828.0,25806.25,25810.5,7333.0
2026-01-08T00:30:00Z,25810.5,25843.5,25810.0,25842.5,8722.0
2026-01-08T01:00:00Z,25842.0,25844.25,25816.5,25837.25,8569.0
2026-01-08T01:30:00Z,25837.25,25840.5,25820.5,25837.0,6809.0
2026-01-08T02:00:00Z,25837.25,25840.5,25821.0,25825.0,5963.0
2026-01-08T02:30:00Z,25825.5,25827.0,25773.75,25785.75,13718.0
2026-01-08T03:00:00Z,25786.0,25795.5,25777.75,25783.5,7501.0
2026-01-08T03:30:00Z,25784.0,25790.75,25769.25,25776.25,7352.0
2026-01-08T04:00:00Z,25776.5,25793.5,25773.0,25783.5,6710.0
2026-01-08T04:30:00Z,25783.75,25786.75,25773.5,25779.0,4241.0
2026-01-08T05:00:00Z,25778.25,25779.75,25759.5,25762.75,6909.0
2026-01-08T05:30:00Z,25762.75,25763.75,25737.5,25737.75,8362.0
2026-01-08T06:00:00Z,25738.5,25742.0,25671.0,25674.75,24058.0
2026-01-08T06:30:00Z,25675.25,25709.75,25671.5,25705.0,12480.0
2026-01-08T07:00:00Z,25705.5,25804.5,25680.25,25758.5,27043.0
2026-01-08T07:30:00Z,25758.0,25779.5,25741.5,25749.75,15183.0
2026-01-08T08:00:00Z,25749.25,25787.0,25747.75,25787.0,12030.0
2026-01-08T08:30:00Z,25786.5,25803.0,25777.0,25780.0,10333.0
2026-01-08T09:00:00Z,25780.5,25795.5,25762.0,25771.0,10052.0
2026-01-08T09:30:00Z,25770.75,25773.5,25751.0,25769.5,8665.0
2026-01-08T10:00:00Z,25769.5,25769.5,25743.5,25749.0,7576.0
2026-01-08T10:30:00Z,25747.5,25774.5,25745.5,25772.5,7607.0
2026-01-08T11:00:00Z,25772.5,25786.25,25762.75,25778.75,7719.0
2026-01-08T11:30:00Z,25778.25,25785.75,25739.0,25770.75,14451.0
2026-01-08T12:00:00Z,25770.5,25777.75,25746.5,25774.5,13358.0
2026-01-08T12:30:00Z,25774.0,25777.25,25753.75,25767.5,9342.0
2026-01-08T13:00:00Z,25767.25,25810.5,25757.0,25804.0,16474.0
2026-01-08T13:30:00Z,25803.5,25818.75,25786.0,25799.25,22854.0
2026-01-08T14:00:00Z,25799.0,25811.0,25774.0,25785.5,28953.0
2026-01-08T14:30:00Z,25786.25,25802.75,25597.5,25603.5,276104.0
2026-01-08T15:00:00Z,25603.25,25713.5,25569.5,25697.0,171145.0
2026-01-08T15:30:00Z,25697.25,25705.5,25610.0,25684.75,144687.0
2026-01-08T16:00:00Z,25684.25,25686.75,25614.25,25624.5,100054.0
2026-01-08T16:30:00Z,25624.25,25679.0,25583.75,25670.75,92711.0
2026-01-08T17:00:00Z,25671.25,25680.0,25626.75,25636.5,58556.0
2026-01-08T17:30:00Z,25636.5,25703.5,25634.5,25680.5,53264.0
2026-01-08T18:00:00Z,25680.5,25684.5,25619.5,25658.25,67325.0
2026-01-08T18:30:00Z,25658.25,25676.0,25624.5,25631.5,44347.0
2026-01-08T19:00:00Z,25631.0,25658.0,25597.0,25628.0,62298.0
2026-01-08T19:30:00Z,25627.5,25646.0,25611.5,25633.75,49031.0
2026-01-08T20:00:00Z,25633.5,25683.5,25625.25,25676.0,54612.0
2026-01-08T20:30:00Z,25676.0,25700.0,25667.0,25682.5,75500.0
2026-01-08T21:00:00Z,25683.0,25701.75,25681.25,25695.75,20131.0
2026-01-08T21:30:00Z,25695.75,25741.75,25695.5,25711.5,17305.0
2026-01-08T23:00:00Z,25720.5,25727.0,25692.5,25693.75,5501.0
2026-01-08T23:30:00Z,25694.0,25698.0,25672.25,25675.75,8180.0
2026-01-09T00:00:00Z,25675.25,25695.0,25671.75,25685.5,9122.0
2026-01-09T00:30:00Z,25686.0,25695.5,25664.5,25666.0,8474.0
2026-01-09T01:00:00Z,25666.5,25679.5,25630.0,25637.25,12284.0
2026-01-09T01:30:00Z,25637.25,25654.0,25627.0,25651.5,9037.0
2026-01-09T02:00:00Z,25651.5,25690.0,25649.0,25687.75,10930.0
2026-01-09T02:30:00Z,25688.0,25694.0,25673.25,25684.25,7497.0
2026-01-09T03:00:00Z,25683.75,25690.25,25669.25,25672.25,7401.0
2026-01-09T03:30:00Z,25672.25,25684.0,25666.75,25674.5,5388.0
2026-01-09T04:00:00Z,25674.75,25680.5,25657.75,25670.0,5881.0
2026-01-09T04:30:00Z,25669.5,25680.75,25665.75,25678.0,4106.0
2026-01-09T05:00:00Z,25683.75,25687.25,25672.75,25681.0,5142.0
2026-01-09T05:30:00Z,25681.25,25695.5,25666.75,25693.25,5236.0
2026-01-09T06:00:00Z,25693.25,25702.0,25672.5,25681.75,5966.0
2026-01-09T06:30:00Z,25681.75,25699.5,25681.25,25691.0,4275.0
2026-01-09T07:00:00Z,25691.0,25692.0,25653.5,25658.5,7155.0
2026-01-09T07:30:00Z,25658.5,25681.5,25652.0,25672.5,7411.0
2026-01-09T08:00:00Z,25672.5,25701.5,25671.5,25691.0,11241.0
2026-01-09T08:30:00Z,25690.75,25699.0,25665.25,25674.5,11005.0
2026-01-09T09:00:00Z,25674.5,25696.5,25662.25,25695.75,7748.0
2026-01-09T09:30:00Z,25696.25,25725.75,25696.25,25721.75,11625.0
2026-01-09T10:00:00Z,25722.75,25737.75,25716.75,25730.0,7115.0
2026-01-09T10:30:00Z,25730.25,25735.75,25721.5,25727.75,5082.0
2026-01-09T11:00:00Z,25727.75,25748.75,25721.25,25746.0,7108.0
2026-01-09T11:30:00Z,25746.0,25767.0,25738.0,25740.5,10651.0
2026-01-09T12:00:00Z,25740.5,25752.75,25720.5,25726.0,9115.0
2026-01-09T12:30:00Z,25726.25,25749.0,25713.5,25749.0,10537.0
2026-01-09T13:00:00Z,25748.75,25753.0,25726.25,25744.0,14166.0
2026-01-09T13:30:00Z,25744.0,25809.25,25715.25,25804.75,44158.0
2026-01-09T14:00:00Z,25805.0,25824.75,25700.25,25714.0,68767.0
2026-01-09T14:30:00Z,25714.25,25791.0,25648.25,25734.0,251092.0
2026-01-09T15:00:00Z,25738.25,25860.75,25615.75,25853.5,245639.0
2026-01-09T15:30:00Z,25853.5,25879.0,25761.0,25811.75,176413.0
2026-01-09T16:00:00Z,25811.25,25901.5,25810.75,25864.0,112439.0
2026-01-09T16:30:00Z,25864.0,25920.5,25845.0,25910.25,80340.0
2026-01-09T17:00:00Z,25910.0,25926.0,25885.25,25913.25,57371.0
2026-01-09T17:30:00Z,25913.25,25936.0,25904.0,25923.0,45473.0
2026-01-09T18:00:00Z,25923.25,25923.5,25882.0,25908.0,47837.0
2026-01-09T18:30:00Z,25908.25,25968.25,25906.75,25961.25,53985.0
2026-01-09T19:00:00Z,25962.25,25967.0,25948.0,25958.75,29383.0
2026-01-09T19:30:00Z,25959.25,25972.75,25952.0,25954.5,32329.0
2026-01-09T20:00:00Z,25954.25,25986.0,25949.25,25967.5,37040.0
2026-01-09T20:30:00Z,25967.25,25972.75,25930.75,25932.75,55910.0
2026-01-09T21:00:00Z,25933.25,25943.5,25926.25,25933.5,20312.0
2026-01-09T21:30:00Z,25933.25,25934.0,25923.5,25931.5,8021.0
2026-01-11T23:00:00Z,25913.25,25919.75,25879.75,25902.25,8670.0
2026-01-11T23:30:00Z,25902.5,25912.0,25893.25,25894.0,8520.0
2026-01-12T00:00:00Z,25893.5,25902.5,25855.0,25861.75,19053.0
2026-01-12T00:30:00Z,25861.5,25862.5,25772.75,25788.5,35261.0
2026-01-12T01:00:00Z,25789.0,25797.5,25748.75,25756.5,30218.0
2026-01-12T01:30:00Z,25756.5,25785.0,25723.5,25778.0,25557.0
2026-01-12T02:00:00Z,25777.75,25778.5,25731.0,25741.75,17182.0
2026-01-12T02:30:00Z,25741.75,25764.5,25740.0,25747.75,13927.0
2026-01-12T03:00:00Z,25747.75,25753.5,25737.75,25745.5,7755.0
2026-01-12T03:30:00Z,25745.5,25752.75,25710.0,25737.75,14721.0
2026-01-12T04:00:00Z,25738.0,25740.25,25715.0,25728.75,8635.0
2026-01-12T04:30:00Z,25728.25,25738.25,25722.75,25729.0,6115.0
2026-01-12T05:00:00Z,25727.0,25743.0,25692.75,25702.75,13839.0
2026-01-12T05:30:00Z,25702.25,25702.5,25677.25,25699.0,12055.0
2026-01-12T06:00:00Z,25699.0,25726.0,25696.5,25710.5,10112.0
2026-01-12T06:30:00Z,25710.25,25721.75,25705.0,25717.5,5700.0
2026-01-12T07:00:00Z,25717.5,25746.5,25715.5,25733.75,10406.0
2026-01-12T07:30:00Z,25733.75,25736.25,25722.0,25731.5,6169.0
2026-01-12T08:00:00Z,25731.75,25750.0,25658.25,25676.75,24276.0
2026-01-12T08:30:00Z,25676.75,25678.25,25632.75,25660.0,22646.0
2026-01-12T09:00:00Z,25659.75,25701.0,25659.5,25679.75,15337.0
2026-01-12T09:30:00Z,25679.5,25706.75,25665.0,25698.0,9486.0
2026-01-12T10:00:00Z,25698.25,25706.75,25686.5,25705.75,7360.0
2026-01-12T10:30:00Z,25705.5,25723.25,25702.0,25708.0,8195.0
2026-01-12T11:00:00Z,25707.75,25733.0,25705.5,25718.75,9459.0
2026-01-12T11:30:00Z,25718.25,25724.25,25709.25,25719.0,5868.0
2026-01-12T12:00:00Z,25718.25,25742.0,25713.75,25729.5,11646.0
2026-01-12T12:30:00Z,25729.0,25761.75,25728.25,25753.5,13848.0
2026-01-12T13:00:00Z,25753.0,25762.75,25727.5,25754.0,17138.0
2026-01-12T13:30:00Z,25753.5,25759.75,25736.75,25743.5,13084.0
2026-01-12T14:00:00Z,25743.75,25754.5,25719.75,25746.0,28568.0
2026-01-12T14:30:00Z,25745.75,25924.75,25743.75,25901.0,205280.0
2026-01-12T15:00:00Z,25901.25,25933.25,25867.0,25921.75,116983.0
2026-01-12T15:30:00Z,25921.5,25922.5,25863.5,25916.0,93132.0
2026-01-12T16:00:00Z,25915.5,25960.0,25901.25,25941.75,72276.0
2026-01-12T16:30:00Z,25941.5,25969.5,25920.75,25960.5,61936.0
2026-01-12T17:00:00Z,25960.75,25977.0,25948.75,25962.5,47295.0
2026-01-12T17:30:00Z,25962.25,25972.25,25938.5,25968.25,38541.0
2026-01-12T18:00:00Z,25968.25,25997.25,25965.0,25991.0,42832.0
2026-01-12T18:30:00Z,25991.0,25993.5,25973.75,25978.5,26733.0
2026-01-12T19:00:00Z,25978.75,26003.25,25962.0,25996.25,38286.0
2026-01-12T19:30:00Z,25996.25,26018.5,25995.25,26014.75,33706.0
2026-01-12T20:00:00Z,26015.0,26020.5,25986.25,25991.0,35344.0
2026-01-12T20:30:00Z,25991.0,25995.75,25950.5,25952.5,65409.0
2026-01-12T21:00:00Z,25952.25,25974.25,25948.0,25971.25,22187.0
2026-01-12T21:30:00Z,25971.0,25971.5,25932.75,25942.25,13815.0
2026-01-12T23:00:00Z,25948.0,25954.0,25914.5,25927.25,7360.0
2026-01-12T23:30:00Z,25927.0,25932.25,25893.5,25895.75,10421.0
2026-01-13T00:00:00Z,25896.0,25899.75,25881.75,25884.5,11207.0
2026-01-13T00:30:00Z,25884.25,25890.5,25871.5,25875.5,10221.0
2026-01-13T01:00:00Z,25875.0,25883.25,25870.25,25873.5,8191.0
2026-01-13T01:30:00Z,25873.0,25891.0,25846.0,25879.25,18459.0
2026-01-13T02:00:00Z,25879.25,25897.25,25876.0,25879.75,12148.0
2026-01-13T02:30:00Z,25879.25,25892.0,25874.0,25878.25,6879.0
2026-01-13T03:00:00Z,25878.25,25892.75,25866.5,25885.5,6890.0
2026-01-13T03:30:00Z,25884.5,25886.5,25861.25,25883.0,7191.0
2026-01-13T04:00:00Z,25883.5,25891.75,25875.0,25884.0,5719.0
2026-01-13T04:30:00Z,25884.25,25891.0,25869.0,25886.25,5386.0
2026-01-13T05:00:00Z,25881.5,25906.75,25877.5,25905.25,6510.0
2026-01-13T05:30:00Z,25904.75,25907.5,25883.75,25901.75,6934.0
2026-01-13T06:00:00Z,25901.75,25921.0,25900.5,25918.25,7619.0
2026-01-13T06:30:00Z,25918.25,25932.75,25910.5,25915.75,7631.0
2026-01-13T07:00:00Z,25916.0,25925.75,25906.75,25915.5,6689.0
2026-01-13T07:30:00Z,25915.25,25923.5,25910.0,25917.25,3413.0
2026-01-13T08:00:00Z,25916.75,25924.5,25901.0,25919.25,9461.0
2026-01-13T08:30:00Z,25918.25,25926.5,25895.25,25906.25,8494.0
2026-01-13T09:00:00Z,25906.25,25937.25,25906.25,25924.25,8897.0
2026-01-13T09:30:00Z,25923.5,25927.25,25887.5,25910.0,9173.0
2026-01-13T10:00:00Z,25909.5,25914.5,25867.25,25881.25,10941.0
2026-01-13T10:30:00Z,25880.75,25896.0,25875.25,25878.5,6104.0
2026-01-13T11:00:00Z,25878.5,25895.5,25876.0,25889.25,6601.0
2026-01-13T11:30:00Z,25889.0,25901.25,25871.5,25900.75,10627.0
2026-01-13T12:00:00Z,25900.5,25918.0,25888.5,25915.25,9790.0
2026-01-13T12:30:00Z,25915.25,25919.25,25888.25,25895.25,10754.0
2026-01-13T13:00:00Z,25895.0,25912.5,25886.5,25912.5,12302.0
2026-01-13T13:30:00Z,25910.75,26046.25,25910.75,25971.0,82447.0
2026-01-13T14:00:00Z,25970.75,26000.5,25948.25,25950.0,40278.0
2026-01-13T14:30:00Z,25950.25,26043.0,25930.75,25947.0,226949.0
2026-01-13T15:00:00Z,25946.25,25971.25,25811.75,25842.5,218361.0
2026-01-13T15:30:00Z,25842.0,25904.5,25806.0,25894.5,166779.0
2026-01-13T16:00:00Z,25894.5,25924.5,25847.25,25904.75,100247.0
2026-01-13T16:30:00Z,25905.0,26026.0,25893.75,26008.75,99398.0
2026-01-13T17:00:00Z,26008.5,26018.0,25944.0,25966.75,72014.0
2026-01-13T17:30:00Z,25966.5,25978.75,25857.25,25876.75,103097.0
2026-01-13T18:00:00Z,25876.25,25911.25,25851.0,25874.0,86925.0
2026-01-13T18:30:00Z,25873.75,25904.25,25833.75,25840.0,63949.0
2026-01-13T19:00:00Z,25840.25,25871.5,25821.5,25866.0,78576.0
2026-01-13T19:30:00Z,25865.75,25885.5,25843.75,25866.25,55000.0
2026-01-13T20:00:00Z,25866.25,25866.5,25824.5,25827.0,48948.0
2026-01-13T20:30:00Z,25827.0,25912.25,25803.25,25904.0,89773.0
2026-01-13T21:00:00Z,25904.25,25926.75,25903.5,25914.25,24080.0
2026-01-13T21:30:00Z,25914.0,25914.25,25895.75,25898.25,6723.0
2026-01-13T23:00:00Z,25900.0,25914.0,25886.25,25891.0,7042.0
2026-01-13T23:30:00Z,25891.5,25903.25,25888.0,25891.0,4523.0
2026-01-14T00:00:00Z,25891.25,25923.5,25883.25,25923.25,10805.0
2026-01-14T00:30:00Z,25923.0,25924.75,25905.75,25907.0,5624.0
2026-01-14T01:00:00Z,25906.5,25924.5,25897.75,25921.0,7590.0
2026-01-14T01:30:00Z,25920.25,25922.75,25878.75,25886.0,9444.0
2026-01-14T02:00:00Z,25885.5,25897.25,25873.0,25894.75,7306.0
2026-01-14T02:30:00Z,25895.25,25896.5,25886.0,25893.75,3686.0
2026-01-14T03:00:00Z,25893.5,25920.25,25889.5,25915.75,7180.0
2026-01-14T03:30:00Z,25915.75,25926.0,25912.0,25915.0,6202.0
2026-01-14T04:00:00Z,25915.5,25919.0,25895.75,25900.75,6720.0
2026-01-14T04:30:00Z,25901.0,25901.0,25873.25,25882.5,7250.0
2026-01-14T05:00:00Z,25876.75,25882.0,25860.0,25864.75,7923.0
2026-01-14T05:30:00Z,25864.75,25874.75,25852.5,25855.75,6544.0
2026-01-14T06:00:00Z,25856.25,25858.75,25838.5,25850.25,8292.0
2026-01-14T06:30:00Z,25850.5,25863.75,25835.5,25859.75,8951.0
2026-01-14T07:00:00Z,25860.75,25867.5,25848.5,25859.5,6322.0
2026-01-14T07:30:00Z,25859.75,25871.75,25854.0,25862.5,4476.0
2026-01-14T08:00:00Z,25862.25,25876.0,25851.0,25865.25,8575.0
2026-01-14T08:30:00Z,25864.0,25866.75,25840.25,25857.75,7520.0
2026-01-14T09:00:00Z,25858.25,25878.75,25854.75,25865.0,7295.0
2026-01-14T09:30:00Z,25865.5,25869.25,25836.0,25851.75,7191.0
2026-01-14T10:00:00Z,25852.25,25852.75,25755.75,25770.5,22479.0
2026-01-14T10:30:00Z,25770.25,25775.0,25711.5,25737.0,24840.0
2026-01-14T11:00:00Z,25737.5,25765.5,25714.25,25759.0,16817.0
2026-01-14T11:30:00Z,25759.75,25769.0,25738.25,25743.0,11095.0
2026-01-14T12:00:00Z,25743.0,25780.0,25701.0,25774.75,21770.0
2026-01-14T12:30:00Z,25774.0,25785.5,25768.5,25779.5,9390.0
2026-01-14T13:00:00Z,25778.0,25800.0,25751.75,25800.0,19196.0
2026-01-14T13:30:00Z,25800.0,25807.75,25732.5,25754.25,36404.0
2026-01-14T14:00:00Z,25754.25,25772.75,25734.0,25740.0,34797.0
2026-01-14T14:30:00Z,25740.0,25791.25,25578.25,25585.25,307059.0
2026-01-14T15:00:00Z,25585.75,25695.0,25533.0,25613.0,228227.0
2026-01-14T15:30:00Z,25612.5,25634.25,25469.5,25491.75,192733.0
2026-01-14T16:00:00Z,25491.75,25589.5,25486.75,25578.25,116933.0
2026-01-14T16:30:00Z,25578.5,25592.0,25440.0,25460.0,138150.0
2026-01-14T17:00:00Z,25459.75,25505.75,25433.25,25493.5,107972.0
2026-01-14T17:30:00Z,25493.5,25508.75,25433.25,25449.75,92852.0
2026-01-14T18:00:00Z,25449.5,25499.75,25444.5,25497.0,74755.0
2026-01-14T18:30:00Z,25497.0,25526.5,25421.25,25515.0,97300.0
2026-01-14T19:00:00Z,25515.0,25524.75,25485.25,25513.5,70232.0
2026-01-14T19:30:00Z,25513.5,25534.0,25492.75,25500.5,62446.0
2026-01-14T20:00:00Z,25500.25,25593.75,25462.25,25564.25,138681.0
2026-01-14T20:30:00Z,25564.0,25644.0,25563.25,25636.75,120002.0
2026-01-14T21:00:00Z,25636.5,25658.5,25614.5,25621.25,26506.0
2026-01-14T21:30:00Z,25621.5,25629.5,25552.25,25610.5,13755.0
2026-01-14T23:00:00Z,25597.25,25615.75,25562.75,25595.5,13764.0
2026-01-14T23:30:00Z,25595.75,25611.5,25585.75,25605.5,9349.0
2026-01-15T00:00:00Z,25605.5,25608.0,25587.25,25593.75,9098.0
2026-01-15T00:30:00Z,25593.75,25613.0,25586.0,25602.5,7043.0
2026-01-15T01:00:00Z,25601.75,25643.5,25601.5,25613.75,16340.0
2026-01-15T01:30:00Z,25614.0,25632.0,25562.5,25629.75,19828.0
2026-01-15T02:00:00Z,25630.0,25634.25,25605.25,25607.5,9119.0
2026-01-15T02:30:00Z,25607.5,25616.0,25596.0,25609.0,7045.0
2026-01-15T03:00:00Z,25609.25,25627.25,25596.75,25598.0,6763.0
2026-01-15T03:30:00Z,25597.25,25615.75,25579.5,25582.0,9089.0
2026-01-15T04:00:00Z,25582.0,25599.75,25577.5,25590.5,7132.0
2026-01-15T04:30:00Z,25590.5,25593.0,25570.0,25580.5,6927.0
2026-01-15T05:00:00Z,25601.25,25619.5,25598.5,25611.0,9612.0
2026-01-15T05:30:00Z,25610.5,25647.75,25608.5,25622.5,14496.0
2026-01-15T06:00:00Z,25622.0,25719.75,25611.0,25698.5,26397.0
2026-01-15T06:30:00Z,25699.25,25722.75,25685.75,25700.75,13206.0
2026-01-15T07:00:00Z,25700.25,25708.0,25678.5,25683.5,10186.0
2026-01-15T07:30:00Z,25683.5,25703.0,25677.25,25688.5,9972.0
2026-01-15T08:00:00Z,25689.5,25747.5,25673.5,25712.5,21031.0
2026-01-15T08:30:00Z,25712.25,25741.5,25710.5,25738.25,10663.0
2026-01-15T09:00:00Z,25737.25,25809.0,25733.25,25803.0,19557.0
2026-01-15T09:30:00Z,25803.75,25833.25,25803.25,25813.0,15637.0
2026-01-15T10:00:00Z,25812.25,25830.0,25800.0,25814.0,11396.0
2026-01-15T10:30:00Z,25814.0,25827.75,25808.5,25817.25,6695.0
2026-01-15T11:00:00Z,25818.0,25848.0,25816.5,25833.5,12254.0
2026-01-15T11:30:00Z,25833.25,25855.75,25830.0,25841.5,9064.0
2026-01-15T12:00:00Z,25841.5,25844.25,25816.0,25830.5,14696.0
2026-01-15T12:30:00Z,25830.5,25854.0,25811.0,25852.25,14457.0
2026-01-15T13:00:00Z,25852.0,25873.5,25833.75,25868.75,18596.0
2026-01-15T13:30:00Z,25868.75,25916.5,25853.5,25893.25,32269.0
2026-01-15T14:00:00Z,25894.25,25953.0,25890.75,25924.5,41694.0
2026-01-15T14:30:00Z,25925.0,25954.25,25842.75,25864.0,265878.0
2026-01-15T15:00:00Z,25863.75,25915.75,25837.25,25862.75,150219.0
2026-01-15T15:30:00Z,25863.25,25925.75,25803.5,25884.0,176621.0
2026-01-15T16:00:00Z,25884.5,25931.75,25877.25,25905.0,97536.0
2026-01-15T16:30:00Z,25904.75,25937.25,25880.0,25924.5,68636.0
2026-01-15T17:00:00Z,25924.75,25939.75,25877.0,25880.5,57314.0
2026-01-15T17:30:00Z,25880.75,25894.75,25849.25,25853.75,65454.0
2026-01-15T18:00:00Z,25853.5,25900.0,25848.5,25897.0,50685.0
2026-01-15T18:30:00Z,25896.5,25911.0,25877.75,25885.5,40771.0
2026-01-15T19:00:00Z,25885.0,25885.0,25791.25,25799.75,83958.0
2026-01-15T19:30:00Z,25799.5,25804.75,25746.0,25757.0,95539.0
2026-01-15T20:00:00Z,25756.25,25771.75,25690.25,25718.75,97737.0
2026-01-15T20:30:00Z,25719.25,25726.75,25680.75,25719.0,97224.0
2026-01-15T21:00:00Z,25718.75,25727.0,25694.0,25700.0,22157.0
2026-01-15T21:30:00Z,25699.5,25709.5,25695.0,25705.75,6768.0
2026-01-15T23:00:00Z,25720.0,25734.0,25704.25,25732.0,7251.0
2026-01-15T23:30:00Z,25732.0,25751.0,25722.5,25741.5,6650.0
2026-01-16T00:00:00Z,25741.25,25754.0,25730.5,25748.5,7575.0
2026-01-16T00:30:00Z,25749.25,25762.25,25747.25,25760.75,6211.0
2026-01-16T01:00:00Z,25760.0,25776.0,25748.75,25760.5,10701.0
2026-01-16T01:30:00Z,25760.0,25783.75,25760.0,25770.25,8629.0
2026-01-16T02:00:00Z,25769.25,25789.25,25762.25,25789.0,6210.0
2026-01-16T02:30:00Z,25788.5,25797.75,25786.0,25787.0,6451.0
2026-01-16T03:00:00Z,25787.5,25800.0,25785.25,25790.0,4577.0
2026-01-16T03:30:00Z,25789.75,25795.5,25784.0,25786.75,4048.0
2026-01-16T04:00:00Z,25787.0,25810.0,25784.25,25802.25,6919.0
2026-01-16T04:30:00Z,25802.0,25810.75,25794.25,25809.0,4363.0
2026-01-16T05:00:00Z,25812.0,25820.0,25802.25,25818.5,5721.0
2026-01-16T05:30:00Z,25818.5,25820.25,25804.25,25807.75,4298.0
2026-01-16T06:00:00Z,25808.0,25821.0,25803.25,25813.0,5023.0
2026-01-16T06:30:00Z,25812.5,25827.25,25809.5,25823.5,4704.0
2026-01-16T07:00:00Z,25823.75,25829.5,25815.25,25822.5,4836.0
2026-01-16T07:30:00Z,25822.75,25838.0,25806.75,25823.75,8299.0
2026-01-16T08:00:00Z,25823.25,25845.5,25813.5,25817.5,10090.0
2026-01-16T08:30:00Z,25818.0,25834.75,25795.25,25816.25,11820.0
2026-01-16T09:00:00Z,25817.25,25840.5,25810.0,25839.5,10420.0
2026-01-16T09:30:00Z,25839.5,25842.5,25814.0,25815.25,6949.0
2026-01-16T10:00:00Z,25815.5,25841.75,25810.0,25837.25,7078.0
2026-01-16T10:30:00Z,25837.5,25864.5,25837.0,25854.25,11019.0
2026-01-16T11:00:00Z,25854.75,25873.5,25846.75,25867.75,8683.0
2026-01-16T11:30:00Z,25868.0,25869.25,25825.75,25833.25,12266.0
2026-01-16T12:00:00Z,25833.0,25844.25,25820.25,25833.75,11011.0
2026-01-16T12:30:00Z,25834.0,25853.0,25805.75,25831.25,16654.0
2026-01-16T13:00:00Z,25830.75,25834.0,25801.75,25824.0,17402.0
2026-01-16T13:30:00Z,25823.25,25838.5,25808.75,25826.0,19483.0
2026-01-16T14:00:00Z,25826.25,25878.0,25822.0,25868.0,42474.0
2026-01-16T14:30:00Z,25868.25,25891.25,25726.25,25728.75,213401.0
2026-01-16T15:00:00Z,25729.0,25765.5,25662.75,25669.0,193563.0
2026-01-16T15:30:00Z,25668.75,25682.25,25590.25,25680.75,172589.0
2026-01-16T16:00:00Z,25680.5,25719.75,25660.5,25716.75,100945.0
2026-01-16T16:30:00Z,25716.75,25753.25,25687.0,25717.0,84199.0
2026-01-16T17:00:00Z,25716.75,25721.5,25695.0,25701.25,53282.0
2026-01-16T17:30:00Z,25700.75,25713.75,25657.75,25660.25,57273.0
2026-01-16T18:00:00Z,25660.5,25729.25,25654.0,25719.5,55211.0
2026-01-16T18:30:00Z,25719.5,25732.5,25707.0,25716.5,32850.0
2026-01-16T19:00:00Z,25716.25,25748.25,25672.5,25681.0,65603.0
2026-01-16T19:30:00Z,25681.5,25729.25,25679.0,25716.0,48181.0
2026-01-16T20:00:00Z,25715.75,25729.75,25703.5,25711.5,38177.0
2026-01-16T20:30:00Z,25711.25,25722.75,25681.75,25684.75,86600.0
2026-01-16T21:00:00Z,25684.25,25702.5,25670.75,25686.25,22394.0
2026-01-16T21:30:00Z,25686.25,25689.0,25678.25,25681.75,6184.0
2026-01-19T04:30:00Z,25689.0,25689.0,25375.0,25376.5,4059.0
2026-01-20T05:00:00Z,25380.5,25412.75,25367.0,25407.25,10923.0
2026-01-20T05:30:00Z,25407.0,25412.25,25380.25,25382.75,8926.0
2026-01-20T06:00:00Z,25382.75,25390.25,25292.75,25303.5,21527.0
2026-01-20T06:30:00Z,25303.25,25315.5,25259.75,25311.0,28552.0
2026-01-20T07:00:00Z,25310.75,25320.5,25256.5,25297.25,22046.0
2026-01-20T07:30:00Z,25296.75,25301.25,25257.75,25283.75,14861.0
2026-01-20T08:00:00Z,25283.5,25288.75,25225.0,25237.25,34969.0
2026-01-20T08:30:00Z,25236.25,25236.75,25166.75,25201.0,36858.0
2026-01-20T09:00:00Z,25201.5,25220.75,25130.0,25143.75,36753.0
2026-01-20T09:30:00Z,25143.5,25144.5,25095.25,25134.5,30816.0
2026-01-20T10:00:00Z,25134.5,25207.75,25106.75,25196.0,26187.0
2026-01-20T10:30:00Z,25196.5,25204.25,25166.5,25175.25,16518.0
2026-01-20T11:00:00Z,25175.0,25228.5,25173.0,25201.25,21259.0
2026-01-20T11:30:00Z,25200.75,25221.0,25175.25,25206.0,16336.0
2026-01-20T12:00:00Z,25205.5,25255.25,25191.75,25234.25,28902.0
2026-01-20T12:30:00Z,25233.5,25283.75,25227.5,25258.0,25833.0
2026-01-20T13:00:00Z,25258.0,25277.5,25222.75,25247.0,31862.0
2026-01-20T13:30:00Z,25247.75,25251.5,25181.5,25212.5,69239.0
2026-01-20T14:00:00Z,25212.25,25253.5,25201.25,25242.25,51874.0
2026-01-20T14:30:00Z,25242.25,25369.0,25232.5,25323.25,267794.0
2026-01-20T15:00:00Z,25323.0,25364.0,25254.0,25361.5,194432.0
2026-01-20T15:30:00Z,25361.75,25417.75,25313.25,25363.25,169377.0
2026-01-20T16:00:00Z,25363.0,25428.25,25333.5,25403.5,138008.0
2026-01-20T16:30:00Z,25404.25,25430.0,25335.5,25399.0,133008.0
2026-01-20T17:00:00Z,25398.5,25407.25,25326.25,25339.25,99949.0
2026-01-20T17:30:00Z,25338.75,25339.0,25255.0,25292.75,111017.0
2026-01-20T18:00:00Z,25293.0,25311.25,25243.0,25247.75,64618.0
2026-01-20T18:30:00Z,25247.0,25256.5,25170.75,25199.25,98678.0
2026-01-20T19:00:00Z,25199.25,25225.25,25149.25,25161.5,77894.0
2026-01-20T19:30:00Z,25161.0,25179.75,25128.0,25169.25,84958.0
2026-01-20T20:00:00Z,25169.25,25169.5,25115.25,25128.75,88662.0
2026-01-20T20:30:00Z,25129.5,25144.25,25099.0,25142.0,102671.0
2026-01-20T21:00:00Z,25141.75,25167.0,25127.5,25143.75,29577.0
2026-01-20T21:30:00Z,25143.5,25146.25,25122.5,25143.25,9602.0
2026-01-20T23:00:00Z,25147.0,25175.5,25138.25,25154.75,7793.0
2026-01-20T23:30:00Z,25154.75,25164.25,25103.5,25116.25,14133.0
2026-01-21T00:00:00Z,25116.75,25159.0,25115.5,25157.25,13838.0
2026-01-21T00:30:00Z,25157.0,25186.0,25154.5,25178.75,12931.0
2026-01-21T01:00:00Z,25179.0,25217.5,25178.5,25211.0,13038.0
2026-01-21T01:30:00Z,25211.25,25218.75,25197.25,25201.75,11179.0
2026-01-21T02:00:00Z,25202.0,25209.75,25177.75,25178.0,12394.0
2026-01-21T02:30:00Z,25178.5,25191.5,25168.0,25180.0,10172.0
2026-01-21T03:00:00Z,25179.75,25227.5,25178.5,25221.0,13728.0
2026-01-21T03:30:00Z,25222.0,25226.25,25185.75,25197.75,10525.0
2026-01-21T04:00:00Z,25197.5,25213.75,25182.5,25206.5,9105.0
2026-01-21T04:30:00Z,25206.0,25212.25,25193.25,25200.0,5402.0
2026-01-21T05:00:00Z,25204.5,25220.0,25200.5,25211.75,9138.0
2026-01-21T05:30:00Z,25210.25,25225.75,25210.25,25220.0,5302.0
2026-01-21T06:00:00Z,25220.0,25230.25,25208.75,25219.75,8228.0
2026-01-21T06:30:00Z,25220.25,25234.5,25191.75,25196.25,10088.0
2026-01-21T07:00:00Z,25196.25,25246.75,25193.0,25240.0,12156.0
2026-01-21T07:30:00Z,25239.75,25241.0,25205.0,25212.75,7639.0
2026-01-21T08:00:00Z,25212.75,25233.5,25195.0,25221.0,14120.0
2026-01-21T08:30:00Z,25220.25,25228.25,25204.0,25204.75,11004.0
2026-01-21T09:00:00Z,25204.25,25226.75,25182.5,25195.25,14340.0
2026-01-21T09:30:00Z,25195.75,25196.0,25128.5,25129.0,18064.0
2026-01-21T10:00:00Z,25129.5,25183.0,25121.75,25177.0,16618.0
2026-01-21T10:30:00Z,25177.5,25188.5,25151.5,25153.0,9653.0
2026-01-21T11:00:00Z,25153.0,25159.75,25133.25,25142.25,13214.0
2026-01-21T11:30:00Z,25143.25,25158.25,25040.25,25047.75,31927.0
2026-01-21T12:00:00Z,25047.5,25089.75,25026.0,25072.0,29767.0
2026-01-21T12:30:00Z,25071.25,25090.25,25032.25,25086.25,24723.0
2026-01-21T13:00:00Z,25086.0,25113.25,25070.0,25075.5,24654.0
2026-01-21T13:30:00Z,25075.5,25125.75,25040.0,25085.0,55974.0
2026-01-21T14:00:00Z,25084.0,25257.0,25072.25,25197.75,132371.0
2026-01-21T14:30:00Z,25197.0,25339.75,25128.5,25325.0,256187.0
2026-01-21T15:00:00Z,25324.5,25387.25,25293.0,25379.5,183366.0
2026-01-21T15:30:00Z,25379.75,25488.0,25377.75,25470.0,147189.0
2026-01-21T16:00:00Z,25469.75,25496.5,25442.25,25458.0,119638.0
2026-01-21T16:30:00Z,25458.25,25460.5,25221.0,25229.75,232765.0
2026-01-21T17:00:00Z,25229.75,25262.75,25142.75,25206.0,200364.0
2026-01-21T17:30:00Z,25205.5,25260.75,25168.75,25246.0,143408.0
2026-01-21T18:00:00Z,25245.5,25251.75,25151.25,25235.25,128942.0
2026-01-21T18:30:00Z,25235.75,25294.75,25203.5,25282.75,101637.0
2026-01-21T19:00:00Z,25282.5,25457.25,25232.75,25429.25,115172.0
2026-01-21T19:30:00Z,25429.25,25641.75,25420.75,25639.0,197595.0
2026-01-21T20:00:00Z,25639.0,25653.25,25485.0,25486.5,135588.0
2026-01-21T20:30:00Z,25486.5,25515.5,25445.75,25471.0,116478.0
2026-01-21T21:00:00Z,25471.5,25530.75,25467.0,25512.75,26386.0
2026-01-21T21:30:00Z,25513.0,25515.0,25499.5,25509.0,8584.0
2026-01-21T23:00:00Z,25529.0,25569.75,25528.0,25557.25,8983.0
2026-01-21T23:30:00Z,25557.75,25559.75,25523.0,25552.25,9956.0
2026-01-22T00:00:00Z,25553.25,25582.25,25537.75,25566.75,12999.0
2026-01-22T00:30:00Z,25567.5,25578.5,25546.25,25559.5,10100.0
2026-01-22T01:00:00Z,25559.25,25592.0,25552.5,25590.75,9523.0
2026-01-22T01:30:00Z,25589.75,25601.0,25585.25,25594.5,9477.0
2026-01-22T02:00:00Z,25594.5,25602.75,25577.75,25583.0,7214.0
2026-01-22T02:30:00Z,25583.0,25583.75,25565.0,25568.25,7620.0
2026-01-22T03:00:00Z,25569.25,25595.25,25568.0,25585.0,8405.0
2026-01-22T03:30:00Z,25585.0,25592.25,25575.5,25589.75,5630.0
2026-01-22T04:00:00Z,25589.5,25590.5,25565.75,25576.25,5801.0
2026-01-22T04:30:00Z,25575.75,25580.25,25566.5,25574.5,4577.0
2026-01-22T05:00:00Z,25575.25,25575.5,25561.25,25567.0,7183.0
2026-01-22T05:30:00Z,25566.75,25569.0,25528.0,25533.75,10799.0
2026-01-22T06:00:00Z,25533.75,25548.25,25483.25,25489.75,17479.0
2026-01-22T06:30:00Z,25490.25,25546.75,25486.75,25539.75,12861.0
2026-01-22T07:00:00Z,25539.75,25550.5,25498.25,25536.0,13377.0
2026-01-22T07:30:00Z,25535.0,25593.75,25533.5,25588.0,16498.0
2026-01-22T08:00:00Z,25587.5,25669.0,25582.5,25652.0,25493.0
2026-01-22T08:30:00Z,25651.25,25707.5,25640.25,25683.0,20738.0
2026-01-22T09:00:00Z,25682.5,25715.75,25672.75,25693.5,15521.0
2026-01-22T09:30:00Z,25693.5,25712.5,25689.75,25699.0,9365.0
2026-01-22T10:00:00Z,25699.25,25703.75,25670.25,25688.0,14909.0
2026-01-22T10:30:00Z,25688.0,25698.75,25683.0,25688.5,6958.0
2026-01-22T11:00:00Z,25688.75,25715.0,25666.25,25681.25,17471.0
2026-01-22T11:30:00Z,25681.5,25703.5,25670.75,25675.0,12954.0
2026-01-22T12:00:00Z,25675.25,25690.75,25659.0,25684.0,13274.0
2026-01-22T12:30:00Z,25683.5,25696.25,25670.25,25691.25,12185.0
2026-01-22T13:00:00Z,25690.75,25708.5,25677.5,25703.25,17818.0
2026-01-22T13:30:00Z,25702.75,25739.75,25678.0,25735.75,39494.0
2026-01-22T14:00:00Z,25735.75,25739.25,25704.25,25730.0,39782.0
2026-01-22T14:30:00Z,25729.75,25732.25,25554.25,25580.25,270794.0
2026-01-22T15:00:00Z,25580.0,25610.25,25534.75,25592.5,188398.0
2026-01-22T15:30:00Z,25592.75,25658.75,25571.5,25606.0,135794.0
2026-01-22T16:00:00Z,25606.0,25685.5,25603.25,25672.0,99817.0
2026-01-22T16:30:00Z,25672.25,25699.75,25655.25,25669.25,66998.0
2026-01-22T17:00:00Z,25668.5,25694.0,25652.5,25679.75,71566.0
2026-01-22T17:30:00Z,25680.0,25721.0,25680.0,25711.5,58126.0
2026-01-22T18:00:00Z,25711.5,25721.25,25682.25,25697.75,54702.0
2026-01-22T18:30:00Z,25698.0,25713.75,25666.5,25673.5,42837.0
2026-01-22T19:00:00Z,25673.5,25715.0,25671.0,25709.25,46683.0
2026-01-22T19:30:00Z,25709.5,25713.0,25634.0,25639.75,64571.0
2026-01-22T20:00:00Z,25639.5,25663.75,25608.0,25609.25,69284.0
2026-01-22T20:30:00Z,25609.0,25665.25,25584.25,25661.0,97656.0
2026-01-22T21:00:00Z,25661.75,25678.5,25628.25,25661.0,31257.0
2026-01-22T21:30:00Z,25660.75,25662.5,25610.0,25630.0,9514.0
2026-01-22T23:00:00Z,25609.75,25621.75,25577.25,25615.0,10713.0
2026-01-22T23:30:00Z,25614.75,25629.0,25601.0,25617.25,8954.0
2026-01-23T00:00:00Z,25617.25,25639.0,25597.0,25627.0,10779.0
2026-01-23T00:30:00Z,25626.5,25654.5,25622.0,25654.0,6934.0
2026-01-23T01:00:00Z,25653.75,25682.25,25648.5,25665.5,14386.0
2026-01-23T01:30:00Z,25665.0,25688.0,25661.0,25687.0,9619.0
2026-01-23T02:00:00Z,25687.0,25689.75,25671.75,25676.5,6642.0
2026-01-23T02:30:00Z,25676.5,25677.25,25664.75,25668.75,5300.0
2026-01-23T03:00:00Z,25669.0,25708.0,25668.25,25701.25,10060.0
2026-01-23T03:30:00Z,25701.75,25704.25,25690.0,25695.5,6241.0
2026-01-23T04:00:00Z,25695.25,25700.0,25685.75,25697.25,5654.0
2026-01-23T04:30:00Z,25697.75,25707.75,25689.5,25702.25,6752.0
2026-01-23T05:00:00Z,25703.25,25712.0,25701.25,25702.75,5766.0
2026-01-23T05:30:00Z,25702.5,25714.5,25698.75,25713.25,5068.0
2026-01-23T06:00:00Z,25713.25,25731.75,25713.0,25723.0,9059.0
2026-01-23T06:30:00Z,25722.25,25728.25,25702.75,25705.75,5869.0
2026-01-23T07:00:00Z,25705.75,25725.0,25696.25,25717.5,7629.0
2026-01-23T07:30:00Z,25718.75,25718.75,25682.5,25691.5,9002.0
2026-01-23T08:00:00Z,25692.25,25692.25,25620.25,25629.5,19253.0
2026-01-23T08:30:00Z,25629.0,25635.0,25580.5,25600.75,20547.0
2026-01-23T09:00:00Z,25601.75,25629.25,25592.75,25603.25,17452.0
2026-01-23T09:30:00Z,25603.5,25605.5,25540.0,25558.25,23581.0
2026-01-23T10:00:00Z,25558.0,25575.0,25550.0,25562.5,11176.0
2026-01-23T10:30:00Z,25562.0,25574.25,25550.25,25573.75,8671.0
2026-01-23T11:00:00Z,25574.5,25646.5,25570.75,25645.25,29311.0
2026-01-23T11:30:00Z,25645.0,25658.25,25595.75,25607.0,17787.0
2026-01-23T12:00:00Z,25606.5,25627.25,25597.0,25617.0,14480.0
2026-01-23T12:30:00Z,25617.25,25632.75,25583.75,25628.5,16947.0
2026-01-23T13:00:00Z,25628.0,25635.75,25572.25,25573.0,18239.0
2026-01-23T13:30:00Z,25573.25,25605.75,25560.25,25571.5,29148.0
2026-01-23T14:00:00Z,25570.75,25612.5,25556.75,25607.0,38109.0
2026-01-23T14:30:00Z,25607.0,25674.0,25562.5,25673.5,213170.0
2026-01-23T15:00:00Z,25673.25,25764.75,25662.5,25746.0,173330.0
2026-01-23T15:30:00Z,25746.75,25827.5,25744.75,25826.5,99223.0
2026-01-23T16:00:00Z,25826.5,25845.5,25778.5,25791.25,95082.0
2026-01-23T16:30:00Z,25791.25,25828.5,25760.75,25788.25,98895.0
2026-01-23T17:00:00Z,25789.25,25808.25,25766.0,25798.75,64694.0
2026-01-23T17:30:00Z,25798.5,25800.25,25682.75,25694.0,110586.0
2026-01-23T18:00:00Z,25693.75,25764.0,25688.5,25752.75,87378.0
2026-01-23T18:30:00Z,25753.0,25762.75,25714.0,25725.5,58846.0
2026-01-23T19:00:00Z,25725.25,25775.0,25723.25,25745.25,60666.0
2026-01-23T19:30:00Z,25745.25,25758.75,25719.0,25748.0,52226.0
2026-01-23T20:00:00Z,25747.75,25751.5,25691.25,25710.25,66258.0
2026-01-23T20:30:00Z,25710.25,25756.0,25695.5,25734.75,78426.0
2026-01-23T21:00:00Z,25734.75,25738.5,25672.0,25687.25,28958.0
2026-01-23T21:30:00Z,25687.75,25738.25,25677.25,25738.25,11828.0
2026-01-25T23:00:00Z,25464.25,25542.5,25462.0,25529.75,21034.0
2026-01-25T23:30:00Z,25530.0,25571.5,25493.0,25559.5,30813.0
2026-01-26T00:00:00Z,25559.25,25610.0,25543.25,25607.25,27735.0
2026-01-26T00:30:00Z,25606.75,25618.0,25562.5,25582.0,23007.0
2026-01-26T01:00:00Z,25582.25,25661.75,25570.0,25651.0,31031.0
2026-01-26T01:30:00Z,25650.25,25669.25,25631.0,25649.5,16127.0
2026-01-26T02:00:00Z,25649.75,25666.25,25641.75,25649.0,12452.0
2026-01-26T02:30:00Z,25649.25,25651.0,25598.0,25610.0,17820.0
2026-01-26T03:00:00Z,25609.75,25657.75,25608.75,25638.75,17448.0
2026-01-26T03:30:00Z,25638.25,25648.5,25600.0,25634.25,13212.0
2026-01-26T04:00:00Z,25635.0,25651.75,25623.0,25650.25,7332.0
2026-01-26T04:30:00Z,25650.75,25659.25,25622.75,25638.25,10139.0
2026-01-26T05:00:00Z,25635.25,25668.5,25626.5,25663.5,7607.0
2026-01-26T05:30:00Z,25663.75,25677.0,25657.0,25674.75,8269.0
2026-01-26T06:00:00Z,25674.75,25703.5,25673.25,25693.5,11875.0
2026-01-26T06:30:00Z,25694.0,25698.25,25665.25,25669.0,11920.0
2026-01-26T07:00:00Z,25668.75,25696.25,25665.0,25694.25,7377.0
2026-01-26T07:30:00Z,25693.5,25711.5,25678.0,25699.75,8168.0
2026-01-26T08:00:00Z,25700.5,25742.25,25699.0,25729.75,12657.0
2026-01-26T08:30:00Z,25728.75,25741.5,25713.5,25727.5,8616.0
2026-01-26T09:00:00Z,25727.5,25735.0,25687.75,25688.5,11628.0
2026-01-26T09:30:00Z,25688.5,25690.0,25582.25,25618.5,26374.0
2026-01-26T10:00:00Z,25617.75,25656.75,25614.0,25651.5,13329.0
2026-01-26T10:30:00Z,25650.75,25674.25,25647.75,25651.5,10146.0
2026-01-26T11:00:00Z,25651.5,25659.75,25641.75,25648.5,7310.0
2026-01-26T11:30:00Z,25649.75,25673.25,25647.0,25670.5,6780.0
2026-01-26T12:00:00Z,25669.75,25714.75,25668.75,25690.5,15309.0
2026-01-26T12:30:00Z,25690.0,25696.0,25675.0,25688.5,10152.0
2026-01-26T13:00:00Z,25688.5,25708.0,25676.25,25688.25,14936.0
2026-01-26T13:30:00Z,25689.5,25722.75,25658.0,25716.5,26581.0
2026-01-26T14:00:00Z,25716.75,25749.75,25714.0,25748.75,32420.0
2026-01-26T14:30:00Z,25748.75,25853.5,25704.25,25838.0,201712.0
2026-01-26T15:00:00Z,25837.5,25886.75,25803.0,25846.0,129793.0
2026-01-26T15:30:00Z,25846.0,25898.75,25833.0,25881.5,110605.0
2026-01-26T16:00:00Z,25881.25,25909.5,25850.75,25905.75,83812.0
2026-01-26T16:30:00Z,25906.0,25928.25,25887.75,25906.25,66867.0
2026-01-26T17:00:00Z,25906.5,25932.5,25903.0,25912.25,47682.0
2026-01-26T17:30:00Z,25912.5,25915.75,25881.75,25890.75,51968.0
2026-01-26T18:00:00Z,25891.0,25913.75,25873.25,25907.25,52591.0
2026-01-26T18:30:00Z,25907.25,25932.75,25885.25,25899.0,53795.0
2026-01-26T19:00:00Z,25898.75,25914.25,25884.0,25900.0,39643.0
2026-01-26T19:30:00Z,25900.25,25912.25,25877.75,25878.5,39291.0
2026-01-26T20:00:00Z,25878.75,25894.5,25866.75,25880.75,39081.0
2026-01-26T20:30:00Z,25881.0,25901.5,25840.25,25844.25,65965.0
2026-01-26T21:00:00Z,25844.25,25871.0,25833.75,25868.75,28211.0
2026-01-26T21:30:00Z,25868.0,25870.0,25851.75,25861.75,9896.0
2026-01-26T23:00:00Z,25857.25,25897.0,25839.75,25878.5,11728.0
2026-01-26T23:30:00Z,25879.0,25890.75,25870.5,25889.75,8061.0
2026-01-27T00:00:00Z,25889.75,25900.0,25874.75,25890.25,8513.0
2026-01-27T00:30:00Z,25890.75,25903.25,25885.25,25898.75,6122.0
2026-01-27T01:00:00Z,25898.5,25916.0,25895.5,25912.25,7498.0
2026-01-27T01:30:00Z,25911.75,25926.25,25910.0,25922.25,7626.0
2026-01-27T02:00:00Z,25922.25,25956.75,25921.5,25949.0,12586.0
2026-01-27T02:30:00Z,25948.75,25975.0,25943.5,25970.75,10370.0
2026-01-27T03:00:00Z,25970.5,25977.5,25965.0,25965.5,6277.0
2026-01-27T03:30:00Z,25966.0,25979.5,25962.0,25976.0,6718.0
2026-01-27T04:00:00Z,25976.0,26003.0,25971.75,25986.5,11118.0
2026-01-27T04:30:00Z,25986.5,25993.5,25986.0,25990.25,3575.0
2026-01-27T05:00:00Z,25980.5,25982.5,25971.75,25980.75,7007.0
2026-01-27T05:30:00Z,25981.25,26010.0,25981.25,26008.25,7888.0
2026-01-27T06:00:00Z,26007.75,26028.25,26007.75,26024.0,10608.0
2026-01-27T06:30:00Z,26024.25,26024.75,25998.5,26001.5,7190.0
2026-01-27T07:00:00Z,26002.5,26013.5,25992.25,25999.0,7304.0
2026-01-27T07:30:00Z,25998.75,26020.75,25994.75,26006.25,8243.0
2026-01-27T08:00:00Z,26005.75,26012.0,25974.75,25980.5,12981.0
2026-01-27T08:30:00Z,25981.0,25989.75,25967.0,25984.0,10106.0
2026-01-27T09:00:00Z,25983.5,25995.5,25970.5,25983.25,10995.0
2026-01-27T09:30:00Z,25982.5,25989.0,25967.0,25974.0,7976.0
2026-01-27T10:00:00Z,25974.0,25999.75,25970.25,25997.0,7695.0
2026-01-27T10:30:00Z,25997.5,26007.75,25991.75,26005.75,8067.0
2026-01-27T11:00:00Z,26006.0,26010.0,25991.75,26005.0,7997.0
2026-01-27T11:30:00Z,26005.5,26043.5,26002.0,26032.25,16454.0
2026-01-27T12:00:00Z,26031.5,26033.25,25995.25,25996.25,13777.0
2026-01-27T12:30:00Z,25997.0,26018.25,25991.0,26004.25,12439.0
2026-01-27T13:00:00Z,26004.0,26018.25,26001.0,26002.75,10944.0
2026-01-27T13:30:00Z,26002.5,26008.5,25982.5,25990.25,18081.0
2026-01-27T14:00:00Z,25990.5,26010.0,25979.0,25982.5,31015.0
2026-01-27T14:30:00Z,25982.25,26061.0,25917.25,26054.25,237043.0
2026-01-27T15:00:00Z,26052.75,26077.5,26022.0,26042.5,128161.0
2026-01-27T15:30:00Z,26042.5,26098.5,26039.0,26078.5,95149.0
2026-01-27T16:00:00Z,26078.5,26107.0,26072.75,26090.25,59849.0
2026-01-27T16:30:00Z,26090.75,26100.0,26077.0,26079.75,46542.0
2026-01-27T17:00:00Z,26079.75,26089.0,26050.5,26083.0,62389.0
2026-01-27T17:30:00Z,26082.75,26092.0,26057.75,26061.75,43417.0
2026-01-27T18:00:00Z,26062.25,26087.0,26036.75,26076.5,54526.0
2026-01-27T18:30:00Z,26076.75,26097.0,26076.25,26090.25,30109.0
2026-01-27T19:00:00Z,26090.0,26095.25,26074.0,26092.75,29997.0
2026-01-27T19:30:00Z,26093.0,26099.5,26077.75,26092.25,29128.0
2026-01-27T20:00:00Z,26092.0,26114.5,26083.5,26096.0,37276.0
2026-01-27T20:30:00Z,26096.0,26101.5,26068.25,26075.5,57381.0
2026-01-27T21:00:00Z,26075.5,26106.0,26061.0,26095.25,31775.0
2026-01-27T21:30:00Z,26095.75,26119.0,26093.5,26109.5,11738.0
2026-01-27T23:00:00Z,26112.0,26147.0,26109.5,26135.75,8508.0
2026-01-27T23:30:00Z,26136.5,26142.0,26131.5,26138.25,4271.0
2026-01-28T00:00:00Z,26138.0,26171.25,26135.25,26168.25,10304.0
2026-01-28T00:30:00Z,26168.0,26208.25,26167.25,26206.75,17961.0
2026-01-28T01:00:00Z,26206.75,26228.5,26206.5,26224.0,13132.0
2026-01-28T01:30:00Z,26224.25,26226.0,26201.5,26204.75,9259.0
2026-01-28T02:00:00Z,26205.0,26221.75,26203.25,26213.25,7157.0
2026-01-28T02:30:00Z,26213.25,26221.25,26206.75,26213.75,5212.0
2026-01-28T03:00:00Z,26214.25,26218.5,26196.25,26202.75,5668.0
2026-01-28T03:30:00Z,26202.5,26210.0,26190.25,26199.75,7427.0
2026-01-28T04:00:00Z,26200.0,26227.25,26199.5,26225.25,7761.0
2026-01-28T04:30:00Z,26225.25,26226.5,26213.25,26220.0,4381.0
2026-01-28T05:00:00Z,26225.0,26233.25,26225.0,26231.75,6021.0
2026-01-28T05:30:00Z,26232.0,26248.75,26231.0,26245.75,6419.0
2026-01-28T06:00:00Z,26245.75,26320.75,26245.75,26301.75,28260.0
2026-01-28T06:30:00Z,26302.25,26349.0,26300.5,26302.5,18983.0
2026-01-28T07:00:00Z,26301.75,26324.25,26292.0,26303.75,11471.0
2026-01-28T07:30:00Z,26303.5,26323.0,26288.75,26316.0,9874.0
2026-01-28T08:00:00Z,26315.25,26332.0,26277.0,26302.5,15759.0
2026-01-28T08:30:00Z,26302.0,26315.0,26270.25,26279.75,11660.0
2026-01-28T09:00:00Z,26279.75,26284.75,26255.5,26262.75,12778.0
2026-01-28T09:30:00Z,26262.5,26291.0,26252.0,26285.25,10023.0
2026-01-28T10:00:00Z,26284.75,26296.75,26271.75,26294.0,8307.0
2026-01-28T10:30:00Z,26294.75,26320.75,26292.25,26316.75,9337.0
2026-01-28T11:00:00Z,26317.25,26318.75,26287.5,26309.25,9887.0
2026-01-28T11:30:00Z,26310.0,26326.75,26306.25,26318.5,9180.0
2026-01-28T12:00:00Z,26319.25,26320.75,26265.0,26277.5,22673.0
2026-01-28T12:30:00Z,26279.0,26301.5,26270.5,26281.25,14753.0
2026-01-28T13:00:00Z,26281.75,26306.0,26267.5,26278.75,15037.0
2026-01-28T13:30:00Z,26278.0,26286.25,26255.25,26273.5,21412.0
2026-01-28T14:00:00Z,26273.25,26279.25,26234.0,26253.0,37849.0
2026-01-28T14:30:00Z,26253.0,26305.25,26213.5,26253.5,195549.0
2026-01-28T15:00:00Z,26253.0,26265.5,26207.25,26220.75,125416.0
2026-01-28T15:30:00Z,26220.5,26236.5,26159.0,26162.5,109778.0
2026-01-28T16:00:00Z,26162.5,26198.75,26149.5,26183.0,74740.0
2026-01-28T16:30:00Z,26182.5,26182.5,26100.75,26116.75,84908.0
2026-01-28T17:00:00Z,26116.75,26164.0,26114.0,26127.0,66056.0
2026-01-28T17:30:00Z,26127.25,26164.75,26110.0,26141.25,50386.0
2026-01-28T18:00:00Z,26140.75,26171.0,26122.0,26160.5,41216.0
2026-01-28T18:30:00Z,26160.25,26180.0,26145.25,26168.0,31138.0
2026-01-28T19:00:00Z,26168.0,26196.0,26116.25,26122.25,75810.0
2026-01-28T19:30:00Z,26121.75,26210.75,26111.75,26160.75,141382.0
2026-01-28T20:00:00Z,26160.75,26212.0,26153.5,26174.25,65231.0
2026-01-28T20:30:00Z,26174.25,26188.75,26131.25,26151.0,69079.0
2026-01-28T21:00:00Z,26151.0,26265.0,25996.25,26262.5,115454.0
2026-01-28T21:30:00Z,26262.25,26287.75,26243.5,26268.5,26796.0
2026-01-28T23:00:00Z,26278.0,26294.5,26160.5,26209.0,25242.0
2026-01-28T23:30:00Z,26209.75,26219.0,26159.0,26170.0,21021.0
2026-01-29T00:00:00Z,26169.0,26179.75,26104.75,26170.75,30678.0
2026-01-29T00:30:00Z,26170.5,26171.0,26126.75,26163.0,14582.0
2026-01-29T01:00:00Z,26163.0,26168.5,26085.75,26111.75,19959.0
2026-01-29T01:30:00Z,26112.5,26130.25,26090.75,26128.5,15200.0
2026-01-29T02:00:00Z,26129.25,26176.25,26122.0,26171.25,16976.0
2026-01-29T02:30:00Z,26171.5,26177.25,26147.5,26162.25,11909.0
2026-01-29T03:00:00Z,26161.5,26194.0,26161.5,26183.25,8965.0
2026-01-29T03:30:00Z,26183.5,26199.75,26177.75,26197.75,7014.0
2026-01-29T04:00:00Z,26200.25,26226.5,26195.25,26213.75,7825.0
2026-01-29T04:30:00Z,26214.75,26233.75,26214.5,26229.0,4936.0
2026-01-29T05:00:00Z,26222.0,26233.0,26210.75,26230.25,7175.0
2026-01-29T05:30:00Z,26231.0,26249.75,26227.75,26234.0,8520.0
2026-01-29T06:00:00Z,26233.5,26267.0,26232.75,26255.25,7797.0
2026-01-29T06:30:00Z,26255.25,26262.75,26231.5,26246.75,7078.0
2026-01-29T07:00:00Z,26246.25,26258.5,26231.5,26249.25,7019.0
2026-01-29T07:30:00Z,26249.5,26276.75,26245.0,26255.25,9187.0
2026-01-29T08:00:00Z,26255.25,26280.75,26226.75,26268.75,18166.0
2026-01-29T08:30:00Z,26268.5,26271.5,26233.0,26248.75,11642.0
2026-01-29T09:00:00Z,26248.75,26273.0,26245.0,26252.5,9736.0
2026-01-29T09:30:00Z,26252.25,26266.25,26210.25,26211.5,11114.0
2026-01-29T10:00:00Z,26211.25,26237.25,26197.25,26228.25,14882.0
2026-01-29T10:30:00Z,26228.75,26230.75,26186.75,26191.5,10582.0
2026-01-29T11:00:00Z,26192.0,26206.75,26175.5,26194.0,13596.0
2026-01-29T11:30:00Z,26194.25,26208.5,26178.25,26201.0,12366.0
2026-01-29T12:00:00Z,26201.0,26222.0,26188.25,26198.75,11516.0
2026-01-29T12:30:00Z,26198.75,26200.75,26155.75,26176.0,16184.0
2026-01-29T13:00:00Z,26175.25,26188.5,26150.75,26175.0,14707.0
2026-01-29T13:30:00Z,26175.0,26204.0,26158.75,26194.5,21100.0
2026-01-29T14:00:00Z,26194.5,26197.0,26131.75,26132.75,39004.0
2026-01-29T14:30:00Z,26133.0,26177.25,25858.25,25864.0,333180.0
2026-01-29T15:00:00Z,25864.25,25868.5,25718.25,25735.75,308547.0
2026-01-29T15:30:00Z,25735.5,25753.5,25536.0,25576.75,235534.0
2026-01-29T16:00:00Z,25576.5,25714.25,25537.75,25684.5,198050.0
2026-01-29T16:30:00Z,25684.75,25739.5,25667.0,25711.25,143507.0
2026-01-29T17:00:00Z,25711.5,25853.0,25708.5,25839.0,112467.0
2026-01-29T17:30:00Z,25839.25,25878.75,25749.25,25760.5,123394.0
2026-01-29T18:00:00Z,25760.25,25860.75,25757.75,25846.25,111765.0
2026-01-29T18:30:00Z,25846.25,25890.25,25820.0,25837.75,85598.0
2026-01-29T19:00:00Z,25837.0,25898.5,25820.25,25878.75,71428.0
2026-01-29T19:30:00Z,25878.75,25887.25,25834.25,25849.0,67894.0
2026-01-29T20:00:00Z,25849.75,25881.5,25841.25,25853.25,50574.0
2026-01-29T20:30:00Z,25854.0,26020.0,25846.5,25991.75,99834.0
2026-01-29T21:00:00Z,25997.75,26019.75,25948.0,25987.0,40915.0
2026-01-29T21:30:00Z,25987.0,26040.25,25970.0,25982.5,24664.0
2026-01-29T23:00:00Z,25994.5,26012.25,25884.0,25941.5,24362.0
2026-01-29T23:30:00Z,25942.0,26019.0,25939.75,25972.0,19384.0
2026-01-30T00:00:00Z,25971.5,25991.0,25907.25,25925.25,20622.0
2026-01-30T00:30:00Z,25926.5,25994.0,25914.5,25929.25,17646.0
2026-01-30T01:00:00Z,25930.75,25933.75,25881.0,25886.25,17791.0
2026-01-30T01:30:00Z,25886.5,25890.5,25798.5,25852.5,30224.0
2026-01-30T02:00:00Z,25852.25,25865.75,25751.0,25751.75,31266.0
2026-01-30T02:30:00Z,25751.75,25847.75,25736.25,25843.75,22633.0
2026-01-30T03:00:00Z,25844.25,25888.0,25827.5,25850.0,23641.0
2026-01-30T03:30:00Z,25848.75,25880.0,25843.5,25847.5,13243.0
2026-01-30T04:00:00Z,25847.5,25896.0,25843.0,25879.25,10602.0
2026-01-30T04:30:00Z,25878.75,25896.5,25851.5,25854.0,8454.0
2026-01-30T05:00:00Z,25886.25,25886.5,25849.75,25867.0,9375.0
2026-01-30T05:30:00Z,25866.0,25868.0,25831.5,25833.25,7881.0
2026-01-30T06:00:00Z,25833.25,25839.0,25756.75,25784.25,15783.0
2026-01-30T06:30:00Z,25783.75,25814.25,25736.75,25751.25,18104.0
2026-01-30T07:00:00Z,25751.0,25804.75,25744.0,25761.5,16386.0
2026-01-30T07:30:00Z,25761.5,25780.0,25700.25,25708.75,19732.0
2026-01-30T08:00:00Z,25709.25,25770.25,25681.75,25748.0,23945.0
2026-01-30T08:30:00Z,25748.0,25792.75,25691.5,25768.5,19113.0
2026-01-30T09:00:00Z,25768.75,25787.0,25688.0,25706.0,18204.0
2026-01-30T09:30:00Z,25705.25,25731.25,25649.0,25696.5,20116.0
2026-01-30T10:00:00Z,25697.0,25749.5,25693.25,25728.25,15023.0
2026-01-30T10:30:00Z,25727.5,25790.0,25727.25,25764.25,14484.0
2026-01-30T11:00:00Z,25765.5,25819.75,25763.0,25817.75,13662.0
2026-01-30T11:30:00Z,25817.5,25883.75,25787.25,25870.75,24224.0
2026-01-30T12:00:00Z,25870.25,25905.0,25853.75,25866.0,20907.0
2026-01-30T12:30:00Z,25866.75,25894.75,25821.25,25846.5,21037.0
2026-01-30T13:00:00Z,25846.5,25886.75,25828.0,25841.25,19531.0
2026-01-30T13:30:00Z,25839.25,25864.0,25776.5,25825.75,37763.0
2026-01-30T14:00:00Z,25825.5,25850.0,25805.0,25834.0,37856.0
2026-01-30T14:30:00Z,25834.25,25939.25,25806.75,25828.25,253951.0
2026-01-30T15:00:00Z,25827.5,25925.75,25790.5,25794.0,204300.0
2026-01-30T15:30:00Z,25794.25,25934.25,25770.25,25841.25,201175.0
2026-01-30T16:00:00Z,25841.75,25869.25,25753.25,25798.75,152585.0
2026-01-30T16:30:00Z,25798.75,25859.25,25744.0,25757.5,139144.0
2026-01-30T17:00:00Z,25758.25,25789.75,25685.75,25782.25,147137.0
2026-01-30T17:30:00Z,25782.25,25795.75,25678.5,25679.75,113743.0
2026-01-30T18:00:00Z,25679.5,25714.0,25568.75,25671.0,137812.0
2026-01-30T18:30:00Z,25671.0,25771.5,25600.25,25741.5,129966.0
2026-01-30T19:00:00Z,25741.25,25781.25,25714.75,25716.5,102709.0
2026-01-30T19:30:00Z,25716.5,25738.25,25652.0,25658.0,126917.0
2026-01-30T20:00:00Z,25657.75,25683.0,25571.0,25596.0,109344.0
2026-01-30T20:30:00Z,25596.0,25730.25,25591.0,25674.75,155658.0
2026-01-30T21:00:00Z,25677.25,25707.0,25625.5,25650.25,34289.0
2026-01-30T21:30:00Z,25650.0,25657.0,25629.25,25639.25,7147.0
2026-02-01T23:00:00Z,25423.25,25465.5,25373.25,25434.75,25592.0
2026-02-01T23:30:00Z,25433.5,25570.75,25418.5,25533.5,33424.0
2026-02-02T00:00:00Z,25532.75,25634.25,25487.25,25612.5,37998.0
2026-02-02T00:30:00Z,25613.75,25646.0,25591.75,25604.0,22619.0
2026-02-02T01:00:00Z,25604.5,25637.5,25477.25,25527.0,43681.0
2026-02-02T01:30:00Z,25528.25,25532.25,25398.25,25407.25,43969.0
2026-02-02T02:00:00Z,25407.25,25450.0,25387.0,25420.75,32985.0
2026-02-02T02:30:00Z,25420.5,25448.5,25356.75,25366.75,29320.0
2026-02-02T03:00:00Z,25366.75,25388.0,25315.25,25332.25,26467.0
2026-02-02T03:30:00Z,25333.0,25344.0,25262.25,25280.0,35479.0
2026-02-02T04:00:00Z,25280.75,25333.0,25216.5,25310.25,39612.0
2026-02-02T04:30:00Z,25309.5,25376.0,25307.5,25352.75,20527.0
2026-02-02T05:00:00Z,25341.0,25348.75,25266.0,25273.25,23812.0
2026-02-02T05:30:00Z,25273.0,25283.25,25236.0,25250.25,25072.0
2026-02-02T06:00:00Z,25249.75,25273.75,25186.0,25246.75,28369.0
2026-02-02T06:30:00Z,25245.5,25257.5,25180.25,25233.25,24151.0
2026-02-02T07:00:00Z,25233.75,25307.0,25231.75,25303.0,25668.0
2026-02-02T07:30:00Z,25302.75,25351.25,25276.25,25350.0,19773.0
2026-02-02T08:00:00Z,25348.5,25403.0,25340.5,25390.75,26571.0
2026-02-02T08:30:00Z,25390.75,25423.25,25379.75,25401.0,17018.0
2026-02-02T09:00:00Z,25401.0,25458.5,25355.25,25438.5,26294.0
2026-02-02T09:30:00Z,25437.75,25463.0,25432.25,25454.5,12418.0
2026-02-02T10:00:00Z,25453.5,25472.0,25435.0,25448.5,12832.0
2026-02-02T10:30:00Z,25448.0,25452.75,25390.5,25406.5,15758.0
2026-02-02T11:00:00Z,25407.75,25458.5,25400.0,25457.5,12860.0
2026-02-02T11:30:00Z,25456.5,25492.0,25440.5,25452.5,16931.0
2026-02-02T12:00:00Z,25451.5,25514.75,25449.5,25509.5,18315.0
2026-02-02T12:30:00Z,25509.25,25527.25,25474.5,25488.5,17549.0
2026-02-02T13:00:00Z,25487.25,25501.75,25456.25,25476.5,21807.0
2026-02-02T13:30:00Z,25476.5,25540.0,25456.75,25529.25,22503.0
2026-02-02T14:00:00Z,25529.0,25549.25,25519.5,25542.75,29097.0
2026-02-02T14:30:00Z,25542.0,25799.25,25540.25,25755.75,239317.0
2026-02-02T15:00:00Z,25752.75,25912.25,25714.0,25865.5,171491.0
2026-02-02T15:30:00Z,25865.5,25907.25,25816.25,25840.5,122219.0
2026-02-02T16:00:00Z,25840.5,25898.75,25803.25,25893.25,91259.0
2026-02-02T16:30:00Z,25893.5,25902.0,25836.25,25894.5,70899.0
2026-02-02T17:00:00Z,25894.5,25924.5,25888.5,25915.25,62526.0
2026-02-02T17:30:00Z,25915.5,25941.25,25901.25,25923.5,47786.0
2026-02-02T18:00:00Z,25923.5,25936.75,25897.25,25911.75,38955.0
2026-02-02T18:30:00Z,25911.75,25949.0,25907.0,25941.75,40913.0
2026-02-02T19:00:00Z,25941.75,25945.5,25919.0,25922.0,32274.0
2026-02-02T19:30:00Z,25922.25,25922.5,25841.25,25846.75,63530.0
2026-02-02T20:00:00Z,25846.75,25900.25,25821.5,25864.75,89644.0
2026-02-02T20:30:00Z,25864.25,25868.0,25832.0,25856.25,70724.0
2026-02-02T21:00:00Z,25856.25,25896.75,25835.25,25884.75,36642.0
2026-02-02T21:30:00Z,25884.75,25892.25,25865.75,25873.0,11285.0
2026-02-02T23:00:00Z,25873.25,25940.5,25866.0,25938.75,11257.0
2026-02-02T23:30:00Z,25938.75,25978.75,25931.75,25948.0,16467.0
2026-02-03T00:00:00Z,25948.25,25984.75,25914.5,25973.5,18779.0
2026-02-03T00:30:00Z,25973.25,25977.25,25943.5,25952.5,9349.0
2026-02-03T01:00:00Z,25952.5,25990.75,25951.75,25974.0,12832.0
2026-02-03T01:30:00Z,25973.25,25976.75,25947.5,25959.75,11128.0
2026-02-03T02:00:00Z,25959.0,25959.75,25920.0,25926.75,15711.0
2026-02-03T02:30:00Z,25926.5,25935.75,25900.5,25928.25,15746.0
2026-02-03T03:00:00Z,25927.5,25948.5,25913.0,25939.25,11690.0
2026-02-03T03:30:00Z,25939.25,25964.75,25928.5,25956.25,9270.0
2026-02-03T04:00:00Z,25956.0,25976.75,25952.75,25962.0,6368.0
2026-02-03T04:30:00Z,25962.0,25987.75,25962.0,25978.5,6552.0
2026-02-03T05:00:00Z,25960.75,25978.75,25951.75,25968.75,7479.0
2026-02-03T05:30:00Z,25969.25,25996.75,25965.25,25987.5,6808.0
2026-02-03T06:00:00Z,25987.5,26003.5,25973.0,25986.5,8157.0
2026-02-03T06:30:00Z,25986.0,26008.5,25981.75,25992.0,8501.0
2026-02-03T07:00:00Z,25992.0,26003.25,25974.75,25988.25,10000.0
2026-02-03T07:30:00Z,25988.5,26027.75,25983.75,26012.0,10674.0
2026-02-03T08:00:00Z,26011.75,26024.0,25990.5,26003.0,15077.0
2026-02-03T08:30:00Z,26002.75,26005.0,25969.5,25977.0,11724.0
2026-02-03T09:00:00Z,25976.5,26010.75,25958.0,25964.5,14568.0
2026-02-03T09:30:00Z,25965.75,25979.0,25958.0,25969.75,9161.0
2026-02-03T10:00:00Z,25969.75,25993.5,25966.75,25972.25,8672.0
2026-02-03T10:30:00Z,25970.5,25970.5,25944.5,25956.0,9700.0
2026-02-03T11:00:00Z,25955.75,25966.0,25940.0,25946.25,10111.0
2026-02-03T11:30:00Z,25945.75,25964.0,25935.0,25945.75,10350.0
2026-02-03T12:00:00Z,25945.0,25989.0,25922.75,25986.25,16823.0
2026-02-03T12:30:00Z,25985.75,25997.25,25978.0,25981.75,13119.0
2026-02-03T13:00:00Z,25982.0,26003.5,25973.5,25991.5,16248.0
2026-02-03T13:30:00Z,25991.5,25999.5,25961.5,25967.25,19805.0
2026-02-03T14:00:00Z,25967.25,25978.0,25926.75,25934.0,35379.0
2026-02-03T14:30:00Z,25934.0,25952.5,25623.0,25631.25,322774.0
2026-02-03T15:00:00Z,25632.0,25647.25,25470.25,25547.0,302188.0
2026-02-03T15:30:00Z,25546.5,25631.75,25481.25,25617.5,221077.0
2026-02-03T16:00:00Z,25617.25,25620.0,25493.5,25496.75,150221.0
2026-02-03T16:30:00Z,25496.75,25534.25,25465.75,25491.75,113755.0
2026-02-03T17:00:00Z,25491.5,25502.25,25401.0,25415.25,134613.0
2026-02-03T17:30:00Z,25415.25,25428.0,25344.5,25387.25,122215.0
2026-02-03T18:00:00Z,25387.0,25424.0,25311.75,25331.75,119259.0
2026-02-03T18:30:00Z,25331.75,25331.75,25246.0,25246.25,102033.0
2026-02-03T19:00:00Z,25246.25,25359.25,25218.0,25295.5,167514.0
2026-02-03T19:30:00Z,25295.25,25329.5,25234.25,25316.75,146132.0
2026-02-03T20:00:00Z,25316.25,25343.5,25269.5,25330.5,108145.0
2026-02-03T20:30:00Z,25330.25,25459.25,25328.5,25446.0,127514.0
2026-02-03T21:00:00Z,25445.75,25478.0,25380.5,25425.25,59408.0
2026-02-03T21:30:00Z,25424.75,25428.0,25400.5,25421.5,23763.0
2026-02-03T23:00:00Z,25390.25,25441.5,25361.5,25395.0,16840.0
2026-02-03T23:30:00Z,25394.75,25434.25,25385.25,25427.75,10481.0
2026-02-04T00:00:00Z,25427.25,25435.25,25390.25,25406.75,15548.0
2026-02-04T00:30:00Z,25406.5,25428.75,25375.5,25376.5,11642.0
2026-02-04T01:00:00Z,25376.0,25452.25,25375.5,25444.0,18489.0
2026-02-04T01:30:00Z,25444.5,25455.0,25413.75,25439.0,12948.0
2026-02-04T02:00:00Z,25440.0,25473.5,25415.0,25425.5,16153.0
2026-02-04T02:30:00Z,25425.5,25437.5,25398.75,25413.5,11184.0
2026-02-04T03:00:00Z,25412.75,25436.5,25402.75,25423.0,10509.0
2026-02-04T03:30:00Z,25423.0,25452.5,25411.5,25433.25,10463.0
2026-02-04T04:00:00Z,25433.5,25442.0,25417.0,25424.25,4909.0
2026-02-04T04:30:00Z,25424.25,25448.5,25423.25,25427.5,5041.0
2026-02-04T05:00:00Z,25421.5,25438.25,25416.0,25430.5,5273.0
2026-02-04T05:30:00Z,25431.5,25443.5,25408.25,25442.75,5931.0
2026-02-04T06:00:00Z,25443.25,25465.75,25435.25,25455.75,8117.0
2026-02-04T06:30:00Z,25456.0,25489.75,25447.0,25470.5,11032.0
2026-02-04T07:00:00Z,25470.75,25499.0,25468.25,25490.75,8819.0
2026-02-04T07:30:00Z,25490.75,25514.5,25475.5,25502.75,9963.0
2026-02-04T08:00:00Z,25502.25,25509.75,25408.75,25412.75,25908.0
2026-02-04T08:30:00Z,25412.5,25455.5,25401.0,25425.5,20181.0
2026-02-04T09:00:00Z,25426.0,25449.25,25358.0,25381.75,23884.0
2026-02-04T09:30:00Z,25382.5,25407.25,25355.0,25402.5,15903.0
2026-02-04T10:00:00Z,25402.5,25448.5,25395.0,25443.5,15666.0
2026-02-04T10:30:00Z,25443.75,25466.75,25434.5,25449.5,12933.0
2026-02-04T11:00:00Z,25450.25,25462.75,25436.0,25448.75,9396.0
2026-02-04T11:30:00Z,25449.25,25483.5,25445.0,25474.25,15050.0
2026-02-04T12:00:00Z,25474.25,25491.0,25420.25,25431.0,16143.0
2026-02-04T12:30:00Z,25430.5,25448.25,25396.25,25406.0,17571.0
2026-02-04T13:00:00Z,25406.5,25417.0,25369.5,25393.25,20834.0
2026-02-04T13:30:00Z,25391.75,25417.0,25342.25,25358.25,37266.0
2026-02-04T14:00:00Z,25357.75,25389.25,25325.0,25385.5,49216.0
2026-02-04T14:30:00Z,25385.0,25386.5,25186.0,25200.75,284477.0
2026-02-04T15:00:00Z,25197.5,25305.75,25107.75,25248.25,271596.0
2026-02-04T15:30:00Z,25248.25,25271.0,25119.5,25151.75,219024.0
2026-02-04T16:00:00Z,25152.25,25171.5,25041.75,25130.75,211270.0
2026-02-04T16:30:00Z,25130.75,25137.0,24928.0,25035.75,180152.0
2026-02-04T17:00:00Z,25035.75,25057.5,24873.75,24889.0,160411.0
2026-02-04T17:30:00Z,24889.25,24947.25,24784.0,24874.25,153500.0
2026-02-04T18:00:00Z,24873.75,24950.0,24819.0,24941.5,133785.0
2026-02-04T18:30:00Z,24941.75,24959.0,24833.75,24923.75,131707.0
2026-02-04T19:00:00Z,24923.75,24967.75,24863.25,24963.25,88128.0
2026-02-04T19:30:00Z,24963.0,25115.5,24959.5,25105.75,104640.0
2026-02-04T20:00:00Z,25106.25,25119.25,25020.25,25059.0,77479.0
2026-02-04T20:30:00Z,25059.5,25099.25,24983.0,24997.75,63421.0
2026-02-04T21:00:00Z,24996.75,25064.25,24875.0,25042.5,55714.0
2026-02-04T21:30:00Z,25041.75,25181.25,25036.25,25118.25,28559.0
2026-02-04T23:00:00Z,25067.25,25114.75,25056.25,25095.0,14920.0
2026-02-04T23:30:00Z,25095.5,25125.25,25042.25,25067.75,17325.0
2026-02-05T00:00:00Z,25068.5,25121.0,25030.25,25113.5,17541.0
2026-02-05T00:30:00Z,25114.25,25136.0,25101.5,25108.0,13047.0
2026-02-05T01:00:00Z,25108.75,25169.25,25098.25,25127.0,20778.0
2026-02-05T01:30:00Z,25128.0,25153.25,25116.0,25123.0,11986.0
2026-02-05T02:00:00Z,25123.75,25134.75,24959.25,25060.0,38928.0
2026-02-05T02:30:00Z,25060.25,25094.75,24958.5,24961.75,30215.0
2026-02-05T03:00:00Z,24961.25,25037.0,24947.75,25013.0,25751.0
2026-02-05T03:30:00Z,25013.0,25019.5,24929.0,24947.75,22556.0
2026-02-05T04:00:00Z,24948.75,24986.0,24915.5,24950.25,19022.0
2026-02-05T04:30:00Z,24949.5,25027.0,24940.75,25006.25,16538.0
2026-02-05T05:00:00Z,24986.5,25011.75,24962.5,25002.0,15283.0
2026-02-05T05:30:00Z,25002.5,25045.0,24982.0,24996.5,14538.0
2026-02-05T06:00:00Z,24996.5,25053.0,24992.5,25029.25,13658.0
2026-02-05T06:30:00Z,25027.75,25076.75,25020.75,25072.0,12227.0
2026-02-05T07:00:00Z,25072.25,25089.25,25055.0,25080.5,13272.0
2026-02-05T07:30:00Z,25080.5,25089.0,25040.0,25045.75,13970.0
2026-02-05T08:00:00Z,25044.0,25124.0,25043.25,25092.75,26691.0
2026-02-05T08:30:00Z,25093.25,25113.5,24998.5,24998.75,26338.0
2026-02-05T09:00:00Z,24999.25,25071.75,24978.0,25070.25,23046.0
2026-02-05T09:30:00Z,25070.75,25097.0,25011.0,25028.75,16850.0
2026-02-05T10:00:00Z,25030.25,25092.25,25021.75,25085.0,13580.0
2026-02-05T10:30:00Z,25086.5,25089.0,25026.25,25033.75,13060.0
2026-02-05T11:00:00Z,25033.25,25065.25,25011.25,25021.75,13299.0
2026-02-05T11:30:00Z,25022.0,25034.25,24991.0,25030.0,17475.0
2026-02-05T12:00:00Z,25029.75,25056.5,24880.0,24905.25,35026.0
2026-02-05T12:30:00Z,24904.25,24918.0,24707.75,24793.75,76168.0
2026-02-05T13:00:00Z,24793.25,24839.5,24770.75,24791.0,42611.0
2026-02-05T13:30:00Z,24792.25,24869.0,24758.5,24767.5,61297.0
2026-02-05T14:00:00Z,24767.75,24839.75,24725.25,24770.75,66415.0
2026-02-05T14:30:00Z,24771.0,24961.25,24651.75,24769.5,297845.0
2026-02-05T15:00:00Z,24769.75,24805.5,24550.75,24578.0,284052.0
2026-02-05T15:30:00Z,24578.75,24701.0,24552.5,24635.0,161346.0
2026-02-05T16:00:00Z,24634.5,24783.75,24537.0,24779.5,165854.0
2026-02-05T16:30:00Z,24780.0,24856.75,24730.0,24829.5,132612.0
2026-02-05T17:00:00Z,24829.0,24864.5,24722.75,24837.75,96369.0
2026-02-05T17:30:00Z,24839.0,24887.75,24768.25,24782.5,85338.0
2026-02-05T18:00:00Z,24783.5,24834.5,24710.5,24732.75,73489.0
2026-02-05T18:30:00Z,24732.75,24774.25,24661.75,24700.5,69157.0
2026-02-05T19:00:00Z,24700.5,24839.0,24685.75,24765.0,88795.0
2026-02-05T19:30:00Z,24765.0,24765.0,24672.0,24712.5,87268.0
2026-02-05T20:00:00Z,24712.0,24808.25,24630.5,24637.75,101426.0
2026-02-05T20:30:00Z,24638.25,24674.5,24567.0,24639.0,118410.0
2026-02-05T21:00:00Z,24639.25,24703.75,24528.5,24545.25,76704.0
2026-02-05T21:30:00Z,24544.75,24547.0,24407.0,24425.75,36223.0
2026-02-05T23:00:00Z,24410.0,24475.0,24358.75,24425.25,23816.0
2026-02-05T23:30:00Z,24426.0,24433.0,24293.75,24335.0,31291.0
2026-02-06T00:00:00Z,24335.0,24375.75,24240.5,24369.0,43371.0
2026-02-06T00:30:00Z,24369.25,24408.75,24344.0,24400.25,33048.0
2026-02-06T01:00:00Z,24400.75,24439.75,24340.5,24364.25,33798.0
2026-02-06T01:30:00Z,24365.25,24535.5,24364.5,24530.75,30517.0
2026-02-06T02:00:00Z,24530.0,24571.25,24520.75,24557.25,28110.0
2026-02-06T02:30:00Z,24557.0,24578.25,24510.5,24534.25,20050.0
2026-02-06T03:00:00Z,24533.75,24565.75,24502.25,24521.5,16622.0
2026-02-06T03:30:00Z,24521.75,24554.0,24472.5,24527.0,20001.0
2026-02-06T04:00:00Z,24527.0,24528.25,24486.25,24491.75,11170.0
2026-02-06T04:30:00Z,24491.5,24497.5,24426.25,24448.5,16652.0
2026-02-06T05:00:00Z,24442.75,24491.75,24430.75,24491.0,17994.0
2026-02-06T05:30:00Z,24490.25,24597.25,24487.25,24582.5,16909.0
2026-02-06T06:00:00Z,24582.0,24611.5,24576.75,24596.75,13109.0
2026-02-06T06:30:00Z,24597.0,24614.25,24540.5,24547.75,13459.0
2026-02-06T07:00:00Z,24547.25,24577.25,24506.5,24572.25,18270.0
2026-02-06T07:30:00Z,24571.0,24579.0,24528.0,24557.5,12745.0
2026-02-06T08:00:00Z,24557.5,24591.25,24490.5,24551.5,27029.0
2026-02-06T08:30:00Z,24551.25,24606.0,24529.25,24583.5,19639.0
2026-02-06T09:00:00Z,24584.0,24726.0,24562.0,24722.0,31963.0
2026-02-06T09:30:00Z,24722.25,24783.25,24720.25,24750.5,28021.0
2026-02-06T10:00:00Z,24750.0,24753.0,24713.5,24718.75,16610.0
2026-02-06T10:30:00Z,24719.25,24798.5,24711.25,24795.25,15658.0
2026-02-06T11:00:00Z,24793.5,24833.25,24788.75,24812.25,21757.0
2026-02-06T11:30:00Z,24811.25,24873.25,24809.25,24854.75,23328.0
2026-02-06T12:00:00Z,24854.25,24861.0,24783.75,24794.25,26020.0
2026-02-06T12:30:00Z,24794.5,24823.75,24761.0,24783.0,24730.0
2026-02-06T13:00:00Z,24782.75,24848.5,24757.5,24819.75,27277.0
2026-02-06T13:30:00Z,24820.25,24853.25,24776.5,24798.25,35698.0
2026-02-06T14:00:00Z,24797.5,24817.5,24748.0,24760.25,39473.0
2026-02-06T14:30:00Z,24760.5,24984.0,24700.5,24855.0,265297.0
2026-02-06T15:00:00Z,24854.75,24916.25,24742.0,24904.0,253051.0
2026-02-06T15:30:00Z,24904.25,24962.25,24820.0,24895.75,152933.0
2026-02-06T16:00:00Z,24895.5,25036.5,24880.25,25006.25,126341.0
2026-02-06T16:30:00Z,25006.75,25051.75,24978.75,25000.75,89699.0
2026-02-06T17:00:00Z,25000.75,25075.0,24986.25,25070.0,72843.0
2026-02-06T17:30:00Z,25070.0,25109.0,25036.5,25092.25,68900.0
2026-02-06T18:00:00Z,25092.25,25123.75,25073.75,25089.5,58815.0
2026-02-06T18:30:00Z,25089.75,25110.5,25080.25,25084.25,37729.0
2026-02-06T19:00:00Z,25084.25,25107.75,25065.0,25105.0,40060.0
2026-02-06T19:30:00Z,25105.25,25108.75,25069.25,25069.75,37253.0
2026-02-06T20:00:00Z,25070.5,25128.0,25055.75,25110.75,47715.0
2026-02-06T20:30:00Z,25109.75,25221.5,25099.25,25148.0,97253.0
2026-02-06T21:00:00Z,25147.5,25164.5,25108.5,25111.0,33238.0
2026-02-06T21:30:00Z,25111.0,25163.25,25089.25,25163.25,12321.0
2026-02-08T23:00:00Z,25241.75,25265.5,25232.25,25235.0,12188.0
2026-02-08T23:30:00Z,25235.25,25295.0,25223.5,25275.75,21939.0
2026-02-09T00:00:00Z,25275.25,25347.0,25269.25,25294.75,27429.0
2026-02-09T00:30:00Z,25294.5,25329.75,25257.5,25263.5,16351.0
2026-02-09T01:00:00Z,25263.5,25265.75,25234.5,25237.25,19977.0
2026-02-09T01:30:00Z,25236.5,25263.25,25196.25,25217.75,19771.0
2026-02-09T02:00:00Z,25217.5,25252.5,25207.5,25225.25,14326.0
2026-02-09T02:30:00Z,25226.0,25266.0,25221.0,25228.25,12388.0
2026-02-09T03:00:00Z,25228.25,25242.25,25214.5,25215.25,7780.0
2026-02-09T03:30:00Z,25215.0,25228.25,25188.0,25189.75,12681.0
2026-02-09T04:00:00Z,25190.0,25223.0,25188.75,25213.25,8429.0
2026-02-09T04:30:00Z,25213.75,25214.75,25180.0,25185.25,7926.0
2026-02-09T05:00:00Z,25187.0,25222.5,25176.75,25209.5,9235.0
2026-02-09T05:30:00Z,25208.75,25229.0,25190.25,25215.5,9140.0
2026-02-09T06:00:00Z,25216.0,25222.0,25158.75,25166.75,20422.0
2026-02-09T06:30:00Z,25167.5,25201.0,25156.75,25167.0,12133.0
2026-02-09T07:00:00Z,25167.25,25181.75,25131.75,25139.75,14131.0
2026-02-09T07:30:00Z,25139.5,25174.75,25120.5,25159.25,12572.0
2026-02-09T08:00:00Z,25159.25,25214.75,25154.25,25181.25,20596.0
2026-02-09T08:30:00Z,25181.0,25189.75,25147.5,25161.25,14510.0
2026-02-09T09:00:00Z,25160.0,25185.5,25143.75,25156.5,13126.0
2026-02-09T09:30:00Z,25156.0,25162.75,25074.0,25087.75,19307.0
2026-02-09T10:00:00Z,25088.0,25094.5,25034.5,25038.75,20132.0
2026-02-09T10:30:00Z,25039.25,25055.0,24967.75,25044.0,34938.0
2026-02-09T11:00:00Z,25045.25,25070.25,25020.5,25065.25,17054.0
2026-02-09T11:30:00Z,25064.75,25072.0,25033.75,25047.5,14313.0
2026-02-09T12:00:00Z,25049.25,25099.5,25014.5,25091.5,24372.0
2026-02-09T12:30:00Z,25091.75,25104.75,25072.5,25101.75,15619.0
2026-02-09T13:00:00Z,25101.25,25157.25,25099.5,25121.0,25679.0
2026-02-09T13:30:00Z,25121.0,25123.75,25074.25,25079.0,27791.0
2026-02-09T14:00:00Z,25079.25,25094.25,25038.0,25057.25,42751.0
2026-02-09T14:30:00Z,25057.75,25188.5,24955.5,25113.5,236364.0
2026-02-09T15:00:00Z,25112.5,25254.25,25103.25,25182.5,159318.0
2026-02-09T15:30:00Z,25182.5,25329.0,25181.5,25312.0,105209.0
2026-02-09T16:00:00Z,25312.25,25357.75,25305.5,25356.0,66790.0
2026-02-09T16:30:00Z,25355.75,25405.5,25339.75,25391.0,63754.0
2026-02-09T17:00:00Z,25390.75,25416.75,25378.5,25384.0,51745.0
2026-02-09T17:30:00Z,25384.25,25401.25,25349.5,25355.5,51913.0
2026-02-09T18:00:00Z,25355.0,25382.0,25311.5,25342.75,75295.0
2026-02-09T18:30:00Z,25342.5,25389.0,25330.5,25369.75,51008.0
2026-02-09T19:00:00Z,25370.0,25423.75,25363.75,25418.25,47301.0
2026-02-09T19:30:00Z,25418.25,25429.0,25397.25,25399.0,33748.0
2026-02-09T20:00:00Z,25399.5,25413.75,25354.5,25364.0,47891.0
2026-02-09T20:30:00Z,25364.25,25392.5,25334.0,25338.5,86978.0
2026-02-09T21:00:00Z,25338.0,25374.75,25336.0,25364.75,23220.0
2026-02-09T21:30:00Z,25364.75,25372.0,25359.0,25361.5,7747.0
2026-02-09T23:00:00Z,25361.25,25396.25,25340.75,25352.5,12651.0
2026-02-09T23:30:00Z,25351.75,25373.75,25328.0,25345.0,15518.0
2026-02-10T00:00:00Z,25344.5,25362.75,25315.0,25327.25,14623.0
2026-02-10T00:30:00Z,25326.75,25343.25,25312.0,25334.5,11514.0
2026-02-10T01:00:00Z,25335.25,25342.25,25313.25,25317.25,12218.0
2026-02-10T01:30:00Z,25316.75,25352.25,25300.0,25334.75,20717.0
2026-02-10T02:00:00Z,25334.5,25336.0,25308.5,25320.75,8754.0
2026-02-10T02:30:00Z,25320.5,25323.25,25287.0,25306.0,11877.0
2026-02-10T03:00:00Z,25307.75,25309.0,25278.5,25291.0,9935.0
2026-02-10T03:30:00Z,25290.5,25313.75,25287.0,25300.0,7448.0
2026-02-10T04:00:00Z,25299.5,25323.5,25298.75,25321.25,6181.0
2026-02-10T04:30:00Z,25320.5,25347.25,25314.25,25343.5,7390.0
2026-02-10T05:00:00Z,25334.25,25337.25,25312.25,25315.25,7780.0
2026-02-10T05:30:00Z,25314.75,25358.0,25311.75,25352.5,11953.0
2026-02-10T06:00:00Z,25352.25,25354.0,25309.75,25319.25,9104.0
2026-02-10T06:30:00Z,25318.75,25327.25,25291.25,25313.25,9437.0
2026-02-10T07:00:00Z,25314.0,25339.5,25306.75,25330.5,10400.0
2026-02-10T07:30:00Z,25330.75,25349.25,25326.25,25349.25,5852.0
2026-02-10T08:00:00Z,25349.25,25367.5,25321.75,25340.75,18915.0
2026-02-10T08:30:00Z,25340.75,25353.75,25326.25,25334.5,11759.0
2026-02-10T09:00:00Z,25334.0,25405.75,25334.0,25396.0,15557.0
2026-02-10T09:30:00Z,25395.25,25399.0,25353.75,25363.5,10543.0
2026-02-10T10:00:00Z,25363.75,25367.5,25341.75,25362.75,15247.0
2026-02-10T10:30:00Z,25362.75,25374.75,25343.25,25355.5,12319.0
2026-02-10T11:00:00Z,25355.5,25363.75,25333.0,25353.25,11821.0
2026-02-10T11:30:00Z,25352.75,25373.75,25351.0,25370.0,8009.0
2026-02-10T12:00:00Z,25370.0,25415.5,25369.0,25414.5,14635.0
2026-02-10T12:30:00Z,25415.0,25421.75,25337.75,25338.25,29881.0
2026-02-10T13:00:00Z,25339.25,25342.5,25292.5,25332.0,34323.0
2026-02-10T13:30:00Z,25330.75,25374.5,25301.5,25372.75,37194.0
2026-02-10T14:00:00Z,25372.5,25398.0,25367.25,25376.0,34240.0
2026-02-10T14:30:00Z,25376.0,25410.25,25251.25,25391.75,284124.0
2026-02-10T15:00:00Z,25392.0,25447.0,25356.25,25400.75,198169.0
2026-02-10T15:30:00Z,25401.25,25438.75,25347.75,25374.75,143944.0
2026-02-10T16:00:00Z,25375.0,25401.25,25331.25,25351.0,125216.0
2026-02-10T16:30:00Z,25350.25,25367.0,25316.75,25327.25,105165.0
2026-02-10T17:00:00Z,25327.25,25385.75,25305.0,25367.5,78001.0
2026-02-10T17:30:00Z,25367.25,25397.75,25352.75,25383.75,51643.0
2026-02-10T18:00:00Z,25383.5,25385.25,25288.5,25292.25,85873.0
2026-02-10T18:30:00Z,25292.0,25322.75,25271.0,25312.75,89977.0
2026-02-10T19:00:00Z,25312.5,25323.0,25274.5,25300.0,63526.0
2026-02-10T19:30:00Z,25300.0,25313.25,25274.5,25294.25,49166.0
2026-02-10T20:00:00Z,25294.25,25297.0,25243.5,25254.5,66767.0
2026-02-10T20:30:00Z,25253.25,25268.5,25197.5,25219.0,103117.0
2026-02-10T21:00:00Z,25219.25,25239.75,25208.5,25231.5,23531.0
2026-02-10T21:30:00Z,25232.5,25260.0,25231.25,25257.75,8249.0
2026-02-10T23:00:00Z,25254.0,25287.5,25254.0,25278.5,7938.0
2026-02-10T23:30:00Z,25278.0,25285.0,25268.5,25273.25,7441.0
2026-02-11T00:00:00Z,25273.25,25286.25,25265.75,25277.0,7551.0
2026-02-11T00:30:00Z,25277.0,25296.5,25275.75,25290.0,5391.0
2026-02-11T01:00:00Z,25290.75,25314.5,25290.5,25305.75,8765.0
2026-02-11T01:30:00Z,25305.25,25326.25,25300.25,25315.5,8920.0
2026-02-11T02:00:00Z,25316.0,25330.0,25308.0,25320.0,8276.0
2026-02-11T02:30:00Z,25319.5,25327.5,25306.0,25322.0,6801.0
2026-02-11T03:00:00Z,25321.5,25325.5,25303.0,25322.5,7016.0
2026-02-11T03:30:00Z,25322.5,25345.25,25316.75,25338.0,8592.0
2026-02-11T04:00:00Z,25337.75,25340.25,25312.0,25313.5,6744.0
2026-02-11T04:30:00Z,25314.0,25317.5,25295.5,25304.25,7380.0
2026-02-11T05:00:00Z,25316.0,25325.5,25302.0,25305.0,6712.0
2026-02-11T05:30:00Z,25305.25,25307.0,25278.75,25286.75,7954.0
2026-02-11T06:00:00Z,25287.25,25316.5,25273.5,25275.25,10048.0
2026-02-11T06:30:00Z,25275.5,25286.5,25266.75,25269.25,6745.0
2026-02-11T07:00:00Z,25269.25,25290.25,25252.75,25284.0,9827.0
2026-02-11T07:30:00Z,25284.25,25285.5,25260.5,25270.5,7244.0
2026-02-11T08:00:00Z,25270.75,25279.5,25209.5,25236.0,18915.0
2026-02-11T08:30:00Z,25237.75,25266.5,25237.5,25250.5,9177.0
2026-02-11T09:00:00Z,25250.25,25279.0,25236.25,25254.0,13027.0
2026-02-11T09:30:00Z,25254.75,25257.25,25204.0,25204.75,15311.0
2026-02-11T10:00:00Z,25204.5,25206.75,25147.0,25190.75,26726.0
2026-02-11T10:30:00Z,25191.5,25207.5,25166.25,25207.5,12771.0
2026-02-11T11:00:00Z,25207.25,25248.5,25205.5,25248.25,14024.0
2026-02-11T11:30:00Z,25247.75,25250.5,25206.25,25209.0,14784.0
2026-02-11T12:00:00Z,25209.25,25276.75,25205.5,25252.75,19882.0
2026-02-11T12:30:00Z,25252.5,25259.5,25222.75,25247.25,13955.0
2026-02-11T13:00:00Z,25247.25,25270.5,25225.5,25247.0,14186.0
2026-02-11T13:30:00Z,25241.5,25451.5,25225.0,25443.5,86195.0
2026-02-11T14:00:00Z,25443.5,25446.5,25407.5,25419.0,43399.0
2026-02-11T14:30:00Z,25418.75,25465.5,25290.0,25305.0,263383.0
2026-02-11T15:00:00Z,25305.0,25342.75,25058.0,25076.75,280179.0
2026-02-11T15:30:00Z,25076.75,25271.0,25067.75,25244.75,240800.0
2026-02-11T16:00:00Z,25244.5,25275.25,25182.0,25193.25,158652.0
2026-02-11T16:30:00Z,25193.0,25256.5,25175.0,25180.75,115188.0
2026-02-11T17:00:00Z,25180.25,25297.0,25142.0,25289.5,128462.0
2026-02-11T17:30:00Z,25289.75,25325.0,25255.5,25264.5,84663.0
2026-02-11T18:00:00Z,25264.25,25280.0,25200.75,25276.5,96998.0
2026-02-11T18:30:00Z,25276.25,25312.5,25254.25,25301.5,75495.0
2026-02-11T19:00:00Z,25301.5,25360.75,25257.75,25348.75,73614.0
2026-02-11T19:30:00Z,25349.0,25356.5,25281.5,25309.0,68693.0
2026-02-11T20:00:00Z,25308.75,25322.75,25283.75,25285.0,47145.0
2026-02-11T20:30:00Z,25284.75,25321.75,25272.0,25278.25,79529.0
2026-02-11T21:00:00Z,25278.5,25308.0,25268.25,25286.75,29643.0
2026-02-11T21:30:00Z,25287.25,25295.75,25277.0,25277.75,9370.0
2026-02-11T23:00:00Z,25281.75,25294.5,25237.25,25238.25,12000.0
2026-02-11T23:30:00Z,25238.25,25288.5,25205.5,25235.0,16741.0
2026-02-12T00:00:00Z,25234.5,25254.75,25213.75,25230.0,14841.0
2026-02-12T00:30:00Z,25230.75,25273.5,25230.75,25265.0,11779.0
2026-02-12T01:00:00Z,25265.5,25288.5,25242.5,25281.5,14297.0
2026-02-12T01:30:00Z,25280.0,25314.75,25274.0,25300.0,15197.0
2026-02-12T02:00:00Z,25301.5,25310.25,25269.0,25281.25,10964.0
2026-02-12T02:30:00Z,25282.75,25298.75,25269.25,25293.0,7500.0
2026-02-12T03:00:00Z,25293.25,25307.25,25282.0,25305.5,7946.0
2026-02-12T03:30:00Z,25306.0,25321.0,25303.5,25310.75,6786.0
2026-02-12T04:00:00Z,25310.25,25339.5,25303.0,25338.0,8998.0
2026-02-12T04:30:00Z,25338.0,25338.5,25316.25,25328.5,5536.0
2026-02-12T05:00:00Z,25334.25,25344.25,25331.0,25333.25,5288.0
2026-02-12T05:30:00Z,25333.0,25344.5,25327.5,25339.0,5710.0
2026-02-12T06:00:00Z,25339.0,25344.5,25312.0,25320.5,9349.0
2026-02-12T06:30:00Z,25321.75,25333.25,25292.5,25320.25,11275.0
2026-02-12T07:00:00Z,25320.75,25357.25,25313.25,25351.0,10074.0
2026-02-12T07:30:00Z,25350.5,25359.25,25342.0,25350.25,6998.0
2026-02-12T08:00:00Z,25350.5,25369.5,25339.5,25345.0,15475.0
2026-02-12T08:30:00Z,25344.75,25360.5,25324.5,25353.5,10217.0
2026-02-12T09:00:00Z,25353.25,25364.5,25340.5,25348.25,9016.0
2026-02-12T09:30:00Z,25349.0,25360.75,25329.5,25355.0,8273.0
2026-02-12T10:00:00Z,25355.0,25374.0,25334.5,25337.75,10030.0
2026-02-12T10:30:00Z,25348.5,25351.75,25339.75,25349.5,5935.0
2026-02-12T11:00:00Z,25350.0,25371.0,25338.0,25366.75,9030.0
2026-02-12T11:30:00Z,25367.0,25370.5,25342.0,25366.5,8161.0
2026-02-12T12:00:00Z,25366.25,25368.75,25343.0,25364.5,9610.0
2026-02-12T12:30:00Z,25364.5,25384.0,25351.5,25357.0,15340.0
2026-02-12T13:00:00Z,25356.75,25358.5,25320.0,25343.5,18599.0
2026-02-12T13:30:00Z,25342.25,25420.0,25332.5,25395.5,43114.0
2026-02-12T14:00:00Z,25395.75,25400.25,25346.0,25347.0,34066.0
2026-02-12T14:30:00Z,25346.75,25393.75,25186.25,25206.25,273865.0
2026-02-12T15:00:00Z,25208.25,25260.25,25170.0,25232.25,208835.0
2026-02-12T15:30:00Z,25233.0,25254.25,25006.5,25010.75,212167.0
2026-02-12T16:00:00Z,25011.25,25032.25,24811.5,24818.75,259511.0
2026-02-12T16:30:00Z,24819.0,24920.0,24805.5,24878.75,203672.0
2026-02-12T17:00:00Z,24878.5,24923.5,24832.0,24871.25,143973.0
2026-02-12T17:30:00Z,24871.25,24940.75,24824.0,24825.5,119963.0
2026-02-12T18:00:00Z,24825.25,24881.5,24801.0,24841.75,119810.0
2026-02-12T18:30:00Z,24843.0,24929.75,24824.75,24905.5,95992.0
2026-02-12T19:00:00Z,24906.5,24928.25,24846.0,24871.75,87915.0
2026-02-12T19:30:00Z,24871.0,24944.0,24870.5,24898.5,87231.0
2026-02-12T20:00:00Z,24898.75,24912.75,24796.75,24804.75,83257.0
2026-02-12T20:30:00Z,24804.75,24834.75,24721.5,24762.75,129483.0
2026-02-12T21:00:00Z,24764.25,24823.25,24744.0,24823.25,39879.0
2026-02-12T21:30:00Z,24822.75,24839.0,24817.75,24822.0,14597.0
2026-02-12T22:00:00Z,24822.0,24822.0,24822.0,24822.0,1.0
2026-02-12T23:00:00Z,24838.75,24855.5,24800.0,24840.75,14741.0
2026-02-12T23:30:00Z,24841.5,24849.25,24744.5,24823.25,26073.0
2026-02-13T00:00:00Z,24823.0,24864.5,24765.5,24781.25,28640.0
2026-02-13T00:30:00Z,24781.25,24796.25,24708.5,24731.0,30219.0
2026-02-13T01:00:00Z,24731.75,24820.25,24730.0,24798.0,29709.0
2026-02-13T01:30:00Z,24797.25,24822.5,24764.75,24787.0,19979.0
2026-02-13T02:00:00Z,24786.5,24825.75,24785.75,24812.75,15650.0
2026-02-13T02:30:00Z,24812.5,24832.25,24794.75,24802.5,10931.0
2026-02-13T03:00:00Z,24803.5,24820.5,24770.0,24776.25,10928.0
2026-02-13T03:30:00Z,24776.0,24796.5,24744.75,24749.75,11216.0
2026-02-13T04:00:00Z,24750.25,24803.25,24743.75,24783.75,10863.0
2026-02-13T04:30:00Z,24783.75,24788.25,24753.0,24762.0,8393.0
2026-02-13T05:00:00Z,24759.0,24768.0,24705.25,24707.25,13754.0
2026-02-13T05:30:00Z,24707.5,24736.75,24690.75,24711.75,18883.0
2026-02-13T06:00:00Z,24711.75,24732.0,24677.25,24686.25,15792.0
2026-02-13T06:30:00Z,24686.25,24723.25,24642.75,24713.75,20262.0
2026-02-13T07:00:00Z,24713.25,24763.0,24711.25,24738.75,17854.0
2026-02-13T07:30:00Z,24739.0,24750.25,24714.25,24746.75,11987.0
2026-02-13T08:00:00Z,24747.75,24775.75,24674.5,24744.5,30040.0
2026-02-13T08:30:00Z,24743.5,24784.0,24715.75,24775.25,19318.0
2026-02-13T09:00:00Z,24775.75,24807.0,24731.0,24794.25,18446.0
2026-02-13T09:30:00Z,24794.75,24808.75,24765.75,24774.5,14456.0
2026-02-13T10:00:00Z,24773.25,24799.5,24759.5,24788.0,10871.0
2026-02-13T10:30:00Z,24788.5,24793.25,24727.25,24729.25,14599.0
2026-02-13T11:00:00Z,24729.75,24738.75,24650.75,24663.75,26818.0
2026-02-13T11:30:00Z,24663.25,24723.25,24624.25,24720.75,26642.0
2026-02-13T12:00:00Z,24720.5,24745.5,24670.75,24706.5,25019.0
2026-02-13T12:30:00Z,24707.25,24735.5,24666.5,24695.5,23470.0
2026-02-13T13:00:00Z,24695.75,24719.5,24620.0,24697.0,36106.0
2026-02-13T13:30:00Z,24703.25,24824.5,24697.5,24781.25,93467.0
2026-02-13T14:00:00Z,24781.0,24820.5,24716.0,24742.25,64495.0
2026-02-13T14:30:00Z,24742.75,24849.75,24578.75,24698.5,327126.0
2026-02-13T15:00:00Z,24699.0,24870.75,24691.75,24849.0,207991.0
2026-02-13T15:30:00Z,24848.5,24929.25,24720.25,24811.0,209170.0
2026-02-13T16:00:00Z,24810.75,24888.5,24762.75,24851.5,155864.0
2026-02-13T16:30:00Z,24850.0,24934.75,24810.5,24894.5,114492.0
2026-02-13T17:00:00Z,24894.25,24969.75,24883.25,24949.75,92929.0
2026-02-13T17:30:00Z,24950.5,24994.0,24932.0,24938.25,79574.0
2026-02-13T18:00:00Z,24939.0,24991.25,24900.5,24955.0,94530.0
2026-02-13T18:30:00Z,24955.0,24995.5,24923.0,24939.75,76610.0
2026-02-13T19:00:00Z,24940.0,24968.75,24912.25,24924.5,73244.0
2026-02-13T19:30:00Z,24924.25,24949.25,24848.0,24852.75,86714.0
2026-02-13T20:00:00Z,24853.25,24890.75,24754.25,24765.25,101711.0
2026-02-13T20:30:00Z,24765.25,24812.0,24731.5,24803.5,142019.0
2026-02-13T21:00:00Z,24802.5,24828.25,24775.75,24781.25,29744.0
2026-02-13T21:30:00Z,24782.0,24795.5,24770.75,24772.75,8545.0
2026-02-15T23:00:00Z,24803.25,24803.25,24803.25,24803.25,0.0
2026-02-15T23:30:00Z,24818.5,24839.5,24793.0,24836.25,15729.0
2026-02-16T00:00:00Z,24836.25,24848.0,24809.25,24839.5,17238.0
2026-02-16T00:30:00Z,24839.5,24849.0,24827.5,24834.75,7908.0
2026-02-16T01:00:00Z,24834.5,24847.25,24821.75,24834.25,7788.0
2026-02-16T01:30:00Z,24834.5,24868.75,24827.0,24860.25,9201.0
2026-02-16T02:00:00Z,24860.5,24872.5,24836.75,24844.25,10469.0
2026-02-16T02:30:00Z,24843.25,24850.25,24827.0,24831.25,5947.0
2026-02-16T03:00:00Z,24831.25,24836.5,24814.75,24816.75,6828.0
2026-02-16T03:30:00Z,24816.75,24825.0,24808.25,24824.0,7021.0
2026-02-16T04:00:00Z,24823.5,24839.5,24818.5,24836.75,8546.0
2026-02-16T04:30:00Z,24837.25,24840.5,24820.5,24826.5,4661.0
2026-02-17T05:00:00Z,24622.75,24626.0,24567.5,24598.0,14680.0
2026-02-17T05:30:00Z,24598.5,24612.0,24558.0,24582.0,19621.0
2026-02-17T06:00:00Z,24581.75,24634.0,24581.5,24610.0,12862.0
2026-02-17T06:30:00Z,24610.25,24640.75,24601.0,24629.25,10766.0
2026-02-17T07:00:00Z,24629.25,24631.0,24584.75,24593.5,13807.0
2026-02-17T07:30:00Z,24592.75,24664.0,24584.0,24660.0,17578.0
2026-02-17T08:00:00Z,24660.25,24727.0,24652.5,24686.25,25830.0
2026-02-17T08:30:00Z,24686.5,24690.5,24624.0,24639.75,18515.0
2026-02-17T09:00:00Z,24640.5,24679.75,24636.0,24671.25,17363.0
2026-02-17T09:30:00Z,24671.75,24696.0,24667.5,24685.75,11239.0
2026-02-17T10:00:00Z,24686.5,24697.5,24647.0,24662.0,9197.0
2026-02-17T10:30:00Z,24661.25,24661.5,24590.5,24606.5,16718.0
2026-02-17T11:00:00Z,24605.5,24623.75,24572.0,24618.75,18456.0
2026-02-17T11:30:00Z,24618.5,24637.0,24600.0,24623.0,13535.0
2026-02-17T12:00:00Z,24623.25,24667.5,24609.0,24619.25,19432.0
2026-02-17T12:30:00Z,24620.0,24622.0,24576.75,24584.75,21312.0
2026-02-17T13:00:00Z,24584.25,24623.0,24518.0,24605.75,45204.0
2026-02-17T13:30:00Z,24609.25,24703.75,24577.0,24612.5,60801.0
2026-02-17T14:00:00Z,24612.75,24671.0,24611.5,24658.5,46747.0
2026-02-17T14:30:00Z,24658.75,24815.5,24475.75,24484.75,294722.0
2026-02-17T15:00:00Z,24484.25,24641.25,24461.25,24527.25,230626.0
2026-02-17T15:30:00Z,24526.0,24603.75,24449.25,24600.0,181594.0
2026-02-17T16:00:00Z,24599.5,24796.5,24592.75,24727.5,163063.0
2026-02-17T16:30:00Z,24727.5,24787.75,24693.0,24759.5,116910.0
2026-02-17T17:00:00Z,24759.5,24765.5,24669.0,24755.5,92420.0
2026-02-17T17:30:00Z,24756.25,24760.0,24608.5,24697.5,115661.0
2026-02-17T18:00:00Z,24697.75,24785.25,24649.0,24767.75,102758.0
2026-02-17T18:30:00Z,24768.25,24872.75,24750.5,24845.25,98959.0
2026-02-17T19:00:00Z,24845.5,24867.5,24826.75,24835.75,67812.0
2026-02-17T19:30:00Z,24836.0,24889.5,24807.25,24814.75,68945.0
2026-02-17T20:00:00Z,24814.75,24842.0,24765.5,24773.0,77291.0
2026-02-17T20:30:00Z,24773.5,24796.0,24735.75,24776.75,90657.0
2026-02-17T21:00:00Z,24779.0,24818.5,24764.75,24788.5,35601.0
2026-02-17T21:30:00Z,24788.25,24789.0,24755.0,24770.25,13317.0
2026-02-17T23:00:00Z,24786.0,24786.0,24722.75,24742.75,12170.0
2026-02-17T23:30:00Z,24743.25,24756.25,24702.0,24710.75,16660.0
2026-02-18T00:00:00Z,24711.0,24755.0,24707.75,24738.25,16670.0
2026-02-18T00:30:00Z,24738.25,24753.25,24714.5,24726.75,14437.0
2026-02-18T01:00:00Z,24725.75,24741.5,24709.25,24718.0,11069.0
2026-02-18T01:30:00Z,24718.25,24746.25,24710.0,24744.5,8068.0
2026-02-18T02:00:00Z,24744.5,24762.5,24735.0,24748.5,9731.0
2026-02-18T02:30:00Z,24749.0,24771.5,24748.5,24758.0,7223.0
2026-02-18T03:00:00Z,24758.75,24770.25,24736.25,24747.25,7758.0
2026-02-18T03:30:00Z,24747.75,24799.0,24745.0,24793.0,9450.0
2026-02-18T04:00:00Z,24793.25,24818.5,24783.75,24813.0,9308.0
2026-02-18T04:30:00Z,24813.0,24840.5,24811.0,24837.5,8260.0
2026-02-18T05:00:00Z,24828.25,24840.0,24825.75,24830.75,5716.0
2026-02-18T05:30:00Z,24830.75,24844.5,24820.0,24824.75,6632.0
2026-02-18T06:00:00Z,24825.25,24830.75,24809.0,24825.25,8000.0
2026-02-18T06:30:00Z,24825.25,24848.25,24812.0,24824.0,7351.0
2026-02-18T07:00:00Z,24823.5,24828.75,24802.0,24822.5,7805.0
2026-02-18T07:30:00Z,24823.0,24842.0,24819.25,24833.5,5946.0
2026-02-18T08:00:00Z,24833.75,24915.5,24832.75,24896.75,25263.0
2026-02-18T08:30:00Z,24895.25,24916.5,24889.75,24903.5,12276.0
2026-02-18T09:00:00Z,24903.25,24926.25,24899.5,24919.25,14287.0
2026-02-18T09:30:00Z,24919.25,24942.0,24905.75,24909.25,13251.0
2026-02-18T10:00:00Z,24909.25,24938.0,24907.75,24932.25,8957.0
2026-02-18T10:30:00Z,24933.0,24940.0,24913.5,24922.0,9067.0
2026-02-18T11:00:00Z,24921.75,24928.5,24896.5,24907.5,10584.0
2026-02-18T11:30:00Z,24908.0,24916.75,24889.0,24895.0,10650.0
2026-02-18T12:00:00Z,24895.0,24962.25,24893.75,24901.25,30458.0
2026-02-18T12:30:00Z,24901.5,24903.5,24844.0,24889.75,30821.0
2026-02-18T13:00:00Z,24890.25,24902.0,24867.0,24894.75,19444.0
2026-02-18T13:30:00Z,24895.75,24921.75,24817.0,24828.0,42713.0
2026-02-18T14:00:00Z,24828.25,24848.5,24807.5,24808.75,37013.0
2026-02-18T14:30:00Z,24808.75,24958.75,24752.0,24940.5,274584.0
2026-02-18T15:00:00Z,24941.0,25074.75,24937.0,25057.5,166856.0
2026-02-18T15:30:00Z,25057.25,25099.5,25021.25,25086.25,110237.0
2026-02-18T16:00:00Z,25086.5,25116.0,25077.0,25093.5,79416.0
2026-02-18T16:30:00Z,25094.0,25118.75,25057.75,25061.25,71684.0
2026-02-18T17:00:00Z,25061.75,25128.5,25058.0,25090.0,78114.0
2026-02-18T17:30:00Z,25089.5,25114.5,25069.75,25097.75,47386.0
2026-02-18T18:00:00Z,25097.5,25127.5,25051.0,25063.25,59692.0
2026-02-18T18:30:00Z,25063.5,25076.25,24982.0,25027.25,93574.0
2026-02-18T19:00:00Z,25027.75,25036.75,24985.5,24992.0,71340.0
2026-02-18T19:30:00Z,24991.75,25000.5,24861.75,24883.0,120352.0
2026-02-18T20:00:00Z,24884.0,24921.25,24856.0,24876.0,83933.0
2026-02-18T20:30:00Z,24875.75,24997.75,24871.0,24957.5,100377.0
2026-02-18T21:00:00Z,24957.5,24967.0,24929.25,24939.0,22991.0
2026-02-18T21:30:00Z,24938.5,24950.75,24926.25,24937.0,7755.0
2026-02-18T23:00:00Z,24940.25,24994.75,24940.25,24981.0,11428.0
2026-02-18T23:30:00Z,24981.25,24989.25,24961.75,24964.25,10319.0
2026-02-19T00:00:00Z,24964.5,24974.0,24916.25,24925.25,16791.0
2026-02-19T00:30:00Z,24926.25,24951.75,24920.75,24947.5,11518.0
2026-02-19T01:00:00Z,24946.75,24994.75,24939.25,24962.75,16865.0
2026-02-19T01:30:00Z,24963.0,24973.75,24937.75,24973.5,13734.0
2026-02-19T02:00:00Z,24973.0,24985.5,24953.0,24982.75,10021.0
2026-02-19T02:30:00Z,24982.75,24988.5,24969.5,24979.75,6328.0
2026-02-19T03:00:00Z,24979.75,24996.5,24974.25,24995.25,6442.0
2026-02-19T03:30:00Z,24995.0,24999.5,24966.25,24984.0,9545.0
2026-02-19T04:00:00Z,24984.75,24994.5,24973.0,24973.0,6214.0
2026-02-19T04:30:00Z,24973.75,24983.0,24953.5,24957.0,6951.0
2026-02-19T05:00:00Z,24947.5,24976.0,24943.25,24974.0,9265.0
2026-02-19T05:30:00Z,24973.5,25004.5,24973.25,24996.5,8704.0
2026-02-19T06:00:00Z,24996.0,25003.75,24987.5,24998.25,6236.0
2026-02-19T06:30:00Z,24998.25,25022.25,24996.75,25018.75,10940.0
2026-02-19T07:00:00Z,25019.5,25045.5,25007.5,25040.75,10100.0
2026-02-19T07:30:00Z,25040.5,25048.0,25018.0,25019.5,8595.0
2026-02-19T08:00:00Z,25019.75,25054.25,25012.25,25039.0,15061.0
2026-02-19T08:30:00Z,25039.25,25049.0,24945.0,24954.75,20294.0
2026-02-19T09:00:00Z,24955.25,24974.25,24929.25,24934.75,21124.0
2026-02-19T09:30:00Z,24934.75,24948.25,24850.5,24893.0,28907.0
2026-02-19T10:00:00Z,24892.5,24902.75,24832.25,24840.25,26323.0
2026-02-19T10:30:00Z,24840.5,24870.75,24825.25,24854.5,19860.0
2026-02-19T11:00:00Z,24855.0,24883.5,24836.25,24873.75,16092.0
2026-02-19T11:30:00Z,24873.75,24885.75,24843.25,24879.0,12941.0
2026-02-19T12:00:00Z,24878.25,24897.5,24814.0,24880.0,26312.0
2026-02-19T12:30:00Z,24879.75,24896.0,24865.5,24868.5,15417.0
2026-02-19T13:00:00Z,24869.0,24878.25,24810.75,24829.0,24515.0
2026-02-19T13:30:00Z,24831.5,24881.0,24796.25,24854.0,41891.0
2026-02-19T14:00:00Z,24854.0,24874.0,24828.0,24833.25,38722.0
2026-02-19T14:30:00Z,24834.0,24920.0,24762.5,24881.75,254773.0
2026-02-19T15:00:00Z,24880.25,24950.5,24842.25,24858.5,207970.0
2026-02-19T15:30:00Z,24858.75,24944.5,24849.5,24924.5,144697.0
2026-02-19T16:00:00Z,24924.75,24961.75,24852.0,24873.5,128308.0
2026-02-19T16:30:00Z,24874.25,24921.0,24801.75,24843.5,134864.0
2026-02-19T17:00:00Z,24844.5,24905.0,24810.25,24860.25,100653.0
2026-02-19T17:30:00Z,24860.25,24870.75,24765.0,24780.75,106211.0
2026-02-19T18:00:00Z,24780.5,24839.25,24748.0,24788.5,104967.0
2026-02-19T18:30:00Z,24788.5,24849.0,24766.25,24840.75,79323.0
2026-02-19T19:00:00Z,24841.25,24850.0,24794.75,24808.5,66886.0
2026-02-19T19:30:00Z,24808.75,24825.5,24751.5,24782.25,83965.0
2026-02-19T20:00:00Z,24782.0,24821.25,24777.0,24788.25,67568.0
2026-02-19T20:30:00Z,24787.5,24865.75,24782.75,24863.0,79484.0
2026-02-19T21:00:00Z,24863.75,24872.0,24830.5,24848.0,34437.0
2026-02-19T21:30:00Z,24849.0,24849.0,24828.25,24836.25,11304.0
2026-02-19T23:00:00Z,24844.0,24867.5,24825.25,24859.25,9747.0
2026-02-19T23:30:00Z,24859.75,24888.75,24857.75,24878.25,10132.0
2026-02-20T00:00:00Z,24877.25,24895.75,24858.0,24890.0,17335.0
2026-02-20T00:30:00Z,24890.0,24913.25,24889.25,24901.5,10788.0
2026-02-20T01:00:00Z,24901.0,24936.0,24897.75,24921.25,14169.0
2026-02-20T01:30:00Z,24920.5,24926.0,24891.0,24906.5,11557.0
2026-02-20T02:00:00Z,24907.0,24934.0,24883.0,24888.5,13764.0
2026-02-20T02:30:00Z,24888.25,24907.25,24877.0,24896.75,10702.0
2026-02-20T03:00:00Z,24896.5,24911.25,24892.25,24902.75,6382.0
2026-02-20T03:30:00Z,24903.25,24906.25,24887.5,24890.0,5917.0
2026-02-20T04:00:00Z,24890.25,24914.75,24885.25,24902.25,7730.0
2026-02-20T04:30:00Z,24902.75,24908.75,24892.5,24899.0,3845.0
2026-02-20T05:00:00Z,24908.0,24927.25,24905.25,24925.5,6097.0
2026-02-20T05:30:00Z,24925.5,24947.75,24925.25,24943.0,8670.0
2026-02-20T06:00:00Z,24942.75,24960.0,24939.75,24945.25,6496.0
2026-02-20T06:30:00Z,24944.75,24945.5,24930.5,24943.25,6271.0
2026-02-20T07:00:00Z,24943.0,24954.75,24937.75,24941.0,6689.0
2026-02-20T07:30:00Z,24940.5,24946.0,24908.0,24921.25,9424.0
2026-02-20T08:00:00Z,24922.0,24936.0,24896.25,24929.5,12186.0
2026-02-20T08:30:00Z,24929.75,24942.5,24897.75,24937.25,10154.0
2026-02-20T09:00:00Z,24937.0,24985.25,24932.0,24975.5,15299.0
2026-02-20T09:30:00Z,24975.25,24981.75,24931.5,24936.0,11617.0
2026-02-20T10:00:00Z,24935.75,24947.0,24919.75,24926.5,9758.0
2026-02-20T10:30:00Z,24927.25,24937.0,24900.75,24902.5,10108.0
2026-02-20T11:00:00Z,24902.25,24902.25,24843.0,24878.75,24757.0
2026-02-20T11:30:00Z,24878.75,24888.25,24811.25,24829.0,19496.0
2026-02-20T12:00:00Z,24829.25,24850.0,24798.75,24808.25,24432.0
2026-02-20T12:30:00Z,24808.25,24830.75,24790.5,24829.75,22497.0
2026-02-20T13:00:00Z,24829.0,24864.0,24815.5,24857.75,20876.0
2026-02-20T13:30:00Z,24858.75,24861.25,24721.75,24769.5,74249.0
2026-02-20T14:00:00Z,24769.0,24784.0,24696.25,24715.25,56795.0
2026-02-20T14:30:00Z,24715.25,24958.0,24677.0,24900.0,233897.0
2026-02-20T15:00:00Z,24899.25,25082.25,24858.25,24973.5,281118.0
2026-02-20T15:30:00Z,24974.25,25127.0,24908.0,25118.75,182160.0
2026-02-20T16:00:00Z,25118.0,25139.75,24975.25,24977.25,149004.0
2026-02-20T16:30:00Z,24977.25,25130.0,24967.0,25098.5,120657.0
2026-02-20T17:00:00Z,25098.5,25109.5,24879.25,24926.5,151775.0
2026-02-20T17:30:00Z,24926.5,25044.0,24912.25,25034.75,131645.0
2026-02-20T18:00:00Z,25034.0,25045.75,24929.0,24965.25,94216.0
2026-02-20T18:30:00Z,24966.25,25122.5,24929.5,25098.25,127353.0
2026-02-20T19:00:00Z,25098.5,25120.0,25036.75,25053.0,62190.0
2026-02-20T19:30:00Z,25053.5,25078.75,25017.75,25022.5,47511.0
2026-02-20T20:00:00Z,25023.0,25077.25,25013.75,25021.25,46686.0
2026-02-20T20:30:00Z,25021.5,25079.0,25018.0,25073.75,57814.0
2026-02-20T21:00:00Z,25074.75,25088.25,25063.5,25068.5,19897.0
2026-02-20T21:30:00Z,25068.0,25081.25,25066.25,25067.5,7207.0
2026-02-22T23:00:00Z,25032.0,25057.5,24968.0,24980.5,16554.0
2026-02-22T23:30:00Z,24979.5,24989.5,24935.75,24973.0,26515.0
2026-02-23T00:00:00Z,24971.75,24971.75,24883.75,24906.75,27679.0
2026-02-23T00:30:00Z,24907.5,24908.25,24848.0,24853.0,27970.0
2026-02-23T01:00:00Z,24854.0,24882.75,24839.0,24859.75,28300.0
2026-02-23T01:30:00Z,24858.75,24881.75,24831.0,24843.25,22354.0
2026-02-23T02:00:00Z,24843.0,24857.75,24810.75,24832.25,23121.0
2026-02-23T02:30:00Z,24832.75,24845.25,24828.75,24839.0,9535.0
2026-02-23T03:00:00Z,24838.5,24863.25,24815.75,24833.25,17386.0
2026-02-23T03:30:00Z,24832.25,24844.0,24813.25,24841.5,10846.0
2026-02-23T04:00:00Z,24842.25,24853.0,24821.0,24830.75,10614.0
2026-02-23T04:30:00Z,24830.5,24839.25,24811.25,24829.0,6904.0
2026-02-23T05:00:00Z,24833.75,24835.25,24807.0,24827.0,9084.0
2026-02-23T05:30:00Z,24827.0,24843.75,24822.75,24838.5,8118.0
2026-02-23T06:00:00Z,24838.5,24855.75,24832.25,24845.75,5725.0
2026-02-23T06:30:00Z,24846.25,24869.25,24841.5,24868.25,7107.0
2026-02-23T07:00:00Z,24867.75,24914.5,24863.25,24902.5,17686.0
2026-02-23T07:30:00Z,24902.0,24912.25,24891.25,24898.0,7055.0
2026-02-23T08:00:00Z,24898.5,24914.25,24877.25,24899.25,14129.0
2026-02-23T08:30:00Z,24900.0,24934.25,24877.75,24929.75,13619.0
2026-02-23T09:00:00Z,24929.25,24998.75,24929.25,24994.0,19280.0
2026-02-23T09:30:00Z,24994.5,25004.25,24975.0,24983.75,11601.0
2026-02-23T10:00:00Z,24984.25,25002.75,24945.5,24968.75,14570.0
2026-02-23T10:30:00Z,24969.25,24986.0,24959.5,24970.75,8557.0
2026-02-23T11:00:00Z,24970.5,24988.25,24959.5,24968.25,8950.0
2026-02-23T11:30:00Z,24968.25,24969.5,24907.75,24929.25,15407.0
2026-02-23T12:00:00Z,24928.75,24942.75,24901.25,24910.25,15842.0
2026-02-23T12:30:00Z,24910.5,24926.5,24883.75,24905.0,20143.0
2026-02-23T13:00:00Z,24904.0,24938.25,24886.5,24927.0,20487.0
2026-02-23T13:30:00Z,24927.0,24954.25,24910.25,24935.25,29607.0
2026-02-23T14:00:00Z,24935.0,24982.75,24931.5,24981.75,31535.0
2026-02-23T14:30:00Z,24981.25,25040.0,24857.5,24913.75,261396.0
2026-02-23T15:00:00Z,24913.5,24952.75,24839.5,24870.5,190109.0
2026-02-23T15:30:00Z,24870.75,24900.75,24738.0,24744.0,164021.0
2026-02-23T16:00:00Z,24743.75,24780.25,24667.75,24777.75,167630.0
2026-02-23T16:30:00Z,24777.75,24789.5,24727.5,24735.0,100096.0
2026-02-23T17:00:00Z,24735.25,24764.0,24725.0,24743.0,63901.0
2026-02-23T17:30:00Z,24742.25,24755.75,24677.5,24744.5,87234.0
2026-02-23T18:00:00Z,24744.5,24820.5,24739.25,24810.5,65629.0
2026-02-23T18:30:00Z,24810.25,24819.75,24720.25,24727.25,71070.0
2026-02-23T19:00:00Z,24727.5,24754.75,24708.75,24714.25,59797.0
2026-02-23T19:30:00Z,24714.25,24730.25,24683.5,24692.0,62244.0
2026-02-23T20:00:00Z,24692.0,24715.25,24678.5,24706.5,51822.0
2026-02-23T20:30:00Z,24707.0,24772.75,24704.75,24766.25,91181.0
2026-02-23T21:00:00Z,24768.5,24786.75,24757.75,24779.25,26525.0
2026-02-23T21:30:00Z,24779.5,24796.75,24777.0,24787.0,7955.0
2026-02-23T23:00:00Z,24787.0,24815.0,24769.25,24806.5,11006.0
2026-02-23T23:30:00Z,24806.5,24824.75,24786.0,24788.25,14050.0
2026-02-24T00:00:00Z,24789.0,24818.0,24772.75,24781.0,18596.0
2026-02-24T00:30:00Z,24781.0,24824.25,24776.25,24816.0,12176.0
2026-02-24T01:00:00Z,24816.5,24829.75,24795.0,24820.75,12796.0
2026-02-24T01:30:00Z,24821.0,24836.0,24798.75,24822.0,12832.0
2026-02-24T02:00:00Z,24822.0,24867.5,24816.5,24863.5,12678.0
2026-02-24T02:30:00Z,24862.5,24879.5,24857.5,24869.25,12334.0
2026-02-24T03:00:00Z,24869.5,24884.75,24866.25,24878.25,8464.0
2026-02-24T03:30:00Z,24878.75,24880.5,24869.0,24873.0,5016.0
2026-02-24T04:00:00Z,24873.0,24883.25,24865.25,24878.25,5151.0
2026-02-24T04:30:00Z,24878.0,24884.0,24866.5,24878.75,4088.0
2026-02-24T05:00:00Z,24884.5,24886.75,24853.75,24862.25,8739.0
2026-02-24T05:30:00Z,24862.25,24862.25,24825.75,24840.75,10638.0
2026-02-24T06:00:00Z,24840.25,24853.0,24822.75,24832.0,8400.0
2026-02-24T06:30:00Z,24832.5,24843.75,24823.5,24838.0,6244.0
2026-02-24T07:00:00Z,24837.5,24862.25,24833.75,24859.75,8744.0
2026-02-24T07:30:00Z,24859.75,24869.0,24829.75,24832.75,8491.0
2026-02-24T08:00:00Z,24833.75,24834.5,24774.25,24807.5,28228.0
2026-02-24T08:30:00Z,24807.5,24821.25,24761.0,24791.25,17440.0
2026-02-24T09:00:00Z,24791.25,24843.0,24788.0,24825.25,16961.0
2026-02-24T09:30:00Z,24825.0,24848.0,24794.25,24846.75,12289.0
2026-02-24T10:00:00Z,24847.5,24865.75,24835.0,24839.75,10026.0
2026-02-24T10:30:00Z,24840.75,24847.25,24824.0,24841.75,8767.0
2026-02-24T11:00:00Z,24842.25,24853.5,24813.75,24822.25,11123.0
2026-02-24T11:30:00Z,24822.25,24834.5,24808.75,24833.0,10079.0
2026-02-24T12:00:00Z,24832.75,24901.25,24829.0,24840.0,32543.0
2026-02-24T12:30:00Z,24840.5,24847.0,24796.25,24815.75,25318.0
2026-02-24T13:00:00Z,24817.25,24858.75,24814.0,24857.75,23724.0
2026-02-24T13:30:00Z,24857.75,24891.25,24836.75,24877.5,29640.0
2026-02-24T14:00:00Z,24877.0,24879.25,24797.0,24804.5,37687.0
2026-02-24T14:30:00Z,24804.75,24964.25,24694.0,24877.5,297126.0
2026-02-24T15:00:00Z,24876.75,25014.5,24819.5,25012.0,227497.0
2026-02-24T15:30:00Z,25011.25,25031.25,24967.0,24976.25,134459.0
2026-02-24T16:00:00Z,24976.25,25047.0,24974.0,25014.75,105613.0
2026-02-24T16:30:00Z,25014.75,25040.25,24969.25,25028.75,94101.0
2026-02-24T17:00:00Z,25029.0,25076.0,25021.5,25060.5,69437.0
2026-02-24T17:30:00Z,25060.75,25069.75,25031.25,25046.5,47778.0
2026-02-24T18:00:00Z,25046.25,25080.75,25015.5,25019.0,55342.0
2026-02-24T18:30:00Z,25019.75,25051.25,25011.75,25029.5,50497.0
2026-02-24T19:00:00Z,25029.5,25037.75,24988.25,25003.25,54106.0
2026-02-24T19:30:00Z,25003.0,25050.75,25000.25,25021.25,53256.0
2026-02-24T20:00:00Z,25021.75,25029.0,24995.75,24999.25,46171.0
2026-02-24T20:30:00Z,24999.0,25071.75,24994.75,25029.0,72003.0
2026-02-24T21:00:00Z,25029.75,25037.25,25003.75,25023.5,21619.0
2026-02-24T21:30:00Z,25023.25,25029.25,25012.25,25017.0,9061.0
2026-02-24T23:00:00Z,25020.5,25028.25,24992.25,25022.5,7861.0
2026-02-24T23:30:00Z,25022.0,25051.0,25016.5,25044.25,8797.0
2026-02-25T00:00:00Z,25044.25,25045.25,25022.5,25028.0,9737.0
2026-02-25T00:30:00Z,25028.0,25075.0,25018.5,25071.25,13543.0
2026-02-25T01:00:00Z,25071.5,25108.5,25062.5,25080.0,21893.0
2026-02-25T01:30:00Z,25080.25,25113.25,25073.0,25102.75,13098.0
2026-02-25T02:00:00Z,25102.75,25110.75,25083.75,25101.5,13533.0
2026-02-25T02:30:00Z,25101.25,25118.0,25091.75,25107.25,11041.0
2026-02-25T03:00:00Z,25106.75,25110.0,25054.5,25070.0,15591.0
2026-02-25T03:30:00Z,25069.5,25081.5,24995.0,25066.5,24700.0
2026-02-25T04:00:00Z,25067.5,25068.25,25033.25,25054.5,11209.0
2026-02-25T04:30:00Z,25053.5,25062.75,25045.5,25047.25,5721.0
2026-02-25T05:00:00Z,25059.25,25067.75,25035.25,25041.0,7301.0
2026-02-25T05:30:00Z,25042.0,25057.25,25030.25,25040.75,7065.0
2026-02-25T06:00:00Z,25040.75,25059.0,25032.0,25041.75,7212.0
2026-02-25T06:30:00Z,25040.75,25059.0,25036.5,25041.25,5138.0
2026-02-25T07:00:00Z,25042.25,25053.75,25034.25,25041.0,6524.0
2026-02-25T07:30:00Z,25041.25,25042.75,25017.5,25036.0,9568.0
2026-02-25T08:00:00Z,25036.25,25090.75,25036.0,25074.5,17922.0
2026-02-25T08:30:00Z,25075.5,25083.75,25061.5,25074.5,8504.0
2026-02-25T09:00:00Z,25073.75,25088.0,25055.0,25069.0,9318.0
2026-02-25T09:30:00Z,25069.25,25088.0,25063.75,25081.75,6125.0
2026-02-25T10:00:00Z,25082.25,25086.0,25065.0,25076.0,6945.0
2026-02-25T10:30:00Z,25076.0,25094.25,25067.25,25073.5,7029.0
2026-02-25T11:00:00Z,25073.75,25085.0,25068.25,25080.25,5691.0
2026-02-25T11:30:00Z,25080.75,25128.5,25080.75,25124.75,13362.0
2026-02-25T12:00:00Z,25124.5,25150.0,25105.75,25134.0,19833.0
2026-02-25T12:30:00Z,25133.75,25146.75,25122.25,25138.75,15046.0
2026-02-25T13:00:00Z,25139.5,25154.0,25131.25,25143.5,13523.0
2026-02-25T13:30:00Z,25143.75,25166.0,25123.75,25150.25,23373.0
2026-02-25T14:00:00Z,25150.75,25177.5,25130.0,25160.25,45935.0
2026-02-25T14:30:00Z,25160.25,25352.0,25156.75,25343.25,224974.0
2026-02-25T15:00:00Z,25343.25,25361.0,25281.25,25334.25,154277.0
2026-02-25T15:30:00Z,25334.0,25341.75,25264.75,25294.75,121146.0
2026-02-25T16:00:00Z,25295.0,25310.75,25281.5,25300.25,73093.0
2026-02-25T16:30:00Z,25300.25,25333.0,25293.5,25316.5,62715.0
2026-02-25T17:00:00Z,25316.75,25341.25,25309.0,25321.25,49160.0
2026-02-25T17:30:00Z,25321.0,25354.75,25315.0,25351.75,40404.0
2026-02-25T18:00:00Z,25352.75,25356.25,25336.25,25339.25,31207.0
2026-02-25T18:30:00Z,25339.25,25356.0,25334.0,25350.5,20603.0
2026-02-25T19:00:00Z,25350.75,25377.75,25349.5,25370.75,34743.0
2026-02-25T19:30:00Z,25371.0,25379.0,25364.75,25368.5,22011.0
2026-02-25T20:00:00Z,25368.75,25376.0,25359.0,25366.75,28388.0
2026-02-25T20:30:00Z,25367.0,25396.75,25352.0,25383.5,67692.0
2026-02-25T21:00:00Z,25384.0,25420.0,25371.25,25395.5,38505.0
2026-02-25T21:30:00Z,25395.5,25495.0,25388.25,25460.75,53634.0
2026-02-25T23:00:00Z,25398.75,25418.5,25361.25,25383.25,16006.0
2026-02-25T23:30:00Z,25384.25,25387.75,25274.5,25316.5,35270.0
2026-02-26T00:00:00Z,25316.25,25340.5,25304.0,25336.75,19383.0
2026-02-26T00:30:00Z,25336.75,25343.0,25302.25,25316.0,14259.0
2026-02-26T01:00:00Z,25316.25,25320.0,25272.75,25274.5,18536.0
2026-02-26T01:30:00Z,25274.0,25320.25,25264.75,25316.5,14729.0
2026-02-26T02:00:00Z,25315.75,25320.0,25290.75,25300.5,10998.0
2026-02-26T02:30:00Z,25300.0,25309.75,25289.25,25307.5,7430.0
2026-02-26T03:00:00Z,25306.25,25312.25,25294.5,25306.0,5637.0
2026-02-26T03:30:00Z,25305.5,25323.75,25298.25,25301.25,6439.0
2026-02-26T04:00:00Z,25301.0,25310.5,25295.25,25298.75,5372.0
2026-02-26T04:30:00Z,25298.75,25306.0,25292.75,25299.0,3052.0
2026-02-26T05:00:00Z,25285.25,25304.25,25283.0,25295.25,7189.0
2026-02-26T05:30:00Z,25295.5,25310.0,25292.0,25307.25,4439.0
2026-02-26T06:00:00Z,25308.0,25333.75,25306.75,25320.5,7866.0
2026-02-26T06:30:00Z,25319.5,25344.5,25316.75,25327.5,8028.0
2026-02-26T07:00:00Z,25327.25,25355.75,25326.0,25342.0,9814.0
2026-02-26T07:30:00Z,25341.25,25365.0,25339.0,25347.5,7932.0
2026-02-26T08:00:00Z,25348.0,25392.25,25343.5,25372.0,14922.0
2026-02-26T08:30:00Z,25372.25,25375.5,25343.0,25349.5,11343.0
2026-02-26T09:00:00Z,25349.75,25380.5,25345.5,25380.5,9723.0
2026-02-26T09:30:00Z,25379.25,25402.0,25375.0,25378.0,10359.0
2026-02-26T10:00:00Z,25378.75,25389.0,25362.5,25363.5,7058.0
2026-02-26T10:30:00Z,25363.5,25373.25,25347.0,25356.5,8274.0
2026-02-26T11:00:00Z,25358.0,25370.75,25344.75,25364.0,8490.0
2026-02-26T11:30:00Z,25363.75,25370.0,25338.0,25362.25,8935.0
2026-02-26T12:00:00Z,25361.75,25389.0,25360.25,25387.0,10466.0
2026-02-26T12:30:00Z,25386.75,25390.75,25368.0,25373.5,9906.0
2026-02-26T13:00:00Z,25373.0,25399.5,25360.75,25397.5,14416.0
2026-02-26T13:30:00Z,25397.75,25415.5,25380.75,25383.75,25187.0
2026-02-26T14:00:00Z,25384.0,25398.75,25340.0,25342.0,36632.0
2026-02-26T14:30:00Z,25341.25,25342.0,25182.5,25193.25,318947.0
2026-02-26T15:00:00Z,25192.5,25211.0,24885.0,24933.5,330811.0
2026-02-26T15:30:00Z,24933.0,25027.0,24862.0,24999.75,239120.0
2026-02-26T16:00:00Z,24999.0,25085.5,24985.5,25058.5,134480.0
2026-02-26T16:30:00Z,25059.0,25071.0,24954.25,24963.5,127016.0
2026-02-26T17:00:00Z,24963.75,25009.25,24952.75,24967.75,79263.0
2026-02-26T17:30:00Z,24967.5,25008.0,24912.25,24935.25,84399.0
2026-02-26T18:00:00Z,24935.25,24939.75,24888.75,24920.0,78052.0
2026-02-26T18:30:00Z,24920.25,25030.75,24908.0,25001.25,99156.0
2026-02-26T19:00:00Z,25001.75,25086.5,24988.25,25048.25,79444.0
2026-02-26T19:30:00Z,25048.75,25099.0,25039.5,25063.0,61097.0
2026-02-26T20:00:00Z,25063.0,25093.75,25023.75,25029.25,69404.0
2026-02-26T20:30:00Z,25029.0,25086.5,25027.5,25082.75,76745.0
2026-02-26T21:00:00Z,25083.0,25090.0,25058.5,25067.75,26273.0
2026-02-26T21:30:00Z,25068.25,25072.75,25024.75,25028.75,11618.0
2026-02-26T23:00:00Z,25026.0,25036.75,24954.0,25022.0,19167.0
2026-02-26T23:30:00Z,25023.0,25023.5,24975.5,24996.25,17623.0
2026-02-27T00:00:00Z,24995.75,25026.25,24980.25,24999.5,15723.0
2026-02-27T00:30:00Z,24999.0,25003.0,24954.75,24986.25,18129.0
2026-02-27T01:00:00Z,24986.75,25018.0,24975.75,24988.75,16186.0
2026-02-27T01:30:00Z,24988.0,25006.5,24970.5,24993.25,14713.0
2026-02-27T02:00:00Z,24992.5,25018.75,24985.0,25015.5,10709.0
2026-02-27T02:30:00Z,25015.0,25033.5,24993.0,25032.0,9031.0
2026-02-27T03:00:00Z,25031.75,25036.0,25011.25,25014.25,8081.0
2026-02-27T03:30:00Z,25015.75,25034.0,25002.25,25025.25,7903.0
2026-02-27T04:00:00Z,25025.5,25036.0,25012.0,25027.75,5856.0
2026-02-27T04:30:00Z,25027.25,25034.75,25019.25,25022.5,4168.0
2026-02-27T05:00:00Z,25041.25,25057.25,25032.75,25055.5,7581.0
2026-02-27T05:30:00Z,25055.0,25060.5,25037.75,25039.5,6012.0
2026-02-27T06:00:00Z,25040.25,25046.25,24991.75,25006.0,11681.0
2026-02-27T06:30:00Z,25005.5,25038.25,25003.5,25031.75,9040.0
2026-02-27T07:00:00Z,25033.75,25073.0,25032.75,25070.0,10508.0
2026-02-27T07:30:00Z,25070.25,25079.0,25061.0,25073.25,7984.0
2026-02-27T08:00:00Z,25073.0,25090.0,25038.25,25056.75,17406.0
2026-02-27T08:30:00Z,25056.5,25076.75,25046.25,25067.5,8780.0
2026-02-27T09:00:00Z,25067.5,25098.75,25050.5,25078.0,17940.0
2026-02-27T09:30:00Z,25078.25,25079.0,25024.25,25030.25,14385.0
2026-02-27T10:00:00Z,25029.75,25033.75,24966.0,25017.5,23686.0
2026-02-27T10:30:00Z,25016.75,25045.25,24984.75,25000.75,16339.0
2026-02-27T11:00:00Z,25001.0,25012.5,24986.25,24991.25,12857.0
2026-02-27T11:30:00Z,24991.25,25002.0,24928.75,24952.75,25186.0
2026-02-27T12:00:00Z,24953.25,24994.5,24921.25,24974.25,25408.0
2026-02-27T12:30:00Z,24974.25,24985.75,24897.25,24921.25,31041.0
2026-02-27T13:00:00Z,24921.0,24942.75,24874.0,24882.0,33941.0
2026-02-27T13:30:00Z,24879.5,24891.5,24795.5,24870.25,79310.0
2026-02-27T14:00:00Z,24871.0,24878.5,24796.0,24815.25,53861.0
2026-02-27T14:30:00Z,24815.5,24938.75,24780.0,24881.0,278103.0
2026-02-27T15:00:00Z,24880.5,24997.75,24866.25,24971.0,194875.0
2026-02-27T15:30:00Z,24971.0,25017.5,24923.25,24983.0,147840.0
2026-02-27T16:00:00Z,24983.25,25021.5,24943.5,24968.25,122866.0
2026-02-27T16:30:00Z,24968.5,25010.0,24931.0,24969.25,106536.0
2026-02-27T17:00:00Z,24969.5,25036.75,24900.25,24953.0,112684.0
2026-02-27T17:30:00Z,24953.0,24994.25,24914.0,24945.75,97690.0
2026-02-27T18:00:00Z,24945.25,24955.5,24874.75,24911.25,77880.0
2026-02-27T18:30:00Z,24911.5,24931.25,24886.0,24902.75,67195.0
2026-02-27T19:00:00Z,24902.5,24960.25,24897.0,24905.75,65887.0
2026-02-27T19:30:00Z,24906.75,24919.5,24873.5,24894.5,51090.0
2026-02-27T20:00:00Z,24894.5,25004.5,24893.25,24978.75,77845.0
2026-02-27T20:30:00Z,24978.5,25022.75,24921.75,24997.75,118046.0
2026-02-27T21:00:00Z,24998.25,24998.25,24942.0,24961.25,33221.0
2026-02-27T21:30:00Z,24961.0,24980.25,24942.25,24958.25,12055.0
2026-03-01T23:00:00Z,24787.0,24816.25,24752.75,24765.25,27091.0
2026-03-01T23:30:00Z,24765.25,24779.75,24715.5,24739.0,35946.0
2026-03-02T00:00:00Z,24740.0,24778.5,24712.5,24731.5,31235.0
2026-03-02T00:30:00Z,24731.75,24797.0,24713.5,24786.25,21970.0
2026-03-02T01:00:00Z,24786.0,24893.25,24772.0,24869.25,44502.0
2026-03-02T01:30:00Z,24870.5,24901.25,24853.25,24861.75,22728.0
2026-03-02T02:00:00Z,24863.25,24875.0,24808.25,24810.0,21821.0
2026-03-02T02:30:00Z,24809.25,24847.75,24796.25,24821.0,19135.0
2026-03-02T03:00:00Z,24820.5,24835.25,24802.5,24822.25,13150.0
2026-03-02T03:30:00Z,24822.25,24824.5,24786.5,24791.75,13216.0
2026-03-02T04:00:00Z,24791.5,24809.5,24740.75,24799.25,21672.0
2026-03-02T04:30:00Z,24799.25,24817.25,24757.25,24761.5,13151.0
2026-03-02T05:00:00Z,24759.0,24768.75,24718.0,24729.0,16546.0
2026-03-02T05:30:00Z,24730.0,24749.75,24672.0,24677.0,17396.0
2026-03-02T06:00:00Z,24676.25,24702.75,24633.25,24669.0,23165.0
2026-03-02T06:30:00Z,24669.25,24679.0,24534.5,24590.5,35197.0
2026-03-02T07:00:00Z,24590.25,24603.25,24531.75,24567.0,36079.0
2026-03-02T07:30:00Z,24566.5,24583.75,24530.5,24541.5,26391.0
2026-03-02T08:00:00Z,24541.25,24556.25,24477.0,24489.0,52986.0
2026-03-02T08:30:00Z,24489.5,24591.25,24484.75,24563.5,34660.0
2026-03-02T09:00:00Z,24562.5,24655.0,24551.75,24638.5,34764.0
2026-03-02T09:30:00Z,24638.5,24654.5,24610.75,24629.25,22277.0
2026-03-02T10:00:00Z,24629.0,24684.5,24625.0,24657.75,26949.0
2026-03-02T10:30:00Z,24657.5,24685.0,24641.5,24657.75,17096.0
2026-03-02T11:00:00Z,24657.75,24671.5,24634.75,24656.25,15861.0
2026-03-02T11:30:00Z,24656.0,24729.25,24654.75,24688.0,26336.0
2026-03-02T12:00:00Z,24686.0,24705.5,24630.25,24634.0,27843.0
2026-03-02T12:30:00Z,24634.0,24664.25,24609.25,24628.75,24983.0
2026-03-02T13:00:00Z,24629.5,24739.75,24621.75,24702.25,40807.0
2026-03-02T13:30:00Z,24701.5,24711.5,24594.5,24620.5,41594.0
2026-03-02T14:00:00Z,24621.5,24652.25,24606.75,24644.5,47708.0
2026-03-02T14:30:00Z,24644.75,24899.0,24605.75,24863.0,243746.0
2026-03-02T15:00:00Z,24859.25,24947.75,24803.0,24881.75,199471.0
2026-03-02T15:30:00Z,24881.5,24957.75,24842.0,24924.0,150031.0
2026-03-02T16:00:00Z,24923.75,24988.0,24852.25,24867.25,120141.0
2026-03-02T16:30:00Z,24867.0,25044.5,24861.0,25033.5,130446.0
2026-03-02T17:00:00Z,25033.5,25076.5,25007.75,25044.25,71888.0
2026-03-02T17:30:00Z,25044.75,25075.5,25026.25,25064.75,58521.0
2026-03-02T18:00:00Z,25065.75,25074.0,25013.0,25035.75,51290.0
2026-03-02T18:30:00Z,25036.25,25039.75,24968.25,24971.75,62377.0
2026-03-02T19:00:00Z,24972.0,25089.5,24967.0,25079.5,81269.0
2026-03-02T19:30:00Z,25079.75,25100.0,25069.75,25082.75,49413.0
2026-03-02T20:00:00Z,25082.75,25090.75,24947.0,24967.25,123858.0
2026-03-02T20:30:00Z,24967.25,25062.75,24962.25,25021.75,89481.0
2026-03-02T21:00:00Z,25022.5,25028.75,24975.75,24997.5,29964.0
2026-03-02T21:30:00Z,24996.25,25008.0,24978.5,24997.5,9976.0
2026-03-02T23:00:00Z,25002.75,25011.25,24947.5,24961.25,13374.0
2026-03-02T23:30:00Z,24961.25,24978.75,24944.0,24971.75,13025.0
2026-03-03T00:00:00Z,24972.5,24983.0,24928.25,24941.25,20085.0
2026-03-03T00:30:00Z,24941.0,24951.25,24925.5,24930.75,9935.0
2026-03-03T01:00:00Z,24931.25,24962.0,24904.0,24923.0,24471.0
2026-03-03T01:30:00Z,24923.75,24933.75,24869.25,24873.75,23177.0
2026-03-03T02:00:00Z,24873.75,24879.0,24808.25,24836.0,35094.0
2026-03-03T02:30:00Z,24837.0,24878.75,24830.5,24861.25,19492.0
2026-03-03T03:00:00Z,24861.0,24884.75,24816.5,24823.25,17118.0
2026-03-03T03:30:00Z,24823.0,24879.5,24805.0,24845.75,20628.0
2026-03-03T04:00:00Z,24846.5,24863.25,24801.0,24815.5,16413.0
2026-03-03T04:30:00Z,24815.75,24830.25,24792.75,24803.25,17817.0
2026-03-03T05:00:00Z,24824.25,24829.75,24796.5,24813.5,15066.0
2026-03-03T05:30:00Z,24812.0,24812.0,24750.0,24765.0,21143.0
2026-03-03T06:00:00Z,24765.0,24798.5,24740.0,24797.5,22000.0
2026-03-03T06:30:00Z,24796.5,24800.75,24737.25,24753.25,16189.0
2026-03-03T07:00:00Z,24753.5,24768.0,24692.75,24703.5,27052.0
2026-03-03T07:30:00Z,24704.25,24714.0,24668.5,24675.75,22623.0
2026-03-03T08:00:00Z,24675.0,24695.75,24597.75,24598.75,50773.0
2026-03-03T08:30:00Z,24598.25,24621.25,24505.5,24517.0,60475.0
2026-03-03T09:00:00Z,24516.5,24582.0,24508.5,24519.5,47484.0
2026-03-03T09:30:00Z,24518.75,24543.0,24446.5,24455.0,49215.0
2026-03-03T10:00:00Z,24456.25,24483.75,24422.0,24437.0,42431.0
2026-03-03T10:30:00Z,24435.75,24484.0,24392.75,24452.5,54387.0
2026-03-03T11:00:00Z,24450.75,24487.0,24369.5,24454.75,50560.0
2026-03-03T11:30:00Z,24455.5,24514.5,24455.25,24488.0,41838.0
2026-03-03T12:00:00Z,24487.5,24602.25,24477.5,24571.75,51851.0
2026-03-03T12:30:00Z,24571.0,24607.25,24550.5,24582.0,39881.0
2026-03-03T13:00:00Z,24583.75,24590.25,24515.0,24529.5,40867.0
2026-03-03T13:30:00Z,24530.25,24532.75,24447.75,24496.25,65047.0
2026-03-03T14:00:00Z,24496.5,24542.75,24455.75,24534.0,73167.0
2026-03-03T14:30:00Z,24534.75,24661.0,24480.0,24489.75,309822.0
2026-03-03T15:00:00Z,24489.75,24563.75,24350.75,24359.5,242765.0
2026-03-03T15:30:00Z,24359.5,24472.25,24356.25,24446.75,219314.0
2026-03-03T16:00:00Z,24446.25,24642.5,24436.25,24619.25,160461.0
2026-03-03T16:30:00Z,24619.25,24725.0,24563.0,24671.25,146451.0
2026-03-03T17:00:00Z,24671.5,24712.5,24620.5,24703.75,97128.0
2026-03-03T17:30:00Z,24704.5,24708.0,24601.75,24641.0,88952.0
2026-03-03T18:00:00Z,24641.25,24771.75,24640.0,24746.5,84251.0
2026-03-03T18:30:00Z,24746.75,24835.0,24741.5,24800.0,94208.0
2026-03-03T19:00:00Z,24799.75,24813.75,24730.25,24759.25,80505.0
2026-03-03T19:30:00Z,24759.25,24850.25,24709.25,24787.0,107786.0
2026-03-03T20:00:00Z,24786.75,24821.25,24741.25,24782.5,74394.0
2026-03-03T20:30:00Z,24782.25,24808.0,24717.75,24756.5,83354.0
2026-03-03T21:00:00Z,24756.75,24759.0,24716.5,24723.0,24600.0
2026-03-03T21:30:00Z,24723.5,24731.5,24693.0,24711.5,12930.0
2026-03-03T23:00:00Z,24711.5,24759.75,24668.75,24706.75,22254.0
2026-03-03T23:30:00Z,24707.5,24742.25,24697.75,24702.5,15503.0
2026-03-04T00:00:00Z,24702.75,24804.25,24677.0,24767.0,34389.0
2026-03-04T00:30:00Z,24768.0,24771.0,24689.0,24747.5,30616.0
2026-03-04T01:00:00Z,24748.75,24773.25,24637.25,24650.25,35478.0
2026-03-04T01:30:00Z,24651.5,24722.0,24629.75,24675.25,34713.0
2026-03-04T02:00:00Z,24676.0,24703.25,24618.75,24623.0,27310.0
2026-03-04T02:30:00Z,24621.5,24667.0,24588.75,24636.5,28252.0
2026-03-04T03:00:00Z,24636.25,24638.0,24557.0,24569.25,30211.0
2026-03-04T03:30:00Z,24568.5,24600.75,24525.0,24599.0,30467.0
2026-03-04T04:00:00Z,24599.25,24644.75,24586.5,24592.75,24951.0
2026-03-04T04:30:00Z,24592.0,24608.25,24566.25,24595.25,18716.0
2026-03-04T05:00:00Z,24580.25,24593.25,24532.0,24558.0,21217.0
2026-03-04T05:30:00Z,24558.25,24617.75,24541.0,24574.0,20482.0
2026-03-04T06:00:00Z,24574.5,24574.5,24498.5,24547.25,24184.0
2026-03-04T06:30:00Z,24548.0,24590.5,24541.0,24571.5,18061.0
2026-03-04T07:00:00Z,24570.25,24615.0,24535.75,24602.0,24606.0
2026-03-04T07:30:00Z,24602.0,24677.75,24596.75,24655.5,24604.0
2026-03-04T08:00:00Z,24656.0,24689.25,24611.5,24628.75,33334.0
2026-03-04T08:30:00Z,24629.75,24678.0,24619.75,24645.25,18271.0
2026-03-04T09:00:00Z,24647.0,24721.75,24621.75,24706.5,18089.0
2026-03-04T09:30:00Z,24707.5,24771.0,24693.5,24754.75,18308.0
2026-03-04T10:00:00Z,24754.25,24866.0,24734.5,24805.5,42514.0
2026-03-04T10:30:00Z,24805.75,24854.25,24805.25,24842.5,18564.0
2026-03-04T11:00:00Z,24842.25,24894.5,24838.25,24864.0,26524.0
2026-03-04T11:30:00Z,24864.5,24873.0,24801.5,24806.0,22306.0
2026-03-04T12:00:00Z,24806.25,24844.75,24728.0,24732.75,33300.0
2026-03-04T12:30:00Z,24731.5,24803.75,24720.0,24800.25,29101.0
2026-03-04T13:00:00Z,24799.75,24928.0,24795.5,24882.0,50062.0
2026-03-04T13:30:00Z,24881.5,24922.0,24857.5,24889.5,39267.0
2026-03-04T14:00:00Z,24889.5,24911.5,24850.75,24852.75,41751.0
2026-03-04T14:30:00Z,24853.0,24970.5,24813.5,24921.25,218277.0
2026-03-04T15:00:00Z,24921.25,25142.0,24890.25,25139.25,221951.0
2026-03-04T15:30:00Z,25139.0,25147.75,25037.0,25127.25,157436.0
2026-03-04T16:00:00Z,25127.75,25158.25,25051.25,25106.5,131764.0
2026-03-04T16:30:00Z,25105.5,25172.25,25097.5,25145.0,96923.0
2026-03-04T17:00:00Z,25146.0,25175.25,25131.0,25133.5,61299.0
2026-03-04T17:30:00Z,25133.25,25181.25,25105.0,25169.0,74206.0
2026-03-04T18:00:00Z,25169.5,25184.0,25140.5,25172.0,53207.0
2026-03-04T18:30:00Z,25172.0,25215.0,25170.5,25192.5,60454.0
2026-03-04T19:00:00Z,25192.5,25217.0,25186.5,25194.25,42286.0
2026-03-04T19:30:00Z,25194.5,25210.25,25180.5,25189.0,36964.0
2026-03-04T20:00:00Z,25188.75,25196.0,25123.75,25151.0,61879.0
2026-03-04T20:30:00Z,25151.0,25167.75,25113.25,25121.0,73969.0
2026-03-04T21:00:00Z,25125.0,25163.5,25093.75,25139.0,43507.0
2026-03-04T21:30:00Z,25139.25,25154.75,25127.0,25137.75,10156.0
2026-03-04T23:00:00Z,25154.5,25177.75,25141.0,25151.5,10022.0
2026-03-04T23:30:00Z,25151.0,25190.25,25145.0,25171.75,12896.0
2026-03-05T00:00:00Z,25171.0,25243.0,25160.0,25212.25,25716.0
2026-03-05T00:30:00Z,25212.5,25228.25,25195.25,25209.0,15030.0
2026-03-05T01:00:00Z,25209.25,25217.5,25134.0,25141.0,29480.0
2026-03-05T01:30:00Z,25140.0,25174.75,25044.0,25070.25,46678.0
2026-03-05T02:00:00Z,25071.0,25095.25,25056.0,25068.5,22857.0
2026-03-05T02:30:00Z,25069.25,25125.25,25049.0,25091.0,21956.0
2026-03-05T03:00:00Z,25091.5,25101.5,25033.25,25047.75,19142.0
2026-03-05T03:30:00Z,25047.75,25070.25,25025.5,25048.0,24609.0
2026-03-05T04:00:00Z,25047.75,25089.0,25032.0,25089.0,15146.0
2026-03-05T04:30:00Z,25088.75,25106.5,25066.75,25098.0,11082.0
2026-03-05T05:00:00Z,25097.0,25104.25,25067.5,25077.25,11896.0
2026-03-05T05:30:00Z,25077.25,25081.25,25030.0,25035.25,12285.0
2026-03-05T06:00:00Z,25035.25,25041.25,24980.75,25010.75,27152.0
2026-03-05T06:30:00Z,25010.5,25092.5,24986.75,25091.75,21733.0
2026-03-05T07:00:00Z,25092.0,25096.5,25051.0,25089.0,18597.0
2026-03-05T07:30:00Z,25087.5,25089.25,25039.25,25072.75,14809.0
2026-03-05T08:00:00Z,25071.75,25079.25,24990.0,24996.25,40683.0
2026-03-05T08:30:00Z,24995.75,25053.25,24973.0,25051.75,33390.0
2026-03-05T09:00:00Z,25051.0,25206.5,25040.75,25129.75,73952.0
2026-03-05T09:30:00Z,25129.0,25146.25,25082.0,25114.25,38080.0
2026-03-05T10:00:00Z,25114.25,25142.75,25085.75,25135.75,23660.0
2026-03-05T10:30:00Z,25136.0,25143.25,25092.25,25107.0,19226.0
2026-03-05T11:00:00Z,25107.25,25148.5,25083.5,25135.5,17855.0
2026-03-05T11:30:00Z,25135.0,25152.0,25089.25,25093.25,17362.0
2026-03-05T12:00:00Z,25094.25,25156.75,25078.25,25119.0,23717.0
2026-03-05T12:30:00Z,25119.0,25124.75,25037.5,25068.25,30640.0
2026-03-05T13:00:00Z,25069.25,25076.0,25021.25,25056.0,29071.0
2026-03-05T13:30:00Z,25056.0,25070.0,24981.5,24993.75,48422.0
2026-03-05T14:00:00Z,24994.25,25013.0,24962.25,24987.75,55575.0
2026-03-05T14:30:00Z,24987.75,25188.0,24985.25,25185.75,232942.0
2026-03-05T15:00:00Z,25185.25,25208.25,24991.25,25012.25,198183.0
2026-03-05T15:30:00Z,25011.75,25097.0,24930.5,25081.5,191822.0
2026-03-05T16:00:00Z,25081.75,25092.5,24940.0,24968.5,150959.0
2026-03-05T16:30:00Z,24967.75,25054.25,24965.0,25042.75,100530.0
2026-03-05T17:00:00Z,25043.0,25123.0,24925.75,24927.5,129360.0
2026-03-05T17:30:00Z,24928.25,24944.75,24785.25,24806.75,144619.0
2026-03-05T18:00:00Z,24806.75,24889.0,24781.5,24793.5,102203.0
2026-03-05T18:30:00Z,24792.75,24869.75,24774.0,24814.25,84056.0
2026-03-05T19:00:00Z,24814.25,24881.25,24803.0,24838.75,69536.0
2026-03-05T19:30:00Z,24838.75,24883.0,24792.75,24858.0,68371.0
2026-03-05T20:00:00Z,24858.25,24994.25,24826.25,24954.5,105690.0
2026-03-05T20:30:00Z,24954.5,25055.75,24940.75,25048.5,96267.0
2026-03-05T21:00:00Z,25048.0,25051.0,25012.0,25029.75,27565.0
2026-03-05T21:30:00Z,25029.5,25030.0,25000.0,25010.5,11473.0
2026-03-05T23:00:00Z,25015.75,25054.5,25000.75,25048.0,10292.0
2026-03-05T23:30:00Z,25047.25,25070.0,25037.5,25060.75,12948.0
2026-03-06T00:00:00Z,25060.5,25098.5,25059.0,25072.75,15623.0
2026-03-06T00:30:00Z,25073.5,25093.0,25066.5,25074.0,12388.0
2026-03-06T01:00:00Z,25073.75,25091.25,25038.0,25052.5,18701.0
2026-03-06T01:30:00Z,25053.0,25088.75,25041.75,25066.75,20488.0
2026-03-06T02:00:00Z,25067.5,25116.25,25060.0,25109.5,16060.0
2026-03-06T02:30:00Z,25109.25,25112.0,25068.25,25069.5,13798.0
2026-03-06T03:00:00Z,25070.0,25099.75,25069.75,25083.75,10489.0
2026-03-06T03:30:00Z,25084.5,25116.0,25074.25,25113.0,12022.0
2026-03-06T04:00:00Z,25113.75,25115.25,25093.5,25097.5,8136.0
2026-03-06T04:30:00Z,25097.0,25137.75,25095.5,25106.75,11629.0
2026-03-06T05:00:00Z,25118.75,25130.0,25111.25,25121.0,10199.0
2026-03-06T05:30:00Z,25120.5,25141.5,25106.75,25117.75,11658.0
2026-03-06T06:00:00Z,25118.25,25137.25,25108.0,25112.25,10364.0
2026-03-06T06:30:00Z,25112.0,25122.25,25100.5,25106.75,9172.0
2026-03-06T07:00:00Z,25106.5,25140.25,25091.25,25130.5,15692.0
2026-03-06T07:30:00Z,25131.25,25139.75,25114.0,25124.75,9588.0
2026-03-06T08:00:00Z,25125.25,25128.25,25036.5,25038.25,32088.0
2026-03-06T08:30:00Z,25038.5,25109.0,25033.0,25074.0,24363.0
2026-03-06T09:00:00Z,25074.25,25082.0,24957.5,24962.0,40093.0
2026-03-06T09:30:00Z,24961.25,24980.5,24882.0,24920.5,47357.0
2026-03-06T10:00:00Z,24920.5,24980.0,24917.75,24973.25,29715.0
2026-03-06T10:30:00Z,24971.75,24975.5,24928.25,24948.0,21037.0
2026-03-06T11:00:00Z,24947.5,24963.0,24887.0,24946.5,34899.0
2026-03-06T11:30:00Z,24947.5,24951.5,24836.25,24857.0,41324.0
2026-03-06T12:00:00Z,24857.5,24884.5,24838.5,24859.0,39528.0
2026-03-06T12:30:00Z,24859.0,24861.0,24805.25,24836.0,39331.0
2026-03-06T13:00:00Z,24835.25,24877.0,24824.5,24866.0,30768.0
2026-03-06T13:30:00Z,24874.75,24894.5,24616.75,24646.0,142868.0
2026-03-06T14:00:00Z,24646.0,24687.0,24613.0,24686.0,84075.0
2026-03-06T14:30:00Z,24685.25,24742.5,24611.75,24690.25,274650.0
2026-03-06T15:00:00Z,24690.25,24828.75,24664.25,24821.75,227172.0
2026-03-06T15:30:00Z,24822.25,24892.75,24752.0,24858.5,198962.0
2026-03-06T16:00:00Z,24858.5,24899.25,24791.0,24844.0,152227.0
2026-03-06T16:30:00Z,24843.75,24915.5,24796.25,24880.5,134077.0
2026-03-06T17:00:00Z,24881.0,24921.0,24792.75,24813.25,113156.0
2026-03-06T17:30:00Z,24812.75,24826.0,24744.0,24784.75,99642.0
2026-03-06T18:00:00Z,24785.0,24899.0,24779.25,24831.0,117663.0
2026-03-06T18:30:00Z,24830.75,24861.5,24790.5,24800.5,85614.0
2026-03-06T19:00:00Z,24800.5,24854.0,24782.75,24819.25,76350.0
2026-03-06T19:30:00Z,24819.0,24840.0,24774.25,24808.75,69478.0
2026-03-06T20:00:00Z,24808.0,24853.25,24643.25,24653.25,111343.0
2026-03-06T20:30:00Z,24652.75,24707.0,24605.0,24667.75,130627.0
2026-03-06T21:00:00Z,24667.25,24678.0,24621.75,24633.5,33432.0
2026-03-06T21:30:00Z,24634.0,24682.0,24631.25,24670.25,10621.0
2026-03-08T22:00:00Z,24246.5,24299.0,24224.0,24293.25,68470.0
2026-03-08T22:30:00Z,24293.25,24320.0,24273.25,24305.25,27367.0
2026-03-08T23:00:00Z,24305.75,24326.5,24259.5,24277.0,30003.0
2026-03-08T23:30:00Z,24277.25,24280.75,24167.0,24214.5,45732.0
2026-03-09T00:00:00Z,24215.25,24239.25,24129.25,24164.0,53021.0
2026-03-09T00:30:00Z,24164.25,24207.25,24092.0,24119.0,44234.0
2026-03-09T01:00:00Z,24118.75,24137.5,24063.0,24071.75,41860.0
2026-03-09T01:30:00Z,24071.25,24116.75,24005.0,24008.25,44425.0
2026-03-09T02:00:00Z,24010.5,24066.75,23999.0,24047.5,40101.0
2026-03-09T02:30:00Z,24047.0,24103.5,24027.75,24085.0,28500.0
2026-03-09T03:00:00Z,24084.0,24130.0,24081.25,24098.75,24070.0
2026-03-09T03:30:00Z,24098.25,24132.75,24076.75,24096.0,23297.0
2026-03-09T04:00:00Z,24093.5,24134.75,24092.0,24130.5,16997.0
2026-03-09T04:30:00Z,24129.75,24134.5,24099.0,24101.5,11669.0
2026-03-09T05:00:00Z,24102.0,24205.0,24086.0,24203.25,30788.0
2026-03-09T05:30:00Z,24203.0,24258.5,24162.0,24257.75,28903.0
2026-03-09T06:00:00Z,24258.0,24316.75,24230.5,24294.25,27130.0
2026-03-09T06:30:00Z,24294.75,24307.75,24226.75,24245.25,22453.0
2026-03-09T07:00:00Z,24245.0,24314.25,24210.25,24298.75,29648.0
2026-03-09T07:30:00Z,24299.75,24304.0,24255.5,24277.5,21343.0
2026-03-09T08:00:00Z,24278.0,24315.75,24233.0,24276.75,52524.0
2026-03-09T08:30:00Z,24277.0,24337.75,24268.0,24313.5,36358.0
2026-03-09T09:00:00Z,24313.75,24428.75,24284.25,24410.0,40094.0
2026-03-09T09:30:00Z,24409.0,24495.0,24380.0,24420.0,49417.0
2026-03-09T10:00:00Z,24420.25,24434.75,24368.75,24379.25,28565.0
2026-03-09T10:30:00Z,24379.0,24417.75,24344.75,24370.75,28058.0
2026-03-09T11:00:00Z,24372.0,24413.25,24350.0,24360.75,22836.0
2026-03-09T11:30:00Z,24360.75,24423.5,24354.25,24384.0,24422.0
2026-03-09T12:00:00Z,24384.25,24460.0,24378.5,24452.5,27913.0
2026-03-09T12:30:00Z,24451.75,24457.25,24348.75,24379.5,33815.0
2026-03-09T13:00:00Z,24380.0,24445.75,24375.0,24432.5,47862.0
2026-03-09T13:30:00Z,24432.75,24526.0,24313.25,24371.25,220976.0
2026-03-09T14:00:00Z,24371.25,24476.0,24323.5,24401.75,194751.0
2026-03-09T14:30:00Z,24401.0,24584.75,24398.25,24550.25,156528.0
2026-03-09T15:00:00Z,24550.0,24649.75,24549.5,24642.75,108392.0
2026-03-09T15:30:00Z,24643.0,24658.5,24592.5,24641.5,91228.0
2026-03-09T16:00:00Z,24642.75,24728.25,24630.0,24690.75,90336.0
2026-03-09T16:30:00Z,24691.0,24750.0,24653.5,24709.0,81346.0
2026-03-09T17:00:00Z,24709.25,24712.5,24606.0,24612.75,80061.0
2026-03-09T17:30:00Z,24612.5,24630.75,24575.5,24610.75,76899.0
2026-03-09T18:00:00Z,24611.75,24683.5,24608.75,24650.5,74280.0
2026-03-09T18:30:00Z,24650.0,24708.25,24647.5,24655.75,61156.0
2026-03-09T19:00:00Z,24656.0,24960.0,24640.75,24953.0,132531.0
2026-03-09T19:30:00Z,24953.5,25054.5,24894.25,24992.0,158505.0
2026-03-09T20:00:00Z,24992.0,25025.75,24906.75,24963.25,45875.0
2026-03-09T20:30:00Z,24962.0,24975.0,24938.75,24958.25,22061.0
2026-03-09T22:00:00Z,24978.0,24983.0,24873.25,24933.5,27550.0
2026-03-09T22:30:00Z,24933.75,24936.0,24888.0,24908.0,15842.0
2026-03-09T23:00:00Z,24908.5,24933.0,24891.25,24917.5,13351.0
2026-03-09T23:30:00Z,24917.0,24918.75,24858.25,24881.75,16831.0
2026-03-10T00:00:00Z,24881.5,24919.5,24832.5,24917.25,28859.0
2026-03-10T00:30:00Z,24916.5,24970.25,24893.5,24934.5,24404.0
2026-03-10T01:00:00Z,24934.75,24978.0,24925.75,24955.25,21256.0
2026-03-10T01:30:00Z,24955.25,24998.25,24935.25,24987.75,18453.0
2026-03-10T02:00:00Z,24987.0,24999.25,24966.25,24974.0,10833.0
2026-03-10T02:30:00Z,24973.25,24975.5,24906.75,24927.0,18407.0
2026-03-10T03:00:00Z,24926.75,24961.5,24909.75,24923.5,16823.0
2026-03-10T03:30:00Z,24922.75,24925.25,24854.25,24888.5,18778.0
2026-03-10T04:00:00Z,24885.0,24906.0,24874.0,24887.0,11344.0
2026-03-10T04:30:00Z,24888.25,24920.0,24879.5,24904.5,10801.0
2026-03-10T05:00:00Z,24903.75,24956.25,24902.75,24933.75,13120.0
2026-03-10T05:30:00Z,24933.75,24962.5,24921.0,24957.0,10266.0
2026-03-10T06:00:00Z,24957.0,24967.75,24941.0,24965.25,8573.0
2026-03-10T06:30:00Z,24965.5,24983.0,24943.5,24953.25,11195.0
2026-03-10T07:00:00Z,24953.0,25065.5,24939.5,25059.5,29332.0
2026-03-10T07:30:00Z,25059.0,25076.75,25024.0,25073.0,24111.0
2026-03-10T08:00:00Z,25073.25,25145.0,25063.0,25123.75,37850.0
2026-03-10T08:30:00Z,25123.25,25146.75,25079.25,25086.75,23814.0
2026-03-10T09:00:00Z,25087.0,25134.5,25081.25,25108.0,17909.0
2026-03-10T09:30:00Z,25108.0,25127.75,25085.5,25090.75,14759.0
2026-03-10T10:00:00Z,25091.25,25095.75,25045.0,25079.5,19843.0
2026-03-10T10:30:00Z,25079.0,25092.25,25020.25,25066.5,22655.0
2026-03-10T11:00:00Z,25065.75,25108.0,24994.75,25022.75,38066.0
2026-03-10T11:30:00Z,25023.5,25027.25,24958.5,24971.5,26880.0
2026-03-10T12:00:00Z,24972.5,24976.0,24900.75,24918.75,36143.0
2026-03-10T12:30:00Z,24919.25,24999.5,24892.5,24968.75,39595.0
2026-03-10T13:00:00Z,24969.0,25008.75,24959.25,24990.75,40309.0
2026-03-10T13:30:00Z,24990.5,25081.0,24945.5,24964.25,226866.0
2026-03-10T14:00:00Z,24964.5,25024.75,24892.5,25003.5,200316.0
2026-03-10T14:30:00Z,25003.75,25153.25,25001.75,25151.75,137797.0
2026-03-10T15:00:00Z,25151.25,25182.0,25117.5,25143.25,105437.0
2026-03-10T15:30:00Z,25143.0,25172.0,25109.0,25148.75,87444.0
2026-03-10T16:00:00Z,25149.25,25161.5,25080.0,25131.5,93093.0
2026-03-10T16:30:00Z,25131.5,25169.25,25117.25,25156.0,70280.0
2026-03-10T17:00:00Z,25156.25,25217.75,25145.25,25212.0,84082.0
2026-03-10T17:30:00Z,25212.25,25212.25,25102.0,25169.25,109242.0
2026-03-10T18:00:00Z,25169.5,25180.75,24987.5,25067.5,161965.0
2026-03-10T18:30:00Z,25067.0,25109.5,25024.25,25029.0,123696.0
2026-03-10T19:00:00Z,25029.75,25073.0,24985.75,24988.0,103223.0
2026-03-10T19:30:00Z,24988.5,25032.75,24940.75,24985.75,119222.0
2026-03-10T20:00:00Z,24985.75,25038.25,24985.5,25024.25,30411.0
2026-03-10T20:30:00Z,25024.0,25029.0,24993.0,25008.75,10107.0
2026-03-10T22:00:00Z,25015.0,25020.0,24968.25,24972.0,9576.0
2026-03-10T22:30:00Z,24971.75,24977.75,24951.5,24970.0,8134.0
2026-03-10T23:00:00Z,24970.5,24995.25,24963.25,24984.75,9957.0
2026-03-10T23:30:00Z,24984.75,25025.5,24974.0,25015.75,12486.0
2026-03-11T00:00:00Z,25016.5,25085.75,25009.25,25069.25,28902.0
2026-03-11T00:30:00Z,25069.25,25076.75,25052.0,25061.0,11941.0
2026-03-11T01:00:00Z,25061.25,25083.5,25050.5,25076.0,11978.0
2026-03-11T01:30:00Z,25076.0,25098.0,25073.0,25091.0,10209.0
2026-03-11T02:00:00Z,25091.0,25102.5,25075.25,25088.5,9360.0
2026-03-11T02:30:00Z,25087.5,25099.0,25073.75,25094.25,6806.0
2026-03-11T03:00:00Z,25094.25,25100.0,25086.5,25093.0,4540.0
2026-03-11T03:30:00Z,25093.0,25123.5,25092.5,25118.0,8437.0
2026-03-11T04:00:00Z,25116.0,25119.0,25110.5,25117.75,4432.0
2026-03-11T04:30:00Z,25117.75,25118.0,25086.75,25091.75,7639.0
2026-03-11T05:00:00Z,25091.75,25095.25,25056.25,25065.25,11679.0
2026-03-11T05:30:00Z,25065.25,25066.0,25025.25,25030.25,12432.0
2026-03-11T06:00:00Z,25029.5,25042.0,25008.25,25020.25,14527.0
2026-03-11T06:30:00Z,25020.0,25053.5,25019.75,25041.25,10089.0
2026-03-11T07:00:00Z,25040.75,25048.25,24998.0,25002.0,16134.0
2026-03-11T07:30:00Z,25002.5,25009.5,24947.5,25006.0,24395.0
2026-03-11T08:00:00Z,25005.5,25032.75,24997.25,25011.0,25939.0
2026-03-11T08:30:00Z,25012.5,25037.75,24934.0,24965.75,28271.0
2026-03-11T09:00:00Z,24966.5,24971.0,24921.0,24923.25,20616.0
2026-03-11T09:30:00Z,24922.75,24948.25,24899.5,24902.25,15600.0
2026-03-11T10:00:00Z,24902.0,24986.25,24895.25,24976.75,19057.0
2026-03-11T10:30:00Z,24976.5,25025.0,24970.5,25017.25,16778.0
2026-03-11T11:00:00Z,25017.75,25043.5,24970.75,24978.0,22387.0
2026-03-11T11:30:00Z,24978.0,24998.25,24928.5,24946.25,30188.0
2026-03-11T12:00:00Z,24947.0,24998.5,24937.75,24991.5,18561.0
2026-03-11T12:30:00Z,24991.5,25056.0,24908.5,24945.5,48584.0
2026-03-11T13:00:00Z,24945.0,25036.0,24943.25,25035.0,48404.0
2026-03-11T13:30:00Z,25035.0,25115.5,25014.75,25101.5,187894.0
2026-03-11T14:00:00Z,25101.5,25180.0,24978.75,25027.75,209588.0
2026-03-11T14:30:00Z,25027.75,25080.25,24958.5,25065.0,133456.0
2026-03-11T15:00:00Z,25065.5,25090.0,24933.0,24935.25,150056.0
2026-03-11T15:30:00Z,24935.0,24964.0,24892.0,24934.75,120813.0
2026-03-11T16:00:00Z,24934.5,24953.0,24897.25,24952.0,86900.0
2026-03-11T16:30:00Z,24951.75,25012.25,24949.25,25007.0,73152.0
2026-03-11T17:00:00Z,25007.0,25035.0,24970.25,25007.25,60764.0
2026-03-11T17:30:00Z,25007.5,25016.5,24873.75,24952.25,115254.0
2026-03-11T18:00:00Z,24951.5,24961.75,24890.25,24948.5,71639.0
2026-03-11T18:30:00Z,24949.0,24977.5,24930.5,24957.75,58119.0
2026-03-11T19:00:00Z,24958.25,24966.0,24913.5,24935.0,49499.0
2026-03-11T19:30:00Z,24934.75,25006.75,24928.5,24984.0,56292.0
2026-03-11T20:00:00Z,24983.75,24991.25,24946.75,24964.5,19613.0
2026-03-11T20:30:00Z,24964.5,24969.5,24940.0,24947.5,6811.0
2026-03-11T22:00:00Z,24940.0,24949.75,24845.0,24861.0,18331.0
2026-03-11T22:30:00Z,24862.25,24871.0,24816.0,24850.0,24781.0
2026-03-11T23:00:00Z,24848.5,24854.25,24791.5,24803.75,23556.0
2026-03-11T23:30:00Z,24803.25,24805.0,24732.5,24788.0,35412.0
2026-03-12T00:00:00Z,24787.75,24791.25,24740.25,24768.5,25419.0
2026-03-12T00:30:00Z,24768.25,24805.5,24765.0,24791.0,15367.0
2026-03-12T01:00:00Z,24791.25,24820.0,24768.5,24819.25,19089.0
2026-03-12T01:30:00Z,24818.5,24842.25,24773.5,24789.25,21674.0
2026-03-12T02:00:00Z,24790.0,24795.75,24749.25,24755.25,16104.0
2026-03-12T02:30:00Z,24755.25,24760.0,24703.75,24729.75,23029.0
2026-03-12T03:00:00Z,24729.5,24758.75,24721.25,24723.25,13429.0
2026-03-12T03:30:00Z,24723.0,24729.75,24696.25,24726.5,13587.0
2026-03-12T04:00:00Z,24744.0,24751.75,24728.75,24744.0,11163.0
2026-03-12T04:30:00Z,24743.75,24746.25,24709.25,24718.75,8840.0
2026-03-12T05:00:00Z,24718.25,24777.5,24717.5,24752.5,16866.0
2026-03-12T05:30:00Z,24752.75,24779.5,24731.5,24771.25,13034.0
2026-03-12T06:00:00Z,24770.75,24787.5,24746.25,24786.75,11918.0
2026-03-12T06:30:00Z,24787.25,24813.75,24779.5,24809.5,9515.0
2026-03-12T07:00:00Z,24809.5,24838.75,24807.75,24833.75,12934.0
2026-03-12T07:30:00Z,24833.5,24872.25,24808.5,24871.75,16579.0
2026-03-12T08:00:00Z,24870.75,24902.0,24856.25,24856.5,24415.0
2026-03-12T08:30:00Z,24856.5,24890.25,24837.0,24877.25,18072.0
2026-03-12T09:00:00Z,24877.75,24883.75,24813.25,24852.0,17235.0
2026-03-12T09:30:00Z,24853.75,24921.5,24851.0,24917.0,20069.0
2026-03-12T10:00:00Z,24917.0,24926.75,24882.0,24890.0,13969.0
2026-03-12T10:30:00Z,24889.5,24926.25,24875.0,24884.0,16875.0
2026-03-12T11:00:00Z,24883.75,24890.5,24847.0,24875.5,18993.0
2026-03-12T11:30:00Z,24875.75,24929.0,24852.5,24858.25,23356.0
2026-03-12T12:00:00Z,24858.25,24862.75,24810.0,24841.75,29231.0
2026-03-12T12:30:00Z,24841.5,24844.0,24801.0,24834.25,32048.0
2026-03-12T13:00:00Z,24833.25,24852.75,24750.5,24775.5,62941.0
2026-03-12T13:30:00Z,24775.75,24834.75,24630.5,24657.5,243549.0
2026-03-12T14:00:00Z,24658.75,24750.0,24616.75,24617.25,183152.0
2026-03-12T14:30:00Z,24617.5,24725.75,24572.5,24619.75,184028.0
2026-03-12T15:00:00Z,24620.25,24640.0,24561.0,24619.5,111871.0
2026-03-12T15:30:00Z,24619.5,24710.75,24578.75,24665.25,145836.0
2026-03-12T16:00:00Z,24666.0,24735.25,24587.75,24640.75,131042.0
2026-03-12T16:30:00Z,24639.75,24715.75,24624.0,24661.75,104110.0
2026-03-12T17:00:00Z,24661.5,24724.0,24630.75,24651.0,80239.0
2026-03-12T17:30:00Z,24651.5,24693.0,24585.25,24624.25,69070.0
2026-03-12T18:00:00Z,24625.5,24671.5,24611.75,24637.25,63966.0
2026-03-12T18:30:00Z,24637.5,24646.5,24594.75,24600.0,49497.0
2026-03-12T19:00:00Z,24599.75,24633.75,24569.5,24615.5,64574.0
2026-03-12T19:30:00Z,24615.5,24643.25,24543.0,24555.75,78591.0
2026-03-12T20:00:00Z,24555.5,24574.25,24517.0,24550.0,33892.0
2026-03-12T20:30:00Z,24550.0,24577.75,24546.0,24567.25,8787.0
2026-03-12T22:00:00Z,24565.0,24587.5,24538.0,24582.0,16808.0
2026-03-12T22:30:00Z,24581.0,24601.5,24570.5,24586.25,13787.0
2026-03-12T23:00:00Z,24586.75,24613.5,24562.75,24575.75,15019.0
2026-03-12T23:30:00Z,24575.75,24587.5,24526.25,24528.75,17527.0
2026-03-13T00:00:00Z,24529.0,24639.5,24491.5,24619.25,42416.0
2026-03-13T00:30:00Z,24620.0,24647.25,24604.75,24625.75,22312.0
2026-03-13T01:00:00Z,24626.0,24661.25,24624.25,24645.5,19406.0
2026-03-13T01:30:00Z,24645.25,24653.25,24619.0,24630.25,11579.0
2026-03-13T02:00:00Z,24629.75,24651.0,24615.0,24620.25,12438.0
2026-03-13T02:30:00Z,24619.75,24639.5,24599.0,24604.0,13421.0
2026-03-13T03:00:00Z,24604.25,24620.5,24582.25,24600.0,15610.0
2026-03-13T03:30:00Z,24599.75,24629.5,24583.75,24625.25,12292.0
2026-03-13T04:00:00Z,24620.5,24620.75,24578.75,24584.5,11344.0
2026-03-13T04:30:00Z,24585.25,24588.5,24562.75,24575.75,10572.0
2026-03-13T05:00:00Z,24576.5,24585.75,24553.25,24581.0,11396.0
2026-03-13T05:30:00Z,24581.5,24599.75,24567.25,24585.75,9445.0
2026-03-13T06:00:00Z,24585.0,24596.0,24538.75,24549.25,13127.0
2026-03-13T06:30:00Z,24549.0,24560.0,24476.0,24480.75,23305.0
2026-03-13T07:00:00Z,24479.5,24488.25,24410.5,24457.25,35019.0
2026-03-13T07:30:00Z,24457.75,24476.0,24423.0,24447.5,21616.0
2026-03-13T08:00:00Z,24448.75,24460.5,24397.5,24415.5,33508.0
2026-03-13T08:30:00Z,24415.0,24523.75,24414.5,24513.0,27868.0
2026-03-13T09:00:00Z,24513.25,24574.75,24512.5,24527.5,31457.0
2026-03-13T09:30:00Z,24527.0,24553.0,24509.5,24530.25,17397.0
2026-03-13T10:00:00Z,24532.0,24613.25,24525.0,24584.5,21137.0
2026-03-13T10:30:00Z,24585.75,24623.25,24568.25,24618.0,22818.0
2026-03-13T11:00:00Z,24618.0,24653.5,24602.25,24629.25,31338.0
2026-03-13T11:30:00Z,24628.75,24665.25,24621.0,24662.75,22269.0
2026-03-13T12:00:00Z,24662.5,24676.75,24630.25,24653.75,25391.0
2026-03-13T12:30:00Z,24653.75,24735.25,24634.0,24681.25,58431.0
2026-03-13T13:00:00Z,24680.75,24689.75,24637.25,24645.5,45217.0
2026-03-13T13:30:00Z,24645.5,24805.0,24611.0,24727.75,237204.0
2026-03-13T14:00:00Z,24728.0,24765.5,24633.75,24674.25,186060.0
2026-03-13T14:30:00Z,24674.5,24728.25,24480.75,24491.0,209102.0
2026-03-13T15:00:00Z,24490.5,24569.5,24461.5,24470.0,157862.0
2026-03-13T15:30:00Z,24469.5,24496.5,24391.75,24409.0,163379.0
2026-03-13T16:00:00Z,24409.0,24474.5,24406.25,24444.25,107791.0
2026-03-13T16:30:00Z,24443.75,24488.25,24386.0,24396.75,104157.0
2026-03-13T17:00:00Z,24396.25,24474.25,24390.75,24450.25,85339.0
2026-03-13T17:30:00Z,24448.75,24456.0,24353.0,24374.25,80572.0
2026-03-13T18:00:00Z,24374.25,24416.25,24367.25,24412.0,67075.0
2026-03-13T18:30:00Z,24411.25,24472.75,24401.0,24448.75,64855.0
2026-03-13T19:00:00Z,24448.75,24449.5,24368.0,24376.75,72558.0
2026-03-13T19:30:00Z,24376.75,24404.0,24350.75,24397.5,76980.0
2026-03-13T20:00:00Z,24397.75,24400.75,24359.0,24369.0,24420.0
2026-03-13T20:30:00Z,24369.25,24394.25,24335.25,24394.25,9347.0
2026-03-15T22:00:00Z,24323.75,24350.0,24295.0,24338.75,22052.0
2026-03-15T22:30:00Z,24338.75,24476.0,24323.75,24466.0,24968.0
2026-03-15T23:00:00Z,24465.75,24495.75,24425.0,24434.25,23166.0
2026-03-15T23:30:00Z,24434.5,24461.25,24407.0,24440.5,16494.0
2026-03-16T00:00:00Z,24440.0,24526.25,24435.0,24492.25,25422.0
2026-03-16T00:30:00Z,24491.25,24521.0,24485.0,24510.75,11826.0
2026-03-16T01:00:00Z,24510.75,24523.0,24490.0,24493.25,11782.0
2026-03-16T01:30:00Z,24493.25,24525.0,24468.75,24516.5,16913.0
2026-03-16T02:00:00Z,24515.5,24518.5,24482.0,24487.25,10977.0
2026-03-16T02:30:00Z,24486.0,24500.0,24474.5,24488.5,8178.0
2026-03-16T03:00:00Z,24490.75,24514.25,24485.25,24507.5,4643.0
2026-03-16T03:30:00Z,24508.5,24539.75,24508.25,24532.75,6540.0
2026-03-16T04:00:00Z,24530.75,24550.0,24526.75,24532.75,4766.0
2026-03-16T04:30:00Z,24532.75,24534.5,24504.0,24507.0,5585.0
2026-03-16T05:00:00Z,24506.5,24526.75,24506.0,24515.5,4256.0
2026-03-16T05:30:00Z,24515.5,24562.0,24509.0,24560.0,7450.0
2026-03-16T06:00:00Z,24559.75,24564.75,24536.0,24539.0,5354.0
2026-03-16T06:30:00Z,24538.75,24568.0,24537.75,24565.25,4541.0
2026-03-16T07:00:00Z,24564.5,24585.25,24527.75,24531.25,9315.0
2026-03-16T07:30:00Z,24532.0,24541.75,24504.0,24513.75,8833.0
2026-03-16T08:00:00Z,24513.0,24570.5,24503.5,24527.75,14321.0
2026-03-16T08:30:00Z,24529.75,24542.0,24497.25,24528.5,10026.0
2026-03-16T09:00:00Z,24528.5,24536.75,24486.0,24512.0,9601.0
2026-03-16T09:30:00Z,24512.0,24515.75,24478.0,24491.75,9245.0
2026-03-16T10:00:00Z,24491.25,24582.5,24487.5,24572.0,11130.0
2026-03-16T10:30:00Z,24571.0,24614.0,24553.75,24604.25,14178.0
2026-03-16T11:00:00Z,24604.0,24612.0,24576.5,24578.0,9406.0
2026-03-16T11:30:00Z,24580.0,24636.75,24576.5,24625.75,12370.0
2026-03-16T12:00:00Z,24624.75,24678.75,24624.25,24665.0,14931.0
2026-03-16T12:30:00Z,24665.0,24689.75,24647.5,24658.25,17263.0
2026-03-16T13:00:00Z,24658.0,24682.25,24648.25,24655.5,17261.0
2026-03-16T13:30:00Z,24656.0,24744.25,24623.0,24736.75,102899.0
2026-03-16T14:00:00Z,24736.0,24765.75,24696.25,24717.5,67224.0
2026-03-16T14:30:00Z,24718.0,24721.0,24602.25,24694.5,88666.0
2026-03-16T15:00:00Z,24694.75,24736.5,24647.0,24715.75,50607.0
2026-03-16T15:30:00Z,24715.25,24739.75,24668.25,24675.5,38453.0
2026-03-16T16:00:00Z,24675.25,24704.0,24620.75,24633.75,41025.0
2026-03-16T16:30:00Z,24632.75,24698.25,24617.25,24674.0,34695.0
2026-03-16T17:00:00Z,24674.75,24727.25,24674.25,24696.5,32558.0
2026-03-16T17:30:00Z,24697.0,24712.0,24652.0,24681.5,25029.0
2026-03-16T18:00:00Z,24682.75,24730.0,24676.5,24720.0,25138.0
2026-03-16T18:30:00Z,24719.5,24735.5,24701.5,24704.75,17492.0
2026-03-16T19:00:00Z,24704.0,24816.25,24659.5,24683.5,54236.0
2026-03-16T19:30:00Z,24683.5,24693.25,24636.5,24669.5,30447.0
2026-03-16T20:00:00Z,24669.75,24685.25,24648.75,24650.0,10791.0
2026-03-16T20:30:00Z,24651.25,24666.0,24640.25,24659.5,4478.0
2026-03-16T22:00:00Z,24660.0,24666.5,24625.25,24647.75,3944.0
2026-03-16T22:30:00Z,24648.75,24652.25,24619.25,24624.0,2786.0
2026-03-16T23:00:00Z,24623.75,24647.75,24622.25,24638.75,3363.0
2026-03-16T23:30:00Z,24639.75,24667.75,24634.75,24666.5,3367.0
2026-03-17T00:00:00Z,24666.75,24667.75,24603.0,24616.75,6472.0
2026-03-17T00:30:00Z,24618.25,24649.5,24590.0,24600.25,4882.0
2026-03-17T01:00:00Z,24600.25,24626.0,24597.75,24612.5,4000.0
2026-03-17T01:30:00Z,24612.25,24634.0,24597.0,24623.0,4540.0
2026-03-17T02:00:00Z,24621.25,24625.5,24601.5,24608.0,3379.0
2026-03-17T02:30:00Z,24609.5,24619.0,24572.5,24578.5,3121.0
2026-03-17T03:00:00Z,24579.0,24598.5,24572.5,24587.0,2884.0
2026-03-17T03:30:00Z,24587.5,24591.75,24566.75,24575.5,2888.0
2026-03-17T04:00:00Z,24583.75,24602.25,24582.75,24596.75,990.0
2026-03-17T04:30:00Z,24598.25,24635.75,24597.75,24623.0,2892.0
2026-03-17T05:00:00Z,24623.0,24640.75,24616.25,24628.5,1788.0
2026-03-17T05:30:00Z,24628.75,24634.5,24540.5,24544.0,4390.0
2026-03-17T06:00:00Z,24544.0,24562.25,24517.5,24554.75,6211.0
2026-03-17T06:30:00Z,24552.75,24563.0,24530.5,24543.25,2766.0
2026-03-17T07:00:00Z,24540.75,24588.75,24525.0,24581.75,4349.0
2026-03-17T07:30:00Z,24581.5,24816.25,24580.5,24772.0,119021.0
2026-03-17T08:00:00Z,24771.25,24809.5,24754.0,24758.25,18156.0
2026-03-17T08:30:00Z,24759.0,24799.0,24739.75,24769.75,14479.0
2026-03-17T09:00:00Z,24768.25,24845.0,24768.0,24841.5,13546.0
2026-03-17T09:30:00Z,24840.25,24850.5,24821.75,24844.0,10407.0
2026-03-17T10:00:00Z,24843.25,24844.25,24793.5,24808.25,10357.0
2026-03-17T10:30:00Z,24807.75,24813.5,24801.5,24804.5,280.0
2026-03-17T10:31:28Z,24808.0,24808.0,24808.0,24808.0,0.0
