timestamp,open,high,low,close,volume
2026-01-05T05:00:00Z,25487.5,25489.25,25481.0,25486.75,0.0
2026-01-05T05:05:00Z,25486.75,25487.0,25469.0,25472.75,1636.0
2026-01-05T05:10:00Z,25472.75,25477.25,25469.75,25470.5,858.0
2026-01-05T05:15:00Z,25470.0,25474.5,25465.75,25472.0,901.0
2026-01-05T05:20:00Z,25471.5,25480.5,25470.5,25479.0,987.0
2026-01-05T05:25:00Z,25479.25,25483.0,25477.0,25479.75,683.0
2026-01-05T05:30:00Z,25479.75,25484.5,25477.0,25483.5,718.0
2026-01-05T05:35:00Z,25483.25,25484.25,25475.25,25477.0,674.0
2026-01-05T05:40:00Z,25477.5,25484.5,25476.0,25482.5,740.0
2026-01-05T05:45:00Z,25482.0,25488.5,25479.75,25484.75,895.0
2026-01-05T05:50:00Z,25485.25,25488.75,25484.25,25485.25,584.0
2026-01-05T05:55:00Z,25486.25,25497.5,25485.0,25495.0,1601.0
2026-01-05T06:00:00Z,25494.5,25500.75,25492.5,25496.0,1430.0
2026-01-05T06:05:00Z,25496.5,25502.0,25494.0,25494.25,953.0
2026-01-05T06:10:00Z,25494.25,25498.25,25491.0,25495.25,846.0
2026-01-05T06:15:00Z,25495.75,25501.0,25490.75,25499.0,811.0
2026-01-05T06:20:00Z,25499.0,25504.5,25491.5,25492.75,1228.0
2026-01-05T06:25:00Z,25493.5,25494.25,25478.0,25480.0,1813.0
2026-01-05T06:30:00Z,25479.75,25481.75,25468.5,25476.5,2275.0
2026-01-05T06:35:00Z,25476.75,25485.75,25473.75,25483.75,1402.0
2026-01-05T06:40:00Z,25484.0,25490.0,25479.5,25488.75,1036.0
2026-01-05T06:45:00Z,25489.25,25502.5,25488.5,25501.75,1575.0
2026-01-05T06:50:00Z,25502.0,25507.25,25498.25,25498.5,1373.0
2026-01-05T06:55:00Z,25499.0,25508.25,25498.25,25506.25,915.0
2026-01-05T07:00:00Z,25506.25,25508.0,25497.25,25500.75,1390.0
2026-01-05T07:05:00Z,25500.5,25509.25,25499.5,25502.5,885.0
2026-01-05T07:10:00Z,25502.5,25503.5,25488.5,25494.0,1332.0
2026-01-05T07:15:00Z,25494.0,25494.25,25483.75,25484.75,902.0
2026-01-05T07:20:00Z,25486.25,25488.75,25468.0,25472.0,2238.0
2026-01-05T07:25:00Z,25472.5,25473.25,25458.75,25470.75,2299.0
2026-01-05T07:30:00Z,25471.0,25483.75,25468.25,25473.25,2198.0
2026-01-05T07:35:00Z,25473.0,25474.25,25462.5,25467.75,1370.0
2026-01-05T07:40:00Z,25467.25,25469.5,25462.0,25464.25,1174.0
2026-01-05T07:45:00Z,25464.25,25465.0,25455.25,25464.75,1471.0
2026-01-05T07:50:00Z,25465.0,25477.5,25462.25,25476.25,1466.0
2026-01-05T07:55:00Z,25476.0,25483.5,25476.0,25478.0,1185.0
2026-01-05T08:00:00Z,25478.0,25486.0,25467.5,25484.75,3012.0
2026-01-05T08:05:00Z,25483.5,25489.25,25479.25,25487.75,1574.0
2026-01-05T08:10:00Z,25487.75,25523.0,25486.0,25520.75,4720.0
2026-01-05T08:15:00Z,25521.5,25542.75,25519.5,25541.25,4190.0
2026-01-05T08:20:00Z,25541.75,25556.0,25541.75,25547.0,4143.0
2026-01-05T08:25:00Z,25547.25,25549.25,25532.75,25537.5,2633.0
2026-01-05T08:30:00Z,25537.0,25544.75,25532.25,25532.75,1948.0
2026-01-05T08:35:00Z,25533.0,25540.5,25524.5,25527.0,1870.0
2026-01-05T08:40:00Z,25526.5,25527.25,25515.75,25522.25,1789.0
2026-01-05T08:45:00Z,25522.0,25528.0,25515.75,25525.75,1555.0
2026-01-05T08:50:00Z,25525.75,25526.5,25514.25,25518.25,1596.0
2026-01-05T08:55:00Z,25517.75,25520.0,25507.5,25512.25,1423.0
2026-01-05T09:00:00Z,25511.5,25529.0,25506.75,25527.75,2386.0
2026-01-05T09:05:00Z,25528.5,25532.5,25517.75,25523.5,2028.0
2026-01-05T09:10:00Z,25522.75,25527.75,25515.75,25522.5,1169.0
2026-01-05T09:15:00Z,25521.75,25525.0,25513.5,25522.75,1172.0
2026-01-05T09:20:00Z,25523.75,25530.0,25507.75,25509.75,1508.0
2026-01-05T09:25:00Z,25509.0,25510.25,25495.5,25498.75,2450.0
2026-01-05T09:30:00Z,25497.75,25511.0,25495.25,25509.75,1657.0
2026-01-05T09:35:00Z,25509.75,25518.75,25506.0,25517.75,1813.0
2026-01-05T09:40:00Z,25518.5,25524.5,25509.75,25517.25,1612.0
2026-01-05T09:45:00Z,25517.0,25521.25,25507.0,25508.5,1210.0
2026-01-05T09:50:00Z,25508.0,25523.25,25508.0,25515.0,1223.0
2026-01-05T09:55:00Z,25514.25,25515.0,25505.25,25511.75,1229.0
2026-01-05T10:00:00Z,25511.75,25522.75,25510.5,25522.5,1550.0
2026-01-05T10:05:00Z,25522.75,25535.0,25522.0,25531.5,1603.0
2026-01-05T10:10:00Z,25531.25,25546.0,25528.25,25541.0,1817.0
2026-01-05T10:15:00Z,25541.25,25549.75,25540.0,25547.5,1447.0
2026-01-05T10:20:00Z,25547.25,25553.25,25545.75,25550.75,1810.0
2026-01-05T10:25:00Z,25550.0,25554.75,25543.5,25544.5,1475.0
2026-01-05T10:30:00Z,25544.5,25546.75,25538.0,25542.5,1431.0
2026-01-05T10:35:00Z,25542.75,25544.75,25534.25,25538.0,1227.0
2026-01-05T10:40:00Z,25538.0,25549.25,25536.5,25541.0,1457.0
2026-01-05T10:45:00Z,25541.75,25557.75,25541.5,25554.75,1855.0
2026-01-05T10:50:00Z,25554.25,25556.5,25543.5,25555.75,1060.0
2026-01-05T10:55:00Z,25556.5,25558.75,25548.5,25553.75,1073.0
2026-01-05T11:00:00Z,25554.25,25559.75,25552.0,25558.0,1207.0
2026-01-05T11:05:00Z,25557.5,25563.5,25544.25,25546.75,2047.0
2026-01-05T11:10:00Z,25546.75,25554.75,25545.5,25554.25,920.0
2026-01-05T11:15:00Z,25555.0,25557.0,25551.75,25556.0,895.0
2026-01-05T11:20:00Z,25556.25,25567.5,25555.75,25561.75,1951.0
2026-01-05T11:25:00Z,25562.0,25566.75,25548.25,25548.5,2108.0
2026-01-05T11:30:00Z,25548.25,25563.0,25548.0,25558.0,1385.0
2026-01-05T11:35:00Z,25557.75,25573.0,25557.75,25568.5,2339.0
2026-01-05T11:40:00Z,25569.5,25572.0,25564.5,25567.25,1228.0
2026-01-05T11:45:00Z,25566.5,25574.75,25565.5,25570.75,1369.0
2026-01-05T11:50:00Z,25570.75,25577.0,25569.0,25569.75,1288.0
2026-01-05T11:55:00Z,25569.5,25575.25,25565.75,25567.75,1328.0
2026-01-05T12:00:00Z,25567.75,25586.75,25564.75,25566.0,3574.0
2026-01-05T12:05:00Z,25566.25,25580.75,25561.5,25570.75,2532.0
2026-01-05T12:10:00Z,25570.5,25576.25,25568.25,25568.5,779.0
2026-01-05T12:15:00Z,25568.5,25573.0,25566.0,25572.75,1026.0
2026-01-05T12:20:00Z,25573.5,25578.75,25569.0,25570.25,1235.0
2026-01-05T12:25:00Z,25570.25,25571.25,25557.25,25558.75,1451.0
2026-01-05T12:30:00Z,25559.5,25569.75,25551.25,25562.75,2411.0
2026-01-05T12:35:00Z,25563.5,25572.25,25562.25,25570.0,1161.0
2026-01-05T12:40:00Z,25570.0,25570.0,25545.0,25550.5,2787.0
2026-01-05T12:45:00Z,25551.0,25556.25,25544.5,25555.75,1809.0
2026-01-05T12:50:00Z,25556.25,25561.5,25546.0,25556.0,1678.0
2026-01-05T12:55:00Z,25556.25,25563.25,25553.75,25557.5,1084.0
2026-01-05T13:00:00Z,25558.0,25566.75,25555.5,25559.0,2020.0
2026-01-05T13:05:00Z,25559.5,25560.0,25545.25,25546.75,1722.0
2026-01-05T13:10:00Z,25546.5,25572.75,25545.25,25562.0,2932.0
2026-01-05T13:15:00Z,25562.0,25563.25,25551.25,25552.0,1704.0
2026-01-05T13:20:00Z,25551.75,25551.75,25520.0,25527.25,5201.0
2026-01-05T13:25:00Z,25527.5,25541.25,25521.75,25537.75,3116.0
2026-01-05T13:30:00Z,25537.5,25560.0,25537.5,25559.75,3469.0
2026-01-05T13:35:00Z,25560.0,25564.25,25550.0,25556.0,2695.0
2026-01-05T13:40:00Z,25555.75,25556.25,25541.0,25546.75,3048.0
2026-01-05T13:45:00Z,25547.0,25567.0,25544.0,25564.5,3130.0
2026-01-05T13:50:00Z,25565.0,25570.75,25560.0,25567.25,2660.0
2026-01-05T13:55:00Z,25567.25,25591.5,25566.75,25576.0,6002.0
2026-01-05T14:00:00Z,25575.75,25616.5,25575.25,25615.5,9860.0
2026-01-05T14:05:00Z,25615.5,25616.25,25592.75,25597.25,6185.0
2026-01-05T14:10:00Z,25597.25,25612.75,25595.5,25607.75,3580.0
2026-01-05T14:15:00Z,25607.75,25620.75,25606.0,25620.25,4308.0
2026-01-05T14:20:00Z,25620.75,25626.5,25614.75,25623.25,4687.0
2026-01-05T14:25:00Z,25623.25,25646.75,25617.0,25642.5,12349.0
2026-01-05T14:30:00Z,25643.0,25673.0,25581.5,25590.0,56108.0
2026-01-05T14:35:00Z,25589.75,25607.0,25550.5,25567.75,45921.0
2026-01-05T14:40:00Z,25568.75,25613.5,25539.25,25602.25,43017.0
2026-01-05T14:45:00Z,25602.5,25632.75,25560.25,25596.25,45405.0
2026-01-05T14:50:00Z,25596.75,25624.25,25573.25,25608.0,30282.0
2026-01-05T14:55:00Z,25607.25,25621.75,25567.25,25594.75,21838.0
2026-01-05T15:00:00Z,25594.75,25642.0,25565.5,25634.5,30384.0
2026-01-05T15:05:00Z,25634.5,25651.5,25616.75,25647.25,26182.0
2026-01-05T15:10:00Z,25647.5,25652.0,25624.25,25639.0,18122.0
2026-01-05T15:15:00Z,25639.5,25662.5,25625.0,25661.75,20124.0
2026-01-05T15:20:00Z,25661.5,25664.0,25638.5,25662.25,17516.0
2026-01-05T15:25:00Z,25662.0,25684.0,25633.25,25673.25,25199.0
2026-01-05T15:30:00Z,25673.5,25691.25,25667.0,25683.75,16693.0
2026-01-05T15:35:00Z,25683.25,25687.5,25650.25,25655.0,17479.0
2026-01-05T15:40:00Z,25655.0,25672.5,25636.75,25641.25,17089.0
2026-01-05T15:45:00Z,25641.25,25662.75,25640.75,25657.25,10892.0
2026-01-05T15:50:00Z,25657.25,25668.75,25643.75,25654.0,11889.0
2026-01-05T15:55:00Z,25653.75,25671.75,25641.0,25664.5,11598.0
2026-01-05T16:00:00Z,25664.5,25674.5,25651.25,25670.0,10838.0
2026-01-05T16:05:00Z,25670.25,25694.0,25662.5,25687.25,13528.0
2026-01-05T16:10:00Z,25687.5,25696.75,25671.5,25672.5,11614.0
2026-01-05T16:15:00Z,25672.5,25686.0,25668.0,25676.5,9653.0
2026-01-05T16:20:00Z,25677.5,25689.5,25674.5,25686.25,6436.0
2026-01-05T16:25:00Z,25685.75,25690.5,25680.75,25683.75,6219.0
2026-01-05T16:30:00Z,25683.5,25696.5,25675.75,25677.0,9399.0
2026-01-05T16:35:00Z,25677.25,25692.25,25673.75,25685.5,8125.0
2026-01-05T16:40:00Z,25686.25,25688.5,25662.5,25680.5,10667.0
2026-01-05T16:45:00Z,25680.5,25706.25,25679.0,25701.5,11103.0
2026-01-05T16:50:00Z,25701.75,25708.0,25677.0,25681.25,11293.0
2026-01-05T16:55:00Z,25681.25,25684.25,25657.25,25658.0,11143.0
2026-01-05T17:00:00Z,25658.75,25673.0,25652.5,25665.0,11572.0
2026-01-05T17:05:00Z,25664.75,25669.25,25649.0,25655.25,9383.0
2026-01-05T17:10:00Z,25655.0,25673.5,25642.5,25671.5,10334.0
2026-01-05T17:15:00Z,25672.0,25673.25,25643.75,25647.75,9369.0
2026-01-05T17:20:00Z,25647.75,25650.25,25627.25,25631.75,11181.0
2026-01-05T17:25:00Z,25631.0,25632.25,25615.25,25628.75,12437.0
2026-01-05T17:30:00Z,25629.25,25630.25,25607.5,25614.75,10777.0
2026-01-05T17:35:00Z,25615.75,25635.0,25613.0,25626.0,8585.0
2026-01-05T17:40:00Z,25626.25,25632.0,25611.25,25613.5,6843.0
2026-01-05T17:45:00Z,25613.5,25635.25,25611.0,25626.5,8735.0
2026-01-05T17:50:00Z,25627.0,25628.25,25610.5,25619.5,7439.0
2026-01-05T17:55:00Z,25619.75,25630.25,25615.75,25626.75,4354.0
2026-01-05T18:00:00Z,25626.5,25632.25,25618.0,25626.0,5350.0
2026-01-05T18:05:00Z,25626.5,25627.25,25589.25,25603.25,12228.0
2026-01-05T18:10:00Z,25603.0,25608.5,25592.0,25597.75,6918.0
2026-01-05T18:15:00Z,25597.5,25597.75,25557.0,25578.0,18276.0
2026-01-05T18:20:00Z,25577.5,25600.0,25566.5,25598.75,11787.0
2026-01-05T18:25:00Z,25599.25,25607.5,25590.5,25605.75,9318.0
2026-01-05T18:30:00Z,25605.5,25615.5,25600.5,25607.25,8303.0
2026-01-05T18:35:00Z,25607.25,25610.5,25589.25,25606.5,8987.0
2026-01-05T18:40:00Z,25606.75,25620.0,25604.25,25618.0,5811.0
2026-01-05T18:45:00Z,25618.0,25625.75,25616.5,25617.75,5953.0
2026-01-05T18:50:00Z,25617.5,25617.5,25607.75,25612.0,5534.0
2026-01-05T18:55:00Z,25611.5,25615.0,25605.75,25612.75,3759.0
2026-01-05T19:00:00Z,25613.0,25618.5,25610.0,25615.5,5283.0
2026-01-05T19:05:00Z,25616.25,25616.5,25601.5,25607.25,5477.0
2026-01-05T19:10:00Z,25607.0,25607.5,25592.0,25601.25,6352.0
2026-01-05T19:15:00Z,25601.25,25604.5,25595.75,25600.0,3566.0
2026-01-05T19:20:00Z,25599.75,25602.75,25591.5,25592.5,3063.0
2026-01-05T19:25:00Z,25593.25,25599.5,25583.75,25585.0,5242.0
2026-01-05T19:30:00Z,25585.5,25591.25,25581.25,25586.25,5524.0
2026-01-05T19:35:00Z,25586.5,25588.75,25564.0,25571.5,7884.0
2026-01-05T19:40:00Z,25571.5,25571.5,25548.5,25563.25,12368.0
2026-01-05T19:45:00Z,25563.0,25584.25,25562.0,25576.5,9224.0
2026-01-05T19:50:00Z,25576.5,25577.25,25564.5,25573.5,6484.0
2026-01-05T19:55:00Z,25574.0,25587.5,25571.75,25577.0,6373.0
2026-01-05T20:00:00Z,25577.25,25578.75,25565.75,25571.75,8027.0
2026-01-05T20:05:00Z,25571.5,25594.0,25567.0,25592.5,8158.0
2026-01-05T20:10:00Z,25592.5,25603.75,25590.5,25599.75,9674.0
2026-01-05T20:15:00Z,25599.75,25607.25,25593.5,25597.0,6104.0
2026-01-05T20:20:00Z,25596.75,25600.75,25592.5,25599.25,4693.0
2026-01-05T20:25:00Z,25599.5,25602.75,25594.5,25600.0,3845.0
2026-01-05T20:30:00Z,25600.25,25605.0,25590.5,25596.0,6133.0
2026-01-05T20:35:00Z,25596.25,25603.5,25596.25,25600.25,3461.0
2026-01-05T20:40:00Z,25600.25,25602.75,25593.0,25599.75,4200.0
2026-01-05T20:45:00Z,25599.5,25613.0,25598.25,25606.75,6537.0
2026-01-05T20:50:00Z,25607.0,25618.75,25569.0,25572.5,15753.0
2026-01-05T20:55:00Z,25572.25,25589.75,25566.5,25587.0,23601.0
2026-01-05T21:00:00Z,25587.5,25590.5,25573.0,25589.5,7183.0
2026-01-05T21:05:00Z,25589.25,25590.5,25581.25,25583.0,2136.0
2026-01-05T21:10:00Z,25583.25,25583.75,25574.25,25579.25,2494.0
2026-01-05T21:15:00Z,25579.25,25584.5,25576.75,25580.25,1202.0
2026-01-05T21:20:00Z,25580.5,25585.25,25580.0,25585.0,1343.0
2026-01-05T21:25:00Z,25584.75,25588.75,25583.0,25584.5,1219.0
2026-01-05T21:30:00Z,25584.75,25587.5,25582.75,25586.0,1032.0
2026-01-05T21:35:00Z,25586.0,25588.75,25584.25,25585.75,779.0
2026-01-05T21:40:00Z,25586.0,25586.0,25578.25,25579.5,1235.0
2026-01-05T21:45:00Z,25579.25,25582.5,25577.75,25579.25,1343.0
2026-01-05T21:50:00Z,25579.5,25582.5,25578.25,25581.25,647.0
2026-01-05T21:55:00Z,25581.0,25584.75,25576.75,25578.5,881.0
2026-01-05T23:00:00Z,25581.0,25595.25,25580.25,25590.0,0.0
2026-01-05T23:05:00Z,25589.75,25596.25,25587.0,25593.0,1091.0
2026-01-05T23:10:00Z,25592.75,25597.5,25585.25,25587.5,1243.0
2026-01-05T23:15:00Z,25588.5,25589.75,25578.0,25585.25,1552.0
2026-01-05T23:20:00Z,25584.75,25588.5,25581.25,25584.5,568.0
2026-01-05T23:25:00Z,25584.5,25591.0,25584.25,25587.75,892.0
2026-01-05T23:30:00Z,25587.25,25588.0,25566.25,25567.25,2820.0
2026-01-05T23:35:00Z,25567.5,25574.5,25565.25,25572.5,1189.0
2026-01-05T23:40:00Z,25573.0,25573.75,25567.0,25571.0,1103.0
2026-01-05T23:45:00Z,25571.5,25574.25,25566.0,25567.5,1201.0
2026-01-05T23:50:00Z,25567.0,25568.5,25560.0,25562.25,1606.0
2026-01-05T23:55:00Z,25562.5,25570.0,25562.5,25566.0,984.0
2026-01-06T00:00:00Z,25566.25,25579.5,25564.25,25576.75,2524.0
2026-01-06T00:05:00Z,25577.75,25582.25,25562.5,25565.25,1879.0
2026-01-06T00:10:00Z,25564.5,25567.5,25555.25,25556.25,2123.0
2026-01-06T00:15:00Z,25556.25,25562.0,25554.0,25560.5,1330.0
2026-01-06T00:20:00Z,25560.25,25572.25,25558.75,25568.5,1288.0
2026-01-06T00:25:00Z,25568.25,25572.5,25564.0,25572.0,1011.0
2026-01-06T00:30:00Z,25571.75,25574.0,25564.0,25564.75,1136.0
2026-01-06T00:35:00Z,25564.75,25567.0,25553.75,25556.25,1810.0
2026-01-06T00:40:00Z,25556.75,25559.0,25552.25,25559.0,1223.0
2026-01-06T00:45:00Z,25558.75,25563.5,25558.25,25561.5,830.0
2026-01-06T00:50:00Z,25561.75,25566.0,25557.5,25565.5,864.0
2026-01-06T00:55:00Z,25565.25,25567.0,25558.5,25563.75,948.0
2026-01-06T01:00:00Z,25564.0,25572.5,25555.5,25567.5,2026.0
2026-01-06T01:05:00Z,25567.5,25573.75,25564.0,25566.5,1084.0
2026-01-06T01:10:00Z,25565.5,25579.5,25565.0,25572.0,1495.0
2026-01-06T01:15:00Z,25572.0,25585.25,25566.25,25582.5,2173.0
2026-01-06T01:20:00Z,25582.5,25590.75,25580.75,25590.75,1611.0
2026-01-06T01:25:00Z,25590.75,25598.75,25590.25,25593.75,1991.0
2026-01-06T01:30:00Z,25593.25,25598.0,25592.25,25593.25,1218.0
2026-01-06T01:35:00Z,25593.25,25595.5,25591.0,25594.0,1071.0
2026-01-06T01:40:00Z,25593.5,25598.5,25591.5,25593.0,869.0
2026-01-06T01:45:00Z,25593.0,25596.5,25590.0,25593.75,864.0
2026-01-06T01:50:00Z,25593.75,25596.0,25590.25,25595.75,820.0
2026-01-06T01:55:00Z,25595.5,25602.75,25594.5,25597.75,1841.0
2026-01-06T02:00:00Z,25598.0,25606.0,25596.5,25600.0,1535.0
2026-01-06T02:05:00Z,25600.25,25605.25,25597.0,25597.25,941.0
2026-01-06T02:10:00Z,25598.0,25598.5,25593.5,25593.75,785.0
2026-01-06T02:15:00Z,25593.75,25597.25,25592.75,25597.0,728.0
2026-01-06T02:20:00Z,25597.0,25604.25,25595.0,25603.5,981.0
2026-01-06T02:25:00Z,25603.75,25608.0,25602.5,25603.75,1244.0
2026-01-06T02:30:00Z,25604.75,25610.25,25602.5,25603.25,940.0
2026-01-06T02:35:00Z,25603.5,25616.25,25600.75,25614.75,1330.0
2026-01-06T02:40:00Z,25615.25,25617.0,25611.5,25614.25,1054.0
2026-01-06T02:45:00Z,25613.75,25624.0,25611.75,25623.25,1426.0
2026-01-06T02:50:00Z,25623.75,25625.0,25620.75,25623.25,1137.0
2026-01-06T02:55:00Z,25623.75,25625.25,25621.75,25624.0,587.0
2026-01-06T03:00:00Z,25623.75,25627.0,25622.5,25625.0,821.0
2026-01-06T03:05:00Z,25625.25,25626.5,25622.25,25622.5,615.0
2026-01-06T03:10:00Z,25622.75,25629.5,25620.75,25625.25,1130.0
2026-01-06T03:15:00Z,25625.25,25627.75,25621.75,25622.75,602.0
2026-01-06T03:20:00Z,25622.25,25624.25,25620.5,25623.0,662.0
2026-01-06T03:25:00Z,25623.0,25625.0,25621.25,25622.5,450.0
2026-01-06T03:30:00Z,25622.25,25625.0,25621.25,25622.5,668.0
2026-01-06T03:35:00Z,25622.5,25628.5,25621.5,25621.5,920.0
2026-01-06T03:40:00Z,25621.5,25626.5,25621.0,25625.75,463.0
2026-01-06T03:45:00Z,25626.25,25626.5,25617.25,25619.25,1152.0
2026-01-06T03:50:00Z,25619.5,25620.75,25616.5,25619.25,820.0
2026-01-06T03:55:00Z,25619.75,25625.0,25619.0,25620.5,657.0
2026-01-06T04:00:00Z,25620.75,25635.25,25620.25,25628.0,2462.0
2026-01-06T04:05:00Z,25628.0,25633.75,25627.5,25632.5,740.0
2026-01-06T04:10:00Z,25633.5,25639.25,25633.5,25637.0,913.0
2026-01-06T04:15:00Z,25636.75,25639.75,25633.75,25637.0,892.0
2026-01-06T04:20:00Z,25636.5,25637.25,25633.75,25635.0,676.0
2026-01-06T04:25:00Z,25634.75,25641.75,25634.75,25640.0,747.0
2026-01-06T04:30:00Z,25640.25,25645.75,25634.75,25635.0,1912.0
2026-01-06T04:35:00Z,25635.0,25641.0,25632.25,25639.5,1114.0
2026-01-06T04:40:00Z,25639.5,25641.75,25637.25,25639.25,563.0
2026-01-06T04:45:00Z,25639.25,25643.0,25636.75,25641.5,586.0
2026-01-06T04:50:00Z,25641.5,25642.75,25636.5,25642.0,593.0
2026-01-06T04:55:00Z,25642.0,25647.5,25640.0,25647.25,895.0
2026-01-06T05:05:00Z,25642.5,25643.75,25641.25,25641.25,1952.0
2026-01-06T05:10:00Z,25641.75,25651.5,25640.25,25651.0,1338.0
2026-01-06T05:15:00Z,25651.25,25652.75,25648.0,25650.25,918.0
2026-01-06T05:20:00Z,25650.25,25653.5,25649.25,25650.0,631.0
2026-01-06T05:25:00Z,25649.75,25651.25,25646.25,25647.25,728.0
2026-01-06T05:30:00Z,25647.0,25651.5,25645.25,25646.5,649.0
2026-01-06T05:35:00Z,25646.75,25649.0,25644.0,25649.0,747.0
2026-01-06T05:40:00Z,25648.5,25649.5,25641.75,25642.25,733.0
2026-01-06T05:45:00Z,25642.25,25644.25,25638.25,25642.75,1070.0
2026-01-06T05:50:00Z,25642.5,25643.5,25638.25,25641.0,535.0
2026-01-06T05:55:00Z,25640.75,25644.5,25640.75,25643.0,637.0
2026-01-06T06:00:00Z,25643.0,25654.75,25641.5,25653.0,1369.0
2026-01-06T06:05:00Z,25653.25,25657.5,25651.75,25657.5,1242.0
2026-01-06T06:10:00Z,25657.5,25658.75,25655.25,25656.5,606.0
2026-01-06T06:15:00Z,25657.0,25661.5,25654.5,25659.25,1261.0
2026-01-06T06:20:00Z,25659.75,25668.0,25657.0,25665.75,1414.0
2026-01-06T06:25:00Z,25665.75,25666.75,25659.25,25661.25,894.0
2026-01-06T06:30:00Z,25661.5,25674.0,25660.75,25673.5,2080.0
2026-01-06T06:35:00Z,25673.75,25674.5,25667.25,25672.0,981.0
2026-01-06T06:40:00Z,25671.75,25673.25,25670.0,25673.0,470.0
2026-01-06T06:45:00Z,25673.0,25673.25,25664.25,25668.25,941.0
2026-01-06T06:50:00Z,25668.25,25670.5,25667.0,25670.5,504.0
2026-01-06T06:55:00Z,25670.5,25672.0,25668.5,25669.0,429.0
2026-01-06T07:00:00Z,25669.25,25669.75,25655.0,25659.25,1503.0
2026-01-06T07:05:00Z,25659.25,25663.25,25658.75,25660.75,545.0
2026-01-06T07:10:00Z,25661.5,25665.25,25659.0,25660.75,618.0
2026-01-06T07:15:00Z,25660.5,25661.0,25650.0,25650.5,1052.0
2026-01-06T07:20:00Z,25650.25,25656.25,25649.5,25650.5,957.0
2026-01-06T07:25:00Z,25651.25,25654.0,25650.0,25652.5,394.0
2026-01-06T07:30:00Z,25652.75,25657.5,25652.0,25657.25,632.0
2026-01-06T07:35:00Z,25657.25,25657.5,25648.75,25652.75,808.0
2026-01-06T07:40:00Z,25652.75,25653.25,25647.5,25648.0,687.0
2026-01-06T07:45:00Z,25648.0,25649.5,25643.25,25646.5,1010.0
2026-01-06T07:50:00Z,25646.75,25647.0,25642.5,25643.75,669.0
2026-01-06T07:55:00Z,25643.25,25647.5,25642.75,25646.75,620.0
2026-01-06T08:00:00Z,25647.25,25647.75,25621.5,25627.25,4210.0
2026-01-06T08:05:00Z,25626.5,25636.5,25618.5,25620.5,2735.0
2026-01-06T08:10:00Z,25621.25,25621.75,25586.25,25588.75,4545.0
2026-01-06T08:15:00Z,25588.75,25593.0,25575.5,25584.75,4651.0
2026-01-06T08:20:00Z,25584.5,25589.75,25556.0,25560.0,5318.0
2026-01-06T08:25:00Z,25559.25,25561.25,25546.0,25554.5,4670.0
2026-01-06T08:30:00Z,25553.75,25560.5,25527.0,25533.25,7614.0
2026-01-06T08:35:00Z,25534.0,25556.75,25532.75,25545.75,4190.0
2026-01-06T08:40:00Z,25545.75,25562.0,25541.5,25559.0,2738.0
2026-01-06T08:45:00Z,25559.25,25568.75,25554.75,25561.0,2561.0
2026-01-06T08:50:00Z,25561.0,25575.75,25555.75,25573.75,2104.0
2026-01-06T08:55:00Z,25573.75,25578.75,25570.5,25572.75,1439.0
2026-01-06T09:00:00Z,25572.0,25579.75,25562.0,25571.75,2966.0
2026-01-06T09:05:00Z,25571.75,25578.0,25557.0,25567.25,2312.0
2026-01-06T09:10:00Z,25567.0,25583.25,25565.5,25578.25,2268.0
2026-01-06T09:15:00Z,25577.75,25587.75,25569.75,25576.0,2032.0
2026-01-06T09:20:00Z,25576.5,25578.25,25561.0,25571.25,1937.0
2026-01-06T09:25:00Z,25571.25,25574.5,25565.75,25569.75,812.0
2026-01-06T09:30:00Z,25569.75,25576.0,25564.25,25570.5,1114.0
2026-01-06T09:35:00Z,25571.0,25582.0,25570.0,25577.75,1430.0
2026-01-06T09:40:00Z,25578.5,25590.5,25578.5,25588.5,1598.0
2026-01-06T09:45:00Z,25588.5,25588.75,25579.5,25587.75,1126.0
2026-01-06T09:50:00Z,25588.0,25608.25,25581.25,25593.75,4368.0
2026-01-06T09:55:00Z,25594.25,25599.0,25584.75,25585.75,2186.0
2026-01-06T10:00:00Z,25586.5,25589.5,25580.75,25583.25,1201.0
2026-01-06T10:05:00Z,25582.0,25590.5,25575.5,25583.75,1673.0
2026-01-06T10:10:00Z,25583.0,25592.0,25578.75,25579.25,1235.0
2026-01-06T10:15:00Z,25579.25,25582.5,25575.75,25576.25,946.0
2026-01-06T10:20:00Z,25576.75,25579.75,25571.25,25577.75,1364.0
2026-01-06T10:25:00Z,25578.0,25583.5,25576.25,25580.25,925.0
2026-01-06T10:30:00Z,25580.0,25587.75,25577.5,25583.75,942.0
2026-01-06T10:35:00Z,25584.25,25591.0,25581.25,25590.5,767.0
2026-01-06T10:40:00Z,25591.0,25594.75,25587.25,25591.0,1014.0
2026-01-06T10:45:00Z,25591.5,25595.0,25586.0,25587.0,1017.0
2026-01-06T10:50:00Z,25587.5,25597.5,25583.75,25595.5,1142.0
2026-01-06T10:55:00Z,25595.75,25596.25,25591.0,25592.25,751.0
2026-01-06T11:00:00Z,25593.25,25601.5,25592.5,25600.0,1123.0
2026-01-06T11:05:00Z,25600.25,25601.5,25594.5,25601.5,936.0
2026-01-06T11:10:00Z,25601.5,25605.0,25599.25,25599.5,990.0
2026-01-06T11:15:00Z,25600.0,25600.25,25589.5,25598.25,1264.0
2026-01-06T11:20:00Z,25598.25,25602.0,25594.0,25597.5,802.0
2026-01-06T11:25:00Z,25597.75,25597.75,25591.25,25592.75,637.0
2026-01-06T11:30:00Z,25592.75,25596.25,25591.5,25595.75,631.0
2026-01-06T11:35:00Z,25596.0,25596.75,25591.0,25594.0,568.0
2026-01-06T11:40:00Z,25595.0,25597.75,25590.5,25595.75,823.0
2026-01-06T11:45:00Z,25595.5,25599.0,25590.0,25592.0,755.0
2026-01-06T11:50:00Z,25592.5,25603.0,25592.5,25601.0,962.0
2026-01-06T11:55:00Z,25601.0,25614.25,25596.25,25596.75,2276.0
2026-01-06T12:00:00Z,25596.5,25605.75,25591.5,25598.75,1605.0
2026-01-06T12:05:00Z,25598.5,25608.25,25597.5,25605.75,1020.0
2026-01-06T12:10:00Z,25605.5,25616.75,25604.75,25614.5,1669.0
2026-01-06T12:15:00Z,25614.25,25616.0,25610.75,25611.5,1117.0
2026-01-06T12:20:00Z,25611.0,25617.0,25608.0,25614.0,1140.0
2026-01-06T12:25:00Z,25614.0,25616.25,25613.0,25615.75,713.0
2026-01-06T12:30:00Z,25615.75,25618.75,25611.5,25616.0,1567.0
2026-01-06T12:35:00Z,25616.25,25620.25,25614.25,25617.5,1074.0
2026-01-06T12:40:00Z,25617.5,25635.0,25617.5,25633.25,3076.0
2026-01-06T12:45:00Z,25633.75,25639.75,25632.0,25639.75,2352.0
2026-01-06T12:50:00Z,25639.5,25640.0,25631.5,25634.25,1760.0
2026-01-06T12:55:00Z,25634.25,25649.25,25633.0,25641.25,2865.0
2026-01-06T13:00:00Z,25640.75,25652.75,25638.25,25643.5,2805.0
2026-01-06T13:05:00Z,25644.0,25644.25,25630.5,25631.75,2193.0
2026-01-06T13:10:00Z,25632.25,25639.5,25623.75,25631.0,3233.0
2026-01-06T13:15:00Z,25631.0,25642.25,25629.0,25630.5,2113.0
2026-01-06T13:20:00Z,25630.25,25633.5,25624.5,25630.0,1827.0
2026-01-06T13:25:00Z,25630.0,25634.0,25619.75,25625.5,2072.0
2026-01-06T13:30:00Z,25624.5,25635.0,25620.25,25632.25,2198.0
2026-01-06T13:35:00Z,25632.25,25637.5,25621.5,25626.75,2386.0
2026-01-06T13:40:00Z,25626.75,25630.75,25620.25,25621.25,1636.0
2026-01-06T13:45:00Z,25621.25,25623.0,25605.25,25609.75,3771.0
2026-01-06T13:50:00Z,25610.25,25615.5,25590.5,25612.5,6647.0
2026-01-06T13:55:00Z,25612.75,25625.25,25612.75,25616.25,3739.0
2026-01-06T14:00:00Z,25616.5,25619.25,25592.75,25606.75,7018.0
2026-01-06T14:05:00Z,25606.75,25612.0,25599.25,25600.25,3959.0
2026-01-06T14:10:00Z,25600.0,25616.25,25598.75,25615.0,3569.0
2026-01-06T14:15:00Z,25615.25,25618.0,25610.5,25616.0,3106.0
2026-01-06T14:20:00Z,25615.0,25618.0,25608.0,25614.5,2861.0
2026-01-06T14:25:00Z,25614.25,25639.75,25613.25,25636.25,8711.0
2026-01-06T14:30:00Z,25636.0,25675.5,25631.5,25651.75,20191.0
2026-01-06T14:35:00Z,25656.5,25679.0,25643.75,25647.5,53598.0
2026-01-06T14:40:00Z,25639.75,25666.25,25608.75,25666.25,48419.0
2026-01-06T14:45:00Z,25666.0,25719.0,25661.75,25710.0,45030.0
2026-01-06T14:50:00Z,25710.0,25749.5,25706.75,25732.0,30781.0
2026-01-06T14:55:00Z,25732.25,25761.5,25724.75,25753.0,25250.0
2026-01-06T15:00:00Z,25753.25,25773.0,25740.5,25749.25,29529.0
2026-01-06T15:05:00Z,25749.0,25767.0,25735.25,25738.0,23140.0
2026-01-06T15:10:00Z,25737.75,25760.5,25726.25,25754.0,23171.0
2026-01-06T15:15:00Z,25753.75,25769.75,25741.5,25754.0,20061.0
2026-01-06T15:20:00Z,25754.5,25767.75,25731.75,25763.25,18526.0
2026-01-06T15:25:00Z,25763.5,25778.75,25759.25,25760.25,16244.0
2026-01-06T15:30:00Z,25767.0,25767.0,25751.0,25756.5,14665.0
2026-01-06T15:35:00Z,25755.5,25755.5,25740.5,25741.75,23880.0
2026-01-06T15:40:00Z,25742.25,25746.5,25729.25,25731.5,16819.0
2026-01-06T15:45:00Z,25716.0,25730.25,25711.5,25727.0,25612.0
2026-01-06T15:50:00Z,25727.0,25735.0,25692.0,25693.0,21259.0
2026-01-06T15:55:00Z,25687.75,25693.25,25676.5,25687.75,29375.0
2026-01-06T16:00:00Z,25687.25,25687.75,25665.0,25666.0,19325.0
2026-01-06T16:05:00Z,25664.75,25674.75,25645.5,25649.75,24787.0
2026-01-06T16:10:00Z,25675.5,25678.0,25668.5,25670.0,24546.0
2026-01-06T16:15:00Z,25676.25,25684.0,25673.75,25681.5,17666.0
2026-01-06T16:20:00Z,25681.0,25706.25,25676.5,25705.5,15242.0
2026-01-06T16:25:00Z,25678.75,25685.0,25675.25,25676.75,20082.0
2026-01-06T16:30:00Z,25677.0,25691.75,25672.25,25688.75,7932.0
2026-01-06T16:35:00Z,25689.75,25692.0,25674.0,25687.5,19829.0
2026-01-06T16:40:00Z,25664.0,25667.5,25658.5,25665.5,18795.0
2026-01-06T16:45:00Z,25665.75,25693.0,25663.0,25689.75,11518.0
2026-01-06T16:50:00Z,25689.5,25696.75,25688.75,25693.75,2202.0
2026-01-06T16:55:00Z,25669.0,25697.75,25667.75,25695.75,21437.0
2026-01-06T17:00:00Z,25695.75,25697.5,25674.5,25680.25,7384.0
2026-01-06T17:05:00Z,25710.75,25715.5,25703.0,25708.0,15910.0
2026-01-06T17:10:00Z,25708.5,25718.25,25707.25,25714.5,10436.0
2026-01-06T17:15:00Z,25714.0,25718.5,25712.75,25713.25,5318.0
2026-01-06T17:20:00Z,25727.75,25733.0,25725.75,25732.75,9469.0
2026-01-06T17:25:00Z,25739.25,25743.0,25731.25,25735.0,15783.0
2026-01-06T17:30:00Z,25735.25,25756.5,25735.25,25756.25,8910.0
2026-01-06T17:35:00Z,25761.5,25771.5,25761.0,25771.25,8866.0
2026-01-06T17:40:00Z,25772.25,25772.75,25764.75,25769.25,15749.0
2026-01-06T17:45:00Z,25772.25,25772.75,25747.5,25756.0,13043.0
2026-01-06T17:50:00Z,25756.25,25761.75,25750.75,25761.25,4667.0
2026-01-06T17:55:00Z,25758.25,25761.5,25756.75,25759.75,6844.0
2026-01-06T18:00:00Z,25759.75,25763.25,25755.5,25758.5,3060.0
2026-01-06T18:05:00Z,25751.0,25759.0,25745.25,25757.5,9667.0
2026-01-06T18:10:00Z,25756.0,25758.75,25754.25,25758.0,3127.0
2026-01-06T18:15:00Z,25770.75,25779.0,25769.25,25775.5,9084.0
2026-01-06T18:20:00Z,25778.0,25778.5,25770.75,25773.5,6625.0
2026-01-06T18:25:00Z,25773.25,25773.75,25757.75,25759.5,6481.0
2026-01-06T18:30:00Z,25759.75,25768.5,25750.0,25753.75,7056.0
2026-01-06T18:35:00Z,25754.25,25770.0,25753.75,25764.75,4654.0
2026-01-06T18:40:00Z,25766.0,25771.5,25765.5,25770.0,4335.0
2026-01-06T18:45:00Z,25786.0,25804.25,25785.5,25800.75,17748.0
2026-01-06T18:50:00Z,25801.0,25806.0,25796.25,25799.0,7397.0
2026-01-06T18:55:00Z,25798.5,25801.5,25795.25,25800.0,4485.0
2026-01-06T19:00:00Z,25805.0,25808.75,25799.0,25799.75,6971.0
2026-01-06T19:05:00Z,25800.75,25804.0,25794.0,25794.75,8266.0
2026-01-06T19:10:00Z,25794.75,25809.5,25794.0,25807.25,6287.0
2026-01-06T19:15:00Z,25807.0,25808.25,25801.75,25805.25,3567.0
2026-01-06T19:20:00Z,25807.75,25814.5,25807.5,25809.25,5325.0
2026-01-06T19:25:00Z,25807.5,25811.0,25806.5,25808.75,4576.0
2026-01-06T19:30:00Z,25808.75,25816.75,25806.5,25816.0,4894.0
2026-01-06T19:35:00Z,25816.25,25816.75,25810.75,25811.0,4308.0
2026-01-06T19:40:00Z,25815.0,25820.25,25814.0,25818.5,4021.0
2026-01-06T19:45:00Z,25816.25,25818.75,25814.5,25816.0,4515.0
2026-01-06T19:50:00Z,25816.25,25817.25,25810.5,25811.0,3830.0
2026-01-06T19:55:00Z,25811.0,25812.75,25806.25,25809.5,4951.0
2026-01-06T20:00:00Z,25812.5,25815.75,25811.25,25815.25,5892.0
2026-01-06T20:05:00Z,25808.0,25808.5,25802.25,25804.5,7454.0
2026-01-06T20:10:00Z,25804.5,25813.5,25804.0,25813.5,3890.0
2026-01-06T20:15:00Z,25814.25,25830.0,25813.0,25817.75,8594.0
2026-01-06T20:20:00Z,25817.75,25819.0,25810.5,25811.0,3525.0
2026-01-06T20:25:00Z,25811.0,25816.5,25809.0,25815.75,1879.0
2026-01-06T20:30:00Z,25814.0,25816.0,25812.0,25815.5,4858.0
2026-01-06T20:35:00Z,25821.75,25824.75,25821.0,25824.0,4103.0
2026-01-06T20:40:00Z,25828.75,25829.75,25825.75,25829.0,11495.0
2026-01-06T20:45:00Z,25829.25,25831.75,25824.25,25830.0,2915.0
2026-01-06T20:50:00Z,25829.75,25835.25,25822.25,25832.0,17511.0
2026-01-06T20:55:00Z,25832.0,25837.75,25826.25,25835.5,7878.0
2026-01-06T21:00:00Z,25818.75,25820.25,25817.5,25818.75,18548.0
2026-01-06T21:05:00Z,25819.75,25823.75,25817.5,25822.25,4356.0
2026-01-06T21:10:00Z,25822.5,25826.5,25820.0,25820.25,2697.0
2026-01-06T21:15:00Z,25820.0,25826.75,25819.75,25826.25,1569.0
2026-01-06T21:20:00Z,25826.0,25826.5,25823.75,25823.75,190.0
2026-01-06T21:25:00Z,25824.0,25824.25,25822.25,25822.75,1506.0
2026-01-06T21:30:00Z,25822.75,25823.0,25818.5,25821.5,1154.0
2026-01-06T21:35:00Z,25821.75,25823.0,25819.5,25822.5,1420.0
2026-01-06T21:40:00Z,25822.25,25827.75,25822.0,25826.5,1457.0
2026-01-06T21:45:00Z,25826.25,25830.25,25825.0,25829.25,1696.0
2026-01-06T21:50:00Z,25829.25,25833.25,25826.0,25830.5,1308.0
2026-01-06T21:55:00Z,25830.0,25833.0,25828.25,25831.25,1255.0
2026-01-06T23:00:00Z,25834.5,25844.75,25821.75,25836.25,0.0
2026-01-06T23:05:00Z,25836.0,25839.0,25826.75,25838.0,1555.0
2026-01-06T23:10:00Z,25837.25,25838.75,25828.0,25830.0,963.0
2026-01-06T23:15:00Z,25829.75,25831.25,25826.0,25827.5,863.0
2026-01-06T23:20:00Z,25827.5,25827.75,25820.0,25824.5,1162.0
2026-01-06T23:25:00Z,25825.25,25827.0,25821.25,25825.5,744.0
2026-01-06T23:30:00Z,25825.5,25825.75,25820.25,25820.5,916.0
2026-01-06T23:35:00Z,25820.5,25823.75,25814.5,25815.75,1239.0
2026-01-06T23:40:00Z,25816.75,25820.0,25815.5,25818.75,611.0
2026-01-06T23:45:00Z,25818.75,25827.25,25818.25,25821.5,1029.0
2026-01-06T23:50:00Z,25822.0,25830.25,25821.25,25828.75,986.0
2026-01-06T23:55:00Z,25828.5,25830.75,25823.75,25825.0,902.0
2026-01-07T00:00:00Z,25825.25,25841.0,25820.75,25839.25,3133.0
2026-01-07T00:05:00Z,25839.25,25842.5,25831.5,25838.25,1679.0
2026-01-07T00:10:00Z,25838.25,25840.75,25825.5,25832.0,1892.0
2026-01-07T00:15:00Z,25831.5,25837.25,25827.25,25829.25,1046.0
2026-01-07T00:20:00Z,25829.75,25834.75,25827.25,25830.25,621.0
2026-01-07T00:25:00Z,25830.0,25834.75,25828.0,25832.0,669.0
2026-01-07T00:30:00Z,25832.0,25832.5,25820.25,25826.0,1622.0
2026-01-07T00:35:00Z,25825.5,25828.25,25822.5,25824.75,570.0
2026-01-07T00:40:00Z,25824.75,25825.5,25818.75,25823.75,808.0
2026-01-07T00:45:00Z,25824.25,25834.5,25822.75,25828.0,1541.0
2026-01-07T00:50:00Z,25828.25,25838.0,25827.5,25836.25,1374.0
2026-01-07T00:55:00Z,25835.75,25836.25,25826.75,25829.0,960.0
2026-01-07T01:00:00Z,25829.0,25834.0,25826.75,25828.0,965.0
2026-01-07T01:05:00Z,25827.75,25835.0,25827.75,25831.0,818.0
2026-01-07T01:10:00Z,25830.5,25834.25,25829.5,25831.75,472.0
2026-01-07T01:15:00Z,25831.5,25831.5,25815.75,25818.0,2172.0
2026-01-07T01:20:00Z,25817.75,25818.75,25811.5,25815.0,1660.0
2026-01-07T01:25:00Z,25814.5,25824.0,25812.75,25814.75,1572.0
2026-01-07T01:30:00Z,25815.0,25821.75,25811.75,25820.5,1215.0
2026-01-07T01:35:00Z,25820.25,25827.0,25819.0,25824.5,1380.0
2026-01-07T01:40:00Z,25824.25,25828.75,25818.0,25819.0,968.0
2026-01-07T01:45:00Z,25818.5,25821.25,25815.75,25818.75,775.0
2026-01-07T01:50:00Z,25818.25,25822.25,25814.5,25815.0,1033.0
2026-01-07T01:55:00Z,25814.5,25821.75,25812.0,25816.25,991.0
2026-01-07T02:00:00Z,25816.5,25824.75,25814.25,25823.0,1133.0
2026-01-07T02:05:00Z,25823.5,25832.75,25816.0,25817.5,1811.0
2026-01-07T02:10:00Z,25817.75,25819.75,25810.25,25814.0,1113.0
2026-01-07T02:15:00Z,25813.75,25817.0,25810.25,25816.0,681.0
2026-01-07T02:20:00Z,25815.25,25818.0,25813.5,25814.0,435.0
2026-01-07T02:25:00Z,25814.25,25814.5,25808.5,25808.75,987.0
2026-01-07T02:30:00Z,25808.75,25810.0,25802.5,25807.25,1596.0
2026-01-07T02:35:00Z,25806.75,25810.25,25805.75,25810.0,730.0
2026-01-07T02:40:00Z,25810.25,25813.0,25807.25,25810.0,621.0
2026-01-07T02:45:00Z,25810.75,25812.25,25807.5,25809.25,535.0
2026-01-07T02:50:00Z,25809.75,25809.75,25801.75,25805.25,813.0
2026-01-07T02:55:00Z,25804.75,25808.75,25803.5,25806.75,480.0
2026-01-07T03:00:00Z,25807.0,25811.75,25806.25,25810.75,576.0
2026-01-07T03:05:00Z,25811.0,25815.75,25809.75,25812.0,858.0
2026-01-07T03:10:00Z,25812.5,25815.0,25809.25,25812.5,574.0
2026-01-07T03:15:00Z,25813.0,25822.0,25812.75,25819.0,1474.0
2026-01-07T03:20:00Z,25818.5,25820.25,25813.0,25819.5,814.0
2026-01-07T03:25:00Z,25819.75,25820.5,25815.75,25816.5,397.0
2026-01-07T03:30:00Z,25816.5,25818.75,25810.0,25812.0,633.0
2026-01-07T03:35:00Z,25812.25,25814.5,25810.5,25812.25,510.0
2026-01-07T03:40:00Z,25812.25,25815.25,25810.25,25815.25,470.0
2026-01-07T03:45:00Z,25815.25,25820.0,25813.5,25815.0,802.0
2026-01-07T03:50:00Z,25815.25,25818.75,25812.25,25812.75,450.0
2026-01-07T03:55:00Z,25812.25,25812.5,25797.5,25800.0,2101.0
2026-01-07T04:00:00Z,25800.25,25803.5,25795.0,25796.25,1586.0
2026-01-07T04:05:00Z,25796.75,25797.75,25783.75,25787.25,2511.0
2026-01-07T04:10:00Z,25787.0,25792.25,25786.5,25790.5,1161.0
2026-01-07T04:15:00Z,25791.0,25792.5,25787.0,25788.75,995.0
2026-01-07T04:20:00Z,25789.5,25791.25,25784.0,25785.25,865.0
2026-01-07T04:25:00Z,25785.75,25788.25,25781.0,25781.25,965.0
2026-01-07T04:30:00Z,25782.0,25786.75,25780.75,25786.25,1056.0
2026-01-07T04:35:00Z,25785.75,25789.75,25784.0,25785.5,882.0
2026-01-07T04:40:00Z,25785.75,25789.75,25781.75,25788.5,956.0
2026-01-07T04:45:00Z,25789.5,25794.75,25789.0,25791.0,1162.0
2026-01-07T04:50:00Z,25791.25,25791.5,25788.0,25789.25,568.0
2026-01-07T04:55:00Z,25789.25,25793.5,25783.75,25784.75,833.0
2026-01-07T05:05:00Z,25782.0,25784.25,25781.25,25784.0,2988.0
2026-01-07T05:10:00Z,25783.75,25788.25,25782.75,25787.25,693.0
2026-01-07T05:15:00Z,25787.5,25790.0,25780.25,25782.0,812.0
2026-01-07T05:20:00Z,25781.75,25786.5,25780.5,25785.75,592.0
2026-01-07T05:25:00Z,25786.25,25788.0,25781.5,25785.0,674.0
2026-01-07T05:30:00Z,25785.0,25787.75,25783.5,25787.25,601.0
2026-01-07T05:35:00Z,25787.25,25794.5,25787.0,25791.75,1075.0
2026-01-07T05:40:00Z,25792.0,25793.25,25782.5,25784.0,1263.0
2026-01-07T05:45:00Z,25783.75,25785.75,25779.0,25780.75,1182.0
2026-01-07T05:50:00Z,25780.5,25783.5,25779.0,25783.0,492.0
2026-01-07T05:55:00Z,25782.75,25786.5,25780.0,25783.5,439.0
2026-01-07T06:00:00Z,25783.0,25787.75,25782.5,25787.0,612.0
2026-01-07T06:05:00Z,25787.75,25793.5,25786.75,25792.5,732.0
2026-01-07T06:10:00Z,25793.25,25798.5,25792.0,25797.25,1140.0
2026-01-07T06:15:00Z,25797.5,25799.75,25793.0,25794.75,982.0
2026-01-07T06:20:00Z,25794.5,25799.25,25791.75,25792.0,774.0
2026-01-07T06:25:00Z,25792.0,25794.5,25783.25,25786.0,913.0
2026-01-07T06:30:00Z,25785.5,25792.75,25782.5,25783.25,757.0
2026-01-07T06:35:00Z,25783.25,25784.5,25771.25,25773.5,1706.0
2026-01-07T06:40:00Z,25773.5,25775.75,25769.0,25771.25,1188.0
2026-01-07T06:45:00Z,25772.25,25774.5,25768.0,25773.25,1061.0
2026-01-07T06:50:00Z,25773.25,25777.5,25769.75,25777.5,999.0
2026-01-07T06:55:00Z,25777.5,25777.75,25768.0,25768.75,1207.0
2026-01-07T07:00:00Z,25768.0,25776.5,25764.25,25773.5,1567.0
2026-01-07T07:05:00Z,25772.75,25776.25,25771.0,25774.5,619.0
2026-01-07T07:10:00Z,25774.25,25775.75,25770.25,25772.25,738.0
2026-01-07T07:15:00Z,25772.5,25779.75,25771.25,25774.25,1217.0
2026-01-07T07:20:00Z,25774.25,25777.25,25771.5,25774.75,604.0
2026-01-07T07:25:00Z,25775.0,25777.5,25773.0,25775.25,555.0
2026-01-07T07:30:00Z,25775.0,25775.75,25769.75,25772.25,841.0
2026-01-07T07:35:00Z,25772.5,25772.75,25766.5,25770.75,871.0
2026-01-07T07:40:00Z,25770.25,25774.75,25769.0,25769.0,599.0
2026-01-07T07:45:00Z,25768.75,25776.25,25767.75,25772.25,667.0
2026-01-07T07:50:00Z,25771.5,25772.75,25767.25,25767.75,616.0
2026-01-07T07:55:00Z,25767.5,25770.75,25765.0,25766.5,718.0
2026-01-07T08:00:00Z,25766.0,25767.75,25760.5,25764.0,2039.0
2026-01-07T08:05:00Z,25764.0,25774.75,25759.25,25774.75,1984.0
2026-01-07T08:10:00Z,25774.0,25778.75,25771.25,25774.5,1641.0
2026-01-07T08:15:00Z,25775.0,25779.5,25770.5,25777.25,1097.0
2026-01-07T08:20:00Z,25777.25,25788.25,25776.0,25777.25,2234.0
2026-01-07T08:25:00Z,25777.25,25777.25,25768.5,25770.5,1515.0
2026-01-07T08:30:00Z,25770.25,25775.5,25766.0,25767.25,1352.0
2026-01-07T08:35:00Z,25767.5,25771.75,25765.25,25769.25,1129.0
2026-01-07T08:40:00Z,25768.5,25774.0,25768.25,25773.0,960.0
2026-01-07T08:45:00Z,25772.25,25775.5,25766.5,25768.5,961.0
2026-01-07T08:50:00Z,25768.0,25770.5,25760.0,25767.0,2112.0
2026-01-07T08:55:00Z,25767.25,25768.0,25753.5,25753.5,1723.0
2026-01-07T09:00:00Z,25754.0,25758.75,25739.25,25750.75,4577.0
2026-01-07T09:05:00Z,25751.25,25751.25,25732.25,25739.25,3162.0
2026-01-07T09:10:00Z,25740.0,25747.75,25734.75,25743.5,1743.0
2026-01-07T09:15:00Z,25744.0,25746.75,25732.75,25734.75,1692.0
2026-01-07T09:20:00Z,25734.75,25736.75,25727.0,25733.0,1857.0
2026-01-07T09:25:00Z,25733.0,25745.5,25730.5,25744.25,1550.0
2026-01-07T09:30:00Z,25744.5,25755.25,25743.5,25753.75,2026.0
2026-01-07T09:35:00Z,25753.25,25755.0,25743.5,25746.75,1473.0
2026-01-07T09:40:00Z,25746.5,25753.25,25740.25,25750.75,1464.0
2026-01-07T09:45:00Z,25751.0,25757.5,25750.75,25751.75,1028.0
2026-01-07T09:50:00Z,25752.0,25752.5,25747.75,25751.0,652.0
2026-01-07T09:55:00Z,25750.5,25754.5,25749.5,25753.0,565.0
2026-01-07T10:00:00Z,25753.0,25755.75,25744.0,25755.75,1282.0
2026-01-07T10:05:00Z,25755.5,25758.75,25753.25,25756.25,1216.0
2026-01-07T10:10:00Z,25755.75,25762.5,25753.75,25758.5,1100.0
2026-01-07T10:15:00Z,25758.75,25759.0,25747.5,25747.5,985.0
2026-01-07T10:20:00Z,25747.75,25749.5,25743.5,25747.25,1074.0
2026-01-07T10:25:00Z,25746.75,25747.25,25734.25,25735.75,1508.0
2026-01-07T10:30:00Z,25734.75,25735.5,25727.75,25732.0,1233.0
2026-01-07T10:35:00Z,25732.5,25741.5,25732.0,25738.75,1078.0
2026-01-07T10:40:00Z,25739.25,25741.0,25732.5,25733.25,932.0
2026-01-07T10:45:00Z,25734.0,25734.25,25728.0,25732.0,1110.0
2026-01-07T10:50:00Z,25731.5,25738.25,25731.0,25731.75,946.0
2026-01-07T10:55:00Z,25732.0,25739.75,25730.25,25739.25,1106.0
2026-01-07T11:00:00Z,25739.75,25740.5,25734.25,25737.5,1108.0
2026-01-07T11:05:00Z,25737.75,25738.25,25731.75,25735.0,685.0
2026-01-07T11:10:00Z,25734.5,25748.25,25731.75,25744.5,1724.0
2026-01-07T11:15:00Z,25744.5,25750.0,25742.25,25748.25,1059.0
2026-01-07T11:20:00Z,25748.25,25748.25,25742.0,25743.25,902.0
2026-01-07T11:25:00Z,25743.5,25745.0,25738.75,25741.75,731.0
2026-01-07T11:30:00Z,25742.0,25753.75,25739.75,25753.5,1800.0
2026-01-07T11:35:00Z,25753.5,25767.5,25752.25,25758.25,2628.0
2026-01-07T11:40:00Z,25759.0,25763.0,25757.25,25758.0,1264.0
2026-01-07T11:45:00Z,25758.0,25762.5,25756.25,25759.75,986.0
2026-01-07T11:50:00Z,25760.0,25764.0,25757.5,25763.5,814.0
2026-01-07T11:55:00Z,25763.5,25768.75,25762.5,25767.75,1512.0
2026-01-07T12:00:00Z,25767.25,25774.0,25762.0,25771.25,2197.0
2026-01-07T12:05:00Z,25771.25,25775.25,25768.25,25772.25,1750.0
2026-01-07T12:10:00Z,25772.5,25781.0,25771.0,25772.5,2270.0
2026-01-07T12:15:00Z,25772.5,25780.25,25769.25,25776.5,1550.0
2026-01-07T12:20:00Z,25776.5,25780.0,25774.25,25779.75,1242.0
2026-01-07T12:25:00Z,25779.75,25782.25,25774.0,25774.75,1663.0
2026-01-07T12:30:00Z,25774.5,25775.0,25753.25,25758.75,3250.0
2026-01-07T12:35:00Z,25758.25,25762.25,25754.0,25760.75,1800.0
2026-01-07T12:40:00Z,25760.25,25770.0,25757.0,25767.25,1785.0
2026-01-07T12:45:00Z,25767.25,25777.75,25766.25,25775.75,1558.0
2026-01-07T12:50:00Z,25775.5,25776.25,25765.5,25765.75,1764.0
2026-01-07T12:55:00Z,25765.5,25768.75,25759.25,25766.25,1602.0
2026-01-07T13:00:00Z,25766.0,25766.0,25755.25,25765.0,2473.0
2026-01-07T13:05:00Z,25765.25,25769.0,25758.75,25760.5,1605.0
2026-01-07T13:10:00Z,25761.0,25766.5,25756.25,25758.75,1781.0
2026-01-07T13:15:00Z,25763.0,25773.5,25761.25,25766.5,2111.0
2026-01-07T13:20:00Z,25767.0,25773.25,25763.75,25769.75,2583.0
2026-01-07T13:25:00Z,25769.0,25776.5,25768.0,25775.25,1995.0
2026-01-07T13:30:00Z,25775.5,25791.25,25773.75,25774.5,5168.0
2026-01-07T13:35:00Z,25774.0,25786.25,25766.0,25782.5,4483.0
2026-01-07T13:40:00Z,25782.5,25793.75,25779.5,25790.75,3837.0
2026-01-07T13:45:00Z,25790.25,25790.75,25777.0,25783.0,3640.0
2026-01-07T13:50:00Z,25783.0,25787.5,25771.25,25784.5,3738.0
2026-01-07T13:55:00Z,25784.0,25789.75,25783.0,25788.5,2276.0
2026-01-07T14:00:00Z,25788.5,25789.5,25773.5,25776.25,4606.0
2026-01-07T14:05:00Z,25776.25,25776.5,25761.5,25769.25,5519.0
2026-01-07T14:10:00Z,25768.75,25776.25,25767.5,25772.5,2602.0
2026-01-07T14:15:00Z,25772.5,25782.75,25770.25,25780.0,3257.0
2026-01-07T14:20:00Z,25780.25,25781.0,25763.0,25772.5,4815.0
2026-01-07T14:25:00Z,25772.75,25791.5,25771.5,25790.25,8204.0
2026-01-07T14:30:00Z,25790.75,25822.5,25770.75,25822.0,43408.0
2026-01-07T14:35:00Z,25822.0,25836.0,25797.25,25835.25,33239.0
2026-01-07T14:40:00Z,25835.0,25864.25,25822.5,25854.75,31205.0
2026-01-07T14:45:00Z,25854.75,25873.25,25840.5,25857.5,25473.0
2026-01-07T14:50:00Z,25858.0,25875.0,25845.5,25854.25,22952.0
2026-01-07T14:55:00Z,25854.75,25880.0,25852.75,25857.0,15978.0
2026-01-07T15:00:00Z,25855.0,25865.75,25812.0,25842.25,36728.0
2026-01-07T15:05:00Z,25842.0,25869.0,25833.0,25855.75,24875.0
2026-01-07T15:10:00Z,25856.0,25870.75,25852.25,25859.25,17158.0
2026-01-07T15:15:00Z,25859.0,25860.25,25822.25,25836.75,28399.0
2026-01-07T15:20:00Z,25836.5,25861.5,25827.5,25858.5,17880.0
2026-01-07T15:25:00Z,25858.25,25875.75,25837.75,25866.0,20397.0
2026-01-07T15:30:00Z,25866.25,25888.0,25856.75,25882.5,21949.0
2026-01-07T15:35:00Z,25882.25,25902.0,25810.0,25850.5,39495.0
2026-01-07T15:40:00Z,25851.25,25874.0,25837.5,25854.5,28943.0
2026-01-07T15:45:00Z,25854.75,25905.75,25851.25,25898.0,23718.0
2026-01-07T15:50:00Z,25898.25,25911.25,25893.25,25906.0,15142.0
2026-01-07T15:55:00Z,25905.5,25908.0,25896.75,25905.75,8897.0
2026-01-07T16:00:00Z,25905.25,25926.0,25903.0,25920.5,15484.0
2026-01-07T16:05:00Z,25920.25,25924.25,25915.25,25919.75,8209.0
2026-01-07T16:10:00Z,25919.75,25928.75,25913.5,25924.0,9570.0
2026-01-07T16:15:00Z,25924.25,25930.0,25916.0,25919.75,8397.0
2026-01-07T16:20:00Z,25919.75,25920.25,25897.75,25903.25,14312.0
2026-01-07T16:25:00Z,25903.5,25904.5,25879.25,25895.75,16826.0
2026-01-07T16:30:00Z,25895.5,25910.0,25889.5,25902.75,15813.0
2026-01-07T16:35:00Z,25902.5,25909.5,25896.0,25906.0,8487.0
2026-01-07T16:40:00Z,25906.0,25944.75,25905.5,25942.25,18691.0
2026-01-07T16:45:00Z,25942.5,25963.5,25939.25,25951.0,17799.0
2026-01-07T16:50:00Z,25951.0,25956.0,25945.75,25954.25,8019.0
2026-01-07T16:55:00Z,25954.5,25971.25,25954.5,25970.0,12177.0
2026-01-07T17:00:00Z,25970.0,25974.75,25964.25,25972.5,10182.0
2026-01-07T17:05:00Z,25972.5,25988.5,25971.75,25983.0,12513.0
2026-01-07T17:10:00Z,25983.25,25985.75,25970.5,25975.5,8877.0
2026-01-07T17:15:00Z,25975.5,25981.5,25969.5,25981.25,7141.0
2026-01-07T17:20:00Z,25981.0,25989.75,25979.25,25985.75,6539.0
2026-01-07T17:25:00Z,25986.25,25991.0,25977.0,25984.25,8105.0
2026-01-07T17:30:00Z,25984.25,25986.0,25976.0,25981.5,6560.0
2026-01-07T17:35:00Z,25981.75,25983.5,25974.75,25981.75,5902.0
2026-01-07T17:40:00Z,25981.75,25998.0,25978.75,25993.75,7364.0
2026-01-07T17:45:00Z,25994.0,25996.5,25980.75,25983.25,7143.0
2026-01-07T17:50:00Z,25983.0,25983.25,25961.0,25971.0,13490.0
2026-01-07T17:55:00Z,25971.25,25980.0,25963.25,25971.0,9540.0
2026-01-07T18:00:00Z,25970.75,25972.25,25958.75,25962.0,7633.0
2026-01-07T18:05:00Z,25961.75,25967.0,25957.0,25962.0,7503.0
2026-01-07T18:10:00Z,25961.5,25962.5,25947.5,25961.25,9928.0
2026-01-07T18:15:00Z,25961.25,25961.5,25938.5,25947.25,12037.0
2026-01-07T18:20:00Z,25946.75,25947.25,25933.0,25939.25,9555.0
2026-01-07T18:25:00Z,25939.0,25944.75,25925.5,25930.25,11387.0
2026-01-07T18:30:00Z,25930.0,25952.25,25929.0,25951.5,13052.0
2026-01-07T18:35:00Z,25951.75,25953.75,25941.75,25952.75,6975.0
2026-01-07T18:40:00Z,25952.75,25972.25,25952.75,25969.5,10597.0
2026-01-07T18:45:00Z,25969.5,25974.0,25961.5,25973.5,6923.0
2026-01-07T18:50:00Z,25973.5,25978.75,25971.0,25971.75,5631.0
2026-01-07T18:55:00Z,25972.25,25974.25,25949.0,25955.5,10188.0
2026-01-07T19:00:00Z,25956.0,25956.5,25942.75,25953.75,7935.0
2026-01-07T19:05:00Z,25954.25,25954.25,25928.0,25933.75,8864.0
2026-01-07T19:10:00Z,25933.75,25935.5,25900.75,25919.0,19224.0
2026-01-07T19:15:00Z,25919.0,25921.75,25888.75,25914.5,16123.0
2026-01-07T19:20:00Z,25914.5,25915.5,25898.0,25900.75,8939.0
2026-01-07T19:25:00Z,25901.0,25903.25,25891.25,25899.5,8852.0
2026-01-07T19:30:00Z,25899.0,25917.25,25891.75,25914.25,10806.0
2026-01-07T19:35:00Z,25914.25,25921.25,25905.75,25917.75,7955.0
2026-01-07T19:40:00Z,25917.5,25917.5,25904.25,25914.75,7245.0
2026-01-07T19:45:00Z,25914.75,25918.0,25907.75,25914.25,4747.0
2026-01-07T19:50:00Z,25914.0,25917.75,25906.5,25915.75,4478.0
2026-01-07T19:55:00Z,25915.75,25917.75,25900.75,25902.75,5359.0
2026-01-07T20:00:00Z,25902.75,25910.25,25898.0,25908.0,7886.0
2026-01-07T20:05:00Z,25908.0,25913.5,25899.0,25901.0,6257.0
2026-01-07T20:10:00Z,25901.5,25902.75,25863.5,25870.0,17068.0
2026-01-07T20:15:00Z,25869.75,25886.5,25857.0,25885.5,14640.0
2026-01-07T20:20:00Z,25885.25,25887.25,25863.5,25864.75,10009.0
2026-01-07T20:25:00Z,25864.75,25870.25,25852.25,25860.25,13108.0
2026-01-07T20:30:00Z,25860.25,25862.5,25836.75,25838.75,15882.0
2026-01-07T20:35:00Z,25838.5,25838.75,25815.5,25821.75,17781.0
2026-01-07T20:40:00Z,25821.75,25840.5,25814.25,25832.25,11644.0
2026-01-07T20:45:00Z,25833.0,25841.75,25826.75,25835.0,8666.0
2026-01-07T20:50:00Z,25834.75,25847.5,25833.75,25841.25,13625.0
2026-01-07T20:55:00Z,25841.0,25842.0,25818.75,25834.25,19759.0
2026-01-07T21:00:00Z,25834.5,25836.0,25823.5,25825.5,8219.0
2026-01-07T21:05:00Z,25825.5,25829.0,25822.75,25826.0,2494.0
2026-01-07T21:10:00Z,25825.75,25828.0,25821.5,25826.75,2345.0
2026-01-07T21:15:00Z,25827.0,25833.5,25820.0,25831.75,2822.0
2026-01-07T21:20:00Z,25832.25,25835.5,25830.0,25832.75,1275.0
2026-01-07T21:25:00Z,25832.25,25833.75,25827.25,25830.75,1112.0
2026-01-07T21:30:00Z,25830.5,25831.0,25828.0,25829.75,1165.0
2026-01-07T21:35:00Z,25830.25,25833.0,25827.25,25831.0,1242.0
2026-01-07T21:40:00Z,25830.75,25832.75,25829.75,25830.25,1284.0
2026-01-07T21:45:00Z,25830.0,25835.0,25829.75,25833.0,1517.0
2026-01-07T21:50:00Z,25832.75,25837.75,25829.75,25836.5,1202.0
2026-01-07T21:55:00Z,25836.0,25839.0,25832.5,25836.5,1299.0
2026-01-07T23:00:00Z,25839.25,25850.25,25836.0,25837.25,0.0
2026-01-07T23:05:00Z,25837.5,25847.25,25829.75,25831.5,2116.0
2026-01-07T23:10:00Z,25830.75,25834.25,25826.5,25827.0,1157.0
2026-01-07T23:15:00Z,25828.0,25836.75,25823.25,25825.0,1536.0
2026-01-07T23:20:00Z,25825.25,25832.5,25823.0,25827.75,867.0
2026-01-07T23:25:00Z,25827.75,25830.25,25825.0,25829.5,699.0
2026-01-07T23:30:00Z,25830.0,25831.5,25826.5,25829.5,590.0
2026-01-07T23:35:00Z,25829.5,25833.0,25825.75,25832.25,578.0
2026-01-07T23:40:00Z,25831.25,25835.5,25829.75,25832.5,628.0
2026-01-07T23:45:00Z,25832.75,25834.0,25827.75,25830.25,596.0
2026-01-07T23:50:00Z,25830.75,25831.0,25819.0,25822.25,1490.0
2026-01-07T23:55:00Z,25822.25,25823.75,25818.25,25823.5,663.0
2026-01-08T00:00:00Z,25822.75,25825.75,25818.0,25821.25,1428.0
2026-01-08T00:05:00Z,25821.5,25824.5,25819.25,25821.25,529.0
2026-01-08T00:10:00Z,25821.0,25822.75,25815.0,25821.75,1027.0
2026-01-08T00:15:00Z,25822.75,25828.0,25821.25,25823.25,1122.0
2026-01-08T00:20:00Z,25823.25,25825.0,25818.5,25820.0,806.0
2026-01-08T00:25:00Z,25820.0,25821.25,25806.25,25810.5,2421.0
2026-01-08T00:30:00Z,25810.5,25821.0,25810.0,25820.25,1813.0
2026-01-08T00:35:00Z,25819.75,25835.75,25819.0,25830.5,2225.0
2026-01-08T00:40:00Z,25830.5,25835.0,25827.5,25833.5,1151.0
2026-01-08T00:45:00Z,25833.75,25841.0,25833.25,25839.5,1659.0
2026-01-08T00:50:00Z,25838.75,25840.0,25833.75,25837.5,724.0
2026-01-08T00:55:00Z,25837.5,25843.5,25833.0,25842.5,1150.0
2026-01-08T01:00:00Z,25842.0,25844.25,25825.75,25827.25,1980.0
2026-01-08T01:05:00Z,25826.75,25828.25,25816.5,25822.0,2113.0
2026-01-08T01:10:00Z,25822.75,25825.0,25817.25,25820.0,996.0
2026-01-08T01:15:00Z,25820.0,25827.0,25819.25,25824.0,969.0
2026-01-08T01:20:00Z,25824.5,25836.5,25824.0,25836.25,1289.0
2026-01-08T01:25:00Z,25836.0,25839.0,25833.5,25837.25,1222.0
2026-01-08T01:30:00Z,25837.25,25837.75,25820.5,25823.0,1765.0
2026-01-08T01:35:00Z,25823.0,25830.5,25821.25,25830.0,1280.0
2026-01-08T01:40:00Z,25830.0,25837.25,25828.0,25834.5,903.0
2026-01-08T01:45:00Z,25834.75,25839.5,25831.0,25838.25,1102.0
2026-01-08T01:50:00Z,25838.25,25840.5,25831.5,25832.5,1079.0
2026-01-08T01:55:00Z,25833.25,25839.5,25833.25,25837.0,680.0
2026-01-08T02:00:00Z,25837.25,25839.75,25830.25,25834.25,1281.0
2026-01-08T02:05:00Z,25835.25,25840.5,25833.5,25838.5,805.0
2026-01-08T02:10:00Z,25839.25,25840.5,25826.0,25827.25,1110.0
2026-01-08T02:15:00Z,25827.0,25833.0,25823.75,25825.25,999.0
2026-01-08T02:20:00Z,25825.0,25826.25,25821.0,25822.5,1100.0
2026-01-08T02:25:00Z,25822.25,25827.75,25822.25,25825.0,668.0
2026-01-08T02:30:00Z,25825.5,25827.0,25818.75,25819.0,702.0
2026-01-08T02:35:00Z,25819.0,25824.75,25810.0,25810.5,2006.0
2026-01-08T02:40:00Z,25810.5,25811.25,25795.5,25798.0,3425.0
2026-01-08T02:45:00Z,25798.75,25800.75,25773.75,25788.0,4315.0
2026-01-08T02:50:00Z,25788.5,25793.75,25782.25,25786.25,1905.0
2026-01-08T02:55:00Z,25786.5,25792.0,25782.5,25785.75,1365.0
2026-01-08T03:00:00Z,25786.0,25788.5,25777.75,25786.75,1906.0
2026-01-08T03:05:00Z,25786.5,25790.5,25781.5,25788.75,842.0
2026-01-08T03:10:00Z,25789.0,25795.5,25786.0,25789.5,1603.0
2026-01-08T03:15:00Z,25789.5,25793.5,25785.75,25788.5,853.0
2026-01-08T03:20:00Z,25788.5,25789.75,25782.75,25785.0,1115.0
2026-01-08T03:25:00Z,25785.5,25788.75,25779.5,25783.5,1182.0
2026-01-08T03:30:00Z,25784.0,25790.75,25782.5,25784.25,1276.0
2026-01-08T03:35:00Z,25784.5,25785.25,25775.0,25777.25,1319.0
2026-01-08T03:40:00Z,25777.25,25783.5,25774.25,25775.5,1191.0
2026-01-08T03:45:00Z,25775.75,25778.25,25769.25,25776.0,1910.0
2026-01-08T03:50:00Z,25775.0,25779.0,25772.75,25778.25,771.0
2026-01-08T03:55:00Z,25778.75,25781.75,25774.25,25776.25,885.0
2026-01-08T04:00:00Z,25776.5,25782.75,25773.0,25778.0,1104.0
2026-01-08T04:05:00Z,25777.75,25781.5,25776.25,25778.25,638.0
2026-01-08T04:10:00Z,25779.0,25786.5,25779.0,25782.25,1226.0
2026-01-08T04:15:00Z,25782.75,25786.25,25775.25,25778.25,1201.0
2026-01-08T04:20:00Z,25777.75,25786.0,25776.0,25786.0,730.0
2026-01-08T04:25:00Z,25786.25,25793.5,25783.25,25783.5,1811.0
2026-01-08T04:30:00Z,25783.75,25786.75,25779.5,25781.75,799.0
2026-01-08T04:35:00Z,25781.5,25783.25,25773.5,25780.0,949.0
2026-01-08T04:40:00Z,25780.0,25781.0,25774.25,25775.75,554.0
2026-01-08T04:45:00Z,25775.75,25781.5,25775.75,25775.75,761.0
2026-01-08T04:50:00Z,25776.25,25779.5,25773.5,25776.0,616.0
2026-01-08T04:55:00Z,25775.5,25779.25,25774.25,25779.0,562.0
2026-01-08T05:05:00Z,25778.25,25779.75,25778.0,25779.5,1443.0
2026-01-08T05:10:00Z,25779.75,25779.75,25759.5,25760.25,2771.0
2026-01-08T05:15:00Z,25760.0,25765.25,25759.5,25761.25,1277.0
2026-01-08T05:20:00Z,25761.25,25768.0,25760.25,25766.75,928.0
2026-01-08T05:25:00Z,25767.0,25767.0,25762.0,25762.75,490.0
2026-01-08T05:30:00Z,25762.75,25763.75,25746.5,25748.75,2776.0
2026-01-08T05:35:00Z,25748.75,25758.5,25748.5,25753.5,1208.0
2026-01-08T05:40:00Z,25753.75,25754.0,25743.25,25747.0,1350.0
2026-01-08T05:45:00Z,25747.0,25752.75,25746.75,25750.0,720.0
2026-01-08T05:50:00Z,25751.0,25752.25,25742.25,25745.0,1002.0
2026-01-08T05:55:00Z,25745.25,25748.25,25737.5,25737.75,1306.0
2026-01-08T06:00:00Z,25738.5,25742.0,25705.5,25706.5,6226.0
2026-01-08T06:05:00Z,25706.25,25708.0,25689.0,25702.25,5101.0
2026-01-08T06:10:00Z,25702.5,25705.25,25687.25,25694.0,2529.0
2026-01-08T06:15:00Z,25694.5,25695.5,25677.0,25678.5,3531.0
2026-01-08T06:20:00Z,25678.5,25691.0,25671.75,25681.0,4540.0
2026-01-08T06:25:00Z,25680.5,25683.5,25671.0,25674.75,2131.0
2026-01-08T06:30:00Z,25675.25,25692.25,25671.5,25683.5,3301.0
2026-01-08T06:35:00Z,25683.0,25694.5,25676.75,25691.75,2256.0
2026-01-08T06:40:00Z,25691.75,25701.25,25687.75,25699.5,2063.0
2026-01-08T06:45:00Z,25699.75,25709.75,25698.25,25707.5,2013.0
2026-01-08T06:50:00Z,25707.25,25709.5,25696.25,25704.75,1825.0
2026-01-08T06:55:00Z,25705.0,25709.25,25703.5,25705.0,1022.0
2026-01-08T07:00:00Z,25705.5,25707.25,25680.25,25692.5,3322.0
2026-01-08T07:05:00Z,25693.25,25707.0,25690.75,25707.0,1847.0
2026-01-08T07:10:00Z,25707.5,25717.25,25703.75,25716.25,2184.0
2026-01-08T07:15:00Z,25716.5,25720.0,25713.0,25718.75,1553.0
2026-01-08T07:20:00Z,25718.0,25804.5,25709.5,25786.25,12327.0
2026-01-08T07:25:00Z,25787.75,25794.25,25752.5,25758.5,5810.0
2026-01-08T07:30:00Z,25758.0,25765.25,25741.5,25764.75,4491.0
2026-01-08T07:35:00Z,25764.5,25779.5,25763.25,25774.25,3179.0
2026-01-08T07:40:00Z,25773.5,25778.0,25764.75,25772.25,2439.0
2026-01-08T07:45:00Z,25772.75,25773.0,25756.5,25761.25,2023.0
2026-01-08T07:50:00Z,25762.0,25765.5,25753.75,25760.25,1603.0
2026-01-08T07:55:00Z,25760.25,25762.75,25747.75,25749.75,1448.0
2026-01-08T08:00:00Z,25749.25,25766.75,25747.75,25754.0,3312.0
2026-01-08T08:05:00Z,25755.0,25767.5,25753.75,25765.75,1853.0
2026-01-08T08:10:00Z,25766.0,25777.5,25761.25,25775.75,1979.0
2026-01-08T08:15:00Z,25776.0,25780.5,25771.0,25779.0,1524.0
2026-01-08T08:20:00Z,25778.5,25779.25,25769.75,25777.0,1475.0
2026-01-08T08:25:00Z,25777.25,25787.0,25776.0,25787.0,1887.0
2026-01-08T08:30:00Z,25786.5,25797.5,25777.0,25797.25,2384.0
2026-01-08T08:35:00Z,25796.75,25801.0,25788.75,25795.25,2022.0
2026-01-08T08:40:00Z,25795.5,25803.0,25793.0,25800.5,1452.0
2026-01-08T08:45:00Z,25800.75,25801.75,25781.75,25782.5,1991.0
2026-01-08T08:50:00Z,25782.75,25790.5,25780.0,25787.0,1416.0
2026-01-08T08:55:00Z,25787.25,25790.75,25778.75,25780.0,1068.0
2026-01-08T09:00:00Z,25780.5,25795.5,25772.0,25790.0,2781.0
2026-01-08T09:05:00Z,25790.0,25791.5,25780.5,25782.0,1308.0
2026-01-08T09:10:00Z,25783.0,25790.25,25780.5,25783.5,777.0
2026-01-08T09:15:00Z,25784.25,25784.25,25763.0,25769.25,2390.0
2026-01-08T09:20:00Z,25768.5,25777.0,25762.0,25776.0,1891.0
2026-01-08T09:25:00Z,25776.5,25779.5,25769.25,25771.0,905.0
2026-01-08T09:30:00Z,25770.75,25772.75,25766.0,25771.75,999.0
2026-01-08T09:35:00Z,25771.75,25773.5,25757.0,25757.5,1874.0
2026-01-08T09:40:00Z,25757.5,25765.25,25755.75,25759.25,1058.0
2026-01-08T09:45:00Z,25759.75,25762.5,25751.0,25757.25,2038.0
2026-01-08T09:50:00Z,25757.0,25760.75,25752.5,25759.25,982.0
2026-01-08T09:55:00Z,25759.75,25770.25,25758.0,25769.5,1714.0
2026-01-08T10:00:00Z,25769.5,25769.5,25754.25,25758.5,1426.0
2026-01-08T10:05:00Z,25758.0,25763.0,25750.0,25751.5,1164.0
2026-01-08T10:10:00Z,25751.5,25752.5,25743.5,25751.0,1816.0
2026-01-08T10:15:00Z,25750.25,25755.0,25747.5,25748.25,1171.0
2026-01-08T10:20:00Z,25747.75,25756.0,25745.25,25756.0,1243.0
2026-01-08T10:25:00Z,25755.25,25755.75,25746.5,25749.0,756.0
2026-01-08T10:30:00Z,25747.5,25762.5,25745.5,25761.0,1696.0
2026-01-08T10:35:00Z,25760.75,25765.0,25755.0,25764.75,1529.0
2026-01-08T10:40:00Z,25765.0,25768.25,25762.0,25765.0,871.0
2026-01-08T10:45:00Z,25764.5,25766.0,25752.5,25756.25,1180.0
2026-01-08T10:50:00Z,25756.0,25770.0,25755.25,25767.25,1100.0
2026-01-08T10:55:00Z,25767.5,25774.5,25764.75,25772.5,1231.0
2026-01-08T11:00:00Z,25772.5,25779.25,25770.0,25774.75,1609.0
2026-01-08T11:05:00Z,25774.75,25780.75,25764.25,25765.75,1448.0
2026-01-08T11:10:00Z,25765.5,25776.0,25762.75,25774.0,1357.0
2026-01-08T11:15:00Z,25774.0,25775.0,25766.0,25772.0,749.0
2026-01-08T11:20:00Z,25771.5,25776.75,25770.0,25776.5,576.0
2026-01-08T11:25:00Z,25776.5,25786.25,25775.0,25778.75,1980.0
2026-01-08T11:30:00Z,25778.25,25785.75,25739.0,25781.0,7404.0
2026-01-08T11:35:00Z,25781.75,25783.75,25764.5,25771.75,1971.0
2026-01-08T11:40:00Z,25771.75,25783.0,25770.75,25774.75,1405.0
2026-01-08T11:45:00Z,25774.25,25777.75,25767.75,25777.25,1179.0
2026-01-08T11:50:00Z,25777.0,25785.0,25774.0,25780.0,1233.0
2026-01-08T11:55:00Z,25780.0,25781.25,25767.75,25770.75,1259.0
2026-01-08T12:00:00Z,25770.5,25774.75,25746.5,25752.25,3905.0
2026-01-08T12:05:00Z,25751.75,25761.25,25747.25,25755.0,2783.0
2026-01-08T12:10:00Z,25755.25,25763.75,25753.5,25759.5,1746.0
2026-01-08T12:15:00Z,25760.0,25769.5,25758.75,25764.0,1741.0
2026-01-08T12:20:00Z,25763.5,25774.75,25759.0,25772.75,1679.0
2026-01-08T12:25:00Z,25773.25,25777.75,25767.75,25774.5,1504.0
2026-01-08T12:30:00Z,25774.0,25774.75,25757.5,25761.25,2023.0
2026-01-08T12:35:00Z,25760.75,25761.25,25753.75,25755.5,1462.0
2026-01-08T12:40:00Z,25756.25,25763.75,25754.5,25758.25,1550.0
2026-01-08T12:45:00Z,25758.75,25768.75,25754.75,25767.5,1346.0
2026-01-08T12:50:00Z,25767.25,25776.75,25766.5,25773.5,1458.0
2026-01-08T12:55:00Z,25772.75,25777.25,25766.0,25767.5,1503.0
2026-01-08T13:00:00Z,25767.25,25767.5,25757.0,25763.0,1768.0
2026-01-08T13:05:00Z,25763.75,25774.75,25761.25,25768.5,1412.0
2026-01-08T13:10:00Z,25769.5,25787.0,25768.0,25782.75,2766.0
2026-01-08T13:15:00Z,25783.0,25800.75,25772.25,25796.0,3755.0
2026-01-08T13:20:00Z,25796.75,25810.5,25796.75,25803.25,4571.0
2026-01-08T13:25:00Z,25802.5,25808.25,25798.5,25804.0,2202.0
2026-01-08T13:30:00Z,25803.5,25818.75,25786.0,25792.25,7042.0
2026-01-08T13:35:00Z,25793.25,25803.25,25786.25,25801.0,3664.0
2026-01-08T13:40:00Z,25800.0,25806.25,25795.75,25799.25,3560.0
2026-01-08T13:45:00Z,25799.25,25799.75,25790.25,25794.25,3121.0
2026-01-08T13:50:00Z,25794.25,25798.75,25788.75,25792.0,2621.0
2026-01-08T13:55:00Z,25792.0,25801.25,25787.5,25799.25,2846.0
2026-01-08T14:00:00Z,25799.0,25808.75,25781.25,25800.0,6652.0
2026-01-08T14:05:00Z,25800.0,25805.25,25794.75,25804.5,3527.0
2026-01-08T14:10:00Z,25804.5,25811.0,25793.0,25795.0,4066.0
2026-01-08T14:15:00Z,25794.75,25799.0,25786.5,25787.75,3634.0
2026-01-08T14:20:00Z,25787.5,25791.25,25777.75,25780.5,3912.0
2026-01-08T14:25:00Z,25780.75,25791.25,25774.0,25785.5,7162.0
2026-01-08T14:30:00Z,25786.25,25802.75,25692.5,25705.75,61824.0
2026-01-08T14:35:00Z,25705.75,25729.75,25676.5,25677.75,43664.0
2026-01-08T14:40:00Z,25678.75,25700.75,25613.25,25621.75,47996.0
2026-01-08T14:45:00Z,25622.25,25676.25,25597.5,25649.75,46255.0
2026-01-08T14:50:00Z,25648.75,25671.25,25618.5,25652.0,38087.0
2026-01-08T14:55:00Z,25652.25,25659.0,25600.25,25603.5,38278.0
2026-01-08T15:00:00Z,25603.25,25615.0,25569.5,25609.25,44143.0
2026-01-08T15:05:00Z,25609.5,25682.5,25602.0,25678.5,43097.0
2026-01-08T15:10:00Z,25678.5,25681.75,25652.75,25677.25,23178.0
2026-01-08T15:15:00Z,25677.75,25700.0,25667.75,25686.75,24414.0
2026-01-08T15:20:00Z,25686.75,25704.75,25672.5,25693.0,17925.0
2026-01-08T15:25:00Z,25692.0,25713.5,25681.25,25697.0,18388.0
2026-01-08T15:30:00Z,25697.25,25705.5,25664.75,25665.75,21783.0
2026-01-08T15:35:00Z,25665.5,25670.0,25625.0,25663.25,31279.0
2026-01-08T15:40:00Z,25662.0,25698.75,25652.25,25683.25,25020.0
2026-01-08T15:45:00Z,25683.0,25692.0,25647.0,25654.25,20353.0
2026-01-08T15:50:00Z,25654.25,25662.5,25613.25,25616.75,19911.0
2026-01-08T15:55:00Z,25616.5,25686.0,25610.0,25684.75,26341.0
2026-01-08T16:00:00Z,25684.25,25686.75,25663.25,25675.0,15128.0
2026-01-08T16:05:00Z,25675.25,25679.5,25634.25,25642.75,17899.0
2026-01-08T16:10:00Z,25643.0,25664.75,25628.0,25635.25,18385.0
2026-01-08T16:15:00Z,25635.0,25649.5,25614.25,25643.5,18052.0
2026-01-08T16:20:00Z,25643.5,25670.0,25631.75,25638.25,15969.0
2026-01-08T16:25:00Z,25638.0,25653.25,25621.25,25624.5,14621.0
2026-01-08T16:30:00Z,25624.25,25636.0,25609.25,25616.0,16791.0
2026-01-08T16:35:00Z,25616.0,25635.0,25583.75,25625.0,23080.0
2026-01-08T16:40:00Z,25625.0,25653.25,25621.25,25648.0,12901.0
2026-01-08T16:45:00Z,25648.75,25679.0,25647.5,25668.5,15377.0
2026-01-08T16:50:00Z,25669.0,25672.0,25632.75,25642.75,13179.0
2026-01-08T16:55:00Z,25643.25,25674.0,25635.0,25670.75,11383.0
2026-01-08T17:00:00Z,25671.25,25674.5,25642.5,25650.5,11182.0
2026-01-08T17:05:00Z,25650.5,25656.5,25637.0,25645.5,7994.0
2026-01-08T17:10:00Z,25644.75,25654.5,25634.75,25651.0,8146.0
2026-01-08T17:15:00Z,25651.25,25674.25,25643.5,25673.75,9011.0
2026-01-08T17:20:00Z,25674.0,25680.0,25654.0,25654.0,10676.0
2026-01-08T17:25:00Z,25653.75,25654.0,25626.75,25636.5,11547.0
2026-01-08T17:30:00Z,25636.5,25668.25,25634.5,25662.5,10584.0
2026-01-08T17:35:00Z,25662.0,25669.25,25657.25,25665.0,6239.0
2026-01-08T17:40:00Z,25665.0,25681.25,25660.75,25674.0,8779.0
2026-01-08T17:45:00Z,25673.75,25689.75,25673.5,25686.0,7299.0
2026-01-08T17:50:00Z,25685.75,25703.5,25685.75,25697.25,11113.0
2026-01-08T17:55:00Z,25697.5,25700.5,25677.25,25680.5,9250.0
2026-01-08T18:00:00Z,25680.5,25684.5,25661.25,25669.75,12490.0
2026-01-08T18:05:00Z,25669.25,25669.25,25645.75,25653.0,10376.0
2026-01-08T18:10:00Z,25653.0,25656.0,25620.5,25627.25,12702.0
2026-01-08T18:15:00Z,25626.25,25663.0,25619.5,25663.0,13316.0
2026-01-08T18:20:00Z,25663.25,25669.25,25639.75,25647.75,11216.0
2026-01-08T18:25:00Z,25647.5,25663.5,25640.25,25658.25,7225.0
2026-01-08T18:30:00Z,25658.25,25662.0,25648.25,25649.5,7083.0
2026-01-08T18:35:00Z,25649.5,25666.0,25649.0,25656.25,5723.0
2026-01-08T18:40:00Z,25656.25,25664.75,25652.25,25660.0,4597.0
2026-01-08T18:45:00Z,25659.75,25676.0,25651.25,25667.0,7863.0
2026-01-08T18:50:00Z,25667.0,25670.5,25634.75,25634.75,10146.0
2026-01-08T18:55:00Z,25634.5,25641.5,25624.5,25631.5,8935.0
2026-01-08T19:00:00Z,25631.0,25658.0,25626.25,25647.0,11905.0
2026-01-08T19:05:00Z,25647.0,25656.75,25638.5,25638.75,7524.0
2026-01-08T19:10:00Z,25639.0,25641.0,25613.5,25614.0,10281.0
2026-01-08T19:15:00Z,25614.0,25633.0,25597.0,25632.0,15691.0
2026-01-08T19:20:00Z,25632.0,25648.0,25620.25,25627.0,11352.0
2026-01-08T19:25:00Z,25627.25,25628.75,25619.75,25628.0,5545.0
2026-01-08T19:30:00Z,25627.5,25646.0,25625.75,25635.5,8803.0
2026-01-08T19:35:00Z,25635.25,25637.25,25620.0,25621.5,6834.0
2026-01-08T19:40:00Z,25621.75,25629.75,25611.5,25620.75,8698.0
2026-01-08T19:45:00Z,25620.5,25629.75,25617.0,25629.75,6499.0
2026-01-08T19:50:00Z,25629.5,25646.0,25625.5,25634.75,8413.0
2026-01-08T19:55:00Z,25634.75,25634.75,25617.0,25633.75,9784.0
2026-01-08T20:00:00Z,25633.5,25645.25,25627.5,25639.75,6968.0
2026-01-08T20:05:00Z,25639.5,25641.0,25625.25,25639.5,6525.0
2026-01-08T20:10:00Z,25639.5,25656.5,25638.5,25654.75,10632.0
2026-01-08T20:15:00Z,25655.0,25660.0,25640.75,25644.5,8307.0
2026-01-08T20:20:00Z,25644.5,25658.75,25638.5,25653.75,8484.0
2026-01-08T20:25:00Z,25654.25,25683.5,25654.0,25676.0,13696.0
2026-01-08T20:30:00Z,25676.0,25693.75,25674.0,25692.75,11886.0
2026-01-08T20:35:00Z,25692.75,25699.5,25680.5,25682.25,11049.0
2026-01-08T20:40:00Z,25682.0,25687.75,25667.0,25679.75,10698.0
2026-01-08T20:45:00Z,25679.5,25692.0,25675.5,25688.0,9017.0
2026-01-08T20:50:00Z,25687.5,25697.75,25670.5,25691.5,15092.0
2026-01-08T20:55:00Z,25691.25,25700.0,25680.75,25682.5,17758.0
2026-01-08T21:00:00Z,25683.0,25701.75,25681.25,25690.75,10983.0
2026-01-08T21:05:00Z,25690.5,25693.75,25684.25,25691.5,3126.0
2026-01-08T21:10:00Z,25691.75,25691.75,25682.75,25689.25,2553.0
2026-01-08T21:15:00Z,25689.25,25691.0,25685.5,25687.25,966.0
2026-01-08T21:20:00Z,25687.25,25693.25,25685.25,25690.75,1000.0
2026-01-08T21:25:00Z,25690.75,25698.25,25690.25,25695.75,1503.0
2026-01-08T21:30:00Z,25695.75,25707.5,25695.5,25707.25,2211.0
2026-01-08T21:35:00Z,25707.5,25728.0,25707.0,25725.25,3836.0
2026-01-08T21:40:00Z,25725.5,25741.75,25725.25,25730.75,4698.0
2026-01-08T21:45:00Z,25731.0,25732.5,25727.0,25730.0,2448.0
2026-01-08T21:50:00Z,25730.25,25735.0,25725.5,25726.5,1239.0
2026-01-08T21:55:00Z,25727.0,25728.0,25706.5,25711.5,2873.0
2026-01-08T23:00:00Z,25720.5,25727.0,25713.0,25714.5,0.0
2026-01-08T23:05:00Z,25714.0,25722.0,25710.5,25717.0,1183.0
2026-01-08T23:10:00Z,25717.5,25717.5,25707.0,25709.25,1083.0
2026-01-08T23:15:00Z,25709.0,25710.75,25705.5,25707.5,782.0
2026-01-08T23:20:00Z,25707.5,25710.25,25698.5,25699.25,1217.0
2026-01-08T23:25:00Z,25699.25,25701.5,25692.5,25693.75,1236.0
2026-01-08T23:30:00Z,25694.0,25698.0,25690.25,25690.5,1067.0
2026-01-08T23:35:00Z,25691.0,25694.0,25684.25,25686.75,1398.0
2026-01-08T23:40:00Z,25686.75,25690.5,25683.5,25686.5,1026.0
2026-01-08T23:45:00Z,25686.75,25692.75,25683.0,25687.25,1403.0
2026-01-08T23:50:00Z,25687.25,25687.25,25675.5,25679.5,1705.0
2026-01-08T23:55:00Z,25679.75,25679.75,25672.25,25675.75,1581.0
2026-01-09T00:00:00Z,25675.25,25685.0,25671.75,25676.75,2080.0
2026-01-09T00:05:00Z,25676.5,25683.75,25674.75,25678.0,991.0
2026-01-09T00:10:00Z,25678.25,25689.75,25673.25,25686.75,1634.0
2026-01-09T00:15:00Z,25686.75,25690.0,25683.0,25686.0,1148.0
2026-01-09T00:20:00Z,25686.0,25695.0,25684.5,25685.0,1468.0
2026-01-09T00:25:00Z,25685.5,25686.25,25673.5,25685.5,1801.0
2026-01-09T00:30:00Z,25686.0,25693.75,25683.25,25688.5,1320.0
2026-01-09T00:35:00Z,25688.25,25694.5,25684.0,25691.25,977.0
2026-01-09T00:40:00Z,25691.75,25695.5,25685.0,25694.5,1169.0
2026-01-09T00:45:00Z,25694.5,25694.5,25684.0,25685.25,1109.0
2026-01-09T00:50:00Z,25685.75,25687.25,25674.0,25675.0,1676.0
2026-01-09T00:55:00Z,25675.0,25675.25,25664.5,25666.0,2223.0
2026-01-09T01:00:00Z,25666.5,25675.0,25663.75,25670.0,1561.0
2026-01-09T01:05:00Z,25670.0,25679.5,25665.75,25671.75,1681.0
2026-01-09T01:10:00Z,25671.75,25673.75,25663.75,25668.25,1356.0
2026-01-09T01:15:00Z,25667.75,25673.0,25647.75,25647.75,2443.0
2026-01-09T01:20:00Z,25647.75,25651.5,25633.5,25639.25,3252.0
2026-01-09T01:25:00Z,25638.75,25639.5,25630.0,25637.25,1991.0
2026-01-09T01:30:00Z,25637.25,25642.0,25631.75,25633.75,1513.0
2026-01-09T01:35:00Z,25634.25,25636.0,25627.0,25633.75,1925.0
2026-01-09T01:40:00Z,25633.5,25639.0,25629.5,25637.5,1077.0
2026-01-09T01:45:00Z,25637.0,25646.5,25634.5,25644.0,1467.0
2026-01-09T01:50:00Z,25644.25,25650.75,25638.25,25648.75,1728.0
2026-01-09T01:55:00Z,25648.5,25654.0,25647.75,25651.5,1327.0
2026-01-09T02:00:00Z,25651.5,25663.5,25649.5,25658.0,1723.0
2026-01-09T02:05:00Z,25658.25,25659.0,25649.0,25659.0,1483.0
2026-01-09T02:10:00Z,25659.0,25660.5,25651.5,25653.5,994.0
2026-01-09T02:15:00Z,25654.25,25675.5,25652.0,25672.75,2174.0
2026-01-09T02:20:00Z,25673.0,25685.75,25665.75,25680.75,2663.0
2026-01-09T02:25:00Z,25681.0,25690.0,25677.0,25687.75,1893.0
2026-01-09T02:30:00Z,25688.0,25690.5,25683.75,25687.0,1206.0
2026-01-09T02:35:00Z,25687.25,25687.25,25675.0,25677.0,1506.0
2026-01-09T02:40:00Z,25677.0,25689.25,25673.25,25688.75,1211.0
2026-01-09T02:45:00Z,25688.0,25694.0,25686.0,25686.0,1274.0
2026-01-09T02:50:00Z,25686.25,25690.5,25679.5,25680.0,1192.0
2026-01-09T02:55:00Z,25680.0,25686.25,25676.25,25684.25,1108.0
2026-01-09T03:00:00Z,25683.75,25684.5,25674.0,25674.75,1280.0
2026-01-09T03:05:00Z,25675.0,25685.5,25669.25,25680.75,1642.0
2026-01-09T03:10:00Z,25680.25,25688.0,25679.5,25684.0,1312.0
2026-01-09T03:15:00Z,25683.75,25690.25,25682.25,25687.5,727.0
2026-01-09T03:20:00Z,25688.0,25690.0,25673.5,25675.0,1160.0
2026-01-09T03:25:00Z,25675.25,25680.0,25671.5,25672.25,1280.0
2026-01-09T03:30:00Z,25672.25,25678.25,25666.75,25672.5,1379.0
2026-01-09T03:35:00Z,25672.75,25682.5,25672.75,25677.0,1157.0
2026-01-09T03:40:00Z,25676.5,25681.0,25674.0,25680.5,563.0
2026-01-09T03:45:00Z,25681.0,25684.0,25676.0,25677.0,834.0
2026-01-09T03:50:00Z,25676.25,25676.75,25670.5,25675.5,796.0
2026-01-09T03:55:00Z,25675.5,25678.75,25672.75,25674.5,659.0
2026-01-09T04:00:00Z,25674.75,25680.5,25664.5,25668.25,1252.0
2026-01-09T04:05:00Z,25668.0,25672.5,25664.75,25665.5,1029.0
2026-01-09T04:10:00Z,25666.0,25671.75,25665.25,25669.75,682.0
2026-01-09T04:15:00Z,25669.75,25670.25,25663.0,25664.5,593.0
2026-01-09T04:20:00Z,25664.75,25667.0,25657.75,25660.25,1244.0
2026-01-09T04:25:00Z,25661.0,25674.0,25661.0,25670.0,1081.0
2026-01-09T04:30:00Z,25669.5,25676.0,25667.75,25668.75,875.0
2026-01-09T04:35:00Z,25669.75,25675.25,25668.0,25672.0,432.0
2026-01-09T04:40:00Z,25671.75,25675.0,25669.25,25672.75,440.0
2026-01-09T04:45:00Z,25673.0,25674.75,25666.25,25667.5,708.0
2026-01-09T04:50:00Z,25667.75,25680.75,25665.75,25679.0,1128.0
2026-01-09T04:55:00Z,25678.25,25680.75,25675.5,25678.0,523.0
2026-01-09T05:05:00Z,25683.75,25687.25,25683.0,25684.5,2640.0
2026-01-09T05:10:00Z,25684.75,25684.75,25674.75,25677.25,692.0
2026-01-09T05:15:00Z,25675.75,25678.75,25672.75,25678.25,606.0
2026-01-09T05:20:00Z,25678.75,25681.5,25674.75,25679.25,604.0
2026-01-09T05:25:00Z,25678.75,25683.75,25678.75,25681.0,600.0
2026-01-09T05:30:00Z,25681.25,25681.5,25672.25,25673.5,657.0
2026-01-09T05:35:00Z,25673.75,25676.0,25666.75,25670.75,692.0
2026-01-09T05:40:00Z,25670.0,25677.25,25669.75,25670.75,542.0
2026-01-09T05:45:00Z,25671.5,25674.25,25669.5,25669.75,350.0
2026-01-09T05:50:00Z,25669.75,25672.25,25667.25,25671.5,556.0
2026-01-09T05:55:00Z,25671.5,25695.5,25671.5,25693.25,2439.0
2026-01-09T06:00:00Z,25693.25,25702.0,25690.25,25693.0,2006.0
2026-01-09T06:05:00Z,25693.0,25694.75,25683.5,25684.75,1018.0
2026-01-09T06:10:00Z,25685.5,25687.0,25672.5,25681.25,1140.0
2026-01-09T06:15:00Z,25680.75,25684.0,25675.0,25677.0,801.0
2026-01-09T06:20:00Z,25677.5,25680.25,25676.75,25679.25,408.0
2026-01-09T06:25:00Z,25678.75,25683.5,25676.5,25681.75,593.0
2026-01-09T06:30:00Z,25681.75,25694.75,25681.25,25694.0,1194.0
2026-01-09T06:35:00Z,25694.0,25696.5,25690.75,25696.0,771.0
2026-01-09T06:40:00Z,25695.5,25696.25,25690.5,25693.5,519.0
2026-01-09T06:45:00Z,25694.25,25699.5,25692.0,25697.25,637.0
2026-01-09T06:50:00Z,25697.75,25697.75,25687.5,25691.25,752.0
2026-01-09T06:55:00Z,25691.5,25692.5,25687.75,25691.0,402.0
2026-01-09T07:00:00Z,25691.0,25692.0,25681.75,25685.5,1041.0
2026-01-09T07:05:00Z,25685.75,25687.5,25679.5,25685.25,706.0
2026-01-09T07:10:00Z,25685.25,25688.25,25682.0,25687.5,627.0
2026-01-09T07:15:00Z,25687.25,25688.0,25675.5,25676.0,872.0
2026-01-09T07:20:00Z,25676.5,25677.0,25662.25,25662.5,1795.0
2026-01-09T07:25:00Z,25662.25,25664.0,25653.5,25658.5,2114.0
2026-01-09T07:30:00Z,25658.5,25660.5,25652.0,25656.75,1508.0
2026-01-09T07:35:00Z,25657.25,25669.0,25656.75,25668.5,1686.0
2026-01-09T07:40:00Z,25668.25,25676.0,25667.0,25670.25,1126.0
2026-01-09T07:45:00Z,25670.75,25681.5,25669.5,25673.75,1256.0
2026-01-09T07:50:00Z,25674.0,25680.25,25668.5,25677.5,952.0
2026-01-09T07:55:00Z,25677.5,25680.0,25671.5,25672.5,883.0
2026-01-09T08:00:00Z,25672.5,25690.75,25671.5,25675.0,2878.0
2026-01-09T08:05:00Z,25675.0,25693.25,25674.0,25692.0,1832.0
2026-01-09T08:10:00Z,25692.0,25700.0,25686.5,25689.75,1990.0
2026-01-09T08:15:00Z,25689.75,25701.5,25687.75,25696.0,1623.0
2026-01-09T08:20:00Z,25696.0,25697.5,25685.0,25685.25,1441.0
2026-01-09T08:25:00Z,25685.0,25696.5,25683.0,25691.0,1477.0
2026-01-09T08:30:00Z,25690.75,25694.5,25671.0,25678.0,2697.0
2026-01-09T08:35:00Z,25677.75,25693.5,25677.75,25692.0,1599.0
2026-01-09T08:40:00Z,25692.25,25699.0,25689.25,25690.5,1185.0
2026-01-09T08:45:00Z,25690.25,25691.0,25665.75,25671.0,2352.0
2026-01-09T08:50:00Z,25670.75,25677.25,25665.25,25673.25,1636.0
2026-01-09T08:55:00Z,25673.0,25680.0,25671.5,25674.5,1536.0
2026-01-09T09:00:00Z,25674.5,25681.75,25662.25,25666.75,2079.0
2026-01-09T09:05:00Z,25666.75,25675.0,25663.5,25666.5,1435.0
2026-01-09T09:10:00Z,25666.25,25674.0,25664.25,25673.25,819.0
2026-01-09T09:15:00Z,25673.75,25680.75,25672.25,25680.25,1247.0
2026-01-09T09:20:00Z,25680.25,25686.25,25675.75,25685.0,904.0
2026-01-09T09:25:00Z,25686.0,25696.5,25683.75,25695.75,1264.0
2026-01-09T09:30:00Z,25696.25,25718.75,25696.25,25715.75,3227.0
2026-01-09T09:35:00Z,25716.25,25724.0,25712.75,25718.25,2300.0
2026-01-09T09:40:00Z,25718.5,25719.25,25708.75,25711.0,1948.0
2026-01-09T09:45:00Z,25711.5,25725.75,25711.0,25715.25,1981.0
2026-01-09T09:50:00Z,25715.25,25725.25,25710.25,25720.75,1384.0
2026-01-09T09:55:00Z,25721.0,25722.75,25717.75,25721.75,785.0
2026-01-09T10:00:00Z,25722.75,25729.75,25716.75,25717.75,2064.0
2026-01-09T10:05:00Z,25717.75,25725.0,25717.75,25723.75,932.0
2026-01-09T10:10:00Z,25724.25,25728.0,25719.75,25722.5,1012.0
2026-01-09T10:15:00Z,25722.5,25729.75,25721.75,25724.75,814.0
2026-01-09T10:20:00Z,25724.5,25736.25,25724.0,25736.25,1162.0
2026-01-09T10:25:00Z,25736.25,25737.75,25728.5,25730.0,1131.0
2026-01-09T10:30:00Z,25730.25,25735.0,25726.0,25733.5,1022.0
2026-01-09T10:35:00Z,25734.5,25735.0,25724.75,25729.5,1031.0
2026-01-09T10:40:00Z,25729.75,25731.0,25721.5,25725.5,836.0
2026-01-09T10:45:00Z,25726.25,25733.75,25725.25,25732.0,836.0
2026-01-09T10:50:00Z,25733.0,25735.75,25726.0,25729.75,794.0
2026-01-09T10:55:00Z,25729.75,25733.25,25727.75,25727.75,563.0
2026-01-09T11:00:00Z,25727.75,25735.25,25721.25,25728.25,1518.0
2026-01-09T11:05:00Z,25728.5,25734.0,25723.75,25724.5,1090.0
2026-01-09T11:10:00Z,25724.25,25731.5,25724.25,25727.0,513.0
2026-01-09T11:15:00Z,25726.75,25734.75,25724.0,25733.75,782.0
2026-01-09T11:20:00Z,25734.25,25741.75,25732.0,25740.25,1490.0
2026-01-09T11:25:00Z,25740.0,25748.75,25740.0,25746.0,1715.0
2026-01-09T11:30:00Z,25746.0,25758.25,25744.0,25756.25,2365.0
2026-01-09T11:35:00Z,25756.5,25762.5,25752.0,25761.25,1745.0
2026-01-09T11:40:00Z,25760.75,25766.5,25751.25,25765.0,2212.0
2026-01-09T11:45:00Z,25765.75,25767.0,25751.0,25753.25,1440.0
2026-01-09T11:50:00Z,25753.25,25755.25,25748.0,25748.0,1032.0
2026-01-09T11:55:00Z,25748.0,25748.5,25738.0,25740.5,1857.0
2026-01-09T12:00:00Z,25740.5,25748.0,25736.0,25744.5,1745.0
2026-01-09T12:05:00Z,25745.0,25752.75,25742.5,25744.0,1422.0
2026-01-09T12:10:00Z,25744.0,25744.0,25736.0,25737.75,1351.0
2026-01-09T12:15:00Z,25737.75,25738.5,25728.0,25730.0,1875.0
2026-01-09T12:20:00Z,25729.75,25733.5,25724.75,25733.0,1230.0
2026-01-09T12:25:00Z,25733.5,25735.0,25720.5,25726.0,1492.0
2026-01-09T12:30:00Z,25726.25,25728.0,25719.0,25722.75,1475.0
2026-01-09T12:35:00Z,25722.0,25723.5,25713.5,25719.0,1728.0
2026-01-09T12:40:00Z,25718.25,25729.75,25718.0,25729.0,1644.0
2026-01-09T12:45:00Z,25728.25,25744.25,25728.25,25743.25,1955.0
2026-01-09T12:50:00Z,25742.25,25748.25,25735.5,25739.5,2253.0
2026-01-09T12:55:00Z,25739.25,25749.0,25736.25,25749.0,1482.0
2026-01-09T13:00:00Z,25748.75,25753.0,25732.75,25737.25,2541.0
2026-01-09T13:05:00Z,25737.0,25748.75,25733.0,25746.5,2097.0
2026-01-09T13:10:00Z,25746.5,25747.5,25732.0,25741.75,1869.0
2026-01-09T13:15:00Z,25741.0,25744.0,25726.25,25740.5,2437.0
2026-01-09T13:20:00Z,25740.5,25750.75,25730.25,25731.5,2213.0
2026-01-09T13:25:00Z,25731.5,25745.25,25726.5,25744.0,3009.0
2026-01-09T13:30:00Z,25744.0,25787.25,25715.25,25781.5,13385.0
2026-01-09T13:35:00Z,25780.5,25805.0,25779.75,25790.75,10609.0
2026-01-09T13:40:00Z,25791.0,25806.0,25789.25,25794.25,5040.0
2026-01-09T13:45:00Z,25794.5,25803.0,25788.25,25792.25,4682.0
2026-01-09T13:50:00Z,25792.75,25800.0,25782.75,25798.5,6181.0
2026-01-09T13:55:00Z,25798.25,25809.25,25794.0,25804.75,4261.0
2026-01-09T14:00:00Z,25805.0,25824.75,25803.5,25810.75,8734.0
2026-01-09T14:05:00Z,25811.0,25811.5,25792.5,25796.5,6552.0
2026-01-09T14:10:00Z,25797.0,25803.25,25752.75,25768.5,15455.0
2026-01-09T14:15:00Z,25769.0,25773.5,25726.25,25734.0,12034.0
2026-01-09T14:20:00Z,25734.0,25736.5,25700.25,25727.0,15169.0
2026-01-09T14:25:00Z,25727.25,25732.5,25703.0,25714.0,10823.0
2026-01-09T14:30:00Z,25714.25,25715.25,25648.25,25675.5,52904.0
2026-01-09T14:35:00Z,25675.5,25791.0,25671.25,25755.75,54876.0
2026-01-09T14:40:00Z,25755.75,25777.25,25730.75,25751.75,40379.0
2026-01-09T14:45:00Z,25751.5,25769.75,25673.75,25705.75,40265.0
2026-01-09T14:50:00Z,25705.0,25757.5,25685.25,25738.5,40885.0
2026-01-09T14:55:00Z,25738.0,25743.75,25690.0,25734.0,21783.0
2026-01-09T15:00:00Z,25738.25,25759.75,25701.75,25713.0,34342.0
2026-01-09T15:05:00Z,25712.25,25719.0,25615.75,25642.5,54328.0
2026-01-09T15:10:00Z,25643.0,25751.75,25639.0,25748.0,50045.0
2026-01-09T15:15:00Z,25747.5,25769.5,25731.75,25769.25,35194.0
2026-01-09T15:20:00Z,25769.25,25814.75,25752.0,25799.75,36259.0
2026-01-09T15:25:00Z,25799.75,25860.75,25798.0,25853.5,35471.0
2026-01-09T15:30:00Z,25853.5,25879.0,25830.0,25864.75,35676.0
2026-01-09T15:35:00Z,25864.5,25870.5,25841.25,25842.0,22094.0
2026-01-09T15:40:00Z,25842.5,25848.0,25780.0,25780.75,35629.0
2026-01-09T15:45:00Z,25780.75,25800.0,25761.0,25772.25,34802.0
2026-01-09T15:50:00Z,25772.5,25808.25,25769.0,25775.75,24270.0
2026-01-09T15:55:00Z,25775.5,25815.0,25763.5,25811.75,23942.0
2026-01-09T16:00:00Z,25811.25,25854.25,25810.75,25841.0,26452.0
2026-01-09T16:05:00Z,25841.0,25888.0,25836.0,25885.0,21743.0
2026-01-09T16:10:00Z,25885.0,25901.5,25862.0,25891.0,25531.0
2026-01-09T16:15:00Z,25891.0,25895.0,25875.25,25886.75,14458.0
2026-01-09T16:20:00Z,25886.5,25891.5,25872.5,25881.25,11681.0
2026-01-09T16:25:00Z,25881.25,25881.75,25858.5,25864.0,12574.0
2026-01-09T16:30:00Z,25864.0,25877.25,25850.0,25855.75,15792.0
2026-01-09T16:35:00Z,25856.0,25867.0,25845.0,25866.0,13419.0
2026-01-09T16:40:00Z,25866.0,25876.0,25852.25,25868.25,11434.0
2026-01-09T16:45:00Z,25868.0,25899.5,25866.75,25896.0,14378.0
2026-01-09T16:50:00Z,25896.25,25917.75,25896.0,25915.0,15213.0
2026-01-09T16:55:00Z,25915.25,25920.5,25906.0,25910.25,10104.0
2026-01-09T17:00:00Z,25910.0,25926.0,25898.0,25923.25,13657.0
2026-01-09T17:05:00Z,25923.25,25926.0,25914.25,25920.0,6767.0
2026-01-09T17:10:00Z,25920.0,25921.5,25902.25,25913.25,8731.0
2026-01-09T17:15:00Z,25913.25,25913.75,25885.25,25886.75,9920.0
2026-01-09T17:20:00Z,25886.5,25915.75,25886.25,25912.75,10493.0
2026-01-09T17:25:00Z,25913.0,25922.5,25908.75,25913.25,7803.0
2026-01-09T17:30:00Z,25913.25,25927.5,25905.25,25922.5,8694.0
2026-01-09T17:35:00Z,25922.5,25923.5,25911.75,25916.0,6199.0
2026-01-09T17:40:00Z,25915.75,25916.5,25904.0,25910.0,6062.0
2026-01-09T17:45:00Z,25910.5,25929.0,25905.75,25921.0,8320.0
2026-01-09T17:50:00Z,25921.25,25934.0,25918.75,25922.5,8409.0
2026-01-09T17:55:00Z,25922.25,25936.0,25917.25,25923.0,7789.0
2026-01-09T18:00:00Z,25923.25,25923.5,25905.5,25908.5,9061.0
2026-01-09T18:05:00Z,25908.75,25920.25,25889.25,25890.75,9937.0
2026-01-09T18:10:00Z,25890.75,25898.75,25886.0,25891.25,8808.0
2026-01-09T18:15:00Z,25891.25,25898.25,25885.75,25891.75,6446.0
2026-01-09T18:20:00Z,25892.0,25897.0,25887.25,25890.75,4490.0
2026-01-09T18:25:00Z,25890.75,25909.25,25882.0,25908.0,9095.0
2026-01-09T18:30:00Z,25908.25,25929.0,25906.75,25925.5,8485.0
2026-01-09T18:35:00Z,25925.75,25952.25,25923.75,25950.75,12769.0
2026-01-09T18:40:00Z,25950.5,25959.75,25937.5,25939.5,11303.0
2026-01-09T18:45:00Z,25939.25,25953.5,25936.75,25950.75,7704.0
2026-01-09T18:50:00Z,25951.0,25956.75,25944.75,25955.0,5681.0
2026-01-09T18:55:00Z,25955.0,25968.25,25952.0,25961.25,8043.0
2026-01-09T19:00:00Z,25962.25,25963.75,25950.5,25956.75,6762.0
2026-01-09T19:05:00Z,25956.5,25957.75,25948.0,25955.25,4653.0
2026-01-09T19:10:00Z,25955.5,25961.25,25950.25,25954.0,5467.0
2026-01-09T19:15:00Z,25954.25,25967.0,25954.25,25963.5,4659.0
2026-01-09T19:20:00Z,25963.75,25965.0,25958.25,25962.5,4239.0
2026-01-09T19:25:00Z,25962.75,25964.25,25956.75,25958.75,3603.0
2026-01-09T19:30:00Z,25959.25,25961.0,25952.25,25953.75,4205.0
2026-01-09T19:35:00Z,25953.75,25962.25,25952.0,25959.25,3859.0
2026-01-09T19:40:00Z,25959.5,25964.0,25956.0,25962.25,3429.0
2026-01-09T19:45:00Z,25962.0,25971.5,25958.0,25965.0,7059.0
2026-01-09T19:50:00Z,25965.25,25972.75,25964.0,25964.75,7094.0
2026-01-09T19:55:00Z,25964.75,25965.0,25953.5,25954.5,6683.0
2026-01-09T20:00:00Z,25954.25,25970.5,25949.25,25964.25,7884.0
2026-01-09T20:05:00Z,25964.5,25976.25,25960.5,25970.5,5798.0
2026-01-09T20:10:00Z,25970.75,25972.5,25964.25,25966.25,4281.0
2026-01-09T20:15:00Z,25966.0,25974.75,25963.75,25972.0,4609.0
2026-01-09T20:20:00Z,25972.5,25984.0,25970.0,25980.5,8173.0
2026-01-09T20:25:00Z,25980.5,25986.0,25967.0,25967.5,6295.0
2026-01-09T20:30:00Z,25967.25,25972.75,25963.5,25970.25,6322.0
2026-01-09T20:35:00Z,25970.25,25970.25,25961.75,25963.75,4536.0
2026-01-09T20:40:00Z,25964.0,25964.25,25954.0,25961.25,6659.0
2026-01-09T20:45:00Z,25961.0,25965.0,25955.75,25961.5,5485.0
2026-01-09T20:50:00Z,25961.5,25962.0,25942.25,25952.5,14196.0
2026-01-09T20:55:00Z,25952.0,25954.0,25930.75,25932.75,18712.0
2026-01-09T21:00:00Z,25933.25,25940.25,25926.25,25936.25,10421.0
2026-01-09T21:05:00Z,25936.0,25943.5,25930.5,25936.25,2971.0
2026-01-09T21:10:00Z,25936.5,25937.5,25931.0,25933.5,2380.0
2026-01-09T21:15:00Z,25933.0,25941.0,25929.75,25937.25,2038.0
2026-01-09T21:20:00Z,25937.25,25939.25,25931.75,25934.25,1379.0
2026-01-09T21:25:00Z,25934.25,25935.5,25931.25,25933.5,1123.0
2026-01-09T21:30:00Z,25933.25,25934.0,25929.25,25929.25,1206.0
2026-01-09T21:35:00Z,25929.25,25930.5,25926.0,25930.0,1519.0
2026-01-09T21:40:00Z,25930.0,25932.25,25924.5,25926.0,1460.0
2026-01-09T21:45:00Z,25925.75,25929.25,25923.5,25928.25,1511.0
2026-01-09T21:50:00Z,25928.25,25932.75,25924.5,25932.0,990.0
2026-01-09T21:55:00Z,25931.75,25933.75,25927.0,25931.5,1335.0
2026-01-11T23:10:00Z,25913.25,25919.75,25900.25,25906.0,2030.0
2026-01-11T23:15:00Z,25906.0,25912.75,25879.75,25893.25,3830.0
2026-01-11T23:20:00Z,25893.75,25906.5,25890.5,25901.25,1698.0
2026-01-11T23:25:00Z,25901.75,25909.5,25900.5,25902.25,1112.0
2026-01-11T23:30:00Z,25902.5,25912.0,25896.25,25906.0,1933.0
2026-01-11T23:35:00Z,25906.0,25907.5,25899.25,25900.5,996.0
2026-01-11T23:40:00Z,25900.0,25909.25,25899.25,25905.5,1140.0
2026-01-11T23:45:00Z,25904.75,25908.25,25894.25,25905.75,1878.0
2026-01-11T23:50:00Z,25904.75,25911.0,25898.75,25905.0,1329.0
2026-01-11T23:55:00Z,25904.75,25909.5,25893.25,25894.0,1244.0
2026-01-12T00:00:00Z,25893.5,25902.5,25880.75,25887.5,4306.0
2026-01-12T00:05:00Z,25888.5,25891.5,25861.75,25871.25,5922.0
2026-01-12T00:10:00Z,25871.5,25872.5,25855.0,25861.0,3674.0
2026-01-12T00:15:00Z,25860.5,25872.0,25856.75,25867.5,2220.0
2026-01-12T00:20:00Z,25868.25,25870.25,25857.5,25859.75,1617.0
2026-01-12T00:25:00Z,25858.75,25867.25,25857.75,25861.75,1314.0
2026-01-12T00:30:00Z,25861.5,25862.5,25825.25,25832.75,6650.0
2026-01-12T00:35:00Z,25832.25,25846.5,25772.75,25788.5,10478.0
2026-01-12T00:40:00Z,25788.0,25815.75,25781.75,25805.25,6891.0
2026-01-12T00:45:00Z,25806.0,25813.75,25800.25,25804.5,3521.0
2026-01-12T00:50:00Z,25804.75,25804.75,25786.25,25795.75,4315.0
2026-01-12T00:55:00Z,25796.0,25800.75,25780.25,25788.5,3406.0
2026-01-12T01:00:00Z,25789.0,25797.5,25762.25,25780.5,8444.0
2026-01-12T01:05:00Z,25780.5,25789.5,25775.75,25776.75,3784.0
2026-01-12T01:10:00Z,25776.5,25787.75,25760.25,25781.75,5258.0
2026-01-12T01:15:00Z,25781.75,25784.5,25762.0,25763.25,3597.0
2026-01-12T01:20:00Z,25763.75,25768.5,25752.0,25759.5,5339.0
2026-01-12T01:25:00Z,25760.0,25763.0,25748.75,25756.5,3796.0
2026-01-12T01:30:00Z,25756.5,25758.0,25733.0,25734.0,5519.0
2026-01-12T01:35:00Z,25733.25,25755.0,25723.5,25746.0,5443.0
2026-01-12T01:40:00Z,25747.25,25770.25,25745.0,25769.25,4357.0
2026-01-12T01:45:00Z,25769.5,25785.0,25767.0,25778.75,5099.0
2026-01-12T01:50:00Z,25779.5,25784.5,25768.75,25774.75,3223.0
2026-01-12T01:55:00Z,25774.5,25784.0,25773.25,25778.0,1916.0
2026-01-12T02:00:00Z,25777.75,25778.5,25753.0,25759.25,4073.0
2026-01-12T02:05:00Z,25760.75,25765.75,25750.25,25754.0,2600.0
2026-01-12T02:10:00Z,25753.75,25756.75,25743.25,25745.0,2903.0
2026-01-12T02:15:00Z,25745.0,25749.0,25734.0,25736.75,3303.0
2026-01-12T02:20:00Z,25736.75,25743.5,25734.75,25736.25,2008.0
2026-01-12T02:25:00Z,25736.5,25742.75,25731.0,25741.75,2295.0
2026-01-12T02:30:00Z,25741.75,25756.5,25740.5,25751.75,3207.0
2026-01-12T02:35:00Z,25751.75,25758.5,25750.0,25753.75,1677.0
2026-01-12T02:40:00Z,25753.75,25758.75,25753.0,25754.75,1315.0
2026-01-12T02:45:00Z,25754.75,25760.5,25753.25,25758.0,1630.0
2026-01-12T02:50:00Z,25757.5,25764.5,25740.0,25747.75,3678.0
2026-01-12T02:55:00Z,25747.5,25750.75,25740.0,25747.75,2420.0
2026-01-12T03:00:00Z,25747.75,25750.0,25737.75,25743.25,1822.0
2026-01-12T03:05:00Z,25743.5,25753.5,25741.5,25745.5,1545.0
2026-01-12T03:10:00Z,25745.0,25746.0,25740.5,25744.75,992.0
2026-01-12T03:15:00Z,25743.75,25752.75,25740.5,25751.25,1351.0
2026-01-12T03:20:00Z,25751.25,25752.5,25742.0,25748.5,1053.0
2026-01-12T03:25:00Z,25748.5,25749.25,25742.75,25745.5,992.0
2026-01-12T03:30:00Z,25745.5,25752.75,25745.0,25750.25,1476.0
2026-01-12T03:35:00Z,25750.0,25752.0,25740.0,25749.5,1890.0
2026-01-12T03:40:00Z,25749.25,25750.5,25741.5,25746.0,949.0
2026-01-12T03:45:00Z,25745.75,25746.75,25710.0,25727.0,6567.0
2026-01-12T03:50:00Z,25727.75,25735.25,25722.5,25733.75,2035.0
2026-01-12T03:55:00Z,25734.0,25739.25,25733.0,25737.75,1804.0
2026-01-12T04:00:00Z,25738.0,25740.25,25725.0,25729.25,1937.0
2026-01-12T04:05:00Z,25729.0,25732.0,25723.0,25730.5,1307.0
2026-01-12T04:10:00Z,25730.75,25730.75,25717.5,25724.5,1543.0
2026-01-12T04:15:00Z,25724.75,25728.25,25715.0,25725.0,1970.0
2026-01-12T04:20:00Z,25724.5,25728.25,25722.5,25725.0,864.0
2026-01-12T04:25:00Z,25725.0,25730.75,25722.0,25728.75,1014.0
2026-01-12T04:30:00Z,25728.25,25737.5,25723.5,25737.25,1685.0
2026-01-12T04:35:00Z,25737.25,25738.25,25728.5,25734.0,1261.0
2026-01-12T04:40:00Z,25734.5,25737.5,25728.75,25729.75,887.0
2026-01-12T04:45:00Z,25729.5,25733.25,25726.5,25732.25,772.0
2026-01-12T04:50:00Z,25732.5,25733.0,25722.75,25729.5,927.0
2026-01-12T04:55:00Z,25729.75,25730.25,25723.75,25729.0,583.0
2026-01-12T05:00:00Z,25727.0,25729.5,25721.0,25729.0,1160.0
2026-01-12T05:05:00Z,25728.25,25734.0,25726.25,25733.75,985.0
2026-01-12T05:10:00Z,25733.25,25743.0,25720.0,25721.0,2450.0
2026-01-12T05:15:00Z,25720.75,25721.25,25711.0,25718.75,2505.0
2026-01-12T05:20:00Z,25718.75,25722.5,25712.5,25713.75,1078.0
2026-01-12T05:25:00Z,25713.75,25714.25,25692.75,25702.75,5661.0
2026-01-12T05:30:00Z,25702.25,25702.5,25687.25,25693.25,2671.0
2026-01-12T05:35:00Z,25693.25,25696.5,25689.0,25689.0,1381.0
2026-01-12T05:40:00Z,25690.0,25694.25,25686.25,25689.0,1655.0
2026-01-12T05:45:00Z,25688.75,25692.25,25677.25,25679.5,2640.0
2026-01-12T05:50:00Z,25680.0,25697.0,25679.5,25696.5,2469.0
2026-01-12T05:55:00Z,25696.0,25700.5,25695.0,25699.0,1239.0
2026-01-12T06:00:00Z,25699.0,25711.0,25696.5,25708.25,2186.0
2026-01-12T06:05:00Z,25708.25,25718.75,25707.0,25717.25,1427.0
2026-01-12T06:10:00Z,25717.75,25726.0,25715.25,25717.25,1829.0
2026-01-12T06:15:00Z,25717.25,25718.0,25706.75,25707.5,1190.0
2026-01-12T06:20:00Z,25707.75,25710.75,25698.0,25709.75,1918.0
2026-01-12T06:25:00Z,25710.25,25718.5,25708.0,25710.5,1562.0
2026-01-12T06:30:00Z,25710.25,25715.75,25705.25,25705.25,1249.0
2026-01-12T06:35:00Z,25705.5,25715.5,25705.0,25706.75,947.0
2026-01-12T06:40:00Z,25706.75,25717.0,25705.75,25714.0,1010.0
2026-01-12T06:45:00Z,25714.0,25720.75,25713.5,25720.0,1006.0
2026-01-12T06:50:00Z,25720.25,25721.75,25712.25,25712.75,871.0
2026-01-12T06:55:00Z,25712.75,25720.0,25711.25,25717.5,617.0
2026-01-12T07:00:00Z,25717.5,25732.75,25715.5,25730.0,1747.0
2026-01-12T07:05:00Z,25729.5,25739.5,25725.0,25737.0,2165.0
2026-01-12T07:10:00Z,25737.0,25746.5,25729.25,25735.25,2614.0
2026-01-12T07:15:00Z,25735.75,25737.75,25724.25,25725.0,1343.0
2026-01-12T07:20:00Z,25725.5,25732.25,25724.25,25729.75,884.0
2026-01-12T07:25:00Z,25729.5,25740.25,25728.0,25733.75,1653.0
2026-01-12T07:30:00Z,25733.75,25733.75,25723.25,25726.75,1193.0
2026-01-12T07:35:00Z,25726.75,25735.0,25724.75,25727.25,1136.0
2026-01-12T07:40:00Z,25727.25,25734.5,25725.75,25728.0,765.0
2026-01-12T07:45:00Z,25728.0,25736.25,25722.0,25732.5,1283.0
2026-01-12T07:50:00Z,25732.75,25734.25,25725.5,25728.5,656.0
2026-01-12T07:55:00Z,25728.0,25735.5,25723.75,25731.5,1136.0
2026-01-12T08:00:00Z,25731.75,25750.0,25726.0,25742.25,3261.0
2026-01-12T08:05:00Z,25741.75,25750.0,25736.0,25739.25,2339.0
2026-01-12T08:10:00Z,25738.5,25743.5,25716.0,25716.25,2763.0
2026-01-12T08:15:00Z,25717.0,25722.75,25689.0,25690.75,4672.0
2026-01-12T08:20:00Z,25690.75,25692.0,25658.25,25674.0,7672.0
2026-01-12T08:25:00Z,25674.75,25688.25,25668.5,25676.75,3569.0
2026-01-12T08:30:00Z,25676.75,25678.25,25645.25,25660.0,6873.0
2026-01-12T08:35:00Z,25661.0,25664.5,25637.75,25638.0,3416.0
2026-01-12T08:40:00Z,25637.75,25653.25,25632.75,25650.25,4120.0
2026-01-12T08:45:00Z,25651.0,25659.0,25641.25,25645.0,2940.0
2026-01-12T08:50:00Z,25644.5,25667.5,25638.75,25663.5,2951.0
2026-01-12T08:55:00Z,25663.75,25673.75,25660.0,25660.0,2346.0
2026-01-12T09:00:00Z,25659.75,25682.5,25659.5,25679.5,3925.0
2026-01-12T09:05:00Z,25680.0,25695.25,25677.5,25694.0,2904.0
2026-01-12T09:10:00Z,25694.25,25701.0,25683.5,25696.0,2419.0
2026-01-12T09:15:00Z,25696.0,25701.0,25685.75,25696.0,2053.0
2026-01-12T09:20:00Z,25696.0,25696.25,25671.75,25677.25,2148.0
2026-01-12T09:25:00Z,25677.25,25683.0,25672.75,25679.75,1888.0
2026-01-12T09:30:00Z,25679.5,25682.75,25665.0,25671.5,1794.0
2026-01-12T09:35:00Z,25671.75,25677.75,25667.25,25674.75,1031.0
2026-01-12T09:40:00Z,25674.75,25684.5,25668.25,25675.75,1606.0
2026-01-12T09:45:00Z,25675.5,25687.0,25675.25,25682.25,1206.0
2026-01-12T09:50:00Z,25681.75,25698.75,25675.75,25698.25,1776.0
2026-01-12T09:55:00Z,25698.5,25706.75,25689.5,25698.0,2073.0
2026-01-12T10:00:00Z,25698.25,25702.5,25687.75,25695.75,1523.0
2026-01-12T10:05:00Z,25695.75,25697.0,25689.75,25694.0,759.0
2026-01-12T10:10:00Z,25694.0,25697.75,25687.5,25691.0,916.0
2026-01-12T10:15:00Z,25691.5,25706.25,25686.5,25706.25,1408.0
2026-01-12T10:20:00Z,25706.0,25706.5,25689.75,25699.25,1842.0
2026-01-12T10:25:00Z,25699.25,25706.75,25693.5,25705.75,912.0
2026-01-12T10:30:00Z,25705.5,25719.25,25704.75,25716.75,2418.0
2026-01-12T10:35:00Z,25716.75,25722.75,25710.5,25718.0,1629.0
2026-01-12T10:40:00Z,25718.25,25723.25,25715.0,25715.75,972.0
2026-01-12T10:45:00Z,25716.0,25718.25,25710.25,25713.5,1058.0
2026-01-12T10:50:00Z,25713.0,25714.0,25708.0,25711.5,835.0
2026-01-12T10:55:00Z,25712.75,25712.75,25702.0,25708.0,1283.0
2026-01-12T11:00:00Z,25707.75,25721.25,25705.5,25708.5,2291.0
2026-01-12T11:05:00Z,25708.25,25719.75,25706.75,25713.75,1081.0
2026-01-12T11:10:00Z,25713.5,25733.0,25713.0,25727.0,2654.0
2026-01-12T11:15:00Z,25727.75,25731.0,25714.0,25714.5,1562.0
2026-01-12T11:20:00Z,25714.75,25722.5,25713.75,25721.75,1231.0
2026-01-12T11:25:00Z,25721.5,25723.0,25715.75,25718.75,640.0
2026-01-12T11:30:00Z,25718.25,25719.0,25710.5,25716.5,976.0
2026-01-12T11:35:00Z,25716.0,25723.5,25713.0,25715.5,857.0
2026-01-12T11:40:00Z,25715.25,25721.75,25714.0,25717.25,875.0
2026-01-12T11:45:00Z,25717.0,25724.25,25712.25,25717.0,1007.0
2026-01-12T11:50:00Z,25717.0,25719.25,25711.25,25715.5,1222.0
2026-01-12T11:55:00Z,25716.25,25720.5,25709.25,25719.0,931.0
2026-01-12T12:00:00Z,25718.25,25733.0,25713.75,25731.5,2088.0
2026-01-12T12:05:00Z,25731.75,25742.0,25728.0,25728.25,3023.0
2026-01-12T12:10:00Z,25728.5,25741.75,25728.5,25731.75,2421.0
2026-01-12T12:15:00Z,25732.75,25739.25,25732.25,25733.25,1077.0
2026-01-12T12:20:00Z,25733.25,25739.25,25732.25,25736.25,1022.0
2026-01-12T12:25:00Z,25736.25,25737.25,25724.25,25729.5,2015.0
2026-01-12T12:30:00Z,25729.0,25748.0,25728.25,25746.25,2445.0
2026-01-12T12:35:00Z,25745.5,25747.0,25730.5,25734.0,2201.0
2026-01-12T12:40:00Z,25734.25,25745.5,25731.25,25742.75,1884.0
2026-01-12T12:45:00Z,25742.75,25747.0,25736.75,25746.0,1513.0
2026-01-12T12:50:00Z,25745.75,25759.5,25745.75,25757.75,3389.0
2026-01-12T12:55:00Z,25757.75,25761.75,25748.75,25753.5,2416.0
2026-01-12T13:00:00Z,25753.0,25756.0,25744.5,25753.5,2211.0
2026-01-12T13:05:00Z,25754.0,25761.75,25727.5,25729.5,3742.0
2026-01-12T13:10:00Z,25728.75,25745.25,25728.75,25731.75,3533.0
2026-01-12T13:15:00Z,25731.75,25757.0,25730.25,25754.5,2629.0
2026-01-12T13:20:00Z,25755.0,25762.75,25741.25,25745.75,3279.0
2026-01-12T13:25:00Z,25745.75,25756.75,25745.0,25754.0,1744.0
2026-01-12T13:30:00Z,25753.5,25755.0,25738.25,25749.25,2224.0
2026-01-12T13:35:00Z,25748.75,25754.0,25741.0,25750.5,1590.0
2026-01-12T13:40:00Z,25751.0,25754.75,25736.75,25745.0,2846.0
2026-01-12T13:45:00Z,25744.75,25748.75,25740.25,25742.5,1892.0
2026-01-12T13:50:00Z,25743.0,25753.75,25739.0,25750.0,2042.0
2026-01-12T13:55:00Z,25749.75,25759.75,25743.25,25743.5,2490.0
2026-01-12T14:00:00Z,25743.75,25751.0,25739.75,25742.75,2796.0
2026-01-12T14:05:00Z,25742.75,25754.5,25732.0,25747.25,5087.0
2026-01-12T14:10:00Z,25747.0,25748.0,25739.5,25741.75,2328.0
2026-01-12T14:15:00Z,25741.75,25745.0,25724.5,25737.5,5944.0
2026-01-12T14:20:00Z,25737.75,25740.75,25722.0,25726.5,3382.0
2026-01-12T14:25:00Z,25727.0,25750.75,25719.75,25746.0,9031.0
2026-01-12T14:30:00Z,25745.75,25860.0,25743.75,25855.75,53717.0
2026-01-12T14:35:00Z,25856.0,25889.5,25844.5,25882.75,36612.0
2026-01-12T14:40:00Z,25883.0,25892.5,25848.25,25853.0,32112.0
2026-01-12T14:45:00Z,25853.75,25875.0,25834.25,25871.25,30951.0
2026-01-12T14:50:00Z,25871.0,25924.75,25867.0,25893.5,33772.0
2026-01-12T14:55:00Z,25893.5,25918.25,25890.0,25901.0,18116.0
2026-01-12T15:00:00Z,25901.25,25907.75,25872.5,25876.75,26512.0
2026-01-12T15:05:00Z,25876.75,25892.0,25867.0,25882.25,17607.0
2026-01-12T15:10:00Z,25882.25,25910.25,25871.25,25905.75,20629.0
2026-01-12T15:15:00Z,25906.0,25912.0,25881.25,25904.25,16179.0
2026-01-12T15:20:00Z,25904.25,25931.5,25897.75,25919.0,21148.0
2026-01-12T15:25:00Z,25919.0,25933.25,25911.25,25921.75,14908.0
2026-01-12T15:30:00Z,25921.5,25922.5,25877.5,25891.5,20976.0
2026-01-12T15:35:00Z,25891.5,25908.25,25879.75,25901.25,16670.0
2026-01-12T15:40:00Z,25901.25,25903.25,25873.5,25887.75,13269.0
2026-01-12T15:45:00Z,25887.5,25899.5,25863.5,25895.0,17751.0
2026-01-12T15:50:00Z,25894.75,25911.75,25882.25,25908.0,12441.0
2026-01-12T15:55:00Z,25908.25,25920.5,25901.5,25916.0,12025.0
2026-01-12T16:00:00Z,25915.5,25923.5,25901.25,25914.75,11551.0
2026-01-12T16:05:00Z,25914.75,25928.0,25913.0,25925.25,8066.0
2026-01-12T16:10:00Z,25925.5,25947.25,25925.5,25946.25,15187.0
2026-01-12T16:15:00Z,25946.25,25960.0,25942.5,25949.75,16148.0
2026-01-12T16:20:00Z,25949.25,25957.5,25934.25,25944.25,11856.0
2026-01-12T16:25:00Z,25944.5,25945.75,25929.0,25941.75,9468.0
2026-01-12T16:30:00Z,25941.5,25949.25,25933.25,25944.0,8723.0
2026-01-12T16:35:00Z,25945.0,25952.0,25938.5,25943.75,8379.0
2026-01-12T16:40:00Z,25944.0,25953.75,25932.0,25933.0,7746.0
2026-01-12T16:45:00Z,25933.0,25945.25,25920.75,25942.0,15447.0
2026-01-12T16:50:00Z,25942.25,25964.0,25941.25,25961.5,11588.0
2026-01-12T16:55:00Z,25961.5,25969.5,25958.5,25960.5,10053.0
2026-01-12T17:00:00Z,25960.75,25972.0,25951.75,25965.75,9746.0
2026-01-12T17:05:00Z,25965.75,25968.25,25953.0,25954.75,6655.0
2026-01-12T17:10:00Z,25954.5,25977.0,25954.0,25969.75,9393.0
2026-01-12T17:15:00Z,25969.25,25970.5,25953.25,25956.25,6453.0
2026-01-12T17:20:00Z,25956.0,25970.75,25955.25,25955.25,7155.0
2026-01-12T17:25:00Z,25955.25,25963.0,25948.75,25962.5,7893.0
2026-01-12T17:30:00Z,25962.25,25963.0,25948.75,25952.5,5626.0
2026-01-12T17:35:00Z,25952.75,25955.25,25939.5,25941.0,7612.0
2026-01-12T17:40:00Z,25941.0,25961.75,25938.5,25959.25,8791.0
2026-01-12T17:45:00Z,25959.0,25972.25,25956.5,25969.5,7160.0
2026-01-12T17:50:00Z,25969.5,25971.25,25959.0,25969.5,5809.0
2026-01-12T17:55:00Z,25969.75,25972.0,25965.0,25968.25,3543.0
2026-01-12T18:00:00Z,25968.25,25979.0,25965.0,25978.25,7324.0
2026-01-12T18:05:00Z,25978.0,25992.0,25977.5,25986.25,12931.0
2026-01-12T18:10:00Z,25986.25,25989.5,25981.0,25985.5,4763.0
2026-01-12T18:15:00Z,25985.75,25986.0,25975.5,25982.5,5771.0
2026-01-12T18:20:00Z,25982.75,25997.25,25981.75,25993.75,7853.0
2026-01-12T18:25:00Z,25993.75,25994.25,25986.5,25991.0,4190.0
2026-01-12T18:30:00Z,25991.0,25993.5,25981.75,25983.75,4986.0
2026-01-12T18:35:00Z,25983.75,25987.25,25978.75,25984.25,4330.0
2026-01-12T18:40:00Z,25984.25,25986.0,25977.5,25981.75,3673.0
2026-01-12T18:45:00Z,25981.75,25990.5,25979.25,25987.25,4008.0
2026-01-12T18:50:00Z,25987.0,25992.75,25976.0,25976.25,6024.0
2026-01-12T18:55:00Z,25976.25,25980.5,25973.75,25978.5,3712.0
2026-01-12T19:00:00Z,25978.75,25979.0,25964.75,25967.0,8441.0
2026-01-12T19:05:00Z,25966.75,25980.0,25962.0,25978.25,7273.0
2026-01-12T19:10:00Z,25978.0,25983.25,25975.75,25981.0,4589.0
2026-01-12T19:15:00Z,25981.25,25991.25,25977.25,25991.0,5849.0
2026-01-12T19:20:00Z,25991.0,25995.5,25986.5,25995.0,5485.0
2026-01-12T19:25:00Z,25995.25,26003.25,25991.75,25996.25,6649.0
2026-01-12T19:30:00Z,25996.25,26013.5,25995.25,26010.25,10131.0
2026-01-12T19:35:00Z,26010.25,26016.0,26006.0,26008.5,7028.0
2026-01-12T19:40:00Z,26008.5,26010.25,26003.5,26006.5,4040.0
2026-01-12T19:45:00Z,26006.5,26012.5,26005.25,26008.5,3819.0
2026-01-12T19:50:00Z,26008.5,26011.25,26004.25,26006.5,3365.0
2026-01-12T19:55:00Z,26006.0,26018.5,26004.5,26014.75,5323.0
2026-01-12T20:00:00Z,26015.0,26020.5,26004.0,26005.5,7622.0
2026-01-12T20:05:00Z,26005.5,26010.25,26002.25,26002.5,4288.0
2026-01-12T20:10:00Z,26002.5,26008.25,25997.25,26002.5,6135.0
2026-01-12T20:15:00Z,26002.5,26003.0,25992.5,25994.0,5873.0
2026-01-12T20:20:00Z,25993.75,25997.75,25986.25,25989.25,6542.0
2026-01-12T20:25:00Z,25989.0,25994.5,25986.75,25991.0,4884.0
2026-01-12T20:30:00Z,25991.0,25995.75,25983.25,25989.25,8406.0
2026-01-12T20:35:00Z,25989.25,25990.25,25981.5,25981.75,5656.0
2026-01-12T20:40:00Z,25981.75,25985.0,25973.5,25980.0,7421.0
2026-01-12T20:45:00Z,25979.75,25991.0,25974.5,25984.5,7935.0
2026-01-12T20:50:00Z,25984.0,25984.0,25957.5,25974.5,17619.0
2026-01-12T20:55:00Z,25974.25,25974.25,25950.5,25952.5,18372.0
2026-01-12T21:00:00Z,25952.25,25959.5,25948.0,25956.5,8818.0
2026-01-12T21:05:00Z,25956.25,25964.75,25954.25,25957.5,3994.0
2026-01-12T21:10:00Z,25957.75,25962.0,25951.5,25959.5,3043.0
2026-01-12T21:15:00Z,25959.25,25959.25,25953.25,25955.5,1449.0
2026-01-12T21:20:00Z,25955.75,25964.0,25953.25,25962.75,2159.0
2026-01-12T21:25:00Z,25963.0,25974.25,25963.0,25971.25,2724.0
2026-01-12T21:30:00Z,25971.0,25971.5,25965.5,25968.25,1710.0
2026-01-12T21:35:00Z,25968.0,25968.25,25962.75,25963.0,1122.0
2026-01-12T21:40:00Z,25963.0,25969.75,25963.0,25967.25,1677.0
2026-01-12T21:45:00Z,25967.25,25968.0,25946.25,25947.0,4058.0
2026-01-12T21:50:00Z,25946.75,25948.25,25932.75,25938.0,3442.0
2026-01-12T21:55:00Z,25937.5,25945.75,25933.75,25942.25,1806.0
2026-01-12T23:00:00Z,25948.0,25954.0,25915.0,25920.25,0.0
2026-01-12T23:05:00Z,25920.25,25927.75,25914.5,25924.25,2032.0
2026-01-12T23:10:00Z,25925.0,25933.5,25921.25,25929.25,1875.0
2026-01-12T23:15:00Z,25929.5,25938.0,25928.0,25933.25,1615.0
2026-01-12T23:20:00Z,25933.5,25938.5,25932.5,25936.5,976.0
2026-01-12T23:25:00Z,25936.5,25936.75,25926.75,25927.25,862.0
2026-01-12T23:30:00Z,25927.0,25930.0,25922.0,25928.0,1103.0
2026-01-12T23:35:00Z,25928.5,25932.25,25923.25,25923.75,803.0
2026-01-12T23:40:00Z,25923.0,25924.75,25913.5,25918.0,1649.0
2026-01-12T23:45:00Z,25919.0,25919.0,25902.5,25904.5,3024.0
2026-01-12T23:50:00Z,25905.0,25908.75,25896.5,25899.0,2035.0
2026-01-12T23:55:00Z,25899.25,25902.0,25893.5,25895.75,1807.0
2026-01-13T00:00:00Z,25896.0,25899.75,25881.75,25886.0,3787.0
2026-01-13T00:05:00Z,25886.5,25893.0,25885.25,25891.0,1641.0
2026-01-13T00:10:00Z,25891.25,25894.75,25884.25,25887.5,1685.0
2026-01-13T00:15:00Z,25887.25,25897.0,25886.5,25894.5,1642.0
2026-01-13T00:20:00Z,25894.0,25896.25,25889.0,25891.0,990.0
2026-01-13T00:25:00Z,25891.0,25893.25,25883.0,25884.5,1462.0
2026-01-13T00:30:00Z,25884.25,25890.5,25872.75,25876.75,3505.0
2026-01-13T00:35:00Z,25876.0,25879.75,25873.5,25874.75,1255.0
2026-01-13T00:40:00Z,25874.0,25881.0,25872.25,25875.5,1555.0
2026-01-13T00:45:00Z,25875.5,25882.25,25874.0,25880.25,1157.0
2026-01-13T00:50:00Z,25879.75,25881.5,25871.5,25875.0,1440.0
2026-01-13T00:55:00Z,25875.0,25878.75,25871.5,25875.5,1309.0
2026-01-13T01:00:00Z,25875.0,25883.25,25872.25,25879.75,1864.0
2026-01-13T01:05:00Z,25879.25,25880.25,25874.5,25877.0,1199.0
2026-01-13T01:10:00Z,25876.75,25879.75,25870.25,25874.25,1555.0
2026-01-13T01:15:00Z,25874.25,25877.25,25871.5,25875.75,1068.0
2026-01-13T01:20:00Z,25875.25,25881.25,25873.25,25880.75,1378.0
2026-01-13T01:25:00Z,25880.5,25881.25,25872.25,25873.5,1127.0
2026-01-13T01:30:00Z,25873.0,25877.0,25866.5,25867.0,2251.0
2026-01-13T01:35:00Z,25867.5,25868.25,25852.25,25856.0,2974.0
2026-01-13T01:40:00Z,25856.0,25856.0,25846.0,25853.25,3231.0
2026-01-13T01:45:00Z,25853.0,25872.5,25846.0,25871.25,3196.0
2026-01-13T01:50:00Z,25871.25,25891.0,25871.0,25879.5,4975.0
2026-01-13T01:55:00Z,25879.5,25885.75,25875.25,25879.25,1832.0
2026-01-13T02:00:00Z,25879.25,25895.5,25877.0,25889.0,2597.0
2026-01-13T02:05:00Z,25889.0,25897.25,25884.75,25886.75,2864.0
2026-01-13T02:10:00Z,25886.75,25895.5,25884.75,25890.75,1624.0
2026-01-13T02:15:00Z,25891.5,25897.25,25881.0,25882.0,2136.0
2026-01-13T02:20:00Z,25881.25,25885.25,25878.75,25880.75,1403.0
2026-01-13T02:25:00Z,25881.0,25883.0,25876.0,25879.75,1524.0
2026-01-13T02:30:00Z,25879.25,25880.75,25875.5,25878.0,864.0
2026-01-13T02:35:00Z,25877.5,25888.5,25877.25,25887.5,1439.0
2026-01-13T02:40:00Z,25888.0,25892.0,25882.0,25886.5,1676.0
2026-01-13T02:45:00Z,25886.75,25890.0,25885.0,25888.75,531.0
2026-01-13T02:50:00Z,25888.75,25889.5,25876.75,25879.0,1319.0
2026-01-13T02:55:00Z,25879.25,25879.5,25874.0,25878.25,1050.0
2026-01-13T03:00:00Z,25878.25,25878.25,25866.5,25874.0,2004.0
2026-01-13T03:05:00Z,25874.0,25882.25,25873.25,25878.25,1024.0
2026-01-13T03:10:00Z,25879.0,25888.75,25879.0,25885.0,1545.0
2026-01-13T03:15:00Z,25885.5,25887.75,25879.75,25882.0,570.0
2026-01-13T03:20:00Z,25882.5,25892.75,25880.0,25889.25,1096.0
2026-01-13T03:25:00Z,25889.25,25891.75,25883.0,25885.5,651.0
2026-01-13T03:30:00Z,25884.5,25886.5,25868.5,25870.75,1475.0
2026-01-13T03:35:00Z,25870.75,25872.5,25865.0,25868.25,1369.0
2026-01-13T03:40:00Z,25868.5,25871.5,25861.25,25867.75,1376.0
2026-01-13T03:45:00Z,25868.5,25871.25,25862.0,25871.0,905.0
2026-01-13T03:50:00Z,25871.0,25876.0,25868.5,25875.75,959.0
2026-01-13T03:55:00Z,25875.75,25885.25,25875.0,25883.0,1107.0
2026-01-13T04:00:00Z,25883.5,25885.0,25876.0,25877.75,1048.0
2026-01-13T04:05:00Z,25878.5,25886.5,25877.25,25882.5,785.0
2026-01-13T04:10:00Z,25882.25,25882.25,25875.0,25877.25,725.0
2026-01-13T04:15:00Z,25878.0,25891.75,25875.0,25884.75,1581.0
2026-01-13T04:20:00Z,25884.25,25886.0,25878.5,25880.5,739.0
2026-01-13T04:25:00Z,25880.75,25884.25,25876.0,25884.0,841.0
2026-01-13T04:30:00Z,25884.25,25885.25,25879.0,25883.75,612.0
2026-01-13T04:35:00Z,25884.0,25886.75,25879.25,25880.75,502.0
2026-01-13T04:40:00Z,25880.0,25880.75,25870.75,25873.25,1002.0
2026-01-13T04:45:00Z,25872.75,25883.0,25869.0,25882.75,1224.0
2026-01-13T04:50:00Z,25883.25,25890.0,25882.25,25886.75,1121.0
2026-01-13T04:55:00Z,25887.25,25891.0,25883.5,25886.25,925.0
2026-01-13T05:05:00Z,25881.5,25881.75,25879.25,25881.75,1678.0
2026-01-13T05:10:00Z,25881.25,25883.75,25877.5,25882.5,646.0
2026-01-13T05:15:00Z,25883.0,25893.75,25880.25,25889.0,1079.0
2026-01-13T05:20:00Z,25888.0,25894.5,25887.25,25893.75,813.0
2026-01-13T05:25:00Z,25893.5,25906.75,25890.5,25905.25,2294.0
2026-01-13T05:30:00Z,25904.75,25907.5,25888.5,25890.0,1896.0
2026-01-13T05:35:00Z,25890.0,25892.5,25883.75,25888.5,1154.0
2026-01-13T05:40:00Z,25889.0,25899.0,25886.75,25898.0,1129.0
2026-01-13T05:45:00Z,25897.75,25900.0,25896.0,25898.0,717.0
2026-01-13T05:50:00Z,25898.25,25904.75,25897.75,25900.25,1039.0
2026-01-13T05:55:00Z,25900.25,25907.25,25900.0,25901.75,999.0
2026-01-13T06:00:00Z,25901.75,25913.0,25900.5,25909.75,2030.0
2026-01-13T06:05:00Z,25910.0,25913.25,25906.5,25910.0,1264.0
2026-01-13T06:10:00Z,25909.75,25915.75,25908.0,25912.75,1009.0
2026-01-13T06:15:00Z,25912.75,25915.75,25910.0,25914.25,963.0
2026-01-13T06:20:00Z,25914.75,25917.75,25912.25,25915.5,1169.0
2026-01-13T06:25:00Z,25915.5,25921.0,25915.25,25918.25,1184.0
2026-01-13T06:30:00Z,25918.25,25925.25,25913.25,25920.25,2092.0
2026-01-13T06:35:00Z,25920.25,25923.0,25916.75,25917.5,855.0
2026-01-13T06:40:00Z,25916.75,25921.5,25911.5,25916.5,1063.0
2026-01-13T06:45:00Z,25916.75,25923.0,25913.75,25923.0,544.0
2026-01-13T06:50:00Z,25922.75,25932.75,25922.5,25925.25,1562.0
2026-01-13T06:55:00Z,25925.75,25926.25,25910.5,25915.75,1515.0
2026-01-13T07:00:00Z,25916.0,25921.5,25906.75,25917.75,1632.0
2026-01-13T07:05:00Z,25917.0,25921.75,25911.75,25912.5,853.0
2026-01-13T07:10:00Z,25912.75,25924.5,25908.75,25923.75,1073.0
2026-01-13T07:15:00Z,25924.25,25925.75,25913.75,25915.0,866.0
2026-01-13T07:20:00Z,25915.25,25920.25,25907.25,25917.5,1201.0
2026-01-13T07:25:00Z,25918.0,25924.5,25912.75,25915.5,1064.0
2026-01-13T07:30:00Z,25915.25,25918.25,25910.0,25917.5,796.0
2026-01-13T07:35:00Z,25917.75,25919.25,25913.0,25913.25,507.0
2026-01-13T07:40:00Z,25914.0,25919.75,25911.0,25917.0,462.0
2026-01-13T07:45:00Z,25917.0,25923.5,25917.0,25919.0,731.0
2026-01-13T07:50:00Z,25918.75,25921.25,25916.75,25919.0,412.0
2026-01-13T07:55:00Z,25919.0,25921.0,25916.25,25917.25,505.0
2026-01-13T08:00:00Z,25916.75,25919.5,25907.75,25916.25,1858.0
2026-01-13T08:05:00Z,25916.0,25921.75,25912.75,25917.0,1243.0
2026-01-13T08:10:00Z,25917.0,25917.75,25901.25,25903.0,1964.0
2026-01-13T08:15:00Z,25903.0,25912.75,25901.0,25911.25,1502.0
2026-01-13T08:20:00Z,25912.25,25921.25,25911.0,25919.5,1234.0
2026-01-13T08:25:00Z,25920.0,25924.5,25911.75,25919.25,1660.0
2026-01-13T08:30:00Z,25918.25,25926.5,25896.5,25898.0,2975.0
2026-01-13T08:35:00Z,25898.25,25908.75,25895.25,25906.5,1879.0
2026-01-13T08:40:00Z,25906.75,25915.75,25903.0,25915.75,1277.0
2026-01-13T08:45:00Z,25915.25,25915.75,25905.75,25905.75,1119.0
2026-01-13T08:50:00Z,25906.25,25914.0,25906.0,25909.75,483.0
2026-01-13T08:55:00Z,25909.25,25909.5,25904.25,25906.25,761.0
2026-01-13T09:00:00Z,25906.25,25931.5,25906.25,25923.5,3057.0
2026-01-13T09:05:00Z,25923.25,25926.75,25916.25,25919.0,1356.0
2026-01-13T09:10:00Z,25919.0,25928.75,25917.5,25928.0,898.0
2026-01-13T09:15:00Z,25927.75,25937.25,25926.0,25931.0,1970.0
2026-01-13T09:20:00Z,25930.5,25934.5,25924.25,25925.75,977.0
2026-01-13T09:25:00Z,25925.5,25928.25,25922.0,25924.25,639.0
2026-01-13T09:30:00Z,25923.5,25927.25,25920.5,25923.75,673.0
2026-01-13T09:35:00Z,25923.0,25923.25,25914.5,25916.0,1189.0
2026-01-13T09:40:00Z,25916.0,25917.25,25887.5,25898.5,3614.0
2026-01-13T09:45:00Z,25898.25,25910.0,25893.5,25906.5,1877.0
2026-01-13T09:50:00Z,25906.25,25915.0,25905.25,25911.25,859.0
2026-01-13T09:55:00Z,25911.25,25915.75,25907.0,25910.0,961.0
2026-01-13T10:00:00Z,25909.5,25914.5,25901.25,25901.75,1343.0
2026-01-13T10:05:00Z,25901.75,25904.0,25891.75,25892.25,1131.0
2026-01-13T10:10:00Z,25891.5,25898.75,25875.0,25878.0,3075.0
2026-01-13T10:15:00Z,25878.5,25884.25,25867.25,25882.25,2974.0
2026-01-13T10:20:00Z,25883.0,25889.75,25879.75,25888.5,1537.0
2026-01-13T10:25:00Z,25888.25,25890.25,25880.5,25881.25,881.0
2026-01-13T10:30:00Z,25880.75,25892.25,25880.0,25887.25,1221.0
2026-01-13T10:35:00Z,25887.75,25896.0,25884.75,25893.25,995.0
2026-01-13T10:40:00Z,25893.5,25894.0,25882.0,25884.0,1066.0
2026-01-13T10:45:00Z,25884.0,25886.0,25880.0,25882.25,657.0
2026-01-13T10:50:00Z,25882.0,25888.25,25877.25,25877.75,1071.0
2026-01-13T10:55:00Z,25877.75,25881.0,25875.25,25878.5,1094.0
2026-01-13T11:00:00Z,25878.5,25885.25,25876.0,25883.25,1273.0
2026-01-13T11:05:00Z,25882.5,25895.5,25881.0,25893.75,1229.0
2026-01-13T11:10:00Z,25893.25,25894.75,25881.75,25883.5,1170.0
2026-01-13T11:15:00Z,25883.0,25889.5,25880.25,25886.0,829.0
2026-01-13T11:20:00Z,25886.25,25894.25,25884.75,25890.5,1310.0
2026-01-13T11:25:00Z,25891.25,25892.0,25885.0,25889.25,790.0
2026-01-13T11:30:00Z,25889.0,25889.5,25871.5,25872.5,2262.0
2026-01-13T11:35:00Z,25872.5,25880.75,25871.5,25878.25,1083.0
2026-01-13T11:40:00Z,25878.75,25885.5,25872.5,25874.75,1909.0
2026-01-13T11:45:00Z,25875.0,25885.5,25874.5,25879.0,1554.0
2026-01-13T11:50:00Z,25879.75,25889.5,25875.75,25889.5,1550.0
2026-01-13T11:55:00Z,25889.5,25901.25,25888.25,25900.75,2269.0
2026-01-13T12:00:00Z,25900.5,25906.0,25888.5,25898.75,2999.0
2026-01-13T12:05:00Z,25898.25,25903.0,25897.0,25901.5,1097.0
2026-01-13T12:10:00Z,25901.5,25908.25,25901.0,25904.5,1553.0
2026-01-13T12:15:00Z,25904.0,25913.75,25903.0,25906.5,1748.0
2026-01-13T12:20:00Z,25906.25,25912.25,25905.25,25910.0,931.0
2026-01-13T12:25:00Z,25909.5,25918.0,25906.5,25915.25,1462.0
2026-01-13T12:30:00Z,25915.25,25917.0,25909.5,25913.25,1602.0
2026-01-13T12:35:00Z,25913.75,25918.5,25911.0,25915.25,879.0
2026-01-13T12:40:00Z,25915.25,25919.25,25913.5,25915.25,1024.0
2026-01-13T12:45:00Z,25915.5,25917.0,25909.25,25909.5,1751.0
2026-01-13T12:50:00Z,25909.5,25915.75,25899.5,25902.0,2392.0
2026-01-13T12:55:00Z,25902.0,25902.25,25888.25,25895.25,3106.0
2026-01-13T13:00:00Z,25895.0,25906.75,25887.75,25906.25,2701.0
2026-01-13T13:05:00Z,25906.25,25908.0,25900.75,25902.75,1240.0
2026-01-13T13:10:00Z,25902.25,25908.75,25898.0,25899.75,1370.0
2026-01-13T13:15:00Z,25900.25,25902.25,25887.25,25892.25,1754.0
2026-01-13T13:20:00Z,25892.25,25898.0,25886.5,25891.5,2097.0
2026-01-13T13:25:00Z,25891.5,25912.5,25889.25,25912.5,3140.0
2026-01-13T13:30:00Z,25910.75,26046.25,25910.75,26017.0,27800.0
2026-01-13T13:35:00Z,26017.25,26034.75,25966.25,25981.5,16174.0
2026-01-13T13:40:00Z,25981.75,26003.5,25979.5,25989.0,10054.0
2026-01-13T13:45:00Z,25989.0,25992.0,25962.0,25972.5,9346.0
2026-01-13T13:50:00Z,25972.25,25979.75,25950.0,25965.75,11551.0
2026-01-13T13:55:00Z,25965.75,25978.0,25949.25,25971.0,7522.0
2026-01-13T14:00:00Z,25970.75,25972.75,25959.75,25972.0,6373.0
2026-01-13T14:05:00Z,25972.0,25973.75,25965.0,25970.75,3880.0
2026-01-13T14:10:00Z,25971.0,25979.75,25962.5,25970.25,5461.0
2026-01-13T14:15:00Z,25970.5,25983.25,25966.75,25979.25,4530.0
2026-01-13T14:20:00Z,25979.0,25996.75,25978.5,25996.25,6370.0
2026-01-13T14:25:00Z,25996.5,26000.5,25948.25,25950.0,13664.0
2026-01-13T14:30:00Z,25950.25,25987.75,25930.75,25984.0,48167.0
2026-01-13T14:35:00Z,25984.0,26011.25,25959.75,26009.0,37203.0
2026-01-13T14:40:00Z,26009.25,26043.0,25961.25,25990.75,50385.0
2026-01-13T14:45:00Z,25990.5,26003.0,25957.5,25975.0,35767.0
2026-01-13T14:50:00Z,25975.25,25995.0,25940.5,25956.75,36359.0
2026-01-13T14:55:00Z,25956.75,25980.5,25946.0,25947.0,19068.0
2026-01-13T15:00:00Z,25946.25,25971.25,25892.5,25930.25,49181.0
2026-01-13T15:05:00Z,25930.25,25957.75,25908.25,25913.25,34973.0
2026-01-13T15:10:00Z,25913.25,25923.75,25896.0,25914.25,25246.0
2026-01-13T15:15:00Z,25913.75,25914.25,25862.75,25882.75,35870.0
2026-01-13T15:20:00Z,25882.75,25884.5,25826.5,25837.5,38420.0
2026-01-13T15:25:00Z,25837.75,25848.25,25811.75,25842.5,34671.0
2026-01-13T15:30:00Z,25842.0,25861.75,25826.5,25844.25,31519.0
2026-01-13T15:35:00Z,25844.0,25881.25,25830.0,25837.75,32155.0
2026-01-13T15:40:00Z,25837.25,25846.5,25819.0,25832.75,21555.0
2026-01-13T15:45:00Z,25832.5,25850.75,25806.0,25813.0,24214.0
2026-01-13T15:50:00Z,25813.25,25888.25,25810.5,25887.0,30904.0
2026-01-13T15:55:00Z,25887.0,25904.5,25875.25,25894.5,26432.0
2026-01-13T16:00:00Z,25894.5,25904.25,25884.5,25888.75,18506.0
2026-01-13T16:05:00Z,25888.5,25907.0,25881.0,25901.0,15552.0
2026-01-13T16:10:00Z,25901.0,25911.75,25892.75,25903.25,13506.0
2026-01-13T16:15:00Z,25903.0,25924.5,25902.75,25914.5,15381.0
2026-01-13T16:20:00Z,25914.5,25920.25,25901.0,25909.75,11835.0
2026-01-13T16:25:00Z,25909.5,25910.75,25847.25,25904.75,25467.0
2026-01-13T16:30:00Z,25905.0,25946.75,25893.75,25945.75,22915.0
2026-01-13T16:35:00Z,25945.75,25954.5,25940.5,25954.0,14065.0
2026-01-13T16:40:00Z,25954.0,25981.5,25945.5,25973.0,17083.0
2026-01-13T16:45:00Z,25972.75,25997.0,25970.25,25995.25,15339.0
2026-01-13T16:50:00Z,25995.0,26016.25,25995.0,26016.0,14743.0
2026-01-13T16:55:00Z,26016.0,26026.0,26007.5,26008.75,15253.0
2026-01-13T17:00:00Z,26008.5,26017.5,26001.75,26015.25,11271.0
2026-01-13T17:05:00Z,26015.5,26018.0,26003.0,26004.0,6203.0
2026-01-13T17:10:00Z,26003.75,26007.0,25992.5,25993.25,9050.0
2026-01-13T17:15:00Z,25993.25,25996.5,25944.0,25959.5,22072.0
2026-01-13T17:20:00Z,25959.25,25985.25,25952.25,25982.0,13120.0
2026-01-13T17:25:00Z,25982.0,25982.25,25954.75,25966.75,10298.0
2026-01-13T17:30:00Z,25966.5,25978.75,25914.0,25969.5,22073.0
2026-01-13T17:35:00Z,25969.25,25975.0,25948.75,25950.5,11949.0
2026-01-13T17:40:00Z,25950.5,25954.75,25922.75,25927.0,12819.0
2026-01-13T17:45:00Z,25927.25,25946.5,25920.25,25945.0,14045.0
2026-01-13T17:50:00Z,25945.25,25947.75,25891.0,25902.25,21842.0
2026-01-13T17:55:00Z,25902.0,25902.75,25857.25,25876.75,20369.0
2026-01-13T18:00:00Z,25876.25,25882.0,25851.0,25863.75,22134.0
2026-01-13T18:05:00Z,25864.0,25891.75,25859.75,25874.0,17139.0
2026-01-13T18:10:00Z,25874.0,25904.0,25864.75,25903.75,13688.0
2026-01-13T18:15:00Z,25904.0,25911.25,25892.75,25896.0,11674.0
2026-01-13T18:20:00Z,25896.25,25899.0,25867.25,25874.5,12333.0
2026-01-13T18:25:00Z,25874.75,25890.0,25865.25,25874.0,9957.0
2026-01-13T18:30:00Z,25873.75,25893.5,25867.5,25886.0,10090.0
2026-01-13T18:35:00Z,25886.0,25904.25,25884.75,25896.75,7935.0
2026-01-13T18:40:00Z,25896.75,25898.0,25863.75,25865.75,10962.0
2026-01-13T18:45:00Z,25866.25,25882.0,25859.0,25864.25,9074.0
2026-01-13T18:50:00Z,25864.0,25864.0,25837.25,25853.0,15347.0
2026-01-13T18:55:00Z,25852.75,25858.25,25833.75,25840.0,10541.0
2026-01-13T19:00:00Z,25840.25,25853.0,25827.5,25832.75,12609.0
2026-01-13T19:05:00Z,25832.75,25843.75,25823.0,25825.5,12342.0
2026-01-13T19:10:00Z,25825.25,25841.5,25821.5,25830.25,9897.0
2026-01-13T19:15:00Z,25830.5,25866.0,25828.5,25852.75,19186.0
2026-01-13T19:20:00Z,25852.5,25871.5,25844.5,25853.0,13543.0
2026-01-13T19:25:00Z,25853.0,25869.75,25840.25,25866.0,10999.0
2026-01-13T19:30:00Z,25865.75,25870.75,25852.25,25853.5,9870.0
2026-01-13T19:35:00Z,25853.75,25864.75,25848.75,25860.0,7294.0
2026-01-13T19:40:00Z,25860.5,25873.0,25855.75,25856.5,8939.0
2026-01-13T19:45:00Z,25857.0,25860.0,25843.75,25853.0,8765.0
2026-01-13T19:50:00Z,25852.75,25876.5,25851.5,25872.75,9564.0
2026-01-13T19:55:00Z,25872.75,25885.5,25859.75,25866.25,10568.0
2026-01-13T20:00:00Z,25866.25,25866.5,25842.0,25851.25,10898.0
2026-01-13T20:05:00Z,25851.0,25864.75,25849.25,25858.0,7387.0
2026-01-13T20:10:00Z,25858.25,25858.25,25838.25,25840.5,8480.0
2026-01-13T20:15:00Z,25841.0,25851.5,25839.5,25849.25,6531.0
2026-01-13T20:20:00Z,25849.0,25849.25,25833.75,25843.75,8043.0
2026-01-13T20:25:00Z,25843.75,25844.75,25824.5,25827.0,7609.0
2026-01-13T20:30:00Z,25827.0,25830.75,25803.25,25814.0,14286.0
2026-01-13T20:35:00Z,25814.0,25834.5,25806.25,25834.25,11191.0
2026-01-13T20:40:00Z,25834.25,25846.75,25831.5,25844.5,10344.0
2026-01-13T20:45:00Z,25844.5,25859.25,25836.25,25854.0,9856.0
2026-01-13T20:50:00Z,25853.5,25890.25,25846.25,25889.75,20854.0
2026-01-13T20:55:00Z,25890.0,25912.25,25881.75,25904.0,23242.0
2026-01-13T21:00:00Z,25904.25,25926.75,25903.5,25918.75,13801.0
2026-01-13T21:05:00Z,25918.75,25924.0,25912.0,25912.5,3623.0
2026-01-13T21:10:00Z,25912.75,25917.25,25908.0,25911.25,2492.0
2026-01-13T21:15:00Z,25911.0,25915.75,25908.5,25910.5,1738.0
2026-01-13T21:20:00Z,25910.75,25915.0,25907.75,25908.75,1067.0
2026-01-13T21:25:00Z,25909.0,25917.5,25906.25,25914.25,1359.0
2026-01-13T21:30:00Z,25914.0,25914.25,25908.0,25908.75,1087.0
2026-01-13T21:35:00Z,25909.25,25910.75,25905.0,25906.25,1031.0
2026-01-13T21:40:00Z,25906.25,25908.5,25898.5,25898.5,1589.0
2026-01-13T21:45:00Z,25899.0,25903.0,25896.75,25901.0,1314.0
2026-01-13T21:50:00Z,25900.75,25903.5,25898.5,25903.0,684.0
2026-01-13T21:55:00Z,25903.5,25903.75,25895.75,25898.25,1018.0
2026-01-13T23:00:00Z,25900.0,25914.0,25895.0,25908.0,0.0
2026-01-13T23:05:00Z,25908.25,25913.5,25907.5,25912.75,1249.0
2026-01-13T23:10:00Z,25912.75,25913.25,25890.75,25900.5,1989.0
2026-01-13T23:15:00Z,25901.0,25902.25,25890.75,25892.75,1164.0
2026-01-13T23:20:00Z,25893.5,25903.5,25892.5,25895.75,1328.0
2026-01-13T23:25:00Z,25896.5,25898.0,25886.25,25891.0,1312.0
2026-01-13T23:30:00Z,25891.5,25898.0,25890.0,25894.25,901.0
2026-01-13T23:35:00Z,25894.25,25899.25,25891.0,25897.0,667.0
2026-01-13T23:40:00Z,25896.0,25903.25,25895.75,25897.25,852.0
2026-01-13T23:45:00Z,25897.25,25897.25,25888.0,25894.0,940.0
2026-01-13T23:50:00Z,25893.75,25896.25,25889.0,25894.25,552.0
2026-01-13T23:55:00Z,25894.25,25894.5,25890.25,25891.0,611.0
2026-01-14T00:00:00Z,25891.25,25910.75,25883.25,25901.25,3262.0
2026-01-14T00:05:00Z,25901.25,25913.0,25899.5,25906.75,1818.0
2026-01-14T00:10:00Z,25907.75,25922.0,25904.5,25916.0,2691.0
2026-01-14T00:15:00Z,25915.25,25919.25,25910.5,25916.25,1071.0
2026-01-14T00:20:00Z,25916.0,25922.5,25914.75,25917.0,940.0
2026-01-14T00:25:00Z,25917.25,25923.5,25916.25,25923.25,1023.0
2026-01-14T00:30:00Z,25923.0,25924.75,25915.25,25917.25,1052.0
2026-01-14T00:35:00Z,25917.25,25918.5,25913.5,25914.5,729.0
2026-01-14T00:40:00Z,25915.0,25917.0,25907.5,25913.75,1149.0
2026-01-14T00:45:00Z,25913.0,25917.0,25912.0,25914.25,774.0
2026-01-14T00:50:00Z,25914.25,25921.0,25910.5,25920.25,837.0
2026-01-14T00:55:00Z,25920.5,25921.5,25905.75,25907.0,1083.0
2026-01-14T01:00:00Z,25906.5,25917.0,25905.5,25908.25,1500.0
2026-01-14T01:05:00Z,25909.25,25916.5,25907.75,25909.25,726.0
2026-01-14T01:10:00Z,25909.25,25912.25,25897.75,25903.0,1948.0
2026-01-14T01:15:00Z,25903.75,25916.25,25902.5,25915.25,1072.0
2026-01-14T01:20:00Z,25915.25,25923.75,25913.25,25922.0,1251.0
2026-01-14T01:25:00Z,25922.25,25924.5,25915.25,25921.0,1093.0
2026-01-14T01:30:00Z,25920.25,25922.75,25905.0,25907.75,1313.0
2026-01-14T01:35:00Z,25907.5,25912.25,25896.25,25903.5,1997.0
2026-01-14T01:40:00Z,25903.75,25904.75,25897.75,25901.25,916.0
2026-01-14T01:45:00Z,25900.75,25901.5,25878.75,25885.0,2626.0
2026-01-14T01:50:00Z,25884.75,25893.75,25883.5,25884.75,1757.0
2026-01-14T01:55:00Z,25885.75,25888.0,25882.25,25886.0,835.0
2026-01-14T02:00:00Z,25885.5,25889.25,25882.25,25884.25,777.0
2026-01-14T02:05:00Z,25884.5,25889.75,25873.0,25879.25,1726.0
2026-01-14T02:10:00Z,25880.0,25893.5,25876.25,25890.25,1676.0
2026-01-14T02:15:00Z,25889.75,25897.25,25878.0,25879.0,1578.0
2026-01-14T02:20:00Z,25879.25,25891.5,25879.25,25891.5,795.0
2026-01-14T02:25:00Z,25891.0,25896.75,25889.0,25894.75,754.0
2026-01-14T02:30:00Z,25895.25,25896.5,25890.25,25891.0,652.0
2026-01-14T02:35:00Z,25891.5,25894.5,25886.0,25891.5,740.0
2026-01-14T02:40:00Z,25891.5,25893.5,25886.5,25888.5,525.0
2026-01-14T02:45:00Z,25889.0,25892.75,25886.75,25891.5,496.0
2026-01-14T02:50:00Z,25891.5,25892.25,25886.75,25888.75,601.0
2026-01-14T02:55:00Z,25888.5,25895.25,25887.0,25893.75,672.0
2026-01-14T03:00:00Z,25893.5,25900.0,25889.5,25898.75,1057.0
2026-01-14T03:05:00Z,25899.0,25908.25,25896.75,25903.5,1588.0
2026-01-14T03:10:00Z,25904.0,25917.25,25902.25,25913.0,1610.0
2026-01-14T03:15:00Z,25913.25,25915.25,25908.25,25913.75,884.0
2026-01-14T03:20:00Z,25913.25,25916.25,25912.0,25915.5,547.0
2026-01-14T03:25:00Z,25915.75,25920.25,25911.5,25915.75,1494.0
2026-01-14T03:30:00Z,25915.75,25924.75,25915.0,25917.75,1622.0
2026-01-14T03:35:00Z,25917.75,25922.25,25915.0,25918.75,658.0
2026-01-14T03:40:00Z,25918.75,25926.0,25918.75,25921.75,1245.0
2026-01-14T03:45:00Z,25922.25,25922.25,25912.0,25913.75,1073.0
2026-01-14T03:50:00Z,25913.75,25923.0,25913.0,25917.75,932.0
2026-01-14T03:55:00Z,25917.75,25918.75,25914.25,25915.0,672.0
2026-01-14T04:00:00Z,25915.5,25919.0,25910.0,25912.25,916.0
2026-01-14T04:05:00Z,25913.0,25915.0,25899.0,25903.25,1692.0
2026-01-14T04:10:00Z,25903.0,25905.25,25897.5,25897.5,1102.0
2026-01-14T04:15:00Z,25898.25,25902.0,25895.75,25900.75,892.0
2026-01-14T04:20:00Z,25900.75,25903.75,25898.75,25900.75,1050.0
2026-01-14T04:25:00Z,25901.0,25904.0,25897.25,25900.75,1068.0
2026-01-14T04:30:00Z,25901.0,25901.0,25894.75,25898.0,1091.0
2026-01-14T04:35:00Z,25897.75,25898.0,25894.0,25894.0,616.0
2026-01-14T04:40:00Z,25894.0,25896.0,25889.0,25891.5,956.0
2026-01-14T04:45:00Z,25891.25,25892.0,25885.0,25886.75,1205.0
2026-01-14T04:50:00Z,25887.25,25887.25,25873.25,25882.0,2311.0
2026-01-14T04:55:00Z,25882.0,25885.75,25875.0,25882.5,1071.0
2026-01-14T05:05:00Z,25876.75,25877.0,25872.25,25875.25,2901.0
2026-01-14T05:10:00Z,25874.75,25882.0,25872.5,25875.25,940.0
2026-01-14T05:15:00Z,25875.25,25877.75,25870.0,25877.0,1027.0
2026-01-14T05:20:00Z,25877.0,25877.5,25865.75,25868.5,1364.0
2026-01-14T05:25:00Z,25868.25,25868.75,25860.0,25864.75,1691.0
2026-01-14T05:30:00Z,25864.75,25868.25,25861.25,25865.5,1162.0
2026-01-14T05:35:00Z,25864.25,25874.75,25864.25,25868.75,1198.0
2026-01-14T05:40:00Z,25868.5,25872.0,25864.25,25864.5,718.0
2026-01-14T05:45:00Z,25864.25,25864.25,25853.0,25854.25,1777.0
2026-01-14T05:50:00Z,25854.0,25861.75,25852.5,25860.25,958.0
2026-01-14T05:55:00Z,25859.75,25860.25,25855.5,25855.75,731.0
2026-01-14T06:00:00Z,25856.25,25857.75,25845.75,25849.5,1838.0
2026-01-14T06:05:00Z,25848.5,25854.25,25838.5,25850.25,1794.0
2026-01-14T06:10:00Z,25850.5,25858.75,25848.0,25852.75,1458.0
2026-01-14T06:15:00Z,25852.5,25854.25,25844.25,25846.75,1110.0
2026-01-14T06:20:00Z,25846.25,25850.75,25843.25,25846.0,902.0
2026-01-14T06:25:00Z,25845.5,25856.0,25845.5,25850.25,1190.0
2026-01-14T06:30:00Z,25850.5,25863.75,25850.5,25858.25,2116.0
2026-01-14T06:35:00Z,25857.5,25858.25,25835.5,25845.0,2378.0
2026-01-14T06:40:00Z,25845.0,25858.75,25843.75,25857.75,1112.0
2026-01-14T06:45:00Z,25857.25,25858.75,25843.25,25847.75,1922.0
2026-01-14T06:50:00Z,25848.5,25850.5,25843.25,25846.0,732.0
2026-01-14T06:55:00Z,25846.25,25860.5,25846.25,25859.75,691.0
2026-01-14T07:00:00Z,25860.75,25864.0,25851.5,25853.0,1331.0
2026-01-14T07:05:00Z,25853.75,25861.75,25853.0,25856.5,824.0
2026-01-14T07:10:00Z,25856.5,25861.75,25856.25,25859.25,648.0
2026-01-14T07:15:00Z,25859.5,25863.0,25852.75,25855.25,1048.0
2026-01-14T07:20:00Z,25855.25,25867.5,25848.5,25861.25,1599.0
2026-01-14T07:25:00Z,25861.5,25864.5,25856.25,25859.5,872.0
2026-01-14T07:30:00Z,25859.75,25869.0,25858.0,25864.75,817.0
2026-01-14T07:35:00Z,25865.25,25867.0,25862.5,25865.75,686.0
2026-01-14T07:40:00Z,25866.5,25871.75,25863.5,25866.75,793.0
2026-01-14T07:45:00Z,25867.25,25868.5,25862.5,25863.5,569.0
2026-01-14T07:50:00Z,25863.5,25867.25,25860.0,25861.75,667.0
2026-01-14T07:55:00Z,25861.75,25863.75,25854.0,25862.5,944.0
2026-01-14T08:00:00Z,25862.25,25876.0,25858.0,25870.75,2473.0
2026-01-14T08:05:00Z,25870.0,25871.5,25861.0,25868.75,897.0
2026-01-14T08:10:00Z,25868.0,25869.5,25860.0,25862.0,832.0
2026-01-14T08:15:00Z,25862.5,25866.75,25851.75,25852.25,1858.0
2026-01-14T08:20:00Z,25853.25,25867.0,25851.0,25865.25,1547.0
2026-01-14T08:25:00Z,25864.75,25869.0,25858.75,25865.25,968.0
2026-01-14T08:30:00Z,25864.0,25866.75,25843.75,25848.5,2175.0
2026-01-14T08:35:00Z,25848.5,25855.75,25845.0,25853.0,959.0
2026-01-14T08:40:00Z,25852.75,25857.5,25840.25,25854.25,1708.0
2026-01-14T08:45:00Z,25854.25,25854.5,25844.0,25844.0,765.0
2026-01-14T08:50:00Z,25843.75,25849.0,25840.5,25845.25,706.0
2026-01-14T08:55:00Z,25846.0,25861.75,25844.5,25857.75,1207.0
2026-01-14T09:00:00Z,25858.25,25868.75,25854.75,25863.75,1470.0
2026-01-14T09:05:00Z,25863.25,25871.0,25861.5,25870.5,936.0
2026-01-14T09:10:00Z,25870.75,25878.75,25867.0,25873.5,2199.0
2026-01-14T09:15:00Z,25874.0,25878.0,25870.25,25874.5,904.0
2026-01-14T09:20:00Z,25875.0,25878.25,25871.0,25872.25,646.0
2026-01-14T09:25:00Z,25872.75,25874.75,25860.75,25865.0,1140.0
2026-01-14T09:30:00Z,25865.5,25869.25,25861.0,25864.25,612.0
2026-01-14T09:35:00Z,25863.5,25869.25,25857.0,25863.5,983.0
2026-01-14T09:40:00Z,25863.5,25864.25,25847.0,25855.0,1544.0
2026-01-14T09:45:00Z,25855.0,25855.75,25847.0,25849.5,884.0
2026-01-14T09:50:00Z,25849.5,25852.25,25836.0,25852.0,2143.0
2026-01-14T09:55:00Z,25851.5,25858.0,25848.25,25851.75,1025.0
2026-01-14T10:00:00Z,25852.25,25852.75,25839.75,25843.0,1113.0
2026-01-14T10:05:00Z,25843.25,25849.75,25841.5,25849.0,783.0
2026-01-14T10:10:00Z,25849.25,25851.0,25829.5,25833.5,2647.0
2026-01-14T10:15:00Z,25834.25,25834.5,25813.5,25814.75,3333.0
2026-01-14T10:20:00Z,25814.75,25816.0,25764.25,25773.25,9522.0
2026-01-14T10:25:00Z,25773.5,25778.0,25755.75,25770.5,5081.0
2026-01-14T10:30:00Z,25770.25,25775.0,25737.25,25746.25,6199.0
2026-01-14T10:35:00Z,25745.75,25764.5,25737.5,25762.75,4230.0
2026-01-14T10:40:00Z,25762.0,25767.25,25750.0,25751.75,2324.0
2026-01-14T10:45:00Z,25752.75,25754.5,25728.75,25728.75,3952.0
2026-01-14T10:50:00Z,25729.0,25739.0,25711.5,25728.75,5127.0
2026-01-14T10:55:00Z,25729.25,25746.0,25727.25,25737.0,3008.0
2026-01-14T11:00:00Z,25737.5,25742.5,25718.5,25723.25,3444.0
2026-01-14T11:05:00Z,25723.0,25734.75,25714.25,25731.5,3592.0
2026-01-14T11:10:00Z,25731.25,25741.0,25718.75,25738.75,2667.0
2026-01-14T11:15:00Z,25738.0,25744.25,25735.0,25741.75,2039.0
2026-01-14T11:20:00Z,25741.5,25757.25,25741.0,25757.25,2423.0
2026-01-14T11:25:00Z,25756.75,25765.5,25756.0,25759.0,2652.0
2026-01-14T11:30:00Z,25759.75,25769.0,25754.5,25756.75,1933.0
2026-01-14T11:35:00Z,25757.75,25759.25,25748.75,25754.0,1693.0
2026-01-14T11:40:00Z,25753.5,25757.75,25742.75,25747.25,2126.0
2026-01-14T11:45:00Z,25746.75,25759.75,25743.75,25758.25,1506.0
2026-01-14T11:50:00Z,25758.0,25759.25,25746.0,25750.75,1261.0
2026-01-14T11:55:00Z,25750.75,25758.75,25738.25,25743.0,2576.0
2026-01-14T12:00:00Z,25743.0,25750.5,25701.0,25726.25,9000.0
2026-01-14T12:05:00Z,25726.0,25745.75,25720.0,25738.25,2993.0
2026-01-14T12:10:00Z,25739.0,25751.75,25735.25,25751.25,2162.0
2026-01-14T12:15:00Z,25751.25,25758.75,25747.25,25757.25,1899.0
2026-01-14T12:20:00Z,25757.75,25780.0,25756.75,25778.5,3144.0
2026-01-14T12:25:00Z,25771.75,25776.0,25770.0,25774.75,2572.0
2026-01-14T12:30:00Z,25774.0,25785.5,25770.5,25782.25,2212.0
2026-01-14T12:35:00Z,25782.5,25785.5,25775.0,25776.75,1761.0
2026-01-14T12:40:00Z,25777.25,25781.75,25772.75,25778.0,1362.0
2026-01-14T12:45:00Z,25778.0,25781.25,25768.5,25772.5,1582.0
2026-01-14T12:50:00Z,25772.0,25779.5,25769.0,25776.5,1335.0
2026-01-14T12:55:00Z,25776.75,25781.75,25775.0,25779.5,1138.0
2026-01-14T13:00:00Z,25778.0,25784.75,25762.75,25765.75,2857.0
2026-01-14T13:05:00Z,25765.0,25777.25,25757.5,25776.0,2897.0
2026-01-14T13:10:00Z,25776.0,25782.5,25765.75,25766.0,1872.0
2026-01-14T13:15:00Z,25765.75,25787.0,25762.75,25772.75,3492.0
2026-01-14T13:20:00Z,25773.0,25793.0,25751.75,25791.0,5147.0
2026-01-14T13:25:00Z,25790.5,25800.0,25779.0,25800.0,2931.0
2026-01-14T13:30:00Z,25800.0,25807.75,25755.25,25765.0,8903.0
2026-01-14T13:35:00Z,25765.0,25772.0,25756.75,25766.75,5634.0
2026-01-14T13:40:00Z,25766.75,25773.75,25746.0,25746.75,5278.0
2026-01-14T13:45:00Z,25746.75,25753.5,25732.5,25744.75,8167.0
2026-01-14T13:50:00Z,25744.5,25761.75,25742.75,25758.25,4831.0
2026-01-14T13:55:00Z,25758.25,25761.5,25746.5,25754.25,3591.0
2026-01-14T14:00:00Z,25754.25,25770.0,25753.5,25764.75,5098.0
2026-01-14T14:05:00Z,25764.5,25768.0,25736.0,25749.0,5785.0
2026-01-14T14:10:00Z,25749.25,25755.75,25734.25,25748.0,4576.0
2026-01-14T14:15:00Z,25748.25,25763.0,25748.25,25748.75,4227.0
2026-01-14T14:20:00Z,25749.5,25757.5,25743.5,25751.5,3230.0
2026-01-14T14:25:00Z,25751.75,25772.75,25734.0,25740.0,11881.0
2026-01-14T14:30:00Z,25740.0,25788.5,25668.0,25779.75,69922.0
2026-01-14T14:35:00Z,25779.5,25791.25,25688.25,25696.25,53178.0
2026-01-14T14:40:00Z,25697.0,25712.75,25623.5,25631.75,56542.0
2026-01-14T14:45:00Z,25631.75,25674.25,25614.0,25666.25,58128.0
2026-01-14T14:50:00Z,25666.75,25670.0,25610.0,25630.75,37815.0
2026-01-14T14:55:00Z,25630.75,25634.0,25578.25,25585.25,31474.0
2026-01-14T15:00:00Z,25585.75,25589.5,25533.0,25556.25,47636.0
2026-01-14T15:05:00Z,25556.25,25595.5,25548.75,25588.25,35546.0
2026-01-14T15:10:00Z,25588.25,25676.0,25562.25,25674.0,46137.0
2026-01-14T15:15:00Z,25674.0,25695.0,25656.25,25665.25,36596.0
2026-01-14T15:20:00Z,25665.0,25689.5,25641.0,25662.25,36274.0
2026-01-14T15:25:00Z,25662.75,25669.75,25609.25,25613.0,26038.0
2026-01-14T15:30:00Z,25612.5,25616.5,25573.25,25593.25,33235.0
2026-01-14T15:35:00Z,25594.0,25622.0,25581.5,25618.5,27066.0
2026-01-14T15:40:00Z,25619.0,25634.25,25548.75,25558.25,34554.0
2026-01-14T15:45:00Z,25558.0,25571.5,25480.0,25482.75,42629.0
2026-01-14T15:50:00Z,25482.25,25499.75,25469.5,25495.5,29653.0
2026-01-14T15:55:00Z,25495.75,25514.25,25483.75,25491.75,25596.0
2026-01-14T16:00:00Z,25491.75,25531.5,25486.75,25531.25,22809.0
2026-01-14T16:05:00Z,25531.5,25536.5,25492.75,25504.0,20297.0
2026-01-14T16:10:00Z,25504.0,25514.25,25489.25,25499.5,15164.0
2026-01-14T16:15:00Z,25499.5,25515.75,25490.25,25511.5,13224.0
2026-01-14T16:20:00Z,25511.25,25568.25,25510.75,25564.5,23218.0
2026-01-14T16:25:00Z,25565.0,25589.5,25546.25,25578.25,22221.0
2026-01-14T16:30:00Z,25578.5,25592.0,25552.5,25562.75,22126.0
2026-01-14T16:35:00Z,25563.25,25563.25,25520.5,25545.75,20341.0
2026-01-14T16:40:00Z,25545.75,25546.0,25510.75,25513.75,18092.0
2026-01-14T16:45:00Z,25514.25,25514.25,25474.0,25477.25,27411.0
2026-01-14T16:50:00Z,25477.0,25477.25,25441.5,25451.0,30086.0
2026-01-14T16:55:00Z,25451.5,25463.0,25440.0,25460.0,20094.0
2026-01-14T17:00:00Z,25459.75,25484.5,25442.75,25457.25,22726.0
2026-01-14T17:05:00Z,25457.5,25504.0,25452.75,25501.0,16932.0
2026-01-14T17:10:00Z,25500.5,25505.75,25484.25,25495.25,13048.0
2026-01-14T17:15:00Z,25495.75,25495.75,25433.25,25454.0,23420.0
2026-01-14T17:20:00Z,25454.75,25476.75,25442.25,25475.75,17108.0
2026-01-14T17:25:00Z,25475.5,25501.75,25469.0,25493.5,14738.0
2026-01-14T17:30:00Z,25493.5,25493.5,25446.25,25451.75,17540.0
2026-01-14T17:35:00Z,25452.0,25473.0,25451.25,25463.5,13643.0
2026-01-14T17:40:00Z,25463.25,25480.0,25458.5,25478.25,10385.0
2026-01-14T17:45:00Z,25478.0,25508.75,25476.0,25490.25,17155.0
2026-01-14T17:50:00Z,25490.0,25490.75,25435.25,25444.25,20444.0
2026-01-14T17:55:00Z,25444.5,25456.75,25433.25,25449.75,13685.0
2026-01-14T18:00:00Z,25449.5,25482.75,25444.5,25478.75,14425.0
2026-01-14T18:05:00Z,25478.25,25487.0,25463.25,25480.75,12146.0
2026-01-14T18:10:00Z,25480.75,25494.5,25469.0,25487.75,11253.0
2026-01-14T18:15:00Z,25487.5,25496.0,25466.5,25475.5,13415.0
2026-01-14T18:20:00Z,25476.0,25492.5,25472.0,25477.75,10578.0
2026-01-14T18:25:00Z,25478.25,25499.75,25464.5,25497.0,12938.0
2026-01-14T18:30:00Z,25497.0,25507.5,25438.5,25447.0,19074.0
2026-01-14T18:35:00Z,25446.5,25454.75,25421.25,25433.75,16562.0
2026-01-14T18:40:00Z,25433.25,25464.25,25431.75,25463.75,12306.0
2026-01-14T18:45:00Z,25463.5,25482.0,25453.5,25468.0,14681.0
2026-01-14T18:50:00Z,25468.75,25513.75,25467.0,25498.25,19138.0
2026-01-14T18:55:00Z,25498.5,25526.5,25488.5,25515.0,15539.0
2026-01-14T19:00:00Z,25515.0,25517.75,25495.5,25503.75,18389.0
2026-01-14T19:05:00Z,25503.5,25508.5,25485.25,25498.25,13081.0
2026-01-14T19:10:00Z,25498.0,25509.25,25486.5,25500.75,9845.0
2026-01-14T19:15:00Z,25501.0,25516.5,25492.0,25514.25,9220.0
2026-01-14T19:20:00Z,25515.0,25524.75,25504.25,25515.5,10623.0
2026-01-14T19:25:00Z,25515.75,25520.0,25505.0,25513.5,9074.0
2026-01-14T19:30:00Z,25513.5,25532.0,25507.0,25510.25,12712.0
2026-01-14T19:35:00Z,25510.75,25521.75,25502.5,25519.5,8844.0
2026-01-14T19:40:00Z,25519.25,25530.25,25507.0,25512.75,9511.0
2026-01-14T19:45:00Z,25512.75,25521.5,25506.0,25516.5,6183.0
2026-01-14T19:50:00Z,25516.75,25534.0,25510.0,25512.75,11467.0
2026-01-14T19:55:00Z,25512.75,25516.5,25492.75,25500.5,13729.0
2026-01-14T20:00:00Z,25500.25,25540.0,25462.25,25523.5,41077.0
2026-01-14T20:05:00Z,25523.5,25593.75,25518.5,25570.0,34280.0
2026-01-14T20:10:00Z,25570.0,25584.75,25550.5,25553.5,20987.0
2026-01-14T20:15:00Z,25553.75,25560.75,25520.0,25539.75,18366.0
2026-01-14T20:20:00Z,25540.25,25560.0,25527.75,25554.25,14257.0
2026-01-14T20:25:00Z,25554.75,25567.5,25543.0,25564.25,9714.0
2026-01-14T20:30:00Z,25564.0,25618.0,25563.25,25607.75,20319.0
2026-01-14T20:35:00Z,25607.75,25630.0,25606.5,25627.75,17027.0
2026-01-14T20:40:00Z,25627.25,25636.0,25584.5,25586.0,15542.0
2026-01-14T20:45:00Z,25586.75,25593.25,25570.25,25572.75,14559.0
2026-01-14T20:50:00Z,25572.5,25605.5,25563.5,25601.75,25967.0
2026-01-14T20:55:00Z,25601.75,25644.0,25600.25,25636.75,26588.0
2026-01-14T21:00:00Z,25636.5,25658.5,25632.5,25648.5,12133.0
2026-01-14T21:05:00Z,25649.0,25653.5,25623.0,25623.75,5344.0
2026-01-14T21:10:00Z,25624.25,25636.75,25620.5,25635.0,3122.0
2026-01-14T21:15:00Z,25634.5,25636.5,25625.0,25626.0,1857.0
2026-01-14T21:20:00Z,25625.75,25631.5,25618.0,25619.25,2252.0
2026-01-14T21:25:00Z,25619.5,25627.75,25614.5,25621.25,1798.0
2026-01-14T21:30:00Z,25621.5,25624.25,25616.0,25618.0,1251.0
2026-01-14T21:35:00Z,25618.0,25618.75,25605.0,25612.0,2293.0
2026-01-14T21:40:00Z,25612.0,25621.75,25610.25,25620.25,1308.0
2026-01-14T21:45:00Z,25620.25,25624.5,25618.25,25620.75,1410.0
2026-01-14T21:50:00Z,25621.0,25629.5,25552.25,25562.75,4271.0
2026-01-14T21:55:00Z,25562.25,25615.75,25557.5,25610.5,3222.0
2026-01-14T23:00:00Z,25597.25,25615.75,25584.0,25609.0,0.0
2026-01-14T23:05:00Z,25608.75,25613.75,25576.5,25589.25,3377.0
2026-01-14T23:10:00Z,25589.75,25598.75,25588.5,25591.0,1941.0
2026-01-14T23:15:00Z,25591.5,25603.5,25566.75,25568.0,3372.0
2026-01-14T23:20:00Z,25568.25,25575.75,25562.75,25571.0,2500.0
2026-01-14T23:25:00Z,25571.0,25599.5,25569.5,25595.5,2574.0
2026-01-14T23:30:00Z,25595.75,25609.5,25588.0,25605.25,2371.0
2026-01-14T23:35:00Z,25605.75,25611.5,25596.0,25602.5,1646.0
2026-01-14T23:40:00Z,25602.25,25603.25,25586.0,25592.0,1794.0
2026-01-14T23:45:00Z,25591.75,25598.75,25585.75,25598.75,1004.0
2026-01-14T23:50:00Z,25598.75,25603.25,25593.75,25598.0,1130.0
2026-01-14T23:55:00Z,25598.5,25609.75,25596.5,25605.5,1404.0
2026-01-15T00:00:00Z,25605.5,25607.5,25594.75,25602.25,1752.0
2026-01-15T00:05:00Z,25603.0,25608.0,25596.25,25599.5,1753.0
2026-01-15T00:10:00Z,25599.25,25607.75,25596.25,25603.25,1176.0
2026-01-15T00:15:00Z,25602.25,25606.5,25592.5,25596.75,1442.0
2026-01-15T00:20:00Z,25596.5,25604.25,25588.25,25598.25,1435.0
2026-01-15T00:25:00Z,25598.0,25598.0,25587.25,25593.75,1540.0
2026-01-15T00:30:00Z,25593.75,25600.0,25593.75,25598.5,1161.0
2026-01-15T00:35:00Z,25599.0,25600.75,25593.75,25597.75,724.0
2026-01-15T00:40:00Z,25598.0,25600.0,25596.0,25598.5,515.0
2026-01-15T00:45:00Z,25599.0,25613.0,25596.5,25598.25,1847.0
2026-01-15T00:50:00Z,25598.0,25601.25,25586.0,25593.25,1312.0
2026-01-15T00:55:00Z,25593.0,25605.25,25590.0,25602.5,1484.0
2026-01-15T01:00:00Z,25601.75,25642.5,25601.5,25640.25,5517.0
2026-01-15T01:05:00Z,25640.25,25643.5,25623.25,25633.0,2560.0
2026-01-15T01:10:00Z,25633.5,25638.0,25620.0,25621.75,1924.0
2026-01-15T01:15:00Z,25621.75,25622.25,25606.75,25612.5,2925.0
2026-01-15T01:20:00Z,25612.0,25618.5,25605.0,25610.75,1770.0
2026-01-15T01:25:00Z,25611.25,25624.0,25607.25,25613.75,1644.0
2026-01-15T01:30:00Z,25614.0,25617.0,25562.5,25575.5,6801.0
2026-01-15T01:35:00Z,25575.5,25601.75,25571.0,25600.25,3786.0
2026-01-15T01:40:00Z,25600.75,25619.75,25597.75,25605.5,3853.0
2026-01-15T01:45:00Z,25606.0,25622.75,25602.25,25617.25,2287.0
2026-01-15T01:50:00Z,25617.25,25621.25,25615.0,25618.0,949.0
2026-01-15T01:55:00Z,25618.25,25632.0,25617.5,25629.75,2152.0
2026-01-15T02:00:00Z,25630.0,25632.25,25621.5,25627.75,1377.0
2026-01-15T02:05:00Z,25628.25,25630.5,25619.5,25625.5,1431.0
2026-01-15T02:10:00Z,25625.0,25628.75,25621.0,25627.25,888.0
2026-01-15T02:15:00Z,25627.5,25634.25,25617.25,25619.5,2115.0
2026-01-15T02:20:00Z,25619.75,25620.75,25608.0,25610.5,1923.0
2026-01-15T02:25:00Z,25610.0,25618.25,25605.25,25607.5,1385.0
2026-01-15T02:30:00Z,25607.5,25615.0,25605.25,25607.0,1064.0
2026-01-15T02:35:00Z,25607.25,25609.0,25596.0,25599.5,1348.0
2026-01-15T02:40:00Z,25600.0,25613.0,25599.75,25606.75,1278.0
2026-01-15T02:45:00Z,25605.75,25608.75,25597.5,25606.75,1403.0
2026-01-15T02:50:00Z,25607.0,25613.25,25604.5,25611.5,1107.0
2026-01-15T02:55:00Z,25612.0,25616.0,25608.25,25609.0,845.0
2026-01-15T03:00:00Z,25609.25,25620.0,25609.25,25617.5,1024.0
2026-01-15T03:05:00Z,25618.0,25623.0,25617.0,25623.0,669.0
2026-01-15T03:10:00Z,25622.5,25627.25,25615.5,25616.25,1101.0
2026-01-15T03:15:00Z,25615.5,25623.25,25610.25,25622.0,1047.0
2026-01-15T03:20:00Z,25622.0,25625.25,25611.0,25613.0,1197.0
2026-01-15T03:25:00Z,25613.0,25613.0,25596.75,25598.0,1725.0
2026-01-15T03:30:00Z,25597.25,25604.25,25587.75,25603.75,2162.0
2026-01-15T03:35:00Z,25602.5,25615.75,25597.0,25598.0,1987.0
2026-01-15T03:40:00Z,25598.25,25609.25,25598.25,25601.5,953.0
2026-01-15T03:45:00Z,25601.5,25604.25,25593.5,25599.25,1198.0
2026-01-15T03:50:00Z,25599.0,25600.25,25581.75,25588.25,1551.0
2026-01-15T03:55:00Z,25588.25,25590.0,25579.5,25582.0,1238.0
2026-01-15T04:00:00Z,25582.0,25588.75,25577.5,25583.0,1326.0
2026-01-15T04:05:00Z,25582.5,25589.75,25577.5,25586.0,952.0
2026-01-15T04:10:00Z,25586.75,25593.75,25583.25,25592.5,984.0
2026-01-15T04:15:00Z,25592.0,25595.75,25584.0,25585.75,943.0
2026-01-15T04:20:00Z,25585.75,25597.5,25579.25,25596.75,1603.0
2026-01-15T04:25:00Z,25597.25,25599.75,25586.5,25590.5,1324.0
2026-01-15T04:30:00Z,25590.5,25591.5,25576.5,25591.5,1874.0
2026-01-15T04:35:00Z,25591.0,25593.0,25585.5,25585.75,1013.0
2026-01-15T04:40:00Z,25586.0,25588.25,25578.25,25584.75,925.0
2026-01-15T04:45:00Z,25584.75,25587.5,25578.0,25579.5,682.0
2026-01-15T04:50:00Z,25579.75,25582.5,25570.0,25572.25,1479.0
2026-01-15T04:55:00Z,25572.5,25581.25,25570.75,25580.5,954.0
2026-01-15T05:05:00Z,25601.25,25606.0,25598.75,25604.75,3318.0
2026-01-15T05:10:00Z,25604.5,25613.25,25598.5,25609.0,2588.0
2026-01-15T05:15:00Z,25608.75,25619.5,25608.75,25617.75,1236.0
2026-01-15T05:20:00Z,25618.0,25618.75,25608.0,25610.25,1254.0
2026-01-15T05:25:00Z,25610.5,25612.75,25604.5,25611.0,1216.0
2026-01-15T05:30:00Z,25610.5,25630.0,25610.25,25613.0,4143.0
2026-01-15T05:35:00Z,25613.75,25628.0,25608.5,25622.5,2275.0
2026-01-15T05:40:00Z,25622.5,25637.5,25619.75,25637.5,1994.0
2026-01-15T05:45:00Z,25637.5,25647.75,25636.0,25645.5,2338.0
2026-01-15T05:50:00Z,25646.0,25646.0,25632.25,25634.5,1740.0
2026-01-15T05:55:00Z,25635.0,25638.25,25619.0,25622.5,2006.0
2026-01-15T06:00:00Z,25622.0,25626.75,25611.0,25626.0,2103.0
2026-01-15T06:05:00Z,25626.5,25631.75,25622.75,25626.25,1236.0
2026-01-15T06:10:00Z,25626.5,25655.0,25625.75,25645.5,4183.0
2026-01-15T06:15:00Z,25646.0,25707.75,25644.25,25705.5,9826.0
2026-01-15T06:20:00Z,25705.0,25714.75,25695.5,25713.75,5955.0
2026-01-15T06:25:00Z,25713.25,25719.75,25696.25,25698.5,3094.0
2026-01-15T06:30:00Z,25699.25,25702.5,25686.25,25692.0,2784.0
2026-01-15T06:35:00Z,25692.0,25699.25,25685.75,25698.5,1965.0
2026-01-15T06:40:00Z,25698.5,25722.75,25698.0,25721.0,3288.0
2026-01-15T06:45:00Z,25721.25,25722.75,25706.0,25719.5,2148.0
2026-01-15T06:50:00Z,25719.25,25721.75,25710.0,25715.0,1333.0
2026-01-15T06:55:00Z,25715.25,25716.75,25699.5,25700.75,1688.0
2026-01-15T07:00:00Z,25700.25,25708.0,25692.25,25695.0,2828.0
2026-01-15T07:05:00Z,25695.0,25701.75,25685.5,25696.75,1973.0
2026-01-15T07:10:00Z,25696.75,25701.5,25689.25,25693.0,1073.0
2026-01-15T07:15:00Z,25693.25,25697.5,25678.75,25684.75,1501.0
2026-01-15T07:20:00Z,25684.25,25694.0,25678.5,25691.5,1548.0
2026-01-15T07:25:00Z,25691.0,25694.25,25681.5,25683.5,1263.0
2026-01-15T07:30:00Z,25683.5,25698.75,25680.25,25693.25,1513.0
2026-01-15T07:35:00Z,25693.25,25703.0,25687.5,25694.5,1754.0
2026-01-15T07:40:00Z,25694.0,25699.5,25681.25,25685.75,1580.0
2026-01-15T07:45:00Z,25685.75,25689.0,25677.25,25686.0,1757.0
2026-01-15T07:50:00Z,25686.25,25698.0,25685.25,25692.0,1630.0
2026-01-15T07:55:00Z,25690.25,25700.25,25683.25,25688.5,1738.0
2026-01-15T08:00:00Z,25689.5,25696.0,25673.5,25681.0,3171.0
2026-01-15T08:05:00Z,25680.75,25719.25,25680.25,25718.5,3877.0
2026-01-15T08:10:00Z,25719.5,25747.5,25717.0,25719.75,6467.0
2026-01-15T08:15:00Z,25719.75,25731.75,25704.0,25708.75,3123.0
2026-01-15T08:20:00Z,25708.5,25729.75,25708.25,25717.75,2567.0
2026-01-15T08:25:00Z,25717.75,25722.5,25709.0,25712.5,1826.0
2026-01-15T08:30:00Z,25712.25,25722.75,25710.5,25721.75,1683.0
2026-01-15T08:35:00Z,25720.75,25728.0,25714.75,25722.0,2984.0
2026-01-15T08:40:00Z,25723.0,25733.25,25721.25,25731.25,1576.0
2026-01-15T08:45:00Z,25731.25,25733.5,25718.0,25722.25,1510.0
2026-01-15T08:50:00Z,25722.25,25731.75,25719.75,25729.0,1334.0
2026-01-15T08:55:00Z,25729.0,25741.5,25727.25,25738.25,1576.0
2026-01-15T09:00:00Z,25737.25,25757.75,25733.25,25747.25,3893.0
2026-01-15T09:05:00Z,25747.5,25763.75,25745.25,25761.0,2507.0
2026-01-15T09:10:00Z,25761.0,25780.0,25761.0,25777.5,3581.0
2026-01-15T09:15:00Z,25777.25,25782.25,25762.5,25773.0,3096.0
2026-01-15T09:20:00Z,25773.0,25797.0,25772.75,25794.75,3404.0
2026-01-15T09:25:00Z,25795.25,25809.0,25795.0,25803.0,3076.0
2026-01-15T09:30:00Z,25803.75,25817.0,25803.25,25815.75,3093.0
2026-01-15T09:35:00Z,25815.75,25830.25,25809.25,25829.5,3109.0
2026-01-15T09:40:00Z,25830.0,25833.25,25820.25,25827.75,3136.0
2026-01-15T09:45:00Z,25828.0,25833.0,25821.25,25829.0,1850.0
2026-01-15T09:50:00Z,25829.5,25832.25,25810.75,25821.75,2617.0
2026-01-15T09:55:00Z,25821.75,25823.0,25806.25,25813.0,1832.0
2026-01-15T10:00:00Z,25812.25,25824.25,25809.75,25818.25,2225.0
2026-01-15T10:05:00Z,25817.75,25826.25,25810.5,25818.75,1951.0
2026-01-15T10:10:00Z,25819.25,25830.0,25818.5,25824.5,1612.0
2026-01-15T10:15:00Z,25825.25,25825.75,25815.25,25820.25,1207.0
2026-01-15T10:20:00Z,25820.25,25821.5,25800.0,25800.75,2220.0
2026-01-15T10:25:00Z,25800.5,25815.0,25800.0,25814.0,2181.0
2026-01-15T10:30:00Z,25814.0,25821.75,25808.5,25820.75,1411.0
2026-01-15T10:35:00Z,25820.75,25822.25,25811.25,25814.5,877.0
2026-01-15T10:40:00Z,25815.0,25823.5,25812.75,25823.0,921.0
2026-01-15T10:45:00Z,25823.5,25827.75,25818.25,25824.0,1145.0
2026-01-15T10:50:00Z,25824.5,25827.25,25815.75,25824.0,1190.0
2026-01-15T10:55:00Z,25823.5,25824.75,25812.0,25817.25,1151.0
2026-01-15T11:00:00Z,25818.0,25838.5,25816.5,25832.75,3065.0
2026-01-15T11:05:00Z,25832.25,25838.0,25825.25,25830.75,1536.0
2026-01-15T11:10:00Z,25830.5,25847.0,25830.25,25846.0,2549.0
2026-01-15T11:15:00Z,25845.5,25845.75,25835.0,25842.5,1651.0
2026-01-15T11:20:00Z,25842.5,25848.0,25833.0,25837.5,1867.0
2026-01-15T11:25:00Z,25837.25,25843.75,25831.75,25833.5,1586.0
2026-01-15T11:30:00Z,25833.25,25845.75,25830.0,25844.25,1670.0
2026-01-15T11:35:00Z,25844.5,25850.5,25841.25,25842.25,1837.0
2026-01-15T11:40:00Z,25841.5,25847.75,25833.25,25838.25,1539.0
2026-01-15T11:45:00Z,25839.0,25846.0,25838.5,25845.25,899.0
2026-01-15T11:50:00Z,25845.5,25855.75,25842.75,25846.25,2085.0
2026-01-15T11:55:00Z,25846.5,25848.0,25840.0,25841.5,1034.0
2026-01-15T12:00:00Z,25841.5,25844.25,25829.0,25834.75,2854.0
2026-01-15T12:05:00Z,25834.75,25839.5,25832.0,25836.75,1238.0
2026-01-15T12:10:00Z,25836.75,25839.25,25827.0,25829.5,1702.0
2026-01-15T12:15:00Z,25829.5,25835.5,25822.25,25832.25,2876.0
2026-01-15T12:20:00Z,25832.5,25835.75,25824.75,25827.0,2099.0
2026-01-15T12:25:00Z,25827.0,25832.5,25816.0,25830.5,3927.0
2026-01-15T12:30:00Z,25830.5,25833.75,25820.0,25820.5,2103.0
2026-01-15T12:35:00Z,25820.5,25826.25,25811.0,25821.75,2324.0
2026-01-15T12:40:00Z,25822.5,25833.0,25817.0,25832.5,2110.0
2026-01-15T12:45:00Z,25832.5,25837.25,25829.75,25837.0,1637.0
2026-01-15T12:50:00Z,25837.0,25852.5,25834.5,25848.0,3048.0
2026-01-15T12:55:00Z,25848.5,25854.0,25834.5,25852.25,3235.0
2026-01-15T13:00:00Z,25852.0,25862.75,25833.75,25862.5,5477.0
2026-01-15T13:05:00Z,25862.5,25866.5,25850.5,25863.0,3484.0
2026-01-15T13:10:00Z,25863.5,25869.75,25857.0,25860.75,2987.0
2026-01-15T13:15:00Z,25860.75,25865.5,25855.75,25858.25,1586.0
2026-01-15T13:20:00Z,25858.25,25867.0,25852.25,25864.0,2265.0
2026-01-15T13:25:00Z,25864.25,25873.5,25860.5,25868.75,2797.0
2026-01-15T13:30:00Z,25868.75,25888.0,25853.5,25873.5,7655.0
2026-01-15T13:35:00Z,25873.75,25890.0,25870.75,25875.5,5214.0
2026-01-15T13:40:00Z,25875.25,25894.0,25875.25,25893.5,4591.0
2026-01-15T13:45:00Z,25893.75,25913.5,25892.25,25908.25,6894.0
2026-01-15T13:50:00Z,25908.0,25916.5,25895.25,25900.5,4825.0
2026-01-15T13:55:00Z,25900.75,25902.0,25892.0,25893.25,3090.0
2026-01-15T14:00:00Z,25894.25,25915.25,25890.75,25914.0,5904.0
2026-01-15T14:05:00Z,25913.75,25921.0,25906.0,25908.0,5608.0
2026-01-15T14:10:00Z,25908.0,25917.5,25897.25,25900.0,4454.0
2026-01-15T14:15:00Z,25899.5,25915.25,25894.0,25914.75,4859.0
2026-01-15T14:20:00Z,25915.0,25938.5,25912.5,25938.25,8669.0
2026-01-15T14:25:00Z,25938.25,25953.0,25922.5,25924.5,12200.0
2026-01-15T14:30:00Z,25925.0,25946.75,25881.25,25888.75,51482.0
2026-01-15T14:35:00Z,25888.75,25897.0,25853.0,25885.5,48425.0
2026-01-15T14:40:00Z,25886.0,25939.25,25860.25,25926.5,47560.0
2026-01-15T14:45:00Z,25927.0,25954.25,25890.25,25902.75,41398.0
2026-01-15T14:50:00Z,25903.25,25907.0,25842.75,25854.0,28999.0
2026-01-15T14:55:00Z,25904.5,25918.25,25861.25,25864.0,48014.0
2026-01-15T15:00:00Z,25863.75,25888.0,25855.0,25870.75,27229.0
2026-01-15T15:05:00Z,25871.25,25879.0,25837.25,25878.0,26336.0
2026-01-15T15:10:00Z,25877.5,25892.75,25852.75,25879.5,26667.0
2026-01-15T15:15:00Z,25880.25,25896.75,25857.5,25877.5,19258.0
2026-01-15T15:20:00Z,25877.5,25915.75,25862.75,25896.25,22244.0
2026-01-15T15:25:00Z,25896.75,25899.5,25843.5,25862.75,28485.0
2026-01-15T15:30:00Z,25863.25,25908.5,25857.0,25906.0,24118.0
2026-01-15T15:35:00Z,25905.75,25925.75,25890.25,25905.25,24971.0
2026-01-15T15:40:00Z,25905.5,25912.0,25849.0,25852.25,22626.0
2026-01-15T15:45:00Z,25852.0,25859.0,25816.5,25823.75,39617.0
2026-01-15T15:50:00Z,25823.25,25842.75,25803.5,25830.0,28983.0
2026-01-15T15:55:00Z,25829.25,25888.75,25804.5,25884.0,36306.0
2026-01-15T16:00:00Z,25884.5,25914.0,25877.25,25913.75,24843.0
2026-01-15T16:05:00Z,25913.5,25916.5,25895.0,25903.75,15529.0
2026-01-15T16:10:00Z,25903.5,25906.25,25883.25,25894.5,11961.0
2026-01-15T16:15:00Z,25894.5,25918.25,25886.75,25913.25,13286.0
2026-01-15T16:20:00Z,25913.75,25931.75,25900.0,25921.5,16930.0
2026-01-15T16:25:00Z,25921.75,25921.75,25892.0,25905.0,14987.0
2026-01-15T16:30:00Z,25904.75,25917.0,25890.5,25893.25,10664.0
2026-01-15T16:35:00Z,25893.25,25914.75,25880.0,25912.25,13862.0
2026-01-15T16:40:00Z,25912.25,25919.0,25900.75,25915.5,8530.0
2026-01-15T16:45:00Z,25915.25,25928.0,25902.5,25923.0,9408.0
2026-01-15T16:50:00Z,25923.25,25937.25,25907.0,25915.25,16451.0
2026-01-15T16:55:00Z,25915.0,25929.5,25904.75,25924.5,9721.0
2026-01-15T17:00:00Z,25924.75,25934.75,25913.0,25931.0,8467.0
2026-01-15T17:05:00Z,25931.0,25939.75,25924.25,25935.25,7044.0
2026-01-15T17:10:00Z,25935.75,25936.0,25905.5,25908.0,9758.0
2026-01-15T17:15:00Z,25907.75,25911.75,25889.75,25907.0,12991.0
2026-01-15T17:20:00Z,25906.75,25908.5,25895.75,25902.0,6572.0
2026-01-15T17:25:00Z,25902.0,25904.75,25877.0,25880.5,12482.0
2026-01-15T17:30:00Z,25880.75,25889.25,25864.0,25870.25,15078.0
2026-01-15T17:35:00Z,25870.0,25878.25,25859.75,25873.0,10484.0
2026-01-15T17:40:00Z,25873.0,25882.25,25867.5,25881.75,7234.0
2026-01-15T17:45:00Z,25881.25,25894.75,25868.25,25871.5,13413.0
2026-01-15T17:50:00Z,25871.0,25881.25,25865.25,25869.25,8009.0
2026-01-15T17:55:00Z,25869.25,25875.75,25849.25,25853.75,11236.0
2026-01-15T18:00:00Z,25853.5,25878.5,25848.5,25877.25,11966.0
2026-01-15T18:05:00Z,25877.0,25894.5,25867.75,25892.0,9564.0
2026-01-15T18:10:00Z,25892.5,25897.5,25869.0,25883.5,9301.0
2026-01-15T18:15:00Z,25884.0,25884.5,25871.0,25881.75,5584.0
2026-01-15T18:20:00Z,25882.25,25897.25,25881.5,25891.75,7714.0
2026-01-15T18:25:00Z,25892.0,25900.0,25884.5,25897.0,6556.0
2026-01-15T18:30:00Z,25896.5,25908.5,25893.0,25905.25,10347.0
2026-01-15T18:35:00Z,25905.75,25911.0,25881.0,25893.25,8861.0
2026-01-15T18:40:00Z,25893.5,25899.75,25888.5,25895.5,5463.0
2026-01-15T18:45:00Z,25895.75,25900.25,25887.75,25889.5,4568.0
2026-01-15T18:50:00Z,25889.75,25894.0,25877.75,25889.5,7714.0
2026-01-15T18:55:00Z,25889.75,25894.0,25885.25,25885.5,3818.0
2026-01-15T19:00:00Z,25885.0,25885.0,25833.5,25842.75,16541.0
2026-01-15T19:05:00Z,25843.0,25853.5,25821.5,25853.0,13996.0
2026-01-15T19:10:00Z,25852.75,25861.0,25833.25,25840.0,12817.0
2026-01-15T19:15:00Z,25840.0,25848.75,25826.75,25838.0,10567.0
2026-01-15T19:20:00Z,25837.75,25842.25,25818.0,25826.0,11257.0
2026-01-15T19:25:00Z,25826.0,25826.5,25791.25,25799.75,18780.0
2026-01-15T19:30:00Z,25799.5,25800.0,25752.75,25772.75,29645.0
2026-01-15T19:35:00Z,25772.5,25792.75,25760.75,25790.5,15590.0
2026-01-15T19:40:00Z,25790.0,25804.75,25781.25,25788.5,13843.0
2026-01-15T19:45:00Z,25788.5,25792.5,25775.5,25786.75,9354.0
2026-01-15T19:50:00Z,25786.75,25799.0,25770.75,25773.25,11247.0
2026-01-15T19:55:00Z,25773.75,25774.5,25746.0,25757.0,15860.0
2026-01-15T20:00:00Z,25756.25,25771.75,25731.0,25763.5,19466.0
2026-01-15T20:05:00Z,25763.75,25771.25,25755.25,25759.75,9353.0
2026-01-15T20:10:00Z,25759.75,25770.25,25744.75,25750.75,10152.0
2026-01-15T20:15:00Z,25750.75,25751.5,25708.5,25708.75,18534.0
2026-01-15T20:20:00Z,25708.5,25727.75,25690.25,25708.25,23154.0
2026-01-15T20:25:00Z,25708.5,25723.25,25692.0,25718.75,17078.0
2026-01-15T20:30:00Z,25719.25,25720.75,25694.0,25707.75,13945.0
2026-01-15T20:35:00Z,25708.0,25726.75,25686.5,25706.5,17396.0
2026-01-15T20:40:00Z,25707.0,25722.5,25704.5,25711.0,12041.0
2026-01-15T20:45:00Z,25711.5,25723.5,25690.25,25695.0,12232.0
2026-01-15T20:50:00Z,25695.0,25714.25,25680.75,25714.25,20377.0
2026-01-15T20:55:00Z,25713.75,25720.0,25689.0,25719.0,21233.0
2026-01-15T21:00:00Z,25718.75,25727.0,25713.5,25715.75,10830.0
2026-01-15T21:05:00Z,25715.25,25719.5,25708.25,25710.75,3616.0
2026-01-15T21:10:00Z,25710.75,25716.75,25699.75,25702.0,3254.0
2026-01-15T21:15:00Z,25701.75,25707.75,25695.25,25696.5,2327.0
2026-01-15T21:20:00Z,25696.5,25703.0,25694.0,25699.5,1262.0
2026-01-15T21:25:00Z,25699.5,25701.25,25696.25,25700.0,868.0
2026-01-15T21:30:00Z,25699.5,25704.75,25697.75,25698.75,1266.0
2026-01-15T21:35:00Z,25698.75,25701.5,25695.0,25701.5,1062.0
2026-01-15T21:40:00Z,25701.25,25708.0,25700.25,25705.0,1367.0
2026-01-15T21:45:00Z,25705.0,25709.5,25704.25,25707.5,1539.0
2026-01-15T21:50:00Z,25707.25,25709.5,25703.75,25705.0,803.0
2026-01-15T21:55:00Z,25704.5,25709.0,25703.25,25705.75,731.0
2026-01-15T23:00:00Z,25720.0,25724.5,25710.5,25715.5,0.0
2026-01-15T23:05:00Z,25715.5,25715.5,25704.25,25708.5,1603.0
2026-01-15T23:10:00Z,25708.5,25724.0,25708.25,25723.0,1355.0
2026-01-15T23:15:00Z,25723.75,25729.75,25720.0,25726.5,1759.0
2026-01-15T23:20:00Z,25726.25,25732.5,25721.5,25732.25,1552.0
2026-01-15T23:25:00Z,25731.75,25734.0,25728.5,25732.0,982.0
2026-01-15T23:30:00Z,25732.0,25735.0,25728.5,25732.75,1040.0
2026-01-15T23:35:00Z,25732.75,25732.75,25722.5,25730.0,975.0
2026-01-15T23:40:00Z,25729.5,25733.25,25725.25,25732.25,685.0
2026-01-15T23:45:00Z,25732.75,25743.75,25729.25,25743.25,1330.0
2026-01-15T23:50:00Z,25743.25,25751.0,25740.0,25750.25,1384.0
2026-01-15T23:55:00Z,25750.0,25750.5,25739.25,25741.5,1236.0
2026-01-16T00:00:00Z,25741.25,25754.0,25732.75,25735.75,2581.0
2026-01-16T00:05:00Z,25736.25,25738.5,25730.5,25735.25,1168.0
2026-01-16T00:10:00Z,25735.25,25747.5,25731.0,25738.75,1338.0
2026-01-16T00:15:00Z,25738.25,25744.75,25737.5,25742.25,699.0
2026-01-16T00:20:00Z,25742.75,25747.0,25740.75,25742.5,790.0
2026-01-16T00:25:00Z,25743.5,25749.5,25741.0,25748.5,999.0
2026-01-16T00:30:00Z,25749.25,25754.0,25747.25,25749.25,1523.0
2026-01-16T00:35:00Z,25749.25,25755.5,25748.25,25752.75,903.0
2026-01-16T00:40:00Z,25753.0,25756.75,25751.0,25755.75,725.0
2026-01-16T00:45:00Z,25755.75,25761.0,25752.25,25755.0,1542.0
2026-01-16T00:50:00Z,25754.75,25759.75,25753.0,25759.5,720.0
2026-01-16T00:55:00Z,25759.5,25762.25,25758.0,25760.75,798.0
2026-01-16T01:00:00Z,25760.0,25765.5,25757.75,25764.75,1112.0
2026-01-16T01:05:00Z,25764.75,25776.0,25760.5,25770.5,2350.0
2026-01-16T01:10:00Z,25771.0,25773.25,25758.5,25759.75,1620.0
2026-01-16T01:15:00Z,25760.0,25768.25,25754.75,25763.5,2151.0
2026-01-16T01:20:00Z,25763.75,25765.0,25753.0,25754.75,1378.0
2026-01-16T01:25:00Z,25754.75,25763.25,25748.75,25760.5,2090.0
2026-01-16T01:30:00Z,25760.0,25783.75,25760.0,25779.5,3710.0
2026-01-16T01:35:00Z,25780.0,25781.75,25772.0,25773.5,1190.0
2026-01-16T01:40:00Z,25773.0,25778.75,25766.5,25770.5,1355.0
2026-01-16T01:45:00Z,25770.75,25775.0,25767.25,25772.0,834.0
2026-01-16T01:50:00Z,25772.25,25776.25,25770.0,25773.5,906.0
2026-01-16T01:55:00Z,25773.5,25774.75,25769.0,25770.25,634.0
2026-01-16T02:00:00Z,25769.25,25774.5,25762.25,25774.5,1322.0
2026-01-16T02:05:00Z,25774.5,25786.0,25773.0,25783.5,1631.0
2026-01-16T02:10:00Z,25783.0,25787.0,25781.75,25785.5,919.0
2026-01-16T02:15:00Z,25785.5,25787.5,25781.5,25783.75,755.0
2026-01-16T02:20:00Z,25784.0,25785.5,25780.25,25782.75,772.0
2026-01-16T02:25:00Z,25782.0,25789.25,25780.75,25789.0,811.0
2026-01-16T02:30:00Z,25788.5,25796.25,25786.75,25794.75,2114.0
2026-01-16T02:35:00Z,25795.0,25797.75,25791.0,25791.5,1155.0
2026-01-16T02:40:00Z,25792.0,25794.25,25787.0,25790.0,842.0
2026-01-16T02:45:00Z,25790.0,25794.25,25787.5,25793.25,834.0
2026-01-16T02:50:00Z,25793.75,25795.75,25787.5,25789.5,715.0
2026-01-16T02:55:00Z,25789.5,25791.0,25786.0,25787.0,791.0
2026-01-16T03:00:00Z,25787.5,25793.0,25785.25,25787.5,812.0
2026-01-16T03:05:00Z,25788.0,25791.5,25785.75,25789.5,640.0
2026-01-16T03:10:00Z,25789.75,25793.75,25788.75,25791.25,648.0
2026-01-16T03:15:00Z,25791.25,25797.0,25788.5,25795.25,851.0
2026-01-16T03:20:00Z,25795.0,25800.0,25791.5,25793.0,1053.0
2026-01-16T03:25:00Z,25792.5,25793.75,25789.0,25790.0,573.0
2026-01-16T03:30:00Z,25789.75,25792.75,25788.25,25790.75,838.0
2026-01-16T03:35:00Z,25790.25,25795.5,25790.25,25792.75,588.0
2026-01-16T03:40:00Z,25792.5,25793.0,25787.75,25789.25,526.0
2026-01-16T03:45:00Z,25788.75,25793.0,25784.0,25790.25,969.0
2026-01-16T03:50:00Z,25789.75,25792.25,25788.5,25790.0,419.0
2026-01-16T03:55:00Z,25790.5,25790.75,25784.25,25786.75,708.0
2026-01-16T04:00:00Z,25787.0,25793.0,25784.25,25787.0,959.0
2026-01-16T04:05:00Z,25787.25,25788.75,25785.0,25786.75,378.0
2026-01-16T04:10:00Z,25787.25,25793.75,25785.5,25792.5,647.0
2026-01-16T04:15:00Z,25792.5,25810.0,25790.25,25805.75,2699.0
2026-01-16T04:20:00Z,25806.25,25807.75,25802.0,25805.0,1307.0
2026-01-16T04:25:00Z,25805.0,25805.0,25798.75,25802.25,929.0
2026-01-16T04:30:00Z,25802.0,25802.75,25798.25,25798.25,658.0
2026-01-16T04:35:00Z,25798.5,25803.75,25796.0,25800.5,702.0
2026-01-16T04:40:00Z,25800.25,25801.5,25794.25,25798.75,739.0
2026-01-16T04:45:00Z,25799.0,25804.0,25799.0,25802.25,448.0
2026-01-16T04:50:00Z,25802.5,25810.75,25801.25,25808.0,1127.0
2026-01-16T04:55:00Z,25807.75,25809.25,25805.5,25809.0,689.0
2026-01-16T05:05:00Z,25812.0,25813.5,25808.75,25809.5,1981.0
2026-01-16T05:10:00Z,25809.75,25809.75,25802.25,25806.25,874.0
2026-01-16T05:15:00Z,25806.0,25811.25,25803.25,25809.75,600.0
2026-01-16T05:20:00Z,25809.75,25817.25,25809.0,25816.0,1321.0
2026-01-16T05:25:00Z,25816.75,25820.0,25814.75,25818.5,945.0
2026-01-16T05:30:00Z,25818.5,25820.25,25814.25,25814.75,840.0
2026-01-16T05:35:00Z,25815.25,25816.5,25810.75,25811.25,679.0
2026-01-16T05:40:00Z,25811.5,25812.0,25804.5,25806.0,1105.0
2026-01-16T05:45:00Z,25806.0,25811.0,25804.5,25808.0,645.0
2026-01-16T05:50:00Z,25808.5,25810.75,25807.0,25807.75,403.0
2026-01-16T05:55:00Z,25806.75,25809.75,25804.25,25807.75,626.0
2026-01-16T06:00:00Z,25808.0,25811.25,25803.25,25806.75,879.0
2026-01-16T06:05:00Z,25806.5,25813.0,25803.75,25813.0,1006.0
2026-01-16T06:10:00Z,25812.75,25815.25,25809.25,25812.0,847.0
2026-01-16T06:15:00Z,25811.75,25815.0,25808.25,25812.75,653.0
2026-01-16T06:20:00Z,25812.5,25819.0,25811.5,25818.75,688.0
2026-01-16T06:25:00Z,25818.5,25821.0,25809.5,25813.0,950.0
2026-01-16T06:30:00Z,25812.5,25816.0,25811.0,25815.25,703.0
2026-01-16T06:35:00Z,25815.5,25816.75,25809.5,25813.75,886.0
2026-01-16T06:40:00Z,25813.75,25820.5,25812.5,25817.25,623.0
2026-01-16T06:45:00Z,25817.25,25823.75,25816.0,25822.5,945.0
2026-01-16T06:50:00Z,25822.25,25824.5,25817.25,25823.75,712.0
2026-01-16T06:55:00Z,25823.5,25827.25,25823.0,25823.5,835.0
2026-01-16T07:00:00Z,25823.75,25826.75,25815.75,25817.5,1250.0
2026-01-16T07:05:00Z,25818.5,25823.5,25817.75,25822.75,657.0
2026-01-16T07:10:00Z,25823.0,25824.0,25819.0,25819.0,520.0
2026-01-16T07:15:00Z,25819.25,25826.5,25815.25,25824.0,741.0
2026-01-16T07:20:00Z,25824.0,25826.25,25818.75,25826.0,499.0
2026-01-16T07:25:00Z,25826.0,25829.5,25822.5,25822.5,1169.0
2026-01-16T07:30:00Z,25822.75,25823.5,25806.75,25811.25,1619.0
2026-01-16T07:35:00Z,25811.0,25816.5,25808.25,25816.5,1259.0
2026-01-16T07:40:00Z,25816.25,25825.75,25815.0,25825.0,1409.0
2026-01-16T07:45:00Z,25824.5,25835.25,25824.0,25835.0,1779.0
2026-01-16T07:50:00Z,25835.25,25838.0,25831.75,25835.25,980.0
2026-01-16T07:55:00Z,25836.0,25837.0,25822.75,25823.75,1253.0
2026-01-16T08:00:00Z,25823.25,25845.5,25822.75,25839.25,2940.0
2026-01-16T08:05:00Z,25839.0,25843.5,25835.25,25837.0,1125.0
2026-01-16T08:10:00Z,25836.75,25838.75,25825.5,25827.5,1511.0
2026-01-16T08:15:00Z,25828.0,25837.0,25825.5,25830.25,1575.0
2026-01-16T08:20:00Z,25829.75,25830.75,25813.5,25817.75,1829.0
2026-01-16T08:25:00Z,25818.25,25823.25,25815.5,25817.5,1110.0
2026-01-16T08:30:00Z,25818.0,25821.0,25810.5,25811.25,1013.0
2026-01-16T08:35:00Z,25811.5,25812.25,25801.5,25802.25,2398.0
2026-01-16T08:40:00Z,25802.5,25812.75,25795.25,25809.75,2918.0
2026-01-16T08:45:00Z,25810.5,25821.25,25806.0,25816.75,1798.0
2026-01-16T08:50:00Z,25817.0,25834.75,25814.5,25832.0,1825.0
2026-01-16T08:55:00Z,25832.25,25833.5,25812.0,25816.25,1868.0
2026-01-16T09:00:00Z,25817.25,25835.5,25816.0,25833.0,2057.0
2026-01-16T09:05:00Z,25833.0,25839.75,25827.0,25830.5,1834.0
2026-01-16T09:10:00Z,25830.5,25837.75,25830.25,25832.5,993.0
2026-01-16T09:15:00Z,25832.25,25834.0,25815.5,25824.0,1953.0
2026-01-16T09:20:00Z,25824.0,25830.0,25810.0,25826.75,2030.0
2026-01-16T09:25:00Z,25827.25,25840.5,25825.25,25839.5,1553.0
2026-01-16T09:30:00Z,25839.5,25842.5,25829.0,25830.0,1690.0
2026-01-16T09:35:00Z,25830.5,25835.25,25825.25,25827.5,895.0
2026-01-16T09:40:00Z,25827.0,25831.25,25823.75,25827.75,883.0
2026-01-16T09:45:00Z,25827.75,25832.0,25821.25,25832.0,1137.0
2026-01-16T09:50:00Z,25832.0,25832.0,25819.5,25826.75,1266.0
2026-01-16T09:55:00Z,25826.25,25826.75,25814.0,25815.25,1078.0
2026-01-16T10:00:00Z,25815.5,25824.0,25814.25,25816.75,1081.0
2026-01-16T10:05:00Z,25816.25,25820.0,25810.0,25819.75,1269.0
2026-01-16T10:10:00Z,25820.0,25832.25,25818.5,25828.5,1683.0
2026-01-16T10:15:00Z,25828.5,25837.5,25823.25,25833.75,1163.0
2026-01-16T10:20:00Z,25833.5,25838.0,25828.75,25835.5,790.0
2026-01-16T10:25:00Z,25835.25,25841.75,25834.75,25837.25,1092.0
2026-01-16T10:30:00Z,25837.5,25850.75,25837.0,25849.0,2323.0
2026-01-16T10:35:00Z,25849.0,25855.0,25842.75,25850.25,1916.0
2026-01-16T10:40:00Z,25850.5,25857.5,25847.5,25854.5,1549.0
2026-01-16T10:45:00Z,25855.0,25864.5,25853.75,25859.0,2094.0
2026-01-16T10:50:00Z,25858.5,25861.75,25850.5,25859.25,1506.0
2026-01-16T10:55:00Z,25859.5,25862.25,25848.5,25854.25,1631.0
2026-01-16T11:00:00Z,25854.75,25858.25,25848.0,25848.75,1128.0
2026-01-16T11:05:00Z,25848.75,25863.0,25846.75,25858.75,1589.0
2026-01-16T11:10:00Z,25858.5,25863.75,25856.25,25861.75,784.0
2026-01-16T11:15:00Z,25862.0,25869.75,25860.25,25869.0,1433.0
2026-01-16T11:20:00Z,25869.0,25873.5,25861.5,25865.75,1723.0
2026-01-16T11:25:00Z,25865.5,25872.5,25860.25,25867.75,2026.0
2026-01-16T11:30:00Z,25868.0,25869.25,25858.75,25859.0,1066.0
2026-01-16T11:35:00Z,25859.25,25863.5,25854.25,25856.75,1926.0
2026-01-16T11:40:00Z,25856.25,25861.25,25850.0,25851.25,1433.0
2026-01-16T11:45:00Z,25850.5,25853.0,25836.75,25840.0,2885.0
2026-01-16T11:50:00Z,25840.0,25846.25,25836.75,25837.25,1893.0
2026-01-16T11:55:00Z,25836.5,25840.5,25825.75,25833.25,3063.0
2026-01-16T12:00:00Z,25833.0,25843.5,25821.75,25841.5,3132.0
2026-01-16T12:05:00Z,25842.0,25844.25,25837.0,25838.75,1387.0
2026-01-16T12:10:00Z,25839.0,25842.0,25834.0,25837.25,1065.0
2026-01-16T12:15:00Z,25836.75,25841.5,25833.25,25836.75,1199.0
2026-01-16T12:20:00Z,25837.25,25840.5,25820.5,25822.25,2171.0
2026-01-16T12:25:00Z,25823.0,25836.0,25820.25,25833.75,2057.0
2026-01-16T12:30:00Z,25834.0,25834.75,25822.5,25831.0,1603.0
2026-01-16T12:35:00Z,25830.75,25840.0,25828.0,25838.0,1622.0
2026-01-16T12:40:00Z,25838.25,25847.75,25836.0,25846.0,2314.0
2026-01-16T12:45:00Z,25845.25,25853.0,25830.0,25835.25,3197.0
2026-01-16T12:50:00Z,25834.5,25836.0,25816.25,25817.0,3053.0
2026-01-16T12:55:00Z,25817.0,25831.5,25805.75,25831.25,4865.0
2026-01-16T13:00:00Z,25830.75,25834.0,25824.0,25831.0,2521.0
2026-01-16T13:05:00Z,25831.5,25831.75,25813.5,25814.5,2834.0
2026-01-16T13:10:00Z,25814.75,25824.0,25811.0,25815.75,2454.0
2026-01-16T13:15:00Z,25815.5,25824.5,25814.25,25818.25,2340.0
2026-01-16T13:20:00Z,25818.75,25819.5,25801.75,25806.25,3999.0
2026-01-16T13:25:00Z,25806.75,25827.25,25806.0,25824.0,3254.0
2026-01-16T13:30:00Z,25823.25,25838.5,25815.25,25818.75,5384.0
2026-01-16T13:35:00Z,25818.25,25825.5,25810.0,25813.0,3353.0
2026-01-16T13:40:00Z,25812.75,25828.0,25808.75,25823.0,3347.0
2026-01-16T13:45:00Z,25822.75,25835.5,25821.5,25827.25,2753.0
2026-01-16T13:50:00Z,25826.75,25834.5,25823.75,25829.0,2447.0
2026-01-16T13:55:00Z,25829.0,25833.75,25824.0,25826.0,2199.0
2026-01-16T14:00:00Z,25826.25,25843.0,25822.0,25832.5,4889.0
2026-01-16T14:05:00Z,25832.25,25840.0,25828.0,25834.75,3208.0
2026-01-16T14:10:00Z,25834.75,25842.0,25831.75,25839.0,3703.0
2026-01-16T14:15:00Z,25838.75,25855.5,25832.0,25851.25,5435.0
2026-01-16T14:20:00Z,25850.75,25860.25,25842.25,25842.25,7053.0
2026-01-16T14:25:00Z,25842.25,25878.0,25829.75,25868.0,18186.0
2026-01-16T14:30:00Z,25868.25,25891.25,25834.25,25864.75,46496.0
2026-01-16T14:35:00Z,25865.25,25880.5,25846.25,25858.0,28963.0
2026-01-16T14:40:00Z,25858.75,25865.75,25817.5,25820.25,29207.0
2026-01-16T14:45:00Z,25820.5,25853.0,25807.0,25821.0,33076.0
2026-01-16T14:50:00Z,25821.0,25830.75,25775.0,25785.5,32439.0
2026-01-16T14:55:00Z,25785.5,25787.25,25726.25,25728.75,43220.0
2026-01-16T15:00:00Z,25729.0,25753.0,25711.0,25730.75,42214.0
2026-01-16T15:05:00Z,25730.75,25765.5,25730.5,25755.0,25255.0
2026-01-16T15:10:00Z,25755.0,25758.75,25709.25,25721.0,27819.0
2026-01-16T15:15:00Z,25720.5,25730.5,25667.25,25676.25,34196.0
2026-01-16T15:20:00Z,25676.0,25729.25,25674.5,25727.25,29975.0
2026-01-16T15:25:00Z,25726.75,25727.25,25662.75,25669.0,34104.0
2026-01-16T15:30:00Z,25668.75,25675.0,25646.25,25657.5,29581.0
2026-01-16T15:35:00Z,25657.5,25658.0,25626.25,25633.5,30179.0
2026-01-16T15:40:00Z,25633.25,25634.5,25590.25,25622.75,36731.0
2026-01-16T15:45:00Z,25622.75,25632.0,25600.25,25630.0,24880.0
2026-01-16T15:50:00Z,25629.75,25656.75,25609.0,25655.0,26924.0
2026-01-16T15:55:00Z,25655.0,25682.25,25644.25,25680.75,24294.0
2026-01-16T16:00:00Z,25680.5,25692.25,25661.5,25667.5,22561.0
2026-01-16T16:05:00Z,25667.5,25695.25,25660.5,25693.5,17228.0
2026-01-16T16:10:00Z,25693.5,25705.5,25676.0,25690.0,20196.0
2026-01-16T16:15:00Z,25690.25,25700.5,25680.0,25698.0,11301.0
2026-01-16T16:20:00Z,25698.5,25719.25,25697.75,25702.0,16038.0
2026-01-16T16:25:00Z,25702.0,25719.75,25691.5,25716.75,13621.0
2026-01-16T16:30:00Z,25716.75,25738.25,25713.75,25714.0,17975.0
2026-01-16T16:35:00Z,25714.25,25734.75,25713.75,25726.75,9254.0
2026-01-16T16:40:00Z,25726.75,25743.5,25725.0,25737.5,9366.0
2026-01-16T16:45:00Z,25737.5,25753.25,25731.0,25736.25,14001.0
2026-01-16T16:50:00Z,25736.25,25751.5,25724.0,25724.75,13244.0
2026-01-16T16:55:00Z,25724.75,25725.75,25687.0,25717.0,20359.0
2026-01-16T17:00:00Z,25716.75,25718.0,25702.25,25710.0,10913.0
2026-01-16T17:05:00Z,25709.0,25721.5,25700.5,25707.0,10485.0
2026-01-16T17:10:00Z,25706.75,25718.75,25703.75,25709.0,6755.0
2026-01-16T17:15:00Z,25709.0,25713.0,25698.5,25701.5,7727.0
2026-01-16T17:20:00Z,25701.25,25717.25,25699.0,25703.0,8361.0
2026-01-16T17:25:00Z,25703.75,25713.0,25695.0,25701.25,9041.0
2026-01-16T17:30:00Z,25700.75,25707.0,25678.25,25703.75,13268.0
2026-01-16T17:35:00Z,25703.75,25713.75,25692.0,25696.0,8765.0
2026-01-16T17:40:00Z,25696.5,25703.5,25688.0,25701.0,5964.0
2026-01-16T17:45:00Z,25700.0,25700.0,25673.25,25681.5,11425.0
2026-01-16T17:50:00Z,25681.25,25685.75,25670.25,25678.25,7975.0
2026-01-16T17:55:00Z,25678.25,25689.25,25657.75,25660.25,9876.0
2026-01-16T18:00:00Z,25660.5,25683.25,25654.0,25677.5,13118.0
2026-01-16T18:05:00Z,25677.75,25702.5,25675.0,25701.5,10290.0
2026-01-16T18:10:00Z,25701.5,25703.5,25687.75,25693.75,6748.0
2026-01-16T18:15:00Z,25693.25,25716.75,25693.25,25716.25,8650.0
2026-01-16T18:20:00Z,25716.0,25726.0,25710.0,25724.75,8363.0
2026-01-16T18:25:00Z,25724.5,25729.25,25713.5,25719.5,8042.0
2026-01-16T18:30:00Z,25719.5,25732.5,25715.75,25728.0,5706.0
2026-01-16T18:35:00Z,25728.25,25728.5,25712.0,25716.25,5749.0
2026-01-16T18:40:00Z,25715.75,25720.75,25710.5,25719.25,5443.0
2026-01-16T18:45:00Z,25719.0,25726.0,25712.25,25716.0,6027.0
2026-01-16T18:50:00Z,25716.5,25722.0,25707.0,25721.5,6143.0
2026-01-16T18:55:00Z,25721.75,25724.0,25713.0,25716.5,3782.0
2026-01-16T19:00:00Z,25716.25,25740.0,25713.0,25739.0,9763.0
2026-01-16T19:05:00Z,25739.5,25748.25,25736.25,25740.25,10050.0
2026-01-16T19:10:00Z,25740.5,25740.5,25690.75,25695.0,14745.0
2026-01-16T19:15:00Z,25694.75,25701.5,25672.5,25681.5,13230.0
2026-01-16T19:20:00Z,25681.75,25697.5,25678.5,25686.75,10148.0
2026-01-16T19:25:00Z,25687.25,25687.75,25675.5,25681.0,7667.0
2026-01-16T19:30:00Z,25681.5,25704.0,25679.0,25695.75,10447.0
2026-01-16T19:35:00Z,25695.75,25715.0,25687.25,25706.25,8446.0
2026-01-16T19:40:00Z,25706.25,25722.5,25703.0,25709.75,8433.0
2026-01-16T19:45:00Z,25709.25,25720.5,25707.5,25713.75,5965.0
2026-01-16T19:50:00Z,25714.25,25729.25,25712.0,25727.75,5932.0
2026-01-16T19:55:00Z,25728.0,25728.75,25709.25,25716.0,8958.0
2026-01-16T20:00:00Z,25715.75,25724.75,25711.0,25714.0,7202.0
2026-01-16T20:05:00Z,25714.5,25718.0,25703.5,25717.0,7068.0
2026-01-16T20:10:00Z,25717.25,25727.0,25714.25,25722.0,5685.0
2026-01-16T20:15:00Z,25722.0,25725.5,25710.0,25720.75,6261.0
2026-01-16T20:20:00Z,25720.75,25729.75,25718.25,25722.25,5230.0
2026-01-16T20:25:00Z,25723.0,25727.0,25711.25,25711.5,6731.0
2026-01-16T20:30:00Z,25711.25,25713.75,25695.75,25704.75,14338.0
2026-01-16T20:35:00Z,25704.5,25722.75,25698.75,25718.0,10913.0
2026-01-16T20:40:00Z,25717.5,25718.75,25703.0,25708.5,6795.0
2026-01-16T20:45:00Z,25708.25,25708.75,25688.5,25703.0,11395.0
2026-01-16T20:50:00Z,25702.75,25715.75,25681.75,25713.25,20407.0
2026-01-16T20:55:00Z,25712.75,25713.0,25682.0,25684.75,22752.0
2026-01-16T21:00:00Z,25684.25,25702.5,25684.25,25687.25,8941.0
2026-01-16T21:05:00Z,25686.75,25691.0,25676.25,25678.5,4278.0
2026-01-16T21:10:00Z,25678.25,25682.5,25670.75,25679.25,4065.0
2026-01-16T21:15:00Z,25679.25,25687.5,25677.5,25683.75,1974.0
2026-01-16T21:20:00Z,25683.5,25684.75,25678.0,25681.0,1456.0
2026-01-16T21:25:00Z,25681.5,25688.0,25679.0,25686.25,1680.0
2026-01-16T21:30:00Z,25686.25,25686.25,25682.0,25683.75,1007.0
2026-01-16T21:35:00Z,25683.75,25685.25,25679.75,25682.0,911.0
2026-01-16T21:40:00Z,25681.75,25684.0,25680.0,25683.0,995.0
2026-01-16T21:45:00Z,25683.25,25687.75,25682.75,25686.25,1283.0
2026-01-16T21:50:00Z,25686.0,25689.0,25680.0,25684.75,966.0
2026-01-16T21:55:00Z,25684.5,25686.75,25678.25,25681.75,1022.0
2026-01-19T04:35:00Z,25689.0,25689.0,25389.0,25392.5,162.0
2026-01-19T04:40:00Z,25393.25,25394.75,25388.75,25389.5,1060.0
2026-01-19T04:45:00Z,25390.0,25390.75,25386.25,25387.25,903.0
2026-01-19T04:50:00Z,25387.0,25388.0,25381.5,25383.0,1006.0
2026-01-19T04:55:00Z,25382.5,25383.75,25375.0,25376.5,928.0
2026-01-20T05:00:00Z,25380.5,25382.25,25367.0,25382.0,2964.0
2026-01-20T05:05:00Z,25382.0,25392.75,25381.0,25383.75,2155.0
2026-01-20T05:10:00Z,25383.25,25392.0,25377.75,25383.25,1297.0
2026-01-20T05:15:00Z,25384.25,25390.75,25374.75,25390.75,1203.0
2026-01-20T05:20:00Z,25390.75,25394.75,25387.25,25394.5,968.0
2026-01-20T05:25:00Z,25395.0,25412.75,25390.5,25407.25,2336.0
2026-01-20T05:30:00Z,25407.0,25412.25,25406.0,25410.75,1111.0
2026-01-20T05:35:00Z,25410.5,25411.5,25391.25,25391.75,1683.0
2026-01-20T05:40:00Z,25391.5,25394.25,25380.25,25385.5,1847.0
2026-01-20T05:45:00Z,25385.25,25393.0,25382.25,25388.0,1422.0
2026-01-20T05:50:00Z,25388.0,25399.5,25387.5,25396.25,1250.0
2026-01-20T05:55:00Z,25396.25,25399.0,25381.75,25382.75,1613.0
2026-01-20T06:00:00Z,25382.75,25390.25,25376.5,25378.0,1968.0
2026-01-20T06:05:00Z,25377.25,25380.25,25352.0,25357.75,3298.0
2026-01-20T06:10:00Z,25357.0,25357.0,25344.75,25352.75,2775.0
2026-01-20T06:15:00Z,25353.0,25353.0,25322.5,25326.5,4976.0
2026-01-20T06:20:00Z,25326.0,25330.25,25317.25,25322.25,3496.0
2026-01-20T06:25:00Z,25322.75,25323.5,25292.75,25303.5,5014.0
2026-01-20T06:30:00Z,25303.25,25315.5,25272.5,25275.5,7398.0
2026-01-20T06:35:00Z,25275.75,25297.5,25269.5,25284.75,5467.0
2026-01-20T06:40:00Z,25284.5,25295.5,25280.75,25293.0,2582.0
2026-01-20T06:45:00Z,25293.0,25299.25,25259.75,25280.0,5879.0
2026-01-20T06:50:00Z,25279.5,25294.75,25274.0,25289.5,3138.0
2026-01-20T06:55:00Z,25289.5,25314.0,25288.5,25311.0,4088.0
2026-01-20T07:00:00Z,25310.75,25320.5,25305.5,25310.75,3737.0
2026-01-20T07:05:00Z,25310.5,25317.75,25289.0,25316.5,4377.0
2026-01-20T07:10:00Z,25315.25,25318.75,25287.25,25287.75,3034.0
2026-01-20T07:15:00Z,25288.25,25293.5,25262.75,25273.0,3919.0
2026-01-20T07:20:00Z,25272.75,25292.75,25256.5,25287.0,4149.0
2026-01-20T07:25:00Z,25287.0,25301.5,25281.5,25297.25,2830.0
2026-01-20T07:30:00Z,25296.75,25301.25,25276.75,25282.0,2787.0
2026-01-20T07:35:00Z,25282.25,25291.75,25277.0,25283.5,1850.0
2026-01-20T07:40:00Z,25283.75,25292.0,25272.5,25272.75,1952.0
2026-01-20T07:45:00Z,25272.75,25283.25,25257.75,25280.5,4103.0
2026-01-20T07:50:00Z,25281.5,25288.75,25268.5,25281.75,2004.0
2026-01-20T07:55:00Z,25283.25,25294.75,25275.25,25283.75,2165.0
2026-01-20T08:00:00Z,25283.5,25288.75,25247.25,25255.0,6469.0
2026-01-20T08:05:00Z,25255.25,25265.25,25227.75,25263.5,9519.0
2026-01-20T08:10:00Z,25264.0,25279.0,25258.75,25259.25,4674.0
2026-01-20T08:15:00Z,25259.75,25265.5,25228.75,25233.5,5031.0
2026-01-20T08:20:00Z,25233.5,25256.25,25225.0,25252.75,5603.0
2026-01-20T08:25:00Z,25252.75,25255.5,25231.5,25237.25,3673.0
2026-01-20T08:30:00Z,25236.25,25236.75,25207.0,25208.5,5764.0
2026-01-20T08:35:00Z,25208.75,25210.0,25166.75,25176.25,10308.0
2026-01-20T08:40:00Z,25176.75,25206.0,25167.5,25201.75,6885.0
2026-01-20T08:45:00Z,25202.75,25222.25,25199.5,25219.25,5365.0
2026-01-20T08:50:00Z,25219.5,25226.5,25211.0,25217.75,3739.0
2026-01-20T08:55:00Z,25217.75,25226.25,25193.0,25201.0,4797.0
2026-01-20T09:00:00Z,25201.5,25220.75,25183.25,25191.5,7026.0
2026-01-20T09:05:00Z,25191.5,25192.75,25167.75,25185.0,6365.0
2026-01-20T09:10:00Z,25185.5,25198.5,25175.5,25177.0,4127.0
2026-01-20T09:15:00Z,25176.0,25184.75,25156.5,25163.5,5460.0
2026-01-20T09:20:00Z,25164.75,25182.0,25142.75,25155.5,6674.0
2026-01-20T09:25:00Z,25155.25,25166.25,25130.0,25143.75,7101.0
2026-01-20T09:30:00Z,25143.5,25144.5,25100.25,25105.0,8775.0
2026-01-20T09:35:00Z,25105.25,25133.0,25100.25,25113.5,5553.0
2026-01-20T09:40:00Z,25112.75,25129.0,25103.5,25127.25,3838.0
2026-01-20T09:45:00Z,25127.25,25135.25,25102.0,25103.0,4623.0
2026-01-20T09:50:00Z,25104.0,25127.75,25095.25,25122.25,4587.0
2026-01-20T09:55:00Z,25122.25,25139.5,25121.75,25134.5,3440.0
2026-01-20T10:00:00Z,25134.5,25142.0,25115.0,25120.25,2837.0
2026-01-20T10:05:00Z,25120.5,25140.75,25106.75,25131.75,3585.0
2026-01-20T10:10:00Z,25131.25,25168.5,25130.75,25163.25,5156.0
2026-01-20T10:15:00Z,25163.75,25176.5,25162.0,25173.5,4217.0
2026-01-20T10:20:00Z,25173.75,25187.75,25169.75,25186.25,4920.0
2026-01-20T10:25:00Z,25185.75,25207.75,25179.0,25196.0,5472.0
2026-01-20T10:30:00Z,25196.5,25204.25,25176.75,25188.5,4603.0
2026-01-20T10:35:00Z,25188.5,25188.5,25170.75,25178.0,2625.0
2026-01-20T10:40:00Z,25177.25,25191.5,25166.5,25188.0,2641.0
2026-01-20T10:45:00Z,25188.0,25198.75,25184.0,25191.25,2602.0
2026-01-20T10:50:00Z,25191.25,25191.25,25177.0,25177.0,1921.0
2026-01-20T10:55:00Z,25177.0,25187.25,25173.5,25175.25,2126.0
2026-01-20T11:00:00Z,25175.0,25210.75,25173.0,25208.0,3887.0
2026-01-20T11:05:00Z,25208.5,25209.75,25190.25,25192.75,2726.0
2026-01-20T11:10:00Z,25191.75,25205.25,25187.5,25198.25,2092.0
2026-01-20T11:15:00Z,25198.25,25203.5,25177.5,25184.25,2491.0
2026-01-20T11:20:00Z,25184.25,25215.75,25174.0,25213.25,4330.0
2026-01-20T11:25:00Z,25213.0,25228.5,25194.25,25201.25,5733.0
2026-01-20T11:30:00Z,25200.75,25205.5,25186.75,25190.0,2956.0
2026-01-20T11:35:00Z,25189.0,25196.75,25181.5,25195.75,2397.0
2026-01-20T11:40:00Z,25195.75,25199.5,25175.25,25194.0,2837.0
2026-01-20T11:45:00Z,25194.0,25201.25,25180.5,25194.25,2401.0
2026-01-20T11:50:00Z,25194.25,25214.75,25187.0,25213.75,2525.0
2026-01-20T11:55:00Z,25213.75,25221.0,25201.5,25206.0,3220.0
2026-01-20T12:00:00Z,25205.5,25220.5,25191.75,25203.75,4922.0
2026-01-20T12:05:00Z,25204.5,25231.0,25199.0,25228.0,3607.0
2026-01-20T12:10:00Z,25228.25,25254.0,25225.75,25247.5,5531.0
2026-01-20T12:15:00Z,25246.5,25255.25,25212.5,25214.25,5850.0
2026-01-20T12:20:00Z,25213.75,25242.75,25213.5,25233.5,4204.0
2026-01-20T12:25:00Z,25233.75,25244.75,25221.5,25234.25,4788.0
2026-01-20T12:30:00Z,25233.5,25245.0,25227.5,25244.5,3209.0
2026-01-20T12:35:00Z,25245.0,25251.5,25235.0,25250.5,2909.0
2026-01-20T12:40:00Z,25251.0,25275.5,25249.0,25271.5,5505.0
2026-01-20T12:45:00Z,25272.0,25283.75,25264.0,25280.5,6163.0
2026-01-20T12:50:00Z,25279.5,25283.0,25268.5,25272.25,3430.0
2026-01-20T12:55:00Z,25273.0,25274.0,25250.75,25258.0,4617.0
2026-01-20T13:00:00Z,25258.0,25274.5,25245.25,25248.0,4838.0
2026-01-20T13:05:00Z,25248.0,25254.75,25236.75,25245.0,5041.0
2026-01-20T13:10:00Z,25244.5,25255.0,25222.75,25226.25,5460.0
2026-01-20T13:15:00Z,25226.75,25253.0,25222.75,25251.25,4958.0
2026-01-20T13:20:00Z,25250.25,25277.5,25243.5,25261.25,7645.0
2026-01-20T13:25:00Z,25261.0,25267.5,25244.0,25247.0,3920.0
2026-01-20T13:30:00Z,25247.75,25251.5,25182.0,25216.5,19092.0
2026-01-20T13:35:00Z,25215.5,25224.5,25181.5,25210.75,17742.0
2026-01-20T13:40:00Z,25211.0,25226.0,25202.0,25213.0,9691.0
2026-01-20T13:45:00Z,25213.25,25235.0,25204.0,25234.75,9700.0
2026-01-20T13:50:00Z,25234.5,25236.25,25209.0,25223.0,5659.0
2026-01-20T13:55:00Z,25222.5,25233.5,25211.5,25212.5,7355.0
2026-01-20T14:00:00Z,25212.25,25244.0,25206.25,25228.75,10220.0
2026-01-20T14:05:00Z,25229.0,25241.5,25225.75,25234.25,5050.0
2026-01-20T14:10:00Z,25234.25,25242.0,25223.5,25235.0,7255.0
2026-01-20T14:15:00Z,25234.75,25241.5,25205.75,25208.75,7282.0
2026-01-20T14:20:00Z,25208.5,25224.5,25202.25,25212.0,7282.0
2026-01-20T14:25:00Z,25212.0,25253.5,25201.25,25242.25,14785.0
2026-01-20T14:30:00Z,25242.25,25347.0,25232.5,25347.0,57948.0
2026-01-20T14:35:00Z,25347.0,25357.25,25276.0,25300.5,52653.0
2026-01-20T14:40:00Z,25300.75,25340.0,25244.75,25333.5,43915.0
2026-01-20T14:45:00Z,25333.75,25334.75,25267.5,25298.0,39997.0
2026-01-20T14:50:00Z,25297.5,25369.0,25287.5,25329.0,42163.0
2026-01-20T14:55:00Z,25328.5,25366.0,25296.75,25323.25,31118.0
2026-01-20T15:00:00Z,25323.0,25335.0,25270.0,25301.0,29905.0
2026-01-20T15:05:00Z,25300.75,25325.0,25260.75,25272.0,32000.0
2026-01-20T15:10:00Z,25272.0,25300.0,25266.0,25284.75,28939.0
2026-01-20T15:15:00Z,25284.5,25303.25,25256.5,25258.5,31039.0
2026-01-20T15:20:00Z,25258.5,25351.0,25254.0,25323.0,40225.0
2026-01-20T15:25:00Z,25322.75,25364.0,25321.25,25361.5,32324.0
2026-01-20T15:30:00Z,25361.75,25392.25,25348.0,25385.25,31805.0
2026-01-20T15:35:00Z,25385.5,25393.25,25358.5,25378.25,26013.0
2026-01-20T15:40:00Z,25378.5,25417.75,25373.25,25388.75,29792.0
2026-01-20T15:45:00Z,25388.75,25393.0,25343.75,25351.5,27597.0
2026-01-20T15:50:00Z,25351.25,25353.25,25318.5,25334.25,28223.0
2026-01-20T15:55:00Z,25334.0,25367.0,25313.25,25363.25,25947.0
2026-01-20T16:00:00Z,25363.0,25406.25,25358.25,25378.5,30314.0
2026-01-20T16:05:00Z,25378.25,25397.0,25361.25,25392.25,20936.0
2026-01-20T16:10:00Z,25392.25,25428.25,25390.75,25399.5,23450.0
2026-01-20T16:15:00Z,25399.25,25401.25,25376.75,25391.5,18037.0
2026-01-20T16:20:00Z,25391.5,25403.25,25354.25,25355.0,17746.0
2026-01-20T16:25:00Z,25354.5,25407.25,25333.5,25403.5,27525.0
2026-01-20T16:30:00Z,25404.25,25406.5,25370.5,25399.5,18198.0
2026-01-20T16:35:00Z,25399.5,25426.0,25398.75,25424.5,15584.0
2026-01-20T16:40:00Z,25424.75,25430.0,25351.0,25354.0,25487.0
2026-01-20T16:45:00Z,25354.0,25369.75,25342.5,25368.5,20502.0
2026-01-20T16:50:00Z,25369.0,25398.0,25335.5,25346.0,27819.0
2026-01-20T16:55:00Z,25346.25,25414.0,25337.5,25399.0,25418.0
2026-01-20T17:00:00Z,25398.5,25407.25,25382.0,25388.0,19125.0
2026-01-20T17:05:00Z,25388.25,25403.75,25360.25,25362.25,18001.0
2026-01-20T17:10:00Z,25362.5,25377.75,25345.0,25360.75,17680.0
2026-01-20T17:15:00Z,25360.75,25371.25,25342.5,25348.0,13958.0
2026-01-20T17:20:00Z,25348.75,25354.75,25330.0,25335.75,17081.0
2026-01-20T17:25:00Z,25335.75,25349.5,25326.25,25339.25,14104.0
2026-01-20T17:30:00Z,25338.75,25339.0,25303.25,25308.0,18383.0
2026-01-20T17:35:00Z,25308.0,25327.0,25295.25,25311.25,21053.0
2026-01-20T17:40:00Z,25311.75,25336.75,25291.25,25292.75,18509.0
2026-01-20T17:45:00Z,25292.25,25292.75,25265.0,25268.75,20336.0
2026-01-20T17:50:00Z,25268.5,25292.5,25255.0,25283.75,19690.0
2026-01-20T17:55:00Z,25283.5,25302.25,25276.25,25292.75,13046.0
2026-01-20T18:00:00Z,25293.0,25311.25,25286.0,25288.0,13475.0
2026-01-20T18:05:00Z,25288.5,25297.75,25275.75,25277.75,10338.0
2026-01-20T18:10:00Z,25278.5,25300.25,25274.25,25284.75,9966.0
2026-01-20T18:15:00Z,25284.25,25287.75,25266.5,25276.25,8244.0
2026-01-20T18:20:00Z,25276.75,25277.0,25250.75,25255.75,11866.0
2026-01-20T18:25:00Z,25256.0,25261.75,25243.0,25247.75,10729.0
2026-01-20T18:30:00Z,25247.0,25256.5,25218.75,25227.0,17082.0
2026-01-20T18:35:00Z,25226.75,25237.75,25209.5,25212.0,15127.0
2026-01-20T18:40:00Z,25212.0,25228.0,25201.75,25210.0,16076.0
2026-01-20T18:45:00Z,25209.25,25221.0,25202.75,25205.0,9985.0
2026-01-20T18:50:00Z,25204.25,25204.75,25170.75,25176.25,20532.0
2026-01-20T18:55:00Z,25176.5,25217.75,25176.0,25199.25,19876.0
2026-01-20T19:00:00Z,25199.25,25225.25,25198.25,25205.0,14570.0
2026-01-20T19:05:00Z,25205.5,25218.75,25191.25,25197.25,12106.0
2026-01-20T19:10:00Z,25197.25,25204.5,25178.5,25193.25,12651.0
2026-01-20T19:15:00Z,25193.5,25194.0,25166.25,25175.5,12373.0
2026-01-20T19:20:00Z,25175.75,25183.25,25157.25,25170.25,13029.0
2026-01-20T19:25:00Z,25169.5,25169.5,25149.25,25161.5,13165.0
2026-01-20T19:30:00Z,25161.0,25162.5,25133.0,25136.75,18976.0
2026-01-20T19:35:00Z,25137.25,25166.25,25128.0,25162.0,15642.0
2026-01-20T19:40:00Z,25162.5,25179.75,25145.0,25149.25,16499.0
2026-01-20T19:45:00Z,25149.25,25162.75,25141.25,25158.0,10800.0
2026-01-20T19:50:00Z,25157.5,25176.0,25145.75,25172.75,12771.0
2026-01-20T19:55:00Z,25172.75,25177.75,25153.0,25169.25,10270.0
2026-01-20T20:00:00Z,25169.25,25169.5,25150.5,25155.0,8934.0
2026-01-20T20:05:00Z,25154.75,25164.25,25139.5,25141.75,10784.0
2026-01-20T20:10:00Z,25141.25,25161.25,25116.75,25121.5,16643.0
2026-01-20T20:15:00Z,25121.75,25169.5,25118.5,25146.25,21871.0
2026-01-20T20:20:00Z,25146.0,25146.0,25115.25,25128.5,15754.0
2026-01-20T20:25:00Z,25129.0,25148.25,25121.75,25128.75,14676.0
2026-01-20T20:30:00Z,25129.5,25143.25,25119.25,25131.25,13879.0
2026-01-20T20:35:00Z,25131.0,25142.25,25111.0,25116.75,15309.0
2026-01-20T20:40:00Z,25116.25,25126.0,25104.0,25120.5,13889.0
2026-01-20T20:45:00Z,25120.5,25135.0,25115.25,25124.75,12055.0
2026-01-20T20:50:00Z,25125.0,25134.0,25099.0,25109.0,21387.0
2026-01-20T20:55:00Z,25108.5,25144.25,25103.25,25142.0,26152.0
2026-01-20T21:00:00Z,25141.75,25153.25,25127.5,25143.0,13109.0
2026-01-20T21:05:00Z,25143.25,25146.75,25134.75,25139.5,4419.0
2026-01-20T21:10:00Z,25140.25,25167.0,25138.75,25162.75,5063.0
2026-01-20T21:15:00Z,25163.0,25166.0,25151.75,25156.75,2785.0
2026-01-20T21:20:00Z,25156.75,25158.75,25144.25,25149.75,2162.0
2026-01-20T21:25:00Z,25150.0,25151.0,25134.5,25143.75,2039.0
2026-01-20T21:30:00Z,25143.5,25144.0,25127.0,25133.0,2216.0
2026-01-20T21:35:00Z,25132.75,25133.0,25122.5,25132.5,1852.0
2026-01-20T21:40:00Z,25132.25,25135.5,25125.25,25133.25,1759.0
2026-01-20T21:45:00Z,25133.75,25141.75,25131.25,25139.0,1549.0
2026-01-20T21:50:00Z,25138.25,25142.0,25133.0,25139.25,888.0
2026-01-20T21:55:00Z,25139.0,25146.25,25137.25,25143.25,1338.0
2026-01-20T23:00:00Z,25147.0,25175.5,25138.25,25164.5,0.0
2026-01-20T23:05:00Z,25166.0,25167.5,25149.0,25163.5,2410.0
2026-01-20T23:10:00Z,25163.0,25165.0,25151.5,25159.0,1778.0
2026-01-20T23:15:00Z,25159.25,25162.75,25151.0,25151.75,1333.0
2026-01-20T23:20:00Z,25151.75,25157.25,25149.75,25155.25,1308.0
2026-01-20T23:25:00Z,25155.0,25158.0,25150.25,25154.75,964.0
2026-01-20T23:30:00Z,25154.75,25158.0,25151.5,25151.75,742.0
2026-01-20T23:35:00Z,25151.0,25164.25,25150.5,25159.0,1207.0
2026-01-20T23:40:00Z,25159.75,25162.5,25154.5,25161.5,789.0
2026-01-20T23:45:00Z,25161.25,25161.5,25112.5,25123.25,4494.0
2026-01-20T23:50:00Z,25123.25,25128.75,25103.5,25107.75,4617.0
2026-01-20T23:55:00Z,25108.0,25116.5,25103.75,25116.25,2284.0
2026-01-21T00:00:00Z,25116.75,25138.75,25115.5,25128.75,3542.0
2026-01-21T00:05:00Z,25128.75,25143.75,25122.75,25143.5,2570.0
2026-01-21T00:10:00Z,25143.5,25150.25,25138.25,25141.5,1909.0
2026-01-21T00:15:00Z,25141.25,25149.75,25132.5,25143.75,1939.0
2026-01-21T00:20:00Z,25143.5,25153.75,25139.75,25153.25,2327.0
2026-01-21T00:25:00Z,25152.75,25159.0,25150.75,25157.25,1551.0
2026-01-21T00:30:00Z,25157.0,25165.75,25154.5,25162.5,1953.0
2026-01-21T00:35:00Z,25162.5,25178.0,25160.75,25177.5,2723.0
2026-01-21T00:40:00Z,25177.5,25183.0,25170.75,25173.75,2668.0
2026-01-21T00:45:00Z,25173.25,25186.0,25171.0,25179.75,2356.0
2026-01-21T00:50:00Z,25180.0,25186.0,25178.75,25185.0,1348.0
2026-01-21T00:55:00Z,25184.75,25184.75,25173.5,25178.75,1883.0
2026-01-21T01:00:00Z,25179.0,25189.0,25178.5,25187.25,2147.0
2026-01-21T01:05:00Z,25187.5,25194.0,25185.75,25189.5,1791.0
2026-01-21T01:10:00Z,25189.0,25202.5,25185.25,25201.75,2401.0
2026-01-21T01:15:00Z,25201.75,25205.75,25197.0,25205.75,2082.0
2026-01-21T01:20:00Z,25206.0,25212.75,25203.0,25212.0,2389.0
2026-01-21T01:25:00Z,25212.25,25217.5,25206.0,25211.0,2228.0
2026-01-21T01:30:00Z,25211.25,25216.0,25197.25,25213.25,2968.0
2026-01-21T01:35:00Z,25213.5,25216.25,25205.25,25209.25,1892.0
2026-01-21T01:40:00Z,25209.75,25218.75,25205.25,25212.75,1843.0
2026-01-21T01:45:00Z,25213.25,25216.0,25207.0,25209.5,1661.0
2026-01-21T01:50:00Z,25209.5,25213.25,25206.5,25208.5,1070.0
2026-01-21T01:55:00Z,25208.25,25211.0,25201.0,25201.75,1745.0
2026-01-21T02:00:00Z,25202.0,25208.0,25193.25,25199.0,2502.0
2026-01-21T02:05:00Z,25199.0,25207.5,25199.0,25200.25,1355.0
2026-01-21T02:10:00Z,25200.5,25209.75,25198.5,25207.25,1139.0
2026-01-21T02:15:00Z,25207.5,25209.0,25185.5,25195.5,2816.0
2026-01-21T02:20:00Z,25196.0,25204.5,25185.25,25188.5,2218.0
2026-01-21T02:25:00Z,25188.5,25190.0,25177.75,25178.0,2364.0
2026-01-21T02:30:00Z,25178.5,25183.0,25169.5,25169.5,3028.0
2026-01-21T02:35:00Z,25169.75,25179.0,25168.0,25174.0,2091.0
2026-01-21T02:40:00Z,25174.0,25191.5,25172.0,25187.5,2163.0
2026-01-21T02:45:00Z,25187.25,25188.5,25180.25,25187.75,980.0
2026-01-21T02:50:00Z,25187.25,25190.0,25181.5,25186.5,1004.0
2026-01-21T02:55:00Z,25185.75,25189.75,25178.5,25180.0,906.0
2026-01-21T03:00:00Z,25179.75,25202.75,25178.5,25201.25,2218.0
2026-01-21T03:05:00Z,25200.75,25203.75,25193.5,25195.5,1467.0
2026-01-21T03:10:00Z,25195.0,25208.5,25187.0,25204.75,2838.0
2026-01-21T03:15:00Z,25205.0,25227.5,25202.25,25220.75,4032.0
2026-01-21T03:20:00Z,25221.25,25224.75,25214.75,25222.5,2277.0
2026-01-21T03:25:00Z,25222.75,25225.0,25218.5,25221.0,896.0
2026-01-21T03:30:00Z,25222.0,25226.25,25218.0,25220.0,1091.0
2026-01-21T03:35:00Z,25220.25,25225.75,25215.75,25219.75,1343.0
2026-01-21T03:40:00Z,25219.5,25221.75,25202.25,25203.75,1908.0
2026-01-21T03:45:00Z,25204.25,25212.75,25185.75,25204.75,3269.0
2026-01-21T03:50:00Z,25205.0,25205.0,25193.5,25194.0,1698.0
2026-01-21T03:55:00Z,25193.75,25204.0,25192.5,25197.75,1216.0
2026-01-21T04:00:00Z,25197.5,25210.25,25194.0,25209.75,1669.0
2026-01-21T04:05:00Z,25209.75,25212.0,25198.25,25199.0,1488.0
2026-01-21T04:10:00Z,25199.0,25207.75,25196.0,25196.75,924.0
2026-01-21T04:15:00Z,25197.25,25203.5,25182.5,25201.75,2601.0
2026-01-21T04:20:00Z,25201.75,25211.25,25201.5,25209.25,1039.0
2026-01-21T04:25:00Z,25208.75,25213.75,25203.25,25206.5,1384.0
2026-01-21T04:30:00Z,25206.0,25207.75,25198.25,25203.0,952.0
2026-01-21T04:35:00Z,25203.75,25212.25,25203.0,25206.75,794.0
2026-01-21T04:40:00Z,25206.5,25208.25,25198.0,25201.0,1349.0
2026-01-21T04:45:00Z,25201.75,25203.0,25193.25,25202.5,1104.0
2026-01-21T04:50:00Z,25202.75,25207.0,25200.0,25203.25,606.0
2026-01-21T04:55:00Z,25203.25,25204.25,25197.25,25200.0,597.0
2026-01-21T05:05:00Z,25204.5,25211.0,25204.5,25210.25,4060.0
2026-01-21T05:10:00Z,25209.25,25220.0,25208.75,25217.5,1727.0
2026-01-21T05:15:00Z,25217.25,25218.25,25208.75,25212.25,1074.0
2026-01-21T05:20:00Z,25211.75,25218.5,25205.25,25206.0,921.0
2026-01-21T05:25:00Z,25206.0,25212.5,25200.5,25211.75,1356.0
2026-01-21T05:30:00Z,25210.25,25218.5,25210.25,25217.5,1040.0
2026-01-21T05:35:00Z,25217.25,25222.75,25215.5,25219.75,855.0
2026-01-21T05:40:00Z,25219.75,25225.75,25219.75,25224.25,883.0
2026-01-21T05:45:00Z,25224.25,25225.5,25216.75,25218.5,935.0
2026-01-21T05:50:00Z,25218.5,25224.25,25215.75,25218.5,820.0
2026-01-21T05:55:00Z,25218.0,25223.5,25217.5,25220.0,769.0
2026-01-21T06:00:00Z,25220.0,25221.25,25211.0,25220.75,1476.0
2026-01-21T06:05:00Z,25220.25,25226.25,25212.25,25221.75,1375.0
2026-01-21T06:10:00Z,25221.75,25230.25,25219.75,25225.0,1638.0
2026-01-21T06:15:00Z,25225.75,25228.0,25220.75,25225.75,1130.0
2026-01-21T06:20:00Z,25226.0,25228.0,25218.25,25219.25,1164.0
2026-01-21T06:25:00Z,25219.5,25221.75,25208.75,25219.75,1445.0
2026-01-21T06:30:00Z,25220.25,25234.5,25215.75,25228.0,2640.0
2026-01-21T06:35:00Z,25228.25,25228.75,25215.5,25217.0,1575.0
2026-01-21T06:40:00Z,25217.25,25221.0,25212.5,25216.0,975.0
2026-01-21T06:45:00Z,25216.0,25216.0,25197.25,25197.25,2392.0
2026-01-21T06:50:00Z,25197.5,25202.0,25191.75,25197.75,1742.0
2026-01-21T06:55:00Z,25197.75,25201.0,25196.0,25196.25,764.0
2026-01-21T07:00:00Z,25196.25,25205.75,25193.0,25203.5,1823.0
2026-01-21T07:05:00Z,25203.0,25224.0,25202.75,25215.25,2585.0
2026-01-21T07:10:00Z,25214.75,25234.75,25213.0,25233.5,2253.0
2026-01-21T07:15:00Z,25233.5,25245.0,25232.25,25242.75,2698.0
2026-01-21T07:20:00Z,25242.75,25246.75,25239.5,25241.25,1594.0
2026-01-21T07:25:00Z,25241.25,25243.0,25235.75,25240.0,1203.0
2026-01-21T07:30:00Z,25239.75,25240.75,25230.75,25237.5,1255.0
2026-01-21T07:35:00Z,25237.25,25241.0,25232.75,25234.75,1008.0
2026-01-21T07:40:00Z,25234.25,25236.0,25229.5,25231.5,890.0
2026-01-21T07:45:00Z,25231.0,25231.5,25222.5,25223.5,1319.0
2026-01-21T07:50:00Z,25223.5,25231.0,25215.5,25215.5,1316.0
2026-01-21T07:55:00Z,25215.5,25217.25,25205.0,25212.75,1851.0
2026-01-21T08:00:00Z,25212.75,25223.25,25199.75,25206.25,3347.0
2026-01-21T08:05:00Z,25205.25,25218.0,25203.25,25208.5,1608.0
2026-01-21T08:10:00Z,25209.0,25211.25,25195.0,25197.25,2149.0
2026-01-21T08:15:00Z,25197.25,25218.5,25196.75,25214.25,2154.0
2026-01-21T08:20:00Z,25214.25,25217.0,25199.25,25209.5,1628.0
2026-01-21T08:25:00Z,25209.25,25233.5,25207.75,25221.0,3234.0
2026-01-21T08:30:00Z,25220.25,25227.25,25214.0,25219.0,2280.0
2026-01-21T08:35:00Z,25219.75,25226.5,25208.25,25223.25,2349.0
2026-01-21T08:40:00Z,25223.0,25227.25,25219.5,25225.5,1161.0
2026-01-21T08:45:00Z,25225.0,25228.25,25221.0,25225.0,1057.0
2026-01-21T08:50:00Z,25224.75,25226.0,25213.75,25215.5,1635.0
2026-01-21T08:55:00Z,25214.75,25220.5,25204.0,25204.75,2522.0
2026-01-21T09:00:00Z,25204.25,25224.5,25201.25,25223.5,2922.0
2026-01-21T09:05:00Z,25224.0,25226.75,25193.5,25196.5,3098.0
2026-01-21T09:10:00Z,25196.75,25211.5,25195.5,25209.75,1814.0
2026-01-21T09:15:00Z,25209.25,25216.5,25201.25,25210.0,1684.0
2026-01-21T09:20:00Z,25209.75,25210.5,25182.5,25189.5,3181.0
2026-01-21T09:25:00Z,25189.0,25199.5,25188.25,25195.25,1641.0
2026-01-21T09:30:00Z,25195.75,25196.0,25183.75,25191.75,1732.0
2026-01-21T09:35:00Z,25192.0,25195.75,25176.5,25182.75,2947.0
2026-01-21T09:40:00Z,25183.5,25192.0,25170.25,25175.5,2076.0
2026-01-21T09:45:00Z,25175.5,25176.5,25149.0,25159.5,4372.0
2026-01-21T09:50:00Z,25159.0,25164.0,25151.25,25152.25,2448.0
2026-01-21T09:55:00Z,25151.75,25159.25,25128.5,25129.0,4489.0
2026-01-21T10:00:00Z,25129.5,25165.5,25121.75,25162.25,5525.0
2026-01-21T10:05:00Z,25163.0,25163.5,25151.0,25156.0,2117.0
2026-01-21T10:10:00Z,25156.0,25159.5,25145.25,25158.25,1963.0
2026-01-21T10:15:00Z,25159.0,25176.0,25158.5,25172.0,2805.0
2026-01-21T10:20:00Z,25172.0,25178.0,25151.75,25168.0,2549.0
2026-01-21T10:25:00Z,25168.0,25183.0,25164.5,25177.0,1659.0
2026-01-21T10:30:00Z,25177.5,25183.25,25174.25,25178.5,1287.0
2026-01-21T10:35:00Z,25178.25,25187.75,25171.5,25182.25,1731.0
2026-01-21T10:40:00Z,25181.5,25188.5,25175.5,25182.75,1628.0
2026-01-21T10:45:00Z,25182.75,25187.75,25177.75,25181.25,946.0
2026-01-21T10:50:00Z,25182.0,25182.5,25158.75,25159.5,2243.0
2026-01-21T10:55:00Z,25160.0,25162.0,25151.5,25153.0,1818.0
2026-01-21T11:00:00Z,25153.0,25153.5,25133.25,25143.75,3571.0
2026-01-21T11:05:00Z,25143.75,25154.0,25142.75,25150.75,1510.0
2026-01-21T11:10:00Z,25151.5,25152.0,25137.25,25139.0,1719.0
2026-01-21T11:15:00Z,25139.0,25150.25,25135.5,25149.0,1340.0
2026-01-21T11:20:00Z,25149.25,25155.5,25147.5,25151.75,1667.0
2026-01-21T11:25:00Z,25152.0,25159.75,25140.75,25142.25,3407.0
2026-01-21T11:30:00Z,25143.25,25158.25,25134.0,25134.25,2969.0
2026-01-21T11:35:00Z,25134.25,25135.0,25115.0,25115.25,3998.0
2026-01-21T11:40:00Z,25116.25,25121.0,25109.25,25116.75,3220.0
2026-01-21T11:45:00Z,25117.5,25119.25,25074.25,25089.5,7656.0
2026-01-21T11:50:00Z,25089.0,25094.5,25070.25,25071.75,4932.0
2026-01-21T11:55:00Z,25071.25,25076.5,25040.25,25047.75,9152.0
2026-01-21T12:00:00Z,25047.5,25060.75,25026.0,25053.5,9143.0
2026-01-21T12:05:00Z,25053.25,25071.0,25048.25,25058.75,5166.0
2026-01-21T12:10:00Z,25058.5,25068.25,25042.25,25059.0,4221.0
2026-01-21T12:15:00Z,25059.5,25074.0,25048.5,25071.25,3558.0
2026-01-21T12:20:00Z,25071.25,25089.75,25067.0,25085.0,5244.0
2026-01-21T12:25:00Z,25085.25,25086.0,25070.75,25072.0,2435.0
2026-01-21T12:30:00Z,25071.25,25075.5,25051.0,25071.25,4585.0
2026-01-21T12:35:00Z,25071.5,25072.5,25043.0,25049.25,4143.0
2026-01-21T12:40:00Z,25049.5,25055.25,25041.0,25053.5,3006.0
2026-01-21T12:45:00Z,25053.75,25060.25,25032.25,25057.75,5289.0
2026-01-21T12:50:00Z,25058.25,25074.25,25057.75,25071.5,3781.0
2026-01-21T12:55:00Z,25071.5,25090.25,25066.25,25086.25,3919.0
2026-01-21T13:00:00Z,25086.0,25089.5,25070.0,25077.0,3946.0
2026-01-21T13:05:00Z,25076.0,25107.0,25076.0,25105.25,4277.0
2026-01-21T13:10:00Z,25105.5,25113.25,25095.5,25095.75,4600.0
2026-01-21T13:15:00Z,25096.0,25101.0,25081.75,25089.25,4206.0
2026-01-21T13:20:00Z,25088.5,25089.5,25071.75,25083.0,4526.0
2026-01-21T13:25:00Z,25083.25,25087.25,25073.5,25075.5,3099.0
2026-01-21T13:30:00Z,25075.5,25079.75,25052.5,25063.75,6201.0
2026-01-21T13:35:00Z,25063.5,25067.0,25042.75,25060.5,6173.0
2026-01-21T13:40:00Z,25060.0,25070.5,25040.0,25048.75,7247.0
2026-01-21T13:45:00Z,25049.25,25071.75,25046.25,25068.25,5761.0
2026-01-21T13:50:00Z,25068.0,25108.75,25062.0,25106.0,11329.0
2026-01-21T13:55:00Z,25106.0,25125.75,25077.5,25085.0,19263.0
2026-01-21T14:00:00Z,25084.0,25158.0,25072.25,25120.75,23757.0
2026-01-21T14:05:00Z,25121.75,25162.75,25115.5,25128.25,16594.0
2026-01-21T14:10:00Z,25128.25,25213.0,25108.5,25197.0,35730.0
2026-01-21T14:15:00Z,25196.25,25227.0,25181.0,25217.75,18163.0
2026-01-21T14:20:00Z,25219.5,25251.5,25165.5,25243.0,22130.0
2026-01-21T14:25:00Z,25242.5,25257.0,25189.75,25197.75,15997.0
2026-01-21T14:30:00Z,25197.0,25223.0,25150.0,25164.25,48877.0
2026-01-21T14:35:00Z,25163.25,25221.5,25141.25,25186.25,48524.0
2026-01-21T14:40:00Z,25186.25,25206.25,25128.5,25201.5,45374.0
2026-01-21T14:45:00Z,25201.5,25244.25,25196.75,25236.25,38973.0
2026-01-21T14:50:00Z,25235.75,25290.0,25228.5,25289.25,38895.0
2026-01-21T14:55:00Z,25289.0,25339.75,25276.0,25325.0,35544.0
2026-01-21T15:00:00Z,25324.5,25342.0,25313.5,25318.5,31094.0
2026-01-21T15:05:00Z,25318.25,25338.25,25311.25,25315.75,24778.0
2026-01-21T15:10:00Z,25316.25,25330.75,25293.0,25328.0,29015.0
2026-01-21T15:15:00Z,25328.25,25377.0,25324.25,25348.0,39188.0
2026-01-21T15:20:00Z,25348.0,25363.5,25318.25,25360.5,29182.0
2026-01-21T15:25:00Z,25360.0,25387.25,25348.25,25379.5,30109.0
2026-01-21T15:30:00Z,25379.75,25425.75,25377.75,25411.25,30897.0
2026-01-21T15:35:00Z,25411.75,25450.5,25408.25,25434.75,27834.0
2026-01-21T15:40:00Z,25435.0,25460.75,25430.75,25452.25,23177.0
2026-01-21T15:45:00Z,25452.0,25477.0,25452.0,25470.75,23622.0
2026-01-21T15:50:00Z,25470.25,25488.0,25462.75,25486.5,23569.0
2026-01-21T15:55:00Z,25486.0,25488.0,25460.25,25470.0,18090.0
2026-01-21T16:00:00Z,25469.75,25478.5,25461.0,25463.75,16445.0
2026-01-21T16:05:00Z,25463.0,25480.0,25446.75,25454.75,23140.0
2026-01-21T16:10:00Z,25455.75,25496.5,25449.25,25457.0,24592.0
2026-01-21T16:15:00Z,25457.0,25475.5,25450.25,25456.0,18016.0
2026-01-21T16:20:00Z,25455.75,25469.5,25444.5,25460.25,18331.0
2026-01-21T16:25:00Z,25460.5,25478.0,25442.25,25458.0,19114.0
2026-01-21T16:30:00Z,25458.25,25460.5,25410.0,25419.0,31254.0
2026-01-21T16:35:00Z,25418.5,25421.0,25334.0,25335.25,43489.0
2026-01-21T16:40:00Z,25335.75,25347.0,25290.75,25294.5,49540.0
2026-01-21T16:45:00Z,25294.25,25310.0,25268.75,25297.25,40233.0
2026-01-21T16:50:00Z,25297.75,25306.5,25249.25,25264.75,34085.0
2026-01-21T16:55:00Z,25265.25,25271.25,25221.0,25229.75,34164.0
2026-01-21T17:00:00Z,25229.75,25262.75,25222.0,25224.0,32066.0
2026-01-21T17:05:00Z,25223.0,25231.75,25191.75,25205.75,34339.0
2026-01-21T17:10:00Z,25205.5,25219.75,25144.25,25153.75,37494.0
2026-01-21T17:15:00Z,25154.0,25213.75,25142.75,25191.75,37111.0
2026-01-21T17:20:00Z,25191.75,25221.75,25175.5,25217.0,30676.0
2026-01-21T17:25:00Z,25217.5,25231.5,25189.75,25206.0,28678.0
2026-01-21T17:30:00Z,25205.5,25207.0,25175.75,25190.75,28027.0
2026-01-21T17:35:00Z,25190.25,25215.25,25171.5,25201.0,26171.0
2026-01-21T17:40:00Z,25201.0,25218.5,25182.25,25182.25,20821.0
2026-01-21T17:45:00Z,25182.5,25208.25,25168.75,25202.0,22263.0
2026-01-21T17:50:00Z,25202.25,25244.25,25185.5,25238.75,22767.0
2026-01-21T17:55:00Z,25238.5,25260.75,25222.0,25246.0,23359.0
2026-01-21T18:00:00Z,25245.5,25251.75,25151.25,25161.5,29063.0
2026-01-21T18:05:00Z,25161.0,25195.75,25161.0,25189.5,22907.0
2026-01-21T18:10:00Z,25189.5,25250.5,25187.5,25230.5,23620.0
2026-01-21T18:15:00Z,25230.75,25238.75,25210.5,25212.75,15336.0
2026-01-21T18:20:00Z,25212.5,25219.5,25184.0,25191.25,20287.0
2026-01-21T18:25:00Z,25191.0,25242.25,25187.0,25235.25,17729.0
2026-01-21T18:30:00Z,25235.75,25254.5,25224.75,25246.75,15621.0
2026-01-21T18:35:00Z,25246.75,25258.5,25205.5,25233.75,18033.0
2026-01-21T18:40:00Z,25233.5,25239.75,25212.75,25217.5,12555.0
2026-01-21T18:45:00Z,25218.25,25273.0,25203.5,25270.75,20369.0
2026-01-21T18:50:00Z,25271.25,25294.75,25267.0,25286.5,19584.0
2026-01-21T18:55:00Z,25286.25,25290.25,25255.5,25282.75,15475.0
2026-01-21T19:00:00Z,25282.5,25296.0,25257.0,25262.0,14863.0
2026-01-21T19:05:00Z,25261.5,25265.5,25232.75,25245.0,16262.0
2026-01-21T19:10:00Z,25245.25,25269.0,25236.25,25242.25,11313.0
2026-01-21T19:15:00Z,25242.75,25263.0,25233.25,25252.75,10025.0
2026-01-21T19:20:00Z,25253.25,25278.0,25238.0,25273.5,11277.0
2026-01-21T19:25:00Z,25273.5,25457.25,25247.5,25429.25,51432.0
2026-01-21T19:30:00Z,25429.25,25485.75,25420.75,25470.75,41645.0
2026-01-21T19:35:00Z,25469.75,25522.5,25460.5,25509.75,35227.0
2026-01-21T19:40:00Z,25510.25,25572.75,25492.0,25557.25,35590.0
2026-01-21T19:45:00Z,25557.25,25616.0,25557.0,25616.0,35493.0
2026-01-21T19:50:00Z,25615.25,25641.75,25569.0,25605.0,30161.0
2026-01-21T19:55:00Z,25605.0,25641.5,25600.5,25639.0,19479.0
2026-01-21T20:00:00Z,25639.0,25653.25,25593.25,25610.75,27251.0
2026-01-21T20:05:00Z,25610.75,25617.25,25573.25,25597.25,22564.0
2026-01-21T20:10:00Z,25597.0,25609.75,25581.0,25588.5,15477.0
2026-01-21T20:15:00Z,25588.5,25593.0,25537.25,25544.0,25793.0
2026-01-21T20:20:00Z,25543.75,25563.5,25523.5,25540.0,24562.0
2026-01-21T20:25:00Z,25540.0,25540.0,25485.0,25486.5,19941.0
2026-01-21T20:30:00Z,25486.5,25506.25,25447.25,25498.5,33597.0
2026-01-21T20:35:00Z,25498.0,25515.5,25493.5,25496.5,15136.0
2026-01-21T20:40:00Z,25496.5,25509.5,25475.75,25483.25,13995.0
2026-01-21T20:45:00Z,25483.5,25492.75,25471.0,25485.25,11081.0
2026-01-21T20:50:00Z,25485.0,25485.25,25445.75,25471.25,21757.0
2026-01-21T20:55:00Z,25471.0,25486.75,25456.5,25471.0,20912.0
2026-01-21T21:00:00Z,25471.5,25501.0,25467.0,25496.0,10735.0
2026-01-21T21:05:00Z,25496.0,25513.5,25490.0,25504.75,4268.0
2026-01-21T21:10:00Z,25504.75,25528.0,25497.5,25523.75,4250.0
2026-01-21T21:15:00Z,25524.25,25530.25,25518.5,25526.25,3125.0
2026-01-21T21:20:00Z,25526.25,25530.75,25516.0,25517.5,2123.0
2026-01-21T21:25:00Z,25516.5,25517.75,25504.0,25512.75,1885.0
2026-01-21T21:30:00Z,25513.0,25515.0,25505.5,25508.0,1602.0
2026-01-21T21:35:00Z,25507.75,25509.25,25501.0,25508.5,1168.0
2026-01-21T21:40:00Z,25508.5,25514.5,25507.0,25512.75,1370.0
2026-01-21T21:45:00Z,25513.0,25513.5,25503.75,25507.75,1675.0
2026-01-21T21:50:00Z,25507.75,25508.75,25499.5,25506.25,1582.0
2026-01-21T21:55:00Z,25506.0,25510.5,25500.0,25509.0,1187.0
2026-01-21T23:00:00Z,25529.0,25563.75,25528.0,25559.0,0.0
2026-01-21T23:05:00Z,25558.25,25569.75,25554.5,25561.75,2426.0
2026-01-21T23:10:00Z,25561.25,25563.0,25542.5,25546.25,2358.0
2026-01-21T23:15:00Z,25546.0,25556.75,25544.5,25546.75,1633.0
2026-01-21T23:20:00Z,25546.75,25551.75,25544.0,25548.75,1023.0
2026-01-21T23:25:00Z,25548.75,25563.0,25548.75,25557.25,1543.0
2026-01-21T23:30:00Z,25557.75,25559.25,25531.75,25532.5,2537.0
2026-01-21T23:35:00Z,25532.0,25535.0,25523.0,25530.25,1820.0
2026-01-21T23:40:00Z,25530.5,25548.5,25526.75,25540.25,1573.0
2026-01-21T23:45:00Z,25540.0,25549.0,25536.25,25541.75,1224.0
2026-01-21T23:50:00Z,25541.75,25559.75,25541.5,25551.5,1656.0
2026-01-21T23:55:00Z,25552.0,25557.5,25546.0,25552.25,1146.0
2026-01-22T00:00:00Z,25553.25,25557.75,25537.75,25548.5,2387.0
2026-01-22T00:05:00Z,25549.0,25567.0,25544.5,25562.0,2260.0
2026-01-22T00:10:00Z,25563.0,25570.5,25559.5,25567.25,1608.0
2026-01-22T00:15:00Z,25567.75,25582.25,25555.75,25571.75,3340.0
2026-01-22T00:20:00Z,25571.25,25577.75,25562.25,25570.5,2106.0
2026-01-22T00:25:00Z,25570.75,25576.5,25564.75,25566.75,1298.0
2026-01-22T00:30:00Z,25567.5,25578.5,25567.5,25570.75,1635.0
2026-01-22T00:35:00Z,25570.75,25570.75,25546.25,25554.0,3092.0
2026-01-22T00:40:00Z,25554.5,25568.75,25552.75,25559.25,1756.0
2026-01-22T00:45:00Z,25559.75,25565.75,25554.5,25563.75,1237.0
2026-01-22T00:50:00Z,25564.0,25567.25,25559.25,25561.5,805.0
2026-01-22T00:55:00Z,25562.0,25564.25,25551.5,25559.5,1575.0
2026-01-22T01:00:00Z,25559.25,25563.75,25552.5,25558.25,1234.0
2026-01-22T01:05:00Z,25559.5,25561.5,25552.5,25561.25,921.0
2026-01-22T01:10:00Z,25560.75,25565.75,25553.5,25563.25,1320.0
2026-01-22T01:15:00Z,25564.0,25575.5,25561.0,25571.0,1779.0
2026-01-22T01:20:00Z,25571.25,25583.0,25570.0,25581.5,2064.0
2026-01-22T01:25:00Z,25581.75,25592.0,25574.75,25590.75,2205.0
2026-01-22T01:30:00Z,25589.75,25595.5,25585.25,25594.5,1773.0
2026-01-22T01:35:00Z,25594.0,25598.75,25585.5,25590.25,1959.0
2026-01-22T01:40:00Z,25590.0,25599.5,25586.75,25598.75,1742.0
2026-01-22T01:45:00Z,25599.0,25600.5,25587.0,25599.75,1707.0
2026-01-22T01:50:00Z,25600.0,25601.0,25594.25,25596.75,1183.0
2026-01-22T01:55:00Z,25597.25,25600.75,25592.75,25594.5,1113.0
2026-01-22T02:00:00Z,25594.5,25600.75,25590.25,25597.25,1310.0
2026-01-22T02:05:00Z,25597.75,25601.75,25596.25,25597.5,930.0
2026-01-22T02:10:00Z,25598.5,25602.75,25592.5,25593.75,972.0
2026-01-22T02:15:00Z,25594.25,25594.75,25588.5,25589.0,1143.0
2026-01-22T02:20:00Z,25589.5,25591.25,25585.0,25588.5,1121.0
2026-01-22T02:25:00Z,25588.75,25589.0,25577.75,25583.0,1738.0
2026-01-22T02:30:00Z,25583.0,25583.75,25568.75,25575.5,1975.0
2026-01-22T02:35:00Z,25575.5,25577.0,25567.25,25573.0,1232.0
2026-01-22T02:40:00Z,25573.0,25573.75,25565.0,25566.5,1172.0
2026-01-22T02:45:00Z,25566.5,25576.25,25565.0,25572.25,1430.0
2026-01-22T02:50:00Z,25572.75,25574.0,25565.75,25567.0,989.0
2026-01-22T02:55:00Z,25567.75,25574.25,25566.5,25568.25,822.0
2026-01-22T03:00:00Z,25569.25,25582.5,25568.0,25581.5,1566.0
2026-01-22T03:05:00Z,25582.0,25595.25,25581.5,25592.0,1946.0
2026-01-22T03:10:00Z,25591.75,25593.5,25581.75,25583.0,1386.0
2026-01-22T03:15:00Z,25583.5,25584.0,25574.25,25582.75,1384.0
2026-01-22T03:20:00Z,25582.25,25592.0,25582.0,25590.5,1287.0
2026-01-22T03:25:00Z,25590.25,25590.5,25582.75,25585.0,836.0
2026-01-22T03:30:00Z,25585.0,25588.25,25581.5,25586.5,764.0
2026-01-22T03:35:00Z,25586.75,25587.25,25576.75,25581.5,1061.0
2026-01-22T03:40:00Z,25581.75,25582.75,25575.5,25579.5,938.0
2026-01-22T03:45:00Z,25579.0,25587.0,25576.75,25582.75,846.0
2026-01-22T03:50:00Z,25582.75,25587.5,25578.75,25583.75,997.0
2026-01-22T03:55:00Z,25583.75,25592.25,25583.75,25589.75,1024.0
2026-01-22T04:00:00Z,25589.5,25590.25,25580.0,25584.75,1002.0
2026-01-22T04:05:00Z,25584.75,25589.75,25579.0,25587.25,694.0
2026-01-22T04:10:00Z,25587.25,25590.5,25581.75,25582.75,797.0
2026-01-22T04:15:00Z,25582.75,25582.75,25565.75,25572.75,1805.0
2026-01-22T04:20:00Z,25573.5,25576.0,25568.25,25574.75,664.0
2026-01-22T04:25:00Z,25574.75,25577.0,25570.0,25576.25,839.0
2026-01-22T04:30:00Z,25575.75,25579.25,25571.75,25577.25,742.0
2026-01-22T04:35:00Z,25577.25,25580.25,25568.5,25569.75,990.0
2026-01-22T04:40:00Z,25570.0,25572.0,25567.75,25569.25,558.0
2026-01-22T04:45:00Z,25568.75,25574.0,25566.75,25570.75,856.0
2026-01-22T04:50:00Z,25570.75,25573.5,25566.5,25572.75,828.0
2026-01-22T04:55:00Z,25573.0,25575.5,25571.75,25574.5,603.0
2026-01-22T05:05:00Z,25575.25,25575.5,25570.25,25573.25,2503.0
2026-01-22T05:10:00Z,25573.5,25573.75,25563.5,25566.75,1639.0
2026-01-22T05:15:00Z,25566.25,25568.25,25561.25,25563.5,1203.0
2026-01-22T05:20:00Z,25564.25,25569.0,25562.25,25566.5,990.0
2026-01-22T05:25:00Z,25566.75,25567.75,25564.0,25567.0,848.0
2026-01-22T05:30:00Z,25566.75,25569.0,25563.25,25565.0,775.0
2026-01-22T05:35:00Z,25565.0,25565.5,25557.0,25559.5,1436.0
2026-01-22T05:40:00Z,25559.0,25560.75,25536.75,25543.75,3443.0
2026-01-22T05:45:00Z,25544.0,25551.25,25535.25,25537.0,1909.0
2026-01-22T05:50:00Z,25537.5,25541.0,25528.0,25535.75,1874.0
2026-01-22T05:55:00Z,25535.25,25540.0,25528.5,25533.75,1362.0
2026-01-22T06:00:00Z,25533.75,25548.25,25532.25,25542.25,2103.0
2026-01-22T06:05:00Z,25541.5,25541.75,25514.5,25517.0,2925.0
2026-01-22T06:10:00Z,25516.5,25516.75,25486.0,25488.25,4892.0
2026-01-22T06:15:00Z,25488.0,25504.25,25487.5,25500.25,2451.0
2026-01-22T06:20:00Z,25500.25,25509.25,25487.25,25495.5,2726.0
2026-01-22T06:25:00Z,25494.5,25495.0,25483.25,25489.75,2382.0
2026-01-22T06:30:00Z,25490.25,25511.5,25486.75,25503.25,2834.0
2026-01-22T06:35:00Z,25503.75,25520.5,25502.75,25513.75,1986.0
2026-01-22T06:40:00Z,25513.25,25526.75,25509.25,25526.25,1651.0
2026-01-22T06:45:00Z,25526.25,25528.75,25517.0,25528.75,1599.0
2026-01-22T06:50:00Z,25528.25,25546.75,25525.5,25534.5,3662.0
2026-01-22T06:55:00Z,25534.5,25541.25,25529.75,25539.75,1129.0
2026-01-22T07:00:00Z,25539.75,25550.5,25526.75,25527.5,3161.0
2026-01-22T07:05:00Z,25527.25,25531.75,25507.25,25509.5,3400.0
2026-01-22T07:10:00Z,25509.25,25517.0,25498.25,25516.75,2257.0
2026-01-22T07:15:00Z,25516.0,25516.5,25505.75,25507.75,1485.0
2026-01-22T07:20:00Z,25507.5,25519.5,25507.5,25517.75,1153.0
2026-01-22T07:25:00Z,25517.25,25536.0,25517.25,25536.0,1921.0
2026-01-22T07:30:00Z,25535.0,25553.75,25533.5,25551.0,2493.0
2026-01-22T07:35:00Z,25551.0,25551.25,25543.75,25547.5,1249.0
2026-01-22T07:40:00Z,25547.75,25593.75,25546.0,25587.75,6454.0
2026-01-22T07:45:00Z,25588.0,25589.25,25563.25,25576.25,3282.0
2026-01-22T07:50:00Z,25575.5,25576.25,25564.0,25571.75,1296.0
2026-01-22T07:55:00Z,25571.75,25590.5,25568.25,25588.0,1724.0
2026-01-22T08:00:00Z,25587.5,25613.0,25582.5,25611.0,4811.0
2026-01-22T08:05:00Z,25611.5,25623.5,25607.25,25616.75,4459.0
2026-01-22T08:10:00Z,25617.0,25626.25,25609.5,25619.75,3161.0
2026-01-22T08:15:00Z,25620.0,25643.75,25615.75,25626.0,4150.0
2026-01-22T08:20:00Z,25626.0,25643.5,25620.25,25641.0,2805.0
2026-01-22T08:25:00Z,25641.5,25669.0,25637.0,25652.0,6107.0
2026-01-22T08:30:00Z,25651.25,25655.25,25640.25,25654.5,3176.0
2026-01-22T08:35:00Z,25654.25,25667.5,25649.0,25667.0,3066.0
2026-01-22T08:40:00Z,25666.75,25673.75,25658.25,25666.75,3288.0
2026-01-22T08:45:00Z,25666.25,25677.0,25656.25,25673.5,2656.0
2026-01-22T08:50:00Z,25673.5,25707.5,25672.75,25696.75,6214.0
2026-01-22T08:55:00Z,25696.25,25697.75,25680.0,25683.0,2338.0
2026-01-22T09:00:00Z,25682.5,25700.25,25672.75,25698.25,3628.0
2026-01-22T09:05:00Z,25698.0,25702.5,25688.25,25697.75,2789.0
2026-01-22T09:10:00Z,25697.5,25706.25,25694.25,25702.75,1680.0
2026-01-22T09:15:00Z,25703.25,25715.75,25700.75,25711.5,2897.0
2026-01-22T09:20:00Z,25712.5,25713.5,25692.0,25699.75,2590.0
2026-01-22T09:25:00Z,25700.75,25700.75,25687.75,25693.5,1937.0
2026-01-22T09:30:00Z,25693.5,25706.5,25689.75,25705.5,2119.0
2026-01-22T09:35:00Z,25705.5,25707.0,25694.0,25699.25,1436.0
2026-01-22T09:40:00Z,25699.25,25709.5,25696.0,25701.0,1533.0
2026-01-22T09:45:00Z,25700.75,25706.75,25697.25,25706.75,1189.0
2026-01-22T09:50:00Z,25706.75,25712.5,25700.0,25702.25,1517.0
2026-01-22T09:55:00Z,25701.5,25703.75,25693.0,25699.0,1571.0
2026-01-22T10:00:00Z,25699.25,25703.75,25693.75,25697.5,1571.0
2026-01-22T10:05:00Z,25697.25,25698.25,25688.5,25697.5,1505.0
2026-01-22T10:10:00Z,25698.0,25699.0,25682.0,25685.5,2114.0
2026-01-22T10:15:00Z,25686.0,25690.0,25670.25,25673.0,2575.0
2026-01-22T10:20:00Z,25673.5,25702.25,25671.0,25689.25,5639.0
2026-01-22T10:25:00Z,25689.75,25697.75,25687.0,25688.0,1505.0
2026-01-22T10:30:00Z,25688.0,25696.0,25685.5,25695.75,1335.0
2026-01-22T10:35:00Z,25696.0,25698.75,25688.0,25690.75,1111.0
2026-01-22T10:40:00Z,25691.25,25692.25,25684.75,25687.5,962.0
2026-01-22T10:45:00Z,25687.5,25693.75,25683.0,25691.75,1191.0
2026-01-22T10:50:00Z,25692.0,25694.5,25684.25,25686.25,1239.0
2026-01-22T10:55:00Z,25686.75,25696.25,25686.25,25688.5,1120.0
2026-01-22T11:00:00Z,25688.75,25707.0,25688.0,25693.25,2744.0
2026-01-22T11:05:00Z,25693.75,25713.75,25692.75,25712.25,2668.0
2026-01-22T11:10:00Z,25712.0,25715.0,25688.0,25692.0,2581.0
2026-01-22T11:15:00Z,25692.0,25697.5,25666.25,25686.75,5598.0
2026-01-22T11:20:00Z,25685.75,25693.25,25678.5,25688.0,1900.0
2026-01-22T11:25:00Z,25687.5,25689.0,25674.5,25681.25,1980.0
2026-01-22T11:30:00Z,25681.5,25703.5,25675.0,25692.75,4972.0
2026-01-22T11:35:00Z,25692.5,25695.0,25677.0,25685.0,1860.0
2026-01-22T11:40:00Z,25684.25,25684.5,25670.75,25679.0,1996.0
2026-01-22T11:45:00Z,25678.25,25682.75,25673.5,25679.5,1406.0
2026-01-22T11:50:00Z,25679.25,25684.5,25674.25,25679.5,1263.0
2026-01-22T11:55:00Z,25680.75,25684.5,25672.75,25675.0,1457.0
2026-01-22T12:00:00Z,25675.25,25684.25,25659.0,25667.5,3639.0
2026-01-22T12:05:00Z,25667.75,25680.75,25665.25,25677.5,2482.0
2026-01-22T12:10:00Z,25676.75,25678.75,25666.5,25667.25,1735.0
2026-01-22T12:15:00Z,25667.75,25680.5,25667.0,25675.5,1663.0
2026-01-22T12:20:00Z,25675.0,25687.25,25673.75,25684.25,2163.0
2026-01-22T12:25:00Z,25684.5,25690.75,25683.0,25684.0,1592.0
2026-01-22T12:30:00Z,25683.5,25691.5,25670.25,25687.25,3375.0
2026-01-22T12:35:00Z,25687.0,25691.0,25678.75,25678.75,1820.0
2026-01-22T12:40:00Z,25679.25,25689.5,25675.5,25684.0,1604.0
2026-01-22T12:45:00Z,25684.5,25686.0,25677.25,25679.75,1384.0
2026-01-22T12:50:00Z,25679.75,25688.75,25676.25,25680.5,1779.0
2026-01-22T12:55:00Z,25680.0,25696.25,25678.0,25691.25,2223.0
2026-01-22T13:00:00Z,25690.75,25708.5,25690.75,25706.25,3712.0
2026-01-22T13:05:00Z,25705.75,25706.5,25691.0,25692.5,3332.0
2026-01-22T13:10:00Z,25693.0,25696.25,25677.5,25691.75,3547.0
2026-01-22T13:15:00Z,25692.0,25707.0,25691.25,25704.75,3007.0
2026-01-22T13:20:00Z,25704.75,25705.25,25695.5,25700.25,1973.0
2026-01-22T13:25:00Z,25701.25,25707.5,25698.0,25703.25,2247.0
2026-01-22T13:30:00Z,25702.75,25712.25,25678.0,25695.5,9989.0
2026-01-22T13:35:00Z,25694.75,25708.5,25691.5,25707.0,4932.0
2026-01-22T13:40:00Z,25707.25,25707.5,25685.5,25691.5,3734.0
2026-01-22T13:45:00Z,25691.0,25734.0,25690.75,25725.0,9576.0
2026-01-22T13:50:00Z,25724.25,25726.25,25712.5,25720.5,5017.0
2026-01-22T13:55:00Z,25719.75,25739.75,25718.75,25735.75,6246.0
2026-01-22T14:00:00Z,25735.75,25739.25,25711.75,25714.75,7078.0
2026-01-22T14:05:00Z,25714.5,25716.0,25704.25,25709.75,6409.0
2026-01-22T14:10:00Z,25710.25,25723.0,25706.0,25717.75,4767.0
2026-01-22T14:15:00Z,25717.75,25732.0,25709.0,25729.75,5384.0
2026-01-22T14:20:00Z,25730.0,25732.5,25710.0,25713.75,6451.0
2026-01-22T14:25:00Z,25714.25,25738.5,25714.25,25730.0,9693.0
2026-01-22T14:30:00Z,25729.75,25732.25,25664.5,25666.5,47651.0
2026-01-22T14:35:00Z,25666.5,25694.5,25633.25,25673.25,48769.0
2026-01-22T14:40:00Z,25673.0,25691.5,25612.25,25645.75,41753.0
2026-01-22T14:45:00Z,25646.25,25659.0,25556.75,25574.5,52520.0
2026-01-22T14:50:00Z,25574.5,25627.75,25554.25,25622.0,46731.0
2026-01-22T14:55:00Z,25621.75,25629.75,25559.5,25580.25,33370.0
2026-01-22T15:00:00Z,25580.0,25585.25,25540.0,25561.0,34397.0
2026-01-22T15:05:00Z,25560.5,25569.5,25534.75,25548.5,28370.0
2026-01-22T15:10:00Z,25549.5,25579.25,25544.25,25553.75,28785.0
2026-01-22T15:15:00Z,25553.75,25591.0,25537.5,25563.75,33096.0
2026-01-22T15:20:00Z,25563.5,25610.25,25549.0,25549.5,35629.0
2026-01-22T15:25:00Z,25549.5,25601.75,25541.5,25592.5,28121.0
2026-01-22T15:30:00Z,25592.75,25623.25,25571.5,25623.0,30204.0
2026-01-22T15:35:00Z,25623.0,25636.5,25611.75,25633.75,22668.0
2026-01-22T15:40:00Z,25633.75,25648.25,25615.0,25645.75,18664.0
2026-01-22T15:45:00Z,25645.75,25658.75,25639.0,25639.0,17094.0
2026-01-22T15:50:00Z,25638.75,25639.0,25607.5,25617.0,25607.0
2026-01-22T15:55:00Z,25617.0,25623.0,25601.5,25606.0,21557.0
2026-01-22T16:00:00Z,25606.0,25632.5,25603.25,25626.75,21647.0
2026-01-22T16:05:00Z,25627.0,25643.75,25619.75,25640.5,18798.0
2026-01-22T16:10:00Z,25640.5,25660.0,25626.25,25654.0,16899.0
2026-01-22T16:15:00Z,25653.75,25664.75,25639.5,25653.25,15592.0
2026-01-22T16:20:00Z,25653.5,25677.25,25652.0,25672.0,13314.0
2026-01-22T16:25:00Z,25671.5,25685.5,25664.5,25672.0,13567.0
2026-01-22T16:30:00Z,25672.25,25682.5,25655.25,25672.25,13542.0
2026-01-22T16:35:00Z,25671.75,25678.0,25660.25,25673.75,9363.0
2026-01-22T16:40:00Z,25673.75,25690.5,25670.0,25680.75,10803.0
2026-01-22T16:45:00Z,25681.25,25693.75,25680.0,25687.25,9598.0
2026-01-22T16:50:00Z,25687.5,25699.75,25683.75,25691.75,9383.0
2026-01-22T16:55:00Z,25691.5,25691.5,25663.0,25669.25,14309.0
2026-01-22T17:00:00Z,25668.5,25682.0,25652.5,25678.75,16634.0
2026-01-22T17:05:00Z,25679.5,25693.0,25669.25,25682.5,14184.0
2026-01-22T17:10:00Z,25682.5,25694.0,25673.75,25688.5,9721.0
2026-01-22T17:15:00Z,25688.25,25692.5,25661.5,25674.75,10492.0
2026-01-22T17:20:00Z,25675.0,25677.75,25657.0,25676.25,11666.0
2026-01-22T17:25:00Z,25676.75,25680.5,25663.0,25679.75,8869.0
2026-01-22T17:30:00Z,25680.0,25708.75,25680.0,25704.75,16909.0
2026-01-22T17:35:00Z,25705.25,25706.5,25689.0,25692.75,8652.0
2026-01-22T17:40:00Z,25693.5,25710.0,25693.5,25700.5,9265.0
2026-01-22T17:45:00Z,25700.75,25711.25,25698.75,25707.75,6905.0
2026-01-22T17:50:00Z,25707.75,25718.25,25705.0,25711.25,8115.0
2026-01-22T17:55:00Z,25711.75,25721.0,25702.25,25711.5,8280.0
2026-01-22T18:00:00Z,25711.5,25718.75,25685.5,25713.0,14091.0
2026-01-22T18:05:00Z,25713.75,25721.25,25708.75,25714.25,7604.0
2026-01-22T18:10:00Z,25714.25,25715.75,25690.0,25695.5,9975.0
2026-01-22T18:15:00Z,25695.75,25702.25,25682.25,25694.0,9641.0
2026-01-22T18:20:00Z,25694.25,25708.75,25690.0,25705.75,8293.0
2026-01-22T18:25:00Z,25706.0,25707.5,25695.75,25697.75,5098.0
2026-01-22T18:30:00Z,25698.0,25709.25,25694.5,25702.75,6067.0
2026-01-22T18:35:00Z,25702.25,25707.0,25696.25,25704.5,4524.0
2026-01-22T18:40:00Z,25704.5,25708.25,25689.75,25692.25,5981.0
2026-01-22T18:45:00Z,25692.5,25713.75,25692.5,25701.25,7617.0
2026-01-22T18:50:00Z,25701.25,25703.25,25684.0,25687.0,7598.0
2026-01-22T18:55:00Z,25687.25,25687.75,25666.5,25673.5,11050.0
2026-01-22T19:00:00Z,25673.5,25698.5,25671.0,25695.75,12724.0
2026-01-22T19:05:00Z,25695.25,25703.75,25687.25,25697.5,9322.0
2026-01-22T19:10:00Z,25697.75,25711.0,25690.25,25701.0,7687.0
2026-01-22T19:15:00Z,25700.75,25707.0,25692.0,25704.5,6781.0
2026-01-22T19:20:00Z,25704.75,25713.0,25700.0,25711.0,5216.0
2026-01-22T19:25:00Z,25710.75,25715.0,25705.0,25709.25,4953.0
2026-01-22T19:30:00Z,25709.5,25713.0,25696.5,25698.0,6690.0
2026-01-22T19:35:00Z,25697.75,25703.0,25677.25,25682.0,9534.0
2026-01-22T19:40:00Z,25681.0,25691.0,25670.75,25675.0,10447.0
2026-01-22T19:45:00Z,25675.0,25675.5,25662.0,25667.0,11124.0
2026-01-22T19:50:00Z,25666.75,25681.25,25660.25,25664.25,9867.0
2026-01-22T19:55:00Z,25664.0,25670.0,25634.0,25639.75,16909.0
2026-01-22T20:00:00Z,25639.5,25653.25,25631.25,25644.5,15230.0
2026-01-22T20:05:00Z,25644.25,25652.0,25633.0,25636.75,9082.0
2026-01-22T20:10:00Z,25636.5,25648.5,25635.0,25647.5,7307.0
2026-01-22T20:15:00Z,25647.75,25663.75,25644.75,25654.0,12512.0
2026-01-22T20:20:00Z,25653.5,25661.5,25640.5,25641.5,8300.0
2026-01-22T20:25:00Z,25641.5,25641.75,25608.0,25609.25,16853.0
2026-01-22T20:30:00Z,25609.0,25616.75,25594.5,25600.5,19316.0
2026-01-22T20:35:00Z,25600.5,25601.75,25584.25,25593.25,14432.0
2026-01-22T20:40:00Z,25592.5,25620.25,25589.0,25613.75,15454.0
2026-01-22T20:45:00Z,25614.0,25634.75,25613.75,25633.25,11250.0
2026-01-22T20:50:00Z,25633.5,25653.5,25630.75,25647.0,17128.0
2026-01-22T20:55:00Z,25647.0,25665.25,25644.0,25661.0,20076.0
2026-01-22T21:00:00Z,25661.75,25678.5,25628.25,25636.5,14222.0
2026-01-22T21:05:00Z,25636.0,25664.75,25632.25,25655.0,7167.0
2026-01-22T21:10:00Z,25654.75,25657.5,25639.25,25644.5,4226.0
2026-01-22T21:15:00Z,25644.5,25658.5,25640.75,25655.0,2620.0
2026-01-22T21:20:00Z,25655.0,25661.0,25653.75,25659.75,1681.0
2026-01-22T21:25:00Z,25659.5,25662.75,25655.25,25661.0,1341.0
2026-01-22T21:30:00Z,25660.75,25662.5,25655.25,25657.25,996.0
2026-01-22T21:35:00Z,25657.5,25658.0,25645.25,25645.5,1776.0
2026-01-22T21:40:00Z,25645.5,25649.75,25641.0,25642.25,1531.0
2026-01-22T21:45:00Z,25642.25,25644.5,25637.75,25640.75,1394.0
2026-01-22T21:50:00Z,25641.25,25649.75,25640.25,25644.75,867.0
2026-01-22T21:55:00Z,25645.0,25648.75,25610.0,25630.0,2950.0
2026-01-22T23:00:00Z,25609.75,25617.75,25577.25,25590.5,0.0
2026-01-22T23:05:00Z,25590.5,25603.0,25586.0,25598.75,2299.0
2026-01-22T23:10:00Z,25599.5,25602.0,25582.25,25591.25,2898.0
2026-01-22T23:15:00Z,25591.25,25603.75,25590.0,25592.0,1538.0
2026-01-22T23:20:00Z,25591.5,25618.0,25589.5,25617.75,2150.0
2026-01-22T23:25:00Z,25617.5,25621.75,25614.0,25615.0,1828.0
2026-01-22T23:30:00Z,25614.75,25629.0,25612.75,25626.75,1770.0
2026-01-22T23:35:00Z,25627.5,25629.0,25620.75,25620.75,1083.0
2026-01-22T23:40:00Z,25621.0,25625.25,25614.5,25624.0,1125.0
2026-01-22T23:45:00Z,25623.75,25628.75,25605.0,25609.75,2107.0
2026-01-22T23:50:00Z,25609.0,25611.5,25601.0,25603.75,1415.0
2026-01-22T23:55:00Z,25603.25,25619.75,25601.0,25617.25,1454.0
2026-01-23T00:00:00Z,25617.25,25623.0,25597.0,25609.75,2628.0
2026-01-23T00:05:00Z,25610.5,25625.5,25603.75,25622.75,1876.0
2026-01-23T00:10:00Z,25623.25,25631.0,25620.75,25626.75,1678.0
2026-01-23T00:15:00Z,25626.75,25632.5,25618.75,25631.75,1560.0
2026-01-23T00:20:00Z,25631.5,25639.0,25626.75,25629.75,1980.0
2026-01-23T00:25:00Z,25629.75,25631.5,25624.25,25627.0,1057.0
2026-01-23T00:30:00Z,25626.5,25633.5,25622.0,25632.25,1266.0
2026-01-23T00:35:00Z,25633.5,25642.75,25633.0,25638.25,1514.0
2026-01-23T00:40:00Z,25638.0,25647.5,25638.0,25645.25,1275.0
2026-01-23T00:45:00Z,25645.75,25648.25,25639.5,25640.25,991.0
2026-01-23T00:50:00Z,25640.5,25650.0,25640.25,25645.75,921.0
2026-01-23T00:55:00Z,25646.25,25654.5,25642.75,25654.0,967.0
2026-01-23T01:00:00Z,25653.75,25676.0,25648.5,25673.25,3521.0
2026-01-23T01:05:00Z,25673.25,25676.75,25665.75,25670.25,2036.0
2026-01-23T01:10:00Z,25669.25,25675.0,25666.0,25669.5,1398.0
2026-01-23T01:15:00Z,25669.25,25682.25,25669.0,25674.0,2518.0
2026-01-23T01:20:00Z,25673.75,25681.5,25671.75,25675.75,1225.0
2026-01-23T01:25:00Z,25675.25,25677.25,25658.25,25665.5,3688.0
2026-01-23T01:30:00Z,25665.0,25680.0,25661.0,25678.5,2795.0
2026-01-23T01:35:00Z,25678.5,25681.0,25666.5,25670.0,1799.0
2026-01-23T01:40:00Z,25668.75,25674.25,25666.25,25668.75,1252.0
2026-01-23T01:45:00Z,25668.75,25676.0,25666.0,25674.75,961.0
2026-01-23T01:50:00Z,25674.5,25680.25,25673.25,25679.5,992.0
2026-01-23T01:55:00Z,25679.5,25688.0,25676.75,25687.0,1820.0
2026-01-23T02:00:00Z,25687.0,25687.75,25674.75,25681.25,1935.0
2026-01-23T02:05:00Z,25681.25,25684.5,25677.75,25679.0,778.0
2026-01-23T02:10:00Z,25679.75,25688.0,25679.75,25687.25,865.0
2026-01-23T02:15:00Z,25686.5,25689.75,25681.75,25684.5,1001.0
2026-01-23T02:20:00Z,25685.0,25685.25,25676.5,25678.5,837.0
2026-01-23T02:25:00Z,25677.75,25680.25,25671.75,25676.5,1226.0
2026-01-23T02:30:00Z,25676.5,25677.25,25670.25,25674.25,1044.0
2026-01-23T02:35:00Z,25675.0,25675.5,25669.5,25670.0,809.0
2026-01-23T02:40:00Z,25669.75,25672.0,25667.75,25669.0,961.0
2026-01-23T02:45:00Z,25669.0,25673.25,25668.25,25670.25,720.0
2026-01-23T02:50:00Z,25669.5,25671.5,25664.75,25670.75,1240.0
2026-01-23T02:55:00Z,25671.0,25671.25,25667.0,25668.75,526.0
2026-01-23T03:00:00Z,25669.0,25683.25,25668.25,25682.5,1834.0
2026-01-23T03:05:00Z,25682.5,25695.5,25679.5,25690.75,2074.0
2026-01-23T03:10:00Z,25690.5,25694.75,25688.0,25693.5,1331.0
2026-01-23T03:15:00Z,25693.5,25704.5,25693.0,25704.5,2087.0
2026-01-23T03:20:00Z,25704.0,25708.0,25701.0,25702.25,1909.0
2026-01-23T03:25:00Z,25702.25,25707.0,25701.0,25701.25,825.0
2026-01-23T03:30:00Z,25701.75,25704.25,25695.75,25696.0,1300.0
2026-01-23T03:35:00Z,25696.5,25697.75,25690.0,25694.25,1432.0
2026-01-23T03:40:00Z,25694.5,25701.5,25694.0,25701.0,1416.0
2026-01-23T03:45:00Z,25700.75,25702.5,25691.5,25694.75,1096.0
2026-01-23T03:50:00Z,25694.75,25699.75,25694.75,25698.25,483.0
2026-01-23T03:55:00Z,25698.75,25698.75,25694.5,25695.5,514.0
2026-01-23T04:00:00Z,25695.25,25700.0,25692.75,25693.75,832.0
2026-01-23T04:05:00Z,25694.0,25696.25,25689.25,25693.5,902.0
2026-01-23T04:10:00Z,25693.0,25699.25,25692.0,25698.25,634.0
2026-01-23T04:15:00Z,25698.25,25699.75,25692.5,25694.0,905.0
2026-01-23T04:20:00Z,25694.0,25694.75,25685.75,25694.5,1407.0
2026-01-23T04:25:00Z,25694.5,25699.25,25693.5,25697.25,974.0
2026-01-23T04:30:00Z,25697.75,25703.0,25697.0,25702.75,739.0
2026-01-23T04:35:00Z,25702.5,25706.75,25698.5,25700.5,1527.0
2026-01-23T04:40:00Z,25700.25,25702.25,25695.25,25695.25,747.0
2026-01-23T04:45:00Z,25695.25,25696.75,25689.5,25690.0,939.0
2026-01-23T04:50:00Z,25689.75,25706.75,25689.5,25706.25,1706.0
2026-01-23T04:55:00Z,25706.25,25707.75,25700.0,25702.25,1094.0
2026-01-23T05:05:00Z,25703.25,25705.25,25701.25,25704.75,2161.0
2026-01-23T05:10:00Z,25705.0,25711.0,25703.0,25707.0,1323.0
2026-01-23T05:15:00Z,25707.25,25709.0,25705.25,25708.25,771.0
2026-01-23T05:20:00Z,25708.5,25712.0,25703.75,25705.5,907.0
2026-01-23T05:25:00Z,25705.5,25706.0,25702.75,25702.75,604.0
2026-01-23T05:30:00Z,25702.5,25704.75,25698.75,25701.0,882.0
2026-01-23T05:35:00Z,25701.0,25707.25,25700.5,25706.25,633.0
2026-01-23T05:40:00Z,25706.0,25708.5,25699.0,25699.0,901.0
2026-01-23T05:45:00Z,25699.5,25707.25,25699.5,25704.25,716.0
2026-01-23T05:50:00Z,25704.25,25710.5,25702.0,25710.5,839.0
2026-01-23T05:55:00Z,25711.0,25714.5,25707.25,25713.25,1097.0
2026-01-23T06:00:00Z,25713.25,25728.0,25713.0,25725.75,2712.0
2026-01-23T06:05:00Z,25726.25,25731.25,25718.5,25719.25,1731.0
2026-01-23T06:10:00Z,25719.25,25722.75,25714.25,25722.25,1161.0
2026-01-23T06:15:00Z,25722.0,25730.5,25717.25,25730.25,1159.0
2026-01-23T06:20:00Z,25730.25,25731.75,25727.25,25730.75,930.0
2026-01-23T06:25:00Z,25730.0,25730.25,25718.5,25723.0,1366.0
2026-01-23T06:30:00Z,25722.25,25728.25,25720.75,25723.0,794.0
2026-01-23T06:35:00Z,25723.0,25723.5,25704.25,25708.75,2330.0
2026-01-23T06:40:00Z,25709.0,25710.25,25704.0,25705.75,942.0
2026-01-23T06:45:00Z,25705.5,25709.5,25702.75,25706.25,797.0
2026-01-23T06:50:00Z,25706.75,25710.5,25704.75,25707.25,476.0
2026-01-23T06:55:00Z,25707.25,25709.75,25704.5,25705.75,530.0
2026-01-23T07:00:00Z,25705.75,25705.75,25696.25,25704.5,1730.0
2026-01-23T07:05:00Z,25704.25,25712.5,25701.75,25702.0,1601.0
2026-01-23T07:10:00Z,25701.75,25709.0,25698.25,25699.25,818.0
2026-01-23T07:15:00Z,25699.5,25718.25,25699.25,25718.0,1279.0
2026-01-23T07:20:00Z,25718.5,25724.0,25718.25,25722.5,1294.0
2026-01-23T07:25:00Z,25722.75,25725.0,25715.75,25717.5,907.0
2026-01-23T07:30:00Z,25718.75,25718.75,25704.75,25705.75,1446.0
2026-01-23T07:35:00Z,25705.5,25711.0,25703.0,25706.5,966.0
2026-01-23T07:40:00Z,25707.0,25710.0,25699.0,25703.5,1112.0
2026-01-23T07:45:00Z,25703.5,25705.0,25682.5,25691.75,3176.0
2026-01-23T07:50:00Z,25692.25,25698.0,25686.0,25689.5,1218.0
2026-01-23T07:55:00Z,25691.0,25694.5,25684.75,25691.5,1084.0
2026-01-23T08:00:00Z,25692.25,25692.25,25669.5,25682.5,3721.0
2026-01-23T08:05:00Z,25682.5,25689.5,25675.5,25683.25,2118.0
2026-01-23T08:10:00Z,25682.75,25686.0,25655.5,25656.75,2534.0
2026-01-23T08:15:00Z,25656.5,25671.0,25650.75,25656.25,2855.0
2026-01-23T08:20:00Z,25657.0,25657.5,25638.25,25644.0,4075.0
2026-01-23T08:25:00Z,25643.75,25644.5,25620.25,25629.5,3950.0
2026-01-23T08:30:00Z,25629.0,25635.0,25603.5,25608.5,4699.0
2026-01-23T08:35:00Z,25607.25,25620.25,25604.0,25620.0,2688.0
2026-01-23T08:40:00Z,25620.0,25632.75,25613.5,25614.75,2990.0
2026-01-23T08:45:00Z,25614.5,25628.5,25607.75,25610.75,2230.0
2026-01-23T08:50:00Z,25610.75,25620.5,25590.25,25599.0,4261.0
2026-01-23T08:55:00Z,25598.0,25607.5,25580.5,25600.75,3679.0
2026-01-23T09:00:00Z,25601.75,25624.0,25596.5,25618.0,3957.0
2026-01-23T09:05:00Z,25618.25,25629.25,25614.0,25622.5,2896.0
2026-01-23T09:10:00Z,25622.5,25623.5,25592.75,25600.0,3246.0
2026-01-23T09:15:00Z,25600.0,25609.75,25594.5,25606.5,2504.0
2026-01-23T09:20:00Z,25606.0,25622.75,25605.75,25617.75,2191.0
2026-01-23T09:25:00Z,25616.5,25621.75,25598.5,25603.25,2658.0
2026-01-23T09:30:00Z,25603.5,25605.5,25585.25,25590.0,2361.0
2026-01-23T09:35:00Z,25589.0,25589.25,25568.5,25577.0,4620.0
2026-01-23T09:40:00Z,25576.5,25577.25,25546.0,25553.25,5674.0
2026-01-23T09:45:00Z,25552.75,25562.75,25540.0,25556.25,3834.0
2026-01-23T09:50:00Z,25556.25,25568.25,25545.0,25561.75,4332.0
2026-01-23T09:55:00Z,25562.25,25573.0,25554.5,25558.25,2760.0
2026-01-23T10:00:00Z,25558.0,25572.5,25555.5,25571.5,2126.0
2026-01-23T10:05:00Z,25571.75,25575.0,25560.25,25568.5,1967.0
2026-01-23T10:10:00Z,25568.25,25569.25,25551.0,25553.0,2089.0
2026-01-23T10:15:00Z,25553.0,25569.75,25550.0,25563.5,1821.0
2026-01-23T10:20:00Z,25563.25,25573.0,25556.25,25571.0,1471.0
2026-01-23T10:25:00Z,25571.25,25574.25,25557.75,25562.5,1702.0
2026-01-23T10:30:00Z,25562.0,25563.5,25552.75,25556.75,1634.0
2026-01-23T10:35:00Z,25556.5,25565.5,25550.25,25556.0,1605.0
2026-01-23T10:40:00Z,25556.25,25563.5,25554.75,25554.75,1161.0
2026-01-23T10:45:00Z,25555.25,25565.0,25553.75,25556.75,1232.0
2026-01-23T10:50:00Z,25556.0,25566.5,25555.25,25564.25,1382.0
2026-01-23T10:55:00Z,25564.75,25574.25,25561.25,25573.75,1657.0
2026-01-23T11:00:00Z,25574.5,25634.75,25570.75,25618.25,11474.0
2026-01-23T11:05:00Z,25618.5,25639.75,25613.25,25630.75,7133.0
2026-01-23T11:10:00Z,25630.75,25640.25,25616.5,25626.75,3960.0
2026-01-23T11:15:00Z,25626.75,25633.25,25619.5,25626.0,2385.0
2026-01-23T11:20:00Z,25626.25,25631.75,25619.75,25625.25,1716.0
2026-01-23T11:25:00Z,25625.75,25646.5,25621.25,25645.25,2643.0
2026-01-23T11:30:00Z,25645.0,25658.25,25636.5,25653.0,3885.0
2026-01-23T11:35:00Z,25652.75,25656.5,25640.25,25647.0,2378.0
2026-01-23T11:40:00Z,25646.5,25649.5,25629.0,25632.75,2421.0
2026-01-23T11:45:00Z,25632.75,25634.75,25621.25,25626.0,2014.0
2026-01-23T11:50:00Z,25625.5,25632.0,25615.75,25620.75,3224.0
2026-01-23T11:55:00Z,25621.0,25621.0,25595.75,25607.0,3865.0
2026-01-23T12:00:00Z,25606.5,25614.75,25598.5,25606.0,3477.0
2026-01-23T12:05:00Z,25606.25,25627.25,25603.5,25618.25,3110.0
2026-01-23T12:10:00Z,25617.75,25624.5,25608.25,25611.5,2152.0
2026-01-23T12:15:00Z,25612.25,25615.5,25599.75,25601.25,1913.0
2026-01-23T12:20:00Z,25600.75,25611.5,25597.0,25606.5,1850.0
2026-01-23T12:25:00Z,25605.75,25619.25,25605.75,25617.0,1978.0
2026-01-23T12:30:00Z,25617.25,25624.75,25583.75,25590.5,4328.0
2026-01-23T12:35:00Z,25590.25,25601.75,25585.0,25600.75,2848.0
2026-01-23T12:40:00Z,25601.5,25619.75,25595.25,25616.25,2608.0
2026-01-23T12:45:00Z,25617.25,25629.75,25613.75,25629.25,3069.0
2026-01-23T12:50:00Z,25628.75,25632.0,25620.25,25623.25,2321.0
2026-01-23T12:55:00Z,25623.0,25632.75,25617.75,25628.5,1773.0
2026-01-23T13:00:00Z,25628.0,25635.75,25615.75,25632.25,3152.0
2026-01-23T13:05:00Z,25631.75,25635.25,25617.5,25618.25,1934.0
2026-01-23T13:10:00Z,25618.75,25632.0,25617.0,25625.0,1787.0
2026-01-23T13:15:00Z,25624.25,25627.0,25607.5,25612.75,2804.0
2026-01-23T13:20:00Z,25612.25,25613.75,25596.75,25606.75,3460.0
2026-01-23T13:25:00Z,25606.75,25606.75,25572.25,25573.0,5102.0
2026-01-23T13:30:00Z,25573.25,25598.0,25571.75,25585.0,4874.0
2026-01-23T13:35:00Z,25584.5,25597.5,25578.75,25592.75,4267.0
2026-01-23T13:40:00Z,25592.75,25605.75,25587.0,25589.0,4567.0
2026-01-23T13:45:00Z,25589.0,25589.5,25576.0,25586.5,4776.0
2026-01-23T13:50:00Z,25587.25,25588.0,25560.25,25564.0,5584.0
2026-01-23T13:55:00Z,25564.0,25579.75,25561.5,25571.5,5080.0
2026-01-23T14:00:00Z,25570.75,25579.25,25556.75,25568.5,6602.0
2026-01-23T14:05:00Z,25568.75,25583.5,25568.0,25579.0,4779.0
2026-01-23T14:10:00Z,25578.75,25581.5,25559.0,25569.75,5436.0
2026-01-23T14:15:00Z,25569.5,25583.75,25562.25,25583.75,4715.0
2026-01-23T14:20:00Z,25583.75,25588.25,25569.75,25582.75,5895.0
2026-01-23T14:25:00Z,25582.75,25612.5,25582.75,25607.0,10682.0
2026-01-23T14:30:00Z,25607.0,25652.75,25585.5,25592.25,53564.0
2026-01-23T14:35:00Z,25592.25,25623.0,25562.5,25577.25,44272.0
2026-01-23T14:40:00Z,25577.25,25640.0,25564.25,25614.0,34304.0
2026-01-23T14:45:00Z,25615.75,25636.25,25579.5,25592.0,26742.0
2026-01-23T14:50:00Z,25592.5,25632.0,25589.0,25623.5,25248.0
2026-01-23T14:55:00Z,25623.25,25674.0,25618.5,25673.5,29040.0
2026-01-23T15:00:00Z,25673.25,25719.5,25662.5,25711.5,36281.0
2026-01-23T15:05:00Z,25711.5,25714.25,25688.75,25706.25,27315.0
2026-01-23T15:10:00Z,25706.0,25712.0,25675.75,25688.25,21186.0
2026-01-23T15:15:00Z,25688.0,25709.75,25676.25,25682.25,25836.0
2026-01-23T15:20:00Z,25682.5,25757.0,25671.5,25747.0,41146.0
2026-01-23T15:25:00Z,25746.25,25764.75,25734.5,25746.0,21566.0
2026-01-23T15:30:00Z,25746.75,25774.25,25744.75,25772.25,20446.0
2026-01-23T15:35:00Z,25772.25,25783.5,25768.0,25778.75,15091.0
2026-01-23T15:40:00Z,25778.75,25786.0,25766.0,25781.25,13111.0
2026-01-23T15:45:00Z,25781.25,25814.5,25771.0,25810.25,20685.0
2026-01-23T15:50:00Z,25810.5,25821.5,25796.75,25817.75,16145.0
2026-01-23T15:55:00Z,25818.0,25827.5,25812.0,25826.5,13745.0
2026-01-23T16:00:00Z,25826.5,25845.5,25825.25,25842.0,18319.0
2026-01-23T16:05:00Z,25842.0,25844.5,25804.75,25826.5,22793.0
2026-01-23T16:10:00Z,25826.25,25832.25,25814.5,25823.5,13463.0
2026-01-23T16:15:00Z,25823.5,25829.75,25810.75,25824.75,11525.0
2026-01-23T16:20:00Z,25824.5,25824.75,25806.75,25816.0,10270.0
2026-01-23T16:25:00Z,25815.75,25819.0,25778.5,25791.25,18712.0
2026-01-23T16:30:00Z,25791.25,25802.75,25761.0,25770.75,22269.0
2026-01-23T16:35:00Z,25771.5,25822.0,25760.75,25816.25,21998.0
2026-01-23T16:40:00Z,25816.25,25826.0,25799.25,25812.0,15464.0
2026-01-23T16:45:00Z,25812.25,25828.5,25793.5,25821.5,15647.0
2026-01-23T16:50:00Z,25821.75,25825.5,25796.5,25807.5,11367.0
2026-01-23T16:55:00Z,25807.5,25808.25,25784.5,25788.25,12150.0
2026-01-23T17:00:00Z,25789.25,25801.75,25766.0,25794.25,17785.0
2026-01-23T17:05:00Z,25794.25,25797.25,25777.25,25782.5,10072.0
2026-01-23T17:10:00Z,25782.75,25805.25,25775.5,25805.25,10587.0
2026-01-23T17:15:00Z,25805.5,25808.25,25783.75,25792.5,10405.0
2026-01-23T17:20:00Z,25792.25,25796.0,25778.25,25780.5,7265.0
2026-01-23T17:25:00Z,25780.5,25805.75,25780.25,25798.75,8580.0
2026-01-23T17:30:00Z,25798.5,25800.25,25773.25,25777.25,10297.0
2026-01-23T17:35:00Z,25777.25,25789.75,25770.0,25775.25,8364.0
2026-01-23T17:40:00Z,25775.25,25777.5,25722.25,25729.5,25188.0
2026-01-23T17:45:00Z,25729.75,25743.0,25707.25,25728.0,23717.0
2026-01-23T17:50:00Z,25728.25,25733.25,25685.75,25694.0,23792.0
2026-01-23T17:55:00Z,25694.0,25716.0,25682.75,25694.0,19228.0
2026-01-23T18:00:00Z,25693.75,25725.0,25688.5,25719.5,18075.0
2026-01-23T18:05:00Z,25719.75,25749.0,25703.0,25747.5,18549.0
2026-01-23T18:10:00Z,25748.0,25758.75,25723.5,25729.5,16628.0
2026-01-23T18:15:00Z,25729.75,25763.5,25727.25,25750.5,13849.0
2026-01-23T18:20:00Z,25750.75,25759.0,25731.75,25752.25,11178.0
2026-01-23T18:25:00Z,25752.25,25764.0,25750.0,25752.75,9099.0
2026-01-23T18:30:00Z,25753.0,25762.75,25725.25,25733.25,11297.0
2026-01-23T18:35:00Z,25733.75,25759.25,25730.75,25755.75,11411.0
2026-01-23T18:40:00Z,25755.75,25757.25,25728.0,25731.5,9083.0
2026-01-23T18:45:00Z,25731.5,25738.5,25714.0,25731.75,11567.0
2026-01-23T18:50:00Z,25731.0,25741.5,25717.25,25727.0,8563.0
2026-01-23T18:55:00Z,25726.75,25740.0,25721.75,25725.5,6925.0
2026-01-23T19:00:00Z,25725.25,25754.0,25723.25,25748.25,11866.0
2026-01-23T19:05:00Z,25748.5,25768.75,25745.25,25762.75,11739.0
2026-01-23T19:10:00Z,25762.75,25764.0,25741.5,25747.0,10822.0
2026-01-23T19:15:00Z,25747.5,25761.25,25744.0,25756.5,7203.0
2026-01-23T19:20:00Z,25756.25,25775.0,25753.25,25770.0,10297.0
2026-01-23T19:25:00Z,25769.25,25773.25,25745.0,25745.25,8739.0
2026-01-23T19:30:00Z,25745.25,25758.75,25738.5,25745.25,9935.0
2026-01-23T19:35:00Z,25745.5,25754.25,25727.25,25732.5,10919.0
2026-01-23T19:40:00Z,25732.75,25749.75,25719.0,25745.75,10871.0
2026-01-23T19:45:00Z,25746.0,25751.5,25733.0,25733.75,7118.0
2026-01-23T19:50:00Z,25733.5,25750.75,25730.5,25742.5,7150.0
2026-01-23T19:55:00Z,25742.5,25754.75,25739.5,25748.0,6233.0
2026-01-23T20:00:00Z,25747.75,25751.5,25731.75,25732.75,8020.0
2026-01-23T20:05:00Z,25733.0,25739.0,25706.0,25707.0,12657.0
2026-01-23T20:10:00Z,25707.0,25730.25,25691.25,25725.5,16764.0
2026-01-23T20:15:00Z,25725.25,25744.75,25722.5,25736.5,9759.0
2026-01-23T20:20:00Z,25736.5,25738.25,25718.25,25719.0,9602.0
2026-01-23T20:25:00Z,25718.75,25725.75,25708.5,25710.25,9456.0
2026-01-23T20:30:00Z,25710.25,25712.25,25696.0,25708.25,11927.0
2026-01-23T20:35:00Z,25708.25,25713.25,25695.5,25709.75,9025.0
2026-01-23T20:40:00Z,25709.5,25733.0,25708.5,25731.0,10578.0
2026-01-23T20:45:00Z,25731.0,25741.5,25726.75,25738.25,8371.0
2026-01-23T20:50:00Z,25738.5,25739.0,25714.0,25734.25,17553.0
2026-01-23T20:55:00Z,25734.75,25756.0,25723.0,25734.75,20972.0
2026-01-23T21:00:00Z,25734.75,25738.5,25718.5,25723.75,8490.0
2026-01-23T21:05:00Z,25723.75,25723.75,25712.0,25713.25,3535.0
2026-01-23T21:10:00Z,25713.0,25715.5,25702.0,25703.0,4213.0
2026-01-23T21:15:00Z,25703.0,25703.0,25678.75,25680.25,5663.0
2026-01-23T21:20:00Z,25680.0,25695.0,25672.0,25692.75,4933.0
2026-01-23T21:25:00Z,25692.75,25693.0,25684.0,25687.25,2124.0
2026-01-23T21:30:00Z,25687.75,25692.25,25683.0,25690.25,2225.0
2026-01-23T21:35:00Z,25690.25,25696.5,25689.25,25692.0,2005.0
2026-01-23T21:40:00Z,25692.0,25693.25,25685.25,25690.75,1887.0
2026-01-23T21:45:00Z,25691.0,25692.75,25686.0,25691.75,1580.0
2026-01-23T21:50:00Z,25692.0,25693.75,25679.0,25685.75,2217.0
2026-01-23T21:55:00Z,25686.75,25738.25,25677.25,25738.25,1914.0
2026-01-25T23:10:00Z,25464.25,25501.25,25462.0,25499.0,4291.0
2026-01-25T23:15:00Z,25499.0,25521.25,25487.25,25513.5,4976.0
2026-01-25T23:20:00Z,25513.75,25542.5,25505.0,25506.0,6688.0
2026-01-25T23:25:00Z,25506.25,25534.75,25505.75,25529.75,5079.0
2026-01-25T23:30:00Z,25530.0,25545.25,25522.5,25527.75,4582.0
2026-01-25T23:35:00Z,25527.5,25529.25,25501.75,25505.5,4082.0
2026-01-25T23:40:00Z,25505.0,25524.5,25493.0,25497.5,5844.0
2026-01-25T23:45:00Z,25498.0,25541.0,25494.25,25538.75,5686.0
2026-01-25T23:50:00Z,25539.0,25556.75,25520.75,25530.5,5035.0
2026-01-25T23:55:00Z,25530.25,25571.5,25529.75,25559.5,5584.0
2026-01-26T00:00:00Z,25559.25,25582.25,25543.25,25571.0,6594.0
2026-01-26T00:05:00Z,25570.75,25596.5,25569.25,25587.75,5133.0
2026-01-26T00:10:00Z,25587.75,25593.5,25575.0,25578.25,4204.0
2026-01-26T00:15:00Z,25578.25,25594.75,25571.0,25577.25,3507.0
2026-01-26T00:20:00Z,25576.75,25592.5,25576.25,25588.75,3464.0
2026-01-26T00:25:00Z,25588.75,25610.0,25583.75,25607.25,4833.0
2026-01-26T00:30:00Z,25606.75,25618.0,25584.5,25589.0,5841.0
2026-01-26T00:35:00Z,25589.5,25598.75,25567.0,25569.5,4621.0
2026-01-26T00:40:00Z,25569.25,25582.0,25566.0,25579.75,3027.0
2026-01-26T00:45:00Z,25579.5,25580.25,25563.75,25570.0,3109.0
2026-01-26T00:50:00Z,25569.25,25577.75,25562.5,25577.5,2102.0
2026-01-26T00:55:00Z,25577.5,25594.25,25566.75,25582.0,4307.0
2026-01-26T01:00:00Z,25582.25,25640.0,25570.0,25636.5,8111.0
2026-01-26T01:05:00Z,25636.75,25645.75,25608.25,25611.25,6292.0
2026-01-26T01:10:00Z,25611.0,25619.75,25603.25,25606.75,3263.0
2026-01-26T01:15:00Z,25606.25,25627.5,25605.75,25621.25,3393.0
2026-01-26T01:20:00Z,25621.25,25661.75,25619.75,25650.0,6508.0
2026-01-26T01:25:00Z,25649.75,25661.75,25644.25,25651.0,3464.0
2026-01-26T01:30:00Z,25650.25,25654.75,25637.75,25640.75,2441.0
2026-01-26T01:35:00Z,25640.75,25645.0,25631.0,25640.25,2419.0
2026-01-26T01:40:00Z,25639.75,25649.5,25636.75,25647.25,2602.0
2026-01-26T01:45:00Z,25646.25,25659.75,25641.75,25653.75,2618.0
2026-01-26T01:50:00Z,25653.25,25669.25,25641.0,25655.25,3337.0
2026-01-26T01:55:00Z,25656.0,25667.5,25647.0,25649.5,2710.0
2026-01-26T02:00:00Z,25649.75,25659.75,25647.75,25656.75,2315.0
2026-01-26T02:05:00Z,25657.25,25662.0,25648.75,25653.5,1726.0
2026-01-26T02:10:00Z,25654.25,25666.25,25651.75,25656.0,1870.0
2026-01-26T02:15:00Z,25655.5,25663.0,25648.0,25649.5,1604.0
2026-01-26T02:20:00Z,25650.0,25664.75,25648.0,25649.5,2162.0
2026-01-26T02:25:00Z,25649.75,25651.5,25641.75,25649.0,2775.0
2026-01-26T02:30:00Z,25649.25,25651.0,25629.75,25642.75,3253.0
2026-01-26T02:35:00Z,25642.25,25644.0,25630.0,25633.0,1978.0
2026-01-26T02:40:00Z,25632.75,25639.5,25616.25,25619.0,3037.0
2026-01-26T02:45:00Z,25619.25,25620.0,25598.0,25612.75,5380.0
2026-01-26T02:50:00Z,25612.0,25619.0,25599.5,25608.0,3050.0
2026-01-26T02:55:00Z,25608.75,25612.75,25604.5,25610.0,1122.0
2026-01-26T03:00:00Z,25609.75,25637.25,25608.75,25636.5,3743.0
2026-01-26T03:05:00Z,25637.0,25657.75,25636.25,25650.0,4586.0
2026-01-26T03:10:00Z,25650.5,25655.75,25643.25,25644.75,1920.0
2026-01-26T03:15:00Z,25645.0,25646.75,25634.5,25636.25,1903.0
2026-01-26T03:20:00Z,25636.5,25637.5,25622.0,25635.25,3150.0
2026-01-26T03:25:00Z,25635.25,25645.5,25629.5,25638.75,2146.0
2026-01-26T03:30:00Z,25638.25,25640.25,25625.75,25632.0,2061.0
2026-01-26T03:35:00Z,25630.75,25642.0,25630.0,25637.25,1433.0
2026-01-26T03:40:00Z,25636.75,25646.25,25632.25,25634.5,1868.0
2026-01-26T03:45:00Z,25635.0,25638.75,25624.75,25632.5,2113.0
2026-01-26T03:50:00Z,25632.75,25643.0,25600.0,25630.75,3487.0
2026-01-26T03:55:00Z,25630.0,25648.5,25624.0,25634.25,2250.0
2026-01-26T04:00:00Z,25635.0,25635.25,25623.0,25630.5,1201.0
2026-01-26T04:05:00Z,25629.5,25634.5,25623.5,25628.0,1088.0
2026-01-26T04:10:00Z,25627.5,25632.0,25625.25,25628.25,694.0
2026-01-26T04:15:00Z,25627.75,25638.0,25625.0,25632.5,1176.0
2026-01-26T04:20:00Z,25633.0,25645.0,25633.0,25637.0,1646.0
2026-01-26T04:25:00Z,25637.75,25651.75,25637.25,25650.25,1527.0
2026-01-26T04:30:00Z,25650.75,25659.25,25623.25,25633.5,4234.0
2026-01-26T04:35:00Z,25631.75,25645.5,25624.5,25636.75,1461.0
2026-01-26T04:40:00Z,25637.0,25637.0,25622.75,25628.75,1422.0
2026-01-26T04:45:00Z,25629.25,25637.75,25623.25,25627.75,1411.0
2026-01-26T04:50:00Z,25627.25,25636.5,25624.0,25634.0,895.0
2026-01-26T04:55:00Z,25634.5,25641.75,25631.0,25638.25,716.0
2026-01-26T05:00:00Z,25635.25,25640.75,25632.25,25637.75,839.0
2026-01-26T05:05:00Z,25638.5,25640.5,25629.25,25632.25,672.0
2026-01-26T05:10:00Z,25631.5,25637.0,25626.5,25629.5,680.0
2026-01-26T05:15:00Z,25630.0,25648.0,25629.0,25646.25,1451.0
2026-01-26T05:20:00Z,25646.5,25655.0,25642.0,25643.75,1723.0
2026-01-26T05:25:00Z,25644.25,25668.5,25642.0,25663.5,2242.0
2026-01-26T05:30:00Z,25663.75,25677.0,25657.0,25675.25,2342.0
2026-01-26T05:35:00Z,25674.75,25676.0,25663.75,25665.75,1732.0
2026-01-26T05:40:00Z,25665.75,25669.75,25661.5,25666.5,1156.0
2026-01-26T05:45:00Z,25666.25,25667.25,25658.5,25663.75,893.0
2026-01-26T05:50:00Z,25664.0,25673.0,25663.75,25669.75,1080.0
2026-01-26T05:55:00Z,25670.75,25676.25,25668.25,25674.75,1066.0
2026-01-26T06:00:00Z,25674.75,25689.5,25673.25,25686.5,3367.0
2026-01-26T06:05:00Z,25686.5,25688.5,25676.75,25679.0,1657.0
2026-01-26T06:10:00Z,25679.0,25690.0,25677.5,25687.0,1469.0
2026-01-26T06:15:00Z,25687.5,25698.0,25683.5,25696.0,2041.0
2026-01-26T06:20:00Z,25695.25,25699.0,25692.5,25696.0,1123.0
2026-01-26T06:25:00Z,25695.75,25703.5,25693.25,25693.5,2218.0
2026-01-26T06:30:00Z,25694.0,25698.25,25676.5,25678.0,2182.0
2026-01-26T06:35:00Z,25678.0,25682.75,25673.75,25678.25,1513.0
2026-01-26T06:40:00Z,25678.75,25679.25,25668.25,25672.75,1615.0
2026-01-26T06:45:00Z,25672.75,25682.5,25666.0,25675.5,1906.0
2026-01-26T06:50:00Z,25675.5,25695.75,25675.25,25679.5,2337.0
2026-01-26T06:55:00Z,25679.75,25684.75,25665.25,25669.0,2367.0
2026-01-26T07:00:00Z,25668.75,25682.0,25665.0,25672.25,2109.0
2026-01-26T07:05:00Z,25672.25,25679.75,25671.5,25677.5,829.0
2026-01-26T07:10:00Z,25678.25,25686.0,25676.5,25684.5,1119.0
2026-01-26T07:15:00Z,25684.75,25689.75,25675.0,25678.5,1216.0
2026-01-26T07:20:00Z,25679.0,25694.5,25677.75,25692.5,1155.0
2026-01-26T07:25:00Z,25692.5,25696.25,25688.5,25694.25,949.0
2026-01-26T07:30:00Z,25693.5,25695.5,25678.0,25684.75,1359.0
2026-01-26T07:35:00Z,25685.5,25695.0,25685.5,25690.5,688.0
2026-01-26T07:40:00Z,25691.25,25699.5,25691.25,25695.25,1244.0
2026-01-26T07:45:00Z,25694.5,25701.0,25688.0,25690.75,1211.0
2026-01-26T07:50:00Z,25691.5,25706.25,25689.0,25702.75,1698.0
2026-01-26T07:55:00Z,25702.25,25711.5,25698.0,25699.75,1968.0
2026-01-26T08:00:00Z,25700.5,25711.25,25699.0,25710.0,1779.0
2026-01-26T08:05:00Z,25709.25,25721.0,25707.5,25718.5,2387.0
2026-01-26T08:10:00Z,25719.0,25720.0,25701.75,25709.75,1839.0
2026-01-26T08:15:00Z,25710.5,25714.25,25704.0,25711.0,1263.0
2026-01-26T08:20:00Z,25711.75,25738.5,25708.25,25737.0,3004.0
2026-01-26T08:25:00Z,25737.75,25742.25,25727.25,25729.75,2385.0
2026-01-26T08:30:00Z,25728.75,25741.5,25722.75,25723.75,2412.0
2026-01-26T08:35:00Z,25724.5,25735.0,25717.5,25731.75,1545.0
2026-01-26T08:40:00Z,25731.5,25732.0,25718.75,25722.75,1206.0
2026-01-26T08:45:00Z,25723.25,25726.25,25713.5,25717.0,1300.0
2026-01-26T08:50:00Z,25716.25,25728.25,25715.5,25726.5,1296.0
2026-01-26T08:55:00Z,25726.5,25731.0,25720.25,25727.5,857.0
2026-01-26T09:00:00Z,25727.5,25729.0,25715.0,25721.0,1516.0
2026-01-26T09:05:00Z,25720.25,25735.0,25719.25,25729.25,1519.0
2026-01-26T09:10:00Z,25729.5,25729.75,25703.75,25705.5,2376.0
2026-01-26T09:15:00Z,25705.25,25713.5,25701.25,25709.25,1756.0
2026-01-26T09:20:00Z,25710.0,25710.5,25692.0,25699.75,2620.0
2026-01-26T09:25:00Z,25699.75,25700.5,25687.75,25688.5,1841.0
2026-01-26T09:30:00Z,25688.5,25690.0,25648.75,25654.25,5040.0
2026-01-26T09:35:00Z,25653.75,25655.25,25630.0,25632.25,4606.0
2026-01-26T09:40:00Z,25632.25,25642.0,25613.75,25616.0,3690.0
2026-01-26T09:45:00Z,25616.75,25624.5,25597.75,25598.25,4648.0
2026-01-26T09:50:00Z,25598.5,25601.25,25582.25,25598.75,4651.0
2026-01-26T09:55:00Z,25598.25,25621.5,25597.0,25618.5,3739.0
2026-01-26T10:00:00Z,25617.75,25629.0,25614.0,25626.5,2518.0
2026-01-26T10:05:00Z,25626.5,25636.5,25616.25,25618.75,2191.0
2026-01-26T10:10:00Z,25618.0,25639.5,25616.5,25638.0,1817.0
2026-01-26T10:15:00Z,25638.25,25646.5,25634.0,25638.0,2226.0
2026-01-26T10:20:00Z,25637.5,25645.75,25626.0,25640.25,2230.0
2026-01-26T10:25:00Z,25640.75,25656.75,25634.25,25651.5,2347.0
2026-01-26T10:30:00Z,25650.75,25666.0,25647.75,25659.25,2032.0
2026-01-26T10:35:00Z,25660.0,25674.25,25658.5,25665.0,2536.0
2026-01-26T10:40:00Z,25665.5,25669.0,25652.0,25657.25,1604.0
2026-01-26T10:45:00Z,25656.75,25665.5,25654.5,25656.5,1179.0
2026-01-26T10:50:00Z,25656.25,25664.25,25652.0,25655.25,1371.0
2026-01-26T10:55:00Z,25655.5,25660.25,25649.5,25651.5,1424.0
2026-01-26T11:00:00Z,25651.5,25659.5,25644.5,25649.0,2049.0
2026-01-26T11:05:00Z,25649.75,25659.75,25648.0,25650.75,1186.0
2026-01-26T11:10:00Z,25649.75,25652.0,25641.75,25650.75,1083.0
2026-01-26T11:15:00Z,25651.25,25659.5,25648.25,25655.75,1117.0
2026-01-26T11:20:00Z,25655.25,25658.5,25651.0,25651.5,877.0
2026-01-26T11:25:00Z,25651.75,25652.75,25644.0,25648.5,998.0
2026-01-26T11:30:00Z,25649.75,25662.0,25647.0,25655.75,1378.0
2026-01-26T11:35:00Z,25655.5,25661.25,25652.25,25654.75,878.0
2026-01-26T11:40:00Z,25654.75,25657.5,25648.25,25653.5,1026.0
2026-01-26T11:45:00Z,25653.75,25657.25,25647.25,25651.25,840.0
2026-01-26T11:50:00Z,25651.25,25665.75,25650.5,25659.25,1407.0
2026-01-26T11:55:00Z,25659.5,25673.25,25659.5,25670.5,1251.0
2026-01-26T12:00:00Z,25669.75,25699.0,25668.75,25695.25,4609.0
2026-01-26T12:05:00Z,25695.5,25713.25,25688.5,25704.25,3161.0
2026-01-26T12:10:00Z,25704.0,25714.75,25702.25,25707.25,2043.0
2026-01-26T12:15:00Z,25707.25,25709.0,25689.0,25692.75,2269.0
2026-01-26T12:20:00Z,25692.75,25697.75,25684.5,25685.0,1703.0
2026-01-26T12:25:00Z,25684.75,25692.5,25682.5,25690.5,1524.0
2026-01-26T12:30:00Z,25690.0,25696.0,25684.75,25691.75,1717.0
2026-01-26T12:35:00Z,25691.75,25693.5,25684.25,25686.75,1386.0
2026-01-26T12:40:00Z,25686.75,25687.5,25677.75,25679.25,1912.0
2026-01-26T12:45:00Z,25679.0,25686.75,25675.0,25678.75,1797.0
2026-01-26T12:50:00Z,25679.25,25690.25,25676.25,25685.5,1563.0
2026-01-26T12:55:00Z,25685.0,25691.5,25683.25,25688.5,1777.0
2026-01-26T13:00:00Z,25688.5,25698.75,25676.25,25684.5,3179.0
2026-01-26T13:05:00Z,25683.25,25698.0,25677.5,25696.0,2454.0
2026-01-26T13:10:00Z,25696.5,25703.5,25692.25,25702.0,1912.0
2026-01-26T13:15:00Z,25701.5,25708.0,25696.75,25701.5,2759.0
2026-01-26T13:20:00Z,25702.5,25707.25,25692.75,25693.5,1763.0
2026-01-26T13:25:00Z,25693.5,25694.25,25685.5,25688.25,2869.0
2026-01-26T13:30:00Z,25689.5,25693.5,25680.25,25682.75,2745.0
2026-01-26T13:35:00Z,25682.25,25683.0,25664.25,25673.25,5153.0
2026-01-26T13:40:00Z,25672.5,25677.0,25658.0,25674.25,4573.0
2026-01-26T13:45:00Z,25674.5,25699.75,25672.0,25698.5,5004.0
2026-01-26T13:50:00Z,25698.5,25713.0,25696.25,25706.75,4709.0
2026-01-26T13:55:00Z,25707.0,25722.75,25702.5,25716.5,4397.0
2026-01-26T14:00:00Z,25716.75,25734.0,25716.25,25726.75,5957.0
2026-01-26T14:05:00Z,25727.25,25737.5,25723.75,25729.5,4727.0
2026-01-26T14:10:00Z,25729.25,25732.5,25719.25,25721.75,4212.0
2026-01-26T14:15:00Z,25722.25,25730.75,25720.25,25720.5,2696.0
2026-01-26T14:20:00Z,25720.75,25723.25,25714.0,25722.5,4465.0
2026-01-26T14:25:00Z,25723.0,25749.75,25723.0,25748.75,10363.0
2026-01-26T14:30:00Z,25748.75,25776.0,25704.25,25770.5,52417.0
2026-01-26T14:35:00Z,25770.0,25798.0,25767.5,25792.5,31291.0
2026-01-26T14:40:00Z,25792.75,25827.25,25768.0,25816.5,39860.0
2026-01-26T14:45:00Z,25816.5,25835.0,25800.75,25805.75,27218.0
2026-01-26T14:50:00Z,25806.5,25840.25,25804.5,25823.0,27115.0
2026-01-26T14:55:00Z,25823.25,25853.5,25821.75,25838.0,23811.0
2026-01-26T15:00:00Z,25837.5,25845.25,25827.0,25840.0,17382.0
2026-01-26T15:05:00Z,25839.75,25849.5,25819.5,25822.75,13894.0
2026-01-26T15:10:00Z,25822.5,25843.25,25803.0,25839.25,29576.0
2026-01-26T15:15:00Z,25839.25,25873.75,25829.0,25871.0,26500.0
2026-01-26T15:20:00Z,25871.25,25886.75,25871.25,25880.25,18866.0
2026-01-26T15:25:00Z,25880.5,25881.0,25839.0,25846.0,23575.0
2026-01-26T15:30:00Z,25846.0,25870.25,25837.5,25860.0,21239.0
2026-01-26T15:35:00Z,25859.0,25878.0,25848.5,25863.5,16675.0
2026-01-26T15:40:00Z,25863.5,25867.0,25833.0,25839.75,22187.0
2026-01-26T15:45:00Z,25839.5,25874.0,25839.25,25871.5,16113.0
2026-01-26T15:50:00Z,25871.5,25895.75,25869.25,25887.5,20219.0
2026-01-26T15:55:00Z,25888.0,25898.75,25874.5,25881.5,14172.0
2026-01-26T16:00:00Z,25881.25,25895.25,25866.5,25885.25,15191.0
2026-01-26T16:05:00Z,25884.75,25892.75,25873.5,25889.5,10356.0
2026-01-26T16:10:00Z,25890.0,25897.5,25880.75,25886.25,8876.0
2026-01-26T16:15:00Z,25886.0,25888.5,25859.75,25864.5,15087.0
2026-01-26T16:20:00Z,25864.25,25894.5,25850.75,25892.25,18540.0
2026-01-26T16:25:00Z,25892.25,25909.5,25884.75,25905.75,15762.0
2026-01-26T16:30:00Z,25906.0,25928.25,25902.75,25903.0,19082.0
2026-01-26T16:35:00Z,25903.0,25919.25,25895.75,25907.0,11690.0
2026-01-26T16:40:00Z,25907.0,25911.25,25896.25,25897.75,7539.0
2026-01-26T16:45:00Z,25897.75,25909.5,25887.75,25894.25,13928.0
2026-01-26T16:50:00Z,25894.25,25908.0,25890.75,25901.25,8117.0
2026-01-26T16:55:00Z,25901.75,25911.0,25897.75,25906.25,6511.0
2026-01-26T17:00:00Z,25906.5,25932.5,25903.0,25925.5,11656.0
2026-01-26T17:05:00Z,25925.75,25929.25,25913.75,25914.5,8449.0
2026-01-26T17:10:00Z,25915.0,25917.75,25907.75,25914.0,8069.0
2026-01-26T17:15:00Z,25914.0,25919.75,25907.0,25914.25,6768.0
2026-01-26T17:20:00Z,25914.25,25927.5,25912.25,25922.75,6621.0
2026-01-26T17:25:00Z,25923.0,25926.75,25912.0,25912.25,6119.0
2026-01-26T17:30:00Z,25912.5,25914.0,25897.5,25906.5,10270.0
2026-01-26T17:35:00Z,25906.75,25915.75,25902.5,25911.25,7343.0
2026-01-26T17:40:00Z,25911.25,25914.5,25905.25,25909.0,5078.0
2026-01-26T17:45:00Z,25909.0,25909.5,25887.75,25891.75,11412.0
2026-01-26T17:50:00Z,25891.5,25903.0,25881.75,25892.75,10716.0
2026-01-26T17:55:00Z,25892.75,25899.75,25884.0,25890.75,7149.0
2026-01-26T18:00:00Z,25891.0,25897.75,25878.75,25891.25,7719.0
2026-01-26T18:05:00Z,25890.5,25891.75,25873.25,25879.5,9341.0
2026-01-26T18:10:00Z,25879.25,25889.5,25875.25,25881.5,7594.0
2026-01-26T18:15:00Z,25881.25,25903.5,25875.25,25899.75,11744.0
2026-01-26T18:20:00Z,25899.75,25913.75,25896.75,25908.75,8516.0
2026-01-26T18:25:00Z,25909.25,25913.25,25901.0,25907.25,7677.0
2026-01-26T18:30:00Z,25907.25,25932.75,25906.0,25922.75,13601.0
2026-01-26T18:35:00Z,25923.0,25923.75,25900.0,25902.75,10073.0
2026-01-26T18:40:00Z,25903.0,25905.5,25892.0,25895.75,9883.0
2026-01-26T18:45:00Z,25895.75,25897.0,25885.25,25895.25,8509.0
2026-01-26T18:50:00Z,25895.25,25905.25,25890.75,25901.5,7424.0
2026-01-26T18:55:00Z,25901.5,25903.25,25893.5,25899.0,4305.0
2026-01-26T19:00:00Z,25898.75,25909.25,25892.5,25895.25,7824.0
2026-01-26T19:05:00Z,25895.5,25910.5,25893.25,25906.75,5892.0
2026-01-26T19:10:00Z,25907.0,25914.25,25903.75,25908.0,5814.0
2026-01-26T19:15:00Z,25908.0,25912.75,25900.75,25906.5,4683.0
2026-01-26T19:20:00Z,25906.5,25907.25,25885.5,25888.75,8447.0
2026-01-26T19:25:00Z,25887.75,25901.25,25884.0,25900.0,6983.0
2026-01-26T19:30:00Z,25900.25,25904.25,25890.0,25895.25,7286.0
2026-01-26T19:35:00Z,25895.5,25903.75,25890.75,25902.0,5556.0
2026-01-26T19:40:00Z,25902.25,25912.25,25899.75,25903.75,6414.0
2026-01-26T19:45:00Z,25904.0,25906.5,25886.5,25891.5,6768.0
2026-01-26T19:50:00Z,25891.25,25896.0,25880.0,25881.5,6241.0
2026-01-26T19:55:00Z,25881.5,25890.75,25877.75,25878.5,7026.0
2026-01-26T20:00:00Z,25878.75,25886.5,25871.25,25886.0,8964.0
2026-01-26T20:05:00Z,25886.25,25894.5,25882.0,25887.0,5656.0
2026-01-26T20:10:00Z,25887.25,25888.25,25877.5,25881.75,4670.0
2026-01-26T20:15:00Z,25881.75,25882.5,25866.75,25872.75,7376.0
2026-01-26T20:20:00Z,25873.0,25885.0,25867.75,25876.75,8310.0
2026-01-26T20:25:00Z,25876.25,25884.0,25872.75,25880.75,4105.0
2026-01-26T20:30:00Z,25881.0,25890.25,25877.75,25884.5,5315.0
2026-01-26T20:35:00Z,25884.5,25901.5,25880.25,25884.25,6510.0
2026-01-26T20:40:00Z,25884.25,25888.0,25877.5,25885.0,5848.0
2026-01-26T20:45:00Z,25884.75,25892.75,25882.0,25886.25,5189.0
2026-01-26T20:50:00Z,25886.25,25886.25,25850.75,25859.0,18796.0
2026-01-26T20:55:00Z,25859.25,25861.75,25840.25,25844.25,24307.0
2026-01-26T21:00:00Z,25844.25,25848.75,25833.75,25842.75,11506.0
2026-01-26T21:05:00Z,25842.5,25853.75,25839.75,25849.25,5308.0
2026-01-26T21:10:00Z,25849.5,25856.5,25843.25,25854.75,3847.0
2026-01-26T21:15:00Z,25855.0,25870.5,25853.75,25866.5,4240.0
2026-01-26T21:20:00Z,25866.75,25869.5,25862.5,25866.75,1725.0
2026-01-26T21:25:00Z,25866.75,25871.0,25866.0,25868.75,1585.0
2026-01-26T21:30:00Z,25868.0,25868.25,25863.5,25865.75,1519.0
2026-01-26T21:35:00Z,25865.75,25866.0,25860.75,25863.25,1638.0
2026-01-26T21:40:00Z,25862.75,25870.0,25862.0,25867.5,1520.0
2026-01-26T21:45:00Z,25867.0,25867.5,25861.75,25865.0,1665.0
2026-01-26T21:50:00Z,25864.75,25867.5,25860.5,25863.5,1538.0
2026-01-26T21:55:00Z,25863.5,25868.0,25851.75,25861.75,2016.0
2026-01-26T23:00:00Z,25857.25,25863.0,25839.75,25844.5,0.0
2026-01-26T23:05:00Z,25844.5,25864.75,25841.5,25858.25,2306.0
2026-01-26T23:10:00Z,25858.75,25869.0,25858.75,25868.0,1580.0
2026-01-26T23:15:00Z,25867.75,25888.75,25865.5,25880.0,3430.0
2026-01-26T23:20:00Z,25880.0,25897.0,25879.5,25895.0,2224.0
2026-01-26T23:25:00Z,25895.25,25896.0,25874.75,25878.5,2188.0
2026-01-26T23:30:00Z,25879.0,25881.0,25871.5,25873.5,1545.0
2026-01-26T23:35:00Z,25873.75,25876.5,25870.5,25875.25,835.0
2026-01-26T23:40:00Z,25875.75,25885.0,25875.0,25881.5,1509.0
2026-01-26T23:45:00Z,25882.25,25887.75,25877.75,25884.0,1536.0
2026-01-26T23:50:00Z,25884.25,25887.25,25879.25,25883.25,1428.0
2026-01-26T23:55:00Z,25882.75,25890.75,25882.25,25889.75,1208.0
2026-01-27T00:00:00Z,25889.75,25891.25,25876.25,25876.75,2175.0
2026-01-27T00:05:00Z,25877.0,25882.0,25874.75,25880.5,1125.0
2026-01-27T00:10:00Z,25881.0,25890.25,25880.5,25884.75,1691.0
2026-01-27T00:15:00Z,25885.75,25895.75,25884.25,25894.75,1145.0
2026-01-27T00:20:00Z,25895.0,25900.0,25889.75,25895.25,1718.0
2026-01-27T00:25:00Z,25894.5,25895.75,25889.75,25890.25,659.0
2026-01-27T00:30:00Z,25890.75,25897.25,25885.25,25895.75,1421.0
2026-01-27T00:35:00Z,25895.75,25901.75,25893.75,25898.5,1253.0
2026-01-27T00:40:00Z,25898.5,25903.25,25895.5,25896.25,1072.0
2026-01-27T00:45:00Z,25897.0,25901.5,25893.25,25897.5,890.0
2026-01-27T00:50:00Z,25897.75,25899.5,25894.0,25898.0,787.0
2026-01-27T00:55:00Z,25898.0,25902.0,25896.25,25898.75,699.0
2026-01-27T01:00:00Z,25898.5,25906.25,25895.5,25905.75,1407.0
2026-01-27T01:05:00Z,25905.5,25906.25,25900.75,25905.75,1223.0
2026-01-27T01:10:00Z,25906.0,25912.75,25905.25,25909.0,1717.0
2026-01-27T01:15:00Z,25909.25,25914.0,25904.5,25910.5,1274.0
2026-01-27T01:20:00Z,25910.5,25911.5,25905.0,25907.75,888.0
2026-01-27T01:25:00Z,25908.5,25916.0,25907.5,25912.25,989.0
2026-01-27T01:30:00Z,25911.75,25918.25,25910.0,25916.5,1275.0
2026-01-27T01:35:00Z,25916.0,25919.0,25913.0,25913.25,927.0
2026-01-27T01:40:00Z,25913.0,25919.5,25913.0,25918.25,1275.0
2026-01-27T01:45:00Z,25918.0,25925.0,25915.25,25922.0,1650.0
2026-01-27T01:50:00Z,25922.0,25926.25,25920.5,25923.25,1399.0
2026-01-27T01:55:00Z,25923.75,25925.0,25917.75,25922.25,1100.0
2026-01-27T02:00:00Z,25922.25,25934.0,25921.5,25933.25,2255.0
2026-01-27T02:05:00Z,25933.75,25947.5,25933.5,25945.25,3175.0
2026-01-27T02:10:00Z,25945.25,25951.25,25944.75,25947.5,2527.0
2026-01-27T02:15:00Z,25947.5,25955.75,25947.0,25952.75,1844.0
2026-01-27T02:20:00Z,25952.75,25956.75,25948.5,25955.75,1520.0
2026-01-27T02:25:00Z,25955.5,25956.25,25947.25,25949.0,1265.0
2026-01-27T02:30:00Z,25948.75,25951.25,25943.5,25950.25,1982.0
2026-01-27T02:35:00Z,25950.25,25961.75,25945.0,25961.0,2417.0
2026-01-27T02:40:00Z,25961.5,25963.75,25958.25,25961.5,1139.0
2026-01-27T02:45:00Z,25961.5,25961.75,25955.5,25959.75,886.0
2026-01-27T02:50:00Z,25959.75,25965.25,25957.5,25958.5,947.0
2026-01-27T02:55:00Z,25958.75,25975.0,25958.5,25970.75,2999.0
2026-01-27T03:00:00Z,25970.5,25977.5,25967.75,25976.75,1868.0
2026-01-27T03:05:00Z,25975.5,25976.75,25971.75,25975.5,850.0
2026-01-27T03:10:00Z,25975.0,25975.25,25967.75,25967.75,894.0
2026-01-27T03:15:00Z,25968.0,25972.0,25965.0,25970.0,1090.0
2026-01-27T03:20:00Z,25970.0,25973.75,25968.5,25970.0,782.0
2026-01-27T03:25:00Z,25969.75,25970.0,25965.5,25965.5,793.0
2026-01-27T03:30:00Z,25966.0,25968.5,25962.0,25965.25,1342.0
2026-01-27T03:35:00Z,25965.0,25975.0,25963.5,25973.5,1360.0
2026-01-27T03:40:00Z,25973.25,25974.5,25971.0,25971.5,558.0
2026-01-27T03:45:00Z,25971.25,25971.25,25963.0,25970.5,1475.0
2026-01-27T03:50:00Z,25970.0,25971.75,25966.5,25971.75,619.0
2026-01-27T03:55:00Z,25971.5,25979.5,25971.0,25976.0,1364.0
2026-01-27T04:00:00Z,25976.0,25978.0,25971.75,25973.5,813.0
2026-01-27T04:05:00Z,25973.25,25990.75,25973.0,25990.75,2423.0
2026-01-27T04:10:00Z,25990.25,26003.0,25988.25,25990.75,4646.0
2026-01-27T04:15:00Z,25991.0,25994.5,25989.0,25990.5,1116.0
2026-01-27T04:20:00Z,25990.5,25993.0,25987.75,25988.25,805.0
2026-01-27T04:25:00Z,25988.0,25988.75,25982.0,25986.5,1315.0
2026-01-27T04:30:00Z,25986.5,25991.5,25986.25,25989.5,1092.0
2026-01-27T04:35:00Z,25989.5,25992.0,25986.0,25989.75,740.0
2026-01-27T04:40:00Z,25989.5,25991.5,25986.75,25990.25,602.0
2026-01-27T04:45:00Z,25989.75,25992.0,25989.25,25990.5,302.0
2026-01-27T04:50:00Z,25990.25,25993.5,25990.0,25992.75,351.0
2026-01-27T04:55:00Z,25992.5,25993.5,25989.5,25990.25,488.0
2026-01-27T05:05:00Z,25980.5,25981.75,25977.5,25978.25,3623.0
2026-01-27T05:10:00Z,25978.0,25979.5,25971.75,25978.5,1237.0
2026-01-27T05:15:00Z,25978.75,25980.75,25974.75,25976.75,728.0
2026-01-27T05:20:00Z,25977.0,25982.5,25973.5,25979.25,908.0
2026-01-27T05:25:00Z,25979.0,25981.25,25978.25,25980.75,511.0
2026-01-27T05:30:00Z,25981.25,25991.25,25981.25,25987.0,1851.0
2026-01-27T05:35:00Z,25986.5,25989.0,25984.5,25984.5,543.0
2026-01-27T05:40:00Z,25985.5,25996.0,25983.5,25995.75,1195.0
2026-01-27T05:45:00Z,25995.75,25999.75,25994.0,25998.25,1180.0
2026-01-27T05:50:00Z,25998.5,26005.75,25998.25,26004.25,1676.0
2026-01-27T05:55:00Z,26004.25,26010.0,26003.25,26008.25,1443.0
2026-01-27T06:00:00Z,26007.75,26019.5,26007.75,26018.0,2601.0
2026-01-27T06:05:00Z,26018.5,26028.25,26018.0,26023.5,2654.0
2026-01-27T06:10:00Z,26023.25,26023.75,26011.75,26018.25,2281.0
2026-01-27T06:15:00Z,26017.75,26023.5,26017.75,26019.0,801.0
2026-01-27T06:20:00Z,26019.0,26024.75,26015.0,26022.0,1219.0
2026-01-27T06:25:00Z,26022.0,26026.0,26019.75,26024.0,1052.0
2026-01-27T06:30:00Z,26024.25,26024.75,26011.5,26012.75,1500.0
2026-01-27T06:35:00Z,26012.75,26017.75,26006.25,26007.5,1339.0
2026-01-27T06:40:00Z,26008.5,26013.25,26002.5,26005.75,1393.0
2026-01-27T06:45:00Z,26005.0,26007.5,26000.25,26005.0,1137.0
2026-01-27T06:50:00Z,26005.25,26006.5,25998.5,26000.5,1041.0
2026-01-27T06:55:00Z,26000.5,26003.75,25998.75,26001.5,780.0
2026-01-27T07:00:00Z,26002.5,26013.5,26000.0,26010.75,2248.0
2026-01-27T07:05:00Z,26010.5,26011.25,26001.0,26008.0,1257.0
2026-01-27T07:10:00Z,26007.75,26009.0,26003.75,26004.5,647.0
2026-01-27T07:15:00Z,26005.0,26008.75,26002.25,26004.25,511.0
2026-01-27T07:20:00Z,26004.25,26004.75,25992.25,25996.75,1957.0
2026-01-27T07:25:00Z,25997.5,26001.25,25995.25,25999.0,684.0
2026-01-27T07:30:00Z,25998.75,26008.5,25995.5,26007.5,1174.0
2026-01-27T07:35:00Z,26007.5,26016.75,26004.25,26015.0,1819.0
2026-01-27T07:40:00Z,26015.25,26020.75,26010.0,26011.75,1376.0
2026-01-27T07:45:00Z,26011.0,26011.5,25994.75,25998.75,1856.0
2026-01-27T07:50:00Z,25998.75,26004.25,25996.5,26003.0,937.0
2026-01-27T07:55:00Z,26003.0,26011.5,26000.25,26006.25,1081.0
2026-01-27T08:00:00Z,26005.75,26012.0,25997.5,26000.25,2155.0
2026-01-27T08:05:00Z,25999.5,26005.25,25993.5,25999.25,1608.0
2026-01-27T08:10:00Z,25999.5,26003.5,25981.5,25990.25,2869.0
2026-01-27T08:15:00Z,25990.75,26003.25,25984.75,25988.5,2233.0
2026-01-27T08:20:00Z,25988.0,25995.0,25974.75,25978.75,2283.0
2026-01-27T08:25:00Z,25979.25,25988.25,25977.0,25980.5,1833.0
2026-01-27T08:30:00Z,25981.0,25985.5,25973.5,25975.5,2035.0
2026-01-27T08:35:00Z,25975.25,25979.75,25967.25,25968.25,2105.0
2026-01-27T08:40:00Z,25968.25,25984.25,25967.0,25978.25,2086.0
2026-01-27T08:45:00Z,25977.5,25987.75,25975.25,25978.5,1358.0
2026-01-27T08:50:00Z,25978.5,25989.75,25977.5,25982.0,1490.0
2026-01-27T08:55:00Z,25983.25,25987.25,25980.25,25984.0,1032.0
2026-01-27T09:00:00Z,25983.5,25988.0,25970.5,25985.75,3169.0
2026-01-27T09:05:00Z,25985.75,25992.0,25982.5,25990.75,1857.0
2026-01-27T09:10:00Z,25990.0,25993.25,25977.0,25981.0,1806.0
2026-01-27T09:15:00Z,25980.75,25995.5,25979.75,25981.0,2359.0
2026-01-27T09:20:00Z,25981.0,25992.25,25980.75,25986.0,1092.0
2026-01-27T09:25:00Z,25987.0,25990.0,25981.75,25983.25,712.0
2026-01-27T09:30:00Z,25982.5,25986.0,25976.25,25977.0,1390.0
2026-01-27T09:35:00Z,25977.75,25985.25,25976.5,25982.0,1008.0
2026-01-27T09:40:00Z,25982.5,25989.0,25981.5,25983.25,1070.0
2026-01-27T09:45:00Z,25983.25,25986.75,25980.0,25982.0,691.0
2026-01-27T09:50:00Z,25981.75,25986.5,25974.25,25977.0,1738.0
2026-01-27T09:55:00Z,25977.25,25978.5,25967.0,25974.0,2079.0
2026-01-27T10:00:00Z,25974.0,25987.75,25970.25,25985.75,1810.0
2026-01-27T10:05:00Z,25985.75,25992.25,25983.0,25985.75,1402.0
2026-01-27T10:10:00Z,25985.25,25990.0,25980.5,25983.25,1021.0
2026-01-27T10:15:00Z,25983.25,25993.25,25983.25,25990.75,971.0
2026-01-27T10:20:00Z,25991.5,25991.75,25982.5,25987.75,929.0
2026-01-27T10:25:00Z,25988.0,25999.75,25987.25,25997.0,1562.0
2026-01-27T10:30:00Z,25997.5,25999.0,25991.75,25998.75,898.0
2026-01-27T10:35:00Z,25998.5,26000.0,25994.0,25997.5,889.0
2026-01-27T10:40:00Z,25997.75,26000.5,25992.75,25994.25,1066.0
2026-01-27T10:45:00Z,25994.0,26004.5,25992.75,26002.0,1537.0
2026-01-27T10:50:00Z,26002.0,26007.75,26000.0,26000.75,1442.0
2026-01-27T10:55:00Z,26001.75,26006.5,25993.0,26005.75,2235.0
2026-01-27T11:00:00Z,26006.0,26010.0,25991.75,26003.0,2189.0
2026-01-27T11:05:00Z,26003.5,26006.75,25995.0,26000.75,1490.0
2026-01-27T11:10:00Z,26000.25,26006.0,25998.25,26003.0,860.0
2026-01-27T11:15:00Z,26002.75,26004.25,25992.75,25995.0,1147.0
2026-01-27T11:20:00Z,25995.5,26008.0,25994.5,26001.5,1455.0
2026-01-27T11:25:00Z,26001.25,26007.5,26000.5,26005.0,856.0
2026-01-27T11:30:00Z,26005.5,26024.5,26002.0,26024.5,3264.0
2026-01-27T11:35:00Z,26024.5,26033.75,26018.75,26022.0,4103.0
2026-01-27T11:40:00Z,26021.75,26032.75,26020.5,26031.75,2013.0
2026-01-27T11:45:00Z,26031.75,26036.75,26024.75,26032.75,2039.0
2026-01-27T11:50:00Z,26033.5,26043.5,26032.5,26037.5,3093.0
2026-01-27T11:55:00Z,26038.0,26040.75,26029.0,26032.25,1942.0
2026-01-27T12:00:00Z,26031.5,26033.25,26016.0,26017.0,2748.0
2026-01-27T12:05:00Z,26017.5,26019.75,26010.25,26016.25,2096.0
2026-01-27T12:10:00Z,26016.0,26019.75,26013.0,26016.25,1361.0
2026-01-27T12:15:00Z,26016.0,26017.0,26008.75,26013.75,1358.0
2026-01-27T12:20:00Z,26013.25,26021.5,26010.0,26012.0,1920.0
2026-01-27T12:25:00Z,26012.25,26014.0,25995.25,25996.25,4294.0
2026-01-27T12:30:00Z,25997.0,26004.5,25991.0,26003.25,3933.0
2026-01-27T12:35:00Z,26003.5,26017.5,26003.25,26014.75,2468.0
2026-01-27T12:40:00Z,26014.0,26018.25,26006.75,26010.0,1685.0
2026-01-27T12:45:00Z,26010.0,26012.75,26003.0,26005.5,1885.0
2026-01-27T12:50:00Z,26005.0,26009.25,26000.0,26005.0,1402.0
2026-01-27T12:55:00Z,26005.0,26006.75,26000.75,26004.25,1066.0
2026-01-27T13:00:00Z,26004.0,26013.5,26002.75,26005.75,2015.0
2026-01-27T13:05:00Z,26005.75,26011.75,26001.75,26010.5,1719.0
2026-01-27T13:10:00Z,26010.75,26018.25,26009.75,26016.0,2122.0
2026-01-27T13:15:00Z,26016.75,26018.25,26005.0,26008.75,1921.0
2026-01-27T13:20:00Z,26008.75,26013.75,26003.75,26009.75,1827.0
2026-01-27T13:25:00Z,26010.0,26010.75,26001.0,26002.75,1340.0
2026-01-27T13:30:00Z,26002.5,26003.5,25994.0,25998.25,3177.0
2026-01-27T13:35:00Z,25998.0,26003.5,25995.0,26002.5,2143.0
2026-01-27T13:40:00Z,26002.5,26008.5,25997.0,26000.75,2262.0
2026-01-27T13:45:00Z,26001.0,26008.0,25985.25,25986.5,4000.0
2026-01-27T13:50:00Z,25986.5,25994.25,25982.5,25991.5,3596.0
2026-01-27T13:55:00Z,25991.5,25995.25,25986.75,25990.25,2903.0
2026-01-27T14:00:00Z,25990.5,26003.0,25990.0,26001.0,4291.0
2026-01-27T14:05:00Z,26000.5,26010.0,25994.0,25997.0,4874.0
2026-01-27T14:10:00Z,25997.0,26004.0,25992.5,25994.5,3121.0
2026-01-27T14:15:00Z,25994.5,26005.5,25990.0,25990.5,4622.0
2026-01-27T14:20:00Z,25990.5,25995.0,25985.0,25992.5,3917.0
2026-01-27T14:25:00Z,25992.75,26003.0,25979.0,25982.5,10190.0
2026-01-27T14:30:00Z,25982.25,26012.5,25955.5,25961.5,50314.0
2026-01-27T14:35:00Z,25961.75,25972.0,25917.25,25928.75,44317.0
2026-01-27T14:40:00Z,25929.5,25983.75,25928.5,25959.0,45708.0
2026-01-27T14:45:00Z,25959.0,25990.5,25958.75,25981.25,28239.0
2026-01-27T14:50:00Z,25981.25,26038.5,25980.0,26037.5,40408.0
2026-01-27T14:55:00Z,26037.5,26061.0,26036.0,26054.25,28057.0
2026-01-27T15:00:00Z,26052.75,26066.0,26038.5,26056.75,22483.0
2026-01-27T15:05:00Z,26056.75,26071.75,26022.0,26066.0,35108.0
2026-01-27T15:10:00Z,26066.25,26077.5,26051.0,26059.75,22240.0
2026-01-27T15:15:00Z,26059.75,26071.25,26053.75,26065.25,13612.0
2026-01-27T15:20:00Z,26065.25,26075.0,26044.0,26057.0,17296.0
2026-01-27T15:25:00Z,26056.5,26058.25,26037.75,26042.5,17422.0
2026-01-27T15:30:00Z,26042.5,26076.0,26039.0,26073.75,19246.0
2026-01-27T15:35:00Z,26074.25,26090.75,26070.25,26080.75,21592.0
2026-01-27T15:40:00Z,26081.0,26096.0,26077.25,26090.75,12692.0
2026-01-27T15:45:00Z,26091.0,26098.5,26082.5,26088.75,14662.0
2026-01-27T15:50:00Z,26088.5,26089.5,26063.25,26072.0,17164.0
2026-01-27T15:55:00Z,26071.5,26079.25,26065.25,26078.5,9793.0
2026-01-27T16:00:00Z,26078.5,26089.5,26072.75,26085.75,13686.0
2026-01-27T16:05:00Z,26086.0,26098.25,26083.25,26090.5,11672.0
2026-01-27T16:10:00Z,26090.75,26100.0,26088.25,26098.0,9121.0
2026-01-27T16:15:00Z,26098.25,26107.0,26093.25,26101.75,10302.0
2026-01-27T16:20:00Z,26101.75,26105.25,26094.75,26099.75,7152.0
2026-01-27T16:25:00Z,26099.5,26101.5,26087.5,26090.25,7916.0
2026-01-27T16:30:00Z,26090.75,26100.0,26084.5,26093.25,8754.0
2026-01-27T16:35:00Z,26093.0,26096.75,26087.0,26091.75,6063.0
2026-01-27T16:40:00Z,26091.75,26099.0,26089.75,26090.0,5199.0
2026-01-27T16:45:00Z,26090.0,26096.5,26077.0,26093.0,13445.0
2026-01-27T16:50:00Z,26093.25,26095.5,26079.75,26089.5,7268.0
2026-01-27T16:55:00Z,26089.5,26094.25,26079.25,26079.75,5813.0
2026-01-27T17:00:00Z,26079.75,26085.0,26071.5,26077.75,9632.0
2026-01-27T17:05:00Z,26077.5,26087.5,26069.25,26076.0,8524.0
2026-01-27T17:10:00Z,26075.75,26077.75,26065.0,26070.5,8474.0
2026-01-27T17:15:00Z,26070.25,26072.5,26050.5,26060.75,14237.0
2026-01-27T17:20:00Z,26060.5,26070.0,26052.75,26064.5,9049.0
2026-01-27T17:25:00Z,26064.75,26089.0,26063.25,26083.0,12473.0
2026-01-27T17:30:00Z,26082.75,26088.5,26077.75,26082.75,5950.0
2026-01-27T17:35:00Z,26082.0,26084.75,26069.5,26076.25,8856.0
2026-01-27T17:40:00Z,26076.75,26092.0,26071.75,26076.25,10783.0
2026-01-27T17:45:00Z,26075.75,26077.5,26070.0,26073.0,5638.0
2026-01-27T17:50:00Z,26073.25,26076.5,26061.5,26064.5,6534.0
2026-01-27T17:55:00Z,26064.0,26067.25,26057.75,26061.75,5656.0
2026-01-27T18:00:00Z,26062.25,26064.0,26036.75,26053.25,15795.0
2026-01-27T18:05:00Z,26052.75,26061.0,26044.5,26057.75,8614.0
2026-01-27T18:10:00Z,26057.5,26071.75,26049.5,26068.25,9843.0
2026-01-27T18:15:00Z,26068.0,26077.0,26067.25,26074.5,6470.0
2026-01-27T18:20:00Z,26074.5,26086.5,26073.0,26084.75,6670.0
2026-01-27T18:25:00Z,26085.0,26087.0,26069.75,26076.5,7134.0
2026-01-27T18:30:00Z,26076.75,26094.25,26076.25,26088.5,8070.0
2026-01-27T18:35:00Z,26088.5,26089.5,26081.0,26084.0,4635.0
2026-01-27T18:40:00Z,26084.75,26086.75,26078.75,26081.5,3769.0
2026-01-27T18:45:00Z,26081.5,26090.75,26079.25,26089.0,4140.0
2026-01-27T18:50:00Z,26089.0,26090.75,26084.5,26089.25,3362.0
2026-01-27T18:55:00Z,26089.25,26097.0,26086.25,26090.25,6133.0
2026-01-27T19:00:00Z,26090.0,26090.0,26076.75,26079.75,7433.0
2026-01-27T19:05:00Z,26080.0,26084.5,26074.25,26078.5,5270.0
2026-01-27T19:10:00Z,26078.5,26089.75,26074.0,26086.5,5619.0
2026-01-27T19:15:00Z,26086.5,26092.0,26084.5,26089.75,4178.0
2026-01-27T19:20:00Z,26090.0,26093.75,26084.25,26091.5,4254.0
2026-01-27T19:25:00Z,26091.5,26095.25,26087.25,26092.75,3243.0
2026-01-27T19:30:00Z,26093.0,26099.5,26086.0,26087.25,6705.0
2026-01-27T19:35:00Z,26087.25,26090.75,26083.25,26085.25,3450.0
2026-01-27T19:40:00Z,26085.5,26088.5,26078.0,26085.75,5185.0
2026-01-27T19:45:00Z,26085.5,26088.5,26077.75,26087.5,4378.0
2026-01-27T19:50:00Z,26087.25,26098.75,26085.75,26096.0,5925.0
2026-01-27T19:55:00Z,26096.0,26097.0,26089.75,26092.25,3485.0
2026-01-27T20:00:00Z,26092.0,26096.0,26088.75,26092.25,3251.0
2026-01-27T20:05:00Z,26092.0,26094.75,26083.5,26094.0,6098.0
2026-01-27T20:10:00Z,26094.5,26111.75,26094.0,26110.25,9998.0
2026-01-27T20:15:00Z,26110.5,26114.5,26104.0,26110.25,6757.0
2026-01-27T20:20:00Z,26110.25,26113.75,26101.5,26102.25,5405.0
2026-01-27T20:25:00Z,26102.5,26102.5,26094.0,26096.0,5767.0
2026-01-27T20:30:00Z,26096.0,26096.25,26084.25,26095.0,8760.0
2026-01-27T20:35:00Z,26095.25,26097.5,26088.5,26096.25,3728.0
2026-01-27T20:40:00Z,26096.25,26097.5,26086.5,26091.5,5692.0
2026-01-27T20:45:00Z,26091.25,26100.25,26082.5,26098.25,8175.0
2026-01-27T20:50:00Z,26098.0,26101.5,26075.0,26077.5,13717.0
2026-01-27T20:55:00Z,26077.75,26082.25,26068.25,26075.5,17309.0
2026-01-27T21:00:00Z,26075.5,26090.0,26061.0,26078.25,14640.0
2026-01-27T21:05:00Z,26078.25,26087.75,26072.75,26077.25,4760.0
2026-01-27T21:10:00Z,26077.0,26082.75,26074.0,26079.0,3081.0
2026-01-27T21:15:00Z,26079.25,26106.0,26079.25,26103.75,4589.0
2026-01-27T21:20:00Z,26103.5,26104.75,26088.0,26089.0,2748.0
2026-01-27T21:25:00Z,26088.75,26097.25,26083.5,26095.25,1957.0
2026-01-27T21:30:00Z,26095.75,26099.0,26093.5,26096.75,1589.0
2026-01-27T21:35:00Z,26097.25,26108.0,26096.5,26105.75,2142.0
2026-01-27T21:40:00Z,26105.5,26114.25,26105.25,26113.25,2467.0
2026-01-27T21:45:00Z,26112.75,26119.0,26110.25,26113.0,2753.0
2026-01-27T21:50:00Z,26113.0,26114.75,26108.5,26110.0,1717.0
2026-01-27T21:55:00Z,26110.25,26111.75,26107.75,26109.5,1070.0
2026-01-27T23:00:00Z,26112.0,26147.0,26109.5,26138.0,0.0
2026-01-27T23:05:00Z,26139.0,26141.5,26128.75,26138.0,2451.0
2026-01-27T23:10:00Z,26138.0,26146.75,26137.25,26144.5,1945.0
2026-01-27T23:15:00Z,26144.25,26146.5,26131.5,26133.25,2045.0
2026-01-27T23:20:00Z,26133.75,26135.0,26128.5,26133.75,1158.0
2026-01-27T23:25:00Z,26134.0,26138.0,26131.25,26135.75,909.0
2026-01-27T23:30:00Z,26136.5,26139.25,26134.25,26138.25,885.0
2026-01-27T23:35:00Z,26137.75,26138.75,26132.75,26134.5,573.0
2026-01-27T23:40:00Z,26134.25,26140.0,26131.5,26139.75,872.0
2026-01-27T23:45:00Z,26139.25,26141.5,26137.5,26138.0,822.0
2026-01-27T23:50:00Z,26137.75,26142.0,26137.0,26138.5,575.0
2026-01-27T23:55:00Z,26138.5,26140.5,26136.0,26138.25,544.0
2026-01-28T00:00:00Z,26138.0,26141.0,26135.25,26140.25,831.0
2026-01-28T00:05:00Z,26139.75,26150.25,26137.75,26147.75,1623.0
2026-01-28T00:10:00Z,26147.75,26163.5,26146.75,26157.0,2644.0
2026-01-28T00:15:00Z,26157.5,26163.25,26153.75,26159.0,1453.0
2026-01-28T00:20:00Z,26159.25,26160.5,26155.5,26159.0,872.0
2026-01-28T00:25:00Z,26159.25,26171.25,26159.0,26168.25,2881.0
2026-01-28T00:30:00Z,26168.0,26185.75,26167.25,26183.75,3735.0
2026-01-28T00:35:00Z,26183.5,26199.75,26183.5,26196.75,4387.0
2026-01-28T00:40:00Z,26197.5,26207.75,26189.25,26207.25,3893.0
2026-01-28T00:45:00Z,26207.25,26207.5,26197.0,26202.5,2116.0
2026-01-28T00:50:00Z,26202.0,26207.25,26194.5,26202.25,2358.0
2026-01-28T00:55:00Z,26202.25,26208.25,26199.75,26206.75,1472.0
2026-01-28T01:00:00Z,26206.75,26218.25,26206.5,26214.25,3654.0
2026-01-28T01:05:00Z,26214.75,26224.0,26210.75,26222.25,2321.0
2026-01-28T01:10:00Z,26222.0,26228.5,26221.0,26223.25,2727.0
2026-01-28T01:15:00Z,26223.25,26226.25,26216.5,26218.25,2109.0
2026-01-28T01:20:00Z,26218.0,26223.25,26214.75,26220.0,1430.0
2026-01-28T01:25:00Z,26220.0,26224.25,26218.5,26224.0,891.0
2026-01-28T01:30:00Z,26224.25,26226.0,26216.75,26218.75,1523.0
2026-01-28T01:35:00Z,26218.75,26219.0,26212.25,26215.75,1633.0
2026-01-28T01:40:00Z,26216.0,26218.0,26207.75,26208.75,1462.0
2026-01-28T01:45:00Z,26208.75,26217.25,26207.25,26214.0,1823.0
2026-01-28T01:50:00Z,26214.5,26214.75,26206.25,26208.25,1072.0
2026-01-28T01:55:00Z,26208.0,26210.25,26201.5,26204.75,1746.0
2026-01-28T02:00:00Z,26205.0,26217.0,26203.25,26210.0,1958.0
2026-01-28T02:05:00Z,26210.25,26221.0,26208.0,26218.5,1667.0
2026-01-28T02:10:00Z,26218.5,26221.75,26216.0,26217.75,1323.0
2026-01-28T02:15:00Z,26216.75,26219.25,26213.0,26219.0,978.0
2026-01-28T02:20:00Z,26219.25,26219.75,26214.5,26218.5,590.0
2026-01-28T02:25:00Z,26218.25,26220.5,26213.25,26213.25,641.0
2026-01-28T02:30:00Z,26213.25,26218.0,26210.5,26213.0,855.0
2026-01-28T02:35:00Z,26213.0,26219.0,26213.0,26215.25,751.0
2026-01-28T02:40:00Z,26215.25,26216.0,26206.75,26211.5,891.0
2026-01-28T02:45:00Z,26211.25,26216.75,26208.75,26213.5,991.0
2026-01-28T02:50:00Z,26213.0,26221.25,26212.25,26215.5,1184.0
2026-01-28T02:55:00Z,26215.5,26217.75,26212.75,26213.75,540.0
2026-01-28T03:00:00Z,26214.25,26218.25,26212.25,26217.5,618.0
2026-01-28T03:05:00Z,26217.0,26218.5,26214.25,26217.0,562.0
2026-01-28T03:10:00Z,26217.25,26218.0,26211.0,26213.0,717.0
2026-01-28T03:15:00Z,26213.25,26216.0,26211.5,26213.75,547.0
2026-01-28T03:20:00Z,26213.75,26216.5,26211.5,26212.75,589.0
2026-01-28T03:25:00Z,26213.25,26213.25,26196.25,26202.75,2635.0
2026-01-28T03:30:00Z,26202.5,26209.0,26198.5,26204.0,2108.0
2026-01-28T03:35:00Z,26204.0,26210.0,26203.5,26204.75,839.0
2026-01-28T03:40:00Z,26204.25,26205.25,26194.5,26195.25,1188.0
2026-01-28T03:45:00Z,26195.25,26202.25,26190.25,26201.75,1809.0
2026-01-28T03:50:00Z,26201.75,26203.5,26199.25,26201.25,709.0
2026-01-28T03:55:00Z,26201.0,26201.25,26195.5,26199.75,774.0
2026-01-28T04:00:00Z,26200.0,26211.5,26199.5,26208.75,1552.0
2026-01-28T04:05:00Z,26208.75,26221.0,26207.75,26220.25,2508.0
2026-01-28T04:10:00Z,26220.0,26223.25,26217.25,26219.75,1197.0
2026-01-28T04:15:00Z,26219.5,26224.0,26217.5,26221.75,867.0
2026-01-28T04:20:00Z,26221.25,26224.75,26219.75,26223.25,747.0
2026-01-28T04:25:00Z,26223.0,26227.25,26220.75,26225.25,890.0
2026-01-28T04:30:00Z,26225.25,26226.5,26222.5,26223.75,587.0
2026-01-28T04:35:00Z,26223.75,26224.75,26218.5,26220.5,891.0
2026-01-28T04:40:00Z,26221.0,26221.5,26217.25,26218.75,630.0
2026-01-28T04:45:00Z,26219.0,26220.5,26213.25,26217.0,1130.0
2026-01-28T04:50:00Z,26216.5,26218.75,26215.25,26216.75,728.0
2026-01-28T04:55:00Z,26216.75,26220.5,26216.75,26220.0,415.0
2026-01-28T05:05:00Z,26225.0,26227.5,26225.0,26227.0,1834.0
2026-01-28T05:10:00Z,26227.0,26231.5,26225.5,26228.5,1453.0
2026-01-28T05:15:00Z,26228.75,26231.75,26227.25,26229.75,982.0
2026-01-28T05:20:00Z,26230.0,26233.25,26229.25,26230.25,826.0
2026-01-28T05:25:00Z,26230.0,26233.25,26226.5,26231.75,926.0
2026-01-28T05:30:00Z,26232.0,26234.5,26231.0,26233.25,716.0
2026-01-28T05:35:00Z,26233.0,26240.75,26232.75,26239.75,1292.0
2026-01-28T05:40:00Z,26240.0,26241.25,26235.75,26239.0,1125.0
2026-01-28T05:45:00Z,26239.25,26243.75,26238.5,26242.0,903.0
2026-01-28T05:50:00Z,26242.0,26247.25,26242.0,26245.25,1140.0
2026-01-28T05:55:00Z,26245.5,26248.75,26242.25,26245.75,1243.0
2026-01-28T06:00:00Z,26245.75,26301.75,26245.75,26294.5,14434.0
2026-01-28T06:05:00Z,26294.25,26301.0,26288.25,26289.5,2956.0
2026-01-28T06:10:00Z,26289.0,26306.75,26285.75,26305.0,2696.0
2026-01-28T06:15:00Z,26305.25,26320.5,26298.0,26317.5,3157.0
2026-01-28T06:20:00Z,26317.5,26320.75,26301.5,26305.5,2257.0
2026-01-28T06:25:00Z,26305.25,26313.5,26294.75,26301.75,2760.0
2026-01-28T06:30:00Z,26302.25,26349.0,26301.25,26328.0,7686.0
2026-01-28T06:35:00Z,26327.5,26341.5,26325.0,26335.5,2525.0
2026-01-28T06:40:00Z,26335.5,26336.25,26314.0,26316.75,2618.0
2026-01-28T06:45:00Z,26317.0,26317.0,26305.5,26309.25,2215.0
2026-01-28T06:50:00Z,26309.75,26328.5,26308.25,26315.0,2195.0
2026-01-28T06:55:00Z,26314.5,26316.0,26300.5,26302.5,1744.0
2026-01-28T07:00:00Z,26301.75,26309.5,26292.0,26303.5,3964.0
2026-01-28T07:05:00Z,26303.25,26317.0,26300.25,26316.0,2035.0
2026-01-28T07:10:00Z,26315.75,26324.25,26307.0,26321.75,1992.0
2026-01-28T07:15:00Z,26321.75,26322.5,26307.75,26316.5,1556.0
2026-01-28T07:20:00Z,26316.0,26318.25,26306.0,26307.0,914.0
2026-01-28T07:25:00Z,26307.75,26312.5,26301.5,26303.75,1010.0
2026-01-28T07:30:00Z,26303.5,26304.25,26292.5,26298.5,2138.0
2026-01-28T07:35:00Z,26298.0,26303.75,26288.75,26303.0,1812.0
2026-01-28T07:40:00Z,26303.25,26321.5,26300.75,26318.5,2152.0
2026-01-28T07:45:00Z,26319.25,26323.0,26307.5,26320.0,1843.0
2026-01-28T07:50:00Z,26319.75,26321.75,26311.25,26315.0,902.0
2026-01-28T07:55:00Z,26315.5,26318.0,26308.75,26316.0,1027.0
2026-01-28T08:00:00Z,26315.25,26332.0,26303.75,26323.25,3750.0
2026-01-28T08:05:00Z,26322.5,26325.0,26303.0,26304.0,1674.0
2026-01-28T08:10:00Z,26304.0,26313.25,26300.0,26303.0,1350.0
2026-01-28T08:15:00Z,26303.5,26310.0,26281.5,26283.5,2700.0
2026-01-28T08:20:00Z,26283.5,26319.0,26277.0,26315.0,4162.0
2026-01-28T08:25:00Z,26315.5,26316.0,26300.25,26302.5,2123.0
2026-01-28T08:30:00Z,26302.0,26311.25,26300.5,26310.25,1504.0
2026-01-28T08:35:00Z,26311.0,26315.0,26304.0,26312.0,1027.0
2026-01-28T08:40:00Z,26312.5,26313.5,26303.0,26304.0,1120.0
2026-01-28T08:45:00Z,26303.5,26303.75,26278.5,26279.25,3252.0
2026-01-28T08:50:00Z,26279.75,26287.5,26271.25,26283.0,2818.0
2026-01-28T08:55:00Z,26283.0,26286.5,26270.25,26279.75,1939.0
2026-01-28T09:00:00Z,26279.75,26284.5,26265.5,26272.75,2976.0
2026-01-28T09:05:00Z,26272.5,26278.5,26257.5,26276.75,2829.0
2026-01-28T09:10:00Z,26277.0,26284.75,26269.25,26271.0,1989.0
2026-01-28T09:15:00Z,26271.0,26280.0,26266.0,26266.75,1220.0
2026-01-28T09:20:00Z,26266.75,26270.25,26257.5,26262.0,2044.0
2026-01-28T09:25:00Z,26262.25,26267.0,26255.5,26262.75,1720.0
2026-01-28T09:30:00Z,26262.5,26266.0,26252.0,26260.25,2194.0
2026-01-28T09:35:00Z,26260.0,26274.5,26259.25,26267.0,1891.0
2026-01-28T09:40:00Z,26266.5,26275.0,26259.75,26274.25,1333.0
2026-01-28T09:45:00Z,26274.5,26280.75,26269.75,26272.5,1372.0
2026-01-28T09:50:00Z,26272.5,26290.0,26272.0,26280.25,1925.0
2026-01-28T09:55:00Z,26280.0,26291.0,26279.75,26285.25,1308.0
2026-01-28T10:00:00Z,26284.75,26286.75,26273.0,26282.0,1563.0
2026-01-28T10:05:00Z,26281.25,26291.0,26271.75,26286.5,1832.0
2026-01-28T10:10:00Z,26286.75,26294.0,26283.5,26287.0,1300.0
2026-01-28T10:15:00Z,26286.75,26291.75,26279.5,26280.0,1187.0
2026-01-28T10:20:00Z,26279.75,26296.0,26277.5,26282.0,1426.0
2026-01-28T10:25:00Z,26282.25,26296.75,26282.25,26294.0,999.0
2026-01-28T10:30:00Z,26294.75,26299.25,26292.25,26294.25,1325.0
2026-01-28T10:35:00Z,26295.0,26305.5,26294.5,26304.5,1838.0
2026-01-28T10:40:00Z,26304.5,26316.5,26303.0,26309.0,1948.0
2026-01-28T10:45:00Z,26308.25,26313.25,26299.75,26304.75,1761.0
2026-01-28T10:50:00Z,26304.5,26313.5,26304.0,26308.25,1172.0
2026-01-28T10:55:00Z,26308.75,26320.75,26308.25,26316.75,1293.0
2026-01-28T11:00:00Z,26317.25,26318.75,26295.25,26299.5,2263.0
2026-01-28T11:05:00Z,26298.75,26315.75,26298.0,26311.0,1650.0
2026-01-28T11:10:00Z,26311.25,26312.25,26295.5,26298.75,1215.0
2026-01-28T11:15:00Z,26299.25,26305.0,26291.25,26294.5,1206.0
2026-01-28T11:20:00Z,26294.0,26297.5,26287.5,26294.5,1509.0
2026-01-28T11:25:00Z,26294.5,26310.75,26294.0,26309.25,2044.0
2026-01-28T11:30:00Z,26310.0,26319.0,26308.0,26315.25,1825.0
2026-01-28T11:35:00Z,26315.75,26318.75,26310.5,26316.0,908.0
2026-01-28T11:40:00Z,26316.0,26318.75,26312.25,26313.5,815.0
2026-01-28T11:45:00Z,26313.0,26314.75,26306.25,26310.5,1246.0
2026-01-28T11:50:00Z,26311.0,26326.75,26306.25,26314.25,2658.0
2026-01-28T11:55:00Z,26314.75,26324.5,26311.5,26318.5,1728.0
2026-01-28T12:00:00Z,26319.25,26320.75,26306.5,26311.25,2428.0
2026-01-28T12:05:00Z,26311.75,26314.0,26304.0,26312.75,1354.0
2026-01-28T12:10:00Z,26314.0,26317.5,26266.25,26293.25,8805.0
2026-01-28T12:15:00Z,26292.75,26297.0,26268.5,26272.5,3706.0
2026-01-28T12:20:00Z,26273.5,26293.25,26265.0,26273.25,4008.0
2026-01-28T12:25:00Z,26272.75,26288.25,26272.25,26277.5,2372.0
2026-01-28T12:30:00Z,26279.0,26286.5,26271.0,26275.5,2190.0
2026-01-28T12:35:00Z,26275.75,26287.5,26270.5,26286.0,1920.0
2026-01-28T12:40:00Z,26286.5,26296.75,26282.0,26286.0,3054.0
2026-01-28T12:45:00Z,26286.0,26299.75,26285.0,26289.75,2995.0
2026-01-28T12:50:00Z,26289.25,26294.25,26281.5,26293.5,2258.0
2026-01-28T12:55:00Z,26293.0,26301.5,26280.0,26281.25,2336.0
2026-01-28T13:00:00Z,26281.75,26306.0,26281.5,26295.0,2779.0
2026-01-28T13:05:00Z,26295.0,26300.0,26285.75,26286.25,1982.0
2026-01-28T13:10:00Z,26287.0,26290.75,26268.25,26270.5,3122.0
2026-01-28T13:15:00Z,26270.0,26293.5,26267.5,26293.5,3087.0
2026-01-28T13:20:00Z,26293.5,26293.75,26278.5,26282.5,2058.0
2026-01-28T13:25:00Z,26282.25,26286.5,26276.0,26278.75,2009.0
2026-01-28T13:30:00Z,26278.0,26283.0,26272.5,26275.75,1999.0
2026-01-28T13:35:00Z,26275.5,26279.0,26265.25,26266.0,2875.0
2026-01-28T13:40:00Z,26265.5,26272.5,26255.25,26260.75,5033.0
2026-01-28T13:45:00Z,26260.75,26272.0,26259.5,26271.25,3232.0
2026-01-28T13:50:00Z,26270.75,26286.25,26268.0,26270.0,4712.0
2026-01-28T13:55:00Z,26270.0,26274.5,26261.0,26273.5,3561.0
2026-01-28T14:00:00Z,26273.25,26279.25,26264.25,26266.75,4589.0
2026-01-28T14:05:00Z,26267.0,26267.5,26249.25,26254.25,5193.0
2026-01-28T14:10:00Z,26253.75,26257.5,26242.25,26246.0,6214.0
2026-01-28T14:15:00Z,26246.25,26249.5,26234.0,26239.5,6070.0
2026-01-28T14:20:00Z,26239.75,26262.25,26239.0,26258.0,7819.0
2026-01-28T14:25:00Z,26259.0,26261.5,26243.25,26253.0,7964.0
2026-01-28T14:30:00Z,26253.0,26289.0,26230.0,26249.0,42275.0
2026-01-28T14:35:00Z,26249.0,26257.75,26213.5,26245.0,34033.0
2026-01-28T14:40:00Z,26244.5,26298.5,26244.0,26286.0,35825.0
2026-01-28T14:45:00Z,26284.75,26305.25,26230.0,26250.5,37241.0
2026-01-28T14:50:00Z,26250.25,26291.0,26250.25,26289.25,26343.0
2026-01-28T14:55:00Z,26289.5,26290.5,26250.5,26253.5,19832.0
2026-01-28T15:00:00Z,26253.0,26265.5,26237.0,26252.25,22885.0
2026-01-28T15:05:00Z,26253.75,26263.75,26230.75,26242.25,21348.0
2026-01-28T15:10:00Z,26242.25,26244.75,26214.25,26216.0,22880.0
2026-01-28T15:15:00Z,26215.75,26254.25,26207.25,26235.75,27243.0
2026-01-28T15:20:00Z,26236.5,26250.25,26226.5,26237.0,16611.0
2026-01-28T15:25:00Z,26237.25,26239.0,26216.5,26220.75,14449.0
2026-01-28T15:30:00Z,26220.5,26236.5,26194.25,26195.5,23088.0
2026-01-28T15:35:00Z,26195.25,26228.25,26189.5,26222.75,19714.0
2026-01-28T15:40:00Z,26222.75,26224.75,26181.0,26183.75,20549.0
2026-01-28T15:45:00Z,26183.75,26190.5,26166.25,26187.25,19269.0
2026-01-28T15:50:00Z,26187.0,26191.5,26174.0,26178.5,12111.0
2026-01-28T15:55:00Z,26178.5,26182.75,26159.0,26162.5,15047.0
2026-01-28T16:00:00Z,26162.5,26184.75,26162.0,26181.0,13739.0
2026-01-28T16:05:00Z,26180.75,26196.0,26173.5,26186.0,12521.0
2026-01-28T16:10:00Z,26186.0,26198.75,26174.0,26183.75,12747.0
2026-01-28T16:15:00Z,26183.5,26187.25,26170.25,26170.5,9297.0
2026-01-28T16:20:00Z,26170.5,26176.25,26149.5,26168.75,15390.0
2026-01-28T16:25:00Z,26169.0,26184.5,26160.5,26183.0,11046.0
2026-01-28T16:30:00Z,26182.5,26182.5,26147.25,26150.5,16591.0
2026-01-28T16:35:00Z,26151.0,26158.5,26141.75,26152.5,10559.0
2026-01-28T16:40:00Z,26152.5,26153.25,26121.0,26122.25,16652.0
2026-01-28T16:45:00Z,26122.25,26138.5,26120.25,26127.75,11725.0
2026-01-28T16:50:00Z,26128.75,26131.25,26100.75,26109.5,17468.0
2026-01-28T16:55:00Z,26109.5,26131.0,26109.5,26116.75,11913.0
2026-01-28T17:00:00Z,26116.75,26144.5,26114.0,26133.25,13535.0
2026-01-28T17:05:00Z,26133.75,26141.25,26117.25,26132.25,10630.0
2026-01-28T17:10:00Z,26133.0,26157.0,26131.5,26151.75,10937.0
2026-01-28T17:15:00Z,26151.75,26162.0,26141.75,26161.25,9030.0
2026-01-28T17:20:00Z,26161.25,26164.0,26122.5,26125.5,13022.0
2026-01-28T17:25:00Z,26125.5,26129.25,26115.75,26127.0,8902.0
2026-01-28T17:30:00Z,26127.25,26127.25,26110.0,26113.5,7909.0
2026-01-28T17:35:00Z,26113.75,26128.25,26113.5,26124.25,7294.0
2026-01-28T17:40:00Z,26123.5,26138.25,26118.5,26130.5,8961.0
2026-01-28T17:45:00Z,26130.25,26140.0,26119.5,26133.25,8676.0
2026-01-28T17:50:00Z,26133.25,26163.75,26132.75,26162.25,9163.0
2026-01-28T17:55:00Z,26162.5,26164.75,26139.5,26141.25,8383.0
2026-01-28T18:00:00Z,26140.75,26150.25,26122.0,26149.0,10554.0
2026-01-28T18:05:00Z,26148.75,26156.0,26146.0,26148.75,6093.0
2026-01-28T18:10:00Z,26148.75,26159.5,26136.25,26159.0,6539.0
2026-01-28T18:15:00Z,26159.25,26168.25,26156.5,26162.25,6926.0
2026-01-28T18:20:00Z,26162.5,26171.0,26159.5,26162.5,5688.0
2026-01-28T18:25:00Z,26162.25,26166.25,26152.25,26160.5,5416.0
2026-01-28T18:30:00Z,26160.25,26166.75,26151.0,26151.75,5634.0
2026-01-28T18:35:00Z,26151.5,26163.25,26145.25,26146.0,5710.0
2026-01-28T18:40:00Z,26145.75,26164.25,26145.5,26155.0,4720.0
2026-01-28T18:45:00Z,26155.25,26160.5,26147.25,26155.0,3679.0
2026-01-28T18:50:00Z,26154.5,26174.5,26152.25,26170.25,5619.0
2026-01-28T18:55:00Z,26170.0,26180.0,26147.25,26168.0,5776.0
2026-01-28T19:00:00Z,26168.0,26196.0,26116.25,26152.25,25378.0
2026-01-28T19:05:00Z,26152.25,26160.25,26131.25,26148.5,11765.0
2026-01-28T19:10:00Z,26148.25,26167.0,26137.0,26143.25,10089.0
2026-01-28T19:15:00Z,26143.5,26152.5,26128.75,26148.75,8761.0
2026-01-28T19:20:00Z,26148.75,26169.75,26129.0,26164.25,9564.0
2026-01-28T19:25:00Z,26165.0,26171.75,26118.75,26122.25,10253.0
2026-01-28T19:30:00Z,26121.75,26174.25,26111.75,26151.5,36320.0
2026-01-28T19:35:00Z,26152.0,26179.0,26143.25,26145.25,20857.0
2026-01-28T19:40:00Z,26145.5,26164.5,26125.0,26147.75,23769.0
2026-01-28T19:45:00Z,26148.25,26198.0,26144.25,26184.5,22912.0
2026-01-28T19:50:00Z,26184.75,26210.75,26179.5,26201.5,19642.0
2026-01-28T19:55:00Z,26201.25,26203.25,26158.5,26160.75,17882.0
2026-01-28T20:00:00Z,26160.75,26194.0,26153.5,26183.0,14624.0
2026-01-28T20:05:00Z,26182.75,26203.0,26180.0,26199.25,10398.0
2026-01-28T20:10:00Z,26199.25,26212.0,26196.0,26197.5,10876.0
2026-01-28T20:15:00Z,26197.25,26202.75,26185.5,26198.5,9863.0
2026-01-28T20:20:00Z,26198.75,26210.75,26189.5,26203.75,8891.0
2026-01-28T20:25:00Z,26203.25,26203.75,26171.75,26174.25,10579.0
2026-01-28T20:30:00Z,26174.25,26182.75,26152.0,26152.5,9957.0
2026-01-28T20:35:00Z,26152.75,26177.5,26149.5,26172.75,11826.0
2026-01-28T20:40:00Z,26172.5,26176.0,26154.5,26156.75,6981.0
2026-01-28T20:45:00Z,26156.5,26172.0,26151.0,26154.75,8541.0
2026-01-28T20:50:00Z,26154.75,26188.75,26131.25,26171.75,17382.0
2026-01-28T20:55:00Z,26172.25,26182.75,26136.5,26151.0,14392.0
2026-01-28T21:00:00Z,26151.0,26167.75,25996.25,26046.75,43019.0
2026-01-28T21:05:00Z,26047.75,26152.75,26025.0,26150.25,23243.0
2026-01-28T21:10:00Z,26150.25,26199.5,26139.0,26195.75,16785.0
2026-01-28T21:15:00Z,26196.25,26211.75,26180.25,26209.75,12165.0
2026-01-28T21:20:00Z,26209.25,26243.0,26201.75,26231.0,11172.0
2026-01-28T21:25:00Z,26231.0,26265.0,26228.25,26262.5,9070.0
2026-01-28T21:30:00Z,26262.25,26274.5,26245.0,26267.25,9092.0
2026-01-28T21:35:00Z,26267.25,26271.75,26257.75,26260.5,4007.0
2026-01-28T21:40:00Z,26259.75,26271.25,26254.5,26266.25,3828.0
2026-01-28T21:45:00Z,26266.75,26287.75,26258.0,26267.5,4639.0
2026-01-28T21:50:00Z,26267.75,26272.75,26243.5,26249.25,2909.0
2026-01-28T21:55:00Z,26250.25,26273.25,26249.5,26268.5,2321.0
2026-01-28T23:00:00Z,26278.0,26294.5,26261.25,26269.5,0.0
2026-01-28T23:05:00Z,26269.25,26270.25,26232.0,26235.5,3132.0
2026-01-28T23:10:00Z,26235.75,26243.5,26161.5,26163.25,6120.0
2026-01-28T23:15:00Z,26162.75,26216.25,26160.5,26204.75,6299.0
2026-01-28T23:20:00Z,26204.0,26243.75,26202.5,26230.25,5045.0
2026-01-28T23:25:00Z,26231.0,26235.5,26186.5,26209.0,4646.0
2026-01-28T23:30:00Z,26209.75,26216.25,26201.0,26206.75,2199.0
2026-01-28T23:35:00Z,26207.0,26212.75,26188.5,26190.25,1911.0
2026-01-28T23:40:00Z,26190.0,26207.5,26176.25,26187.5,4515.0
2026-01-28T23:45:00Z,26187.25,26211.0,26185.25,26211.0,2311.0
2026-01-28T23:50:00Z,26211.0,26217.75,26192.75,26213.0,4050.0
2026-01-28T23:55:00Z,26213.25,26219.0,26159.0,26170.0,6035.0
2026-01-29T00:00:00Z,26169.0,26179.75,26104.75,26117.5,10166.0
2026-01-29T00:05:00Z,26117.75,26156.0,26111.0,26145.75,5403.0
2026-01-29T00:10:00Z,26145.0,26170.0,26138.75,26145.25,5058.0
2026-01-29T00:15:00Z,26144.5,26158.75,26129.25,26137.0,4032.0
2026-01-29T00:20:00Z,26137.0,26159.0,26130.0,26153.0,3487.0
2026-01-29T00:25:00Z,26154.0,26171.25,26144.5,26170.75,2532.0
2026-01-29T00:30:00Z,26170.5,26171.0,26135.0,26145.25,3774.0
2026-01-29T00:35:00Z,26144.75,26154.5,26126.75,26144.25,3208.0
2026-01-29T00:40:00Z,26143.75,26147.25,26132.25,26135.75,1481.0
2026-01-29T00:45:00Z,26135.25,26144.0,26130.5,26136.25,1490.0
2026-01-29T00:50:00Z,26136.0,26141.0,26127.5,26139.5,1870.0
2026-01-29T00:55:00Z,26139.5,26163.75,26138.75,26163.0,2759.0
2026-01-29T01:00:00Z,26163.0,26168.5,26149.75,26160.25,2777.0
2026-01-29T01:05:00Z,26159.75,26168.0,26152.0,26159.5,1869.0
2026-01-29T01:10:00Z,26160.25,26161.0,26141.5,26147.0,2562.0
2026-01-29T01:15:00Z,26147.5,26150.0,26123.75,26132.0,2738.0
2026-01-29T01:20:00Z,26132.5,26143.0,26105.25,26106.25,4161.0
2026-01-29T01:25:00Z,26106.75,26116.25,26085.75,26111.75,5852.0
2026-01-29T01:30:00Z,26112.5,26124.25,26097.0,26097.75,4044.0
2026-01-29T01:35:00Z,26099.5,26114.75,26090.75,26098.5,3619.0
2026-01-29T01:40:00Z,26099.0,26116.0,26098.75,26107.5,1902.0
2026-01-29T01:45:00Z,26107.75,26124.5,26103.0,26111.0,2686.0
2026-01-29T01:50:00Z,26111.75,26122.25,26109.5,26121.25,1320.0
2026-01-29T01:55:00Z,26121.75,26130.25,26116.25,26128.5,1629.0
2026-01-29T02:00:00Z,26129.25,26153.5,26122.0,26146.75,3837.0
2026-01-29T02:05:00Z,26146.0,26150.25,26135.5,26141.75,2131.0
2026-01-29T02:10:00Z,26142.0,26145.0,26125.0,26134.5,2098.0
2026-01-29T02:15:00Z,26135.25,26148.25,26135.0,26139.75,1762.0
2026-01-29T02:20:00Z,26140.5,26166.0,26127.75,26163.25,3928.0
2026-01-29T02:25:00Z,26163.0,26176.25,26154.5,26171.25,3220.0
2026-01-29T02:30:00Z,26171.5,26176.75,26166.0,26168.5,1728.0
2026-01-29T02:35:00Z,26168.75,26177.25,26164.25,26166.5,1594.0
2026-01-29T02:40:00Z,26167.25,26168.75,26157.75,26161.5,1697.0
2026-01-29T02:45:00Z,26160.75,26162.25,26147.5,26148.0,2082.0
2026-01-29T02:50:00Z,26148.0,26161.5,26147.75,26157.5,1445.0
2026-01-29T02:55:00Z,26158.0,26175.5,26152.5,26162.25,3363.0
2026-01-29T03:00:00Z,26161.5,26178.75,26161.5,26173.25,1748.0
2026-01-29T03:05:00Z,26173.25,26178.25,26167.0,26169.25,1117.0
2026-01-29T03:10:00Z,26168.75,26181.25,26163.5,26179.75,1826.0
2026-01-29T03:15:00Z,26180.25,26189.5,26179.5,26189.0,1770.0
2026-01-29T03:20:00Z,26189.0,26194.0,26186.25,26189.25,1573.0
2026-01-29T03:25:00Z,26188.25,26189.5,26180.5,26183.25,931.0
2026-01-29T03:30:00Z,26183.5,26193.5,26183.5,26191.75,1102.0
2026-01-29T03:35:00Z,26192.5,26193.75,26177.75,26180.0,1290.0
2026-01-29T03:40:00Z,26179.5,26196.75,26179.5,26196.5,1625.0
2026-01-29T03:45:00Z,26195.75,26198.0,26186.25,26191.75,1347.0
2026-01-29T03:50:00Z,26193.0,26198.25,26185.75,26190.25,925.0
2026-01-29T03:55:00Z,26191.0,26199.75,26190.75,26197.75,725.0
2026-01-29T04:00:00Z,26200.25,26200.5,26199.75,26200.25,1292.0
2026-01-29T04:05:00Z,26200.75,26202.75,26195.25,26199.5,670.0
2026-01-29T04:10:00Z,26198.75,26204.25,26195.25,26202.25,671.0
2026-01-29T04:15:00Z,26202.75,26219.75,26201.25,26217.5,2173.0
2026-01-29T04:20:00Z,26217.75,26226.5,26212.5,26218.5,2184.0
2026-01-29T04:25:00Z,26218.75,26221.75,26212.25,26213.75,835.0
2026-01-29T04:30:00Z,26214.75,26225.0,26214.5,26222.0,980.0
2026-01-29T04:35:00Z,26222.0,26226.0,26218.75,26224.0,568.0
2026-01-29T04:40:00Z,26225.0,26231.0,26223.5,26223.75,1129.0
2026-01-29T04:45:00Z,26224.0,26227.0,26220.5,26223.75,759.0
2026-01-29T04:50:00Z,26224.25,26233.75,26221.25,26231.5,1087.0
2026-01-29T04:55:00Z,26231.25,26232.25,26227.75,26229.0,413.0
2026-01-29T05:05:00Z,26222.0,26223.5,26220.25,26222.25,2949.0
2026-01-29T05:10:00Z,26221.75,26223.75,26210.75,26217.0,1455.0
2026-01-29T05:15:00Z,26217.0,26227.0,26216.75,26224.5,1007.0
2026-01-29T05:20:00Z,26228.0,26229.75,26222.5,26223.0,800.0
2026-01-29T05:25:00Z,26223.5,26233.0,26221.75,26230.25,964.0
2026-01-29T05:30:00Z,26231.0,26240.75,26230.0,26237.5,1414.0
2026-01-29T05:35:00Z,26238.0,26247.25,26237.5,26245.5,1519.0
2026-01-29T05:40:00Z,26245.0,26249.75,26243.5,26249.25,1222.0
2026-01-29T05:45:00Z,26248.5,26249.25,26240.25,26241.5,1203.0
2026-01-29T05:50:00Z,26241.5,26248.5,26239.25,26247.25,1070.0
2026-01-29T05:55:00Z,26247.5,26248.25,26227.75,26234.0,2092.0
2026-01-29T06:00:00Z,26233.5,26250.0,26232.75,26249.5,1322.0
2026-01-29T06:05:00Z,26249.25,26258.75,26247.25,26257.75,1494.0
2026-01-29T06:10:00Z,26257.75,26265.0,26257.0,26263.5,1356.0
2026-01-29T06:15:00Z,26262.75,26267.0,26259.25,26262.5,957.0
2026-01-29T06:20:00Z,26262.25,26262.25,26254.0,26256.0,1168.0
2026-01-29T06:25:00Z,26256.5,26259.5,26248.0,26255.25,1500.0
2026-01-29T06:30:00Z,26255.25,26262.75,26251.0,26257.5,937.0
2026-01-29T06:35:00Z,26258.5,26261.0,26247.5,26251.75,1112.0
2026-01-29T06:40:00Z,26252.0,26254.5,26242.0,26246.75,1098.0
2026-01-29T06:45:00Z,26246.75,26251.0,26235.75,26243.0,1637.0
2026-01-29T06:50:00Z,26243.75,26245.0,26231.5,26236.0,1232.0
2026-01-29T06:55:00Z,26237.0,26249.5,26234.5,26246.75,1062.0
2026-01-29T07:00:00Z,26246.25,26258.5,26245.0,26248.0,1735.0
2026-01-29T07:05:00Z,26248.0,26251.25,26241.75,26245.5,857.0
2026-01-29T07:10:00Z,26245.25,26254.0,26240.75,26247.0,985.0
2026-01-29T07:15:00Z,26247.25,26248.5,26235.25,26237.5,1033.0
2026-01-29T07:20:00Z,26237.5,26243.75,26231.5,26234.0,1056.0
2026-01-29T07:25:00Z,26234.0,26250.0,26233.75,26249.25,1353.0
2026-01-29T07:30:00Z,26249.5,26262.25,26245.0,26261.25,1664.0
2026-01-29T07:35:00Z,26260.75,26274.0,26260.75,26271.5,2233.0
2026-01-29T07:40:00Z,26272.0,26276.75,26268.0,26273.0,1472.0
2026-01-29T07:45:00Z,26273.5,26275.75,26263.75,26267.0,1410.0
2026-01-29T07:50:00Z,26266.75,26269.75,26257.0,26258.0,1207.0
2026-01-29T07:55:00Z,26257.5,26259.0,26251.5,26255.25,1201.0
2026-01-29T08:00:00Z,26255.25,26261.0,26226.75,26235.0,5262.0
2026-01-29T08:05:00Z,26235.0,26251.5,26231.75,26240.5,3229.0
2026-01-29T08:10:00Z,26239.75,26269.0,26239.75,26265.25,3330.0
2026-01-29T08:15:00Z,26264.5,26280.75,26264.5,26278.0,2743.0
2026-01-29T08:20:00Z,26277.75,26278.5,26255.25,26262.75,1832.0
2026-01-29T08:25:00Z,26262.25,26270.5,26249.5,26268.75,1770.0
2026-01-29T08:30:00Z,26268.5,26271.5,26259.0,26259.5,1785.0
2026-01-29T08:35:00Z,26259.5,26265.0,26244.0,26251.5,2265.0
2026-01-29T08:40:00Z,26252.25,26266.25,26250.25,26262.0,1655.0
2026-01-29T08:45:00Z,26261.5,26266.75,26245.75,26245.75,1659.0
2026-01-29T08:50:00Z,26245.5,26246.0,26233.0,26241.0,2348.0
2026-01-29T08:55:00Z,26240.5,26255.75,26239.75,26248.75,1930.0
2026-01-29T09:00:00Z,26248.75,26267.0,26245.0,26260.25,2687.0
2026-01-29T09:05:00Z,26260.5,26266.25,26253.5,26265.5,1341.0
2026-01-29T09:10:00Z,26265.5,26273.0,26261.25,26266.25,1492.0
2026-01-29T09:15:00Z,26267.0,26269.0,26252.5,26261.0,1320.0
2026-01-29T09:20:00Z,26260.75,26270.75,26253.5,26267.5,1374.0
2026-01-29T09:25:00Z,26267.0,26269.75,26251.0,26252.5,1522.0
2026-01-29T09:30:00Z,26252.25,26259.75,26240.75,26251.75,1924.0
2026-01-29T09:35:00Z,26251.0,26266.25,26250.0,26259.25,1400.0
2026-01-29T09:40:00Z,26259.75,26260.0,26248.5,26253.0,1290.0
2026-01-29T09:45:00Z,26253.0,26253.25,26239.75,26242.25,1312.0
2026-01-29T09:50:00Z,26242.25,26245.25,26221.0,26225.25,2661.0
2026-01-29T09:55:00Z,26224.75,26230.0,26210.25,26211.5,2527.0
2026-01-29T10:00:00Z,26211.25,26214.5,26198.75,26201.25,3802.0
2026-01-29T10:05:00Z,26201.0,26215.5,26200.25,26212.25,2158.0
2026-01-29T10:10:00Z,26211.5,26221.25,26197.25,26204.25,3211.0
2026-01-29T10:15:00Z,26205.0,26221.75,26204.5,26220.5,1745.0
2026-01-29T10:20:00Z,26221.0,26227.5,26211.0,26225.0,1705.0
2026-01-29T10:25:00Z,26224.75,26237.25,26224.25,26228.25,2261.0
2026-01-29T10:30:00Z,26228.75,26230.75,26220.5,26226.25,1329.0
2026-01-29T10:35:00Z,26226.25,26229.25,26219.0,26222.0,1133.0
2026-01-29T10:40:00Z,26222.5,26223.5,26210.75,26217.75,1453.0
2026-01-29T10:45:00Z,26217.5,26220.75,26211.75,26216.25,1162.0
2026-01-29T10:50:00Z,26216.5,26223.75,26208.5,26208.5,1513.0
2026-01-29T10:55:00Z,26208.5,26210.5,26186.75,26191.5,3992.0
2026-01-29T11:00:00Z,26192.0,26196.75,26175.5,26188.25,3424.0
2026-01-29T11:05:00Z,26188.25,26203.0,26178.75,26198.0,2811.0
2026-01-29T11:10:00Z,26197.75,26206.75,26194.25,26194.75,1771.0
2026-01-29T11:15:00Z,26195.0,26199.0,26180.75,26186.25,2282.0
2026-01-29T11:20:00Z,26186.25,26203.0,26186.25,26200.0,2098.0
2026-01-29T11:25:00Z,26199.5,26201.5,26191.25,26194.0,1210.0
2026-01-29T11:30:00Z,26194.25,26203.75,26185.75,26194.75,3445.0
2026-01-29T11:35:00Z,26194.25,26201.25,26178.25,26183.0,2471.0
2026-01-29T11:40:00Z,26182.5,26193.5,26182.0,26193.0,1456.0
2026-01-29T11:45:00Z,26193.75,26200.5,26192.25,26195.5,1723.0
2026-01-29T11:50:00Z,26195.75,26200.25,26191.0,26194.25,1390.0
2026-01-29T11:55:00Z,26195.0,26208.5,26194.25,26201.0,1881.0
2026-01-29T12:00:00Z,26201.0,26215.5,26198.5,26201.5,2946.0
2026-01-29T12:05:00Z,26201.5,26220.75,26201.5,26219.25,1769.0
2026-01-29T12:10:00Z,26219.5,26222.0,26211.75,26212.0,1452.0
2026-01-29T12:15:00Z,26212.75,26217.5,26208.0,26211.0,1177.0
2026-01-29T12:20:00Z,26211.5,26215.75,26194.25,26197.0,2384.0
2026-01-29T12:25:00Z,26196.25,26203.0,26188.25,26198.75,1788.0
2026-01-29T12:30:00Z,26198.75,26200.75,26190.5,26195.0,1234.0
2026-01-29T12:35:00Z,26196.0,26199.0,26162.25,26166.0,3361.0
2026-01-29T12:40:00Z,26166.0,26176.75,26159.0,26162.25,3984.0
2026-01-29T12:45:00Z,26162.25,26177.25,26161.5,26172.0,2055.0
2026-01-29T12:50:00Z,26172.5,26179.75,26155.75,26168.5,3165.0
2026-01-29T12:55:00Z,26169.25,26179.5,26159.75,26176.0,2385.0
2026-01-29T13:00:00Z,26175.25,26185.0,26169.75,26176.5,2681.0
2026-01-29T13:05:00Z,26175.75,26188.5,26175.0,26185.25,2122.0
2026-01-29T13:10:00Z,26185.5,26185.75,26170.0,26174.75,1556.0
2026-01-29T13:15:00Z,26174.75,26175.25,26150.75,26156.5,3883.0
2026-01-29T13:20:00Z,26157.0,26167.5,26154.5,26167.0,2137.0
2026-01-29T13:25:00Z,26167.25,26176.5,26163.0,26175.0,2328.0
2026-01-29T13:30:00Z,26175.0,26189.25,26158.75,26185.5,4119.0
2026-01-29T13:35:00Z,26186.0,26197.75,26185.5,26188.5,3880.0
2026-01-29T13:40:00Z,26188.75,26204.0,26187.75,26198.25,3988.0
2026-01-29T13:45:00Z,26198.0,26202.0,26191.75,26193.0,2936.0
2026-01-29T13:50:00Z,26193.25,26198.5,26184.25,26189.25,3736.0
2026-01-29T13:55:00Z,26189.0,26196.5,26188.25,26194.5,2441.0
2026-01-29T14:00:00Z,26194.5,26197.0,26153.75,26157.5,7148.0
2026-01-29T14:05:00Z,26157.75,26174.25,26148.75,26163.0,6991.0
2026-01-29T14:10:00Z,26162.75,26166.75,26142.0,26149.75,6330.0
2026-01-29T14:15:00Z,26150.0,26161.0,26144.75,26152.25,6073.0
2026-01-29T14:20:00Z,26152.0,26156.75,26146.25,26155.75,3119.0
2026-01-29T14:25:00Z,26156.25,26158.5,26131.75,26132.75,9343.0
2026-01-29T14:30:00Z,26133.0,26177.25,26082.5,26097.25,55741.0
2026-01-29T14:35:00Z,26097.75,26100.75,26004.5,26029.5,56371.0
2026-01-29T14:40:00Z,26029.0,26038.5,25946.0,25950.75,60038.0
2026-01-29T14:45:00Z,25951.25,26008.0,25910.5,25986.0,62382.0
2026-01-29T14:50:00Z,25986.25,25988.5,25904.0,25941.5,48556.0
2026-01-29T14:55:00Z,25941.75,25952.5,25858.25,25864.0,50092.0
2026-01-29T15:00:00Z,25864.25,25868.5,25753.25,25798.0,67031.0
2026-01-29T15:05:00Z,25797.25,25825.25,25774.25,25785.5,50085.0
2026-01-29T15:10:00Z,25785.25,25826.0,25718.25,25721.0,55339.0
2026-01-29T15:15:00Z,25720.75,25786.75,25720.0,25759.25,50385.0
2026-01-29T15:20:00Z,25759.5,25819.75,25744.0,25791.25,46475.0
2026-01-29T15:25:00Z,25791.75,25822.0,25725.75,25735.75,39232.0
2026-01-29T15:30:00Z,25735.5,25753.5,25684.75,25698.75,42361.0
2026-01-29T15:35:00Z,25699.0,25707.25,25654.25,25658.75,35425.0
2026-01-29T15:40:00Z,25659.25,25660.75,25609.0,25624.25,37044.0
2026-01-29T15:45:00Z,25624.75,25643.5,25592.25,25602.75,40322.0
2026-01-29T15:50:00Z,25602.5,25602.75,25540.0,25545.5,40252.0
2026-01-29T15:55:00Z,25544.75,25620.0,25536.0,25576.75,40130.0
2026-01-29T16:00:00Z,25576.5,25599.5,25554.5,25559.5,30186.0
2026-01-29T16:05:00Z,25559.75,25583.75,25537.75,25573.25,27701.0
2026-01-29T16:10:00Z,25573.5,25667.25,25552.75,25662.5,40919.0
2026-01-29T16:15:00Z,25662.25,25689.75,25652.5,25681.75,33948.0
2026-01-29T16:20:00Z,25682.0,25714.25,25660.25,25683.0,37121.0
2026-01-29T16:25:00Z,25683.0,25710.75,25657.25,25684.5,28175.0
2026-01-29T16:30:00Z,25684.75,25712.5,25675.5,25680.25,25211.0
2026-01-29T16:35:00Z,25680.0,25712.25,25667.0,25697.75,22260.0
2026-01-29T16:40:00Z,25698.0,25731.75,25689.5,25709.0,28673.0
2026-01-29T16:45:00Z,25709.0,25739.5,25700.5,25718.0,27107.0
2026-01-29T16:50:00Z,25718.0,25730.0,25697.5,25704.0,20139.0
2026-01-29T16:55:00Z,25704.25,25718.5,25684.5,25711.25,20117.0
2026-01-29T17:00:00Z,25711.5,25762.75,25708.5,25742.75,23798.0
2026-01-29T17:05:00Z,25742.75,25759.5,25733.0,25751.0,17033.0
2026-01-29T17:10:00Z,25751.0,25809.5,25748.25,25799.5,19526.0
2026-01-29T17:15:00Z,25799.75,25815.5,25791.25,25809.25,16956.0
2026-01-29T17:20:00Z,25809.25,25853.0,25806.0,25845.0,19341.0
2026-01-29T17:25:00Z,25845.0,25851.75,25817.5,25839.0,15813.0
2026-01-29T17:30:00Z,25839.25,25857.5,25833.75,25850.5,15694.0
2026-01-29T17:35:00Z,25850.5,25878.75,25848.25,25854.75,17199.0
2026-01-29T17:40:00Z,25854.75,25854.75,25813.75,25836.75,22896.0
2026-01-29T17:45:00Z,25836.75,25838.0,25788.25,25815.0,22175.0
2026-01-29T17:50:00Z,25815.25,25817.75,25752.0,25757.75,25201.0
2026-01-29T17:55:00Z,25757.75,25778.25,25749.25,25760.5,20229.0
2026-01-29T18:00:00Z,25760.25,25820.5,25757.75,25807.25,27256.0
2026-01-29T18:05:00Z,25807.75,25848.75,25802.75,25827.0,24458.0
2026-01-29T18:10:00Z,25827.0,25860.75,25827.0,25853.25,16974.0
2026-01-29T18:15:00Z,25853.0,25856.75,25821.0,25829.5,16001.0
2026-01-29T18:20:00Z,25829.75,25841.25,25813.5,25836.5,14190.0
2026-01-29T18:25:00Z,25837.0,25854.25,25826.75,25846.25,12886.0
2026-01-29T18:30:00Z,25846.25,25848.25,25820.0,25844.0,15820.0
2026-01-29T18:35:00Z,25843.75,25870.5,25838.0,25869.5,15267.0
2026-01-29T18:40:00Z,25869.25,25890.25,25857.75,25867.5,18010.0
2026-01-29T18:45:00Z,25867.75,25871.0,25846.5,25870.25,12564.0
2026-01-29T18:50:00Z,25870.0,25879.0,25854.25,25858.25,11085.0
2026-01-29T18:55:00Z,25858.5,25867.0,25836.0,25837.75,12852.0
2026-01-29T19:00:00Z,25837.0,25854.0,25820.25,25840.75,18528.0
2026-01-29T19:05:00Z,25841.0,25880.5,25840.5,25865.5,14535.0
2026-01-29T19:10:00Z,25866.25,25883.75,25859.75,25876.25,9653.0
2026-01-29T19:15:00Z,25876.0,25898.5,25867.5,25882.5,14053.0
2026-01-29T19:20:00Z,25882.5,25886.25,25873.75,25884.5,7830.0
2026-01-29T19:25:00Z,25884.75,25888.5,25874.5,25878.75,6829.0
2026-01-29T19:30:00Z,25878.75,25887.25,25844.75,25845.5,20352.0
2026-01-29T19:35:00Z,25846.0,25866.0,25844.75,25851.0,10855.0
2026-01-29T19:40:00Z,25851.5,25864.75,25849.5,25857.0,7389.0
2026-01-29T19:45:00Z,25857.25,25865.5,25834.25,25839.75,10012.0
2026-01-29T19:50:00Z,25840.0,25865.25,25838.75,25864.0,9146.0
2026-01-29T19:55:00Z,25864.0,25872.0,25846.25,25849.0,10140.0
2026-01-29T20:00:00Z,25849.75,25866.25,25841.25,25854.0,10788.0
2026-01-29T20:05:00Z,25853.75,25880.75,25849.25,25878.5,9534.0
2026-01-29T20:10:00Z,25878.25,25881.5,25865.75,25869.0,8781.0
2026-01-29T20:15:00Z,25869.25,25878.75,25863.25,25874.5,6816.0
2026-01-29T20:20:00Z,25874.75,25878.0,25864.25,25874.0,6267.0
2026-01-29T20:25:00Z,25873.75,25880.75,25851.75,25853.25,8388.0
2026-01-29T20:30:00Z,25854.0,25875.5,25846.5,25875.25,9587.0
2026-01-29T20:35:00Z,25874.75,25921.25,25871.0,25910.25,14776.0
2026-01-29T20:40:00Z,25910.75,25927.0,25901.75,25921.75,13338.0
2026-01-29T20:45:00Z,25921.5,25927.75,25911.75,25924.25,8802.0
2026-01-29T20:50:00Z,25924.75,25987.25,25924.75,25984.75,26308.0
2026-01-29T20:55:00Z,25984.5,26020.0,25975.75,25991.75,27023.0
2026-01-29T21:00:00Z,25997.75,26019.75,25997.0,25999.25,12055.0
2026-01-29T21:05:00Z,25999.0,26006.5,25967.5,25997.75,11927.0
2026-01-29T21:10:00Z,25997.25,25998.75,25972.5,25983.25,6368.0
2026-01-29T21:15:00Z,25983.0,25987.5,25971.5,25976.0,3301.0
2026-01-29T21:20:00Z,25975.5,25980.5,25967.25,25973.5,2629.0
2026-01-29T21:25:00Z,25974.5,26018.25,25948.0,25987.0,4635.0
2026-01-29T21:30:00Z,25987.0,26040.25,25975.0,25989.5,12034.0
2026-01-29T21:35:00Z,25987.25,26004.5,25986.5,26001.0,3282.0
2026-01-29T21:40:00Z,26001.5,26005.5,25971.0,25983.25,3331.0
2026-01-29T21:45:00Z,25983.75,25987.25,25970.0,25978.5,2326.0
2026-01-29T21:50:00Z,25978.0,25993.25,25971.75,25992.0,1622.0
2026-01-29T21:55:00Z,25991.25,26001.25,25982.0,25982.5,2069.0
2026-01-29T23:00:00Z,25994.5,26012.25,25950.0,25952.5,0.0
2026-01-29T23:05:00Z,25952.5,25998.25,25950.75,25958.25,4857.0
2026-01-29T23:10:00Z,25958.75,25961.0,25901.25,25906.25,5575.0
2026-01-29T23:15:00Z,25907.0,25933.75,25902.0,25927.25,3551.0
2026-01-29T23:20:00Z,25928.0,25962.5,25918.25,25957.75,3412.0
2026-01-29T23:25:00Z,25957.75,25983.5,25884.0,25941.5,6967.0
2026-01-29T23:30:00Z,25942.0,26002.25,25939.75,25994.75,6156.0
2026-01-29T23:35:00Z,25995.0,26019.0,25991.75,26008.5,3428.0
2026-01-29T23:40:00Z,26006.0,26011.5,25996.75,26003.5,1879.0
2026-01-29T23:45:00Z,26004.25,26011.75,25971.0,25991.0,3683.0
2026-01-29T23:50:00Z,25990.5,25994.0,25973.0,25978.75,1718.0
2026-01-29T23:55:00Z,25978.25,25980.75,25957.0,25972.0,2520.0
2026-01-30T00:00:00Z,25971.5,25991.0,25964.0,25990.75,3175.0
2026-01-30T00:05:00Z,25989.25,25991.0,25963.0,25969.25,2285.0
2026-01-30T00:10:00Z,25969.25,25972.25,25936.75,25954.5,3534.0
2026-01-30T00:15:00Z,25955.25,25971.5,25943.0,25945.25,2993.0
2026-01-30T00:20:00Z,25945.0,25948.0,25915.25,25935.0,4631.0
2026-01-30T00:25:00Z,25934.75,25944.25,25907.25,25925.25,4004.0
2026-01-30T00:30:00Z,25926.5,25994.0,25923.25,25936.0,7612.0
2026-01-30T00:35:00Z,25936.75,25946.5,25914.5,25938.5,2923.0
2026-01-30T00:40:00Z,25939.5,25944.75,25916.75,25922.0,1954.0
2026-01-30T00:45:00Z,25922.0,25936.0,25916.0,25930.75,2090.0
2026-01-30T00:50:00Z,25931.5,25939.75,25926.5,25927.0,1157.0
2026-01-30T00:55:00Z,25928.0,25948.5,25928.0,25929.25,1910.0
2026-01-30T01:00:00Z,25930.75,25933.75,25902.75,25916.75,3528.0
2026-01-30T01:05:00Z,25917.25,25927.0,25910.0,25920.0,2241.0
2026-01-30T01:10:00Z,25920.0,25924.0,25895.75,25903.0,3097.0
2026-01-30T01:15:00Z,25902.5,25909.0,25895.25,25905.5,2278.0
2026-01-30T01:20:00Z,25905.0,25909.75,25881.0,25891.0,3733.0
2026-01-30T01:25:00Z,25892.25,25907.5,25883.25,25886.25,2914.0
2026-01-30T01:30:00Z,25886.5,25890.5,25866.0,25870.5,3782.0
2026-01-30T01:35:00Z,25870.75,25875.75,25839.5,25841.75,4991.0
2026-01-30T01:40:00Z,25842.0,25843.0,25798.5,25811.0,7232.0
2026-01-30T01:45:00Z,25823.5,25840.75,25809.0,25829.0,6353.0
2026-01-30T01:50:00Z,25830.0,25865.75,25830.0,25861.25,3853.0
2026-01-30T01:55:00Z,25861.25,25867.0,25837.25,25852.5,4013.0
2026-01-30T02:00:00Z,25852.25,25858.75,25829.25,25832.25,3374.0
2026-01-30T02:05:00Z,25833.0,25865.75,25824.25,25838.0,5051.0
2026-01-30T02:10:00Z,25838.75,25847.5,25815.75,25823.25,3872.0
2026-01-30T02:15:00Z,25823.5,25842.75,25802.5,25803.25,5341.0
2026-01-30T02:20:00Z,25803.25,25805.5,25764.0,25771.5,7842.0
2026-01-30T02:25:00Z,25771.5,25787.0,25751.0,25751.75,5786.0
2026-01-30T02:30:00Z,25751.75,25774.25,25736.25,25763.5,5587.0
2026-01-30T02:35:00Z,25764.0,25793.5,25763.75,25779.25,3556.0
2026-01-30T02:40:00Z,25779.0,25800.5,25769.5,25787.0,3508.0
2026-01-30T02:45:00Z,25788.25,25799.75,25780.5,25787.25,2233.0
2026-01-30T02:50:00Z,25788.25,25828.0,25788.25,25825.5,3913.0
2026-01-30T02:55:00Z,25826.0,25847.75,25824.75,25843.75,3836.0
2026-01-30T03:00:00Z,25844.25,25870.5,25840.0,25864.0,5502.0
2026-01-30T03:05:00Z,25865.25,25888.0,25864.5,25885.0,3336.0
2026-01-30T03:10:00Z,25884.75,25885.0,25855.5,25857.0,3760.0
2026-01-30T03:15:00Z,25856.75,25872.75,25843.5,25868.25,4000.0
2026-01-30T03:20:00Z,25868.0,25872.0,25827.5,25844.5,4347.0
2026-01-30T03:25:00Z,25844.5,25859.5,25837.5,25850.0,2696.0
2026-01-30T03:30:00Z,25848.75,25880.0,25844.0,25871.25,3469.0
2026-01-30T03:35:00Z,25870.75,25877.75,25858.0,25858.0,2087.0
2026-01-30T03:40:00Z,25858.0,25862.5,25843.5,25854.0,2431.0
2026-01-30T03:45:00Z,25854.5,25867.25,25854.25,25863.25,1624.0
2026-01-30T03:50:00Z,25863.75,25874.75,25846.75,25852.25,2239.0
2026-01-30T03:55:00Z,25852.5,25860.75,25846.0,25847.5,1393.0
2026-01-30T04:00:00Z,25847.5,25862.25,25843.0,25854.5,1593.0
2026-01-30T04:05:00Z,25855.5,25873.25,25848.5,25871.5,1347.0
2026-01-30T04:10:00Z,25872.0,25887.5,25872.0,25887.5,1951.0
2026-01-30T04:15:00Z,25887.75,25894.5,25884.75,25894.0,1880.0
2026-01-30T04:20:00Z,25894.75,25896.0,25884.75,25885.0,1143.0
2026-01-30T04:25:00Z,25885.25,25886.25,25862.75,25879.25,2688.0
2026-01-30T04:30:00Z,25878.75,25895.0,25875.25,25887.25,1626.0
2026-01-30T04:35:00Z,25886.75,25896.5,25886.0,25888.25,1101.0
2026-01-30T04:40:00Z,25887.75,25889.25,25878.5,25881.75,1237.0
2026-01-30T04:45:00Z,25883.0,25888.25,25877.0,25878.0,823.0
2026-01-30T04:50:00Z,25877.75,25879.0,25864.5,25873.25,1891.0
2026-01-30T04:55:00Z,25873.25,25874.0,25851.5,25854.0,1776.0
2026-01-30T05:05:00Z,25886.25,25886.5,25877.5,25879.0,3698.0
2026-01-30T05:10:00Z,25880.0,25881.0,25856.25,25864.5,1481.0
2026-01-30T05:15:00Z,25864.0,25871.25,25849.75,25858.25,1832.0
2026-01-30T05:20:00Z,25859.25,25873.25,25856.0,25865.5,1202.0
2026-01-30T05:25:00Z,25865.0,25873.75,25857.0,25867.0,1162.0
2026-01-30T05:30:00Z,25866.0,25868.0,25849.25,25852.75,1301.0
2026-01-30T05:35:00Z,25852.75,25867.0,25848.5,25858.0,1194.0
2026-01-30T05:40:00Z,25858.0,25865.25,25844.5,25847.25,1329.0
2026-01-30T05:45:00Z,25847.5,25862.25,25841.75,25853.5,1589.0
2026-01-30T05:50:00Z,25853.25,25854.0,25842.25,25845.0,861.0
2026-01-30T05:55:00Z,25845.5,25852.5,25831.5,25833.25,1607.0
2026-01-30T06:00:00Z,25833.25,25839.0,25816.75,25816.75,2562.0
2026-01-30T06:05:00Z,25817.25,25827.5,25810.25,25822.75,2028.0
2026-01-30T06:10:00Z,25822.25,25823.25,25801.25,25812.5,2417.0
2026-01-30T06:15:00Z,25812.25,25813.5,25781.75,25788.0,2683.0
2026-01-30T06:20:00Z,25787.0,25806.5,25780.75,25790.75,2315.0
2026-01-30T06:25:00Z,25790.25,25799.5,25756.75,25784.25,3778.0
2026-01-30T06:30:00Z,25783.75,25799.0,25771.0,25775.5,2997.0
2026-01-30T06:35:00Z,25774.75,25814.25,25772.5,25805.5,2649.0
2026-01-30T06:40:00Z,25806.0,25809.25,25786.25,25789.0,1707.0
2026-01-30T06:45:00Z,25788.25,25788.25,25769.0,25777.0,2474.0
2026-01-30T06:50:00Z,25777.25,25793.75,25773.25,25791.5,2172.0
2026-01-30T06:55:00Z,25792.0,25796.75,25736.75,25751.25,6105.0
2026-01-30T07:00:00Z,25751.0,25774.0,25744.0,25760.25,3510.0
2026-01-30T07:05:00Z,25760.75,25796.25,25756.25,25795.75,2995.0
2026-01-30T07:10:00Z,25795.75,25804.75,25788.5,25791.75,2550.0
2026-01-30T07:15:00Z,25791.0,25793.0,25766.75,25777.5,2614.0
2026-01-30T07:20:00Z,25777.25,25783.0,25768.75,25776.25,2255.0
2026-01-30T07:25:00Z,25774.75,25774.75,25755.75,25761.5,2462.0
2026-01-30T07:30:00Z,25761.5,25780.0,25751.75,25767.25,3025.0
2026-01-30T07:35:00Z,25767.25,25775.75,25726.25,25735.75,4689.0
2026-01-30T07:40:00Z,25735.25,25741.5,25707.75,25738.25,4607.0
2026-01-30T07:45:00Z,25738.25,25744.25,25715.0,25740.0,2617.0
2026-01-30T07:50:00Z,25741.25,25747.25,25724.0,25727.5,2012.0
2026-01-30T07:55:00Z,25726.5,25740.75,25700.25,25708.75,2782.0
2026-01-30T08:00:00Z,25709.25,25727.0,25686.25,25726.75,6235.0
2026-01-30T08:05:00Z,25726.75,25733.5,25681.75,25691.75,4128.0
2026-01-30T08:10:00Z,25692.5,25746.75,25686.5,25741.5,3858.0
2026-01-30T08:15:00Z,25741.0,25754.5,25721.75,25741.25,3983.0
2026-01-30T08:20:00Z,25740.5,25766.25,25739.75,25758.5,3318.0
2026-01-30T08:25:00Z,25757.0,25770.25,25744.25,25748.0,2423.0
2026-01-30T08:30:00Z,25748.0,25748.0,25691.5,25701.75,4400.0
2026-01-30T08:35:00Z,25703.0,25728.0,25693.0,25720.5,3302.0
2026-01-30T08:40:00Z,25720.5,25729.25,25709.25,25728.0,2054.0
2026-01-30T08:45:00Z,25727.25,25757.75,25716.0,25754.75,2746.0
2026-01-30T08:50:00Z,25754.5,25784.5,25739.75,25784.25,3085.0
2026-01-30T08:55:00Z,25784.5,25792.75,25763.0,25768.5,3526.0
2026-01-30T09:00:00Z,25768.75,25780.25,25748.75,25776.0,3567.0
2026-01-30T09:05:00Z,25775.25,25787.0,25743.25,25754.25,2904.0
2026-01-30T09:10:00Z,25754.25,25754.5,25712.0,25719.25,3304.0
2026-01-30T09:15:00Z,25719.5,25731.25,25703.25,25725.25,3085.0
2026-01-30T09:20:00Z,25724.25,25731.75,25703.25,25704.0,2408.0
2026-01-30T09:25:00Z,25703.75,25714.0,25688.0,25706.0,2936.0
2026-01-30T09:30:00Z,25705.25,25720.0,25696.75,25707.75,2357.0
2026-01-30T09:35:00Z,25706.75,25731.25,25693.75,25702.0,2424.0
2026-01-30T09:40:00Z,25701.5,25717.0,25698.25,25706.75,1637.0
2026-01-30T09:45:00Z,25706.0,25706.0,25661.5,25662.75,5525.0
2026-01-30T09:50:00Z,25662.5,25685.25,25649.0,25683.5,4210.0
2026-01-30T09:55:00Z,25683.25,25717.0,25683.0,25696.5,3963.0
2026-01-30T10:00:00Z,25697.0,25740.25,25693.25,25716.5,4186.0
2026-01-30T10:05:00Z,25716.0,25731.0,25708.25,25712.5,2014.0
2026-01-30T10:10:00Z,25713.0,25741.75,25707.5,25738.5,2273.0
2026-01-30T10:15:00Z,25737.75,25744.5,25726.0,25738.75,2113.0
2026-01-30T10:20:00Z,25738.0,25749.5,25733.25,25746.75,1855.0
2026-01-30T10:25:00Z,25746.5,25748.5,25716.25,25728.25,2582.0
2026-01-30T10:30:00Z,25727.5,25764.75,25727.25,25756.5,2901.0
2026-01-30T10:35:00Z,25757.25,25784.5,25757.25,25768.75,3136.0
2026-01-30T10:40:00Z,25768.25,25777.25,25753.75,25774.25,2365.0
2026-01-30T10:45:00Z,25776.5,25786.5,25764.5,25776.25,2560.0
2026-01-30T10:50:00Z,25776.5,25790.0,25763.5,25772.5,1907.0
2026-01-30T10:55:00Z,25773.25,25773.75,25757.0,25764.25,1615.0
2026-01-30T11:00:00Z,25765.5,25804.0,25763.0,25790.75,3557.0
2026-01-30T11:05:00Z,25791.5,25795.25,25777.25,25787.75,2010.0
2026-01-30T11:10:00Z,25788.25,25807.5,25788.0,25805.5,2157.0
2026-01-30T11:15:00Z,25806.0,25813.5,25793.25,25794.0,2487.0
2026-01-30T11:20:00Z,25794.5,25818.5,25793.75,25816.75,1839.0
2026-01-30T11:25:00Z,25817.75,25819.75,25808.0,25817.75,1612.0
2026-01-30T11:30:00Z,25817.5,25845.5,25807.5,25840.25,4513.0
2026-01-30T11:35:00Z,25840.75,25843.25,25828.0,25838.25,2143.0
2026-01-30T11:40:00Z,25838.5,25846.25,25828.75,25830.5,1672.0
2026-01-30T11:45:00Z,25831.25,25835.0,25787.25,25796.5,4141.0
2026-01-30T11:50:00Z,25796.5,25874.0,25796.5,25870.75,7700.0
2026-01-30T11:55:00Z,25869.5,25883.75,25863.5,25870.75,4055.0
2026-01-30T12:00:00Z,25870.25,25905.0,25870.25,25903.25,6038.0
2026-01-30T12:05:00Z,25903.25,25904.5,25861.25,25862.0,4171.0
2026-01-30T12:10:00Z,25862.5,25881.5,25859.25,25869.75,3136.0
2026-01-30T12:15:00Z,25870.75,25881.25,25862.75,25868.25,2050.0
2026-01-30T12:20:00Z,25868.25,25884.5,25853.75,25883.0,3022.0
2026-01-30T12:25:00Z,25883.75,25884.75,25865.5,25866.0,2490.0
2026-01-30T12:30:00Z,25866.75,25879.0,25866.75,25871.5,1867.0
2026-01-30T12:35:00Z,25871.25,25894.75,25865.5,25865.75,3131.0
2026-01-30T12:40:00Z,25866.75,25882.25,25847.5,25850.0,4129.0
2026-01-30T12:45:00Z,25850.25,25870.75,25844.0,25851.0,3851.0
2026-01-30T12:50:00Z,25850.5,25855.25,25821.25,25833.25,4781.0
2026-01-30T12:55:00Z,25833.25,25850.0,25831.0,25846.5,3278.0
2026-01-30T13:00:00Z,25846.5,25864.5,25840.0,25863.5,3060.0
2026-01-30T13:05:00Z,25862.75,25878.25,25857.25,25863.0,3431.0
2026-01-30T13:10:00Z,25863.75,25886.0,25858.5,25878.5,2844.0
2026-01-30T13:15:00Z,25879.25,25886.75,25862.0,25863.0,2115.0
2026-01-30T13:20:00Z,25864.25,25871.5,25841.0,25844.75,3648.0
2026-01-30T13:25:00Z,25844.75,25883.5,25828.0,25841.25,4433.0
2026-01-30T13:30:00Z,25839.25,25864.0,25776.5,25813.75,11219.0
2026-01-30T13:35:00Z,25813.75,25830.5,25791.5,25815.25,6353.0
2026-01-30T13:40:00Z,25815.25,25846.25,25798.5,25842.5,6247.0
2026-01-30T13:45:00Z,25843.25,25853.75,25820.5,25823.0,6288.0
2026-01-30T13:50:00Z,25822.0,25835.25,25811.25,25825.5,4544.0
2026-01-30T13:55:00Z,25826.0,25837.0,25820.5,25825.75,3112.0
2026-01-30T14:00:00Z,25825.5,25850.0,25808.75,25827.5,7707.0
2026-01-30T14:05:00Z,25827.0,25845.75,25822.5,25827.5,5173.0
2026-01-30T14:10:00Z,25827.0,25842.5,25816.0,25834.75,5667.0
2026-01-30T14:15:00Z,25833.75,25847.5,25825.25,25831.75,5172.0
2026-01-30T14:20:00Z,25831.25,25841.25,25818.5,25822.75,4193.0
2026-01-30T14:25:00Z,25822.5,25838.0,25805.0,25834.0,9944.0
2026-01-30T14:30:00Z,25834.25,25917.0,25813.0,25891.0,55213.0
2026-01-30T14:35:00Z,25890.75,25921.25,25836.0,25918.5,46260.0
2026-01-30T14:40:00Z,25918.5,25939.25,25865.5,25872.0,42356.0
2026-01-30T14:45:00Z,25871.5,25899.75,25838.25,25891.75,37156.0
2026-01-30T14:50:00Z,25892.0,25931.0,25856.5,25876.25,34523.0
2026-01-30T14:55:00Z,25876.25,25908.25,25806.75,25828.25,38443.0
2026-01-30T15:00:00Z,25827.5,25878.5,25810.25,25814.5,40137.0
2026-01-30T15:05:00Z,25815.0,25906.25,25812.25,25888.0,35655.0
2026-01-30T15:10:00Z,25888.25,25925.75,25856.75,25895.5,34513.0
2026-01-30T15:15:00Z,25895.5,25919.25,25883.5,25891.75,25179.0
2026-01-30T15:20:00Z,25891.25,25911.25,25847.25,25859.25,31436.0
2026-01-30T15:25:00Z,25859.25,25863.0,25790.5,25794.0,37380.0
2026-01-30T15:30:00Z,25794.25,25810.0,25770.25,25805.0,40381.0
2026-01-30T15:35:00Z,25804.5,25892.0,25804.5,25878.25,46581.0
2026-01-30T15:40:00Z,25878.25,25912.5,25873.25,25893.0,26598.0
2026-01-30T15:45:00Z,25893.25,25934.25,25881.5,25908.5,26580.0
2026-01-30T15:50:00Z,25908.0,25914.0,25842.0,25863.75,31938.0
2026-01-30T15:55:00Z,25863.75,25874.25,25824.5,25841.25,29097.0
2026-01-30T16:00:00Z,25841.75,25853.5,25828.0,25837.25,22137.0
2026-01-30T16:05:00Z,25837.25,25869.25,25821.75,25826.5,24753.0
2026-01-30T16:10:00Z,25827.0,25851.25,25813.75,25832.25,21667.0
2026-01-30T16:15:00Z,25832.0,25833.5,25778.75,25787.75,26247.0
2026-01-30T16:20:00Z,25787.75,25793.25,25753.25,25765.0,28210.0
2026-01-30T16:25:00Z,25765.0,25820.5,25754.0,25798.75,29571.0
2026-01-30T16:30:00Z,25798.75,25830.0,25784.5,25787.0,29005.0
2026-01-30T16:35:00Z,25787.5,25837.5,25783.75,25809.25,24155.0
2026-01-30T16:40:00Z,25809.0,25859.25,25806.25,25835.5,18954.0
2026-01-30T16:45:00Z,25835.5,25838.75,25791.0,25797.75,22432.0
2026-01-30T16:50:00Z,25797.75,25808.25,25766.75,25795.0,22779.0
2026-01-30T16:55:00Z,25795.75,25797.5,25744.0,25757.5,21819.0
2026-01-30T17:00:00Z,25758.25,25762.75,25713.75,25716.75,27684.0
2026-01-30T17:05:00Z,25716.75,25721.5,25685.75,25699.0,26187.0
2026-01-30T17:10:00Z,25699.75,25724.25,25692.75,25703.0,23149.0
2026-01-30T17:15:00Z,25703.0,25717.25,25688.75,25710.25,20832.0
2026-01-30T17:20:00Z,25710.25,25772.0,25705.5,25751.25,27715.0
2026-01-30T17:25:00Z,25751.0,25789.75,25745.25,25782.25,21570.0
2026-01-30T17:30:00Z,25782.25,25795.75,25732.5,25739.5,17956.0
2026-01-30T17:35:00Z,25739.0,25763.5,25702.0,25734.25,22805.0
2026-01-30T17:40:00Z,25734.25,25744.25,25707.5,25742.0,16742.0
2026-01-30T17:45:00Z,25742.25,25773.75,25719.0,25737.5,20090.0
2026-01-30T17:50:00Z,25737.5,25751.5,25705.75,25709.75,17347.0
2026-01-30T17:55:00Z,25709.25,25736.5,25678.5,25679.75,18803.0
2026-01-30T18:00:00Z,25679.5,25695.0,25665.5,25684.0,18014.0
2026-01-30T18:05:00Z,25684.0,25714.0,25676.75,25685.75,17687.0
2026-01-30T18:10:00Z,25685.75,25689.0,25660.75,25672.25,14030.0
2026-01-30T18:15:00Z,25672.0,25680.25,25615.75,25618.0,26074.0
2026-01-30T18:20:00Z,25617.75,25629.5,25568.75,25618.5,33814.0
2026-01-30T18:25:00Z,25618.75,25675.25,25618.0,25671.0,28193.0
2026-01-30T18:30:00Z,25671.0,25683.0,25601.25,25605.75,24677.0
2026-01-30T18:35:00Z,25605.25,25641.75,25600.25,25620.0,20141.0
2026-01-30T18:40:00Z,25620.0,25638.75,25609.75,25623.75,16747.0
2026-01-30T18:45:00Z,25624.25,25678.75,25620.25,25677.75,19232.0
2026-01-30T18:50:00Z,25677.5,25722.75,25670.75,25719.75,25074.0
2026-01-30T18:55:00Z,25720.0,25771.5,25708.25,25741.5,24095.0
2026-01-30T19:00:00Z,25741.25,25766.75,25729.25,25750.75,23457.0
2026-01-30T19:05:00Z,25751.0,25781.25,25745.25,25757.5,18825.0
2026-01-30T19:10:00Z,25757.5,25764.25,25726.5,25744.25,15885.0
2026-01-30T19:15:00Z,25743.25,25753.25,25724.25,25733.25,12935.0
2026-01-30T19:20:00Z,25733.0,25761.25,25731.5,25744.25,14836.0
2026-01-30T19:25:00Z,25744.0,25763.0,25714.75,25716.5,16771.0
2026-01-30T19:30:00Z,25716.5,25738.25,25674.25,25727.0,37250.0
2026-01-30T19:35:00Z,25726.75,25736.75,25705.5,25713.25,18182.0
2026-01-30T19:40:00Z,25713.75,25724.5,25692.5,25693.5,15975.0
2026-01-30T19:45:00Z,25693.25,25697.0,25662.25,25664.75,17364.0
2026-01-30T19:50:00Z,25665.25,25721.75,25664.0,25709.0,18161.0
2026-01-30T19:55:00Z,25709.5,25724.75,25652.0,25658.0,19985.0
2026-01-30T20:00:00Z,25657.75,25683.0,25652.5,25657.0,17289.0
2026-01-30T20:05:00Z,25657.25,25661.5,25615.75,25638.5,19713.0
2026-01-30T20:10:00Z,25639.25,25646.5,25613.5,25616.0,11901.0
2026-01-30T20:15:00Z,25615.5,25615.5,25595.5,25596.0,18710.0
2026-01-30T20:20:00Z,25595.75,25599.75,25571.5,25591.0,19881.0
2026-01-30T20:25:00Z,25591.0,25611.5,25571.0,25596.0,21850.0
2026-01-30T20:30:00Z,25596.0,25637.75,25591.0,25622.5,22614.0
2026-01-30T20:35:00Z,25622.75,25647.5,25598.75,25620.5,21734.0
2026-01-30T20:40:00Z,25620.0,25654.75,25612.5,25649.25,17077.0
2026-01-30T20:45:00Z,25649.0,25716.5,25646.5,25714.5,21889.0
2026-01-30T20:50:00Z,25714.5,25730.25,25640.0,25657.5,35841.0
2026-01-30T20:55:00Z,25657.75,25686.0,25624.25,25674.75,36503.0
2026-01-30T21:00:00Z,25677.25,25707.0,25641.5,25658.5,14959.0
2026-01-30T21:05:00Z,25658.75,25659.75,25625.5,25634.0,6826.0
2026-01-30T21:10:00Z,25634.0,25654.75,25633.5,25648.25,5505.0
2026-01-30T21:15:00Z,25648.5,25658.25,25644.5,25648.75,2134.0
2026-01-30T21:20:00Z,25649.25,25676.0,25646.75,25673.75,2839.0
2026-01-30T21:25:00Z,25674.25,25676.5,25649.25,25650.25,2026.0
2026-01-30T21:30:00Z,25650.0,25657.0,25640.25,25650.0,1903.0
2026-01-30T21:35:00Z,25649.75,25652.75,25631.0,25642.25,1962.0
2026-01-30T21:40:00Z,25642.25,25642.75,25629.75,25633.25,1499.0
2026-01-30T21:45:00Z,25633.5,25638.25,25629.25,25637.0,1529.0
2026-01-30T21:50:00Z,25636.5,25642.5,25635.75,25639.25,254.0
2026-02-01T23:10:00Z,25423.25,25454.75,25400.5,25441.5,6083.0
2026-02-01T23:15:00Z,25442.0,25465.5,25413.5,25420.25,5096.0
2026-02-01T23:20:00Z,25420.0,25438.75,25408.25,25426.75,5064.0
2026-02-01T23:25:00Z,25426.0,25445.5,25373.25,25434.75,9349.0
2026-02-01T23:30:00Z,25433.5,25492.25,25418.5,25490.75,8002.0
2026-02-01T23:35:00Z,25490.25,25529.25,25489.25,25518.75,6680.0
2026-02-01T23:40:00Z,25517.75,25559.0,25504.75,25545.25,5128.0
2026-02-01T23:45:00Z,25546.0,25570.75,25542.25,25543.25,5801.0
2026-02-01T23:50:00Z,25543.5,25560.25,25528.75,25545.75,4843.0
2026-02-01T23:55:00Z,25545.0,25549.0,25529.75,25533.5,2970.0
2026-02-02T00:00:00Z,25532.75,25538.5,25487.25,25514.75,8356.0
2026-02-02T00:05:00Z,25515.0,25569.5,25498.0,25563.5,5688.0
2026-02-02T00:10:00Z,25563.25,25607.0,25546.75,25584.0,8121.0
2026-02-02T00:15:00Z,25584.0,25615.25,25578.75,25597.5,5825.0
2026-02-02T00:20:00Z,25596.5,25621.5,25595.75,25612.5,4459.0
2026-02-02T00:25:00Z,25612.5,25634.25,25594.25,25612.5,5549.0
2026-02-02T00:30:00Z,25613.75,25623.25,25591.75,25603.25,4257.0
2026-02-02T00:35:00Z,25603.75,25646.0,25599.0,25627.5,5369.0
2026-02-02T00:40:00Z,25627.25,25636.0,25612.0,25623.5,3582.0
2026-02-02T00:45:00Z,25623.25,25632.25,25611.0,25616.25,3497.0
2026-02-02T00:50:00Z,25616.75,25633.75,25611.0,25618.75,2432.0
2026-02-02T00:55:00Z,25617.75,25618.0,25594.0,25604.0,3482.0
2026-02-02T01:00:00Z,25604.5,25637.5,25596.75,25629.75,5072.0
2026-02-02T01:05:00Z,25629.25,25630.25,25547.0,25548.25,9083.0
2026-02-02T01:10:00Z,25548.0,25550.75,25477.25,25494.75,10261.0
2026-02-02T01:15:00Z,25494.5,25531.5,25481.0,25504.25,9057.0
2026-02-02T01:20:00Z,25505.0,25532.75,25495.75,25518.5,5729.0
2026-02-02T01:25:00Z,25518.75,25548.0,25518.0,25527.0,4479.0
2026-02-02T01:30:00Z,25528.25,25532.25,25454.25,25460.5,10574.0
2026-02-02T01:35:00Z,25461.5,25504.75,25460.25,25493.0,5904.0
2026-02-02T01:40:00Z,25493.0,25493.5,25440.5,25450.0,6872.0
2026-02-02T01:45:00Z,25450.25,25457.5,25410.5,25425.25,7511.0
2026-02-02T01:50:00Z,25425.25,25443.75,25418.5,25441.25,5185.0
2026-02-02T01:55:00Z,25442.75,25455.5,25398.25,25407.25,7923.0
2026-02-02T02:00:00Z,25407.25,25450.0,25401.5,25444.75,5947.0
2026-02-02T02:05:00Z,25445.5,25449.0,25426.25,25427.5,3561.0
2026-02-02T02:10:00Z,25426.25,25433.5,25387.0,25421.5,8991.0
2026-02-02T02:15:00Z,25421.75,25443.25,25397.25,25406.25,5976.0
2026-02-02T02:20:00Z,25406.5,25430.25,25398.25,25422.5,4547.0
2026-02-02T02:25:00Z,25422.0,25434.75,25407.5,25420.75,3963.0
2026-02-02T02:30:00Z,25420.5,25448.5,25400.5,25401.25,4945.0
2026-02-02T02:35:00Z,25401.75,25437.75,25396.75,25437.0,3527.0
2026-02-02T02:40:00Z,25438.0,25446.25,25418.0,25426.75,3603.0
2026-02-02T02:45:00Z,25426.25,25433.25,25401.75,25404.25,3793.0
2026-02-02T02:50:00Z,25404.75,25405.5,25356.75,25381.5,9195.0
2026-02-02T02:55:00Z,25382.25,25389.75,25358.75,25366.75,4257.0
2026-02-02T03:00:00Z,25366.75,25388.0,25364.25,25376.0,4118.0
2026-02-02T03:05:00Z,25375.0,25383.5,25363.75,25376.25,3013.0
2026-02-02T03:10:00Z,25376.5,25379.0,25315.25,25341.0,6819.0
2026-02-02T03:15:00Z,25341.0,25358.0,25331.0,25349.5,4753.0
2026-02-02T03:20:00Z,25349.25,25358.5,25335.25,25351.5,3002.0
2026-02-02T03:25:00Z,25351.5,25366.5,25326.0,25332.25,4762.0
2026-02-02T03:30:00Z,25333.0,25344.0,25310.0,25320.25,5958.0
2026-02-02T03:35:00Z,25321.0,25324.5,25299.25,25300.25,5543.0
2026-02-02T03:40:00Z,25300.75,25304.75,25282.75,25298.25,5937.0
2026-02-02T03:45:00Z,25298.25,25325.75,25277.0,25320.75,6396.0
2026-02-02T03:50:00Z,25321.5,25321.75,25280.75,25296.5,5921.0
2026-02-02T03:55:00Z,25296.75,25312.25,25262.25,25280.0,5724.0
2026-02-02T04:00:00Z,25280.75,25286.5,25237.0,25238.25,7545.0
2026-02-02T04:05:00Z,25239.0,25257.0,25216.5,25257.0,8643.0
2026-02-02T04:10:00Z,25257.5,25258.0,25217.75,25253.75,6285.0
2026-02-02T04:15:00Z,25253.75,25322.5,25247.5,25321.75,9027.0
2026-02-02T04:20:00Z,25321.25,25324.75,25301.0,25313.0,4283.0
2026-02-02T04:25:00Z,25313.5,25333.0,25305.0,25310.25,3829.0
2026-02-02T04:30:00Z,25309.5,25334.5,25307.5,25331.0,3822.0
2026-02-02T04:35:00Z,25330.75,25342.5,25325.75,25340.0,3076.0
2026-02-02T04:40:00Z,25340.0,25376.0,25338.5,25368.0,5398.0
2026-02-02T04:45:00Z,25367.75,25373.0,25348.75,25349.25,3094.0
2026-02-02T04:50:00Z,25349.75,25356.75,25334.25,25354.25,3469.0
2026-02-02T04:55:00Z,25354.0,25360.25,25345.5,25352.75,1668.0
2026-02-02T05:00:00Z,25341.0,25348.75,25324.75,25328.5,4529.0
2026-02-02T05:05:00Z,25328.5,25338.75,25310.75,25318.75,4073.0
2026-02-02T05:10:00Z,25319.75,25322.5,25286.5,25310.0,4774.0
2026-02-02T05:15:00Z,25309.75,25322.25,25291.25,25297.0,3112.0
2026-02-02T05:20:00Z,25298.75,25303.25,25280.25,25292.75,3387.0
2026-02-02T05:25:00Z,25292.75,25295.75,25266.0,25273.25,3937.0
2026-02-02T05:30:00Z,25273.0,25276.25,25245.5,25252.75,5341.0
2026-02-02T05:35:00Z,25252.0,25276.5,25250.5,25266.25,3570.0
2026-02-02T05:40:00Z,25266.0,25279.75,25253.0,25254.0,3692.0
2026-02-02T05:45:00Z,25253.5,25262.25,25236.0,25262.0,4436.0
2026-02-02T05:50:00Z,25261.25,25283.25,25240.75,25241.0,4988.0
2026-02-02T05:55:00Z,25241.0,25262.25,25237.0,25250.25,3045.0
2026-02-02T06:00:00Z,25249.75,25273.75,25241.75,25250.0,3762.0
2026-02-02T06:05:00Z,25250.5,25253.0,25223.5,25229.25,3765.0
2026-02-02T06:10:00Z,25228.5,25234.5,25205.25,25206.75,4729.0
2026-02-02T06:15:00Z,25207.5,25232.75,25186.0,25218.5,7187.0
2026-02-02T06:20:00Z,25218.75,25223.0,25193.0,25221.0,4407.0
2026-02-02T06:25:00Z,25220.25,25250.75,25200.0,25246.75,4519.0
2026-02-02T06:30:00Z,25245.5,25257.5,25212.0,25214.5,4754.0
2026-02-02T06:35:00Z,25214.0,25225.25,25180.25,25192.25,5058.0
2026-02-02T06:40:00Z,25192.25,25237.75,25192.25,25225.5,4340.0
2026-02-02T06:45:00Z,25226.0,25232.75,25191.0,25196.0,3181.0
2026-02-02T06:50:00Z,25195.75,25215.25,25186.25,25210.0,3572.0
2026-02-02T06:55:00Z,25211.0,25238.5,25202.5,25233.25,3246.0
2026-02-02T07:00:00Z,25233.75,25265.5,25231.75,25246.25,6122.0
2026-02-02T07:05:00Z,25246.0,25306.0,25233.25,25304.25,6125.0
2026-02-02T07:10:00Z,25306.25,25307.0,25274.25,25277.75,4506.0
2026-02-02T07:15:00Z,25277.5,25284.75,25254.75,25277.5,3515.0
2026-02-02T07:20:00Z,25277.25,25300.25,25276.5,25287.25,3171.0
2026-02-02T07:25:00Z,25288.0,25305.5,25283.75,25303.0,2229.0
2026-02-02T07:30:00Z,25302.75,25311.25,25283.25,25289.75,3293.0
2026-02-02T07:35:00Z,25288.25,25322.5,25276.25,25317.25,3891.0
2026-02-02T07:40:00Z,25317.5,25318.25,25286.5,25294.25,3068.0
2026-02-02T07:45:00Z,25294.5,25315.75,25294.25,25304.25,3066.0
2026-02-02T07:50:00Z,25304.5,25339.75,25301.0,25338.0,3334.0
2026-02-02T07:55:00Z,25337.25,25351.25,25335.0,25350.0,3121.0
2026-02-02T08:00:00Z,25348.5,25375.0,25340.5,25373.5,6126.0
2026-02-02T08:05:00Z,25373.5,25394.25,25363.0,25366.75,6169.0
2026-02-02T08:10:00Z,25366.5,25390.0,25362.0,25372.0,3289.0
2026-02-02T08:15:00Z,25372.25,25393.0,25361.25,25387.75,3922.0
2026-02-02T08:20:00Z,25388.25,25403.0,25379.75,25393.0,4054.0
2026-02-02T08:25:00Z,25393.25,25402.75,25377.25,25390.75,3011.0
2026-02-02T08:30:00Z,25390.75,25412.25,25379.75,25401.25,3704.0
2026-02-02T08:35:00Z,25401.5,25419.25,25396.25,25409.75,3402.0
2026-02-02T08:40:00Z,25411.0,25412.25,25391.25,25405.25,3133.0
2026-02-02T08:45:00Z,25405.5,25414.5,25397.75,25408.75,2284.0
2026-02-02T08:50:00Z,25409.0,25423.25,25401.25,25411.25,2602.0
2026-02-02T08:55:00Z,25411.25,25416.5,25400.5,25401.0,1893.0
2026-02-02T09:00:00Z,25401.0,25409.0,25371.75,25381.25,6205.0
2026-02-02T09:05:00Z,25381.25,25383.0,25355.25,25379.25,4980.0
2026-02-02T09:10:00Z,25379.75,25395.25,25374.0,25389.25,3076.0
2026-02-02T09:15:00Z,25389.75,25412.25,25373.0,25411.75,2707.0
2026-02-02T09:20:00Z,25410.75,25458.5,25400.5,25454.0,6941.0
2026-02-02T09:25:00Z,25454.0,25454.5,25433.75,25438.5,2385.0
2026-02-02T09:30:00Z,25437.75,25463.0,25432.25,25446.0,2968.0
2026-02-02T09:35:00Z,25446.0,25454.5,25439.0,25443.5,2054.0
2026-02-02T09:40:00Z,25444.0,25449.75,25433.0,25444.0,2107.0
2026-02-02T09:45:00Z,25444.0,25459.25,25442.5,25453.25,1943.0
2026-02-02T09:50:00Z,25453.75,25457.0,25439.0,25444.5,1625.0
2026-02-02T09:55:00Z,25444.75,25457.25,25439.5,25454.5,1721.0
2026-02-02T10:00:00Z,25453.5,25472.0,25450.25,25452.25,3225.0
2026-02-02T10:05:00Z,25451.25,25460.5,25435.5,25435.5,2138.0
2026-02-02T10:10:00Z,25436.5,25454.5,25435.0,25445.0,2251.0
2026-02-02T10:15:00Z,25446.0,25458.75,25444.0,25451.5,1735.0
2026-02-02T10:20:00Z,25453.25,25464.25,25439.0,25444.25,2070.0
2026-02-02T10:25:00Z,25444.5,25453.5,25440.0,25448.5,1413.0
2026-02-02T10:30:00Z,25448.0,25452.75,25442.0,25443.0,1668.0
2026-02-02T10:35:00Z,25443.75,25444.25,25408.75,25413.5,4393.0
2026-02-02T10:40:00Z,25415.0,25422.25,25399.5,25404.5,2890.0
2026-02-02T10:45:00Z,25404.75,25408.75,25390.5,25405.75,2450.0
2026-02-02T10:50:00Z,25404.0,25420.0,25401.0,25414.25,2167.0
2026-02-02T10:55:00Z,25413.5,25416.75,25396.0,25406.5,2190.0
2026-02-02T11:00:00Z,25407.75,25414.5,25400.0,25405.5,1650.0
2026-02-02T11:05:00Z,25405.75,25429.0,25401.75,25427.25,2325.0
2026-02-02T11:10:00Z,25428.0,25443.0,25421.0,25440.0,2802.0
2026-02-02T11:15:00Z,25440.75,25441.25,25419.5,25430.0,1965.0
2026-02-02T11:20:00Z,25429.75,25438.0,25425.25,25427.75,1628.0
2026-02-02T11:25:00Z,25427.25,25458.5,25425.75,25457.5,2490.0
2026-02-02T11:30:00Z,25456.5,25461.0,25440.5,25453.75,3231.0
2026-02-02T11:35:00Z,25454.25,25468.0,25450.25,25466.75,2247.0
2026-02-02T11:40:00Z,25466.25,25472.75,25452.5,25465.75,2643.0
2026-02-02T11:45:00Z,25465.5,25492.0,25464.75,25476.25,3967.0
2026-02-02T11:50:00Z,25476.75,25477.25,25451.25,25459.0,3007.0
2026-02-02T11:55:00Z,25460.25,25466.25,25446.25,25452.5,1836.0
2026-02-02T12:00:00Z,25451.5,25478.75,25449.5,25470.0,3014.0
2026-02-02T12:05:00Z,25470.0,25483.5,25464.0,25474.75,2565.0
2026-02-02T12:10:00Z,25474.75,25480.0,25465.25,25476.0,1813.0
2026-02-02T12:15:00Z,25476.5,25504.5,25474.0,25500.0,3940.0
2026-02-02T12:20:00Z,25499.5,25509.25,25492.5,25493.5,3583.0
2026-02-02T12:25:00Z,25492.25,25514.75,25492.25,25509.5,3400.0
2026-02-02T12:30:00Z,25509.25,25520.75,25506.5,25510.5,3455.0
2026-02-02T12:35:00Z,25511.0,25514.0,25499.25,25508.25,2416.0
2026-02-02T12:40:00Z,25507.75,25524.0,25507.75,25521.5,1989.0
2026-02-02T12:45:00Z,25521.75,25527.25,25507.0,25507.0,2570.0
2026-02-02T12:50:00Z,25506.75,25510.75,25488.5,25496.25,3616.0
2026-02-02T12:55:00Z,25495.75,25499.25,25474.5,25488.5,3503.0
2026-02-02T13:00:00Z,25487.25,25488.75,25456.25,25463.5,4819.0
2026-02-02T13:05:00Z,25463.5,25493.75,25457.5,25480.75,4325.0
2026-02-02T13:10:00Z,25480.75,25498.0,25473.75,25494.0,3361.0
2026-02-02T13:15:00Z,25494.25,25501.75,25475.75,25476.25,3382.0
2026-02-02T13:20:00Z,25476.75,25500.75,25474.75,25484.5,3304.0
2026-02-02T13:25:00Z,25483.75,25495.5,25473.75,25476.5,2616.0
2026-02-02T13:30:00Z,25476.5,25493.75,25457.5,25463.5,4515.0
2026-02-02T13:35:00Z,25463.5,25487.25,25456.75,25486.5,3017.0
2026-02-02T13:40:00Z,25486.75,25495.25,25480.25,25495.25,2482.0
2026-02-02T13:45:00Z,25494.5,25509.75,25492.25,25500.75,3808.0
2026-02-02T13:50:00Z,25501.0,25520.75,25498.5,25519.0,3433.0
2026-02-02T13:55:00Z,25518.5,25540.0,25517.5,25529.25,5248.0
2026-02-02T14:00:00Z,25529.0,25546.75,25523.0,25533.25,5316.0
2026-02-02T14:05:00Z,25534.0,25545.25,25523.25,25524.75,4359.0
2026-02-02T14:10:00Z,25524.25,25546.0,25519.5,25539.5,5345.0
2026-02-02T14:15:00Z,25539.75,25545.0,25530.75,25532.75,3437.0
2026-02-02T14:20:00Z,25533.0,25539.25,25521.5,25536.5,3797.0
2026-02-02T14:25:00Z,25536.75,25549.25,25520.0,25542.75,6843.0
2026-02-02T14:30:00Z,25542.0,25668.75,25540.25,25638.0,55195.0
2026-02-02T14:35:00Z,25638.5,25721.0,25619.0,25697.75,50181.0
2026-02-02T14:40:00Z,25697.5,25734.0,25682.25,25717.75,33509.0
2026-02-02T14:45:00Z,25718.75,25752.25,25698.25,25745.0,33562.0
2026-02-02T14:50:00Z,25745.0,25799.25,25743.5,25776.5,37848.0
2026-02-02T14:55:00Z,25776.0,25786.5,25726.75,25755.75,29022.0
2026-02-02T15:00:00Z,25752.75,25798.0,25714.0,25797.25,33813.0
2026-02-02T15:05:00Z,25797.0,25836.25,25789.75,25831.5,32009.0
2026-02-02T15:10:00Z,25832.0,25878.0,25815.5,25874.75,28513.0
2026-02-02T15:15:00Z,25874.75,25905.25,25856.75,25903.75,27475.0
2026-02-02T15:20:00Z,25903.5,25912.25,25883.75,25893.5,23504.0
2026-02-02T15:25:00Z,25893.75,25906.25,25863.5,25865.5,26177.0
2026-02-02T15:30:00Z,25865.5,25887.5,25851.5,25875.75,25346.0
2026-02-02T15:35:00Z,25875.75,25907.25,25866.25,25903.75,17724.0
2026-02-02T15:40:00Z,25904.0,25906.5,25863.0,25874.25,19968.0
2026-02-02T15:45:00Z,25874.25,25875.5,25844.25,25845.75,15861.0
2026-02-02T15:50:00Z,25845.5,25873.5,25838.0,25856.5,20068.0
2026-02-02T15:55:00Z,25856.75,25859.0,25816.25,25840.5,23252.0
2026-02-02T16:00:00Z,25840.5,25844.75,25813.75,25821.75,17424.0
2026-02-02T16:05:00Z,25822.0,25850.5,25803.25,25847.75,18898.0
2026-02-02T16:10:00Z,25847.75,25857.5,25841.5,25855.25,13649.0
2026-02-02T16:15:00Z,25855.5,25881.75,25847.75,25873.75,15495.0
2026-02-02T16:20:00Z,25873.25,25898.75,25871.0,25881.5,12753.0
2026-02-02T16:25:00Z,25881.25,25894.75,25867.75,25893.25,13040.0
2026-02-02T16:30:00Z,25893.5,25895.0,25877.75,25894.5,10757.0
2026-02-02T16:35:00Z,25894.25,25901.75,25880.25,25882.25,9116.0
2026-02-02T16:40:00Z,25882.0,25884.0,25857.25,25868.0,13359.0
2026-02-02T16:45:00Z,25868.0,25869.75,25836.25,25856.75,15416.0
2026-02-02T16:50:00Z,25857.25,25881.25,25849.5,25877.25,11638.0
2026-02-02T16:55:00Z,25877.0,25902.0,25876.5,25894.5,10613.0
2026-02-02T17:00:00Z,25894.5,25921.5,25888.5,25920.5,16825.0
2026-02-02T17:05:00Z,25920.75,25921.25,25903.75,25918.25,10374.0
2026-02-02T17:10:00Z,25918.0,25924.5,25902.25,25904.5,10455.0
2026-02-02T17:15:00Z,25904.75,25921.25,25897.5,25917.75,10125.0
2026-02-02T17:20:00Z,25917.25,25919.5,25896.0,25911.75,9383.0
2026-02-02T17:25:00Z,25911.5,25917.0,25904.0,25915.25,5364.0
2026-02-02T17:30:00Z,25915.5,25927.75,25909.25,25923.75,8674.0
2026-02-02T17:35:00Z,25924.0,25932.75,25912.25,25919.75,8825.0
2026-02-02T17:40:00Z,25920.0,25922.0,25901.25,25912.0,7711.0
2026-02-02T17:45:00Z,25911.75,25917.75,25909.0,25914.75,4308.0
2026-02-02T17:50:00Z,25915.25,25932.75,25908.25,25929.75,8101.0
2026-02-02T17:55:00Z,25929.5,25941.25,25921.0,25923.5,10167.0
2026-02-02T18:00:00Z,25923.5,25936.5,25923.25,25934.25,6039.0
2026-02-02T18:05:00Z,25934.25,25935.5,25927.25,25933.0,4256.0
2026-02-02T18:10:00Z,25933.25,25936.75,25922.75,25925.75,4962.0
2026-02-02T18:15:00Z,25925.5,25928.5,25910.0,25912.0,6834.0
2026-02-02T18:20:00Z,25912.75,25918.5,25897.25,25916.25,9908.0
2026-02-02T18:25:00Z,25916.5,25923.25,25908.5,25911.75,6956.0
2026-02-02T18:30:00Z,25911.75,25917.25,25910.0,25914.75,4940.0
2026-02-02T18:35:00Z,25914.5,25926.25,25908.75,25911.75,8304.0
2026-02-02T18:40:00Z,25911.5,25934.5,25907.0,25926.25,8311.0
2026-02-02T18:45:00Z,25926.0,25937.75,25924.75,25931.75,5271.0
2026-02-02T18:50:00Z,25931.5,25934.5,25924.0,25931.0,5452.0
2026-02-02T18:55:00Z,25931.0,25949.0,25927.5,25941.75,8635.0
2026-02-02T19:00:00Z,25941.75,25945.5,25930.5,25942.5,8701.0
2026-02-02T19:05:00Z,25942.25,25944.25,25935.0,25939.25,4168.0
2026-02-02T19:10:00Z,25939.0,25941.5,25931.0,25931.0,3843.0
2026-02-02T19:15:00Z,25931.0,25937.25,25927.25,25934.0,4929.0
2026-02-02T19:20:00Z,25933.75,25939.75,25929.75,25933.75,4475.0
2026-02-02T19:25:00Z,25933.25,25934.25,25919.0,25922.0,6158.0
2026-02-02T19:30:00Z,25922.25,25922.5,25906.25,25912.25,8780.0
2026-02-02T19:35:00Z,25912.75,25913.25,25899.25,25900.75,8418.0
2026-02-02T19:40:00Z,25901.0,25908.0,25893.75,25906.25,8463.0
2026-02-02T19:45:00Z,25906.25,25909.25,25889.25,25889.75,8392.0
2026-02-02T19:50:00Z,25890.0,25893.25,25879.5,25888.5,9289.0
2026-02-02T19:55:00Z,25888.5,25911.75,25841.25,25846.75,20188.0
2026-02-02T20:00:00Z,25846.75,25881.25,25821.5,25870.25,32856.0
2026-02-02T20:05:00Z,25870.5,25896.5,25869.5,25891.5,14431.0
2026-02-02T20:10:00Z,25891.75,25900.25,25869.75,25870.5,11028.0
2026-02-02T20:15:00Z,25870.25,25893.0,25859.0,25879.0,14230.0
2026-02-02T20:20:00Z,25879.25,25897.5,25877.25,25890.0,8432.0
2026-02-02T20:25:00Z,25889.5,25890.25,25860.75,25864.75,8667.0
2026-02-02T20:30:00Z,25864.25,25868.0,25852.5,25859.0,9580.0
2026-02-02T20:35:00Z,25858.75,25866.0,25844.75,25852.25,10194.0
2026-02-02T20:40:00Z,25852.25,25859.5,25842.25,25848.25,9256.0
2026-02-02T20:45:00Z,25848.0,25864.75,25843.75,25848.0,9351.0
2026-02-02T20:50:00Z,25848.0,25862.75,25832.0,25847.75,15935.0
2026-02-02T20:55:00Z,25847.75,25861.0,25843.5,25856.25,16408.0
2026-02-02T21:00:00Z,25856.25,25859.75,25835.25,25853.75,8315.0
2026-02-02T21:05:00Z,25854.0,25896.75,25853.75,25891.25,15023.0
2026-02-02T21:10:00Z,25891.5,25892.75,25873.25,25875.75,4732.0
2026-02-02T21:15:00Z,25876.25,25889.0,25870.25,25875.0,3360.0
2026-02-02T21:20:00Z,25875.25,25885.25,25860.75,25884.0,3288.0
2026-02-02T21:25:00Z,25883.75,25887.5,25877.5,25884.75,1924.0
2026-02-02T21:30:00Z,25884.75,25892.25,25882.0,25886.75,2491.0
2026-02-02T21:35:00Z,25887.0,25888.25,25869.5,25871.0,2190.0
2026-02-02T21:40:00Z,25871.0,25878.5,25870.0,25872.75,1742.0
2026-02-02T21:45:00Z,25872.5,25884.75,25868.75,25883.5,1749.0
2026-02-02T21:50:00Z,25882.75,25883.0,25868.5,25869.75,1591.0
2026-02-02T21:55:00Z,25869.0,25881.5,25865.75,25873.0,1522.0
2026-02-02T23:00:00Z,25873.25,25907.75,25866.0,25901.0,0.0
2026-02-02T23:05:00Z,25901.75,25936.0,25900.75,25924.0,4094.0
2026-02-02T23:10:00Z,25923.25,25928.75,25910.5,25917.5,2157.0
2026-02-02T23:15:00Z,25917.5,25934.75,25917.5,25926.75,2016.0
2026-02-02T23:20:00Z,25926.25,25933.0,25924.0,25933.0,1172.0
2026-02-02T23:25:00Z,25932.75,25940.5,25921.75,25938.75,1818.0
2026-02-02T23:30:00Z,25938.75,25954.75,25931.75,25948.25,3631.0
2026-02-02T23:35:00Z,25948.25,25978.75,25948.25,25975.25,4601.0
2026-02-02T23:40:00Z,25974.75,25975.5,25953.25,25961.0,3355.0
2026-02-02T23:45:00Z,25961.25,25968.0,25951.0,25953.25,2198.0
2026-02-02T23:50:00Z,25953.75,25957.25,25948.75,25953.0,1441.0
2026-02-02T23:55:00Z,25952.75,25953.75,25946.0,25948.0,1241.0
2026-02-03T00:00:00Z,25948.25,25955.5,25937.5,25943.0,3114.0
2026-02-03T00:05:00Z,25944.75,25952.5,25940.25,25943.0,1226.0
2026-02-03T00:10:00Z,25942.75,25950.5,25914.5,25940.25,5029.0
2026-02-03T00:15:00Z,25940.0,25955.75,25934.0,25955.0,2641.0
2026-02-03T00:20:00Z,25954.0,25975.75,25949.25,25971.5,3701.0
2026-02-03T00:25:00Z,25970.75,25984.75,25969.5,25973.5,3068.0
2026-02-03T00:30:00Z,25973.25,25977.25,25968.25,25969.5,1572.0
2026-02-03T00:35:00Z,25970.25,25975.0,25967.0,25971.75,1009.0
2026-02-03T00:40:00Z,25972.25,25973.25,25951.0,25957.75,2386.0
2026-02-03T00:45:00Z,25958.25,25959.5,25951.25,25952.75,1163.0
2026-02-03T00:50:00Z,25952.25,25959.0,25943.5,25954.25,1929.0
2026-02-03T00:55:00Z,25954.75,25957.0,25946.25,25952.5,1290.0
2026-02-03T01:00:00Z,25952.5,25969.0,25951.75,25964.0,2878.0
2026-02-03T01:05:00Z,25964.75,25972.25,25961.25,25969.0,1708.0
2026-02-03T01:10:00Z,25969.0,25981.75,25968.5,25978.0,1938.0
2026-02-03T01:15:00Z,25977.5,25988.75,25975.5,25980.0,2522.0
2026-02-03T01:20:00Z,25979.25,25990.75,25977.25,25978.25,1836.0
2026-02-03T01:25:00Z,25978.5,25979.0,25969.5,25974.0,1950.0
2026-02-03T01:30:00Z,25973.25,25976.75,25961.75,25968.5,2052.0
2026-02-03T01:35:00Z,25968.5,25969.75,25958.5,25959.75,1171.0
2026-02-03T01:40:00Z,25959.25,25976.25,25955.75,25974.25,2622.0
2026-02-03T01:45:00Z,25974.5,25975.5,25949.0,25952.25,2400.0
2026-02-03T01:50:00Z,25952.5,25961.5,25947.5,25956.75,1619.0
2026-02-03T01:55:00Z,25956.5,25961.25,25952.0,25959.75,1264.0
2026-02-03T02:00:00Z,25959.0,25959.75,25937.75,25939.0,2861.0
2026-02-03T02:05:00Z,25939.25,25945.75,25934.5,25937.5,2124.0
2026-02-03T02:10:00Z,25938.0,25938.25,25920.0,25924.75,3359.0
2026-02-03T02:15:00Z,25924.75,25948.75,25921.75,25947.5,2825.0
2026-02-03T02:20:00Z,25947.25,25952.25,25936.25,25939.0,2294.0
2026-02-03T02:25:00Z,25938.5,25938.75,25923.0,25926.75,2248.0
2026-02-03T02:30:00Z,25926.5,25930.25,25917.5,25918.0,2283.0
2026-02-03T02:35:00Z,25918.5,25922.25,25906.5,25910.0,2899.0
2026-02-03T02:40:00Z,25910.5,25920.5,25900.5,25911.5,3377.0
2026-02-03T02:45:00Z,25911.0,25918.0,25900.5,25917.25,2820.0
2026-02-03T02:50:00Z,25916.5,25924.0,25912.25,25918.75,1926.0
2026-02-03T02:55:00Z,25918.75,25935.75,25918.75,25928.25,2441.0
2026-02-03T03:00:00Z,25927.5,25932.25,25919.25,25926.75,1581.0
2026-02-03T03:05:00Z,25927.5,25948.5,25925.5,25937.5,2873.0
2026-02-03T03:10:00Z,25938.75,25943.0,25921.5,25924.25,1865.0
2026-02-03T03:15:00Z,25924.0,25931.75,25913.0,25927.0,2716.0
2026-02-03T03:20:00Z,25927.75,25943.25,25925.75,25941.5,1535.0
2026-02-03T03:25:00Z,25942.25,25944.75,25935.5,25939.25,1120.0
2026-02-03T03:30:00Z,25939.25,25944.75,25928.5,25935.25,1490.0
2026-02-03T03:35:00Z,25935.75,25947.5,25933.25,25942.0,1176.0
2026-02-03T03:40:00Z,25941.25,25961.0,25940.5,25959.75,2728.0
2026-02-03T03:45:00Z,25959.75,25964.75,25952.5,25956.0,1507.0
2026-02-03T03:50:00Z,25955.5,25955.75,25946.0,25954.5,1122.0
2026-02-03T03:55:00Z,25954.5,25963.75,25954.25,25956.25,1247.0
2026-02-03T04:00:00Z,25956.0,25976.75,25956.0,25971.75,1856.0
2026-02-03T04:05:00Z,25971.75,25973.75,25965.75,25971.25,868.0
2026-02-03T04:10:00Z,25970.5,25971.25,25958.75,25963.0,972.0
2026-02-03T04:15:00Z,25963.5,25965.0,25956.75,25962.0,810.0
2026-02-03T04:20:00Z,25961.5,25966.0,25955.25,25957.0,944.0
2026-02-03T04:25:00Z,25958.0,25962.5,25952.75,25962.0,918.0
2026-02-03T04:30:00Z,25962.0,25982.25,25962.0,25975.25,2104.0
2026-02-03T04:35:00Z,25976.0,25979.25,25969.5,25975.75,898.0
2026-02-03T04:40:00Z,25976.0,25983.0,25973.75,25979.75,878.0
2026-02-03T04:45:00Z,25979.5,25984.25,25973.75,25983.0,661.0
2026-02-03T04:50:00Z,25983.0,25987.75,25976.5,25980.25,1446.0
2026-02-03T04:55:00Z,25980.25,25982.75,25975.5,25978.5,565.0
2026-02-03T05:05:00Z,25960.75,25964.25,25958.5,25958.5,3242.0
2026-02-03T05:10:00Z,25958.5,25961.75,25951.75,25959.5,1301.0
2026-02-03T05:15:00Z,25960.25,25966.0,25956.75,25960.75,947.0
2026-02-03T05:20:00Z,25960.25,25976.75,25958.75,25976.0,1324.0
2026-02-03T05:25:00Z,25975.75,25978.75,25967.0,25968.75,665.0
2026-02-03T05:30:00Z,25969.25,25975.75,25965.25,25974.5,856.0
2026-02-03T05:35:00Z,25974.5,25982.0,25973.75,25976.0,1099.0
2026-02-03T05:40:00Z,25975.75,25981.0,25972.0,25979.0,787.0
2026-02-03T05:45:00Z,25979.0,25996.75,25976.75,25995.75,1922.0
2026-02-03T05:50:00Z,25996.0,25996.75,25986.0,25990.75,1444.0
2026-02-03T05:55:00Z,25990.5,25991.5,25985.25,25987.5,700.0
2026-02-03T06:00:00Z,25987.5,25989.5,25973.0,25978.0,1516.0
2026-02-03T06:05:00Z,25978.25,25987.25,25975.75,25986.0,1186.0
2026-02-03T06:10:00Z,25986.25,25996.5,25986.25,25995.75,1399.0
2026-02-03T06:15:00Z,25995.75,26003.5,25991.5,25999.0,1965.0
2026-02-03T06:20:00Z,25999.0,26000.75,25992.75,25995.25,896.0
2026-02-03T06:25:00Z,25995.25,26000.5,25985.5,25986.5,1195.0
2026-02-03T06:30:00Z,25986.0,26000.25,25981.75,25999.75,1845.0
2026-02-03T06:35:00Z,25999.75,26004.5,25988.25,25998.0,2087.0
2026-02-03T06:40:00Z,25997.75,26008.5,25993.25,26003.5,1500.0
2026-02-03T06:45:00Z,26004.0,26004.25,25988.75,25996.5,1548.0
2026-02-03T06:50:00Z,25996.25,26002.5,25991.5,26000.75,896.0
2026-02-03T06:55:00Z,26001.0,26002.0,25991.5,25992.0,625.0
2026-02-03T07:00:00Z,25992.0,25998.25,25988.25,25992.5,1589.0
2026-02-03T07:05:00Z,25992.25,25995.0,25985.25,25993.25,1197.0
2026-02-03T07:10:00Z,25993.5,26003.25,25991.75,25996.5,1601.0
2026-02-03T07:15:00Z,25995.25,25999.5,25980.25,25985.0,1636.0
2026-02-03T07:20:00Z,25985.25,25988.75,25978.25,25979.0,1825.0
2026-02-03T07:25:00Z,25978.75,25991.5,25974.75,25988.25,2152.0
2026-02-03T07:30:00Z,25988.5,26001.25,25983.75,25997.75,1468.0
2026-02-03T07:35:00Z,25998.25,26006.5,25994.25,26004.25,1283.0
2026-02-03T07:40:00Z,26003.75,26012.75,25999.75,26011.25,1884.0
2026-02-03T07:45:00Z,26011.0,26024.5,26007.0,26022.75,2763.0
2026-02-03T07:50:00Z,26022.5,26026.75,26017.75,26023.5,1657.0
2026-02-03T07:55:00Z,26023.5,26027.75,26011.75,26012.0,1619.0
2026-02-03T08:00:00Z,26011.75,26015.75,25990.5,26010.75,4489.0
2026-02-03T08:05:00Z,26009.75,26011.25,25991.5,26009.25,2849.0
2026-02-03T08:10:00Z,26008.75,26023.25,26005.5,26020.5,2710.0
2026-02-03T08:15:00Z,26019.75,26024.0,26011.0,26014.25,1655.0
2026-02-03T08:20:00Z,26014.0,26019.75,26003.5,26017.75,1801.0
2026-02-03T08:25:00Z,26017.5,26021.5,26002.75,26003.0,1573.0
2026-02-03T08:30:00Z,26002.75,26005.0,25992.0,25994.0,2453.0
2026-02-03T08:35:00Z,25994.5,26002.75,25980.5,25986.5,2339.0
2026-02-03T08:40:00Z,25985.75,25994.25,25983.25,25989.25,1436.0
2026-02-03T08:45:00Z,25989.25,25997.25,25980.75,25981.25,1883.0
2026-02-03T08:50:00Z,25981.5,25984.75,25970.75,25975.75,2297.0
2026-02-03T08:55:00Z,25976.25,25980.5,25969.5,25977.0,1316.0
2026-02-03T09:00:00Z,25976.5,26000.0,25976.5,25989.75,3372.0
2026-02-03T09:05:00Z,25991.25,26010.75,25990.0,25991.75,2212.0
2026-02-03T09:10:00Z,25991.25,25991.25,25974.75,25977.5,2521.0
2026-02-03T09:15:00Z,25978.0,25988.0,25972.5,25986.5,1694.0
2026-02-03T09:20:00Z,25986.5,25986.75,25965.75,25966.5,2161.0
2026-02-03T09:25:00Z,25967.0,25970.75,25958.0,25964.5,2608.0
2026-02-03T09:30:00Z,25965.75,25979.0,25960.0,25974.25,1909.0
2026-02-03T09:35:00Z,25973.75,25975.0,25958.0,25961.0,1590.0
2026-02-03T09:40:00Z,25962.0,25975.75,25961.25,25968.25,1487.0
2026-02-03T09:45:00Z,25968.5,25975.0,25962.5,25971.75,1238.0
2026-02-03T09:50:00Z,25973.25,25978.5,25966.5,25966.5,1146.0
2026-02-03T09:55:00Z,25966.5,25971.25,25959.0,25969.75,1791.0
2026-02-03T10:00:00Z,25969.75,25982.5,25966.75,25981.25,1784.0
2026-02-03T10:05:00Z,25981.0,25989.5,25978.25,25985.0,2027.0
2026-02-03T10:10:00Z,25984.75,25993.5,25976.5,25978.75,1533.0
2026-02-03T10:15:00Z,25978.5,25986.5,25970.5,25978.5,1485.0
2026-02-03T10:20:00Z,25978.25,25979.0,25968.5,25970.25,1025.0
2026-02-03T10:25:00Z,25970.25,25975.5,25967.5,25972.25,818.0
2026-02-03T10:30:00Z,25970.5,25970.5,25959.25,25959.5,1305.0
2026-02-03T10:35:00Z,25959.5,25963.25,25952.0,25955.0,1923.0
2026-02-03T10:40:00Z,25955.0,25957.75,25944.5,25951.75,2795.0
2026-02-03T10:45:00Z,25951.5,25958.0,25947.5,25955.0,1286.0
2026-02-03T10:50:00Z,25955.0,25963.75,25951.0,25961.5,1235.0
2026-02-03T10:55:00Z,25962.5,25964.25,25955.5,25956.0,1156.0
2026-02-03T11:00:00Z,25955.75,25966.0,25945.0,25947.75,2463.0
2026-02-03T11:05:00Z,25947.75,25956.0,25942.25,25942.75,1380.0
2026-02-03T11:10:00Z,25942.75,25959.0,25940.0,25955.5,2036.0
2026-02-03T11:15:00Z,25953.75,25957.75,25948.0,25952.5,1086.0
2026-02-03T11:20:00Z,25953.25,25964.25,25951.25,25953.0,1777.0
2026-02-03T11:25:00Z,25952.25,25956.0,25941.75,25946.25,1369.0
2026-02-03T11:30:00Z,25945.75,25949.75,25935.0,25942.25,2381.0
2026-02-03T11:35:00Z,25942.25,25945.5,25935.5,25938.75,1040.0
2026-02-03T11:40:00Z,25939.25,25956.75,25939.25,25952.75,1677.0
2026-02-03T11:45:00Z,25953.25,25964.0,25949.75,25951.5,1770.0
2026-02-03T11:50:00Z,25950.25,25953.25,25942.25,25951.0,1371.0
2026-02-03T11:55:00Z,25952.0,25960.75,25944.75,25945.75,2111.0
2026-02-03T12:00:00Z,25945.0,25956.5,25922.75,25934.75,4488.0
2026-02-03T12:05:00Z,25934.5,25960.25,25934.5,25955.0,2416.0
2026-02-03T12:10:00Z,25955.0,25969.0,25952.25,25968.0,2274.0
2026-02-03T12:15:00Z,25968.5,25977.0,25959.0,25975.0,2394.0
2026-02-03T12:20:00Z,25974.5,25979.5,25963.5,25971.0,2391.0
2026-02-03T12:25:00Z,25970.75,25989.0,25970.0,25986.25,2860.0
2026-02-03T12:30:00Z,25985.75,25995.5,25981.5,25988.25,3089.0
2026-02-03T12:35:00Z,25988.0,25994.5,25983.5,25989.25,2100.0
2026-02-03T12:40:00Z,25989.5,25991.25,25982.0,25984.25,1572.0
2026-02-03T12:45:00Z,25985.0,25993.25,25982.25,25991.75,2091.0
2026-02-03T12:50:00Z,25992.0,25997.25,25980.25,25982.5,2217.0
2026-02-03T12:55:00Z,25982.5,25987.75,25978.0,25981.75,2050.0
2026-02-03T13:00:00Z,25982.0,25987.5,25976.25,25983.0,2537.0
2026-02-03T13:05:00Z,25982.5,25999.25,25979.5,25997.0,3503.0
2026-02-03T13:10:00Z,25997.0,26003.5,25988.25,25989.25,2972.0
2026-02-03T13:15:00Z,25989.25,25998.75,25987.75,25995.75,2066.0
2026-02-03T13:20:00Z,25995.5,25995.5,25973.5,25976.0,3081.0
2026-02-03T13:25:00Z,25976.25,25996.5,25976.25,25991.5,2089.0
2026-02-03T13:30:00Z,25991.5,25999.5,25982.0,25993.25,3537.0
2026-02-03T13:35:00Z,25993.0,25995.0,25977.5,25984.0,2817.0
2026-02-03T13:40:00Z,25984.25,25986.75,25971.25,25975.25,3349.0
2026-02-03T13:45:00Z,25975.5,25983.0,25972.75,25980.0,2679.0
2026-02-03T13:50:00Z,25980.25,25980.25,25966.75,25972.0,3430.0
2026-02-03T13:55:00Z,25971.75,25976.25,25961.5,25967.25,3993.0
2026-02-03T14:00:00Z,25967.25,25978.0,25959.0,25969.5,5549.0
2026-02-03T14:05:00Z,25969.25,25969.25,25953.25,25957.75,5116.0
2026-02-03T14:10:00Z,25958.0,25962.0,25953.5,25956.25,3297.0
2026-02-03T14:15:00Z,25956.5,25957.25,25938.75,25942.0,6722.0
2026-02-03T14:20:00Z,25941.5,25953.5,25939.5,25943.25,4472.0
2026-02-03T14:25:00Z,25943.25,25952.75,25926.75,25934.0,10223.0
2026-02-03T14:30:00Z,25934.0,25952.5,25838.75,25875.25,70061.0
2026-02-03T14:35:00Z,25875.5,25893.5,25810.0,25819.75,53259.0
2026-02-03T14:40:00Z,25820.5,25839.5,25721.75,25752.25,57520.0
2026-02-03T14:45:00Z,25752.5,25811.5,25741.0,25799.75,50531.0
2026-02-03T14:50:00Z,25799.0,25799.5,25719.0,25720.0,43764.0
2026-02-03T14:55:00Z,25719.75,25728.0,25623.0,25631.25,47639.0
2026-02-03T15:00:00Z,25632.0,25647.25,25565.0,25610.5,59806.0
2026-02-03T15:05:00Z,25609.5,25636.5,25548.0,25604.0,49669.0
2026-02-03T15:10:00Z,25603.75,25611.75,25529.75,25554.25,44111.0
2026-02-03T15:15:00Z,25554.0,25594.75,25542.75,25575.0,41396.0
2026-02-03T15:20:00Z,25575.0,25604.75,25477.0,25479.25,54963.0
2026-02-03T15:25:00Z,25479.0,25568.5,25470.25,25547.0,52243.0
2026-02-03T15:30:00Z,25546.5,25563.75,25498.75,25500.75,42153.0
2026-02-03T15:35:00Z,25500.75,25549.0,25481.25,25547.5,35189.0
2026-02-03T15:40:00Z,25546.75,25561.5,25523.25,25524.5,30568.0
2026-02-03T15:45:00Z,25523.75,25594.5,25496.25,25592.5,43814.0
2026-02-03T15:50:00Z,25592.5,25619.5,25548.75,25589.5,42002.0
2026-02-03T15:55:00Z,25590.25,25631.75,25589.0,25617.5,27351.0
2026-02-03T16:00:00Z,25617.25,25620.0,25560.25,25571.0,27051.0
2026-02-03T16:05:00Z,25571.25,25588.25,25550.5,25554.5,21731.0
2026-02-03T16:10:00Z,25554.5,25589.75,25535.0,25552.25,29419.0
2026-02-03T16:15:00Z,25552.5,25575.0,25541.25,25549.75,22564.0
2026-02-03T16:20:00Z,25549.75,25559.75,25493.5,25504.5,26262.0
2026-02-03T16:25:00Z,25504.25,25538.25,25494.5,25496.75,23194.0
2026-02-03T16:30:00Z,25496.75,25518.0,25478.5,25514.75,22808.0
2026-02-03T16:35:00Z,25514.75,25534.25,25492.25,25509.5,20521.0
2026-02-03T16:40:00Z,25509.75,25527.0,25497.5,25503.75,15653.0
2026-02-03T16:45:00Z,25504.25,25527.0,25485.75,25511.25,17558.0
2026-02-03T16:50:00Z,25511.5,25515.5,25465.75,25503.75,23476.0
2026-02-03T16:55:00Z,25503.5,25522.0,25486.75,25491.75,13739.0
2026-02-03T17:00:00Z,25491.5,25497.5,25477.5,25489.75,14507.0
2026-02-03T17:05:00Z,25490.25,25497.5,25468.5,25494.0,14348.0
2026-02-03T17:10:00Z,25493.5,25502.25,25401.0,25419.25,38266.0
2026-02-03T17:15:00Z,25420.0,25456.0,25411.5,25424.5,28116.0
2026-02-03T17:20:00Z,25424.25,25458.5,25407.25,25450.5,22816.0
2026-02-03T17:25:00Z,25451.0,25466.0,25414.5,25415.25,16560.0
2026-02-03T17:30:00Z,25415.25,25422.25,25377.75,25378.75,23514.0
2026-02-03T17:35:00Z,25378.75,25391.75,25362.0,25375.0,19121.0
2026-02-03T17:40:00Z,25374.75,25375.0,25344.5,25359.0,19845.0
2026-02-03T17:45:00Z,25358.25,25403.0,25353.5,25391.0,20749.0
2026-02-03T17:50:00Z,25391.0,25428.0,25374.25,25398.25,22560.0
2026-02-03T17:55:00Z,25398.0,25408.5,25382.75,25387.25,16426.0
2026-02-03T18:00:00Z,25387.0,25403.75,25368.5,25371.5,15147.0
2026-02-03T18:05:00Z,25371.25,25424.0,25365.25,25397.5,24721.0
2026-02-03T18:10:00Z,25397.0,25397.0,25326.25,25333.5,25147.0
2026-02-03T18:15:00Z,25333.75,25367.25,25332.5,25365.25,19557.0
2026-02-03T18:20:00Z,25365.0,25366.5,25335.75,25337.0,15166.0
2026-02-03T18:25:00Z,25337.25,25339.25,25311.75,25331.75,19521.0
2026-02-03T18:30:00Z,25331.75,25331.75,25295.25,25309.75,20232.0
2026-02-03T18:35:00Z,25310.25,25322.5,25289.75,25320.25,16685.0
2026-02-03T18:40:00Z,25320.0,25320.25,25282.5,25290.25,15973.0
2026-02-03T18:45:00Z,25290.0,25296.5,25271.75,25286.75,16000.0
2026-02-03T18:50:00Z,25286.25,25286.25,25265.0,25267.75,12681.0
2026-02-03T18:55:00Z,25268.25,25290.0,25246.0,25246.25,20462.0
2026-02-03T19:00:00Z,25246.25,25259.75,25223.75,25231.75,24996.0
2026-02-03T19:05:00Z,25231.5,25248.75,25218.0,25230.5,18522.0
2026-02-03T19:10:00Z,25229.5,25326.0,25226.25,25323.0,33926.0
2026-02-03T19:15:00Z,25323.25,25347.0,25309.0,25336.25,30460.0
2026-02-03T19:20:00Z,25336.0,25359.25,25318.5,25322.75,25982.0
2026-02-03T19:25:00Z,25322.75,25330.75,25278.5,25295.5,33628.0
2026-02-03T19:30:00Z,25295.25,25324.25,25266.0,25270.25,31165.0
2026-02-03T19:35:00Z,25270.5,25304.75,25266.25,25285.25,20238.0
2026-02-03T19:40:00Z,25284.75,25299.0,25260.5,25269.0,20761.0
2026-02-03T19:45:00Z,25268.75,25275.0,25245.75,25250.25,20083.0
2026-02-03T19:50:00Z,25250.5,25280.5,25234.25,25278.25,27852.0
2026-02-03T19:55:00Z,25277.5,25329.5,25273.75,25316.75,26033.0
2026-02-03T20:00:00Z,25316.25,25327.0,25283.25,25287.75,20911.0
2026-02-03T20:05:00Z,25286.25,25308.75,25279.0,25290.5,15769.0
2026-02-03T20:10:00Z,25291.0,25311.0,25269.5,25309.5,17096.0
2026-02-03T20:15:00Z,25309.0,25336.25,25284.0,25316.75,19814.0
2026-02-03T20:20:00Z,25316.25,25327.75,25291.75,25327.0,18365.0
2026-02-03T20:25:00Z,25327.0,25343.5,25325.5,25330.5,16190.0
2026-02-03T20:30:00Z,25330.25,25399.75,25328.5,25396.5,22824.0
2026-02-03T20:35:00Z,25396.25,25421.75,25388.0,25417.75,21327.0
2026-02-03T20:40:00Z,25418.25,25419.25,25373.0,25392.5,19831.0
2026-02-03T20:45:00Z,25392.5,25415.0,25385.5,25409.75,15202.0
2026-02-03T20:50:00Z,25410.0,25432.25,25396.25,25424.0,23231.0
2026-02-03T20:55:00Z,25423.5,25459.25,25416.0,25446.0,25099.0
2026-02-03T21:00:00Z,25445.75,25470.0,25435.75,25468.5,14960.0
2026-02-03T21:05:00Z,25468.75,25472.5,25436.25,25449.25,8828.0
2026-02-03T21:10:00Z,25449.0,25455.0,25440.0,25447.75,5129.0
2026-02-03T21:15:00Z,25447.75,25478.0,25380.5,25398.25,14929.0
2026-02-03T21:20:00Z,25398.0,25427.25,25386.5,25415.25,9571.0
2026-02-03T21:25:00Z,25415.75,25429.75,25408.5,25425.25,5991.0
2026-02-03T21:30:00Z,25424.75,25428.0,25404.25,25406.25,7097.0
2026-02-03T21:35:00Z,25406.5,25416.0,25400.5,25404.5,3619.0
2026-02-03T21:40:00Z,25404.75,25421.5,25402.25,25414.5,4620.0
2026-02-03T21:45:00Z,25415.0,25419.75,25402.0,25404.5,2535.0
2026-02-03T21:50:00Z,25404.25,25417.5,25401.25,25405.5,3457.0
2026-02-03T21:55:00Z,25405.5,25423.25,25404.75,25421.5,2435.0
2026-02-03T23:00:00Z,25390.25,25409.0,25378.5,25401.25,0.0
2026-02-03T23:05:00Z,25401.25,25402.25,25361.5,25382.25,3947.0
2026-02-03T23:10:00Z,25381.0,25422.25,25380.5,25421.0,3694.0
2026-02-03T23:15:00Z,25420.75,25441.5,25419.25,25425.0,3448.0
2026-02-03T23:20:00Z,25425.0,25427.0,25400.0,25412.25,2765.0
2026-02-03T23:25:00Z,25412.25,25424.5,25388.0,25395.0,2986.0
2026-02-03T23:30:00Z,25394.75,25399.5,25385.25,25388.75,2197.0
2026-02-03T23:35:00Z,25388.5,25398.0,25385.75,25398.0,1195.0
2026-02-03T23:40:00Z,25398.25,25402.75,25390.25,25400.5,1133.0
2026-02-03T23:45:00Z,25399.5,25419.75,25388.75,25414.25,2209.0
2026-02-03T23:50:00Z,25413.5,25420.5,25407.5,25418.0,1109.0
2026-02-03T23:55:00Z,25418.0,25434.25,25412.25,25427.75,2638.0
2026-02-04T00:00:00Z,25427.25,25434.25,25390.25,25410.5,4225.0
2026-02-04T00:05:00Z,25411.0,25427.0,25405.75,25416.25,2266.0
2026-02-04T00:10:00Z,25416.25,25417.0,25398.25,25403.75,1934.0
2026-02-04T00:15:00Z,25404.75,25435.25,25404.75,25431.0,2680.0
2026-02-04T00:20:00Z,25430.5,25434.25,25418.0,25419.5,1471.0
2026-02-04T00:25:00Z,25418.75,25428.75,25398.0,25406.75,2972.0
2026-02-04T00:30:00Z,25406.5,25424.75,25404.75,25423.0,1940.0
2026-02-04T00:35:00Z,25423.0,25428.75,25412.5,25418.75,1616.0
2026-02-04T00:40:00Z,25418.25,25418.75,25395.5,25400.25,1658.0
2026-02-04T00:45:00Z,25401.25,25411.5,25389.0,25393.5,2117.0
2026-02-04T00:50:00Z,25394.0,25399.75,25377.0,25381.75,2353.0
2026-02-04T00:55:00Z,25382.5,25394.5,25375.5,25376.5,1958.0
2026-02-04T01:00:00Z,25376.0,25438.0,25375.5,25432.75,5412.0
2026-02-04T01:05:00Z,25433.25,25435.25,25403.75,25415.25,3461.0
2026-02-04T01:10:00Z,25415.5,25443.25,25415.5,25437.75,2994.0
2026-02-04T01:15:00Z,25437.5,25450.0,25432.5,25440.0,2901.0
2026-02-04T01:20:00Z,25440.0,25452.25,25439.25,25447.0,2329.0
2026-02-04T01:25:00Z,25446.25,25448.75,25438.25,25444.0,1392.0
2026-02-04T01:30:00Z,25444.5,25455.0,25439.75,25450.5,2074.0
2026-02-04T01:35:00Z,25449.75,25454.75,25425.0,25427.25,2356.0
2026-02-04T01:40:00Z,25427.25,25435.25,25423.0,25431.0,1809.0
2026-02-04T01:45:00Z,25430.75,25444.75,25413.75,25419.5,2950.0
2026-02-04T01:50:00Z,25419.75,25430.0,25417.5,25421.75,1819.0
2026-02-04T01:55:00Z,25422.0,25443.5,25418.75,25439.0,1940.0
2026-02-04T02:00:00Z,25440.0,25457.0,25440.0,25448.5,2965.0
2026-02-04T02:05:00Z,25449.0,25473.5,25447.75,25471.25,3710.0
2026-02-04T02:10:00Z,25471.0,25472.25,25453.0,25455.25,2013.0
2026-02-04T02:15:00Z,25455.5,25464.75,25439.0,25440.0,2746.0
2026-02-04T02:20:00Z,25440.75,25441.75,25430.0,25437.0,1949.0
2026-02-04T02:25:00Z,25437.0,25442.75,25415.0,25425.5,2770.0
2026-02-04T02:30:00Z,25425.5,25435.5,25422.25,25432.0,1364.0
2026-02-04T02:35:00Z,25432.75,25437.5,25421.5,25422.0,1568.0
2026-02-04T02:40:00Z,25422.5,25425.5,25406.25,25423.0,2870.0
2026-02-04T02:45:00Z,25423.25,25429.5,25418.5,25421.0,1313.0
2026-02-04T02:50:00Z,25421.0,25421.75,25398.75,25417.0,2463.0
2026-02-04T02:55:00Z,25418.0,25423.75,25407.5,25413.5,1606.0
2026-02-04T03:00:00Z,25412.75,25423.0,25402.75,25407.5,1726.0
2026-02-04T03:05:00Z,25407.75,25414.75,25403.25,25410.0,960.0
2026-02-04T03:10:00Z,25410.0,25433.0,25407.75,25423.5,2107.0
2026-02-04T03:15:00Z,25423.25,25429.0,25409.25,25416.75,2260.0
2026-02-04T03:20:00Z,25416.25,25425.25,25407.5,25418.75,1460.0
2026-02-04T03:25:00Z,25418.0,25436.5,25417.25,25423.0,1996.0
2026-02-04T03:30:00Z,25423.0,25443.25,25422.0,25438.25,2139.0
2026-02-04T03:35:00Z,25438.0,25452.5,25430.25,25447.5,1873.0
2026-02-04T03:40:00Z,25448.0,25450.5,25430.75,25430.75,1249.0
2026-02-04T03:45:00Z,25431.5,25433.0,25411.5,25421.0,2573.0
2026-02-04T03:50:00Z,25421.75,25427.0,25411.75,25423.25,1288.0
2026-02-04T03:55:00Z,25423.25,25436.25,25423.25,25433.25,1341.0
2026-02-04T04:00:00Z,25433.5,25438.25,25431.0,25432.5,864.0
2026-02-04T04:05:00Z,25433.25,25439.25,25424.75,25428.75,870.0
2026-02-04T04:10:00Z,25429.25,25442.0,25428.5,25432.5,808.0
2026-02-04T04:15:00Z,25432.0,25435.25,25426.25,25433.5,686.0
2026-02-04T04:20:00Z,25433.0,25433.5,25418.25,25421.5,952.0
2026-02-04T04:25:00Z,25422.0,25426.25,25417.0,25424.25,729.0
2026-02-04T04:30:00Z,25424.25,25434.0,25423.25,25434.0,697.0
2026-02-04T04:35:00Z,25433.75,25436.25,25426.25,25434.75,602.0
2026-02-04T04:40:00Z,25434.75,25448.5,25432.0,25439.5,1550.0
2026-02-04T04:45:00Z,25439.0,25442.0,25433.5,25433.5,592.0
2026-02-04T04:50:00Z,25433.5,25440.0,25427.75,25432.25,907.0
2026-02-04T04:55:00Z,25431.5,25431.5,25423.25,25427.5,693.0
2026-02-04T05:05:00Z,25421.5,25421.75,25416.0,25419.5,2310.0
2026-02-04T05:10:00Z,25418.75,25427.0,25418.0,25421.5,760.0
2026-02-04T05:15:00Z,25421.75,25433.25,25420.75,25429.25,749.0
2026-02-04T05:20:00Z,25429.25,25436.5,25427.25,25433.75,927.0
2026-02-04T05:25:00Z,25434.25,25438.25,25429.0,25430.5,527.0
2026-02-04T05:30:00Z,25431.5,25432.75,25408.25,25420.0,1832.0
2026-02-04T05:35:00Z,25419.75,25426.0,25416.0,25424.5,648.0
2026-02-04T05:40:00Z,25423.75,25435.25,25422.75,25429.5,836.0
2026-02-04T05:45:00Z,25430.0,25439.5,25429.0,25437.5,842.0
2026-02-04T05:50:00Z,25436.75,25442.75,25429.25,25430.0,796.0
2026-02-04T05:55:00Z,25429.75,25443.5,25427.5,25442.75,977.0
2026-02-04T06:00:00Z,25443.25,25450.25,25435.25,25449.75,1327.0
2026-02-04T06:05:00Z,25450.0,25458.0,25446.25,25448.0,1369.0
2026-02-04T06:10:00Z,25448.25,25465.75,25446.25,25461.0,1480.0
2026-02-04T06:15:00Z,25461.25,25462.75,25448.25,25450.25,1062.0
2026-02-04T06:20:00Z,25449.75,25452.5,25435.75,25446.5,1771.0
2026-02-04T06:25:00Z,25445.75,25458.25,25445.25,25455.75,1108.0
2026-02-04T06:30:00Z,25456.0,25463.75,25447.0,25463.25,1784.0
2026-02-04T06:35:00Z,25464.0,25475.0,25461.25,25471.75,1967.0
2026-02-04T06:40:00Z,25471.5,25479.0,25470.25,25476.75,1529.0
2026-02-04T06:45:00Z,25475.75,25489.75,25474.75,25486.5,2739.0
2026-02-04T06:50:00Z,25486.25,25487.5,25471.25,25476.75,1765.0
2026-02-04T06:55:00Z,25476.0,25476.75,25466.5,25470.5,1248.0
2026-02-04T07:00:00Z,25470.75,25481.75,25468.25,25481.25,1435.0
2026-02-04T07:05:00Z,25480.75,25483.75,25471.0,25476.75,1407.0
2026-02-04T07:10:00Z,25477.25,25491.0,25476.5,25485.5,1890.0
2026-02-04T07:15:00Z,25485.5,25490.25,25481.25,25488.5,1199.0
2026-02-04T07:20:00Z,25488.5,25499.0,25487.0,25497.0,1535.0
2026-02-04T07:25:00Z,25497.75,25498.75,25488.0,25490.75,1353.0
2026-02-04T07:30:00Z,25490.75,25494.5,25475.5,25490.5,2206.0
2026-02-04T07:35:00Z,25490.75,25504.75,25489.75,25504.25,1978.0
2026-02-04T07:40:00Z,25503.75,25508.75,25502.5,25504.75,1604.0
2026-02-04T07:45:00Z,25505.25,25510.75,25499.5,25505.5,1864.0
2026-02-04T07:50:00Z,25505.75,25514.5,25505.5,25509.0,1311.0
2026-02-04T07:55:00Z,25509.5,25512.0,25499.75,25502.75,1000.0
2026-02-04T08:00:00Z,25502.25,25509.75,25458.25,25463.0,5566.0
2026-02-04T08:05:00Z,25462.75,25492.75,25460.75,25483.75,4118.0
2026-02-04T08:10:00Z,25484.25,25500.0,25478.25,25492.25,2746.0
2026-02-04T08:15:00Z,25492.75,25494.5,25474.25,25476.25,1950.0
2026-02-04T08:20:00Z,25476.0,25477.5,25438.5,25439.75,4692.0
2026-02-04T08:25:00Z,25439.5,25449.75,25408.75,25412.75,6836.0
2026-02-04T08:30:00Z,25412.5,25437.25,25401.0,25424.0,5289.0
2026-02-04T08:35:00Z,25424.5,25439.75,25414.75,25416.75,3320.0
2026-02-04T08:40:00Z,25417.25,25452.75,25411.25,25450.75,3089.0
2026-02-04T08:45:00Z,25450.5,25455.5,25438.5,25440.0,2551.0
2026-02-04T08:50:00Z,25439.5,25448.0,25428.0,25436.5,2522.0
2026-02-04T08:55:00Z,25436.0,25436.0,25414.75,25425.5,3410.0
2026-02-04T09:00:00Z,25426.0,25449.25,25413.5,25435.0,3638.0
2026-02-04T09:05:00Z,25435.25,25447.0,25429.25,25430.5,1821.0
2026-02-04T09:10:00Z,25430.0,25436.25,25408.5,25413.5,3108.0
2026-02-04T09:15:00Z,25414.0,25416.25,25376.75,25383.0,5369.0
2026-02-04T09:20:00Z,25384.0,25389.75,25360.5,25365.5,5577.0
2026-02-04T09:25:00Z,25366.0,25388.5,25358.0,25381.75,4371.0
2026-02-04T09:30:00Z,25382.5,25398.25,25376.25,25385.5,3147.0
2026-02-04T09:35:00Z,25385.75,25395.0,25372.0,25386.0,2389.0
2026-02-04T09:40:00Z,25385.5,25393.25,25355.0,25373.25,3136.0
2026-02-04T09:45:00Z,25374.5,25392.5,25373.75,25382.25,2436.0
2026-02-04T09:50:00Z,25381.75,25389.0,25367.75,25383.0,2473.0
2026-02-04T09:55:00Z,25382.75,25407.25,25382.5,25402.5,2322.0
2026-02-04T10:00:00Z,25402.5,25430.75,25395.0,25430.25,3602.0
2026-02-04T10:05:00Z,25430.0,25440.5,25423.75,25424.75,3249.0
2026-02-04T10:10:00Z,25424.75,25432.25,25415.0,25421.25,2392.0
2026-02-04T10:15:00Z,25420.75,25445.25,25418.25,25440.75,2184.0
2026-02-04T10:20:00Z,25441.5,25448.0,25433.0,25438.0,2278.0
2026-02-04T10:25:00Z,25438.0,25448.5,25429.5,25443.5,1961.0
2026-02-04T10:30:00Z,25443.75,25465.75,25443.25,25462.0,3253.0
2026-02-04T10:35:00Z,25461.75,25466.75,25436.75,25442.75,2718.0
2026-02-04T10:40:00Z,25442.5,25448.0,25436.5,25444.5,1680.0
2026-02-04T10:45:00Z,25444.5,25446.25,25434.5,25442.25,1573.0
2026-02-04T10:50:00Z,25442.25,25459.75,25441.5,25453.25,2137.0
2026-02-04T10:55:00Z,25453.0,25460.5,25446.5,25449.5,1572.0
2026-02-04T11:00:00Z,25450.25,25459.5,25446.0,25456.25,1455.0
2026-02-04T11:05:00Z,25456.25,25459.25,25444.0,25445.5,1312.0
2026-02-04T11:10:00Z,25445.5,25447.0,25436.0,25444.5,1557.0
2026-02-04T11:15:00Z,25444.25,25460.75,25439.5,25454.75,2001.0
2026-02-04T11:20:00Z,25454.5,25460.0,25447.5,25458.75,1377.0
2026-02-04T11:25:00Z,25458.5,25462.75,25447.5,25448.75,1694.0
2026-02-04T11:30:00Z,25449.25,25464.5,25445.0,25462.5,1676.0
2026-02-04T11:35:00Z,25462.25,25479.25,25459.25,25474.5,2640.0
2026-02-04T11:40:00Z,25475.0,25475.75,25460.25,25462.75,1717.0
2026-02-04T11:45:00Z,25463.0,25475.25,25455.0,25468.75,3863.0
2026-02-04T11:50:00Z,25469.25,25482.0,25464.25,25473.5,2708.0
2026-02-04T11:55:00Z,25473.5,25483.5,25472.25,25474.25,2446.0
2026-02-04T12:00:00Z,25474.25,25491.0,25464.75,25467.75,3117.0
2026-02-04T12:05:00Z,25467.75,25469.0,25438.0,25454.75,3973.0
2026-02-04T12:10:00Z,25454.25,25461.0,25446.25,25461.0,1670.0
2026-02-04T12:15:00Z,25460.5,25466.0,25452.5,25458.25,1731.0
2026-02-04T12:20:00Z,25458.25,25461.5,25444.0,25444.5,1560.0
2026-02-04T12:25:00Z,25444.5,25444.5,25420.25,25431.0,4092.0
2026-02-04T12:30:00Z,25430.5,25447.75,25429.25,25447.0,2192.0
2026-02-04T12:35:00Z,25446.5,25448.25,25402.25,25408.0,3910.0
2026-02-04T12:40:00Z,25408.0,25417.0,25397.25,25415.5,3075.0
2026-02-04T12:45:00Z,25416.5,25427.5,25402.75,25408.75,2982.0
2026-02-04T12:50:00Z,25408.0,25417.25,25396.25,25409.75,2869.0
2026-02-04T12:55:00Z,25409.25,25418.75,25403.25,25406.0,2543.0
2026-02-04T13:00:00Z,25406.5,25417.0,25390.75,25391.75,3798.0
2026-02-04T13:05:00Z,25391.25,25400.5,25379.75,25383.25,3784.0
2026-02-04T13:10:00Z,25382.75,25394.75,25373.75,25390.0,3156.0
2026-02-04T13:15:00Z,25392.25,25409.0,25382.0,25393.75,3747.0
2026-02-04T13:20:00Z,25393.5,25401.0,25369.5,25385.75,3884.0
2026-02-04T13:25:00Z,25385.75,25401.75,25384.75,25393.25,2465.0
2026-02-04T13:30:00Z,25391.75,25417.0,25373.75,25399.25,5694.0
2026-02-04T13:35:00Z,25399.0,25401.25,25377.25,25385.5,5524.0
2026-02-04T13:40:00Z,25386.0,25406.5,25380.5,25393.0,3598.0
2026-02-04T13:45:00Z,25392.75,25393.0,25346.75,25349.5,8277.0
2026-02-04T13:50:00Z,25349.75,25370.75,25342.25,25359.25,8916.0
2026-02-04T13:55:00Z,25359.25,25369.5,25355.75,25358.25,5257.0
2026-02-04T14:00:00Z,25357.75,25360.75,25335.25,25338.75,8982.0
2026-02-04T14:05:00Z,25339.0,25346.25,25325.0,25336.75,8818.0
2026-02-04T14:10:00Z,25337.0,25355.25,25336.75,25348.75,7366.0
2026-02-04T14:15:00Z,25349.0,25352.5,25337.25,25343.0,5745.0
2026-02-04T14:20:00Z,25343.0,25366.25,25333.5,25356.5,7384.0
2026-02-04T14:25:00Z,25356.5,25389.25,25355.75,25385.5,10921.0
2026-02-04T14:30:00Z,25385.0,25386.5,25230.0,25286.5,60872.0
2026-02-04T14:35:00Z,25286.75,25385.0,25262.75,25352.5,52382.0
2026-02-04T14:40:00Z,25352.25,25386.25,25295.0,25333.25,35001.0
2026-02-04T14:45:00Z,25330.25,25371.75,25291.0,25344.25,38921.0
2026-02-04T14:50:00Z,25343.0,25357.25,25243.25,25303.75,52318.0
2026-02-04T14:55:00Z,25303.25,25312.25,25186.0,25200.75,44983.0
2026-02-04T15:00:00Z,25197.5,25199.5,25107.75,25148.75,60093.0
2026-02-04T15:05:00Z,25148.75,25250.75,25148.75,25239.25,53543.0
2026-02-04T15:10:00Z,25239.5,25260.75,25194.0,25217.5,53173.0
2026-02-04T15:15:00Z,25218.25,25236.75,25180.0,25193.75,32067.0
2026-02-04T15:20:00Z,25194.25,25281.0,25188.5,25262.5,39069.0
2026-02-04T15:25:00Z,25262.5,25305.75,25225.25,25248.25,33651.0
2026-02-04T15:30:00Z,25248.25,25259.75,25164.0,25175.25,34769.0
2026-02-04T15:35:00Z,25174.75,25256.75,25119.5,25200.25,46643.0
2026-02-04T15:40:00Z,25201.25,25271.0,25180.5,25211.25,44819.0
2026-02-04T15:45:00Z,25211.5,25221.5,25153.5,25164.0,32604.0
2026-02-04T15:50:00Z,25163.75,25198.75,25147.75,25175.25,30556.0
2026-02-04T15:55:00Z,25174.5,25194.0,25131.25,25151.75,29633.0
2026-02-04T16:00:00Z,25152.25,25171.5,25072.25,25073.0,39747.0
2026-02-04T16:05:00Z,25073.75,25107.5,25052.25,25066.0,36129.0
2026-02-04T16:10:00Z,25065.75,25141.75,25052.25,25111.25,39957.0
2026-02-04T16:15:00Z,25111.5,25133.0,25041.75,25053.0,34550.0
2026-02-04T16:20:00Z,25053.0,25115.25,25047.5,25112.25,31318.0
2026-02-04T16:25:00Z,25112.25,25139.75,25097.5,25130.75,29569.0
2026-02-04T16:30:00Z,25130.75,25137.0,25061.75,25064.5,26666.0
2026-02-04T16:35:00Z,25064.5,25081.5,25036.5,25038.0,27376.0
2026-02-04T16:40:00Z,25038.25,25043.0,24975.0,24978.75,28721.0
2026-02-04T16:45:00Z,24978.75,24985.0,24940.0,24953.0,29786.0
2026-02-04T16:50:00Z,24953.0,24983.75,24928.0,24983.75,33034.0
2026-02-04T16:55:00Z,24984.0,25043.75,24979.5,25035.75,34569.0
2026-02-04T17:00:00Z,25035.75,25057.5,25013.0,25044.75,25776.0
2026-02-04T17:05:00Z,25045.0,25054.25,25007.5,25017.5,23964.0
2026-02-04T17:10:00Z,25017.75,25040.0,24983.75,25031.0,26617.0
2026-02-04T17:15:00Z,25031.0,25042.75,24979.5,24980.5,22214.0
2026-02-04T17:20:00Z,24980.75,25002.5,24962.25,24974.25,20885.0
2026-02-04T17:25:00Z,24974.75,24984.0,24873.75,24889.0,40955.0
2026-02-04T17:30:00Z,24889.25,24947.25,24866.5,24884.0,34295.0
2026-02-04T17:35:00Z,24883.5,24883.75,24815.75,24816.75,25322.0
2026-02-04T17:40:00Z,24816.0,24855.75,24798.75,24850.5,28959.0
2026-02-04T17:45:00Z,24850.25,24861.5,24796.75,24810.75,21395.0
2026-02-04T17:50:00Z,24809.25,24851.0,24784.0,24845.0,24319.0
2026-02-04T17:55:00Z,24845.25,24883.5,24844.25,24874.25,19210.0
2026-02-04T18:00:00Z,24873.75,24888.5,24826.75,24862.5,21208.0
2026-02-04T18:05:00Z,24862.75,24900.75,24821.0,24822.0,28066.0
2026-02-04T18:10:00Z,24821.5,24863.25,24819.0,24850.75,23443.0
2026-02-04T18:15:00Z,24850.0,24869.0,24825.5,24831.0,16672.0
2026-02-04T18:20:00Z,24831.75,24887.5,24825.25,24886.0,19183.0
2026-02-04T18:25:00Z,24886.0,24950.0,24885.5,24941.5,25213.0
2026-02-04T18:30:00Z,24941.75,24944.25,24853.0,24874.25,25876.0
2026-02-04T18:35:00Z,24874.5,24905.75,24866.0,24893.25,21167.0
2026-02-04T18:40:00Z,24893.0,24940.0,24879.25,24888.0,21837.0
2026-02-04T18:45:00Z,24887.5,24896.5,24864.25,24864.25,17782.0
2026-02-04T18:50:00Z,24864.25,24912.75,24833.75,24904.25,21675.0
2026-02-04T18:55:00Z,24904.5,24959.0,24903.0,24923.75,23370.0
2026-02-04T19:00:00Z,24923.75,24941.25,24893.75,24897.0,21405.0
2026-02-04T19:05:00Z,24896.0,24916.25,24863.25,24906.0,19019.0
2026-02-04T19:10:00Z,24906.25,24923.75,24896.25,24905.25,8839.0
2026-02-04T19:15:00Z,24904.0,24954.25,24902.25,24925.0,11222.0
2026-02-04T19:20:00Z,24924.75,24945.5,24890.0,24929.25,14311.0
2026-02-04T19:25:00Z,24929.0,24967.75,24915.5,24963.25,13332.0
2026-02-04T19:30:00Z,24963.0,25004.0,24959.5,25001.75,18864.0
2026-02-04T19:35:00Z,25001.75,25015.0,24976.5,24991.25,12975.0
2026-02-04T19:40:00Z,24991.5,25044.25,24987.5,25025.25,15184.0
2026-02-04T19:45:00Z,25025.75,25110.75,25010.75,25064.25,28541.0
2026-02-04T19:50:00Z,25064.5,25108.75,25051.0,25077.0,15327.0
2026-02-04T19:55:00Z,25077.0,25115.5,25065.5,25105.75,13749.0
2026-02-04T20:00:00Z,25106.25,25119.25,25053.0,25065.0,15614.0
2026-02-04T20:05:00Z,25064.75,25088.25,25059.0,25083.0,7724.0
2026-02-04T20:10:00Z,25083.25,25091.75,25020.25,25047.5,16013.0
2026-02-04T20:15:00Z,25047.75,25059.75,25027.5,25049.5,11877.0
2026-02-04T20:20:00Z,25049.0,25079.25,25031.0,25070.75,13932.0
2026-02-04T20:25:00Z,25071.0,25092.0,25053.0,25059.0,12319.0
2026-02-04T20:30:00Z,25059.5,25078.5,25039.25,25065.5,11602.0
2026-02-04T20:35:00Z,25065.5,25090.5,25049.25,25086.25,9694.0
2026-02-04T20:40:00Z,25086.25,25099.25,25061.5,25065.0,6556.0
2026-02-04T20:45:00Z,25065.0,25090.0,25045.25,25082.25,6348.0
2026-02-04T20:50:00Z,25082.25,25097.5,25001.0,25007.5,12789.0
2026-02-04T20:55:00Z,24986.5,25013.25,24983.0,24997.75,16432.0
2026-02-04T21:00:00Z,24996.75,25060.25,24875.0,24913.5,20933.0
2026-02-04T21:05:00Z,24914.0,25037.25,24909.5,25024.5,12309.0
2026-02-04T21:10:00Z,25022.5,25064.25,24997.5,25045.75,9427.0
2026-02-04T21:15:00Z,25045.75,25058.25,24994.25,25035.5,5888.0
2026-02-04T21:20:00Z,25034.5,25042.0,24994.75,25025.25,4159.0
2026-02-04T21:25:00Z,25026.0,25055.0,25005.75,25042.5,2998.0
2026-02-04T21:30:00Z,25041.75,25173.0,25036.25,25171.0,8752.0
2026-02-04T21:35:00Z,25171.5,25181.25,25132.5,25158.5,7596.0
2026-02-04T21:40:00Z,25158.0,25168.5,25136.0,25154.75,3223.0
2026-02-04T21:45:00Z,25154.5,25173.0,25124.5,25134.25,3825.0
2026-02-04T21:50:00Z,25133.5,25158.25,25112.75,25152.5,2883.0
2026-02-04T21:55:00Z,25153.5,25154.75,25107.25,25118.25,2280.0
2026-02-04T23:00:00Z,25067.25,25107.75,25056.25,25106.25,0.0
2026-02-04T23:05:00Z,25105.75,25114.75,25057.75,25080.25,5255.0
2026-02-04T23:10:00Z,25080.0,25105.75,25069.0,25070.0,3344.0
2026-02-04T23:15:00Z,25070.75,25092.0,25070.25,25074.0,1601.0
2026-02-04T23:20:00Z,25074.5,25090.75,25068.75,25070.25,2347.0
2026-02-04T23:25:00Z,25069.25,25097.25,25063.75,25095.0,2373.0
2026-02-04T23:30:00Z,25095.5,25125.25,25093.0,25105.25,4610.0
2026-02-04T23:35:00Z,25105.25,25109.25,25078.5,25079.5,2838.0
2026-02-04T23:40:00Z,25079.5,25088.25,25061.0,25078.0,2848.0
2026-02-04T23:45:00Z,25077.25,25096.5,25071.75,25087.0,1796.0
2026-02-04T23:50:00Z,25087.0,25103.5,25079.0,25085.0,1584.0
2026-02-04T23:55:00Z,25084.5,25084.5,25042.25,25067.75,3649.0
2026-02-05T00:00:00Z,25068.5,25068.5,25030.25,25048.0,3934.0
2026-02-05T00:05:00Z,25048.25,25067.0,25042.25,25059.0,2860.0
2026-02-05T00:10:00Z,25058.75,25074.0,25057.0,25066.5,2031.0
2026-02-05T00:15:00Z,25065.75,25088.75,25065.5,25086.75,2671.0
2026-02-05T00:20:00Z,25088.0,25101.25,25076.75,25096.0,2388.0
2026-02-05T00:25:00Z,25096.75,25121.0,25096.5,25113.5,3657.0
2026-02-05T00:30:00Z,25114.25,25119.25,25101.5,25110.5,2097.0
2026-02-05T00:35:00Z,25111.0,25125.25,25105.75,25124.0,2127.0
2026-02-05T00:40:00Z,25124.0,25136.0,25121.25,25127.5,2815.0
2026-02-05T00:45:00Z,25127.0,25133.0,25119.0,25132.25,1919.0
2026-02-05T00:50:00Z,25132.0,25134.0,25108.75,25112.0,2084.0
2026-02-05T00:55:00Z,25111.25,25125.25,25106.5,25108.0,2005.0
2026-02-05T01:00:00Z,25108.75,25127.75,25098.25,25122.0,3741.0
2026-02-05T01:05:00Z,25120.25,25158.0,25120.0,25154.5,3611.0
2026-02-05T01:10:00Z,25154.5,25159.0,25149.0,25153.75,2649.0
2026-02-05T01:15:00Z,25154.25,25169.25,25149.0,25151.5,3302.0
2026-02-05T01:20:00Z,25151.75,25152.5,25111.75,25114.0,4485.0
2026-02-05T01:25:00Z,25114.0,25140.25,25110.0,25127.0,2990.0
2026-02-05T01:30:00Z,25128.0,25142.0,25120.5,25130.25,2498.0
2026-02-05T01:35:00Z,25129.75,25150.0,25125.0,25144.0,1808.0
2026-02-05T01:40:00Z,25144.5,25152.25,25128.5,25143.75,2134.0
2026-02-05T01:45:00Z,25145.0,25153.25,25125.75,25127.0,1686.0
2026-02-05T01:50:00Z,25127.25,25143.75,25120.25,25122.5,1841.0
2026-02-05T01:55:00Z,25122.75,25131.0,25116.0,25123.0,2019.0
2026-02-05T02:00:00Z,25123.75,25134.75,25094.25,25099.75,3516.0
2026-02-05T02:05:00Z,25099.75,25106.5,25075.5,25077.25,4552.0
2026-02-05T02:10:00Z,25077.75,25083.0,25011.25,25012.5,8115.0
2026-02-05T02:15:00Z,25012.5,25034.75,24959.25,25020.75,13215.0
2026-02-05T02:20:00Z,25020.25,25059.0,25011.75,25042.0,5706.0
2026-02-05T02:25:00Z,25041.0,25064.0,25030.0,25060.0,3824.0
2026-02-05T02:30:00Z,25060.25,25081.25,25055.25,25068.0,5240.0
2026-02-05T02:35:00Z,25068.5,25094.75,25057.5,25071.75,4260.0
2026-02-05T02:40:00Z,25071.75,25080.0,25062.5,25071.5,2464.0
2026-02-05T02:45:00Z,25071.75,25077.25,25029.25,25035.0,4870.0
2026-02-05T02:50:00Z,25035.5,25045.5,25004.25,25021.25,6734.0
2026-02-05T02:55:00Z,25022.0,25024.5,24958.5,24961.75,6647.0
2026-02-05T03:00:00Z,24961.25,25007.25,24947.75,24995.0,7519.0
2026-02-05T03:05:00Z,24994.75,25007.0,24972.5,25004.75,4256.0
2026-02-05T03:10:00Z,25004.0,25018.5,24991.0,25006.0,4134.0
2026-02-05T03:15:00Z,25006.5,25011.25,24980.0,24998.0,3042.0
2026-02-05T03:20:00Z,24998.0,25037.0,24991.25,25020.25,4516.0
2026-02-05T03:25:00Z,25020.25,25034.5,25002.75,25013.0,2284.0
2026-02-05T03:30:00Z,25013.0,25019.5,24967.75,24988.5,4286.0
2026-02-05T03:35:00Z,24988.0,24993.5,24959.0,24967.0,3548.0
2026-02-05T03:40:00Z,24968.0,25002.5,24966.5,25000.0,3121.0
2026-02-05T03:45:00Z,24998.5,24998.5,24965.25,24974.5,2420.0
2026-02-05T03:50:00Z,24974.5,24975.0,24929.0,24943.25,5410.0
2026-02-05T03:55:00Z,24943.25,24967.25,24936.0,24947.75,3771.0
2026-02-05T04:00:00Z,24948.75,24986.0,24948.75,24956.0,4123.0
2026-02-05T04:05:00Z,24957.0,24965.75,24940.75,24963.75,2992.0
2026-02-05T04:10:00Z,24962.5,24970.0,24954.25,24957.25,2296.0
2026-02-05T04:15:00Z,24958.75,24960.0,24931.25,24935.5,3342.0
2026-02-05T04:20:00Z,24935.75,24953.25,24922.75,24934.75,3067.0
2026-02-05T04:25:00Z,24935.75,24950.5,24915.5,24950.25,3202.0
2026-02-05T04:30:00Z,24949.5,24978.5,24940.75,24971.0,3645.0
2026-02-05T04:35:00Z,24972.0,24976.75,24963.25,24968.75,2249.0
2026-02-05T04:40:00Z,24968.75,25017.25,24968.75,25013.25,4427.0
2026-02-05T04:45:00Z,25013.75,25023.25,25005.25,25009.5,2481.0
2026-02-05T04:50:00Z,25009.75,25027.0,25009.25,25012.0,2188.0
2026-02-05T04:55:00Z,25012.75,25018.75,25001.0,25006.25,1548.0
2026-02-05T05:05:00Z,24986.5,24989.75,24982.75,24989.0,5490.0
2026-02-05T05:10:00Z,24987.75,25011.75,24985.25,24986.75,2068.0
2026-02-05T05:15:00Z,24986.75,24996.0,24967.75,24977.5,3097.0
2026-02-05T05:20:00Z,24977.0,24978.5,24962.5,24976.5,2124.0
2026-02-05T05:25:00Z,24976.25,25009.5,24973.75,25002.0,2504.0
2026-02-05T05:30:00Z,25002.5,25011.25,24982.0,24991.25,2547.0
2026-02-05T05:35:00Z,24991.25,25028.5,24991.25,25023.75,2262.0
2026-02-05T05:40:00Z,25024.25,25045.0,25012.0,25029.25,3277.0
2026-02-05T05:45:00Z,25029.5,25036.75,25007.75,25012.25,2477.0
2026-02-05T05:50:00Z,25013.25,25020.0,24994.0,25003.0,2190.0
2026-02-05T05:55:00Z,25003.25,25004.75,24989.75,24996.5,1785.0
2026-02-05T06:00:00Z,24996.5,25015.25,24992.5,25008.5,2496.0
2026-02-05T06:05:00Z,25008.25,25027.25,24999.0,25019.5,2175.0
2026-02-05T06:10:00Z,25019.5,25033.75,25014.5,25027.25,1615.0
2026-02-05T06:15:00Z,25027.75,25053.0,25021.75,25028.5,2989.0
2026-02-05T06:20:00Z,25028.25,25040.0,25010.25,25022.0,2712.0
2026-02-05T06:25:00Z,25021.75,25032.5,25016.0,25029.25,1671.0
2026-02-05T06:30:00Z,25027.75,25045.25,25020.75,25038.5,2210.0
2026-02-05T06:35:00Z,25038.25,25047.5,25022.75,25045.5,1874.0
2026-02-05T06:40:00Z,25046.0,25058.75,25043.5,25049.5,2337.0
2026-02-05T06:45:00Z,25050.25,25070.75,25050.25,25057.25,2703.0
2026-02-05T06:50:00Z,25056.75,25067.0,25051.25,25058.5,1223.0
2026-02-05T06:55:00Z,25056.75,25076.75,25053.5,25072.0,1880.0
2026-02-05T07:00:00Z,25072.25,25086.5,25063.75,25076.75,3221.0
2026-02-05T07:05:00Z,25076.0,25083.25,25061.25,25069.25,2289.0
2026-02-05T07:10:00Z,25070.0,25082.25,25064.75,25066.0,1474.0
2026-02-05T07:15:00Z,25065.25,25073.5,25057.0,25063.5,1688.0
2026-02-05T07:20:00Z,25063.25,25076.5,25055.0,25068.25,1941.0
2026-02-05T07:25:00Z,25069.0,25089.25,25063.0,25080.5,2659.0
2026-02-05T07:30:00Z,25080.5,25089.0,25072.5,25083.25,2117.0
2026-02-05T07:35:00Z,25083.0,25085.0,25061.75,25063.75,1299.0
2026-02-05T07:40:00Z,25064.5,25066.5,25047.25,25061.25,2600.0
2026-02-05T07:45:00Z,25061.5,25079.5,25058.5,25071.0,2327.0
2026-02-05T07:50:00Z,25071.25,25089.0,25049.25,25083.75,2754.0
2026-02-05T07:55:00Z,25083.75,25085.75,25040.0,25045.75,2873.0
2026-02-05T08:00:00Z,25044.0,25090.75,25043.25,25074.0,6419.0
2026-02-05T08:05:00Z,25075.5,25109.75,25064.5,25100.5,5421.0
2026-02-05T08:10:00Z,25100.75,25114.25,25081.25,25098.5,4647.0
2026-02-05T08:15:00Z,25097.75,25124.0,25096.0,25117.0,3369.0
2026-02-05T08:20:00Z,25116.75,25122.5,25093.5,25094.5,2908.0
2026-02-05T08:25:00Z,25094.75,25115.75,25078.25,25092.75,3927.0
2026-02-05T08:30:00Z,25093.25,25113.5,25081.25,25083.25,3550.0
2026-02-05T08:35:00Z,25083.25,25087.5,25070.0,25084.0,3597.0
2026-02-05T08:40:00Z,25083.75,25103.5,25079.75,25086.0,3283.0
2026-02-05T08:45:00Z,25085.25,25085.25,25063.75,25068.0,3266.0
2026-02-05T08:50:00Z,25067.75,25068.0,25014.25,25022.5,6314.0
2026-02-05T08:55:00Z,25023.5,25036.5,24998.5,24998.75,6328.0
2026-02-05T09:00:00Z,24999.25,25043.25,24988.5,25005.5,5760.0
2026-02-05T09:05:00Z,25005.75,25017.5,24980.75,25000.5,5441.0
2026-02-05T09:10:00Z,25000.25,25012.0,24978.0,25001.25,2933.0
2026-02-05T09:15:00Z,25001.0,25014.0,24983.5,25000.75,2598.0
2026-02-05T09:20:00Z,25001.75,25040.0,25001.75,25036.75,3107.0
2026-02-05T09:25:00Z,25037.5,25071.75,25036.5,25070.25,3207.0
2026-02-05T09:30:00Z,25070.75,25097.0,25066.5,25081.5,3812.0
2026-02-05T09:35:00Z,25082.25,25085.0,25042.25,25046.25,3085.0
2026-02-05T09:40:00Z,25047.0,25052.5,25028.5,25031.75,2526.0
2026-02-05T09:45:00Z,25031.75,25041.0,25011.0,25022.75,2576.0
2026-02-05T09:50:00Z,25023.25,25053.5,25022.5,25047.5,2872.0
2026-02-05T09:55:00Z,25048.25,25058.5,25027.25,25028.75,1979.0
2026-02-05T10:00:00Z,25030.25,25048.5,25024.25,25038.0,1941.0
2026-02-05T10:05:00Z,25037.25,25043.5,25021.75,25035.25,1894.0
2026-02-05T10:10:00Z,25035.75,25079.75,25035.75,25079.5,3193.0
2026-02-05T10:15:00Z,25079.75,25087.25,25065.75,25077.25,2509.0
2026-02-05T10:20:00Z,25078.0,25090.75,25069.25,25082.5,2294.0
2026-02-05T10:25:00Z,25083.25,25092.25,25079.5,25085.0,1749.0
2026-02-05T10:30:00Z,25086.5,25089.0,25046.75,25050.0,3190.0
2026-02-05T10:35:00Z,25051.25,25053.25,25026.5,25031.5,2514.0
2026-02-05T10:40:00Z,25031.0,25059.5,25026.25,25036.75,2469.0
2026-02-05T10:45:00Z,25037.5,25054.0,25029.5,25042.75,2165.0
2026-02-05T10:50:00Z,25041.75,25052.25,25029.75,25033.0,1407.0
2026-02-05T10:55:00Z,25032.5,25041.25,25029.75,25033.75,1315.0
2026-02-05T11:00:00Z,25033.25,25035.5,25011.25,25015.5,2623.0
2026-02-05T11:05:00Z,25015.5,25040.75,25012.75,25039.75,1729.0
2026-02-05T11:10:00Z,25039.75,25041.75,25026.0,25035.75,1810.0
2026-02-05T11:15:00Z,25035.75,25054.25,25033.25,25038.25,2245.0
2026-02-05T11:20:00Z,25039.75,25065.25,25034.0,25050.25,2239.0
2026-02-05T11:25:00Z,25050.25,25054.5,25021.75,25021.75,2653.0
2026-02-05T11:30:00Z,25022.0,25033.0,24991.0,25002.25,5116.0
2026-02-05T11:35:00Z,25001.0,25026.5,24999.0,25012.75,2906.0
2026-02-05T11:40:00Z,25012.75,25028.25,24998.0,25012.25,2823.0
2026-02-05T11:45:00Z,25013.25,25029.25,25006.25,25020.75,2759.0
2026-02-05T11:50:00Z,25021.0,25026.5,25009.75,25014.75,1800.0
2026-02-05T11:55:00Z,25014.75,25034.25,25011.75,25030.0,2071.0
2026-02-05T12:00:00Z,25029.75,25056.0,25001.0,25051.0,5026.0
2026-02-05T12:05:00Z,25051.5,25056.5,25022.5,25029.5,3380.0
2026-02-05T12:10:00Z,25028.5,25042.25,25020.0,25040.25,2249.0
2026-02-05T12:15:00Z,25040.75,25048.0,24973.75,24974.25,5232.0
2026-02-05T12:20:00Z,24974.25,24980.25,24891.5,24893.5,11211.0
2026-02-05T12:25:00Z,24893.0,24930.75,24880.0,24905.25,7928.0
2026-02-05T12:30:00Z,24904.25,24918.0,24842.75,24843.5,11195.0
2026-02-05T12:35:00Z,24844.25,24861.25,24804.5,24835.25,12601.0
2026-02-05T12:40:00Z,24836.25,24847.75,24753.0,24788.75,14261.0
2026-02-05T12:45:00Z,24788.25,24806.0,24707.75,24732.75,16662.0
2026-02-05T12:50:00Z,24732.5,24794.0,24732.25,24780.75,11529.0
2026-02-05T12:55:00Z,24780.5,24805.25,24736.25,24793.75,9920.0
2026-02-05T13:00:00Z,24793.25,24824.5,24770.75,24780.25,10637.0
2026-02-05T13:05:00Z,24780.0,24838.0,24774.25,24834.0,8592.0
2026-02-05T13:10:00Z,24833.75,24839.5,24788.75,24803.5,5970.0
2026-02-05T13:15:00Z,24803.0,24825.0,24782.25,24786.25,7223.0
2026-02-05T13:20:00Z,24786.5,24823.75,24785.75,24809.75,5747.0
2026-02-05T13:25:00Z,24809.5,24813.5,24780.75,24791.0,4442.0
2026-02-05T13:30:00Z,24792.25,24849.5,24761.5,24843.75,11716.0
2026-02-05T13:35:00Z,24843.5,24869.0,24816.0,24816.75,8768.0
2026-02-05T13:40:00Z,24816.75,24839.5,24807.75,24814.0,8059.0
2026-02-05T13:45:00Z,24815.25,24824.5,24787.0,24797.25,8701.0
2026-02-05T13:50:00Z,24797.75,24818.75,24758.5,24801.0,14112.0
2026-02-05T13:55:00Z,24801.0,24807.0,24763.75,24767.5,9941.0
2026-02-05T14:00:00Z,24767.75,24839.75,24735.5,24817.75,18105.0
2026-02-05T14:05:00Z,24818.0,24827.0,24790.25,24792.5,8121.0
2026-02-05T14:10:00Z,24792.0,24800.25,24762.5,24762.75,8782.0
2026-02-05T14:15:00Z,24763.5,24779.5,24736.5,24755.25,11539.0
2026-02-05T14:20:00Z,24755.5,24762.0,24725.25,24750.75,10074.0
2026-02-05T14:25:00Z,24751.75,24780.5,24736.0,24770.75,9794.0
2026-02-05T14:30:00Z,24771.0,24815.0,24651.75,24813.0,71591.0
2026-02-05T14:35:00Z,24813.75,24902.5,24756.5,24901.0,50713.0
2026-02-05T14:40:00Z,24901.25,24936.25,24842.0,24913.5,49251.0
2026-02-05T14:45:00Z,24914.25,24942.0,24872.5,24926.25,36680.0
2026-02-05T14:50:00Z,24925.25,24961.25,24843.0,24862.0,45841.0
2026-02-05T14:55:00Z,24862.75,24876.0,24758.75,24769.5,43769.0
2026-02-05T15:00:00Z,24769.75,24805.5,24680.0,24704.0,47140.0
2026-02-05T15:05:00Z,24705.5,24713.0,24642.0,24675.75,45578.0
2026-02-05T15:10:00Z,24674.75,24701.0,24557.25,24559.25,53099.0
2026-02-05T15:15:00Z,24559.5,24656.0,24550.75,24639.5,55646.0
2026-02-05T15:20:00Z,24639.0,24664.25,24579.0,24604.25,43311.0
2026-02-05T15:25:00Z,24604.0,24663.5,24558.25,24578.0,39278.0
2026-02-05T15:30:00Z,24578.75,24627.0,24552.5,24567.5,27054.0
2026-02-05T15:35:00Z,24567.5,24672.75,24563.75,24665.25,24714.0
2026-02-05T15:40:00Z,24665.5,24701.0,24620.5,24677.25,29170.0
2026-02-05T15:45:00Z,24677.5,24691.5,24570.25,24588.75,29132.0
2026-02-05T15:50:00Z,24588.0,24655.75,24585.25,24597.5,30059.0
2026-02-05T15:55:00Z,24598.0,24636.75,24568.75,24635.0,21217.0
2026-02-05T16:00:00Z,24634.5,24653.0,24584.75,24585.25,24984.0
2026-02-05T16:05:00Z,24585.5,24610.5,24556.0,24559.75,19748.0
2026-02-05T16:10:00Z,24559.0,24611.5,24537.0,24551.5,23678.0
2026-02-05T16:15:00Z,24551.5,24689.75,24549.75,24676.25,33456.0
2026-02-05T16:20:00Z,24675.75,24740.75,24671.5,24730.0,35009.0
2026-02-05T16:25:00Z,24730.25,24783.75,24710.25,24779.5,28979.0
2026-02-05T16:30:00Z,24780.0,24824.5,24770.0,24815.75,28771.0
2026-02-05T16:35:00Z,24816.0,24822.0,24784.0,24792.75,18815.0
2026-02-05T16:40:00Z,24792.5,24817.5,24761.0,24783.5,21120.0
2026-02-05T16:45:00Z,24784.0,24785.0,24730.0,24781.0,20587.0
2026-02-05T16:50:00Z,24781.25,24842.25,24780.0,24830.75,22569.0
2026-02-05T16:55:00Z,24831.25,24856.75,24790.25,24829.5,20750.0
2026-02-05T17:00:00Z,24829.0,24834.0,24742.75,24762.25,18369.0
2026-02-05T17:05:00Z,24761.5,24793.0,24751.0,24763.25,15160.0
2026-02-05T17:10:00Z,24763.5,24784.75,24735.75,24772.5,14405.0
2026-02-05T17:15:00Z,24773.25,24778.75,24750.0,24754.25,10084.0
2026-02-05T17:20:00Z,24753.75,24828.5,24722.75,24828.5,19847.0
2026-02-05T17:25:00Z,24828.75,24864.5,24827.75,24837.75,18504.0
2026-02-05T17:30:00Z,24839.0,24859.25,24801.75,24805.75,14974.0
2026-02-05T17:35:00Z,24806.25,24845.5,24795.5,24833.75,11402.0
2026-02-05T17:40:00Z,24831.75,24877.5,24825.0,24850.0,14525.0
2026-02-05T17:45:00Z,24849.5,24887.75,24800.25,24810.25,16616.0
2026-02-05T17:50:00Z,24809.75,24837.0,24782.0,24800.25,16305.0
2026-02-05T17:55:00Z,24800.5,24807.75,24768.25,24782.5,11516.0
2026-02-05T18:00:00Z,24783.5,24834.5,24779.75,24799.5,14203.0
2026-02-05T18:05:00Z,24798.5,24798.5,24759.5,24766.75,12118.0
2026-02-05T18:10:00Z,24766.0,24795.5,24746.0,24772.75,12972.0
2026-02-05T18:15:00Z,24772.5,24786.25,24749.5,24759.25,9137.0
2026-02-05T18:20:00Z,24759.0,24767.25,24710.5,24729.0,13366.0
2026-02-05T18:25:00Z,24729.75,24756.25,24716.75,24732.75,11693.0
2026-02-05T18:30:00Z,24732.75,24774.25,24728.25,24748.75,13094.0
2026-02-05T18:35:00Z,24748.0,24748.5,24711.25,24716.75,8704.0
2026-02-05T18:40:00Z,24716.75,24730.5,24693.75,24713.5,13638.0
2026-02-05T18:45:00Z,24713.0,24725.75,24684.25,24694.75,9977.0
2026-02-05T18:50:00Z,24694.5,24694.5,24661.75,24678.5,11553.0
2026-02-05T18:55:00Z,24678.25,24713.25,24662.25,24700.5,12191.0
2026-02-05T19:00:00Z,24700.5,24745.25,24685.75,24726.25,16401.0
2026-02-05T19:05:00Z,24725.5,24760.5,24720.5,24754.25,13820.0
2026-02-05T19:10:00Z,24755.0,24816.75,24752.5,24803.0,16153.0
2026-02-05T19:15:00Z,24802.25,24833.25,24794.25,24829.25,14232.0
2026-02-05T19:20:00Z,24829.25,24839.0,24813.75,24818.75,12871.0
2026-02-05T19:25:00Z,24819.0,24820.0,24759.5,24765.0,15318.0
2026-02-05T19:30:00Z,24765.0,24765.0,24682.5,24721.5,22496.0
2026-02-05T19:35:00Z,24720.5,24742.5,24701.0,24714.0,16380.0
2026-02-05T19:40:00Z,24714.5,24719.5,24689.5,24696.75,13651.0
2026-02-05T19:45:00Z,24696.75,24714.0,24680.25,24691.75,10134.0
2026-02-05T19:50:00Z,24692.5,24707.5,24672.0,24684.75,11893.0
2026-02-05T19:55:00Z,24687.0,24717.25,24682.0,24712.5,12714.0
2026-02-05T20:00:00Z,24712.0,24739.25,24692.75,24737.25,14679.0
2026-02-05T20:05:00Z,24736.75,24798.75,24723.0,24792.5,16311.0
2026-02-05T20:10:00Z,24792.5,24808.25,24745.0,24748.25,16327.0
2026-02-05T20:15:00Z,24747.75,24751.0,24691.5,24695.0,18234.0
2026-02-05T20:20:00Z,24694.75,24699.5,24644.5,24654.75,20749.0
2026-02-05T20:25:00Z,24654.0,24658.75,24630.5,24637.75,15126.0
2026-02-05T20:30:00Z,24638.25,24657.25,24620.75,24627.75,18955.0
2026-02-05T20:35:00Z,24628.75,24648.0,24616.0,24641.25,14772.0
2026-02-05T20:40:00Z,24642.0,24674.5,24604.0,24614.5,20057.0
2026-02-05T20:45:00Z,24614.5,24621.0,24595.0,24610.5,16148.0
2026-02-05T20:50:00Z,24611.0,24632.5,24567.0,24621.5,24987.0
2026-02-05T20:55:00Z,24621.75,24664.5,24613.0,24639.0,23491.0
2026-02-05T21:00:00Z,24639.25,24703.75,24563.75,24571.25,30944.0
2026-02-05T21:05:00Z,24572.0,24598.75,24552.0,24593.75,15556.0
2026-02-05T21:10:00Z,24593.5,24633.75,24591.0,24605.5,11113.0
2026-02-05T21:15:00Z,24605.0,24614.0,24532.25,24541.0,8511.0
2026-02-05T21:20:00Z,24540.75,24554.0,24528.5,24542.75,6114.0
2026-02-05T21:25:00Z,24542.25,24565.5,24536.75,24545.25,4466.0
2026-02-05T21:30:00Z,24544.75,24547.0,24479.0,24482.5,6730.0
2026-02-05T21:35:00Z,24482.75,24501.5,24449.0,24453.75,7209.0
2026-02-05T21:40:00Z,24454.0,24473.5,24435.0,24463.5,6876.0
2026-02-05T21:45:00Z,24464.0,24485.5,24432.5,24435.5,5669.0
2026-02-05T21:50:00Z,24435.75,24459.25,24434.0,24440.5,4448.0
2026-02-05T21:55:00Z,24441.25,24449.25,24407.0,24425.75,5291.0
2026-02-05T23:00:00Z,24410.0,24452.75,24395.25,24449.5,0.0
2026-02-05T23:05:00Z,24449.25,24475.0,24440.75,24451.75,4710.0
2026-02-05T23:10:00Z,24452.5,24455.75,24419.0,24433.0,3741.0
2026-02-05T23:15:00Z,24434.25,24446.25,24408.0,24408.25,3645.0
2026-02-05T23:20:00Z,24409.0,24410.25,24358.75,24371.0,7218.0
2026-02-05T23:25:00Z,24371.0,24427.75,24371.0,24425.25,4502.0
2026-02-05T23:30:00Z,24426.0,24433.0,24381.25,24386.5,4057.0
2026-02-05T23:35:00Z,24386.75,24393.0,24348.75,24359.75,5626.0
2026-02-05T23:40:00Z,24359.5,24373.0,24343.75,24349.75,4454.0
2026-02-05T23:45:00Z,24349.75,24358.5,24323.75,24351.25,5416.0
2026-02-05T23:50:00Z,24351.25,24357.0,24301.25,24302.5,6305.0
2026-02-05T23:55:00Z,24302.0,24343.75,24293.75,24335.0,5433.0
2026-02-06T00:00:00Z,24335.0,24337.5,24279.0,24283.75,6465.0
2026-02-06T00:05:00Z,24282.25,24301.75,24260.0,24275.0,8432.0
2026-02-06T00:10:00Z,24274.75,24296.25,24260.75,24268.0,4713.0
2026-02-06T00:15:00Z,24268.0,24315.25,24240.5,24303.75,9212.0
2026-02-06T00:20:00Z,24303.75,24356.25,24295.25,24349.0,7879.0
2026-02-06T00:25:00Z,24347.5,24375.75,24344.0,24369.0,6670.0
2026-02-06T00:30:00Z,24369.25,24387.0,24346.75,24378.5,6937.0
2026-02-06T00:35:00Z,24379.75,24402.0,24374.75,24379.25,5692.0
2026-02-06T00:40:00Z,24379.5,24395.25,24353.0,24374.0,5216.0
2026-02-06T00:45:00Z,24373.25,24389.75,24351.5,24354.0,4898.0
2026-02-06T00:50:00Z,24354.5,24378.25,24344.0,24368.0,5582.0
2026-02-06T00:55:00Z,24368.25,24408.75,24366.0,24400.25,4723.0
2026-02-06T01:00:00Z,24400.75,24435.5,24400.75,24419.75,7680.0
2026-02-06T01:05:00Z,24420.0,24439.75,24406.25,24411.25,5285.0
2026-02-06T01:10:00Z,24412.0,24413.0,24375.5,24377.75,5892.0
2026-02-06T01:15:00Z,24378.25,24392.25,24348.0,24351.75,6661.0
2026-02-06T01:20:00Z,24351.75,24379.75,24340.5,24369.25,5097.0
2026-02-06T01:25:00Z,24368.5,24378.0,24346.75,24364.25,3183.0
2026-02-06T01:30:00Z,24365.25,24409.0,24364.5,24402.75,4342.0
2026-02-06T01:35:00Z,24402.75,24439.0,24400.75,24437.0,4368.0
2026-02-06T01:40:00Z,24437.0,24481.0,24436.5,24480.0,6835.0
2026-02-06T01:45:00Z,24479.75,24506.75,24462.0,24499.0,5541.0
2026-02-06T01:50:00Z,24498.75,24528.25,24493.0,24523.75,5815.0
2026-02-06T01:55:00Z,24523.5,24535.5,24517.75,24530.75,3616.0
2026-02-06T02:00:00Z,24530.0,24567.25,24530.0,24565.0,6559.0
2026-02-06T02:05:00Z,24564.25,24571.25,24540.75,24554.25,5599.0
2026-02-06T02:10:00Z,24554.75,24558.25,24533.0,24543.5,3247.0
2026-02-06T02:15:00Z,24543.75,24568.5,24525.25,24552.75,4903.0
2026-02-06T02:20:00Z,24551.5,24554.75,24520.75,24542.75,4314.0
2026-02-06T02:25:00Z,24542.0,24560.0,24531.25,24557.25,3488.0
2026-02-06T02:30:00Z,24557.0,24566.25,24529.5,24563.0,3756.0
2026-02-06T02:35:00Z,24563.5,24578.25,24547.5,24557.25,4787.0
2026-02-06T02:40:00Z,24557.25,24563.5,24541.75,24553.75,2558.0
2026-02-06T02:45:00Z,24554.0,24559.25,24510.5,24546.25,5020.0
2026-02-06T02:50:00Z,24546.0,24555.25,24533.5,24540.25,2431.0
2026-02-06T02:55:00Z,24540.5,24546.25,24531.25,24534.25,1498.0
2026-02-06T03:00:00Z,24533.75,24557.0,24524.25,24551.5,3009.0
2026-02-06T03:05:00Z,24552.0,24565.75,24534.25,24549.5,3287.0
2026-02-06T03:10:00Z,24550.5,24550.5,24530.25,24535.75,2208.0
2026-02-06T03:15:00Z,24535.25,24542.25,24514.5,24522.75,2423.0
2026-02-06T03:20:00Z,24523.75,24536.5,24502.25,24514.25,3447.0
2026-02-06T03:25:00Z,24515.75,24531.0,24513.0,24521.5,2248.0
2026-02-06T03:30:00Z,24521.75,24549.0,24518.0,24538.25,3289.0
2026-02-06T03:35:00Z,24539.25,24554.0,24508.0,24509.75,4450.0
2026-02-06T03:40:00Z,24509.25,24512.5,24472.5,24483.0,4411.0
2026-02-06T03:45:00Z,24481.5,24504.25,24480.25,24502.5,3087.0
2026-02-06T03:50:00Z,24502.0,24533.0,24500.25,24531.5,2945.0
2026-02-06T03:55:00Z,24530.5,24534.75,24519.0,24527.0,1819.0
2026-02-06T04:00:00Z,24527.0,24528.25,24505.25,24508.0,2250.0
2026-02-06T04:05:00Z,24507.75,24524.75,24496.75,24497.75,2147.0
2026-02-06T04:10:00Z,24497.75,24518.75,24496.25,24509.0,1853.0
2026-02-06T04:15:00Z,24508.75,24516.0,24497.5,24507.75,1723.0
2026-02-06T04:20:00Z,24508.0,24510.0,24486.25,24494.25,1916.0
2026-02-06T04:25:00Z,24493.25,24503.25,24488.5,24491.75,1281.0
2026-02-06T04:30:00Z,24491.5,24497.5,24466.5,24483.0,2870.0
2026-02-06T04:35:00Z,24481.75,24484.75,24451.5,24456.0,3401.0
2026-02-06T04:40:00Z,24456.0,24470.75,24444.0,24467.75,2660.0
2026-02-06T04:45:00Z,24468.5,24477.5,24455.0,24461.0,2450.0
2026-02-06T04:50:00Z,24461.0,24467.25,24439.5,24442.5,2332.0
2026-02-06T04:55:00Z,24441.75,24451.0,24426.25,24448.5,2939.0
2026-02-06T05:05:00Z,24442.75,24444.75,24439.0,24440.0,6233.0
2026-02-06T05:10:00Z,24440.5,24468.0,24430.75,24466.0,3686.0
2026-02-06T05:15:00Z,24465.0,24477.5,24455.0,24458.25,3009.0
2026-02-06T05:20:00Z,24458.25,24482.25,24453.25,24475.25,2722.0
2026-02-06T05:25:00Z,24475.25,24491.75,24465.25,24491.0,2344.0
2026-02-06T05:30:00Z,24490.25,24529.75,24487.25,24525.5,3701.0
2026-02-06T05:35:00Z,24525.25,24554.5,24525.25,24546.25,3179.0
2026-02-06T05:40:00Z,24547.0,24561.5,24543.25,24557.25,2483.0
2026-02-06T05:45:00Z,24558.0,24559.75,24544.25,24550.5,1582.0
2026-02-06T05:50:00Z,24551.25,24595.75,24551.25,24594.75,3938.0
2026-02-06T05:55:00Z,24595.75,24597.25,24579.75,24582.5,2026.0
2026-02-06T06:00:00Z,24582.0,24611.25,24576.75,24592.25,3608.0
2026-02-06T06:05:00Z,24591.75,24607.75,24582.5,24590.0,2350.0
2026-02-06T06:10:00Z,24589.25,24605.0,24584.75,24595.25,1542.0
2026-02-06T06:15:00Z,24594.0,24603.5,24582.5,24592.5,1829.0
2026-02-06T06:20:00Z,24592.75,24611.5,24590.0,24601.25,1799.0
2026-02-06T06:25:00Z,24602.0,24605.5,24580.75,24596.75,1981.0
2026-02-06T06:30:00Z,24597.0,24614.25,24581.25,24585.0,2532.0
2026-02-06T06:35:00Z,24584.5,24588.0,24556.75,24556.75,3251.0
2026-02-06T06:40:00Z,24556.75,24563.0,24547.25,24558.0,2398.0
2026-02-06T06:45:00Z,24557.75,24564.75,24543.5,24558.75,1950.0
2026-02-06T06:50:00Z,24560.0,24562.0,24540.5,24556.5,1864.0
2026-02-06T06:55:00Z,24555.5,24560.25,24540.5,24547.75,1464.0
2026-02-06T07:00:00Z,24547.25,24551.25,24514.0,24519.75,4158.0
2026-02-06T07:05:00Z,24520.0,24541.5,24518.75,24525.25,2532.0
2026-02-06T07:10:00Z,24524.5,24529.0,24506.5,24528.5,2861.0
2026-02-06T07:15:00Z,24529.25,24542.0,24522.25,24525.25,2018.0
2026-02-06T07:20:00Z,24524.75,24562.0,24524.0,24540.75,3806.0
2026-02-06T07:25:00Z,24540.0,24577.25,24539.75,24572.25,2895.0
2026-02-06T07:30:00Z,24571.0,24576.25,24564.25,24576.25,2111.0
2026-02-06T07:35:00Z,24576.5,24579.0,24552.5,24559.5,2476.0
2026-02-06T07:40:00Z,24558.25,24560.0,24543.75,24546.75,1900.0
2026-02-06T07:45:00Z,24545.5,24557.75,24531.5,24546.0,2511.0
2026-02-06T07:50:00Z,24547.0,24553.5,24528.0,24546.0,2212.0
2026-02-06T07:55:00Z,24546.75,24558.0,24540.25,24557.5,1535.0
2026-02-06T08:00:00Z,24557.5,24563.25,24490.5,24521.25,7255.0
2026-02-06T08:05:00Z,24521.25,24562.5,24519.5,24561.5,4388.0
2026-02-06T08:10:00Z,24562.0,24590.25,24558.75,24572.75,4936.0
2026-02-06T08:15:00Z,24572.5,24591.25,24549.5,24557.0,4546.0
2026-02-06T08:20:00Z,24556.25,24583.25,24554.5,24568.75,2678.0
2026-02-06T08:25:00Z,24567.75,24584.5,24550.25,24551.5,3226.0
2026-02-06T08:30:00Z,24551.25,24567.75,24536.25,24541.25,3809.0
2026-02-06T08:35:00Z,24540.5,24560.0,24538.25,24555.75,2690.0
2026-02-06T08:40:00Z,24553.25,24589.75,24529.25,24568.0,5301.0
2026-02-06T08:45:00Z,24568.75,24569.25,24536.25,24565.75,2684.0
2026-02-06T08:50:00Z,24566.75,24606.0,24565.25,24580.5,3317.0
2026-02-06T08:55:00Z,24579.25,24594.5,24577.25,24583.5,1838.0
2026-02-06T09:00:00Z,24584.0,24590.0,24568.0,24575.0,3079.0
2026-02-06T09:05:00Z,24576.0,24627.25,24562.0,24623.75,4502.0
2026-02-06T09:10:00Z,24623.25,24660.0,24615.25,24656.75,5204.0
2026-02-06T09:15:00Z,24656.5,24673.0,24632.5,24656.0,6719.0
2026-02-06T09:20:00Z,24657.0,24701.75,24645.0,24697.25,7184.0
2026-02-06T09:25:00Z,24697.25,24726.0,24690.25,24722.0,5275.0
2026-02-06T09:30:00Z,24722.25,24779.5,24720.25,24772.25,7173.0
2026-02-06T09:35:00Z,24773.0,24783.25,24754.0,24778.0,5785.0
2026-02-06T09:40:00Z,24778.0,24782.0,24751.75,24774.25,4570.0
2026-02-06T09:45:00Z,24774.5,24775.5,24735.0,24746.75,5084.0
2026-02-06T09:50:00Z,24746.75,24771.25,24744.0,24765.25,2628.0
2026-02-06T09:55:00Z,24766.0,24767.25,24740.25,24750.5,2781.0
2026-02-06T10:00:00Z,24750.0,24751.0,24718.25,24721.75,3443.0
2026-02-06T10:05:00Z,24722.0,24739.5,24713.5,24737.5,3374.0
2026-02-06T10:10:00Z,24737.5,24741.25,24722.75,24735.25,2208.0
2026-02-06T10:15:00Z,24735.0,24741.0,24721.25,24732.5,1926.0
2026-02-06T10:20:00Z,24732.0,24753.0,24725.5,24729.25,3216.0
2026-02-06T10:25:00Z,24729.0,24736.25,24715.0,24718.75,2443.0
2026-02-06T10:30:00Z,24719.25,24731.5,24711.25,24728.75,2795.0
2026-02-06T10:35:00Z,24729.5,24744.5,24727.5,24744.0,2006.0
2026-02-06T10:40:00Z,24743.25,24766.25,24742.5,24751.25,3187.0
2026-02-06T10:45:00Z,24751.25,24767.25,24738.75,24763.0,1885.0
2026-02-06T10:50:00Z,24762.75,24777.25,24762.5,24774.5,2159.0
2026-02-06T10:55:00Z,24775.0,24798.5,24774.25,24795.25,3626.0
2026-02-06T11:00:00Z,24793.5,24830.5,24788.75,24814.75,7039.0
2026-02-06T11:05:00Z,24814.5,24827.25,24795.75,24805.25,3822.0
2026-02-06T11:10:00Z,24804.75,24828.25,24804.5,24826.75,3331.0
2026-02-06T11:15:00Z,24826.25,24827.0,24813.0,24822.5,2197.0
2026-02-06T11:20:00Z,24822.25,24833.25,24814.5,24820.25,2690.0
2026-02-06T11:25:00Z,24820.0,24821.5,24803.5,24812.25,2678.0
2026-02-06T11:30:00Z,24811.25,24839.5,24809.25,24823.25,4029.0
2026-02-06T11:35:00Z,24823.25,24861.5,24819.0,24842.25,5383.0
2026-02-06T11:40:00Z,24842.5,24858.5,24840.25,24844.5,3334.0
2026-02-06T11:45:00Z,24843.75,24851.0,24835.75,24838.5,2686.0
2026-02-06T11:50:00Z,24839.5,24848.75,24825.5,24846.5,3464.0
2026-02-06T11:55:00Z,24846.5,24873.25,24844.0,24854.75,4432.0
2026-02-06T12:00:00Z,24854.25,24859.5,24834.75,24844.25,3921.0
2026-02-06T12:05:00Z,24844.75,24861.0,24831.25,24833.0,4140.0
2026-02-06T12:10:00Z,24832.5,24833.75,24800.25,24800.25,5468.0
2026-02-06T12:15:00Z,24800.0,24825.0,24783.75,24805.5,6269.0
2026-02-06T12:20:00Z,24806.25,24817.0,24795.25,24806.25,3302.0
2026-02-06T12:25:00Z,24805.25,24806.25,24789.5,24794.25,2920.0
2026-02-06T12:30:00Z,24794.5,24823.75,24786.5,24788.5,4298.0
2026-02-06T12:35:00Z,24787.5,24798.0,24775.25,24779.25,5051.0
2026-02-06T12:40:00Z,24780.0,24813.5,24774.5,24795.0,4244.0
2026-02-06T12:45:00Z,24795.75,24810.0,24794.25,24798.5,2552.0
2026-02-06T12:50:00Z,24798.0,24799.25,24761.0,24765.75,4477.0
2026-02-06T12:55:00Z,24766.5,24796.0,24764.25,24783.0,4108.0
2026-02-06T13:00:00Z,24782.75,24794.5,24766.5,24769.5,4361.0
2026-02-06T13:05:00Z,24769.5,24781.25,24760.5,24767.0,3174.0
2026-02-06T13:10:00Z,24767.0,24806.75,24757.5,24801.5,4856.0
2026-02-06T13:15:00Z,24801.75,24822.75,24781.5,24820.0,4737.0
2026-02-06T13:20:00Z,24820.25,24845.75,24813.5,24843.5,6533.0
2026-02-06T13:25:00Z,24843.5,24848.5,24815.25,24819.75,3616.0
2026-02-06T13:30:00Z,24820.25,24853.25,24817.25,24827.75,5951.0
2026-02-06T13:35:00Z,24827.5,24841.25,24778.25,24819.75,8541.0
2026-02-06T13:40:00Z,24819.75,24834.75,24802.75,24808.25,4984.0
2026-02-06T13:45:00Z,24808.0,24820.5,24803.75,24815.5,3747.0
2026-02-06T13:50:00Z,24815.5,24821.75,24776.5,24790.25,6559.0
2026-02-06T13:55:00Z,24790.5,24806.0,24781.25,24798.25,5916.0
2026-02-06T14:00:00Z,24797.5,24803.0,24775.75,24792.0,6114.0
2026-02-06T14:05:00Z,24791.75,24817.5,24782.5,24804.75,6362.0
2026-02-06T14:10:00Z,24804.75,24805.75,24782.25,24795.25,5354.0
2026-02-06T14:15:00Z,24795.25,24808.75,24782.25,24806.75,4597.0
2026-02-06T14:20:00Z,24807.0,24809.25,24787.75,24792.25,4696.0
2026-02-06T14:25:00Z,24792.25,24793.75,24748.0,24760.25,12350.0
2026-02-06T14:30:00Z,24760.5,24887.0,24700.5,24857.25,60490.0
2026-02-06T14:35:00Z,24857.25,24923.5,24818.0,24912.0,48990.0
2026-02-06T14:40:00Z,24911.75,24927.5,24845.0,24926.75,46308.0
2026-02-06T14:45:00Z,24927.25,24950.0,24897.5,24931.5,40773.0
2026-02-06T14:50:00Z,24932.0,24984.0,24906.25,24910.0,36190.0
2026-02-06T14:55:00Z,24910.25,24910.25,24847.75,24855.0,32546.0
2026-02-06T15:00:00Z,24854.75,24863.75,24782.5,24802.25,37959.0
2026-02-06T15:05:00Z,24803.0,24850.0,24758.0,24789.75,43906.0
2026-02-06T15:10:00Z,24789.0,24870.5,24764.5,24769.75,46835.0
2026-02-06T15:15:00Z,24769.75,24863.0,24742.0,24850.0,46594.0
2026-02-06T15:20:00Z,24850.5,24905.0,24806.25,24837.0,43580.0
2026-02-06T15:25:00Z,24835.75,24916.25,24825.25,24904.0,34177.0
2026-02-06T15:30:00Z,24904.25,24934.0,24859.75,24925.5,27431.0
2026-02-06T15:35:00Z,24925.75,24934.25,24902.25,24913.75,19677.0
2026-02-06T15:40:00Z,24913.0,24947.5,24905.75,24925.0,21174.0
2026-02-06T15:45:00Z,24925.25,24962.25,24907.75,24911.0,25193.0
2026-02-06T15:50:00Z,24910.75,24912.75,24820.0,24829.5,32012.0
2026-02-06T15:55:00Z,24828.75,24900.5,24821.5,24895.75,27446.0
2026-02-06T16:00:00Z,24895.5,24959.75,24880.25,24958.5,24694.0
2026-02-06T16:05:00Z,24959.0,24995.0,24945.0,24977.75,29147.0
2026-02-06T16:10:00Z,24978.25,25004.75,24973.75,25002.75,17646.0
2026-02-06T16:15:00Z,25002.75,25010.75,24974.25,24992.25,16774.0
2026-02-06T16:20:00Z,24992.75,25036.5,24988.0,25011.5,20365.0
2026-02-06T16:25:00Z,25011.25,25013.0,24977.75,25006.25,17715.0
2026-02-06T16:30:00Z,25006.75,25039.25,25003.5,25037.75,16726.0
2026-02-06T16:35:00Z,25037.25,25048.75,25025.5,25034.0,18338.0
2026-02-06T16:40:00Z,25033.5,25051.75,25008.25,25024.75,17206.0
2026-02-06T16:45:00Z,25025.25,25036.5,25014.25,25029.75,11339.0
2026-02-06T16:50:00Z,25030.0,25041.75,25024.75,25030.0,9442.0
2026-02-06T16:55:00Z,25030.0,25030.0,24978.75,25000.75,16648.0
2026-02-06T17:00:00Z,25000.75,25027.75,24986.25,25027.75,14997.0
2026-02-06T17:05:00Z,25028.0,25055.75,25027.25,25047.5,12576.0
2026-02-06T17:10:00Z,25047.25,25056.75,25022.75,25041.75,12541.0
2026-02-06T17:15:00Z,25042.25,25065.75,25025.75,25047.25,12483.0
2026-02-06T17:20:00Z,25047.5,25048.5,25032.25,25044.75,8140.0
2026-02-06T17:25:00Z,25044.5,25075.0,25044.0,25070.0,12106.0
2026-02-06T17:30:00Z,25070.0,25098.0,25067.25,25087.75,13030.0
2026-02-06T17:35:00Z,25088.25,25088.25,25036.5,25046.0,15073.0
2026-02-06T17:40:00Z,25046.25,25073.0,25043.0,25071.25,10644.0
2026-02-06T17:45:00Z,25071.5,25091.5,25071.25,25086.25,9222.0
2026-02-06T17:50:00Z,25085.75,25109.0,25072.0,25086.0,13694.0
2026-02-06T17:55:00Z,25086.25,25101.5,25082.25,25092.25,7237.0
2026-02-06T18:00:00Z,25092.25,25122.5,25092.0,25120.0,9992.0
2026-02-06T18:05:00Z,25120.0,25123.75,25097.0,25100.0,10449.0
2026-02-06T18:10:00Z,25100.0,25113.0,25091.75,25097.25,8657.0
2026-02-06T18:15:00Z,25097.25,25109.75,25080.0,25107.75,9711.0
2026-02-06T18:20:00Z,25107.75,25119.0,25092.5,25094.25,9859.0
2026-02-06T18:25:00Z,25093.75,25096.25,25073.75,25089.5,10147.0
2026-02-06T18:30:00Z,25089.75,25098.5,25080.25,25082.25,8061.0
2026-02-06T18:35:00Z,25082.5,25103.0,25081.75,25099.0,6856.0
2026-02-06T18:40:00Z,25099.5,25107.0,25091.0,25095.5,5979.0
2026-02-06T18:45:00Z,25096.0,25107.75,25093.5,25103.0,5673.0
2026-02-06T18:50:00Z,25103.0,25110.5,25094.5,25098.25,5318.0
2026-02-06T18:55:00Z,25097.75,25100.75,25081.75,25084.25,5842.0
2026-02-06T19:00:00Z,25084.25,25099.75,25079.5,25096.0,6675.0
2026-02-06T19:05:00Z,25096.5,25102.0,25085.75,25091.0,5578.0
2026-02-06T19:10:00Z,25090.75,25095.25,25074.5,25075.5,5091.0
2026-02-06T19:15:00Z,25075.5,25084.0,25065.0,25075.0,8289.0
2026-02-06T19:20:00Z,25074.75,25104.5,25073.5,25100.0,8507.0
2026-02-06T19:25:00Z,25101.0,25107.75,25093.5,25105.0,5920.0
2026-02-06T19:30:00Z,25105.25,25108.75,25092.25,25095.25,5914.0
2026-02-06T19:35:00Z,25095.25,25101.5,25090.0,25093.0,4722.0
2026-02-06T19:40:00Z,25092.75,25093.0,25074.75,25076.5,7506.0
2026-02-06T19:45:00Z,25076.5,25106.0,25074.5,25099.75,7594.0
2026-02-06T19:50:00Z,25098.75,25100.75,25089.25,25091.25,4090.0
2026-02-06T19:55:00Z,25091.5,25093.75,25069.25,25069.75,7427.0
2026-02-06T20:00:00Z,25070.5,25086.5,25055.75,25084.25,10662.0
2026-02-06T20:05:00Z,25084.25,25104.25,25083.25,25097.5,7533.0
2026-02-06T20:10:00Z,25097.75,25101.5,25091.25,25096.5,4813.0
2026-02-06T20:15:00Z,25097.0,25118.5,25096.25,25116.0,7934.0
2026-02-06T20:20:00Z,25116.25,25128.0,25110.75,25117.25,10515.0
2026-02-06T20:25:00Z,25117.0,25122.25,25107.75,25110.75,6258.0
2026-02-06T20:30:00Z,25109.75,25117.5,25100.75,25104.0,7661.0
2026-02-06T20:35:00Z,25104.0,25119.5,25099.25,25118.5,6323.0
2026-02-06T20:40:00Z,25118.5,25150.5,25117.5,25149.25,13663.0
2026-02-06T20:45:00Z,25150.0,25169.0,25147.0,25163.5,13096.0
2026-02-06T20:50:00Z,25163.75,25221.5,25158.5,25203.75,28379.0
2026-02-06T20:55:00Z,25203.25,25204.5,25143.25,25148.0,28131.0
2026-02-06T21:00:00Z,25147.5,25164.5,25128.75,25139.75,15607.0
2026-02-06T21:05:00Z,25139.25,25153.75,25129.75,25131.5,5191.0
2026-02-06T21:10:00Z,25131.75,25135.0,25122.5,25128.0,4425.0
2026-02-06T21:15:00Z,25128.5,25135.0,25115.5,25128.5,3450.0
2026-02-06T21:20:00Z,25128.5,25134.25,25111.0,25115.0,2636.0
2026-02-06T21:25:00Z,25115.25,25120.0,25108.5,25111.0,1929.0
2026-02-06T21:30:00Z,25111.0,25113.0,25102.0,25108.75,2069.0
2026-02-06T21:35:00Z,25108.25,25114.25,25104.25,25104.75,2054.0
2026-02-06T21:40:00Z,25104.75,25112.75,25097.5,25110.0,2280.0
2026-02-06T21:45:00Z,25109.75,25109.75,25096.75,25097.5,1539.0
2026-02-06T21:50:00Z,25097.5,25103.75,25089.25,25098.0,1869.0
2026-02-06T21:55:00Z,25096.75,25163.25,25092.5,25163.25,2510.0
2026-02-08T23:10:00Z,25241.75,25250.0,25232.25,25245.5,2405.0
2026-02-08T23:15:00Z,25245.5,25264.75,25237.25,25255.75,4538.0
2026-02-08T23:20:00Z,25254.75,25257.0,25246.5,25255.5,2135.0
2026-02-08T23:25:00Z,25255.0,25265.5,25234.0,25235.0,3110.0
2026-02-08T23:30:00Z,25235.25,25251.0,25223.5,25246.5,4036.0
2026-02-08T23:35:00Z,25246.75,25280.0,25246.25,25271.75,4892.0
2026-02-08T23:40:00Z,25271.5,25276.5,25255.0,25274.0,2100.0
2026-02-08T23:45:00Z,25274.5,25290.75,25269.0,25286.0,5328.0
2026-02-08T23:50:00Z,25286.75,25295.0,25273.5,25280.75,2861.0
2026-02-08T23:55:00Z,25280.25,25288.0,25262.25,25275.75,2722.0
2026-02-09T00:00:00Z,25275.25,25329.25,25269.25,25327.5,7530.0
2026-02-09T00:05:00Z,25327.75,25334.0,25312.75,25330.25,4142.0
2026-02-09T00:10:00Z,25330.25,25335.0,25298.0,25330.0,5081.0
2026-02-09T00:15:00Z,25330.0,25331.75,25300.5,25321.0,3262.0
2026-02-09T00:20:00Z,25321.5,25347.0,25313.0,25314.25,3943.0
2026-02-09T00:25:00Z,25314.5,25320.5,25293.25,25294.75,3471.0
2026-02-09T00:30:00Z,25294.5,25329.75,25288.75,25326.0,3449.0
2026-02-09T00:35:00Z,25326.25,25329.75,25302.5,25302.5,2149.0
2026-02-09T00:40:00Z,25302.25,25309.25,25292.25,25294.75,2061.0
2026-02-09T00:45:00Z,25294.5,25299.5,25263.75,25275.25,3429.0
2026-02-09T00:50:00Z,25274.25,25284.0,25257.5,25264.25,3122.0
2026-02-09T00:55:00Z,25263.5,25277.75,25258.25,25263.5,2141.0
2026-02-09T01:00:00Z,25263.5,25265.25,25248.5,25253.25,3697.0
2026-02-09T01:05:00Z,25252.75,25265.75,25237.0,25261.0,4494.0
2026-02-09T01:10:00Z,25260.25,25265.75,25242.5,25244.25,3510.0
2026-02-09T01:15:00Z,25244.75,25252.0,25234.5,25251.75,3233.0
2026-02-09T01:20:00Z,25251.0,25261.25,25238.25,25249.25,3324.0
2026-02-09T01:25:00Z,25249.75,25256.25,25235.5,25237.25,1719.0
2026-02-09T01:30:00Z,25236.5,25263.25,25236.5,25249.75,2677.0
2026-02-09T01:35:00Z,25249.5,25256.0,25220.0,25222.0,3693.0
2026-02-09T01:40:00Z,25222.5,25240.0,25220.25,25229.5,2436.0
2026-02-09T01:45:00Z,25229.75,25235.0,25203.5,25222.0,4511.0
2026-02-09T01:50:00Z,25221.25,25229.0,25206.5,25218.5,3182.0
2026-02-09T01:55:00Z,25219.0,25222.75,25196.25,25217.75,3272.0
2026-02-09T02:00:00Z,25217.5,25227.25,25207.5,25226.25,3001.0
2026-02-09T02:05:00Z,25225.75,25247.0,25217.0,25242.75,3030.0
2026-02-09T02:10:00Z,25242.75,25252.5,25223.0,25227.25,2939.0
2026-02-09T02:15:00Z,25227.0,25232.25,25221.5,25225.75,1304.0
2026-02-09T02:20:00Z,25225.5,25242.25,25224.25,25230.75,1526.0
2026-02-09T02:25:00Z,25231.25,25234.75,25213.0,25225.25,2526.0
2026-02-09T02:30:00Z,25226.0,25250.0,25225.5,25244.25,2177.0
2026-02-09T02:35:00Z,25244.75,25257.75,25243.25,25250.5,2087.0
2026-02-09T02:40:00Z,25250.25,25266.0,25245.5,25258.25,2368.0
2026-02-09T02:45:00Z,25258.0,25262.25,25249.5,25258.0,1378.0
2026-02-09T02:50:00Z,25257.25,25257.25,25243.75,25248.0,1244.0
2026-02-09T02:55:00Z,25247.75,25258.5,25221.0,25228.25,3134.0
2026-02-09T03:00:00Z,25228.25,25242.25,25224.75,25225.25,1756.0
2026-02-09T03:05:00Z,25225.25,25231.0,25220.75,25227.0,992.0
2026-02-09T03:10:00Z,25226.25,25229.25,25217.5,25226.25,1112.0
2026-02-09T03:15:00Z,25225.5,25236.5,25216.75,25221.0,1672.0
2026-02-09T03:20:00Z,25221.0,25232.25,25216.75,25228.25,995.0
2026-02-09T03:25:00Z,25228.75,25234.5,25214.5,25215.25,1253.0
2026-02-09T03:30:00Z,25215.0,25228.25,25204.75,25223.75,2413.0
2026-02-09T03:35:00Z,25224.25,25224.75,25191.25,25203.25,3541.0
2026-02-09T03:40:00Z,25203.5,25212.5,25195.75,25208.75,1764.0
2026-02-09T03:45:00Z,25209.5,25211.75,25193.25,25204.0,1486.0
2026-02-09T03:50:00Z,25203.5,25219.5,25202.0,25210.25,1575.0
2026-02-09T03:55:00Z,25209.5,25212.5,25188.0,25189.75,1902.0
2026-02-09T04:00:00Z,25190.0,25219.5,25188.75,25215.25,2368.0
2026-02-09T04:05:00Z,25216.25,25223.0,25212.25,25219.75,1843.0
2026-02-09T04:10:00Z,25220.0,25222.25,25212.5,25214.75,775.0
2026-02-09T04:15:00Z,25214.5,25220.25,25211.0,25217.25,957.0
2026-02-09T04:20:00Z,25217.5,25217.5,25205.25,25212.75,1651.0
2026-02-09T04:25:00Z,25212.75,25218.75,25209.0,25213.25,835.0
2026-02-09T04:30:00Z,25213.75,25214.75,25195.5,25199.5,1862.0
2026-02-09T04:35:00Z,25199.25,25203.25,25194.0,25197.25,1066.0
2026-02-09T04:40:00Z,25196.25,25209.0,25193.25,25199.0,1262.0
2026-02-09T04:45:00Z,25199.0,25204.25,25192.75,25200.25,669.0
2026-02-09T04:50:00Z,25200.75,25203.25,25180.0,25185.25,2181.0
2026-02-09T04:55:00Z,25185.5,25194.0,25183.0,25185.25,886.0
2026-02-09T05:00:00Z,25187.0,25193.75,25181.25,25184.5,1520.0
2026-02-09T05:05:00Z,25184.0,25189.75,25176.75,25188.0,1537.0
2026-02-09T05:10:00Z,25187.0,25200.75,25184.5,25194.75,1510.0
2026-02-09T05:15:00Z,25195.75,25214.25,25195.5,25210.0,1780.0
2026-02-09T05:20:00Z,25211.0,25222.5,25209.25,25216.5,1700.0
2026-02-09T05:25:00Z,25215.75,25220.0,25205.75,25209.5,1188.0
2026-02-09T05:30:00Z,25208.75,25219.25,25201.0,25219.25,1625.0
2026-02-09T05:35:00Z,25219.5,25229.0,25209.5,25212.75,2387.0
2026-02-09T05:40:00Z,25212.5,25213.0,25196.0,25198.0,1718.0
2026-02-09T05:45:00Z,25198.75,25206.5,25190.25,25204.0,1466.0
2026-02-09T05:50:00Z,25203.0,25220.0,25201.25,25217.0,1176.0
2026-02-09T05:55:00Z,25217.0,25218.75,25211.25,25215.5,768.0
2026-02-09T06:00:00Z,25216.0,25222.0,25163.5,25180.25,8658.0
2026-02-09T06:05:00Z,25180.5,25203.75,25177.75,25198.75,2811.0
2026-02-09T06:10:00Z,25198.0,25203.0,25185.5,25195.0,1754.0
2026-02-09T06:15:00Z,25194.0,25194.5,25161.25,25165.5,3236.0
2026-02-09T06:20:00Z,25166.0,25180.75,25158.75,25176.75,2297.0
2026-02-09T06:25:00Z,25176.5,25181.25,25164.75,25166.75,1666.0
2026-02-09T06:30:00Z,25167.5,25187.25,25164.5,25182.0,2460.0
2026-02-09T06:35:00Z,25181.25,25201.0,25178.5,25198.5,1616.0
2026-02-09T06:40:00Z,25199.25,25199.5,25182.0,25183.25,1473.0
2026-02-09T06:45:00Z,25182.0,25198.75,25171.0,25190.0,2414.0
2026-02-09T06:50:00Z,25190.25,25198.75,25180.75,25192.25,1538.0
2026-02-09T06:55:00Z,25192.75,25193.25,25156.75,25167.0,2632.0
2026-02-09T07:00:00Z,25167.25,25170.25,25156.0,25165.5,2115.0
2026-02-09T07:05:00Z,25166.25,25181.75,25161.5,25167.75,2125.0
2026-02-09T07:10:00Z,25167.75,25174.25,25152.75,25156.75,1901.0
2026-02-09T07:15:00Z,25157.5,25172.25,25149.25,25166.25,2652.0
2026-02-09T07:20:00Z,25166.5,25169.0,25140.5,25148.25,2932.0
2026-02-09T07:25:00Z,25148.5,25152.75,25131.75,25139.75,2406.0
2026-02-09T07:30:00Z,25139.5,25141.0,25120.5,25125.0,3094.0
2026-02-09T07:35:00Z,25125.25,25139.0,25125.25,25138.0,1909.0
2026-02-09T07:40:00Z,25138.25,25152.0,25135.0,25144.75,1900.0
2026-02-09T07:45:00Z,25144.75,25161.25,25144.25,25158.25,1693.0
2026-02-09T07:50:00Z,25158.25,25174.75,25157.5,25163.0,1916.0
2026-02-09T07:55:00Z,25163.0,25164.5,25150.5,25159.25,2060.0
2026-02-09T08:00:00Z,25159.25,25193.25,25154.25,25188.75,5622.0
2026-02-09T08:05:00Z,25188.25,25214.75,25182.25,25201.25,4467.0
2026-02-09T08:10:00Z,25201.0,25214.75,25196.25,25200.5,2893.0
2026-02-09T08:15:00Z,25201.0,25211.0,25183.0,25199.0,3174.0
2026-02-09T08:20:00Z,25199.75,25202.0,25177.5,25181.5,2474.0
2026-02-09T08:25:00Z,25181.5,25189.5,25175.25,25181.25,1966.0
2026-02-09T08:30:00Z,25181.0,25181.5,25147.5,25165.5,4076.0
2026-02-09T08:35:00Z,25165.5,25186.0,25163.5,25179.0,3002.0
2026-02-09T08:40:00Z,25179.5,25189.75,25170.0,25172.25,2458.0
2026-02-09T08:45:00Z,25171.25,25183.5,25163.75,25178.75,1747.0
2026-02-09T08:50:00Z,25178.0,25186.0,25168.5,25179.25,1614.0
2026-02-09T08:55:00Z,25180.0,25182.25,25159.75,25161.25,1613.0
2026-02-09T09:00:00Z,25160.0,25182.75,25158.75,25176.0,3189.0
2026-02-09T09:05:00Z,25176.0,25185.5,25168.75,25173.75,1952.0
2026-02-09T09:10:00Z,25173.75,25175.0,25157.25,25159.5,1642.0
2026-02-09T09:15:00Z,25159.0,25170.25,25152.0,25164.75,2091.0
2026-02-09T09:20:00Z,25165.5,25170.75,25153.0,25154.75,1880.0
2026-02-09T09:25:00Z,25155.5,25166.5,25143.75,25156.5,2372.0
2026-02-09T09:30:00Z,25156.0,25162.75,25140.25,25145.0,1855.0
2026-02-09T09:35:00Z,25145.0,25148.0,25122.25,25125.25,3088.0
2026-02-09T09:40:00Z,25125.75,25131.5,25114.0,25131.5,3180.0
2026-02-09T09:45:00Z,25131.0,25138.5,25117.5,25119.5,2529.0
2026-02-09T09:50:00Z,25117.75,25120.0,25104.5,25106.75,3499.0
2026-02-09T09:55:00Z,25106.0,25107.0,25074.0,25087.75,5156.0
2026-02-09T10:00:00Z,25088.0,25094.5,25060.0,25061.0,3751.0
2026-02-09T10:05:00Z,25060.75,25078.5,25049.5,25074.0,4378.0
2026-02-09T10:10:00Z,25073.75,25088.5,25066.5,25067.25,2477.0
2026-02-09T10:15:00Z,25067.0,25067.0,25038.25,25050.0,4293.0
2026-02-09T10:20:00Z,25049.5,25066.0,25040.25,25043.0,2610.0
2026-02-09T10:25:00Z,25042.5,25049.25,25034.5,25038.75,2623.0
2026-02-09T10:30:00Z,25039.25,25041.25,24994.75,25001.25,6199.0
2026-02-09T10:35:00Z,25001.0,25009.0,24982.5,24988.25,8006.0
2026-02-09T10:40:00Z,24988.5,25002.0,24967.75,24986.25,6170.0
2026-02-09T10:45:00Z,24985.5,25015.75,24979.0,25014.25,4762.0
2026-02-09T10:50:00Z,25014.0,25054.0,25012.75,25040.75,6922.0
2026-02-09T10:55:00Z,25040.75,25055.0,25030.75,25044.0,2879.0
2026-02-09T11:00:00Z,25045.25,25052.75,25037.25,25041.25,2604.0
2026-02-09T11:05:00Z,25041.25,25047.75,25020.5,25045.75,3675.0
2026-02-09T11:10:00Z,25046.5,25058.75,25034.5,25034.75,2750.0
2026-02-09T11:15:00Z,25035.0,25046.75,25026.5,25030.0,2601.0
2026-02-09T11:20:00Z,25029.75,25046.75,25026.75,25038.75,2004.0
2026-02-09T11:25:00Z,25038.0,25070.25,25036.0,25065.25,3420.0
2026-02-09T11:30:00Z,25064.75,25072.0,25046.75,25056.0,3252.0
2026-02-09T11:35:00Z,25055.5,25065.25,25051.0,25056.0,1876.0
2026-02-09T11:40:00Z,25055.75,25057.5,25042.75,25050.0,1822.0
2026-02-09T11:45:00Z,25049.25,25055.0,25033.75,25049.75,2441.0
2026-02-09T11:50:00Z,25048.75,25063.25,25046.25,25057.0,2384.0
2026-02-09T11:55:00Z,25056.75,25062.5,25045.75,25047.5,2538.0
2026-02-09T12:00:00Z,25049.25,25056.25,25014.5,25039.75,6506.0
2026-02-09T12:05:00Z,25040.0,25087.25,25038.25,25084.5,5306.0
2026-02-09T12:10:00Z,25084.0,25099.5,25080.25,25096.25,4421.0
2026-02-09T12:15:00Z,25095.5,25097.0,25061.75,25085.75,3495.0
2026-02-09T12:20:00Z,25085.25,25094.75,25079.25,25088.0,2637.0
2026-02-09T12:25:00Z,25088.0,25096.0,25080.0,25091.5,2007.0
2026-02-09T12:30:00Z,25091.75,25095.5,25077.5,25089.25,2225.0
2026-02-09T12:35:00Z,25088.75,25099.0,25083.75,25097.5,1673.0
2026-02-09T12:40:00Z,25097.25,25104.75,25073.0,25078.25,4299.0
2026-02-09T12:45:00Z,25078.0,25099.0,25072.5,25085.0,2869.0
2026-02-09T12:50:00Z,25085.0,25094.75,25082.25,25088.5,1600.0
2026-02-09T12:55:00Z,25087.5,25102.0,25075.75,25101.75,2953.0
2026-02-09T13:00:00Z,25101.25,25121.25,25099.5,25112.25,4504.0
2026-02-09T13:05:00Z,25112.0,25143.25,25110.25,25142.0,5764.0
2026-02-09T13:10:00Z,25142.5,25152.75,25132.0,25138.0,3703.0
2026-02-09T13:15:00Z,25138.25,25139.5,25120.5,25127.25,3007.0
2026-02-09T13:20:00Z,25126.5,25157.25,25125.0,25146.25,4571.0
2026-02-09T13:25:00Z,25145.75,25148.0,25114.25,25121.0,4130.0
2026-02-09T13:30:00Z,25121.0,25123.75,25096.5,25098.75,5228.0
2026-02-09T13:35:00Z,25099.25,25109.25,25093.75,25109.25,4222.0
2026-02-09T13:40:00Z,25109.25,25114.75,25098.0,25106.75,3450.0
2026-02-09T13:45:00Z,25106.5,25115.0,25088.75,25103.5,4028.0
2026-02-09T13:50:00Z,25103.5,25104.0,25076.75,25078.25,6659.0
2026-02-09T13:55:00Z,25079.0,25087.75,25074.25,25079.0,4204.0
2026-02-09T14:00:00Z,25079.25,25094.25,25071.5,25078.0,5605.0
2026-02-09T14:05:00Z,25078.25,25082.0,25066.0,25071.75,5901.0
2026-02-09T14:10:00Z,25072.5,25078.75,25054.75,25072.75,7900.0
2026-02-09T14:15:00Z,25073.5,25081.75,25042.5,25048.0,7768.0
2026-02-09T14:20:00Z,25048.0,25058.25,25038.0,25056.75,7151.0
2026-02-09T14:25:00Z,25057.0,25080.75,25052.25,25057.25,8426.0
2026-02-09T14:30:00Z,25057.75,25075.25,24955.5,25044.5,52703.0
2026-02-09T14:35:00Z,25045.25,25126.25,25013.25,25125.0,39081.0
2026-02-09T14:40:00Z,25125.0,25152.5,25107.0,25150.25,31838.0
2026-02-09T14:45:00Z,25150.0,25188.5,25122.0,25171.25,39217.0
2026-02-09T14:50:00Z,25172.25,25175.25,25092.25,25123.0,41673.0
2026-02-09T14:55:00Z,25123.0,25149.0,25105.0,25113.5,31852.0
2026-02-09T15:00:00Z,25112.5,25164.75,25103.25,25163.25,31652.0
2026-02-09T15:05:00Z,25163.5,25213.0,25159.75,25199.0,33929.0
2026-02-09T15:10:00Z,25198.5,25217.75,25174.0,25214.0,24056.0
2026-02-09T15:15:00Z,25214.25,25243.75,25213.5,25242.75,21926.0
2026-02-09T15:20:00Z,25242.75,25254.25,25198.5,25207.5,24007.0
2026-02-09T15:25:00Z,25207.5,25212.75,25166.0,25182.5,23748.0
2026-02-09T15:30:00Z,25182.5,25247.25,25181.5,25244.25,22511.0
2026-02-09T15:35:00Z,25245.0,25275.5,25240.75,25247.0,22551.0
2026-02-09T15:40:00Z,25246.75,25265.5,25243.75,25264.75,11051.0
2026-02-09T15:45:00Z,25265.0,25290.75,25257.0,25290.0,16224.0
2026-02-09T15:50:00Z,25289.75,25300.0,25277.0,25293.5,14623.0
2026-02-09T15:55:00Z,25294.25,25329.0,25290.25,25312.0,18249.0
2026-02-09T16:00:00Z,25312.25,25327.0,25308.0,25320.25,11681.0
2026-02-09T16:05:00Z,25320.75,25325.5,25305.5,25316.75,10215.0
2026-02-09T16:10:00Z,25317.0,25335.25,25310.25,25331.5,13156.0
2026-02-09T16:15:00Z,25332.25,25341.5,25316.5,25319.0,11624.0
2026-02-09T16:20:00Z,25319.0,25339.5,25313.75,25336.25,9395.0
2026-02-09T16:25:00Z,25336.25,25357.75,25329.5,25356.0,10719.0
2026-02-09T16:30:00Z,25355.75,25360.75,25346.75,25352.0,9102.0
2026-02-09T16:35:00Z,25352.25,25357.0,25339.75,25351.75,9145.0
2026-02-09T16:40:00Z,25351.5,25367.0,25351.0,25365.0,9541.0
2026-02-09T16:45:00Z,25365.0,25390.5,25364.25,25384.25,15450.0
2026-02-09T16:50:00Z,25384.75,25402.75,25381.0,25393.5,11603.0
2026-02-09T16:55:00Z,25394.0,25405.5,25386.5,25391.0,8913.0
2026-02-09T17:00:00Z,25390.75,25408.25,25382.5,25402.0,8952.0
2026-02-09T17:05:00Z,25402.5,25407.0,25393.5,25402.75,7372.0
2026-02-09T17:10:00Z,25402.75,25416.75,25400.5,25408.0,9318.0
2026-02-09T17:15:00Z,25407.75,25415.0,25405.25,25409.75,5916.0
2026-02-09T17:20:00Z,25410.25,25410.75,25390.0,25393.25,10101.0
2026-02-09T17:25:00Z,25393.5,25397.75,25378.5,25384.0,10086.0
2026-02-09T17:30:00Z,25384.25,25392.0,25375.0,25385.5,8326.0
2026-02-09T17:35:00Z,25385.5,25401.25,25378.75,25382.5,9887.0
2026-02-09T17:40:00Z,25382.5,25384.5,25373.0,25380.0,8248.0
2026-02-09T17:45:00Z,25380.25,25387.0,25370.25,25383.0,7789.0
2026-02-09T17:50:00Z,25383.0,25383.25,25367.5,25372.75,7744.0
2026-02-09T17:55:00Z,25372.5,25373.5,25349.5,25355.5,9919.0
2026-02-09T18:00:00Z,25355.0,25379.0,25344.0,25368.25,14419.0
2026-02-09T18:05:00Z,25368.5,25382.0,25355.0,25375.5,9835.0
2026-02-09T18:10:00Z,25375.75,25381.75,25361.5,25373.25,7355.0
2026-02-09T18:15:00Z,25373.5,25381.25,25363.75,25374.25,5811.0
2026-02-09T18:20:00Z,25374.25,25379.75,25311.5,25360.25,24159.0
2026-02-09T18:25:00Z,25360.25,25360.75,25333.5,25342.75,13716.0
2026-02-09T18:30:00Z,25342.5,25372.25,25330.5,25364.75,12703.0
2026-02-09T18:35:00Z,25364.75,25376.75,25357.0,25372.25,7354.0
2026-02-09T18:40:00Z,25372.5,25387.5,25365.5,25381.25,9830.0
2026-02-09T18:45:00Z,25381.0,25389.0,25367.5,25370.0,8219.0
2026-02-09T18:50:00Z,25371.0,25383.25,25363.5,25375.25,6488.0
2026-02-09T18:55:00Z,25374.5,25379.75,25363.0,25369.75,6414.0
2026-02-09T19:00:00Z,25370.0,25397.25,25363.75,25394.5,8746.0
2026-02-09T19:05:00Z,25395.0,25395.0,25376.0,25376.5,7910.0
2026-02-09T19:10:00Z,25376.25,25398.5,25376.0,25396.0,6979.0
2026-02-09T19:15:00Z,25395.5,25405.75,25393.75,25399.0,7334.0
2026-02-09T19:20:00Z,25398.75,25414.25,25392.25,25410.25,8217.0
2026-02-09T19:25:00Z,25410.25,25423.75,25408.5,25418.25,8115.0
2026-02-09T19:30:00Z,25418.25,25426.75,25412.75,25420.75,7534.0
2026-02-09T19:35:00Z,25420.75,25429.0,25417.25,25425.5,4139.0
2026-02-09T19:40:00Z,25426.0,25426.0,25413.0,25415.75,5684.0
2026-02-09T19:45:00Z,25416.0,25420.5,25406.0,25414.75,5776.0
2026-02-09T19:50:00Z,25415.0,25417.75,25402.5,25408.25,5262.0
2026-02-09T19:55:00Z,25408.5,25412.75,25397.25,25399.0,5353.0
2026-02-09T20:00:00Z,25399.5,25411.0,25393.5,25403.0,7845.0
2026-02-09T20:05:00Z,25402.5,25413.75,25401.5,25405.5,5355.0
2026-02-09T20:10:00Z,25405.75,25410.25,25400.5,25401.0,3873.0
2026-02-09T20:15:00Z,25400.75,25401.25,25385.25,25390.5,9878.0
2026-02-09T20:20:00Z,25390.5,25393.0,25372.0,25378.0,9181.0
2026-02-09T20:25:00Z,25377.5,25379.0,25354.5,25364.0,11759.0
2026-02-09T20:30:00Z,25364.25,25370.5,25350.0,25350.0,13787.0
2026-02-09T20:35:00Z,25350.25,25367.0,25334.0,25365.25,14999.0
2026-02-09T20:40:00Z,25365.5,25378.5,25353.75,25366.25,12108.0
2026-02-09T20:45:00Z,25366.25,25375.75,25365.5,25373.5,6595.0
2026-02-09T20:50:00Z,25373.5,25392.5,25346.5,25353.25,18745.0
2026-02-09T20:55:00Z,25353.5,25379.75,25337.5,25338.5,20744.0
2026-02-09T21:00:00Z,25338.0,25361.25,25336.0,25345.75,10972.0
2026-02-09T21:05:00Z,25345.75,25362.25,25342.0,25361.25,3352.0
2026-02-09T21:10:00Z,25361.25,25374.75,25358.75,25371.75,4167.0
2026-02-09T21:15:00Z,25371.75,25374.25,25352.75,25360.0,2566.0
2026-02-09T21:20:00Z,25360.25,25366.25,25359.0,25364.5,1127.0
2026-02-09T21:25:00Z,25364.0,25366.0,25360.0,25364.75,1036.0
2026-02-09T21:30:00Z,25364.75,25369.75,25364.0,25368.5,1165.0
2026-02-09T21:35:00Z,25368.5,25371.75,25361.5,25365.5,1375.0
2026-02-09T21:40:00Z,25366.0,25371.25,25364.25,25370.0,1250.0
2026-02-09T21:45:00Z,25370.25,25372.0,25363.0,25364.75,1405.0
2026-02-09T21:50:00Z,25364.75,25367.75,25362.25,25362.5,1004.0
2026-02-09T21:55:00Z,25362.5,25369.5,25359.0,25361.5,1548.0
2026-02-09T23:00:00Z,25361.25,25393.75,25361.25,25393.25,0.0
2026-02-09T23:05:00Z,25392.75,25396.25,25379.0,25383.25,1915.0
2026-02-09T23:10:00Z,25383.25,25385.75,25346.0,25357.0,4448.0
2026-02-09T23:15:00Z,25357.25,25361.25,25342.75,25358.0,2513.0
2026-02-09T23:20:00Z,25357.0,25360.5,25340.75,25346.0,2005.0
2026-02-09T23:25:00Z,25345.5,25360.5,25342.5,25352.5,1770.0
2026-02-09T23:30:00Z,25351.75,25353.0,25335.75,25348.0,2771.0
2026-02-09T23:35:00Z,25348.25,25356.75,25342.5,25350.5,1808.0
2026-02-09T23:40:00Z,25351.25,25373.75,25349.75,25364.25,3179.0
2026-02-09T23:45:00Z,25364.75,25365.0,25337.0,25337.5,3404.0
2026-02-09T23:50:00Z,25338.75,25347.5,25328.0,25346.25,2692.0
2026-02-09T23:55:00Z,25345.5,25349.75,25333.75,25345.0,1664.0
2026-02-10T00:00:00Z,25344.5,25362.75,25343.25,25355.75,3090.0
2026-02-10T00:05:00Z,25355.75,25357.0,25333.25,25334.75,2162.0
2026-02-10T00:10:00Z,25334.75,25335.5,25315.0,25317.5,3507.0
2026-02-10T00:15:00Z,25318.0,25335.5,25317.25,25327.75,2304.0
2026-02-10T00:20:00Z,25328.75,25332.25,25316.25,25319.5,1666.0
2026-02-10T00:25:00Z,25319.5,25332.25,25317.0,25327.25,1894.0
2026-02-10T00:30:00Z,25326.75,25335.25,25325.5,25331.25,1882.0
2026-02-10T00:35:00Z,25330.75,25334.25,25316.75,25321.75,1795.0
2026-02-10T00:40:00Z,25321.0,25324.25,25313.25,25315.75,1605.0
2026-02-10T00:45:00Z,25316.0,25321.25,25312.0,25316.5,1454.0
2026-02-10T00:50:00Z,25316.75,25340.5,25312.75,25335.5,2906.0
2026-02-10T00:55:00Z,25334.5,25343.25,25332.0,25334.5,1872.0
2026-02-10T01:00:00Z,25335.25,25342.25,25329.25,25334.25,2167.0
2026-02-10T01:05:00Z,25334.75,25341.0,25326.0,25332.5,1889.0
2026-02-10T01:10:00Z,25333.0,25336.0,25324.5,25332.0,1437.0
2026-02-10T01:15:00Z,25332.5,25335.25,25318.0,25322.5,1998.0
2026-02-10T01:20:00Z,25321.5,25340.25,25319.0,25337.75,2285.0
2026-02-10T01:25:00Z,25338.0,25339.0,25313.25,25317.25,2442.0
2026-02-10T01:30:00Z,25316.75,25317.0,25302.25,25306.25,4206.0
2026-02-10T01:35:00Z,25306.5,25336.25,25300.0,25334.0,4436.0
2026-02-10T01:40:00Z,25335.0,25338.0,25324.5,25333.0,3065.0
2026-02-10T01:45:00Z,25333.0,25351.25,25324.25,25350.0,3401.0
2026-02-10T01:50:00Z,25349.25,25352.25,25332.75,25335.25,2648.0
2026-02-10T01:55:00Z,25334.75,25335.75,25318.5,25334.75,2961.0
2026-02-10T02:00:00Z,25334.5,25336.0,25320.5,25325.75,1576.0
2026-02-10T02:05:00Z,25325.5,25333.75,25321.0,25321.25,1012.0
2026-02-10T02:10:00Z,25321.0,25327.0,25310.0,25322.0,1958.0
2026-02-10T02:15:00Z,25322.5,25333.0,25315.75,25318.5,1651.0
2026-02-10T02:20:00Z,25318.0,25325.75,25311.0,25311.5,1331.0
2026-02-10T02:25:00Z,25311.25,25321.5,25308.5,25320.75,1226.0
2026-02-10T02:30:00Z,25320.5,25323.25,25310.25,25311.0,1308.0
2026-02-10T02:35:00Z,25311.25,25312.0,25287.0,25299.5,4789.0
2026-02-10T02:40:00Z,25300.0,25306.75,25295.0,25304.5,1502.0
2026-02-10T02:45:00Z,25305.0,25306.75,25298.5,25299.0,1027.0
2026-02-10T02:50:00Z,25299.0,25315.5,25296.25,25309.5,2312.0
2026-02-10T02:55:00Z,25309.5,25312.75,25304.0,25306.0,939.0
2026-02-10T03:00:00Z,25307.75,25309.0,25292.75,25295.25,1729.0
2026-02-10T03:05:00Z,25295.5,25298.75,25282.25,25284.0,1867.0
2026-02-10T03:10:00Z,25284.5,25290.75,25284.5,25287.25,969.0
2026-02-10T03:15:00Z,25286.75,25290.0,25278.5,25288.25,2221.0
2026-02-10T03:20:00Z,25288.75,25297.25,25284.75,25297.0,1670.0
2026-02-10T03:25:00Z,25296.5,25303.5,25290.0,25291.0,1479.0
2026-02-10T03:30:00Z,25290.5,25308.0,25287.0,25307.75,1722.0
2026-02-10T03:35:00Z,25307.75,25313.75,25302.5,25306.25,1458.0
2026-02-10T03:40:00Z,25305.75,25309.0,25293.0,25295.25,1411.0
2026-02-10T03:45:00Z,25295.25,25305.25,25291.75,25304.5,1302.0
2026-02-10T03:50:00Z,25304.75,25310.25,25304.0,25307.25,877.0
2026-02-10T03:55:00Z,25307.25,25309.25,25299.5,25300.0,678.0
2026-02-10T04:00:00Z,25299.5,25311.5,25298.75,25309.25,997.0
2026-02-10T04:05:00Z,25309.0,25317.0,25308.5,25313.75,1264.0
2026-02-10T04:10:00Z,25314.0,25320.5,25313.0,25313.75,1283.0
2026-02-10T04:15:00Z,25313.75,25318.5,25308.75,25318.5,1181.0
2026-02-10T04:20:00Z,25318.75,25323.5,25317.5,25321.0,1035.0
2026-02-10T04:25:00Z,25321.75,25322.0,25317.25,25321.25,421.0
2026-02-10T04:30:00Z,25320.5,25323.5,25314.25,25322.25,989.0
2026-02-10T04:35:00Z,25322.5,25328.0,25319.75,25322.75,1146.0
2026-02-10T04:40:00Z,25322.25,25326.0,25318.75,25323.75,662.0
2026-02-10T04:45:00Z,25324.0,25335.75,25321.75,25332.25,1350.0
2026-02-10T04:50:00Z,25332.5,25339.25,25329.75,25337.5,1325.0
2026-02-10T04:55:00Z,25337.0,25347.25,25336.25,25343.5,1918.0
2026-02-10T05:05:00Z,25334.25,25337.25,25334.0,25335.25,3373.0
2026-02-10T05:10:00Z,25334.5,25335.25,25330.25,25334.0,692.0
2026-02-10T05:15:00Z,25334.0,25335.0,25325.0,25330.5,1041.0
2026-02-10T05:20:00Z,25330.25,25330.25,25316.25,25318.0,1391.0
2026-02-10T05:25:00Z,25318.75,25323.5,25312.25,25315.25,1283.0
2026-02-10T05:30:00Z,25314.75,25349.75,25311.75,25346.75,3047.0
2026-02-10T05:35:00Z,25346.5,25355.75,25346.5,25348.0,2382.0
2026-02-10T05:40:00Z,25348.0,25349.75,25335.0,25337.75,2254.0
2026-02-10T05:45:00Z,25337.25,25345.5,25333.5,25341.25,1310.0
2026-02-10T05:50:00Z,25342.5,25355.5,25341.0,25351.25,1917.0
2026-02-10T05:55:00Z,25351.5,25358.0,25349.75,25352.5,1043.0
2026-02-10T06:00:00Z,25352.25,25354.0,25344.25,25350.0,1362.0
2026-02-10T06:05:00Z,25350.0,25351.0,25336.25,25337.0,1253.0
2026-02-10T06:10:00Z,25336.75,25336.75,25325.75,25330.75,1735.0
2026-02-10T06:15:00Z,25330.75,25332.75,25315.0,25318.5,1993.0
2026-02-10T06:20:00Z,25319.5,25330.5,25309.75,25326.25,2220.0
2026-02-10T06:25:00Z,25326.25,25327.0,25318.25,25319.25,541.0
2026-02-10T06:30:00Z,25318.75,25327.25,25302.5,25306.0,2074.0
2026-02-10T06:35:00Z,25305.5,25308.0,25296.25,25297.75,1665.0
2026-02-10T06:40:00Z,25297.0,25308.25,25296.25,25303.0,1144.0
2026-02-10T06:45:00Z,25302.5,25306.75,25291.25,25304.5,2066.0
2026-02-10T06:50:00Z,25304.5,25309.5,25296.5,25300.0,1361.0
2026-02-10T06:55:00Z,25299.25,25313.75,25299.0,25313.25,1127.0
2026-02-10T07:00:00Z,25314.0,25327.25,25306.75,25323.25,2789.0
2026-02-10T07:05:00Z,25323.5,25335.0,25321.5,25330.25,1742.0
2026-02-10T07:10:00Z,25330.5,25336.5,25323.0,25323.25,1700.0
2026-02-10T07:15:00Z,25323.25,25334.5,25315.0,25333.0,2000.0
2026-02-10T07:20:00Z,25332.5,25339.5,25328.0,25334.75,1461.0
2026-02-10T07:25:00Z,25335.25,25335.75,25328.25,25330.5,708.0
2026-02-10T07:30:00Z,25330.75,25334.5,25326.25,25331.0,899.0
2026-02-10T07:35:00Z,25331.25,25343.75,25329.75,25332.25,1668.0
2026-02-10T07:40:00Z,25331.75,25339.0,25328.0,25336.75,718.0
2026-02-10T07:45:00Z,25336.25,25337.0,25329.0,25332.0,563.0
2026-02-10T07:50:00Z,25331.0,25343.0,25329.5,25338.5,738.0
2026-02-10T07:55:00Z,25339.25,25349.25,25338.25,25349.25,1266.0
2026-02-10T08:00:00Z,25349.25,25357.25,25321.75,25335.75,4954.0
2026-02-10T08:05:00Z,25335.5,25350.25,25332.0,25343.0,2640.0
2026-02-10T08:10:00Z,25343.0,25366.75,25341.75,25364.0,3508.0
2026-02-10T08:15:00Z,25363.75,25364.25,25339.0,25346.25,2862.0
2026-02-10T08:20:00Z,25346.25,25363.25,25334.0,25359.5,2584.0
2026-02-10T08:25:00Z,25359.5,25367.5,25340.25,25340.75,2367.0
2026-02-10T08:30:00Z,25340.75,25351.75,25332.25,25340.0,2302.0
2026-02-10T08:35:00Z,25339.25,25352.5,25332.5,25352.25,2081.0
2026-02-10T08:40:00Z,25352.0,25353.75,25329.75,25331.25,2349.0
2026-02-10T08:45:00Z,25331.75,25348.5,25326.25,25344.5,2247.0
2026-02-10T08:50:00Z,25344.0,25348.0,25336.25,25339.25,1399.0
2026-02-10T08:55:00Z,25338.75,25339.25,25326.5,25334.5,1381.0
2026-02-10T09:00:00Z,25334.0,25366.5,25334.0,25366.0,3007.0
2026-02-10T09:05:00Z,25365.25,25382.0,25364.0,25381.75,3440.0
2026-02-10T09:10:00Z,25382.0,25385.0,25375.0,25377.0,1692.0
2026-02-10T09:15:00Z,25377.5,25405.75,25377.5,25399.0,4327.0
2026-02-10T09:20:00Z,25399.5,25402.75,25390.75,25401.0,1349.0
2026-02-10T09:25:00Z,25401.0,25404.25,25392.5,25396.0,1742.0
2026-02-10T09:30:00Z,25395.25,25396.75,25383.75,25390.0,1707.0
2026-02-10T09:35:00Z,25389.25,25399.0,25385.0,25394.75,1598.0
2026-02-10T09:40:00Z,25394.25,25397.5,25385.75,25387.0,1099.0
2026-02-10T09:45:00Z,25387.25,25387.75,25368.0,25374.5,2415.0
2026-02-10T09:50:00Z,25374.5,25375.5,25353.75,25363.25,2506.0
2026-02-10T09:55:00Z,25362.75,25366.0,25359.25,25363.5,1218.0
2026-02-10T10:00:00Z,25363.75,25366.25,25341.75,25350.0,2354.0
2026-02-10T10:05:00Z,25350.25,25362.75,25345.75,25357.5,2499.0
2026-02-10T10:10:00Z,25356.5,25366.0,25354.0,25364.5,2624.0
2026-02-10T10:15:00Z,25364.0,25367.5,25347.0,25358.5,2900.0
2026-02-10T10:20:00Z,25359.0,25365.75,25353.25,25360.25,2489.0
2026-02-10T10:25:00Z,25359.75,25367.5,25358.5,25362.75,2381.0
2026-02-10T10:30:00Z,25362.75,25363.0,25343.25,25358.0,3322.0
2026-02-10T10:35:00Z,25358.0,25360.75,25352.5,25356.5,2009.0
2026-02-10T10:40:00Z,25356.25,25356.75,25346.25,25352.75,1096.0
2026-02-10T10:45:00Z,25351.75,25365.75,25350.25,25362.25,1460.0
2026-02-10T10:50:00Z,25362.0,25374.75,25360.5,25363.25,2320.0
2026-02-10T10:55:00Z,25363.25,25367.25,25349.0,25355.5,2112.0
2026-02-10T11:00:00Z,25355.5,25356.0,25336.5,25349.25,3267.0
2026-02-10T11:05:00Z,25349.25,25351.25,25336.25,25338.5,1819.0
2026-02-10T11:10:00Z,25338.25,25353.0,25333.0,25346.5,2087.0
2026-02-10T11:15:00Z,25347.0,25352.25,25346.0,25349.75,1267.0
2026-02-10T11:20:00Z,25349.5,25361.0,25348.0,25359.0,1461.0
2026-02-10T11:25:00Z,25358.5,25363.75,25352.0,25353.25,1920.0
2026-02-10T11:30:00Z,25352.75,25362.75,25351.0,25355.75,1576.0
2026-02-10T11:35:00Z,25356.0,25365.25,25352.25,25364.5,1048.0
2026-02-10T11:40:00Z,25364.0,25368.5,25359.0,25360.5,1704.0
2026-02-10T11:45:00Z,25360.5,25365.75,25358.0,25363.25,966.0
2026-02-10T11:50:00Z,25363.75,25371.25,25363.0,25370.25,1396.0
2026-02-10T11:55:00Z,25370.0,25373.75,25368.5,25370.0,1319.0
2026-02-10T12:00:00Z,25370.0,25393.25,25369.0,25392.25,3173.0
2026-02-10T12:05:00Z,25391.75,25397.0,25378.25,25379.0,2723.0
2026-02-10T12:10:00Z,25379.5,25393.25,25378.25,25392.25,1651.0
2026-02-10T12:15:00Z,25392.5,25401.0,25391.0,25394.0,2324.0
2026-02-10T12:20:00Z,25394.75,25409.0,25390.0,25404.75,2458.0
2026-02-10T12:25:00Z,25404.25,25415.5,25403.0,25414.5,2306.0
2026-02-10T12:30:00Z,25415.0,25421.75,25409.5,25410.0,3312.0
2026-02-10T12:35:00Z,25409.75,25410.25,25381.0,25387.0,5512.0
2026-02-10T12:40:00Z,25387.75,25389.25,25358.25,25376.0,5781.0
2026-02-10T12:45:00Z,25376.25,25376.5,25354.0,25369.75,5849.0
2026-02-10T12:50:00Z,25369.25,25371.5,25344.75,25346.75,5308.0
2026-02-10T12:55:00Z,25347.0,25359.25,25337.75,25338.25,4119.0
2026-02-10T13:00:00Z,25339.25,25342.5,25320.5,25337.25,6274.0
2026-02-10T13:05:00Z,25336.75,25336.75,25296.75,25305.25,7675.0
2026-02-10T13:10:00Z,25305.5,25325.0,25292.5,25320.75,6100.0
2026-02-10T13:15:00Z,25320.75,25339.25,25306.0,25327.25,5808.0
2026-02-10T13:20:00Z,25327.25,25342.25,25319.75,25329.25,5633.0
2026-02-10T13:25:00Z,25328.75,25337.5,25324.25,25332.0,2833.0
2026-02-10T13:30:00Z,25330.75,25355.75,25301.5,25349.0,10582.0
2026-02-10T13:35:00Z,25349.0,25353.0,25329.25,25337.5,6920.0
2026-02-10T13:40:00Z,25337.25,25355.5,25336.25,25350.0,4269.0
2026-02-10T13:45:00Z,25350.5,25369.0,25348.0,25353.75,6645.0
2026-02-10T13:50:00Z,25354.25,25368.25,25349.0,25360.0,4220.0
2026-02-10T13:55:00Z,25360.5,25374.5,25358.5,25372.75,4558.0
2026-02-10T14:00:00Z,25372.5,25383.25,25367.25,25378.5,7363.0
2026-02-10T14:05:00Z,25378.25,25384.75,25373.75,25383.75,4210.0
2026-02-10T14:10:00Z,25384.0,25386.0,25373.25,25382.75,3772.0
2026-02-10T14:15:00Z,25383.25,25397.5,25382.0,25393.5,5619.0
2026-02-10T14:20:00Z,25393.0,25398.0,25388.25,25392.25,4152.0
2026-02-10T14:25:00Z,25392.25,25398.0,25375.75,25376.0,9124.0
2026-02-10T14:30:00Z,25376.0,25410.25,25346.25,25363.25,55490.0
2026-02-10T14:35:00Z,25363.0,25377.75,25300.0,25326.5,48246.0
2026-02-10T14:40:00Z,25327.25,25334.75,25265.25,25309.5,50677.0
2026-02-10T14:45:00Z,25309.75,25315.0,25251.25,25278.75,42498.0
2026-02-10T14:50:00Z,25278.5,25368.75,25273.25,25367.5,50736.0
2026-02-10T14:55:00Z,25367.25,25407.75,25358.25,25391.75,36477.0
2026-02-10T15:00:00Z,25392.0,25405.0,25380.0,25401.25,26525.0
2026-02-10T15:05:00Z,25401.5,25445.5,25391.75,25435.25,37075.0
2026-02-10T15:10:00Z,25435.0,25447.0,25356.25,25391.25,42805.0
2026-02-10T15:15:00Z,25391.0,25416.0,25362.25,25407.25,35309.0
2026-02-10T15:20:00Z,25407.0,25427.5,25373.0,25376.25,30248.0
2026-02-10T15:25:00Z,25376.0,25417.0,25369.0,25400.75,26207.0
2026-02-10T15:30:00Z,25401.25,25438.75,25387.0,25406.0,29715.0
2026-02-10T15:35:00Z,25406.25,25412.75,25382.5,25391.5,23828.0
2026-02-10T15:40:00Z,25391.25,25415.75,25391.0,25412.5,17079.0
2026-02-10T15:45:00Z,25412.25,25429.25,25384.0,25396.25,23496.0
2026-02-10T15:50:00Z,25395.75,25404.25,25371.0,25388.75,20302.0
2026-02-10T15:55:00Z,25389.0,25397.0,25347.75,25374.75,29524.0
2026-02-10T16:00:00Z,25375.0,25401.25,25368.0,25388.5,18685.0
2026-02-10T16:05:00Z,25388.0,25391.75,25350.75,25351.25,21256.0
2026-02-10T16:10:00Z,25351.25,25389.25,25350.75,25376.75,14826.0
2026-02-10T16:15:00Z,25376.5,25395.0,25348.5,25384.0,19727.0
2026-02-10T16:20:00Z,25384.0,25386.25,25331.25,25351.75,29413.0
2026-02-10T16:25:00Z,25351.5,25372.5,25341.0,25351.0,21309.0
2026-02-10T16:30:00Z,25350.25,25351.75,25327.0,25340.0,21771.0
2026-02-10T16:35:00Z,25339.75,25362.0,25327.75,25337.75,19514.0
2026-02-10T16:40:00Z,25337.75,25348.25,25324.75,25329.75,15123.0
2026-02-10T16:45:00Z,25329.75,25367.0,25328.75,25337.25,19683.0
2026-02-10T16:50:00Z,25337.25,25343.5,25316.75,25339.0,17217.0
2026-02-10T16:55:00Z,25338.5,25347.75,25319.5,25327.25,11857.0
2026-02-10T17:00:00Z,25327.25,25333.5,25305.0,25319.0,15910.0
2026-02-10T17:05:00Z,25319.25,25350.0,25318.0,25347.0,14603.0
2026-02-10T17:10:00Z,25347.0,25370.5,25345.25,25364.5,13057.0
2026-02-10T17:15:00Z,25364.75,25385.75,25359.25,25382.0,12231.0
2026-02-10T17:20:00Z,25382.0,25383.5,25356.0,25366.75,15415.0
2026-02-10T17:25:00Z,25366.75,25379.0,25364.0,25367.5,6785.0
2026-02-10T17:30:00Z,25367.25,25379.0,25357.75,25369.5,8785.0
2026-02-10T17:35:00Z,25369.25,25372.25,25352.75,25361.0,9585.0
2026-02-10T17:40:00Z,25361.25,25382.5,25360.25,25376.75,7738.0
2026-02-10T17:45:00Z,25376.75,25396.5,25376.0,25381.0,10880.0
2026-02-10T17:50:00Z,25380.75,25397.75,25375.25,25389.0,8886.0
2026-02-10T17:55:00Z,25389.0,25391.5,25377.25,25383.75,5769.0
2026-02-10T18:00:00Z,25383.5,25385.25,25364.0,25372.0,9888.0
2026-02-10T18:05:00Z,25372.25,25372.75,25349.75,25360.25,10990.0
2026-02-10T18:10:00Z,25360.25,25363.25,25342.0,25345.5,11330.0
2026-02-10T18:15:00Z,25345.75,25349.75,25312.25,25326.0,18179.0
2026-02-10T18:20:00Z,25325.25,25338.0,25301.0,25324.75,19242.0
2026-02-10T18:25:00Z,25324.5,25326.0,25288.5,25292.25,16244.0
2026-02-10T18:30:00Z,25292.0,25307.25,25271.0,25282.5,22002.0
2026-02-10T18:35:00Z,25282.25,25305.5,25274.25,25298.0,18108.0
2026-02-10T18:40:00Z,25298.5,25308.0,25291.75,25297.5,9828.0
2026-02-10T18:45:00Z,25297.0,25299.0,25275.5,25286.0,11638.0
2026-02-10T18:50:00Z,25286.0,25298.0,25275.75,25278.5,10709.0
2026-02-10T18:55:00Z,25278.0,25322.75,25276.5,25312.75,17692.0
2026-02-10T19:00:00Z,25312.5,25323.0,25300.0,25301.25,14068.0
2026-02-10T19:05:00Z,25301.25,25307.5,25285.75,25292.75,13575.0
2026-02-10T19:10:00Z,25293.0,25305.5,25284.5,25301.0,9271.0
2026-02-10T19:15:00Z,25300.5,25301.5,25274.5,25283.5,10684.0
2026-02-10T19:20:00Z,25283.0,25305.5,25282.25,25302.75,9030.0
2026-02-10T19:25:00Z,25302.5,25304.5,25287.5,25300.0,6898.0
2026-02-10T19:30:00Z,25300.0,25313.25,25290.0,25291.5,9892.0
2026-02-10T19:35:00Z,25291.5,25304.25,25289.5,25294.75,6257.0
2026-02-10T19:40:00Z,25294.5,25302.0,25274.5,25281.75,9009.0
2026-02-10T19:45:00Z,25282.0,25293.5,25275.75,25290.0,9601.0
2026-02-10T19:50:00Z,25289.5,25291.75,25277.75,25282.0,6645.0
2026-02-10T19:55:00Z,25282.75,25304.75,25281.25,25294.25,7762.0
2026-02-10T20:00:00Z,25294.25,25297.0,25267.25,25272.5,9311.0
2026-02-10T20:05:00Z,25272.5,25278.75,25262.0,25269.75,11407.0
2026-02-10T20:10:00Z,25269.25,25270.75,25245.25,25251.25,13490.0
2026-02-10T20:15:00Z,25251.5,25272.0,25248.75,25267.75,11559.0
2026-02-10T20:20:00Z,25268.25,25276.0,25255.75,25256.25,9474.0
2026-02-10T20:25:00Z,25256.25,25263.75,25243.5,25254.5,11526.0
2026-02-10T20:30:00Z,25253.25,25268.5,25239.75,25245.25,11486.0
2026-02-10T20:35:00Z,25245.5,25246.5,25228.75,25230.75,11636.0
2026-02-10T20:40:00Z,25231.0,25250.5,25229.0,25248.25,10743.0
2026-02-10T20:45:00Z,25248.25,25265.5,25242.0,25263.5,10815.0
2026-02-10T20:50:00Z,25263.5,25264.5,25219.0,25227.5,28465.0
2026-02-10T20:55:00Z,25227.25,25230.0,25197.5,25219.0,29972.0
2026-02-10T21:00:00Z,25219.25,25236.0,25208.5,25234.75,13092.0
2026-02-10T21:05:00Z,25234.75,25239.75,25229.5,25232.25,3305.0
2026-02-10T21:10:00Z,25232.25,25239.0,25226.75,25235.0,3289.0
2026-02-10T21:15:00Z,25235.0,25239.0,25230.5,25232.5,1549.0
2026-02-10T21:20:00Z,25232.75,25236.25,25226.0,25233.25,1478.0
2026-02-10T21:25:00Z,25234.0,25236.5,25230.75,25231.5,818.0
2026-02-10T21:30:00Z,25232.5,25238.5,25231.75,25234.25,1443.0
2026-02-10T21:35:00Z,25234.0,25239.75,25231.25,25235.25,1071.0
2026-02-10T21:40:00Z,25235.5,25245.25,25233.75,25244.5,1698.0
2026-02-10T21:45:00Z,25244.5,25247.75,25241.25,25245.0,1528.0
2026-02-10T21:50:00Z,25245.25,25254.75,25244.0,25251.5,1166.0
2026-02-10T21:55:00Z,25252.0,25260.0,25249.75,25257.75,1343.0
2026-02-10T23:00:00Z,25254.0,25277.75,25254.0,25271.5,0.0
2026-02-10T23:05:00Z,25271.5,25277.75,25268.5,25275.25,1934.0
2026-02-10T23:10:00Z,25275.5,25278.75,25268.75,25278.75,1139.0
2026-02-10T23:15:00Z,25278.75,25287.5,25277.25,25282.25,2217.0
2026-02-10T23:20:00Z,25281.5,25286.75,25280.0,25281.0,1247.0
2026-02-10T23:25:00Z,25281.75,25284.75,25276.0,25278.5,1401.0
2026-02-10T23:30:00Z,25278.0,25279.5,25271.5,25273.75,1566.0
2026-02-10T23:35:00Z,25273.75,25276.75,25268.5,25274.75,1786.0
2026-02-10T23:40:00Z,25275.0,25282.5,25270.5,25279.75,1270.0
2026-02-10T23:45:00Z,25279.5,25285.0,25276.5,25277.5,1063.0
2026-02-10T23:50:00Z,25277.5,25280.75,25272.25,25272.75,1083.0
2026-02-10T23:55:00Z,25273.5,25277.0,25271.25,25273.25,673.0
2026-02-11T00:00:00Z,25273.25,25284.0,25271.5,25279.5,1187.0
2026-02-11T00:05:00Z,25279.25,25282.25,25276.75,25280.25,692.0
2026-02-11T00:10:00Z,25280.25,25286.25,25276.5,25280.0,1493.0
2026-02-11T00:15:00Z,25280.0,25283.0,25271.0,25272.75,968.0
2026-02-11T00:20:00Z,25273.5,25281.0,25265.75,25279.75,2062.0
2026-02-11T00:25:00Z,25279.75,25283.5,25276.0,25277.0,1149.0
2026-02-11T00:30:00Z,25277.0,25283.5,25275.75,25282.5,694.0
2026-02-11T00:35:00Z,25282.75,25291.75,25282.25,25288.0,1444.0
2026-02-11T00:40:00Z,25284.25,25290.25,25284.25,25289.5,1066.0
2026-02-11T00:45:00Z,25289.5,25293.0,25286.0,25287.75,784.0
2026-02-11T00:50:00Z,25287.75,25290.75,25286.0,25289.25,355.0
2026-02-11T00:55:00Z,25289.0,25296.5,25288.5,25290.0,1048.0
2026-02-11T01:00:00Z,25290.75,25309.25,25290.5,25303.25,2885.0
2026-02-11T01:05:00Z,25303.5,25307.5,25298.5,25305.25,1033.0
2026-02-11T01:10:00Z,25304.75,25312.75,25302.25,25310.0,1363.0
2026-02-11T01:15:00Z,25309.75,25314.5,25305.5,25306.75,1630.0
2026-02-11T01:20:00Z,25306.75,25307.75,25301.5,25305.0,976.0
2026-02-11T01:25:00Z,25304.25,25308.0,25301.25,25305.75,878.0
2026-02-11T01:30:00Z,25305.25,25311.5,25303.75,25305.5,1447.0
2026-02-11T01:35:00Z,25304.75,25308.25,25300.25,25305.0,1296.0
2026-02-11T01:40:00Z,25305.5,25317.25,25304.0,25314.0,1608.0
2026-02-11T01:45:00Z,25313.5,25322.75,25313.25,25321.5,1748.0
2026-02-11T01:50:00Z,25322.0,25326.25,25318.25,25319.75,1737.0
2026-02-11T01:55:00Z,25319.75,25323.5,25314.25,25315.5,1084.0
2026-02-11T02:00:00Z,25316.0,25317.0,25308.0,25309.0,1684.0
2026-02-11T02:05:00Z,25309.0,25317.0,25308.0,25312.25,1282.0
2026-02-11T02:10:00Z,25312.25,25322.0,25312.25,25318.5,1314.0
2026-02-11T02:15:00Z,25318.25,25323.75,25316.25,25321.75,944.0
2026-02-11T02:20:00Z,25321.5,25330.0,25321.25,25326.5,1439.0
2026-02-11T02:25:00Z,25326.25,25326.75,25314.0,25320.0,1613.0
2026-02-11T02:30:00Z,25319.5,25324.75,25318.5,25322.25,929.0
2026-02-11T02:35:00Z,25322.25,25322.75,25314.5,25315.0,726.0
2026-02-11T02:40:00Z,25315.0,25315.75,25306.0,25309.5,1684.0
2026-02-11T02:45:00Z,25310.25,25315.5,25309.75,25315.25,820.0
2026-02-11T02:50:00Z,25315.25,25324.0,25314.0,25323.5,1307.0
2026-02-11T02:55:00Z,25323.5,25327.5,25320.25,25322.0,1335.0
2026-02-11T03:00:00Z,25321.5,25325.0,25315.0,25315.5,1245.0
2026-02-11T03:05:00Z,25316.0,25318.5,25309.75,25314.0,1169.0
2026-02-11T03:10:00Z,25314.75,25317.75,25313.25,25313.75,573.0
2026-02-11T03:15:00Z,25314.25,25317.5,25305.75,25306.0,1191.0
2026-02-11T03:20:00Z,25305.5,25314.5,25303.0,25314.5,1432.0
2026-02-11T03:25:00Z,25314.5,25325.5,25314.0,25322.5,1406.0
2026-02-11T03:30:00Z,25322.5,25324.25,25319.5,25319.5,709.0
2026-02-11T03:35:00Z,25319.5,25322.25,25316.75,25321.5,847.0
2026-02-11T03:40:00Z,25321.75,25336.0,25321.25,25332.75,2661.0
2026-02-11T03:45:00Z,25332.5,25342.0,25331.0,25335.0,1973.0
2026-02-11T03:50:00Z,25335.0,25342.75,25334.0,25341.75,1248.0
2026-02-11T03:55:00Z,25342.0,25345.25,25337.5,25338.0,1154.0
2026-02-11T04:00:00Z,25337.75,25340.25,25334.0,25337.75,1080.0
2026-02-11T04:05:00Z,25337.25,25339.75,25332.0,25333.5,797.0
2026-02-11T04:10:00Z,25333.0,25334.25,25321.0,25324.0,1658.0
2026-02-11T04:15:00Z,25324.0,25329.5,25320.75,25329.0,869.0
2026-02-11T04:20:00Z,25328.75,25332.5,25322.0,25323.0,997.0
2026-02-11T04:25:00Z,25322.75,25325.75,25312.0,25313.5,1343.0
2026-02-11T04:30:00Z,25314.0,25317.5,25309.5,25312.25,1325.0
2026-02-11T04:35:00Z,25311.75,25314.25,25295.5,25296.75,2095.0
2026-02-11T04:40:00Z,25296.25,25304.5,25295.75,25302.5,1213.0
2026-02-11T04:45:00Z,25303.25,25310.5,25302.0,25310.0,1144.0
2026-02-11T04:50:00Z,25309.5,25314.25,25308.25,25309.0,900.0
2026-02-11T04:55:00Z,25309.5,25312.25,25304.0,25304.25,703.0
2026-02-11T05:05:00Z,25316.0,25316.75,25314.25,25316.25,2037.0
2026-02-11T05:10:00Z,25315.5,25319.75,25311.75,25314.25,1134.0
2026-02-11T05:15:00Z,25314.25,25325.5,25314.25,25316.25,1466.0
2026-02-11T05:20:00Z,25316.5,25319.25,25311.0,25314.75,984.0
2026-02-11T05:25:00Z,25315.0,25315.75,25302.0,25305.0,1091.0
2026-02-11T05:30:00Z,25305.25,25307.0,25290.25,25297.75,2375.0
2026-02-11T05:35:00Z,25297.5,25303.25,25292.5,25300.25,1194.0
2026-02-11T05:40:00Z,25300.0,25300.75,25284.25,25286.0,1553.0
2026-02-11T05:45:00Z,25285.0,25287.0,25278.75,25285.0,1184.0
2026-02-11T05:50:00Z,25284.5,25292.25,25284.0,25290.25,908.0
2026-02-11T05:55:00Z,25290.0,25290.0,25284.25,25286.75,740.0
2026-02-11T06:00:00Z,25287.25,25312.0,25286.5,25309.0,2219.0
2026-02-11T06:05:00Z,25309.0,25316.5,25306.5,25310.25,1657.0
2026-02-11T06:10:00Z,25310.0,25310.25,25288.5,25291.25,1449.0
2026-02-11T06:15:00Z,25291.25,25291.5,25277.0,25282.25,1896.0
2026-02-11T06:20:00Z,25281.75,25290.25,25275.25,25289.25,1488.0
2026-02-11T06:25:00Z,25288.5,25292.5,25273.5,25275.25,1339.0
2026-02-11T06:30:00Z,25275.5,25283.0,25271.0,25272.25,1363.0
2026-02-11T06:35:00Z,25272.75,25285.5,25270.0,25282.75,1255.0
2026-02-11T06:40:00Z,25282.75,25286.5,25277.5,25278.5,644.0
2026-02-11T06:45:00Z,25279.25,25279.5,25268.25,25274.75,1670.0
2026-02-11T06:50:00Z,25274.75,25277.75,25268.5,25276.5,884.0
2026-02-11T06:55:00Z,25277.0,25278.0,25266.75,25269.25,929.0
2026-02-11T07:00:00Z,25269.25,25284.75,25266.0,25281.75,1806.0
2026-02-11T07:05:00Z,25281.25,25287.0,25272.75,25275.0,1045.0
2026-02-11T07:10:00Z,25275.25,25275.25,25252.75,25255.25,2762.0
2026-02-11T07:15:00Z,25255.75,25268.25,25255.0,25266.75,1304.0
2026-02-11T07:20:00Z,25267.0,25285.5,25266.0,25285.0,1533.0
2026-02-11T07:25:00Z,25285.0,25290.25,25282.0,25284.0,1377.0
2026-02-11T07:30:00Z,25284.25,25284.75,25265.75,25271.5,1541.0
2026-02-11T07:35:00Z,25270.0,25273.5,25262.5,25264.25,1088.0
2026-02-11T07:40:00Z,25264.25,25274.25,25260.5,25272.75,1189.0
2026-02-11T07:45:00Z,25273.0,25285.5,25272.0,25275.0,1470.0
2026-02-11T07:50:00Z,25275.25,25276.5,25270.75,25273.0,825.0
2026-02-11T07:55:00Z,25272.25,25274.25,25263.0,25270.5,1131.0
2026-02-11T08:00:00Z,25270.75,25279.5,25262.0,25269.5,2282.0
2026-02-11T08:05:00Z,25268.75,25268.75,25237.0,25240.5,3592.0
2026-02-11T08:10:00Z,25240.75,25251.5,25225.0,25227.0,3367.0
2026-02-11T08:15:00Z,25228.0,25232.5,25209.5,25211.5,3466.0
2026-02-11T08:20:00Z,25211.75,25227.5,25209.75,25223.0,3403.0
2026-02-11T08:25:00Z,25223.0,25247.0,25222.75,25236.0,2805.0
2026-02-11T08:30:00Z,25237.75,25260.75,25237.5,25255.5,2487.0
2026-02-11T08:35:00Z,25256.0,25266.5,25252.75,25255.5,2019.0
2026-02-11T08:40:00Z,25256.0,25259.5,25246.0,25257.75,1558.0
2026-02-11T08:45:00Z,25257.75,25262.25,25255.5,25256.0,956.0
2026-02-11T08:50:00Z,25255.25,25259.0,25252.25,25253.5,991.0
2026-02-11T08:55:00Z,25254.25,25258.0,25248.25,25250.5,1166.0
2026-02-11T09:00:00Z,25250.25,25271.5,25241.5,25266.0,3242.0
2026-02-11T09:05:00Z,25266.25,25278.5,25266.0,25273.25,2033.0
2026-02-11T09:10:00Z,25274.0,25279.0,25255.75,25259.5,1822.0
2026-02-11T09:15:00Z,25259.75,25262.75,25243.0,25246.75,2361.0
2026-02-11T09:20:00Z,25248.25,25251.25,25236.25,25240.5,2288.0
2026-02-11T09:25:00Z,25241.75,25256.75,25240.5,25254.0,1281.0
2026-02-11T09:30:00Z,25254.75,25257.25,25227.0,25231.75,2602.0
2026-02-11T09:35:00Z,25231.0,25237.75,25206.0,25208.25,3590.0
2026-02-11T09:40:00Z,25208.25,25216.25,25204.25,25213.75,2794.0
2026-02-11T09:45:00Z,25214.0,25226.0,25212.0,25214.5,2532.0
2026-02-11T09:50:00Z,25215.0,25230.25,25211.25,25227.0,1817.0
2026-02-11T09:55:00Z,25226.75,25229.5,25204.0,25204.75,1976.0
2026-02-11T10:00:00Z,25204.5,25206.75,25147.0,25160.75,11065.0
2026-02-11T10:05:00Z,25161.25,25173.0,25148.75,25155.75,4977.0
2026-02-11T10:10:00Z,25156.25,25176.5,25154.0,25162.0,3595.0
2026-02-11T10:15:00Z,25162.25,25176.25,25159.5,25171.25,1852.0
2026-02-11T10:20:00Z,25172.25,25190.75,25166.75,25187.75,2839.0
2026-02-11T10:25:00Z,25187.25,25198.0,25179.75,25190.75,2398.0
2026-02-11T10:30:00Z,25191.5,25192.0,25179.75,25183.25,1924.0
2026-02-11T10:35:00Z,25183.75,25194.25,25175.0,25191.0,1966.0
2026-02-11T10:40:00Z,25191.25,25195.5,25183.5,25189.25,1807.0
2026-02-11T10:45:00Z,25188.25,25190.25,25168.25,25171.5,1952.0
2026-02-11T10:50:00Z,25171.5,25178.75,25166.25,25175.5,1756.0
2026-02-11T10:55:00Z,25176.5,25207.5,25176.5,25207.5,3366.0
2026-02-11T11:00:00Z,25207.25,25229.0,25205.5,25228.5,4292.0
2026-02-11T11:05:00Z,25228.0,25233.25,25219.0,25222.75,2404.0
2026-02-11T11:10:00Z,25223.25,25224.75,25215.25,25216.25,1274.0
2026-02-11T11:15:00Z,25216.5,25237.5,25215.25,25233.5,2262.0
2026-02-11T11:20:00Z,25233.5,25242.5,25230.5,25235.0,2141.0
2026-02-11T11:25:00Z,25235.75,25248.5,25233.5,25248.25,1651.0
2026-02-11T11:30:00Z,25247.75,25250.5,25241.5,25245.5,1934.0
2026-02-11T11:35:00Z,25245.25,25247.75,25234.75,25239.25,1509.0
2026-02-11T11:40:00Z,25238.5,25239.5,25213.5,25223.0,4533.0
2026-02-11T11:45:00Z,25222.0,25236.75,25213.5,25225.5,2870.0
2026-02-11T11:50:00Z,25225.75,25238.5,25223.75,25233.0,1702.0
2026-02-11T11:55:00Z,25233.25,25233.5,25206.25,25209.0,2236.0
2026-02-11T12:00:00Z,25209.25,25251.5,25205.5,25237.0,6950.0
2026-02-11T12:05:00Z,25236.5,25263.25,25232.75,25261.75,3214.0
2026-02-11T12:10:00Z,25261.5,25276.75,25254.5,25273.5,3787.0
2026-02-11T12:15:00Z,25273.75,25274.5,25251.25,25252.0,2027.0
2026-02-11T12:20:00Z,25252.0,25269.5,25251.75,25266.0,1993.0
2026-02-11T12:25:00Z,25266.5,25267.75,25250.25,25252.75,1911.0
2026-02-11T12:30:00Z,25252.5,25259.5,25243.0,25250.75,2747.0
2026-02-11T12:35:00Z,25250.25,25258.5,25237.75,25254.25,3069.0
2026-02-11T12:40:00Z,25255.0,25255.0,25242.25,25247.25,1498.0
2026-02-11T12:45:00Z,25247.25,25248.75,25230.75,25239.0,2015.0
2026-02-11T12:50:00Z,25239.25,25241.0,25225.75,25226.5,1911.0
2026-02-11T12:55:00Z,25226.75,25248.75,25222.75,25247.25,2715.0
2026-02-11T13:00:00Z,25247.25,25250.75,25241.0,25244.25,2168.0
2026-02-11T13:05:00Z,25245.0,25256.0,25239.5,25242.75,1945.0
2026-02-11T13:10:00Z,25242.0,25250.75,25236.0,25248.75,1884.0
2026-02-11T13:15:00Z,25249.5,25270.5,25247.5,25268.25,2653.0
2026-02-11T13:20:00Z,25268.5,25270.25,25248.0,25256.0,2789.0
2026-02-11T13:25:00Z,25256.0,25260.75,25225.5,25247.0,2747.0
2026-02-11T13:30:00Z,25241.5,25367.75,25225.0,25363.0,21063.0
2026-02-11T13:35:00Z,25362.5,25364.25,25330.5,25336.5,12678.0
2026-02-11T13:40:00Z,25336.0,25348.5,25323.0,25342.25,9474.0
2026-02-11T13:45:00Z,25343.0,25396.0,25343.0,25392.0,14829.0
2026-02-11T13:50:00Z,25391.75,25426.75,25368.5,25421.0,13569.0
2026-02-11T13:55:00Z,25420.5,25451.5,25416.5,25443.5,14582.0
2026-02-11T14:00:00Z,25443.5,25446.5,25425.5,25438.0,10683.0
2026-02-11T14:05:00Z,25438.25,25438.75,25417.0,25417.25,7653.0
2026-02-11T14:10:00Z,25417.75,25422.75,25410.0,25420.0,6343.0
2026-02-11T14:15:00Z,25419.5,25423.25,25408.0,25412.5,5511.0
2026-02-11T14:20:00Z,25412.75,25417.25,25407.5,25415.25,3604.0
2026-02-11T14:25:00Z,25415.5,25441.0,25415.5,25419.0,9605.0
2026-02-11T14:30:00Z,25418.75,25465.5,25367.0,25385.75,56026.0
2026-02-11T14:35:00Z,25386.5,25416.5,25339.0,25352.0,50127.0
2026-02-11T14:40:00Z,25352.5,25399.25,25344.0,25391.25,40857.0
2026-02-11T14:45:00Z,25391.75,25436.25,25365.5,25401.5,43939.0
2026-02-11T14:50:00Z,25401.25,25415.0,25352.25,25376.0,33072.0
2026-02-11T14:55:00Z,25375.75,25396.25,25290.0,25305.0,39362.0
2026-02-11T15:00:00Z,25305.0,25342.75,25272.25,25284.0,43855.0
2026-02-11T15:05:00Z,25284.25,25300.5,25235.5,25236.0,39155.0
2026-02-11T15:10:00Z,25236.25,25248.0,25142.0,25188.25,58772.0
2026-02-11T15:15:00Z,25188.0,25195.0,25126.25,25133.5,44358.0
2026-02-11T15:20:00Z,25134.25,25140.5,25065.5,25076.0,49263.0
2026-02-11T15:25:00Z,25075.75,25120.75,25058.0,25076.75,44776.0
2026-02-11T15:30:00Z,25076.75,25137.5,25067.75,25133.5,39131.0
2026-02-11T15:35:00Z,25132.75,25173.5,25110.5,25167.75,41525.0
2026-02-11T15:40:00Z,25168.0,25193.0,25151.0,25181.0,34651.0
2026-02-11T15:45:00Z,25180.5,25204.75,25134.75,25144.0,37900.0
2026-02-11T15:50:00Z,25143.75,25262.25,25133.0,25260.25,50987.0
2026-02-11T15:55:00Z,25260.25,25271.0,25235.0,25244.75,36606.0
2026-02-11T16:00:00Z,25244.5,25264.0,25201.0,25209.5,33505.0
2026-02-11T16:05:00Z,25209.25,25220.25,25182.0,25185.75,26439.0
2026-02-11T16:10:00Z,25186.25,25262.0,25183.25,25258.25,29910.0
2026-02-11T16:15:00Z,25258.25,25261.75,25222.0,25249.25,22196.0
2026-02-11T16:20:00Z,25248.75,25275.25,25238.25,25265.75,20622.0
2026-02-11T16:25:00Z,25265.0,25271.75,25192.75,25193.25,25980.0
2026-02-11T16:30:00Z,25193.0,25228.0,25175.0,25203.0,26647.0
2026-02-11T16:35:00Z,25203.25,25226.0,25179.25,25225.75,19827.0
2026-02-11T16:40:00Z,25225.5,25256.5,25214.75,25228.75,19650.0
2026-02-11T16:45:00Z,25229.25,25241.75,25195.0,25204.0,16721.0
2026-02-11T16:50:00Z,25204.25,25222.25,25193.25,25209.0,15986.0
2026-02-11T16:55:00Z,25208.25,25214.25,25178.0,25180.75,16357.0
2026-02-11T17:00:00Z,25180.25,25184.0,25142.0,25150.0,26956.0
2026-02-11T17:05:00Z,25149.75,25207.75,25149.5,25207.0,21423.0
2026-02-11T17:10:00Z,25206.75,25224.25,25190.0,25212.25,17373.0
2026-02-11T17:15:00Z,25212.5,25245.5,25198.0,25220.0,18624.0
2026-02-11T17:20:00Z,25219.5,25254.5,25201.5,25254.0,18826.0
2026-02-11T17:25:00Z,25254.25,25297.0,25253.75,25289.5,25260.0
2026-02-11T17:30:00Z,25289.75,25293.75,25271.75,25277.75,16692.0
2026-02-11T17:35:00Z,25278.0,25282.0,25262.75,25269.25,12566.0
2026-02-11T17:40:00Z,25269.0,25313.0,25268.5,25304.0,14171.0
2026-02-11T17:45:00Z,25304.25,25309.5,25283.5,25303.0,11651.0
2026-02-11T17:50:00Z,25303.0,25325.0,25291.5,25305.25,14596.0
2026-02-11T17:55:00Z,25305.75,25306.25,25255.5,25264.5,14987.0
2026-02-11T18:00:00Z,25264.25,25277.25,25242.0,25257.0,15289.0
2026-02-11T18:05:00Z,25257.0,25259.75,25230.25,25230.75,13884.0
2026-02-11T18:10:00Z,25231.0,25231.0,25205.0,25210.75,18210.0
2026-02-11T18:15:00Z,25210.5,25256.5,25200.75,25238.75,21224.0
2026-02-11T18:20:00Z,25239.25,25259.5,25225.0,25246.25,13514.0
2026-02-11T18:25:00Z,25246.0,25280.0,25235.75,25276.5,14877.0
2026-02-11T18:30:00Z,25276.25,25287.75,25258.0,25261.5,14452.0
2026-02-11T18:35:00Z,25261.75,25285.75,25254.25,25280.25,12282.0
2026-02-11T18:40:00Z,25280.5,25280.5,25255.75,25270.25,11277.0
2026-02-11T18:45:00Z,25270.75,25298.75,25266.5,25298.5,11616.0
2026-02-11T18:50:00Z,25298.75,25308.5,25254.25,25303.75,16591.0
2026-02-11T18:55:00Z,25304.0,25312.5,25294.25,25301.5,9277.0
2026-02-11T19:00:00Z,25301.5,25305.0,25277.75,25290.0,10487.0
2026-02-11T19:05:00Z,25290.0,25294.75,25257.75,25282.0,16665.0
2026-02-11T19:10:00Z,25281.75,25326.5,25274.75,25316.75,13913.0
2026-02-11T19:15:00Z,25316.0,25329.75,25315.75,25323.75,9081.0
2026-02-11T19:20:00Z,25323.5,25346.75,25322.5,25345.25,11903.0
2026-02-11T19:25:00Z,25345.75,25360.75,25339.75,25348.75,11565.0
2026-02-11T19:30:00Z,25349.0,25351.25,25328.25,25344.25,10014.0
2026-02-11T19:35:00Z,25344.5,25356.5,25337.5,25337.5,7789.0
2026-02-11T19:40:00Z,25337.25,25343.75,25327.75,25341.75,9024.0
2026-02-11T19:45:00Z,25341.5,25344.5,25281.5,25319.5,23208.0
2026-02-11T19:50:00Z,25319.75,25328.25,25309.75,25318.75,10598.0
2026-02-11T19:55:00Z,25318.25,25322.75,25302.25,25309.0,8060.0
2026-02-11T20:00:00Z,25308.75,25318.5,25299.5,25315.5,8040.0
2026-02-11T20:05:00Z,25315.75,25321.25,25300.5,25304.0,6863.0
2026-02-11T20:10:00Z,25304.0,25313.75,25296.75,25307.25,6585.0
2026-02-11T20:15:00Z,25307.25,25322.75,25303.5,25308.75,8394.0
2026-02-11T20:20:00Z,25309.5,25311.25,25286.5,25298.25,9903.0
2026-02-11T20:25:00Z,25298.25,25301.5,25283.75,25285.0,7360.0
2026-02-11T20:30:00Z,25284.75,25291.5,25272.0,25278.25,12181.0
2026-02-11T20:35:00Z,25278.5,25306.25,25274.0,25306.0,10190.0
2026-02-11T20:40:00Z,25306.0,25320.0,25299.75,25305.0,9619.0
2026-02-11T20:45:00Z,25304.75,25321.75,25302.25,25317.0,7869.0
2026-02-11T20:50:00Z,25316.75,25321.75,25290.25,25312.25,17950.0
2026-02-11T20:55:00Z,25312.5,25312.75,25274.0,25278.25,21720.0
2026-02-11T21:00:00Z,25278.5,25291.75,25274.0,25280.25,9731.0
2026-02-11T21:05:00Z,25280.25,25308.0,25276.75,25278.0,8113.0
2026-02-11T21:10:00Z,25278.0,25291.5,25268.25,25276.5,4843.0
2026-02-11T21:15:00Z,25276.0,25297.75,25274.5,25288.0,3268.0
2026-02-11T21:20:00Z,25288.0,25288.0,25273.75,25278.5,2200.0
2026-02-11T21:25:00Z,25278.5,25288.5,25277.25,25286.75,1488.0
2026-02-11T21:30:00Z,25287.25,25295.75,25286.75,25288.75,1787.0
2026-02-11T21:35:00Z,25289.25,25290.75,25282.5,25286.75,1407.0
2026-02-11T21:40:00Z,25287.25,25287.25,25278.5,25279.5,1563.0
2026-02-11T21:45:00Z,25279.75,25290.5,25277.0,25289.5,2500.0
2026-02-11T21:50:00Z,25289.25,25291.0,25284.0,25287.5,952.0
2026-02-11T21:55:00Z,25286.75,25292.25,25277.25,25277.75,1161.0
2026-02-11T23:00:00Z,25281.75,25294.5,25265.25,25280.5,0.0
2026-02-11T23:05:00Z,25279.75,25281.0,25255.25,25260.25,2451.0
2026-02-11T23:10:00Z,25261.0,25267.25,25250.25,25253.0,2327.0
2026-02-11T23:15:00Z,25252.25,25271.0,25250.0,25258.75,3323.0
2026-02-11T23:20:00Z,25258.75,25267.5,25256.75,25258.25,1320.0
2026-02-11T23:25:00Z,25259.0,25259.25,25237.25,25238.25,2579.0
2026-02-11T23:30:00Z,25238.25,25242.0,25214.25,25224.25,4383.0
2026-02-11T23:35:00Z,25223.75,25223.75,25205.5,25213.5,1937.0
2026-02-11T23:45:00Z,25288.5,25288.5,25232.75,25233.25,6649.0
2026-02-11T23:50:00Z,25233.25,25240.0,25226.0,25235.75,2044.0
2026-02-11T23:55:00Z,25235.0,25239.25,25226.75,25235.0,1728.0
2026-02-12T00:00:00Z,25234.5,25248.5,25223.5,25235.5,3857.0
2026-02-12T00:05:00Z,25235.5,25254.75,25222.25,25225.75,3462.0
2026-02-12T00:10:00Z,25225.0,25233.75,25222.75,25231.0,1759.0
2026-02-12T00:15:00Z,25231.25,25239.5,25224.75,25232.0,1558.0
2026-02-12T00:20:00Z,25230.75,25235.0,25213.75,25225.5,2559.0
2026-02-12T00:25:00Z,25225.75,25233.0,25220.0,25230.0,1646.0
2026-02-12T00:30:00Z,25230.75,25244.75,25230.75,25243.25,1853.0
2026-02-12T00:35:00Z,25243.0,25262.75,25242.75,25252.75,3599.0
2026-02-12T00:40:00Z,25252.0,25273.25,25250.0,25271.5,2527.0
2026-02-12T00:45:00Z,25271.5,25273.5,25259.5,25264.0,1808.0
2026-02-12T00:50:00Z,25264.5,25268.5,25261.75,25266.75,1056.0
2026-02-12T00:55:00Z,25266.75,25270.0,25264.25,25265.0,936.0
2026-02-12T01:00:00Z,25265.5,25278.0,25258.25,25259.25,2752.0
2026-02-12T01:05:00Z,25258.5,25266.25,25254.25,25266.25,1598.0
2026-02-12T01:10:00Z,25266.25,25274.5,25262.5,25268.25,2005.0
2026-02-12T01:15:00Z,25268.5,25269.0,25243.0,25251.5,2587.0
2026-02-12T01:20:00Z,25251.25,25255.25,25242.5,25252.25,1659.0
2026-02-12T01:25:00Z,25251.75,25288.5,25251.75,25281.5,3696.0
2026-02-12T01:30:00Z,25280.0,25295.25,25274.0,25293.0,3086.0
2026-02-12T01:35:00Z,25292.25,25311.25,25291.75,25303.0,3628.0
2026-02-12T01:40:00Z,25303.5,25314.75,25299.75,25301.75,2500.0
2026-02-12T01:45:00Z,25302.25,25310.75,25294.0,25296.75,2633.0
2026-02-12T01:50:00Z,25296.25,25303.0,25289.25,25294.5,1934.0
2026-02-12T01:55:00Z,25293.75,25306.5,25290.75,25300.0,1416.0
2026-02-12T02:00:00Z,25301.5,25310.25,25287.0,25293.75,2598.0
2026-02-12T02:05:00Z,25293.25,25306.5,25290.0,25303.0,1420.0
2026-02-12T02:10:00Z,25303.75,25304.5,25287.0,25287.75,1293.0
2026-02-12T02:15:00Z,25287.75,25294.0,25269.5,25269.75,2347.0
2026-02-12T02:20:00Z,25269.75,25290.25,25269.0,25279.0,2004.0
2026-02-12T02:25:00Z,25278.5,25291.5,25276.75,25281.25,1302.0
2026-02-12T02:30:00Z,25282.75,25287.5,25278.0,25282.25,897.0
2026-02-12T02:35:00Z,25282.75,25284.5,25275.0,25276.5,1123.0
2026-02-12T02:40:00Z,25277.5,25282.0,25271.75,25274.75,913.0
2026-02-12T02:45:00Z,25275.0,25287.25,25269.25,25284.5,1466.0
2026-02-12T02:50:00Z,25285.0,25288.75,25279.0,25288.0,1175.0
2026-02-12T02:55:00Z,25287.0,25298.75,25286.5,25293.0,1926.0
2026-02-12T03:00:00Z,25293.25,25304.75,25286.75,25301.75,1787.0
2026-02-12T03:05:00Z,25302.0,25303.5,25294.5,25297.5,1114.0
2026-02-12T03:10:00Z,25297.25,25301.5,25296.25,25298.25,519.0
2026-02-12T03:15:00Z,25298.0,25300.75,25289.75,25290.0,809.0
2026-02-12T03:20:00Z,25290.25,25297.5,25288.5,25290.0,1162.0
2026-02-12T03:25:00Z,25288.75,25307.25,25282.0,25305.5,2555.0
2026-02-12T03:30:00Z,25306.0,25318.75,25303.5,25316.75,2070.0
2026-02-12T03:35:00Z,25316.5,25320.0,25313.25,25318.5,1233.0
2026-02-12T03:40:00Z,25318.0,25321.0,25312.25,25320.0,1067.0
2026-02-12T03:45:00Z,25320.5,25321.0,25314.0,25315.5,837.0
2026-02-12T03:50:00Z,25315.0,25316.75,25312.5,25314.5,771.0
2026-02-12T03:55:00Z,25314.75,25316.5,25309.0,25310.75,808.0
2026-02-12T04:00:00Z,25310.25,25314.0,25306.5,25312.75,992.0
2026-02-12T04:05:00Z,25312.5,25313.75,25303.0,25309.25,1119.0
2026-02-12T04:10:00Z,25309.25,25313.25,25306.0,25311.75,705.0
2026-02-12T04:15:00Z,25311.75,25329.75,25309.25,25317.5,2725.0
2026-02-12T04:20:00Z,25318.0,25333.5,25317.75,25331.0,1891.0
2026-02-12T04:25:00Z,25331.0,25339.5,25329.75,25338.0,1566.0
2026-02-12T04:30:00Z,25338.0,25338.5,25320.0,25325.5,1895.0
2026-02-12T04:35:00Z,25325.25,25326.25,25318.5,25321.25,819.0
2026-02-12T04:40:00Z,25321.25,25321.5,25316.25,25318.0,831.0
2026-02-12T04:45:00Z,25317.75,25327.75,25317.0,25326.0,1026.0
2026-02-12T04:50:00Z,25326.5,25329.75,25323.25,25323.75,529.0
2026-02-12T04:55:00Z,25323.5,25331.25,25322.0,25328.5,436.0
2026-02-12T05:05:00Z,25334.25,25335.75,25332.5,25335.5,2001.0
2026-02-12T05:10:00Z,25336.0,25337.0,25331.0,25336.0,534.0
2026-02-12T05:15:00Z,25337.0,25343.5,25334.5,25339.25,925.0
2026-02-12T05:20:00Z,25339.25,25344.25,25334.5,25335.5,1031.0
2026-02-12T05:25:00Z,25335.5,25337.75,25332.25,25333.25,797.0
2026-02-12T05:30:00Z,25333.0,25333.5,25329.25,25330.0,758.0
2026-02-12T05:35:00Z,25330.0,25332.5,25327.5,25330.5,698.0
2026-02-12T05:40:00Z,25330.0,25344.5,25329.75,25336.25,1431.0
2026-02-12T05:45:00Z,25336.25,25341.5,25334.5,25339.25,622.0
2026-02-12T05:50:00Z,25339.25,25341.25,25331.0,25337.75,910.0
2026-02-12T05:55:00Z,25338.0,25341.25,25329.75,25339.0,1291.0
2026-02-12T06:00:00Z,25339.0,25341.75,25321.0,25323.5,1973.0
2026-02-12T06:05:00Z,25324.25,25329.5,25321.25,25325.0,908.0
2026-02-12T06:10:00Z,25325.25,25344.5,25324.5,25336.25,1664.0
2026-02-12T06:15:00Z,25336.25,25344.5,25323.75,25326.0,1904.0
2026-02-12T06:20:00Z,25325.0,25325.0,25312.0,25315.75,1626.0
2026-02-12T06:25:00Z,25316.25,25326.75,25316.25,25320.5,1274.0
2026-02-12T06:30:00Z,25321.75,25333.25,25303.5,25304.5,3147.0
2026-02-12T06:35:00Z,25305.0,25309.25,25297.0,25305.75,2159.0
2026-02-12T06:40:00Z,25305.5,25306.25,25294.75,25298.25,1301.0
2026-02-12T06:45:00Z,25298.25,25310.0,25292.5,25310.0,1857.0
2026-02-12T06:50:00Z,25310.0,25314.5,25304.25,25311.5,1436.0
2026-02-12T06:55:00Z,25311.75,25323.5,25309.0,25320.25,1375.0
2026-02-12T07:00:00Z,25320.75,25335.0,25313.25,25334.75,2688.0
2026-02-12T07:05:00Z,25334.25,25338.0,25322.5,25326.25,1401.0
2026-02-12T07:10:00Z,25326.75,25336.5,25324.75,25333.0,986.0
2026-02-12T07:15:00Z,25333.25,25340.0,25328.25,25337.25,1174.0
2026-02-12T07:20:00Z,25337.5,25351.25,25331.75,25350.5,1608.0
2026-02-12T07:25:00Z,25351.0,25357.25,25345.75,25351.0,2217.0
2026-02-12T07:30:00Z,25350.5,25357.75,25346.75,25348.75,1171.0
2026-02-12T07:35:00Z,25348.75,25356.5,25348.5,25350.75,747.0
2026-02-12T07:40:00Z,25350.75,25359.25,25346.0,25350.25,1982.0
2026-02-12T07:45:00Z,25350.75,25355.0,25343.25,25351.75,1108.0
2026-02-12T07:50:00Z,25351.5,25351.5,25342.0,25345.25,809.0
2026-02-12T07:55:00Z,25345.25,25354.0,25342.75,25350.25,1181.0
2026-02-12T08:00:00Z,25350.5,25369.5,25350.25,25361.25,4312.0
2026-02-12T08:05:00Z,25360.75,25369.25,25347.5,25364.0,2924.0
2026-02-12T08:10:00Z,25364.25,25368.25,25339.5,25349.75,2687.0
2026-02-12T08:15:00Z,25350.0,25362.75,25347.5,25357.75,1840.0
2026-02-12T08:20:00Z,25358.0,25360.75,25344.5,25345.25,1551.0
2026-02-12T08:25:00Z,25346.25,25355.25,25339.5,25345.0,2161.0
2026-02-12T08:30:00Z,25344.75,25351.0,25328.25,25332.25,2663.0
2026-02-12T08:35:00Z,25332.0,25340.0,25325.25,25326.5,1949.0
2026-02-12T08:40:00Z,25326.0,25335.75,25324.5,25331.25,1150.0
2026-02-12T08:45:00Z,25331.25,25340.75,25329.5,25331.0,1148.0
2026-02-12T08:50:00Z,25330.5,25347.5,25327.75,25342.5,1405.0
2026-02-12T08:55:00Z,25342.5,25360.5,25342.0,25353.5,1902.0
2026-02-12T09:00:00Z,25353.25,25359.5,25341.25,25353.0,2487.0
2026-02-12T09:05:00Z,25352.25,25353.75,25340.5,25352.5,1355.0
2026-02-12T09:10:00Z,25352.75,25363.5,25350.25,25357.25,1604.0
2026-02-12T09:15:00Z,25356.5,25364.5,25350.75,25353.5,1569.0
2026-02-12T09:20:00Z,25353.25,25358.25,25349.25,25353.5,1129.0
2026-02-12T09:25:00Z,25353.25,25359.25,25348.25,25348.25,872.0
2026-02-12T09:30:00Z,25349.0,25354.25,25341.0,25350.25,1460.0
2026-02-12T09:35:00Z,25350.0,25360.75,25347.0,25348.0,1150.0
2026-02-12T09:40:00Z,25348.75,25351.25,25343.0,25343.5,915.0
2026-02-12T09:45:00Z,25343.25,25346.25,25329.5,25338.75,2099.0
2026-02-12T09:50:00Z,25338.75,25352.5,25338.75,25351.5,1185.0
2026-02-12T09:55:00Z,25351.25,25358.75,25346.75,25355.0,1464.0
2026-02-12T10:00:00Z,25355.0,25374.0,25348.25,25369.0,2549.0
2026-02-12T10:05:00Z,25369.25,25371.75,25360.0,25361.5,1753.0
2026-02-12T10:10:00Z,25361.5,25364.0,25340.75,25343.25,2353.0
2026-02-12T10:15:00Z,25342.75,25349.75,25338.5,25346.5,1236.0
2026-02-12T10:20:00Z,25345.75,25346.25,25334.5,25335.25,1476.0
2026-02-12T10:25:00Z,25335.25,25342.25,25334.75,25337.75,663.0
2026-02-12T10:40:00Z,25348.5,25351.75,25342.0,25342.5,3549.0
2026-02-12T10:45:00Z,25342.75,25346.5,25339.75,25342.0,950.0
2026-02-12T10:50:00Z,25341.5,25348.25,25340.75,25343.25,652.0
2026-02-12T10:55:00Z,25343.0,25350.75,25342.0,25349.5,784.0
2026-02-12T11:00:00Z,25350.0,25359.5,25338.0,25344.0,3091.0
2026-02-12T11:05:00Z,25344.0,25352.5,25342.0,25351.5,1293.0
2026-02-12T11:10:00Z,25351.75,25360.5,25347.5,25356.25,1201.0
2026-02-12T11:15:00Z,25356.25,25363.5,25354.5,25363.0,817.0
2026-02-12T11:20:00Z,25362.75,25367.0,25353.0,25356.5,1442.0
2026-02-12T11:25:00Z,25356.5,25371.0,25355.25,25366.75,1186.0
2026-02-12T11:30:00Z,25367.0,25370.5,25356.75,25358.0,1227.0
2026-02-12T11:35:00Z,25358.25,25358.25,25345.75,25347.0,1258.0
2026-02-12T11:40:00Z,25347.75,25349.5,25342.0,25345.0,1289.0
2026-02-12T11:45:00Z,25344.5,25357.25,25344.0,25356.25,1176.0
2026-02-12T11:50:00Z,25356.25,25364.75,25352.5,25360.75,1413.0
2026-02-12T11:55:00Z,25361.0,25369.75,25356.75,25366.5,1798.0
2026-02-12T12:00:00Z,25366.25,25368.75,25348.0,25349.75,2340.0
2026-02-12T12:05:00Z,25350.0,25356.5,25345.0,25353.25,1723.0
2026-02-12T12:10:00Z,25353.0,25357.5,25343.0,25354.0,1636.0
2026-02-12T12:15:00Z,25354.25,25358.25,25347.75,25356.0,1407.0
2026-02-12T12:20:00Z,25356.5,25362.5,25354.5,25360.25,1105.0
2026-02-12T12:25:00Z,25360.25,25367.0,25356.5,25364.5,1399.0
2026-02-12T12:30:00Z,25364.5,25378.0,25363.5,25373.75,3313.0
2026-02-12T12:35:00Z,25373.75,25379.25,25368.25,25374.75,1805.0
2026-02-12T12:40:00Z,25375.0,25384.0,25363.25,25364.5,3309.0
2026-02-12T12:45:00Z,25364.25,25369.25,25358.75,25368.25,2234.0
2026-02-12T12:50:00Z,25367.75,25374.0,25351.5,25357.25,2964.0
2026-02-12T12:55:00Z,25357.25,25363.0,25354.0,25357.0,1715.0
2026-02-12T13:00:00Z,25356.75,25358.5,25342.75,25343.75,3214.0
2026-02-12T13:05:00Z,25343.5,25350.0,25335.75,25346.0,3259.0
2026-02-12T13:10:00Z,25346.75,25349.0,25328.0,25329.0,3020.0
2026-02-12T13:15:00Z,25328.5,25335.75,25320.0,25334.25,3948.0
2026-02-12T13:20:00Z,25334.0,25335.5,25326.75,25328.75,2215.0
2026-02-12T13:25:00Z,25329.0,25344.0,25323.5,25343.5,2943.0
2026-02-12T13:30:00Z,25342.25,25372.25,25332.5,25369.25,7331.0
2026-02-12T13:35:00Z,25369.75,25391.25,25364.75,25384.5,7619.0
2026-02-12T13:40:00Z,25385.0,25420.0,25384.5,25411.5,9939.0
2026-02-12T13:45:00Z,25411.75,25413.75,25388.75,25397.25,6968.0
2026-02-12T13:50:00Z,25396.75,25398.75,25381.0,25393.5,5967.0
2026-02-12T13:55:00Z,25393.75,25409.25,25392.0,25395.5,5290.0
2026-02-12T14:00:00Z,25395.75,25400.25,25373.25,25377.75,7594.0
2026-02-12T14:05:00Z,25377.5,25386.75,25372.25,25384.75,4482.0
2026-02-12T14:10:00Z,25384.75,25385.75,25365.0,25368.25,4766.0
2026-02-12T14:15:00Z,25368.0,25375.25,25362.0,25370.0,4820.0
2026-02-12T14:20:00Z,25370.0,25381.0,25369.75,25375.5,3533.0
2026-02-12T14:25:00Z,25376.0,25378.0,25346.0,25347.0,8871.0
2026-02-12T14:30:00Z,25346.75,25377.5,25315.0,25357.25,46129.0
2026-02-12T14:35:00Z,25357.75,25393.75,25334.0,25360.0,41009.0
2026-02-12T14:40:00Z,25360.0,25389.25,25303.75,25309.25,43929.0
2026-02-12T14:45:00Z,25309.5,25324.25,25240.5,25251.5,57579.0
2026-02-12T14:50:00Z,25251.75,25293.25,25235.0,25273.75,42198.0
2026-02-12T14:55:00Z,25273.25,25274.25,25186.25,25206.25,43021.0
2026-02-12T15:00:00Z,25208.25,25251.75,25178.25,25200.25,46036.0
2026-02-12T15:05:00Z,25200.75,25242.0,25170.0,25194.5,39188.0
2026-02-12T15:10:00Z,25194.5,25234.25,25178.5,25233.25,35797.0
2026-02-12T15:15:00Z,25233.0,25246.75,25201.0,25202.25,30864.0
2026-02-12T15:20:00Z,25203.0,25260.25,25194.0,25225.75,33167.0
2026-02-12T15:25:00Z,25225.5,25247.75,25210.5,25232.25,23783.0
2026-02-12T15:30:00Z,25233.0,25254.25,25176.5,25177.5,32585.0
2026-02-12T15:35:00Z,25177.25,25188.5,25125.25,25133.5,36288.0
2026-02-12T15:40:00Z,25134.5,25141.75,25081.75,25087.5,39738.0
2026-02-12T15:45:00Z,25086.25,25113.75,25078.5,25097.5,31797.0
2026-02-12T15:50:00Z,25097.25,25121.25,25052.0,25052.0,32337.0
2026-02-12T15:55:00Z,25052.0,25062.25,25006.5,25010.75,39422.0
2026-02-12T16:00:00Z,25011.25,25032.25,24986.75,24999.5,40840.0
2026-02-12T16:05:00Z,24999.5,25007.0,24943.0,24962.25,43751.0
2026-02-12T16:10:00Z,24962.25,24969.75,24926.25,24940.0,37959.0
2026-02-12T16:15:00Z,24939.75,24950.75,24886.0,24908.75,43859.0
2026-02-12T16:20:00Z,24909.0,24915.75,24862.0,24883.25,46805.0
2026-02-12T16:25:00Z,24882.75,24887.0,24811.5,24818.75,46297.0
2026-02-12T16:30:00Z,24819.0,24869.25,24805.5,24845.0,47854.0
2026-02-12T16:35:00Z,24845.0,24911.75,24838.5,24898.5,44791.0
2026-02-12T16:40:00Z,24898.75,24920.0,24865.0,24876.5,34878.0
2026-02-12T16:45:00Z,24875.5,24902.0,24842.5,24872.0,32016.0
2026-02-12T16:50:00Z,24872.0,24888.5,24842.25,24857.5,24234.0
2026-02-12T16:55:00Z,24857.75,24882.0,24848.0,24878.75,19899.0
2026-02-12T17:00:00Z,24878.5,24896.5,24832.0,24881.5,26049.0
2026-02-12T17:05:00Z,24881.0,24903.75,24844.5,24891.75,24359.0
2026-02-12T17:10:00Z,24891.75,24893.75,24841.0,24858.25,22035.0
2026-02-12T17:15:00Z,24858.0,24871.0,24833.75,24834.5,19866.0
2026-02-12T17:20:00Z,24834.75,24901.5,24834.0,24897.0,23453.0
2026-02-12T17:25:00Z,24896.75,24923.5,24857.5,24871.25,28211.0
2026-02-12T17:30:00Z,24871.25,24902.75,24862.5,24896.5,21406.0
2026-02-12T17:35:00Z,24896.25,24940.75,24895.0,24900.25,23428.0
2026-02-12T17:40:00Z,24900.75,24914.75,24885.25,24898.75,18526.0
2026-02-12T17:45:00Z,24899.25,24915.5,24868.75,24889.5,19112.0
2026-02-12T17:50:00Z,24889.25,24912.5,24846.75,24850.0,18823.0
2026-02-12T17:55:00Z,24849.5,24865.75,24824.0,24825.5,18668.0
2026-02-12T18:00:00Z,24825.25,24852.75,24801.0,24830.25,28192.0
2026-02-12T18:05:00Z,24830.5,24881.5,24825.5,24854.25,21573.0
2026-02-12T18:10:00Z,24855.5,24870.75,24840.25,24854.75,14475.0
2026-02-12T18:15:00Z,24855.0,24857.0,24808.5,24811.25,18081.0
2026-02-12T18:20:00Z,24811.25,24862.25,24811.25,24853.75,14870.0
2026-02-12T18:25:00Z,24853.75,24858.75,24804.5,24841.75,22619.0
2026-02-12T18:30:00Z,24843.0,24856.75,24824.75,24841.0,17257.0
2026-02-12T18:35:00Z,24841.25,24887.5,24834.75,24880.25,17623.0
2026-02-12T18:40:00Z,24880.75,24911.25,24866.25,24907.75,16557.0
2026-02-12T18:45:00Z,24907.5,24914.0,24884.0,24884.0,13621.0
2026-02-12T18:50:00Z,24884.0,24929.75,24875.5,24919.5,15189.0
2026-02-12T18:55:00Z,24919.5,24929.0,24890.75,24905.5,15745.0
2026-02-12T19:00:00Z,24906.5,24923.5,24880.5,24892.75,14182.0
2026-02-12T19:05:00Z,24892.0,24911.75,24888.25,24888.25,10770.0
2026-02-12T19:10:00Z,24888.5,24894.0,24846.0,24868.5,16601.0
2026-02-12T19:15:00Z,24868.0,24913.25,24867.0,24906.5,15434.0
2026-02-12T19:20:00Z,24906.5,24928.25,24898.5,24915.0,12851.0
2026-02-12T19:25:00Z,24915.5,24921.75,24866.0,24871.75,18077.0
2026-02-12T19:30:00Z,24871.0,24916.25,24870.5,24895.0,14899.0
2026-02-12T19:35:00Z,24895.25,24925.5,24889.25,24924.0,11791.0
2026-02-12T19:40:00Z,24923.75,24937.75,24903.0,24915.5,14540.0
2026-02-12T19:45:00Z,24915.5,24937.75,24915.25,24933.25,12311.0
2026-02-12T19:50:00Z,24933.0,24944.0,24907.25,24912.75,13787.0
2026-02-12T19:55:00Z,24913.25,24930.0,24884.25,24898.5,19903.0
2026-02-12T20:00:00Z,24898.75,24912.75,24880.25,24900.75,12354.0
2026-02-12T20:05:00Z,24901.25,24906.5,24863.75,24867.25,11773.0
2026-02-12T20:10:00Z,24867.75,24874.75,24843.0,24871.5,14902.0
2026-02-12T20:15:00Z,24871.5,24873.75,24840.25,24841.5,11779.0
2026-02-12T20:20:00Z,24841.5,24842.5,24815.25,24819.75,16725.0
2026-02-12T20:25:00Z,24819.75,24824.25,24796.75,24804.75,15724.0
2026-02-12T20:30:00Z,24804.75,24823.0,24783.5,24805.0,21149.0
2026-02-12T20:35:00Z,24806.0,24822.5,24802.25,24812.5,12892.0
2026-02-12T20:40:00Z,24812.0,24834.75,24796.25,24804.25,15117.0
2026-02-12T20:45:00Z,24803.5,24808.5,24768.5,24776.75,17335.0
2026-02-12T20:50:00Z,24778.25,24786.75,24721.5,24785.75,34550.0
2026-02-12T20:55:00Z,24786.0,24786.5,24745.5,24762.75,28440.0
2026-02-12T21:00:00Z,24764.25,24786.5,24744.0,24784.5,17216.0
2026-02-12T21:05:00Z,24784.5,24801.0,24775.75,24792.25,8318.0
2026-02-12T21:10:00Z,24791.5,24807.25,24788.5,24804.0,5070.0
2026-02-12T21:15:00Z,24804.5,24813.75,24797.0,24808.75,5174.0
2026-02-12T21:20:00Z,24809.0,24812.0,24802.0,24810.0,2053.0
2026-02-12T21:25:00Z,24810.25,24823.25,24806.25,24823.25,2048.0
2026-02-12T21:30:00Z,24822.75,24832.0,24820.0,24829.25,3313.0
2026-02-12T21:35:00Z,24829.25,24834.0,24822.25,24823.75,2568.0
2026-02-12T21:40:00Z,24823.25,24830.75,24819.0,24823.5,2559.0
2026-02-12T21:45:00Z,24824.0,24830.5,24817.75,24830.0,2358.0
2026-02-12T21:50:00Z,24830.25,24839.0,24829.5,24831.75,2091.0
2026-02-12T21:55:00Z,24831.25,24833.75,24819.0,24822.0,1708.0
2026-02-12T22:00:00Z,24822.0,24822.0,24822.0,24822.0,1.0
2026-02-12T23:00:00Z,24838.75,24845.5,24811.75,24816.75,0.0
2026-02-12T23:05:00Z,24817.0,24844.0,24800.0,24841.5,4654.0
2026-02-12T23:10:00Z,24842.0,24849.25,24834.0,24835.25,2552.0
2026-02-12T23:15:00Z,24835.5,24855.5,24830.25,24835.25,2857.0
2026-02-12T23:20:00Z,24835.0,24839.75,24821.5,24829.0,2557.0
2026-02-12T23:25:00Z,24828.75,24843.5,24828.25,24840.75,2121.0
2026-02-12T23:30:00Z,24841.5,24849.25,24777.25,24802.75,6562.0
2026-02-12T23:35:00Z,24803.0,24818.0,24752.25,24759.0,5817.0
2026-02-12T23:40:00Z,24760.0,24790.25,24744.5,24787.75,4316.0
2026-02-12T23:45:00Z,24786.5,24812.5,24777.0,24807.75,3664.0
2026-02-12T23:50:00Z,24808.0,24830.5,24807.0,24826.0,3513.0
2026-02-12T23:55:00Z,24826.25,24835.0,24819.5,24823.25,2201.0
2026-02-13T00:00:00Z,24823.0,24862.25,24801.75,24854.5,7699.0
2026-02-13T00:05:00Z,24853.5,24864.5,24842.0,24852.75,3339.0
2026-02-13T00:10:00Z,24852.0,24859.25,24837.25,24844.75,2817.0
2026-02-13T00:15:00Z,24844.0,24847.0,24826.0,24832.25,2910.0
2026-02-13T00:20:00Z,24832.0,24841.5,24788.75,24793.5,6482.0
2026-02-13T00:25:00Z,24793.5,24797.25,24765.5,24781.25,5393.0
2026-02-13T00:30:00Z,24781.25,24796.25,24771.75,24779.25,4124.0
2026-02-13T00:35:00Z,24780.25,24788.0,24764.25,24780.75,3110.0
2026-02-13T00:40:00Z,24780.5,24788.0,24741.75,24743.5,5169.0
2026-02-13T00:45:00Z,24743.5,24755.0,24710.75,24730.0,8298.0
2026-02-13T00:50:00Z,24729.25,24742.25,24708.5,24716.5,5173.0
2026-02-13T00:55:00Z,24717.0,24744.5,24715.25,24731.0,4345.0
2026-02-13T01:00:00Z,24731.75,24774.25,24730.0,24772.25,6044.0
2026-02-13T01:05:00Z,24772.0,24815.0,24766.0,24807.25,6949.0
2026-02-13T01:10:00Z,24806.25,24814.75,24798.75,24806.0,2901.0
2026-02-13T01:15:00Z,24806.0,24820.25,24798.75,24813.5,3339.0
2026-02-13T01:20:00Z,24813.25,24818.0,24778.75,24780.0,6476.0
2026-02-13T01:25:00Z,24780.5,24806.5,24770.25,24798.0,4000.0
2026-02-13T01:30:00Z,24797.25,24806.25,24780.75,24799.5,4062.0
2026-02-13T01:35:00Z,24798.75,24810.0,24785.75,24805.5,2564.0
2026-02-13T01:40:00Z,24806.0,24812.5,24790.5,24794.5,2490.0
2026-02-13T01:45:00Z,24795.0,24814.0,24789.5,24808.25,2223.0
2026-02-13T01:50:00Z,24809.0,24822.5,24788.25,24790.75,3500.0
2026-02-13T01:55:00Z,24790.75,24792.25,24764.75,24787.0,5140.0
2026-02-13T02:00:00Z,24786.5,24822.5,24785.75,24812.0,4296.0
2026-02-13T02:05:00Z,24812.75,24821.5,24800.0,24817.5,2580.0
2026-02-13T02:10:00Z,24818.5,24825.75,24813.0,24819.25,1748.0
2026-02-13T02:15:00Z,24818.5,24820.0,24798.25,24803.5,3005.0
2026-02-13T02:20:00Z,24803.5,24816.0,24793.5,24807.25,2440.0
2026-02-13T02:25:00Z,24807.0,24814.5,24795.25,24812.75,1581.0
2026-02-13T02:30:00Z,24812.5,24832.25,24811.75,24824.25,2766.0
2026-02-13T02:35:00Z,24824.25,24827.25,24819.0,24823.0,1025.0
2026-02-13T02:40:00Z,24822.75,24824.5,24804.0,24806.5,2909.0
2026-02-13T02:45:00Z,24806.5,24810.5,24794.75,24804.25,2155.0
2026-02-13T02:50:00Z,24804.25,24809.0,24798.5,24802.5,1169.0
2026-02-13T02:55:00Z,24802.5,24809.75,24800.75,24802.5,907.0
2026-02-13T03:00:00Z,24803.5,24820.5,24802.0,24815.0,1650.0
2026-02-13T03:05:00Z,24815.5,24815.75,24797.0,24801.0,1444.0
2026-02-13T03:10:00Z,24801.0,24810.25,24799.5,24802.5,977.0
2026-02-13T03:15:00Z,24802.75,24808.25,24792.75,24794.0,1484.0
2026-02-13T03:20:00Z,24794.25,24796.5,24770.0,24771.0,3650.0
2026-02-13T03:25:00Z,24770.5,24780.5,24770.0,24776.25,1723.0
2026-02-13T03:30:00Z,24776.0,24796.5,24774.25,24787.75,2375.0
2026-02-13T03:35:00Z,24788.0,24792.0,24781.75,24789.0,966.0
2026-02-13T03:40:00Z,24789.25,24790.75,24776.0,24783.0,1233.0
2026-02-13T03:45:00Z,24783.25,24787.25,24767.5,24769.5,1832.0
2026-02-13T03:50:00Z,24769.75,24776.25,24750.75,24754.25,2326.0
2026-02-13T03:55:00Z,24754.5,24760.25,24744.75,24749.75,2484.0
2026-02-13T04:00:00Z,24750.25,24756.25,24743.75,24752.0,1577.0
2026-02-13T04:05:00Z,24752.0,24762.5,24749.25,24755.5,1371.0
2026-02-13T04:10:00Z,24756.25,24770.0,24752.75,24769.5,1463.0
2026-02-13T04:15:00Z,24769.25,24803.25,24768.75,24785.75,3733.0
2026-02-13T04:20:00Z,24786.0,24791.25,24776.5,24782.25,1880.0
2026-02-13T04:25:00Z,24782.25,24789.0,24780.5,24783.75,839.0
2026-02-13T04:30:00Z,24783.75,24788.25,24768.75,24769.0,1359.0
2026-02-13T04:35:00Z,24768.75,24775.0,24759.75,24762.5,1818.0
2026-02-13T04:40:00Z,24764.25,24775.25,24758.0,24761.0,1685.0
2026-02-13T04:45:00Z,24761.5,24768.25,24753.0,24760.75,1254.0
2026-02-13T04:50:00Z,24760.75,24767.5,24753.25,24757.25,1287.0
2026-02-13T04:55:00Z,24757.25,24768.0,24757.25,24762.0,990.0
2026-02-13T05:05:00Z,24759.0,24768.0,24758.0,24765.0,3341.0
2026-02-13T05:10:00Z,24765.0,24766.5,24749.75,24750.25,1089.0
2026-02-13T05:15:00Z,24751.5,24753.5,24733.5,24738.25,2743.0
2026-02-13T05:20:00Z,24738.75,24742.25,24719.25,24720.25,2814.0
2026-02-13T05:25:00Z,24720.0,24726.75,24705.25,24707.25,3767.0
2026-02-13T05:30:00Z,24707.5,24722.25,24698.25,24714.0,3616.0
2026-02-13T05:35:00Z,24713.75,24729.25,24695.75,24700.75,3573.0
2026-02-13T05:40:00Z,24700.5,24723.5,24690.75,24712.5,3701.0
2026-02-13T05:45:00Z,24712.25,24736.75,24710.5,24725.0,3287.0
2026-02-13T05:50:00Z,24725.75,24726.25,24697.25,24698.25,2412.0
2026-02-13T05:55:00Z,24698.5,24724.75,24698.0,24711.75,2294.0
2026-02-13T06:00:00Z,24711.75,24727.5,24704.75,24707.75,2631.0
2026-02-13T06:05:00Z,24707.5,24729.0,24707.25,24724.0,1873.0
2026-02-13T06:10:00Z,24725.0,24731.5,24713.0,24718.75,2041.0
2026-02-13T06:15:00Z,24719.5,24732.0,24706.25,24729.0,2286.0
2026-02-13T06:20:00Z,24729.0,24730.25,24698.25,24701.75,2779.0
2026-02-13T06:25:00Z,24702.75,24704.75,24677.25,24686.25,4182.0
2026-02-13T06:30:00Z,24686.25,24688.75,24660.5,24677.5,4836.0
2026-02-13T06:35:00Z,24676.75,24679.0,24642.75,24656.75,4581.0
2026-02-13T06:40:00Z,24657.0,24669.25,24652.5,24665.25,2840.0
2026-02-13T06:45:00Z,24665.5,24684.5,24656.0,24684.5,2975.0
2026-02-13T06:50:00Z,24684.25,24710.0,24684.0,24707.75,2482.0
2026-02-13T06:55:00Z,24708.0,24723.25,24707.25,24713.75,2548.0
2026-02-13T07:00:00Z,24713.25,24743.75,24713.25,24719.5,5093.0
2026-02-13T07:05:00Z,24719.25,24740.0,24711.25,24736.75,2917.0
2026-02-13T07:10:00Z,24737.5,24744.75,24729.25,24736.0,2444.0
2026-02-13T07:15:00Z,24736.0,24758.5,24734.75,24751.25,3245.0
2026-02-13T07:20:00Z,24752.0,24759.0,24743.0,24757.75,1768.0
2026-02-13T07:25:00Z,24758.0,24763.0,24738.0,24738.75,2387.0
2026-02-13T07:30:00Z,24739.0,24747.0,24729.25,24743.25,2197.0
2026-02-13T07:35:00Z,24743.0,24745.25,24719.25,24725.0,2686.0
2026-02-13T07:40:00Z,24725.75,24734.0,24721.0,24727.0,1486.0
2026-02-13T07:45:00Z,24727.0,24732.75,24722.75,24727.5,1205.0
2026-02-13T07:50:00Z,24727.75,24740.75,24714.25,24739.25,2120.0
2026-02-13T07:55:00Z,24738.75,24750.25,24729.25,24746.75,2293.0
2026-02-13T08:00:00Z,24747.75,24757.5,24722.0,24756.0,5190.0
2026-02-13T08:05:00Z,24755.5,24775.75,24750.5,24767.25,4739.0
2026-02-13T08:10:00Z,24767.25,24769.25,24728.5,24731.25,3955.0
2026-02-13T08:15:00Z,24731.5,24737.25,24674.5,24682.5,7230.0
2026-02-13T08:20:00Z,24682.0,24722.25,24678.5,24721.5,4607.0
2026-02-13T08:25:00Z,24721.5,24748.0,24720.5,24744.5,4319.0
2026-02-13T08:30:00Z,24743.5,24760.5,24725.75,24753.25,3800.0
2026-02-13T08:35:00Z,24753.0,24757.5,24715.75,24724.5,3236.0
2026-02-13T08:40:00Z,24724.5,24751.5,24721.75,24748.25,2947.0
2026-02-13T08:45:00Z,24748.5,24778.5,24748.25,24768.5,4142.0
2026-02-13T08:50:00Z,24768.75,24784.0,24763.25,24776.25,3118.0
2026-02-13T08:55:00Z,24777.25,24780.25,24765.25,24775.25,2075.0
2026-02-13T09:00:00Z,24775.75,24778.75,24731.0,24735.25,3966.0
2026-02-13T09:05:00Z,24734.5,24769.0,24733.25,24764.25,3659.0
2026-02-13T09:10:00Z,24763.25,24779.75,24755.0,24756.75,2435.0
2026-02-13T09:15:00Z,24756.0,24788.5,24753.75,24785.5,2774.0
2026-02-13T09:20:00Z,24785.0,24804.75,24783.5,24797.0,3631.0
2026-02-13T09:25:00Z,24797.0,24807.0,24792.75,24794.25,1981.0
2026-02-13T09:30:00Z,24794.75,24804.25,24784.5,24800.25,2938.0
2026-02-13T09:35:00Z,24800.5,24803.75,24788.5,24796.5,1989.0
2026-02-13T09:40:00Z,24795.75,24805.5,24785.5,24789.0,2224.0
2026-02-13T09:45:00Z,24789.75,24808.75,24788.5,24802.5,2352.0
2026-02-13T09:50:00Z,24802.25,24807.25,24780.25,24782.5,1758.0
2026-02-13T09:55:00Z,24782.5,24784.0,24765.75,24774.5,3195.0
2026-02-13T10:00:00Z,24773.25,24789.75,24770.25,24781.5,1994.0
2026-02-13T10:05:00Z,24781.75,24786.75,24759.5,24761.25,2338.0
2026-02-13T10:10:00Z,24762.25,24790.5,24761.75,24785.75,2191.0
2026-02-13T10:15:00Z,24786.25,24789.75,24775.75,24788.25,1372.0
2026-02-13T10:20:00Z,24788.25,24799.5,24785.75,24793.5,1723.0
2026-02-13T10:25:00Z,24793.5,24799.25,24783.25,24788.0,1253.0
2026-02-13T10:30:00Z,24788.5,24793.25,24769.5,24770.25,1515.0
2026-02-13T10:35:00Z,24770.0,24773.75,24756.0,24758.5,2074.0
2026-02-13T10:40:00Z,24759.0,24775.0,24752.75,24758.75,2837.0
2026-02-13T10:45:00Z,24758.75,24768.75,24751.25,24757.75,1823.0
2026-02-13T10:50:00Z,24757.5,24757.75,24730.25,24752.25,3968.0
2026-02-13T10:55:00Z,24752.0,24753.5,24727.25,24729.25,2382.0
2026-02-13T11:00:00Z,24729.75,24738.75,24706.25,24706.25,3601.0
2026-02-13T11:05:00Z,24706.25,24717.5,24687.25,24689.0,3607.0
2026-02-13T11:10:00Z,24689.0,24694.0,24670.25,24672.25,4969.0
2026-02-13T11:15:00Z,24672.0,24696.5,24656.0,24693.0,5595.0
2026-02-13T11:20:00Z,24694.0,24696.0,24650.75,24658.25,4762.0
2026-02-13T11:25:00Z,24658.25,24685.75,24652.0,24663.75,4284.0
2026-02-13T11:30:00Z,24663.25,24679.0,24624.25,24678.75,8213.0
2026-02-13T11:35:00Z,24677.75,24700.75,24673.75,24687.5,5151.0
2026-02-13T11:40:00Z,24687.75,24699.25,24671.0,24674.0,3495.0
2026-02-13T11:45:00Z,24673.0,24688.75,24659.25,24679.5,3343.0
2026-02-13T11:50:00Z,24677.5,24712.0,24668.25,24711.0,3500.0
2026-02-13T11:55:00Z,24711.0,24723.25,24708.0,24720.75,2940.0
2026-02-13T12:00:00Z,24720.5,24745.5,24704.5,24709.0,6181.0
2026-02-13T12:05:00Z,24708.5,24709.0,24686.0,24689.0,3937.0
2026-02-13T12:10:00Z,24689.25,24703.5,24676.5,24684.5,3555.0
2026-02-13T12:15:00Z,24684.25,24705.75,24670.75,24694.25,3980.0
2026-02-13T12:20:00Z,24694.25,24719.25,24689.5,24709.0,4174.0
2026-02-13T12:25:00Z,24708.5,24725.0,24703.5,24706.5,3192.0
2026-02-13T12:30:00Z,24707.25,24730.75,24703.25,24719.0,3610.0
2026-02-13T12:35:00Z,24719.25,24724.25,24706.0,24715.75,2303.0
2026-02-13T12:40:00Z,24716.0,24726.75,24714.5,24722.5,2064.0
2026-02-13T12:45:00Z,24723.0,24724.25,24693.5,24695.0,3411.0
2026-02-13T12:50:00Z,24694.75,24725.75,24690.0,24721.5,4018.0
2026-02-13T12:55:00Z,24723.0,24735.5,24666.5,24695.5,8064.0
2026-02-13T13:00:00Z,24695.75,24719.5,24686.25,24714.0,3653.0
2026-02-13T13:05:00Z,24713.25,24719.5,24645.25,24646.75,7637.0
2026-02-13T13:10:00Z,24647.25,24662.25,24625.25,24631.25,5961.0
2026-02-13T13:15:00Z,24631.0,24672.0,24620.0,24666.25,6928.0
2026-02-13T13:20:00Z,24666.75,24699.0,24649.25,24683.25,5345.0
2026-02-13T13:25:00Z,24682.5,24717.0,24681.5,24697.0,6582.0
2026-02-13T13:30:00Z,24703.25,24824.5,24697.5,24782.25,29298.0
2026-02-13T13:35:00Z,24781.5,24783.5,24736.5,24770.75,12261.0
2026-02-13T13:40:00Z,24770.0,24801.0,24758.0,24774.75,12371.0
2026-02-13T13:45:00Z,24774.75,24790.75,24730.0,24789.25,16956.0
2026-02-13T13:50:00Z,24788.5,24793.25,24763.25,24789.25,8538.0
2026-02-13T13:55:00Z,24789.0,24812.0,24758.0,24781.25,14043.0
2026-02-13T14:00:00Z,24781.0,24820.5,24778.25,24788.0,11985.0
2026-02-13T14:05:00Z,24788.75,24788.75,24720.5,24723.25,14351.0
2026-02-13T14:10:00Z,24723.25,24754.5,24718.0,24743.0,13046.0
2026-02-13T14:15:00Z,24742.75,24756.25,24728.75,24734.75,8963.0
2026-02-13T14:20:00Z,24733.5,24741.0,24716.0,24726.0,7404.0
2026-02-13T14:25:00Z,24726.0,24749.0,24720.0,24742.25,8746.0
2026-02-13T14:30:00Z,24742.75,24800.0,24691.25,24720.0,55630.0
2026-02-13T14:35:00Z,24718.25,24738.0,24669.0,24672.0,45265.0
2026-02-13T14:40:00Z,24672.75,24726.5,24578.75,24715.0,71968.0
2026-02-13T14:45:00Z,24715.25,24849.75,24708.0,24775.5,60995.0
2026-02-13T14:50:00Z,24775.75,24780.0,24685.75,24729.75,54515.0
2026-02-13T14:55:00Z,24729.5,24803.5,24680.0,24698.5,38753.0
2026-02-13T15:00:00Z,24699.0,24778.5,24691.75,24751.5,34415.0
2026-02-13T15:05:00Z,24750.25,24807.75,24704.0,24803.5,35133.0
2026-02-13T15:10:00Z,24803.75,24833.25,24752.5,24759.5,37716.0
2026-02-13T15:15:00Z,24759.75,24797.75,24717.75,24753.0,33206.0
2026-02-13T15:20:00Z,24753.25,24811.0,24723.75,24776.75,31598.0
2026-02-13T15:25:00Z,24776.25,24870.75,24771.25,24849.0,35923.0
2026-02-13T15:30:00Z,24848.5,24929.25,24847.25,24907.5,39207.0
2026-02-13T15:35:00Z,24907.25,24926.75,24826.0,24828.0,35954.0
2026-02-13T15:40:00Z,24827.75,24841.75,24767.75,24774.5,33869.0
2026-02-13T15:45:00Z,24774.25,24798.0,24720.25,24737.0,34705.0
2026-02-13T15:50:00Z,24737.25,24819.5,24729.75,24816.75,35402.0
2026-02-13T15:55:00Z,24817.5,24845.75,24793.25,24811.0,30033.0
2026-02-13T16:00:00Z,24810.75,24845.5,24802.0,24837.75,22609.0
2026-02-13T16:05:00Z,24837.5,24888.5,24831.25,24877.5,28958.0
2026-02-13T16:10:00Z,24877.75,24878.5,24800.0,24840.0,31025.0
2026-02-13T16:15:00Z,24840.0,24869.25,24811.5,24814.0,23037.0
2026-02-13T16:20:00Z,24814.5,24831.0,24762.75,24792.75,25401.0
2026-02-13T16:25:00Z,24792.25,24862.25,24784.5,24851.5,24834.0
2026-02-13T16:30:00Z,24850.0,24873.75,24810.5,24854.5,23441.0
2026-02-13T16:35:00Z,24854.5,24886.25,24833.25,24885.5,19352.0
2026-02-13T16:40:00Z,24885.75,24892.75,24853.5,24889.5,16383.0
2026-02-13T16:45:00Z,24888.75,24910.75,24873.75,24879.75,18275.0
2026-02-13T16:50:00Z,24879.75,24906.25,24866.5,24906.0,17947.0
2026-02-13T16:55:00Z,24906.25,24934.75,24893.75,24894.5,19094.0
2026-02-13T17:00:00Z,24894.25,24924.75,24883.25,24913.25,15646.0
2026-02-13T17:05:00Z,24913.25,24932.25,24906.5,24911.5,12349.0
2026-02-13T17:10:00Z,24911.25,24959.5,24911.25,24952.25,15721.0
2026-02-13T17:15:00Z,24952.0,24956.0,24907.25,24920.25,17410.0
2026-02-13T17:20:00Z,24920.0,24969.75,24916.5,24963.0,17216.0
2026-02-13T17:25:00Z,24963.0,24965.75,24940.25,24949.75,14587.0
2026-02-13T17:30:00Z,24950.5,24985.75,24942.75,24973.0,14506.0
2026-02-13T17:35:00Z,24973.0,24982.0,24958.75,24979.25,10558.0
2026-02-13T17:40:00Z,24979.25,24994.0,24962.75,24965.5,12601.0
2026-02-13T17:45:00Z,24965.5,24982.75,24950.75,24978.75,14685.0
2026-02-13T17:50:00Z,24978.5,24979.0,24947.0,24955.25,12201.0
2026-02-13T17:55:00Z,24955.25,24962.75,24932.0,24938.25,15023.0
2026-02-13T18:00:00Z,24939.0,24955.25,24909.5,24917.5,18130.0
2026-02-13T18:05:00Z,24917.75,24938.25,24900.5,24927.75,15382.0
2026-02-13T18:10:00Z,24927.25,24962.5,24927.25,24943.5,15550.0
2026-02-13T18:15:00Z,24942.75,24968.75,24932.0,24947.25,14843.0
2026-02-13T18:20:00Z,24946.75,24991.25,24944.75,24975.0,12636.0
2026-02-13T18:25:00Z,24975.25,24988.75,24940.0,24955.0,17989.0
2026-02-13T18:30:00Z,24955.0,24983.25,24943.25,24979.5,11820.0
2026-02-13T18:35:00Z,24979.5,24995.5,24958.5,24981.0,12059.0
2026-02-13T18:40:00Z,24980.5,24984.5,24940.0,24948.25,12819.0
2026-02-13T18:45:00Z,24948.75,24985.5,24946.5,24960.75,12731.0
2026-02-13T18:50:00Z,24960.25,24962.25,24923.0,24943.75,15328.0
2026-02-13T18:55:00Z,24943.5,24953.75,24926.5,24939.75,11853.0
2026-02-13T19:00:00Z,24940.0,24951.0,24920.5,24924.0,13440.0
2026-02-13T19:05:00Z,24924.5,24957.0,24922.75,24951.0,11965.0
2026-02-13T19:10:00Z,24951.25,24965.75,24931.0,24947.0,12758.0
2026-02-13T19:15:00Z,24947.25,24957.75,24928.5,24952.5,10200.0
2026-02-13T19:20:00Z,24952.25,24968.75,24941.5,24963.5,10067.0
2026-02-13T19:25:00Z,24963.75,24968.25,24912.25,24924.5,14814.0
2026-02-13T19:30:00Z,24924.25,24946.75,24918.25,24940.25,13287.0
2026-02-13T19:35:00Z,24940.5,24949.25,24905.0,24919.25,12169.0
2026-02-13T19:40:00Z,24919.25,24931.0,24888.0,24907.25,17038.0
2026-02-13T19:45:00Z,24907.5,24935.5,24898.75,24916.25,13834.0
2026-02-13T19:50:00Z,24916.75,24922.0,24888.0,24899.5,12678.0
2026-02-13T19:55:00Z,24899.0,24911.0,24848.0,24852.75,17708.0
2026-02-13T20:00:00Z,24853.25,24888.25,24851.75,24881.25,17361.0
2026-02-13T20:05:00Z,24882.0,24890.75,24857.5,24877.75,11901.0
2026-02-13T20:10:00Z,24878.0,24878.75,24822.75,24824.25,14233.0
2026-02-13T20:15:00Z,24824.0,24853.25,24814.25,24849.0,17928.0
2026-02-13T20:20:00Z,24848.75,24851.75,24811.5,24811.5,14035.0
2026-02-13T20:25:00Z,24811.75,24820.5,24754.25,24765.25,26253.0
2026-02-13T20:30:00Z,24765.25,24786.5,24739.0,24742.25,29485.0
2026-02-13T20:35:00Z,24742.5,24766.25,24731.5,24751.25,22207.0
2026-02-13T20:40:00Z,24751.0,24773.75,24734.25,24749.75,20154.0
2026-02-13T20:45:00Z,24749.75,24797.0,24745.0,24786.5,21721.0
2026-02-13T20:50:00Z,24786.25,24806.75,24751.0,24797.5,27157.0
2026-02-13T20:55:00Z,24797.75,24812.0,24771.0,24803.5,21295.0
2026-02-13T21:00:00Z,24802.5,24828.25,24784.25,24787.0,12397.0
2026-02-13T21:05:00Z,24787.25,24793.75,24776.25,24785.75,5622.0
2026-02-13T21:10:00Z,24786.25,24801.0,24777.5,24799.5,4265.0
2026-02-13T21:15:00Z,24799.0,24804.25,24787.5,24789.75,2973.0
2026-02-13T21:20:00Z,24789.0,24790.0,24777.0,24779.25,2568.0
2026-02-13T21:25:00Z,24779.0,24785.5,24775.75,24781.25,1919.0
2026-02-13T21:30:00Z,24782.0,24790.25,24781.75,24786.5,1469.0
2026-02-13T21:35:00Z,24786.25,24795.5,24784.0,24791.75,1412.0
2026-02-13T21:40:00Z,24791.75,24792.0,24780.0,24782.5,1245.0
2026-02-13T21:45:00Z,24782.75,24789.25,24778.5,24781.0,1410.0
2026-02-13T21:50:00Z,24781.25,24783.25,24772.25,24780.0,1305.0
2026-02-13T21:55:00Z,24780.25,24791.5,24770.75,24772.75,1704.0
2026-02-15T23:25:00Z,24803.25,24803.25,24803.25,24803.25,0.0
2026-02-15T23:30:00Z,24818.5,24831.0,24803.25,24807.5,2814.0
2026-02-15T23:35:00Z,24808.75,24820.5,24797.25,24801.0,2427.0
2026-02-15T23:40:00Z,24801.75,24822.0,24801.75,24817.5,2074.0
2026-02-15T23:45:00Z,24817.5,24820.25,24805.0,24809.75,1782.0
2026-02-15T23:50:00Z,24810.75,24820.0,24793.0,24807.75,2772.0
2026-02-15T23:55:00Z,24807.5,24839.5,24799.5,24836.25,3860.0
2026-02-16T00:00:00Z,24836.25,24843.0,24810.75,24814.0,6278.0
2026-02-16T00:05:00Z,24815.0,24846.0,24809.25,24840.5,3417.0
2026-02-16T00:10:00Z,24840.5,24848.0,24833.0,24840.5,2484.0
2026-02-16T00:15:00Z,24841.25,24847.0,24835.25,24835.75,1629.0
2026-02-16T00:20:00Z,24837.0,24839.75,24828.75,24831.25,1731.0
2026-02-16T00:25:00Z,24830.25,24844.0,24826.25,24839.5,1699.0
2026-02-16T00:30:00Z,24839.5,24845.25,24836.0,24841.25,1156.0
2026-02-16T00:35:00Z,24839.75,24849.0,24834.0,24842.0,1529.0
2026-02-16T00:40:00Z,24842.25,24846.0,24831.75,24832.75,1027.0
2026-02-16T00:45:00Z,24833.5,24843.25,24830.5,24836.75,1301.0
2026-02-16T00:50:00Z,24837.5,24848.0,24834.0,24843.75,1335.0
2026-02-16T00:55:00Z,24844.75,24847.0,24827.5,24834.75,1560.0
2026-02-16T01:00:00Z,24834.5,24837.0,24821.75,24831.5,2009.0
2026-02-16T01:05:00Z,24831.25,24847.25,24831.0,24838.0,1610.0
2026-02-16T01:10:00Z,24838.0,24844.25,24831.5,24832.25,1386.0
2026-02-16T01:15:00Z,24832.25,24839.5,24831.0,24837.25,1121.0
2026-02-16T01:20:00Z,24837.0,24838.0,24832.25,24836.25,599.0
2026-02-16T01:25:00Z,24836.75,24842.75,24832.5,24834.25,1063.0
2026-02-16T01:30:00Z,24834.5,24839.5,24832.25,24838.5,1196.0
2026-02-16T01:35:00Z,24837.5,24838.25,24831.25,24833.0,555.0
2026-02-16T01:40:00Z,24832.0,24843.0,24827.0,24837.5,1248.0
2026-02-16T01:45:00Z,24837.75,24853.25,24832.75,24848.0,1620.0
2026-02-16T01:50:00Z,24848.5,24859.0,24842.5,24857.75,2015.0
2026-02-16T01:55:00Z,24858.25,24868.75,24856.0,24860.25,2567.0
2026-02-16T02:00:00Z,24860.5,24872.5,24855.0,24871.25,1788.0
2026-02-16T02:05:00Z,24871.25,24872.5,24848.0,24848.5,2105.0
2026-02-16T02:10:00Z,24848.25,24848.75,24838.75,24845.25,2267.0
2026-02-16T02:15:00Z,24846.5,24853.75,24844.0,24846.75,1504.0
2026-02-16T02:20:00Z,24845.5,24853.75,24836.75,24852.5,1703.0
2026-02-16T02:25:00Z,24852.0,24853.5,24840.75,24844.25,1102.0
2026-02-16T02:30:00Z,24843.25,24850.25,24840.5,24841.75,825.0
2026-02-16T02:35:00Z,24841.75,24847.75,24838.25,24842.5,990.0
2026-02-16T02:40:00Z,24841.75,24847.0,24838.25,24842.25,716.0
2026-02-16T02:45:00Z,24842.25,24844.75,24838.25,24840.0,622.0
2026-02-16T02:50:00Z,24840.0,24840.5,24828.0,24830.25,1771.0
2026-02-16T02:55:00Z,24829.75,24834.25,24827.0,24831.25,1023.0
2026-02-16T03:00:00Z,24831.25,24835.5,24823.75,24827.25,1395.0
2026-02-16T03:05:00Z,24826.5,24835.0,24826.0,24831.0,788.0
2026-02-16T03:10:00Z,24830.75,24834.25,24829.0,24830.75,539.0
2026-02-16T03:15:00Z,24830.0,24832.75,24825.5,24827.5,532.0
2026-02-16T03:20:00Z,24827.0,24836.5,24825.25,24832.75,1090.0
2026-02-16T03:25:00Z,24832.0,24832.75,24814.75,24816.75,2484.0
2026-02-16T03:30:00Z,24816.75,24820.0,24808.75,24814.25,2049.0
2026-02-16T03:35:00Z,24814.0,24819.0,24810.75,24816.0,1006.0
2026-02-16T03:40:00Z,24815.5,24816.25,24808.25,24814.0,1113.0
2026-02-16T03:45:00Z,24814.75,24818.0,24810.75,24814.5,840.0
2026-02-16T03:50:00Z,24814.75,24824.0,24812.25,24819.5,1193.0
2026-02-16T03:55:00Z,24819.5,24825.0,24818.5,24824.0,820.0
2026-02-16T04:00:00Z,24823.5,24839.0,24822.0,24836.0,2214.0
2026-02-16T04:05:00Z,24836.25,24838.25,24823.5,24824.5,1630.0
2026-02-16T04:10:00Z,24824.5,24831.75,24822.25,24829.0,1196.0
2026-02-16T04:15:00Z,24828.75,24829.25,24823.25,24828.0,571.0
2026-02-16T04:20:00Z,24827.0,24828.0,24818.5,24825.5,1238.0
2026-02-16T04:25:00Z,24825.25,24839.5,24824.0,24836.75,1697.0
2026-02-16T04:30:00Z,24837.25,24840.5,24833.25,24834.25,1033.0
2026-02-16T04:35:00Z,24834.25,24836.0,24828.0,24829.25,913.0
2026-02-16T04:40:00Z,24829.0,24832.25,24822.75,24825.25,870.0
2026-02-16T04:45:00Z,24825.25,24826.5,24820.5,24824.25,711.0
2026-02-16T04:50:00Z,24824.25,24834.5,24822.5,24831.0,682.0
2026-02-16T04:55:00Z,24830.25,24833.0,24825.25,24826.5,452.0
2026-02-17T05:00:00Z,24622.75,24626.0,24609.0,24613.25,1613.0
2026-02-17T05:05:00Z,24613.25,24614.0,24604.75,24611.75,1482.0
2026-02-17T05:10:00Z,24611.5,24617.25,24599.0,24600.5,1548.0
2026-02-17T05:15:00Z,24600.0,24604.5,24583.25,24584.5,3062.0
2026-02-17T05:20:00Z,24585.0,24604.25,24567.5,24592.0,5119.0
2026-02-17T05:25:00Z,24592.0,24602.25,24586.5,24598.0,1856.0
2026-02-17T05:30:00Z,24598.5,24603.25,24573.0,24576.0,2912.0
2026-02-17T05:35:00Z,24576.75,24586.0,24558.0,24579.25,5099.0
2026-02-17T05:40:00Z,24580.25,24601.5,24574.5,24598.0,2733.0
2026-02-17T05:45:00Z,24598.0,24612.0,24594.0,24610.5,2183.0
2026-02-17T05:50:00Z,24610.5,24612.0,24579.75,24581.25,3632.0
2026-02-17T05:55:00Z,24580.5,24594.5,24573.75,24582.0,3062.0
2026-02-17T06:00:00Z,24581.75,24601.5,24581.5,24596.75,2223.0
2026-02-17T06:05:00Z,24596.75,24622.25,24592.25,24620.75,2991.0
2026-02-17T06:10:00Z,24620.25,24634.0,24616.0,24620.0,3656.0
2026-02-17T06:15:00Z,24620.0,24626.0,24614.25,24620.75,1500.0
2026-02-17T06:20:00Z,24621.25,24621.25,24608.75,24611.25,1425.0
2026-02-17T06:25:00Z,24611.0,24616.0,24606.0,24610.0,1067.0
2026-02-17T06:30:00Z,24610.25,24613.25,24601.0,24606.25,2301.0
2026-02-17T06:35:00Z,24606.5,24619.0,24605.75,24615.5,1323.0
2026-02-17T06:40:00Z,24616.25,24638.5,24616.25,24628.75,2866.0
2026-02-17T06:45:00Z,24628.5,24640.75,24620.25,24625.0,2174.0
2026-02-17T06:50:00Z,24624.25,24634.0,24620.5,24631.5,1316.0
2026-02-17T06:55:00Z,24631.75,24636.75,24625.5,24629.25,786.0
2026-02-17T07:00:00Z,24629.25,24631.0,24607.0,24611.25,2709.0
2026-02-17T07:05:00Z,24610.75,24612.25,24596.25,24602.25,2243.0
2026-02-17T07:10:00Z,24603.25,24611.75,24599.25,24599.25,1738.0
2026-02-17T07:15:00Z,24600.0,24610.75,24595.25,24605.75,2154.0
2026-02-17T07:20:00Z,24605.75,24615.0,24598.75,24611.5,2012.0
2026-02-17T07:25:00Z,24612.75,24616.25,24584.75,24593.5,2951.0
2026-02-17T07:30:00Z,24592.75,24603.0,24584.0,24590.5,3026.0
2026-02-17T07:35:00Z,24590.75,24631.25,24589.75,24630.25,2659.0
2026-02-17T07:40:00Z,24629.75,24635.0,24622.75,24627.75,2458.0
2026-02-17T07:45:00Z,24627.5,24647.25,24622.25,24629.5,3851.0
2026-02-17T07:50:00Z,24630.0,24659.0,24630.0,24656.75,2799.0
2026-02-17T07:55:00Z,24656.75,24664.0,24652.0,24660.0,2785.0
2026-02-17T08:00:00Z,24660.25,24720.0,24652.5,24703.5,7983.0
2026-02-17T08:05:00Z,24702.5,24708.75,24690.0,24707.25,3470.0
2026-02-17T08:10:00Z,24706.5,24727.0,24697.5,24704.75,4984.0
2026-02-17T08:15:00Z,24704.5,24706.5,24681.25,24686.5,3991.0
2026-02-17T08:20:00Z,24685.75,24701.5,24676.5,24686.0,2996.0
2026-02-17T08:25:00Z,24685.5,24690.5,24674.75,24686.25,2406.0
2026-02-17T08:30:00Z,24686.5,24690.5,24660.75,24663.5,3031.0
2026-02-17T08:35:00Z,24664.0,24672.25,24650.5,24650.5,3118.0
2026-02-17T08:40:00Z,24651.0,24655.5,24637.0,24643.0,3583.0
2026-02-17T08:45:00Z,24643.25,24654.75,24635.5,24649.75,2490.0
2026-02-17T08:50:00Z,24649.5,24653.5,24627.5,24637.75,3296.0
2026-02-17T08:55:00Z,24637.75,24648.5,24624.0,24639.75,2997.0
2026-02-17T09:00:00Z,24640.5,24679.75,24640.25,24676.75,5059.0
2026-02-17T09:05:00Z,24677.25,24679.0,24653.5,24661.25,2995.0
2026-02-17T09:10:00Z,24661.25,24662.75,24636.0,24644.0,3266.0
2026-02-17T09:15:00Z,24644.5,24664.25,24637.5,24663.0,2403.0
2026-02-17T09:20:00Z,24663.5,24669.0,24647.0,24665.75,2196.0
2026-02-17T09:25:00Z,24665.75,24672.75,24661.5,24671.25,1444.0
2026-02-17T09:30:00Z,24671.75,24685.75,24667.5,24673.25,2676.0
2026-02-17T09:35:00Z,24673.25,24693.75,24673.25,24684.0,2075.0
2026-02-17T09:40:00Z,24684.75,24685.75,24676.75,24683.5,1782.0
2026-02-17T09:45:00Z,24684.0,24689.0,24671.5,24683.0,1808.0
2026-02-17T09:50:00Z,24682.75,24690.0,24677.25,24687.75,1242.0
2026-02-17T09:55:00Z,24688.75,24696.0,24683.0,24685.75,1656.0
2026-02-17T10:00:00Z,24686.5,24697.5,24684.5,24686.0,1179.0
2026-02-17T10:05:00Z,24686.5,24690.5,24674.75,24678.25,1625.0
2026-02-17T10:10:00Z,24678.25,24678.25,24657.25,24662.5,2059.0
2026-02-17T10:15:00Z,24663.5,24666.25,24647.0,24661.5,2158.0
2026-02-17T10:20:00Z,24661.5,24668.75,24655.5,24661.0,1192.0
2026-02-17T10:25:00Z,24660.5,24664.0,24656.25,24662.0,984.0
2026-02-17T10:30:00Z,24661.25,24661.5,24632.0,24644.0,3407.0
2026-02-17T10:35:00Z,24643.25,24644.25,24626.0,24628.0,1914.0
2026-02-17T10:40:00Z,24627.5,24630.75,24602.0,24607.0,3562.0
2026-02-17T10:45:00Z,24607.25,24625.0,24602.0,24611.75,2410.0
2026-02-17T10:50:00Z,24611.0,24611.25,24590.5,24610.0,3097.0
2026-02-17T10:55:00Z,24609.75,24614.75,24599.75,24606.5,2328.0
2026-02-17T11:00:00Z,24605.5,24623.75,24605.5,24614.75,2518.0
2026-02-17T11:05:00Z,24614.25,24616.5,24589.0,24593.0,3070.0
2026-02-17T11:10:00Z,24594.25,24608.5,24586.0,24599.75,2334.0
2026-02-17T11:15:00Z,24599.75,24602.25,24587.0,24588.0,1988.0
2026-02-17T11:20:00Z,24587.75,24601.5,24576.75,24583.75,4055.0
2026-02-17T11:25:00Z,24584.25,24619.0,24572.0,24618.75,4491.0
2026-02-17T11:30:00Z,24618.5,24629.75,24610.0,24612.0,3279.0
2026-02-17T11:35:00Z,24612.0,24624.25,24600.0,24622.0,2634.0
2026-02-17T11:40:00Z,24621.25,24629.5,24607.25,24612.5,1891.0
2026-02-17T11:45:00Z,24611.75,24620.25,24606.25,24619.25,1391.0
2026-02-17T11:50:00Z,24618.75,24630.5,24613.75,24623.25,1634.0
2026-02-17T11:55:00Z,24623.75,24637.0,24617.75,24623.0,2706.0
2026-02-17T12:00:00Z,24623.25,24632.75,24609.0,24622.0,2681.0
2026-02-17T12:05:00Z,24621.0,24666.0,24617.5,24663.5,4216.0
2026-02-17T12:10:00Z,24664.0,24667.5,24643.75,24651.25,3285.0
2026-02-17T12:15:00Z,24651.75,24660.25,24639.25,24640.5,2550.0
2026-02-17T12:20:00Z,24640.5,24641.0,24618.75,24626.5,3101.0
2026-02-17T12:25:00Z,24625.5,24643.75,24617.0,24619.25,3599.0
2026-02-17T12:30:00Z,24620.0,24622.0,24597.25,24615.0,4932.0
2026-02-17T12:35:00Z,24615.75,24619.75,24602.5,24604.25,2414.0
2026-02-17T12:40:00Z,24603.25,24611.0,24596.25,24607.5,2371.0
2026-02-17T12:45:00Z,24607.75,24610.25,24578.75,24588.0,4289.0
2026-02-17T12:50:00Z,24587.5,24598.75,24576.75,24596.0,3984.0
2026-02-17T12:55:00Z,24595.5,24605.0,24583.25,24584.75,3322.0
2026-02-17T13:00:00Z,24584.25,24591.5,24565.75,24565.75,5027.0
2026-02-17T13:05:00Z,24565.75,24568.25,24544.75,24551.75,8793.0
2026-02-17T13:10:00Z,24551.0,24555.25,24518.0,24548.25,9183.0
2026-02-17T13:15:00Z,24548.5,24562.75,24533.0,24553.5,6456.0
2026-02-17T13:20:00Z,24553.5,24615.5,24552.0,24612.75,10049.0
2026-02-17T13:25:00Z,24612.0,24623.0,24595.25,24605.75,5696.0
2026-02-17T13:30:00Z,24609.25,24612.0,24577.0,24582.0,5180.0
2026-02-17T13:35:00Z,24582.0,24597.5,24578.5,24591.0,4313.0
2026-02-17T13:40:00Z,24591.75,24605.5,24589.75,24601.0,2976.0
2026-02-17T13:45:00Z,24601.5,24609.5,24578.75,24579.25,6461.0
2026-02-17T13:50:00Z,24579.5,24703.75,24578.0,24664.5,30763.0
2026-02-17T13:55:00Z,24664.75,24667.25,24611.25,24612.5,11108.0
2026-02-17T14:00:00Z,24612.75,24652.5,24611.5,24648.0,10357.0
2026-02-17T14:05:00Z,24647.75,24665.5,24643.0,24655.75,8811.0
2026-02-17T14:10:00Z,24656.0,24671.0,24641.75,24650.75,7685.0
2026-02-17T14:15:00Z,24650.75,24660.5,24644.0,24655.0,5296.0
2026-02-17T14:20:00Z,24654.5,24669.75,24642.25,24645.75,5744.0
2026-02-17T14:25:00Z,24646.25,24659.25,24632.75,24658.5,8854.0
2026-02-17T14:30:00Z,24658.75,24761.5,24606.75,24757.75,58397.0
2026-02-17T14:35:00Z,24757.75,24815.5,24742.25,24797.5,41926.0
2026-02-17T14:40:00Z,24796.75,24809.5,24685.75,24700.75,45333.0
2026-02-17T14:45:00Z,24701.25,24711.5,24621.0,24661.5,49470.0
2026-02-17T14:50:00Z,24661.25,24678.5,24524.25,24531.25,54069.0
2026-02-17T14:55:00Z,24531.75,24547.0,24475.75,24484.75,45527.0
2026-02-17T15:00:00Z,24484.25,24566.5,24461.25,24554.25,45922.0
2026-02-17T15:05:00Z,24553.75,24571.75,24507.5,24510.75,33443.0
2026-02-17T15:10:00Z,24511.75,24543.5,24476.25,24498.75,35391.0
2026-02-17T15:15:00Z,24499.25,24641.25,24496.0,24633.5,46112.0
2026-02-17T15:20:00Z,24634.25,24640.0,24531.5,24544.0,37752.0
2026-02-17T15:25:00Z,24544.0,24563.0,24507.0,24527.25,32006.0
2026-02-17T15:30:00Z,24526.0,24543.0,24449.25,24464.25,35312.0
2026-02-17T15:35:00Z,24464.75,24509.0,24455.5,24457.25,30981.0
2026-02-17T15:40:00Z,24457.75,24513.5,24455.75,24511.25,26005.0
2026-02-17T15:45:00Z,24512.0,24587.0,24503.75,24570.25,34830.0
2026-02-17T15:50:00Z,24570.25,24599.25,24539.0,24573.75,28889.0
2026-02-17T15:55:00Z,24574.0,24603.75,24555.0,24600.0,25577.0
2026-02-17T16:00:00Z,24599.5,24667.0,24592.75,24651.5,32475.0
2026-02-17T16:05:00Z,24651.5,24732.5,24647.25,24728.0,31484.0
2026-02-17T16:10:00Z,24727.0,24787.0,24725.0,24773.75,28515.0
2026-02-17T16:15:00Z,24773.5,24792.0,24745.5,24781.0,25947.0
2026-02-17T16:20:00Z,24780.5,24796.5,24756.0,24785.25,21811.0
2026-02-17T16:25:00Z,24785.75,24790.25,24722.25,24727.5,22831.0
2026-02-17T16:30:00Z,24727.5,24735.25,24693.0,24725.75,27217.0
2026-02-17T16:35:00Z,24726.25,24779.5,24715.5,24760.75,24000.0
2026-02-17T16:40:00Z,24760.25,24772.5,24732.25,24735.0,16972.0
2026-02-17T16:45:00Z,24735.0,24756.25,24721.25,24729.0,15865.0
2026-02-17T16:50:00Z,24729.25,24762.75,24727.0,24760.5,15140.0
2026-02-17T16:55:00Z,24760.5,24787.75,24736.75,24759.5,17716.0
2026-02-17T17:00:00Z,24759.5,24765.5,24713.75,24743.5,14857.0
2026-02-17T17:05:00Z,24742.75,24763.0,24727.25,24728.75,11055.0
2026-02-17T17:10:00Z,24728.25,24739.75,24685.5,24702.5,18100.0
2026-02-17T17:15:00Z,24702.0,24724.25,24688.25,24710.25,14157.0
2026-02-17T17:20:00Z,24710.75,24719.25,24669.0,24700.0,16973.0
2026-02-17T17:25:00Z,24701.5,24756.25,24696.0,24755.5,17278.0
2026-02-17T17:30:00Z,24756.25,24760.0,24686.5,24720.5,21132.0
2026-02-17T17:35:00Z,24720.5,24738.75,24707.75,24719.25,11443.0
2026-02-17T17:40:00Z,24719.0,24720.0,24647.0,24648.75,18485.0
2026-02-17T17:45:00Z,24648.75,24682.0,24626.0,24664.25,24780.0
2026-02-17T17:50:00Z,24664.25,24685.25,24608.5,24621.5,19089.0
2026-02-17T17:55:00Z,24621.25,24706.0,24614.5,24697.5,20732.0
2026-02-17T18:00:00Z,24697.75,24704.25,24664.5,24683.0,17505.0
2026-02-17T18:05:00Z,24683.5,24687.75,24653.75,24668.5,13388.0
2026-02-17T18:10:00Z,24669.0,24697.0,24649.0,24674.0,15842.0
2026-02-17T18:15:00Z,24673.75,24687.75,24651.75,24671.75,12061.0
2026-02-17T18:20:00Z,24672.25,24785.25,24664.5,24766.0,26642.0
2026-02-17T18:25:00Z,24766.25,24780.0,24735.0,24767.75,17320.0
2026-02-17T18:30:00Z,24768.25,24802.0,24750.5,24789.75,17754.0
2026-02-17T18:35:00Z,24790.0,24820.0,24765.0,24819.25,18068.0
2026-02-17T18:40:00Z,24819.5,24853.75,24815.25,24826.25,19865.0
2026-02-17T18:45:00Z,24826.0,24839.5,24812.75,24830.25,12438.0
2026-02-17T18:50:00Z,24830.25,24859.25,24821.5,24857.0,13786.0
2026-02-17T18:55:00Z,24857.5,24872.75,24834.25,24845.25,17048.0
2026-02-17T19:00:00Z,24845.5,24863.25,24835.0,24855.25,14073.0
2026-02-17T19:05:00Z,24855.25,24863.5,24838.25,24847.5,9990.0
2026-02-17T19:10:00Z,24847.5,24853.25,24826.75,24851.75,11980.0
2026-02-17T19:15:00Z,24851.25,24861.25,24836.5,24845.75,10465.0
2026-02-17T19:20:00Z,24846.0,24867.5,24836.25,24861.75,9672.0
2026-02-17T19:25:00Z,24862.0,24863.75,24831.75,24835.75,11632.0
2026-02-17T19:30:00Z,24836.0,24870.0,24828.75,24869.75,11027.0
2026-02-17T19:35:00Z,24870.0,24887.0,24858.25,24871.0,13030.0
2026-02-17T19:40:00Z,24870.75,24889.5,24866.0,24872.75,9710.0
2026-02-17T19:45:00Z,24872.25,24876.0,24853.25,24857.5,8535.0
2026-02-17T19:50:00Z,24858.0,24859.25,24820.25,24834.5,14216.0
2026-02-17T19:55:00Z,24833.5,24840.25,24807.25,24814.75,12427.0
2026-02-17T20:00:00Z,24814.75,24842.0,24810.0,24824.0,13823.0
2026-02-17T20:05:00Z,24824.0,24828.25,24803.25,24808.25,11125.0
2026-02-17T20:10:00Z,24808.25,24814.5,24794.75,24812.5,11098.0
2026-02-17T20:15:00Z,24812.0,24818.5,24786.75,24788.25,12687.0
2026-02-17T20:20:00Z,24788.75,24804.75,24769.0,24775.25,17261.0
2026-02-17T20:25:00Z,24775.5,24789.0,24765.5,24773.0,11297.0
2026-02-17T20:30:00Z,24773.5,24775.5,24742.25,24756.25,14678.0
2026-02-17T20:35:00Z,24756.5,24767.0,24735.75,24742.0,12690.0
2026-02-17T20:40:00Z,24742.5,24796.0,24740.75,24782.0,16855.0
2026-02-17T20:45:00Z,24782.25,24786.25,24757.25,24765.5,13176.0
2026-02-17T20:50:00Z,24765.0,24788.25,24741.0,24756.25,16192.0
2026-02-17T20:55:00Z,24756.5,24782.25,24739.25,24776.75,17066.0
2026-02-17T21:00:00Z,24779.0,24789.5,24764.75,24780.25,10394.0
2026-02-17T21:05:00Z,24780.25,24796.25,24768.0,24773.0,6658.0
2026-02-17T21:10:00Z,24772.75,24782.0,24769.75,24777.25,2521.0
2026-02-17T21:15:00Z,24777.75,24818.5,24777.25,24794.5,9408.0
2026-02-17T21:20:00Z,24795.0,24804.0,24786.75,24788.5,3521.0
2026-02-17T21:25:00Z,24788.75,24796.5,24784.25,24788.5,3099.0
2026-02-17T21:30:00Z,24788.25,24789.0,24760.25,24761.75,3711.0
2026-02-17T21:35:00Z,24762.25,24770.75,24755.0,24766.25,3031.0
2026-02-17T21:40:00Z,24765.75,24772.0,24758.0,24766.75,2080.0
2026-02-17T21:45:00Z,24767.0,24772.5,24758.25,24770.0,1741.0
2026-02-17T21:50:00Z,24769.5,24770.5,24757.5,24759.0,1421.0
2026-02-17T21:55:00Z,24759.5,24775.0,24758.0,24770.25,1333.0
2026-02-17T23:00:00Z,24786.0,24786.0,24743.0,24757.25,0.0
2026-02-17T23:05:00Z,24756.25,24769.0,24731.5,24739.0,2939.0
2026-02-17T23:10:00Z,24739.75,24747.0,24728.5,24736.75,2219.0
2026-02-17T23:15:00Z,24737.25,24759.25,24722.75,24752.25,3565.0
2026-02-17T23:20:00Z,24753.25,24761.25,24748.0,24753.25,1965.0
2026-02-17T23:25:00Z,24753.5,24758.0,24740.5,24742.75,1482.0
2026-02-17T23:30:00Z,24743.25,24756.25,24720.5,24724.25,3722.0
2026-02-17T23:35:00Z,24725.0,24729.0,24711.5,24721.75,3794.0
2026-02-17T23:40:00Z,24721.0,24738.25,24720.75,24724.25,2059.0
2026-02-17T23:45:00Z,24725.0,24725.5,24702.0,24710.0,2978.0
2026-02-17T23:50:00Z,24710.0,24727.0,24708.25,24720.25,1814.0
2026-02-17T23:55:00Z,24720.25,24730.75,24705.25,24710.75,2293.0
2026-02-18T00:00:00Z,24711.0,24733.75,24707.75,24726.5,2818.0
2026-02-18T00:05:00Z,24727.25,24737.0,24720.0,24735.5,2625.0
2026-02-18T00:10:00Z,24735.5,24750.0,24729.75,24747.25,3566.0
2026-02-18T00:15:00Z,24745.75,24755.0,24733.0,24739.0,2221.0
2026-02-18T00:20:00Z,24738.75,24747.0,24722.25,24724.75,2122.0
2026-02-18T00:25:00Z,24725.0,24738.5,24711.5,24738.25,3318.0
2026-02-18T00:30:00Z,24738.25,24748.0,24729.5,24746.5,2321.0
2026-02-18T00:35:00Z,24746.75,24753.25,24741.25,24749.0,2561.0
2026-02-18T00:40:00Z,24749.25,24753.0,24734.0,24734.75,2322.0
2026-02-18T00:45:00Z,24735.75,24738.75,24720.25,24728.25,2866.0
2026-02-18T00:50:00Z,24728.5,24729.75,24714.5,24720.5,2361.0
2026-02-18T00:55:00Z,24720.5,24730.5,24714.5,24726.75,2006.0
2026-02-18T01:00:00Z,24725.75,24732.0,24716.0,24717.0,1712.0
2026-02-18T01:05:00Z,24716.75,24726.75,24709.25,24717.75,2284.0
2026-02-18T01:10:00Z,24715.5,24723.25,24710.5,24718.5,2307.0
2026-02-18T01:15:00Z,24718.0,24730.5,24717.0,24728.75,1294.0
2026-02-18T01:20:00Z,24728.25,24741.5,24724.25,24724.5,1895.0
2026-02-18T01:25:00Z,24724.5,24728.25,24712.75,24718.0,1577.0
2026-02-18T01:30:00Z,24718.25,24724.5,24711.0,24719.0,1405.0
2026-02-18T01:35:00Z,24718.25,24725.25,24710.0,24724.5,1289.0
2026-02-18T01:40:00Z,24724.5,24732.0,24720.25,24730.25,1277.0
2026-02-18T01:45:00Z,24730.25,24731.75,24720.0,24725.25,1010.0
2026-02-18T01:50:00Z,24724.75,24730.5,24718.0,24719.5,916.0
2026-02-18T01:55:00Z,24720.5,24746.25,24716.75,24744.5,2171.0
2026-02-18T02:00:00Z,24744.5,24752.5,24743.0,24750.25,2084.0
2026-02-18T02:05:00Z,24750.5,24758.5,24744.0,24758.0,1824.0
2026-02-18T02:10:00Z,24757.75,24762.5,24748.5,24756.5,1721.0
2026-02-18T02:15:00Z,24756.5,24760.5,24746.25,24747.25,1206.0
2026-02-18T02:20:00Z,24747.25,24750.75,24741.0,24741.25,1287.0
2026-02-18T02:25:00Z,24741.5,24752.0,24735.0,24748.5,1609.0
2026-02-18T02:30:00Z,24749.0,24762.0,24748.5,24757.0,1256.0
2026-02-18T02:35:00Z,24757.5,24768.0,24756.0,24765.75,1628.0
2026-02-18T02:40:00Z,24765.75,24769.5,24762.75,24764.0,965.0
2026-02-18T02:45:00Z,24764.25,24771.5,24763.75,24765.0,1101.0
2026-02-18T02:50:00Z,24765.0,24765.75,24756.0,24760.25,1170.0
2026-02-18T02:55:00Z,24760.0,24761.75,24754.0,24758.0,1103.0
2026-02-18T03:00:00Z,24758.75,24768.25,24757.0,24767.0,1171.0
2026-02-18T03:05:00Z,24767.25,24770.25,24755.0,24755.0,1153.0
2026-02-18T03:10:00Z,24755.75,24756.0,24743.5,24746.75,1707.0
2026-02-18T03:15:00Z,24747.25,24748.25,24736.25,24744.0,1605.0
2026-02-18T03:20:00Z,24744.25,24747.75,24737.5,24744.0,1235.0
2026-02-18T03:25:00Z,24744.5,24750.0,24739.25,24747.25,887.0
2026-02-18T03:30:00Z,24747.75,24763.5,24745.0,24762.0,1881.0
2026-02-18T03:35:00Z,24761.5,24769.5,24760.0,24763.0,1283.0
2026-02-18T03:40:00Z,24763.0,24769.25,24761.5,24765.5,648.0
2026-02-18T03:45:00Z,24765.5,24777.5,24764.75,24776.75,1791.0
2026-02-18T03:50:00Z,24776.0,24789.0,24775.75,24787.5,2048.0
2026-02-18T03:55:00Z,24787.0,24799.0,24784.5,24793.0,1799.0
2026-02-18T04:00:00Z,24793.25,24796.75,24783.75,24792.0,1590.0
2026-02-18T04:05:00Z,24791.75,24813.0,24789.5,24811.5,2629.0
2026-02-18T04:10:00Z,24812.25,24814.25,24799.25,24804.0,1790.0
2026-02-18T04:15:00Z,24803.5,24808.25,24795.5,24804.0,1081.0
2026-02-18T04:20:00Z,24804.0,24811.25,24802.5,24807.5,1024.0
2026-02-18T04:25:00Z,24807.75,24818.5,24806.75,24813.0,1194.0
2026-02-18T04:30:00Z,24813.0,24830.5,24811.0,24827.75,1685.0
2026-02-18T04:35:00Z,24827.25,24833.0,24823.25,24830.75,1511.0
2026-02-18T04:40:00Z,24831.25,24840.5,24828.25,24837.0,1766.0
2026-02-18T04:45:00Z,24837.25,24838.75,24827.25,24834.75,1308.0
2026-02-18T04:50:00Z,24834.75,24837.25,24827.5,24828.75,1172.0
2026-02-18T04:55:00Z,24828.5,24837.5,24828.0,24837.5,818.0
2026-02-18T05:05:00Z,24828.25,24833.0,24826.75,24831.5,2411.0
2026-02-18T05:10:00Z,24832.25,24834.25,24825.75,24833.75,625.0
2026-02-18T05:15:00Z,24833.75,24840.0,24828.75,24835.75,1413.0
2026-02-18T05:20:00Z,24836.75,24838.0,24832.25,24835.75,649.0
2026-02-18T05:25:00Z,24835.0,24836.75,24829.25,24830.75,618.0
2026-02-18T05:30:00Z,24830.75,24835.75,24826.5,24832.0,795.0
2026-02-18T05:35:00Z,24832.0,24844.0,24831.0,24843.25,1127.0
2026-02-18T05:40:00Z,24842.75,24844.5,24829.0,24830.0,1392.0
2026-02-18T05:45:00Z,24830.0,24833.5,24826.25,24828.75,742.0
2026-02-18T05:50:00Z,24829.25,24832.0,24823.25,24823.75,1108.0
2026-02-18T05:55:00Z,24824.5,24829.5,24820.0,24824.75,1468.0
2026-02-18T06:00:00Z,24825.25,24829.25,24817.5,24822.5,1309.0
2026-02-18T06:05:00Z,24822.75,24830.0,24820.5,24820.75,1055.0
2026-02-18T06:10:00Z,24821.5,24827.75,24809.0,24816.75,1934.0
2026-02-18T06:15:00Z,24817.0,24829.25,24813.5,24819.5,1416.0
2026-02-18T06:20:00Z,24820.25,24830.75,24819.0,24823.25,822.0
2026-02-18T06:25:00Z,24823.25,24829.75,24816.5,24825.25,1464.0
2026-02-18T06:30:00Z,24825.25,24827.25,24812.0,24818.5,1321.0
2026-02-18T06:35:00Z,24818.75,24841.25,24816.25,24832.0,1850.0
2026-02-18T06:40:00Z,24831.5,24840.25,24828.0,24840.0,799.0
2026-02-18T06:45:00Z,24839.0,24842.25,24829.5,24833.75,1063.0
2026-02-18T06:50:00Z,24833.75,24848.25,24833.75,24840.75,1285.0
2026-02-18T06:55:00Z,24841.75,24843.25,24823.0,24824.0,1033.0
2026-02-18T07:00:00Z,24823.5,24828.75,24818.75,24825.0,1690.0
2026-02-18T07:05:00Z,24824.75,24828.0,24810.5,24816.25,1335.0
2026-02-18T07:10:00Z,24816.75,24819.25,24806.25,24811.75,1219.0
2026-02-18T07:15:00Z,24811.5,24816.0,24808.0,24812.5,778.0
2026-02-18T07:20:00Z,24813.0,24814.5,24803.0,24804.0,1089.0
2026-02-18T07:25:00Z,24804.0,24823.75,24802.0,24822.5,1694.0
2026-02-18T07:30:00Z,24823.0,24829.25,24819.25,24827.75,1311.0
2026-02-18T07:35:00Z,24827.75,24836.25,24823.75,24834.25,934.0
2026-02-18T07:40:00Z,24833.75,24839.75,24826.75,24839.5,1221.0
2026-02-18T07:45:00Z,24839.25,24842.0,24828.5,24830.0,1048.0
2026-02-18T07:50:00Z,24830.0,24836.75,24826.25,24832.75,929.0
2026-02-18T07:55:00Z,24832.75,24835.75,24829.75,24833.5,503.0
2026-02-18T08:00:00Z,24833.75,24866.5,24832.75,24864.0,5089.0
2026-02-18T08:05:00Z,24864.25,24873.25,24856.25,24873.25,3486.0
2026-02-18T08:10:00Z,24872.75,24879.5,24854.75,24866.0,3417.0
2026-02-18T08:15:00Z,24865.25,24913.0,24865.0,24896.0,6547.0
2026-02-18T08:20:00Z,24896.5,24913.5,24886.25,24909.5,3377.0
2026-02-18T08:25:00Z,24909.0,24915.5,24890.0,24896.75,3347.0
2026-02-18T08:30:00Z,24895.25,24904.5,24889.75,24901.25,2506.0
2026-02-18T08:35:00Z,24900.5,24916.5,24898.25,24905.75,2111.0
2026-02-18T08:40:00Z,24905.5,24915.25,24894.5,24896.75,2340.0
2026-02-18T08:45:00Z,24897.25,24910.0,24891.25,24893.0,1937.0
2026-02-18T08:50:00Z,24893.0,24896.25,24889.75,24893.0,1547.0
2026-02-18T08:55:00Z,24894.0,24909.0,24893.25,24903.5,1835.0
2026-02-18T09:00:00Z,24903.25,24916.75,24900.75,24907.5,3483.0
2026-02-18T09:05:00Z,24907.0,24914.0,24899.5,24911.75,1568.0
2026-02-18T09:10:00Z,24912.25,24926.25,24907.5,24915.0,3697.0
2026-02-18T09:15:00Z,24914.5,24923.75,24905.5,24910.25,2244.0
2026-02-18T09:20:00Z,24910.0,24916.5,24902.25,24915.5,1768.0
2026-02-18T09:25:00Z,24915.75,24925.5,24909.5,24919.25,1527.0
2026-02-18T09:30:00Z,24919.25,24933.0,24916.75,24931.75,2632.0
2026-02-18T09:35:00Z,24931.5,24942.0,24928.25,24939.0,2296.0
2026-02-18T09:40:00Z,24939.0,24941.25,24934.0,24936.5,1440.0
2026-02-18T09:45:00Z,24936.5,24938.0,24921.25,24922.75,2510.0
2026-02-18T09:50:00Z,24923.25,24930.0,24917.75,24921.0,2232.0
2026-02-18T09:55:00Z,24920.75,24922.5,24905.75,24909.25,2141.0
2026-02-18T10:00:00Z,24909.25,24934.75,24907.75,24934.25,2929.0
2026-02-18T10:05:00Z,24934.25,24936.5,24921.5,24928.25,1727.0
2026-02-18T10:10:00Z,24928.75,24938.0,24924.75,24931.25,1427.0
2026-02-18T10:15:00Z,24930.75,24937.75,24925.0,24928.5,1211.0
2026-02-18T10:20:00Z,24928.75,24932.75,24926.5,24927.0,701.0
2026-02-18T10:25:00Z,24927.5,24937.0,24924.5,24932.25,962.0
2026-02-18T10:30:00Z,24933.0,24936.25,24926.0,24931.75,1263.0
2026-02-18T10:35:00Z,24931.25,24940.0,24927.5,24932.25,1457.0
2026-02-18T10:40:00Z,24933.25,24933.25,24917.0,24925.75,2008.0
2026-02-18T10:45:00Z,24925.5,24932.5,24923.0,24928.5,1210.0
2026-02-18T10:50:00Z,24928.75,24930.0,24914.5,24924.75,1852.0
2026-02-18T10:55:00Z,24924.75,24925.25,24913.5,24922.0,1277.0
2026-02-18T11:00:00Z,24921.75,24928.5,24911.5,24916.25,1472.0
2026-02-18T11:05:00Z,24916.0,24919.25,24906.25,24909.25,1427.0
2026-02-18T11:10:00Z,24909.25,24910.0,24896.5,24903.75,2560.0
2026-02-18T11:15:00Z,24902.75,24909.25,24901.25,24907.5,1445.0
2026-02-18T11:20:00Z,24907.5,24926.25,24907.5,24921.75,2130.0
2026-02-18T11:25:00Z,24921.25,24924.0,24904.25,24907.5,1550.0
2026-02-18T11:30:00Z,24908.0,24916.75,24890.0,24892.25,3169.0
2026-02-18T11:35:00Z,24893.0,24900.0,24889.0,24894.0,1805.0
2026-02-18T11:40:00Z,24894.75,24898.0,24889.25,24894.75,1582.0
2026-02-18T11:45:00Z,24894.75,24903.5,24894.5,24902.0,1189.0
2026-02-18T11:50:00Z,24901.25,24906.0,24891.0,24896.75,1552.0
2026-02-18T11:55:00Z,24897.0,24898.0,24890.0,24895.0,1353.0
2026-02-18T12:00:00Z,24895.0,24936.75,24893.75,24930.75,6442.0
2026-02-18T12:05:00Z,24931.25,24957.0,24925.5,24935.75,8587.0
2026-02-18T12:10:00Z,24936.0,24960.0,24934.75,24957.5,3672.0
2026-02-18T12:15:00Z,24958.0,24962.25,24943.75,24948.75,3343.0
2026-02-18T12:20:00Z,24948.5,24953.75,24930.0,24932.75,3305.0
2026-02-18T12:25:00Z,24932.5,24935.25,24899.5,24901.25,5109.0
2026-02-18T12:30:00Z,24901.5,24903.5,24844.0,24850.75,9225.0
2026-02-18T12:35:00Z,24850.0,24876.0,24847.0,24876.0,6402.0
2026-02-18T12:40:00Z,24875.75,24890.0,24868.0,24885.0,4730.0
2026-02-18T12:45:00Z,24884.75,24891.0,24865.5,24877.5,3953.0
2026-02-18T12:50:00Z,24877.5,24890.0,24874.75,24878.0,3379.0
2026-02-18T12:55:00Z,24878.25,24897.75,24872.75,24889.75,3132.0
2026-02-18T13:00:00Z,24890.25,24899.5,24873.25,24874.0,3544.0
2026-02-18T13:05:00Z,24873.75,24890.75,24868.0,24883.25,2986.0
2026-02-18T13:10:00Z,24883.0,24900.0,24882.75,24890.75,3044.0
2026-02-18T13:15:00Z,24889.5,24897.25,24873.5,24876.0,3043.0
2026-02-18T13:20:00Z,24878.0,24888.5,24867.0,24880.25,3594.0
2026-02-18T13:25:00Z,24880.75,24902.0,24879.75,24894.75,3233.0
2026-02-18T13:30:00Z,24895.75,24921.75,24880.5,24886.25,8756.0
2026-02-18T13:35:00Z,24886.25,24895.25,24872.25,24873.0,3708.0
2026-02-18T13:40:00Z,24872.5,24873.5,24835.0,24848.5,9969.0
2026-02-18T13:45:00Z,24849.0,24854.0,24824.0,24826.0,7792.0
2026-02-18T13:50:00Z,24826.25,24841.25,24822.25,24824.5,6472.0
2026-02-18T13:55:00Z,24824.25,24834.25,24817.0,24828.0,6016.0
2026-02-18T14:00:00Z,24828.25,24837.25,24809.0,24833.75,9054.0
2026-02-18T14:05:00Z,24833.5,24842.25,24829.5,24837.25,4919.0
2026-02-18T14:10:00Z,24837.5,24842.25,24823.75,24831.75,4066.0
2026-02-18T14:15:00Z,24831.25,24848.5,24823.0,24837.5,6259.0
2026-02-18T14:20:00Z,24837.25,24841.5,24830.5,24832.5,3504.0
2026-02-18T14:25:00Z,24832.5,24835.25,24807.5,24808.75,9211.0
2026-02-18T14:30:00Z,24808.75,24834.0,24752.0,24768.5,62194.0
2026-02-18T14:35:00Z,24768.5,24838.75,24755.5,24804.0,42192.0
2026-02-18T14:40:00Z,24804.25,24868.75,24785.75,24850.25,46198.0
2026-02-18T14:45:00Z,24851.0,24879.75,24792.5,24801.75,44669.0
2026-02-18T14:50:00Z,24802.25,24895.0,24799.0,24886.5,37470.0
2026-02-18T14:55:00Z,24886.5,24958.75,24883.75,24940.5,41861.0
2026-02-18T15:00:00Z,24941.0,25017.75,24937.0,25016.5,41049.0
2026-02-18T15:05:00Z,25016.25,25049.0,25003.5,25021.0,36977.0
2026-02-18T15:10:00Z,25021.0,25045.75,24996.75,25042.75,22808.0
2026-02-18T15:15:00Z,25043.0,25074.75,25035.75,25053.5,30594.0
2026-02-18T15:20:00Z,25052.5,25070.5,25042.25,25048.75,17796.0
2026-02-18T15:25:00Z,25049.0,25070.0,25036.25,25057.5,17632.0
2026-02-18T15:30:00Z,25057.25,25059.75,25021.75,25022.25,20004.0
2026-02-18T15:35:00Z,25022.75,25061.5,25021.25,25058.25,17758.0
2026-02-18T15:40:00Z,25057.5,25081.75,25048.75,25065.25,21586.0
2026-02-18T15:45:00Z,25064.75,25091.0,25053.75,25072.0,17626.0
2026-02-18T15:50:00Z,25072.5,25084.5,25051.5,25084.0,16583.0
2026-02-18T15:55:00Z,25084.25,25099.5,25078.5,25086.25,16680.0
2026-02-18T16:00:00Z,25086.5,25102.25,25082.5,25099.75,12332.0
2026-02-18T16:05:00Z,25099.75,25116.0,25081.75,25086.25,19271.0
2026-02-18T16:10:00Z,25087.25,25100.75,25085.75,25098.75,11255.0
2026-02-18T16:15:00Z,25098.75,25110.0,25083.0,25087.0,12333.0
2026-02-18T16:20:00Z,25086.75,25098.0,25077.0,25097.5,13320.0
2026-02-18T16:25:00Z,25097.25,25104.25,25086.0,25093.5,10905.0
2026-02-18T16:30:00Z,25094.0,25118.75,25086.25,25103.75,16398.0
2026-02-18T16:35:00Z,25103.5,25114.0,25096.5,25109.75,7246.0
2026-02-18T16:40:00Z,25109.75,25113.75,25098.5,25104.25,8155.0
2026-02-18T16:45:00Z,25104.25,25110.75,25087.5,25088.0,9916.0
2026-02-18T16:50:00Z,25088.5,25095.5,25066.0,25073.0,14978.0
2026-02-18T16:55:00Z,25073.25,25082.0,25057.75,25061.25,14991.0
2026-02-18T17:00:00Z,25061.75,25096.25,25058.0,25095.0,16677.0
2026-02-18T17:05:00Z,25095.5,25128.5,25094.25,25106.5,21130.0
2026-02-18T17:10:00Z,25106.75,25110.25,25073.25,25083.25,14276.0
2026-02-18T17:15:00Z,25083.0,25113.0,25079.5,25109.25,11783.0
2026-02-18T17:20:00Z,25109.0,25114.0,25103.5,25106.0,6542.0
2026-02-18T17:25:00Z,25105.75,25106.25,25086.5,25090.0,7706.0
2026-02-18T17:30:00Z,25089.5,25102.75,25075.0,25078.75,10199.0
2026-02-18T17:35:00Z,25079.25,25090.75,25075.75,25087.75,6842.0
2026-02-18T17:40:00Z,25086.75,25087.25,25069.75,25079.25,7248.0
2026-02-18T17:45:00Z,25079.5,25094.5,25075.25,25087.5,7031.0
2026-02-18T17:50:00Z,25087.75,25110.5,25087.25,25108.5,9181.0
2026-02-18T17:55:00Z,25108.5,25114.5,25092.25,25097.75,6885.0
2026-02-18T18:00:00Z,25097.5,25127.5,25096.25,25109.5,11910.0
2026-02-18T18:05:00Z,25110.0,25112.0,25089.0,25092.5,7837.0
2026-02-18T18:10:00Z,25092.5,25098.75,25079.5,25083.75,6985.0
2026-02-18T18:15:00Z,25083.75,25092.75,25079.75,25081.5,7331.0
2026-02-18T18:20:00Z,25081.5,25085.75,25068.5,25071.25,9753.0
2026-02-18T18:25:00Z,25071.0,25078.5,25051.0,25063.25,15876.0
2026-02-18T18:30:00Z,25063.5,25072.75,25046.5,25058.75,11774.0
2026-02-18T18:35:00Z,25059.25,25076.25,25055.25,25061.5,10366.0
2026-02-18T18:40:00Z,25061.5,25064.0,25009.75,25029.25,23443.0
2026-02-18T18:45:00Z,25029.25,25049.75,25023.75,25029.25,13604.0
2026-02-18T18:50:00Z,25029.5,25034.75,24982.0,25021.75,22945.0
2026-02-18T18:55:00Z,25022.0,25036.75,25015.25,25027.25,11442.0
2026-02-18T19:00:00Z,25027.75,25036.75,25005.25,25031.0,15423.0
2026-02-18T19:05:00Z,25031.0,25034.0,25012.0,25013.0,7563.0
2026-02-18T19:10:00Z,25013.25,25029.5,25005.25,25008.5,9639.0
2026-02-18T19:15:00Z,25009.0,25014.25,24994.0,25000.25,12854.0
2026-02-18T19:20:00Z,24999.75,25023.25,24996.25,25011.5,13771.0
2026-02-18T19:25:00Z,25012.0,25020.0,24985.5,24992.0,12090.0
2026-02-18T19:30:00Z,24991.75,25000.5,24955.0,24964.5,21229.0
2026-02-18T19:35:00Z,24964.75,24967.0,24913.25,24929.0,27171.0
2026-02-18T19:40:00Z,24928.75,24948.0,24915.25,24925.75,17522.0
2026-02-18T19:45:00Z,24926.0,24951.5,24919.75,24926.75,15912.0
2026-02-18T19:50:00Z,24926.5,24929.25,24901.75,24906.0,16202.0
2026-02-18T19:55:00Z,24906.25,24910.5,24861.75,24883.0,22316.0
2026-02-18T20:00:00Z,24884.0,24921.25,24879.25,24902.0,20448.0
2026-02-18T20:05:00Z,24902.0,24909.0,24885.5,24889.75,12284.0
2026-02-18T20:10:00Z,24889.75,24893.25,24865.5,24877.0,14367.0
2026-02-18T20:15:00Z,24877.0,24889.0,24856.0,24877.0,15523.0
2026-02-18T20:20:00Z,24877.25,24888.0,24862.25,24887.5,10744.0
2026-02-18T20:25:00Z,24887.0,24892.0,24873.5,24876.0,10567.0
2026-02-18T20:30:00Z,24875.75,24917.5,24871.0,24912.5,17273.0
2026-02-18T20:35:00Z,24912.5,24936.5,24906.0,24932.75,13506.0
2026-02-18T20:40:00Z,24932.5,24951.75,24922.75,24942.0,13234.0
2026-02-18T20:45:00Z,24942.5,24977.5,24936.0,24968.5,16941.0
2026-02-18T20:50:00Z,24968.25,24997.75,24957.25,24988.25,18373.0
2026-02-18T20:55:00Z,24988.75,24995.25,24949.5,24957.5,21050.0
2026-02-18T21:00:00Z,24957.5,24967.0,24944.5,24947.5,8717.0
2026-02-18T21:05:00Z,24947.0,24947.5,24932.0,24935.25,5982.0
2026-02-18T21:10:00Z,24935.75,24947.0,24934.75,24944.0,2572.0
2026-02-18T21:15:00Z,24944.0,24944.25,24929.25,24933.0,3081.0
2026-02-18T21:20:00Z,24932.75,24939.0,24930.5,24934.0,1355.0
2026-02-18T21:25:00Z,24934.25,24940.0,24930.5,24939.0,1284.0
2026-02-18T21:30:00Z,24938.5,24943.0,24937.0,24941.25,1264.0
2026-02-18T21:35:00Z,24941.5,24947.5,24940.25,24945.0,1763.0
2026-02-18T21:40:00Z,24944.75,24947.5,24941.5,24944.0,955.0
2026-02-18T21:45:00Z,24944.25,24950.75,24940.0,24940.5,1296.0
2026-02-18T21:50:00Z,24940.75,24941.0,24926.25,24927.25,1389.0
2026-02-18T21:55:00Z,24927.5,24941.5,24926.75,24937.0,1088.0
2026-02-18T23:00:00Z,24940.25,24976.75,24940.25,24971.25,0.0
2026-02-18T23:05:00Z,24971.25,24985.5,24970.75,24984.75,2375.0
2026-02-18T23:10:00Z,24984.75,24994.75,24982.5,24991.25,2249.0
2026-02-18T23:15:00Z,24991.75,24993.75,24972.75,24974.75,2845.0
2026-02-18T23:20:00Z,24974.75,24979.0,24969.0,24970.25,1737.0
2026-02-18T23:25:00Z,24970.25,24984.0,24966.5,24981.0,2222.0
2026-02-18T23:30:00Z,24981.25,24989.25,24975.5,24976.25,2114.0
2026-02-18T23:35:00Z,24976.25,24979.75,24968.0,24974.0,1708.0
2026-02-18T23:40:00Z,24973.5,24974.75,24967.5,24971.75,954.0
2026-02-18T23:45:00Z,24971.25,24986.75,24967.5,24973.75,2071.0
2026-02-18T23:50:00Z,24974.25,24978.0,24966.5,24975.75,1745.0
2026-02-18T23:55:00Z,24975.75,24978.5,24961.75,24964.25,1727.0
2026-02-19T00:00:00Z,24964.5,24974.0,24954.75,24965.0,3089.0
2026-02-19T00:05:00Z,24964.75,24970.0,24957.25,24957.75,1871.0
2026-02-19T00:10:00Z,24957.75,24963.0,24943.25,24953.5,3037.0
2026-02-19T00:15:00Z,24954.0,24958.75,24946.75,24947.5,1462.0
2026-02-19T00:20:00Z,24947.5,24952.0,24926.75,24931.75,3849.0
2026-02-19T00:25:00Z,24932.25,24935.25,24916.25,24925.25,3483.0
2026-02-19T00:30:00Z,24926.25,24950.0,24920.75,24949.25,3160.0
2026-02-19T00:35:00Z,24949.25,24951.75,24939.25,24941.0,1706.0
2026-02-19T00:40:00Z,24940.75,24948.5,24933.75,24933.75,1492.0
2026-02-19T00:45:00Z,24934.75,24946.75,24931.0,24938.25,2226.0
2026-02-19T00:50:00Z,24938.0,24944.75,24936.0,24941.75,1202.0
2026-02-19T00:55:00Z,24941.25,24949.0,24938.75,24947.5,1732.0
2026-02-19T01:00:00Z,24946.75,24980.25,24939.25,24976.0,5522.0
2026-02-19T01:05:00Z,24976.0,24984.25,24975.5,24980.75,2033.0
2026-02-19T01:10:00Z,24981.5,24994.75,24979.75,24990.5,2441.0
2026-02-19T01:15:00Z,24990.25,24994.0,24982.5,24982.75,1951.0
2026-02-19T01:20:00Z,24983.0,24983.5,24963.75,24964.75,2961.0
2026-02-19T01:25:00Z,24965.0,24972.0,24958.25,24962.75,1957.0
2026-02-19T01:30:00Z,24963.0,24971.25,24961.75,24969.5,1695.0
2026-02-19T01:35:00Z,24969.5,24970.75,24937.75,24944.5,3234.0
2026-02-19T01:40:00Z,24945.25,24957.0,24944.25,24953.25,2317.0
2026-02-19T01:45:00Z,24952.75,24954.75,24944.25,24952.25,1430.0
2026-02-19T01:50:00Z,24951.75,24961.25,24939.25,24960.5,2315.0
2026-02-19T01:55:00Z,24960.5,24973.75,24957.25,24973.5,2743.0
2026-02-19T02:00:00Z,24973.0,24978.5,24955.75,24961.25,2721.0
2026-02-19T02:05:00Z,24961.25,24970.25,24953.0,24967.5,1770.0
2026-02-19T02:10:00Z,24968.25,24977.75,24967.75,24972.25,1627.0
2026-02-19T02:15:00Z,24973.0,24977.75,24969.0,24975.0,1131.0
2026-02-19T02:20:00Z,24975.0,24982.0,24971.5,24974.5,1324.0
2026-02-19T02:25:00Z,24975.0,24985.5,24970.0,24982.75,1448.0
2026-02-19T02:30:00Z,24982.75,24986.25,24978.0,24982.5,920.0
2026-02-19T02:35:00Z,24982.75,24982.75,24970.75,24977.0,1234.0
2026-02-19T02:40:00Z,24977.25,24984.75,24976.25,24981.0,762.0
2026-02-19T02:45:00Z,24981.0,24988.5,24979.5,24984.25,908.0
2026-02-19T02:50:00Z,24984.25,24984.75,24972.0,24972.25,1364.0
2026-02-19T02:55:00Z,24973.25,24981.25,24969.5,24979.75,1140.0
2026-02-19T03:00:00Z,24979.75,24985.75,24974.25,24984.5,1318.0
2026-02-19T03:05:00Z,24985.5,24990.5,24981.0,24982.25,1106.0
2026-02-19T03:10:00Z,24982.0,24989.5,24982.0,24983.75,696.0
2026-02-19T03:15:00Z,24983.75,24990.0,24979.75,24985.0,878.0
2026-02-19T03:20:00Z,24985.75,24989.5,24982.0,24989.0,849.0
2026-02-19T03:25:00Z,24989.0,24996.5,24988.5,24995.25,1595.0
2026-02-19T03:30:00Z,24995.0,24999.5,24986.75,24990.5,1806.0
2026-02-19T03:35:00Z,24989.75,24990.5,24975.25,24977.0,1663.0
2026-02-19T03:40:00Z,24976.0,24979.0,24970.25,24978.5,1736.0
2026-02-19T03:45:00Z,24978.0,24978.0,24968.25,24971.25,1039.0
2026-02-19T03:50:00Z,24971.0,24975.0,24966.25,24972.5,1335.0
2026-02-19T03:55:00Z,24973.5,24988.0,24972.25,24984.0,1966.0
2026-02-19T04:00:00Z,24984.75,24992.5,24983.25,24988.25,1652.0
2026-02-19T04:05:00Z,24988.5,24991.75,24980.75,24984.5,1087.0
2026-02-19T04:10:00Z,24984.5,24989.75,24984.0,24988.25,456.0
2026-02-19T04:15:00Z,24988.0,24991.5,24984.25,24990.75,686.0
2026-02-19T04:20:00Z,24991.0,24994.5,24977.5,24978.5,1348.0
2026-02-19T04:25:00Z,24978.5,24981.25,24973.0,24973.0,985.0
2026-02-19T04:30:00Z,24973.75,24978.0,24973.0,24975.75,777.0
2026-02-19T04:35:00Z,24975.75,24983.0,24971.5,24979.5,1049.0
2026-02-19T04:40:00Z,24979.25,24979.75,24968.75,24973.0,1027.0
2026-02-19T04:45:00Z,24973.25,24975.5,24960.25,24964.0,1776.0
2026-02-19T04:50:00Z,24964.0,24965.75,24953.5,24962.75,1527.0
2026-02-19T04:55:00Z,24962.75,24964.25,24955.25,24957.0,795.0
2026-02-19T05:05:00Z,24947.5,24948.5,24943.25,24946.25,3839.0
2026-02-19T05:10:00Z,24946.0,24957.75,24943.75,24955.5,1311.0
2026-02-19T05:15:00Z,24956.0,24968.25,24955.0,24966.0,1362.0
2026-02-19T05:20:00Z,24966.0,24967.25,24954.5,24963.25,1153.0
2026-02-19T05:25:00Z,24963.0,24976.0,24957.75,24974.0,1600.0
2026-02-19T05:30:00Z,24973.5,24984.25,24973.25,24982.5,1553.0
2026-02-19T05:35:00Z,24982.0,24988.75,24981.0,24981.25,1272.0
2026-02-19T05:40:00Z,24982.0,24986.0,24980.0,24982.75,809.0
2026-02-19T05:45:00Z,24983.25,25004.5,24981.75,24993.0,3527.0
2026-02-19T05:50:00Z,24993.5,24999.0,24992.5,24994.75,904.0
2026-02-19T05:55:00Z,24994.5,24998.25,24992.0,24996.5,639.0
2026-02-19T06:00:00Z,24996.0,25000.75,24994.0,24998.5,1074.0
2026-02-19T06:05:00Z,24999.0,25003.75,24987.5,24993.75,2025.0
2026-02-19T06:10:00Z,24994.25,25002.25,24991.5,24994.5,1214.0
2026-02-19T06:15:00Z,24995.5,24999.5,24990.0,24996.75,1021.0
2026-02-19T06:20:00Z,24997.25,24998.25,24992.5,24993.75,420.0
2026-02-19T06:25:00Z,24994.0,24999.5,24993.25,24998.25,482.0
2026-02-19T06:30:00Z,24998.25,25015.5,24998.25,25006.0,4596.0
2026-02-19T06:35:00Z,25006.75,25010.25,24997.75,25001.5,1249.0
2026-02-19T06:40:00Z,25002.0,25013.5,25002.0,25003.25,1494.0
2026-02-19T06:45:00Z,25004.0,25004.0,24996.75,25002.0,1108.0
2026-02-19T06:50:00Z,25003.75,25012.0,25000.5,25009.5,921.0
2026-02-19T06:55:00Z,25010.0,25022.25,25006.75,25018.75,1572.0
2026-02-19T07:00:00Z,25019.5,25029.0,25011.5,25013.75,2658.0
2026-02-19T07:05:00Z,25013.25,25017.75,25007.5,25016.25,1146.0
2026-02-19T07:10:00Z,25016.75,25027.25,25016.0,25025.5,1155.0
2026-02-19T07:15:00Z,25025.25,25027.5,25018.25,25022.5,1014.0
2026-02-19T07:20:00Z,25021.5,25037.5,25021.25,25036.75,1939.0
2026-02-19T07:25:00Z,25036.75,25045.5,25035.5,25040.75,2188.0
2026-02-19T07:30:00Z,25040.5,25043.0,25034.5,25040.25,1246.0
2026-02-19T07:35:00Z,25039.75,25048.0,25038.0,25038.5,1602.0
2026-02-19T07:40:00Z,25038.75,25039.0,25023.5,25032.0,2007.0
2026-02-19T07:45:00Z,25032.0,25037.75,25029.25,25034.0,976.0
2026-02-19T07:50:00Z,25033.5,25037.0,25026.0,25028.75,1235.0
2026-02-19T07:55:00Z,25029.0,25030.5,25018.0,25019.5,1529.0
2026-02-19T08:00:00Z,25019.75,25026.25,25012.25,25022.0,3457.0
2026-02-19T08:05:00Z,25022.5,25037.0,25016.0,25036.25,2215.0
2026-02-19T08:10:00Z,25037.0,25042.75,25020.75,25030.75,3143.0
2026-02-19T08:15:00Z,25030.5,25044.5,25029.5,25042.5,1825.0
2026-02-19T08:20:00Z,25042.25,25054.25,25038.25,25043.5,2439.0
2026-02-19T08:25:00Z,25043.25,25048.5,25032.0,25039.0,1982.0
2026-02-19T08:30:00Z,25039.25,25049.0,25023.75,25026.5,2098.0
2026-02-19T08:35:00Z,25025.75,25030.75,25017.0,25019.75,2119.0
2026-02-19T08:40:00Z,25019.5,25023.0,25005.0,25009.5,3233.0
2026-02-19T08:45:00Z,25010.0,25010.75,24982.5,24987.75,3725.0
2026-02-19T08:50:00Z,24987.25,24988.5,24947.0,24969.75,6304.0
2026-02-19T08:55:00Z,24969.0,24972.0,24945.0,24954.75,2815.0
2026-02-19T09:00:00Z,24955.25,24974.25,24943.25,24944.75,4349.0
2026-02-19T09:05:00Z,24944.0,24967.0,24941.0,24966.0,3710.0
2026-02-19T09:10:00Z,24966.0,24972.25,24958.25,24967.5,2179.0
2026-02-19T09:15:00Z,24966.5,24967.5,24942.0,24948.5,2772.0
2026-02-19T09:20:00Z,24947.25,24972.0,24947.25,24967.25,3012.0
2026-02-19T09:25:00Z,24966.75,24967.5,24929.25,24934.75,5102.0
2026-02-19T09:30:00Z,24934.75,24948.25,24925.0,24938.0,3362.0
2026-02-19T09:35:00Z,24938.0,24939.75,24902.5,24908.0,6883.0
2026-02-19T09:40:00Z,24908.5,24918.5,24892.0,24899.5,3808.0
2026-02-19T09:45:00Z,24898.75,24901.0,24850.5,24857.0,6751.0
2026-02-19T09:50:00Z,24858.0,24894.0,24856.75,24891.5,5036.0
2026-02-19T09:55:00Z,24892.0,24901.0,24885.25,24893.0,3067.0
2026-02-19T10:00:00Z,24892.5,24902.75,24858.0,24866.5,6166.0
2026-02-19T10:05:00Z,24866.25,24878.75,24857.25,24868.0,4825.0
2026-02-19T10:10:00Z,24866.75,24868.75,24835.75,24838.0,5982.0
2026-02-19T10:15:00Z,24837.75,24868.75,24836.25,24865.0,3161.0
2026-02-19T10:20:00Z,24865.25,24866.0,24832.25,24844.75,3943.0
2026-02-19T10:25:00Z,24844.75,24858.0,24838.25,24840.25,2246.0
2026-02-19T10:30:00Z,24840.5,24855.75,24825.25,24854.25,4068.0
2026-02-19T10:35:00Z,24854.25,24859.0,24825.25,24842.75,4422.0
2026-02-19T10:40:00Z,24842.5,24865.0,24841.0,24859.25,2619.0
2026-02-19T10:45:00Z,24859.25,24870.75,24849.25,24858.25,3605.0
2026-02-19T10:50:00Z,24858.75,24860.75,24838.0,24846.0,2988.0
2026-02-19T10:55:00Z,24846.25,24855.5,24838.0,24854.5,2158.0
2026-02-19T11:00:00Z,24855.0,24857.5,24836.25,24849.0,2901.0
2026-02-19T11:05:00Z,24848.75,24865.0,24842.0,24863.75,2643.0
2026-02-19T11:10:00Z,24863.0,24878.75,24862.25,24870.75,3615.0
2026-02-19T11:15:00Z,24870.5,24874.5,24857.25,24861.75,2343.0
2026-02-19T11:20:00Z,24861.75,24875.5,24860.25,24875.25,1818.0
2026-02-19T11:25:00Z,24875.0,24883.5,24871.75,24873.75,2772.0
2026-02-19T11:30:00Z,24873.75,24885.75,24873.0,24878.0,2003.0
2026-02-19T11:35:00Z,24878.0,24878.5,24860.75,24867.5,2151.0
2026-02-19T11:40:00Z,24866.5,24878.75,24866.25,24868.25,1345.0
2026-02-19T11:45:00Z,24867.25,24875.25,24860.25,24868.25,1382.0
2026-02-19T11:50:00Z,24868.0,24873.75,24843.25,24871.25,3734.0
2026-02-19T11:55:00Z,24871.75,24881.0,24862.0,24879.0,2326.0
2026-02-19T12:00:00Z,24878.25,24880.5,24814.0,24840.0,9245.0
2026-02-19T12:05:00Z,24840.5,24863.0,24839.0,24860.5,3867.0
2026-02-19T12:10:00Z,24860.75,24868.5,24853.75,24859.75,2977.0
2026-02-19T12:15:00Z,24860.0,24866.75,24847.25,24860.0,2490.0
2026-02-19T12:20:00Z,24860.75,24875.0,24856.25,24874.25,2071.0
2026-02-19T12:25:00Z,24874.25,24897.5,24873.5,24880.0,5662.0
2026-02-19T12:30:00Z,24879.75,24880.5,24868.25,24878.75,2628.0
2026-02-19T12:35:00Z,24879.0,24884.25,24865.5,24883.25,2538.0
2026-02-19T12:40:00Z,24883.25,24896.0,24879.75,24891.0,3463.0
2026-02-19T12:45:00Z,24890.25,24895.0,24883.75,24889.5,1989.0
2026-02-19T12:50:00Z,24889.5,24890.25,24871.75,24874.5,2466.0
2026-02-19T12:55:00Z,24873.75,24875.5,24866.75,24868.5,2333.0
2026-02-19T13:00:00Z,24869.0,24878.25,24854.25,24859.75,3817.0
2026-02-19T13:05:00Z,24859.5,24864.25,24845.0,24849.25,3628.0
2026-02-19T13:10:00Z,24849.5,24859.0,24842.75,24849.75,2732.0
2026-02-19T13:15:00Z,24849.5,24855.25,24830.25,24839.5,4254.0
2026-02-19T13:20:00Z,24840.75,24846.25,24815.75,24816.0,4450.0
2026-02-19T13:25:00Z,24815.75,24834.75,24810.75,24829.0,5634.0
2026-02-19T13:30:00Z,24831.5,24844.25,24796.25,24842.5,9201.0
2026-02-19T13:35:00Z,24842.75,24881.0,24840.25,24864.75,10263.0
2026-02-19T13:40:00Z,24864.0,24870.75,24849.5,24849.75,5936.0
2026-02-19T13:45:00Z,24849.5,24863.5,24836.25,24857.25,6577.0
2026-02-19T13:50:00Z,24856.5,24880.75,24851.25,24875.0,5497.0
2026-02-19T13:55:00Z,24874.75,24877.25,24851.0,24854.0,4417.0
2026-02-19T14:00:00Z,24854.0,24866.0,24833.75,24837.5,6479.0
2026-02-19T14:05:00Z,24837.0,24843.25,24828.0,24833.25,5689.0
2026-02-19T14:10:00Z,24833.25,24853.75,24828.0,24848.75,4862.0
2026-02-19T14:15:00Z,24848.5,24870.5,24842.75,24868.5,6113.0
2026-02-19T14:20:00Z,24867.75,24874.0,24864.25,24868.5,4409.0
2026-02-19T14:25:00Z,24868.5,24872.25,24830.25,24833.25,11170.0
2026-02-19T14:30:00Z,24834.0,24883.25,24813.5,24834.5,39922.0
2026-02-19T14:35:00Z,24834.0,24838.75,24762.5,24815.0,52934.0
2026-02-19T14:40:00Z,24814.25,24858.5,24773.5,24846.5,44020.0
2026-02-19T14:45:00Z,24846.25,24851.5,24777.0,24825.0,40843.0
2026-02-19T14:50:00Z,24824.0,24888.0,24824.0,24862.0,38405.0
2026-02-19T14:55:00Z,24861.5,24920.0,24859.75,24881.75,38649.0
2026-02-19T15:00:00Z,24880.25,24950.5,24842.25,24925.0,51152.0
2026-02-19T15:05:00Z,24925.0,24931.25,24887.0,24894.5,34539.0
2026-02-19T15:10:00Z,24894.25,24914.75,24861.75,24877.0,29132.0
2026-02-19T15:15:00Z,24877.0,24930.75,24874.0,24901.5,36921.0
2026-02-19T15:20:00Z,24900.5,24920.5,24857.0,24915.25,31696.0
2026-02-19T15:25:00Z,24915.25,24916.0,24855.5,24858.5,24530.0
2026-02-19T15:30:00Z,24858.75,24941.5,24849.5,24938.5,34133.0
2026-02-19T15:35:00Z,24938.75,24944.5,24902.75,24920.25,26468.0
2026-02-19T15:40:00Z,24920.0,24937.0,24909.0,24920.0,16677.0
2026-02-19T15:45:00Z,24920.0,24932.5,24903.25,24919.5,16567.0
2026-02-19T15:50:00Z,24919.75,24920.75,24862.0,24873.5,27825.0
2026-02-19T15:55:00Z,24873.5,24927.75,24871.5,24924.5,23027.0
2026-02-19T16:00:00Z,24924.75,24934.0,24886.75,24893.0,18885.0
2026-02-19T16:05:00Z,24892.75,24899.5,24852.0,24895.0,22909.0
2026-02-19T16:10:00Z,24895.5,24914.25,24873.5,24907.0,18905.0
2026-02-19T16:15:00Z,24907.0,24953.25,24902.0,24942.5,21488.0
2026-02-19T16:20:00Z,24943.5,24961.75,24937.75,24945.5,18732.0
2026-02-19T16:25:00Z,24946.0,24951.75,24872.75,24873.5,27389.0
2026-02-19T16:30:00Z,24874.25,24921.0,24873.0,24917.75,26502.0
2026-02-19T16:35:00Z,24917.25,24918.75,24879.0,24891.5,16352.0
2026-02-19T16:40:00Z,24892.0,24897.25,24837.75,24843.25,17796.0
2026-02-19T16:45:00Z,24842.5,24864.25,24818.0,24830.5,25306.0
2026-02-19T16:50:00Z,24830.75,24872.25,24801.75,24868.5,30040.0
2026-02-19T16:55:00Z,24869.25,24872.5,24836.75,24843.5,18868.0
2026-02-19T17:00:00Z,24844.5,24850.25,24813.75,24823.5,17711.0
2026-02-19T17:05:00Z,24823.0,24853.0,24810.25,24830.0,18025.0
2026-02-19T17:10:00Z,24830.0,24851.5,24823.0,24845.75,12659.0
2026-02-19T17:15:00Z,24845.25,24875.0,24827.0,24871.0,17663.0
2026-02-19T17:20:00Z,24872.0,24905.0,24861.75,24888.5,17071.0
2026-02-19T17:25:00Z,24889.0,24892.25,24849.25,24860.25,17524.0
2026-02-19T17:30:00Z,24860.25,24870.75,24846.5,24853.0,13570.0
2026-02-19T17:35:00Z,24853.0,24866.5,24836.0,24849.25,14344.0
2026-02-19T17:40:00Z,24848.75,24866.0,24839.25,24841.0,12738.0
2026-02-19T17:45:00Z,24841.0,24844.25,24782.75,24797.25,23353.0
2026-02-19T17:50:00Z,24797.25,24823.25,24770.25,24792.25,24279.0
2026-02-19T17:55:00Z,24792.0,24809.5,24765.0,24780.75,17927.0
2026-02-19T18:00:00Z,24780.5,24794.0,24766.5,24771.75,14438.0
2026-02-19T18:05:00Z,24771.75,24805.75,24771.5,24801.0,13686.0
2026-02-19T18:10:00Z,24800.5,24839.25,24790.0,24831.5,15852.0
2026-02-19T18:15:00Z,24831.0,24833.25,24770.0,24772.5,19596.0
2026-02-19T18:20:00Z,24772.5,24785.75,24748.0,24778.25,23256.0
2026-02-19T18:25:00Z,24778.25,24802.5,24766.25,24788.5,18139.0
2026-02-19T18:30:00Z,24788.5,24804.0,24769.0,24776.75,15405.0
2026-02-19T18:35:00Z,24777.0,24790.5,24766.25,24787.0,12228.0
2026-02-19T18:40:00Z,24787.0,24793.0,24769.25,24784.5,11077.0
2026-02-19T18:45:00Z,24784.25,24824.75,24782.75,24817.5,15200.0
2026-02-19T18:50:00Z,24817.0,24823.25,24799.5,24814.0,12249.0
2026-02-19T18:55:00Z,24814.25,24849.0,24807.5,24840.75,13164.0
2026-02-19T19:00:00Z,24841.25,24843.75,24820.25,24829.0,12569.0
2026-02-19T19:05:00Z,24828.75,24846.5,24825.75,24840.75,9864.0
2026-02-19T19:10:00Z,24841.0,24843.0,24813.5,24824.25,14156.0
2026-02-19T19:15:00Z,24824.0,24840.75,24821.5,24837.75,7587.0
2026-02-19T19:20:00Z,24837.5,24850.0,24827.75,24845.25,8624.0
2026-02-19T19:25:00Z,24845.0,24848.5,24794.75,24808.5,14086.0
2026-02-19T19:30:00Z,24808.75,24825.5,24804.5,24815.5,10596.0
2026-02-19T19:35:00Z,24815.75,24817.75,24760.0,24760.25,16386.0
2026-02-19T19:40:00Z,24760.75,24787.25,24755.75,24774.25,16860.0
2026-02-19T19:45:00Z,24773.75,24785.5,24751.5,24766.25,14535.0
2026-02-19T19:50:00Z,24767.75,24789.0,24762.75,24776.5,13755.0
2026-02-19T19:55:00Z,24776.75,24792.75,24773.75,24782.25,11833.0
2026-02-19T20:00:00Z,24782.0,24821.25,24780.75,24811.0,14275.0
2026-02-19T20:05:00Z,24811.25,24811.5,24788.75,24793.0,12255.0
2026-02-19T20:10:00Z,24793.5,24807.5,24789.0,24795.25,10455.0
2026-02-19T20:15:00Z,24795.75,24804.0,24777.0,24803.5,12564.0
2026-02-19T20:20:00Z,24803.75,24809.75,24786.5,24789.0,10521.0
2026-02-19T20:25:00Z,24788.75,24793.75,24780.25,24788.25,7498.0
2026-02-19T20:30:00Z,24787.5,24817.5,24782.75,24807.0,12103.0
2026-02-19T20:35:00Z,24807.0,24814.0,24798.0,24802.25,7587.0
2026-02-19T20:40:00Z,24802.0,24813.5,24792.0,24808.25,10549.0
2026-02-19T20:45:00Z,24808.5,24837.75,24804.75,24832.75,13559.0
2026-02-19T20:50:00Z,24832.25,24841.5,24817.5,24837.0,14124.0
2026-02-19T20:55:00Z,24836.5,24865.75,24832.75,24863.0,21562.0
2026-02-19T21:00:00Z,24863.75,24872.0,24854.0,24864.5,11882.0
2026-02-19T21:05:00Z,24864.75,24869.75,24858.75,24859.75,3968.0
2026-02-19T21:10:00Z,24859.5,24864.75,24851.25,24852.5,4587.0
2026-02-19T21:15:00Z,24852.0,24858.75,24849.25,24851.25,3083.0
2026-02-19T21:20:00Z,24851.0,24868.5,24830.5,24848.5,8245.0
2026-02-19T21:25:00Z,24848.5,24857.5,24846.0,24848.0,2672.0
2026-02-19T21:30:00Z,24849.0,24849.0,24834.5,24837.0,2931.0
2026-02-19T21:35:00Z,24837.5,24842.5,24835.75,24839.0,1713.0
2026-02-19T21:40:00Z,24839.0,24842.75,24829.0,24829.25,2163.0
2026-02-19T21:45:00Z,24829.5,24835.5,24828.25,24835.5,1772.0
2026-02-19T21:50:00Z,24835.0,24840.25,24830.25,24833.25,1053.0
2026-02-19T21:55:00Z,24832.75,24840.5,24830.5,24836.25,1672.0
2026-02-19T23:00:00Z,24844.0,24845.0,24825.25,24841.25,0.0
2026-02-19T23:05:00Z,24841.25,24852.25,24838.0,24849.25,2388.0
2026-02-19T23:10:00Z,24849.25,24851.0,24832.0,24844.75,2343.0
2026-02-19T23:15:00Z,24845.25,24862.25,24845.25,24855.75,2262.0
2026-02-19T23:20:00Z,24855.75,24859.0,24852.75,24856.25,924.0
2026-02-19T23:25:00Z,24855.5,24867.5,24854.5,24859.25,1830.0
2026-02-19T23:30:00Z,24859.75,24877.0,24857.75,24876.25,1596.0
2026-02-19T23:35:00Z,24875.75,24888.75,24873.5,24878.25,2837.0
2026-02-19T23:40:00Z,24878.75,24880.75,24872.75,24872.75,1049.0
2026-02-19T23:45:00Z,24872.75,24885.25,24871.0,24878.75,1822.0
2026-02-19T23:50:00Z,24879.5,24881.25,24865.0,24870.5,1588.0
2026-02-19T23:55:00Z,24870.0,24879.5,24869.75,24878.25,1240.0
2026-02-20T00:00:00Z,24877.25,24886.0,24858.0,24882.5,3690.0
2026-02-20T00:05:00Z,24882.25,24888.25,24872.25,24877.25,1703.0
2026-02-20T00:10:00Z,24876.5,24893.5,24873.0,24889.5,2385.0
2026-02-20T00:15:00Z,24888.5,24892.75,24869.25,24870.25,2521.0
2026-02-20T00:20:00Z,24870.5,24878.25,24858.75,24866.0,4036.0
2026-02-20T00:25:00Z,24865.25,24895.75,24864.5,24890.0,3000.0
2026-02-20T00:30:00Z,24890.0,24913.25,24889.5,24907.25,3537.0
2026-02-20T00:35:00Z,24907.0,24907.0,24889.25,24897.25,2687.0
2026-02-20T00:40:00Z,24896.5,24900.0,24893.0,24897.5,994.0
2026-02-20T00:45:00Z,24897.5,24908.75,24897.25,24902.5,1528.0
2026-02-20T00:50:00Z,24903.0,24907.75,24900.25,24904.0,982.0
2026-02-20T00:55:00Z,24903.75,24907.0,24897.75,24901.5,1060.0
2026-02-20T01:00:00Z,24901.0,24910.0,24897.75,24905.0,1851.0
2026-02-20T01:05:00Z,24904.75,24917.0,24903.25,24906.5,1892.0
2026-02-20T01:10:00Z,24905.75,24936.0,24901.75,24931.75,3871.0
2026-02-20T01:15:00Z,24931.75,24932.25,24908.0,24914.0,3115.0
2026-02-20T01:20:00Z,24916.5,24927.0,24914.5,24922.25,1803.0
2026-02-20T01:25:00Z,24923.25,24924.5,24910.5,24921.25,1637.0
2026-02-20T01:30:00Z,24920.5,24926.0,24912.25,24919.0,1457.0
2026-02-20T01:35:00Z,24918.75,24921.0,24909.75,24912.25,1143.0
2026-02-20T01:40:00Z,24912.0,24912.75,24898.75,24901.5,2386.0
2026-02-20T01:45:00Z,24901.5,24904.0,24892.75,24894.5,2137.0
2026-02-20T01:50:00Z,24894.25,24913.25,24891.0,24907.75,2333.0
2026-02-20T01:55:00Z,24907.5,24919.25,24906.0,24906.5,2101.0
2026-02-20T02:00:00Z,24907.0,24933.5,24906.75,24932.0,2407.0
2026-02-20T02:05:00Z,24932.25,24934.0,24914.0,24916.5,2262.0
2026-02-20T02:10:00Z,24916.25,24917.25,24891.5,24893.75,2908.0
2026-02-20T02:15:00Z,24893.75,24902.25,24884.25,24893.0,3282.0
2026-02-20T02:20:00Z,24893.5,24896.0,24886.0,24894.0,1159.0
2026-02-20T02:25:00Z,24894.25,24894.25,24883.0,24888.5,1746.0
2026-02-20T02:30:00Z,24888.25,24902.0,24887.0,24895.75,2057.0
2026-02-20T02:35:00Z,24896.0,24907.25,24893.75,24900.5,1579.0
2026-02-20T02:40:00Z,24901.0,24904.5,24888.0,24889.75,1699.0
2026-02-20T02:45:00Z,24889.75,24893.25,24877.0,24890.5,2749.0
2026-02-20T02:50:00Z,24890.5,24899.5,24888.5,24895.75,1542.0
2026-02-20T02:55:00Z,24896.25,24902.0,24893.75,24896.75,1076.0
2026-02-20T03:00:00Z,24896.5,24908.5,24895.25,24902.0,1699.0
2026-02-20T03:05:00Z,24901.75,24903.5,24892.25,24898.75,1316.0
2026-02-20T03:10:00Z,24898.75,24906.75,24898.75,24904.25,878.0
2026-02-20T03:15:00Z,24905.25,24907.75,24902.0,24906.0,611.0
2026-02-20T03:20:00Z,24906.75,24910.0,24905.25,24910.0,771.0
2026-02-20T03:25:00Z,24909.75,24911.25,24899.5,24902.75,1107.0
2026-02-20T03:30:00Z,24903.25,24906.25,24899.0,24903.75,956.0
2026-02-20T03:35:00Z,24904.75,24905.75,24896.5,24898.5,700.0
2026-02-20T03:40:00Z,24898.0,24899.5,24889.0,24890.5,1363.0
2026-02-20T03:45:00Z,24891.0,24901.5,24887.5,24900.75,1299.0
2026-02-20T03:50:00Z,24900.75,24903.0,24894.25,24895.75,786.0
2026-02-20T03:55:00Z,24896.25,24896.75,24889.0,24890.0,813.0
2026-02-20T04:00:00Z,24890.25,24895.75,24885.25,24891.0,1234.0
2026-02-20T04:05:00Z,24891.75,24914.25,24891.75,24908.25,2497.0
2026-02-20T04:10:00Z,24908.25,24912.5,24904.0,24912.0,855.0
2026-02-20T04:15:00Z,24912.25,24914.75,24897.0,24898.0,1633.0
2026-02-20T04:20:00Z,24898.25,24900.25,24893.25,24899.0,999.0
2026-02-20T04:25:00Z,24897.5,24904.0,24896.5,24902.25,512.0
2026-02-20T04:30:00Z,24902.75,24903.25,24898.5,24899.75,418.0
2026-02-20T04:35:00Z,24899.5,24899.75,24893.75,24894.0,645.0
2026-02-20T04:40:00Z,24893.5,24903.75,24892.5,24902.75,805.0
2026-02-20T04:45:00Z,24903.0,24908.75,24899.75,24900.75,1062.0
2026-02-20T04:50:00Z,24900.5,24902.5,24894.25,24898.75,655.0
2026-02-20T04:55:00Z,24898.0,24901.25,24897.0,24899.0,260.0
2026-02-20T05:05:00Z,24908.0,24915.5,24906.5,24915.5,2716.0
2026-02-20T05:10:00Z,24914.75,24916.0,24906.75,24907.0,548.0
2026-02-20T05:15:00Z,24907.25,24909.5,24905.25,24907.75,422.0
2026-02-20T05:20:00Z,24908.75,24925.0,24908.75,24923.25,1606.0
2026-02-20T05:25:00Z,24922.75,24927.25,24922.0,24925.5,805.0
2026-02-20T05:30:00Z,24925.5,24943.0,24925.25,24941.75,2730.0
2026-02-20T05:35:00Z,24942.25,24946.5,24932.75,24933.75,1885.0
2026-02-20T05:40:00Z,24934.75,24937.25,24927.25,24937.0,1582.0
2026-02-20T05:45:00Z,24936.75,24939.5,24932.5,24938.0,609.0
2026-02-20T05:50:00Z,24938.75,24943.5,24937.75,24940.0,921.0
2026-02-20T05:55:00Z,24940.5,24947.75,24939.0,24943.0,943.0
2026-02-20T06:00:00Z,24942.75,24948.5,24940.0,24943.25,1080.0
2026-02-20T06:05:00Z,24943.25,24948.0,24939.75,24946.5,720.0
2026-02-20T06:10:00Z,24947.25,24960.0,24944.75,24953.25,1859.0
2026-02-20T06:15:00Z,24953.5,24956.25,24950.0,24951.0,1048.0
2026-02-20T06:20:00Z,24950.0,24950.75,24943.75,24947.75,1066.0
2026-02-20T06:25:00Z,24947.25,24950.5,24944.25,24945.25,723.0
2026-02-20T06:30:00Z,24944.75,24945.5,24935.0,24936.0,1456.0
2026-02-20T06:35:00Z,24935.75,24945.5,24932.0,24937.5,1376.0
2026-02-20T06:40:00Z,24937.25,24939.0,24934.75,24936.75,577.0
2026-02-20T06:45:00Z,24937.25,24940.5,24932.0,24933.5,1071.0
2026-02-20T06:50:00Z,24933.75,24941.5,24930.5,24940.5,1113.0
2026-02-20T06:55:00Z,24940.5,24944.75,24937.5,24943.25,678.0
2026-02-20T07:00:00Z,24943.0,24949.75,24937.75,24942.0,1363.0
2026-02-20T07:05:00Z,24941.75,24954.75,24941.5,24951.25,1642.0
2026-02-20T07:10:00Z,24951.5,24952.0,24941.0,24947.75,881.0
2026-02-20T07:15:00Z,24948.0,24950.0,24944.25,24945.25,550.0
2026-02-20T07:20:00Z,24945.75,24953.0,24939.0,24952.0,1210.0
2026-02-20T07:25:00Z,24951.25,24952.0,24939.5,24941.0,1043.0
2026-02-20T07:30:00Z,24940.5,24946.0,24934.0,24945.25,1426.0
2026-02-20T07:35:00Z,24945.25,24945.75,24932.75,24934.5,980.0
2026-02-20T07:40:00Z,24935.0,24940.0,24924.0,24937.75,2091.0
2026-02-20T07:45:00Z,24937.75,24939.75,24921.5,24923.0,1578.0
2026-02-20T07:50:00Z,24922.5,24928.75,24909.5,24911.75,1992.0
2026-02-20T07:55:00Z,24912.25,24922.25,24908.0,24921.25,1357.0
2026-02-20T08:00:00Z,24922.0,24934.5,24917.5,24927.25,3021.0
2026-02-20T08:05:00Z,24928.0,24936.0,24906.0,24906.75,2299.0
2026-02-20T08:10:00Z,24907.0,24919.75,24906.0,24911.5,1703.0
2026-02-20T08:15:00Z,24912.25,24918.5,24908.25,24917.5,1086.0
2026-02-20T08:20:00Z,24917.25,24919.75,24896.25,24911.5,2404.0
2026-02-20T08:25:00Z,24912.5,24930.75,24912.25,24929.5,1673.0
2026-02-20T08:30:00Z,24929.75,24932.0,24901.0,24901.0,2336.0
2026-02-20T08:35:00Z,24901.25,24919.5,24897.75,24917.0,2477.0
2026-02-20T08:40:00Z,24917.25,24922.75,24911.75,24921.5,1015.0
2026-02-20T08:45:00Z,24921.5,24933.5,24916.75,24933.0,1070.0
2026-02-20T08:50:00Z,24933.0,24941.5,24930.75,24939.5,2070.0
2026-02-20T08:55:00Z,24939.5,24942.5,24933.25,24937.25,1186.0
2026-02-20T09:00:00Z,24937.0,24948.0,24932.0,24945.5,2175.0
2026-02-20T09:05:00Z,24945.75,24964.75,24942.25,24953.5,3057.0
2026-02-20T09:10:00Z,24953.75,24961.0,24945.25,24960.5,1952.0
2026-02-20T09:15:00Z,24960.5,24984.0,24959.5,24978.25,3738.0
2026-02-20T09:20:00Z,24978.75,24985.25,24973.25,24979.75,2204.0
2026-02-20T09:25:00Z,24980.0,24982.5,24970.5,24975.5,2173.0
2026-02-20T09:30:00Z,24975.25,24981.75,24964.5,24971.25,2013.0
2026-02-20T09:35:00Z,24971.75,24973.25,24953.75,24955.25,2277.0
2026-02-20T09:40:00Z,24955.5,24961.0,24950.0,24958.0,1790.0
2026-02-20T09:45:00Z,24957.75,24960.75,24940.0,24942.5,2151.0
2026-02-20T09:50:00Z,24942.0,24947.25,24935.5,24944.25,1964.0
2026-02-20T09:55:00Z,24943.75,24945.25,24931.5,24936.0,1422.0
2026-02-20T10:00:00Z,24935.75,24940.0,24924.0,24931.0,1981.0
2026-02-20T10:05:00Z,24931.5,24944.75,24929.5,24941.75,1513.0
2026-02-20T10:10:00Z,24942.0,24944.0,24933.0,24941.75,1273.0
2026-02-20T10:15:00Z,24941.5,24947.0,24936.0,24942.0,1319.0
2026-02-20T10:20:00Z,24941.5,24942.25,24919.75,24924.5,2456.0
2026-02-20T10:25:00Z,24924.75,24930.75,24920.0,24926.5,1216.0
2026-02-20T10:30:00Z,24927.25,24930.5,24917.25,24919.75,1597.0
2026-02-20T10:35:00Z,24919.5,24937.0,24918.25,24930.5,1383.0
2026-02-20T10:40:00Z,24930.75,24931.75,24917.5,24925.5,1273.0
2026-02-20T10:45:00Z,24926.0,24936.25,24922.25,24933.25,1309.0
2026-02-20T10:50:00Z,24933.0,24934.25,24919.5,24923.25,1584.0
2026-02-20T10:55:00Z,24922.75,24926.75,24900.75,24902.5,2962.0
2026-02-20T11:00:00Z,24902.25,24902.25,24843.0,24851.75,8081.0
2026-02-20T11:05:00Z,24851.5,24872.0,24849.5,24870.25,6221.0
2026-02-20T11:10:00Z,24870.0,24878.0,24866.25,24868.0,2692.0
2026-02-20T11:15:00Z,24867.75,24881.75,24863.0,24863.0,2724.0
2026-02-20T11:20:00Z,24863.0,24871.5,24855.75,24869.5,2633.0
2026-02-20T11:25:00Z,24870.0,24885.75,24869.0,24878.75,2406.0
2026-02-20T11:30:00Z,24878.75,24884.75,24871.0,24881.0,1605.0
2026-02-20T11:35:00Z,24881.5,24888.25,24864.75,24865.25,2724.0
2026-02-20T11:40:00Z,24865.75,24870.75,24850.0,24862.0,2903.0
2026-02-20T11:45:00Z,24862.5,24863.75,24836.25,24838.75,3322.0
2026-02-20T11:50:00Z,24839.25,24848.25,24830.5,24835.75,3822.0
2026-02-20T11:55:00Z,24834.75,24837.5,24811.25,24829.0,5120.0
2026-02-20T12:00:00Z,24829.25,24836.5,24805.0,24830.0,5778.0
2026-02-20T12:05:00Z,24830.0,24836.75,24822.5,24830.0,3058.0
2026-02-20T12:10:00Z,24829.5,24842.75,24826.0,24840.0,2667.0
2026-02-20T12:15:00Z,24840.25,24850.0,24810.25,24812.0,4856.0
2026-02-20T12:20:00Z,24811.5,24820.75,24798.75,24816.75,5548.0
2026-02-20T12:25:00Z,24817.0,24823.0,24806.75,24808.25,2525.0
2026-02-20T12:30:00Z,24808.25,24813.5,24790.5,24802.75,5083.0
2026-02-20T12:35:00Z,24802.25,24820.0,24797.25,24804.75,3676.0
2026-02-20T12:40:00Z,24804.5,24812.5,24795.75,24804.25,3140.0
2026-02-20T12:45:00Z,24803.5,24811.25,24792.0,24806.5,2913.0
2026-02-20T12:50:00Z,24805.75,24825.5,24802.5,24813.25,4784.0
2026-02-20T12:55:00Z,24813.5,24830.75,24808.75,24829.75,2901.0
2026-02-20T13:00:00Z,24829.0,24834.0,24819.25,24828.5,3342.0
2026-02-20T13:05:00Z,24828.5,24829.75,24815.5,24827.5,2673.0
2026-02-20T13:10:00Z,24827.25,24828.5,24816.75,24824.25,1955.0
2026-02-20T13:15:00Z,24823.5,24854.75,24823.5,24852.5,4934.0
2026-02-20T13:20:00Z,24852.0,24855.0,24830.0,24830.75,3402.0
2026-02-20T13:25:00Z,24831.0,24864.0,24825.0,24857.75,4570.0
2026-02-20T13:30:00Z,24858.75,24861.25,24758.5,24776.25,19284.0
2026-02-20T13:35:00Z,24776.75,24795.0,24759.0,24766.75,12885.0
2026-02-20T13:40:00Z,24767.0,24768.25,24724.75,24745.5,16353.0
2026-02-20T13:45:00Z,24745.25,24758.75,24721.75,24732.25,11145.0
2026-02-20T13:50:00Z,24732.25,24759.75,24731.0,24747.5,8196.0
2026-02-20T13:55:00Z,24747.5,24773.25,24744.0,24769.5,6386.0
2026-02-20T14:00:00Z,24769.0,24784.0,24760.0,24769.5,9024.0
2026-02-20T14:05:00Z,24769.5,24775.5,24755.5,24755.75,5954.0
2026-02-20T14:10:00Z,24755.5,24758.5,24728.0,24737.5,7920.0
2026-02-20T14:15:00Z,24737.25,24738.75,24707.75,24713.0,11125.0
2026-02-20T14:20:00Z,24713.5,24722.0,24696.25,24713.75,10705.0
2026-02-20T14:25:00Z,24714.25,24735.0,24701.25,24715.25,12067.0
2026-02-20T14:30:00Z,24715.25,24819.5,24677.0,24804.75,52084.0
2026-02-20T14:35:00Z,24804.0,24890.75,24793.0,24848.5,50348.0
2026-02-20T14:40:00Z,24848.25,24948.75,24844.0,24930.25,37460.0
2026-02-20T14:45:00Z,24925.5,24958.0,24891.75,24896.5,32677.0
2026-02-20T14:50:00Z,24896.25,24903.5,24850.75,24875.25,37550.0
2026-02-20T14:55:00Z,24877.25,24907.5,24845.5,24900.0,23778.0
2026-02-20T15:00:00Z,24899.25,25082.25,24883.25,24974.75,76163.0
2026-02-20T15:05:00Z,24973.75,24982.25,24858.25,24980.75,54829.0
2026-02-20T15:10:00Z,24981.5,25027.25,24923.75,24927.25,40125.0
2026-02-20T15:15:00Z,24928.0,25000.0,24860.5,24966.25,43428.0
2026-02-20T15:20:00Z,24966.5,25032.75,24960.25,25005.75,31727.0
2026-02-20T15:25:00Z,25006.5,25038.0,24954.75,24973.5,34846.0
2026-02-20T15:30:00Z,24974.25,24995.5,24908.0,24939.5,35814.0
2026-02-20T15:35:00Z,24940.5,25015.75,24923.25,25007.25,27951.0
2026-02-20T15:40:00Z,25007.75,25068.0,24951.5,25061.0,36392.0
2026-02-20T15:45:00Z,25061.0,25098.0,25025.75,25075.25,32687.0
2026-02-20T15:50:00Z,25076.0,25122.75,25055.5,25113.5,26468.0
2026-02-20T15:55:00Z,25114.0,25127.0,25096.25,25118.75,22848.0
2026-02-20T16:00:00Z,25118.0,25139.75,25101.0,25123.5,25502.0
2026-02-20T16:05:00Z,25124.0,25125.0,25098.5,25105.5,18894.0
2026-02-20T16:10:00Z,25105.5,25119.5,25070.25,25076.25,21513.0
2026-02-20T16:15:00Z,25076.5,25086.0,25019.75,25043.5,28248.0
2026-02-20T16:20:00Z,25043.25,25043.25,24995.75,25010.75,27644.0
2026-02-20T16:25:00Z,25010.5,25017.25,24975.25,24977.25,27203.0
2026-02-20T16:30:00Z,24977.25,25046.75,24967.0,25040.0,29194.0
2026-02-20T16:35:00Z,25040.25,25074.5,25014.75,25073.5,22025.0
2026-02-20T16:40:00Z,25073.75,25110.0,25059.0,25092.75,19555.0
2026-02-20T16:45:00Z,25092.75,25127.25,25089.25,25125.0,18239.0
2026-02-20T16:50:00Z,25124.5,25130.0,25098.25,25121.75,16617.0
2026-02-20T16:55:00Z,25122.25,25127.5,25090.5,25098.5,15027.0
2026-02-20T17:00:00Z,25098.5,25109.5,25065.0,25067.5,19996.0
2026-02-20T17:05:00Z,25068.0,25072.75,25029.5,25033.75,15522.0
2026-02-20T17:10:00Z,25033.5,25034.5,24980.5,24982.5,28579.0
2026-02-20T17:15:00Z,24982.0,24983.0,24919.0,24926.25,35690.0
2026-02-20T17:20:00Z,24925.75,24940.75,24883.5,24886.75,27529.0
2026-02-20T17:25:00Z,24886.5,24927.5,24879.25,24926.5,24459.0
2026-02-20T17:30:00Z,24926.5,24973.25,24918.5,24953.0,25018.0
2026-02-20T17:35:00Z,24954.25,24967.5,24912.25,24962.5,22886.0
2026-02-20T17:40:00Z,24962.75,24971.25,24929.5,24963.25,17077.0
2026-02-20T17:45:00Z,24962.75,25010.5,24946.75,25002.75,23475.0
2026-02-20T17:50:00Z,25003.25,25040.0,24983.25,25027.25,22448.0
2026-02-20T17:55:00Z,25027.25,25044.0,24966.0,25034.75,20741.0
2026-02-20T18:00:00Z,25034.0,25045.75,25001.0,25006.25,15670.0
2026-02-20T18:05:00Z,25006.25,25043.25,25003.0,25024.0,12574.0
2026-02-20T18:10:00Z,25023.5,25025.0,24991.75,25002.5,11834.0
2026-02-20T18:15:00Z,25002.75,25003.75,24965.0,24979.0,13088.0
2026-02-20T18:20:00Z,24979.75,24998.5,24929.0,24984.25,24707.0
2026-02-20T18:25:00Z,24984.25,24989.75,24944.0,24965.25,16343.0
2026-02-20T18:30:00Z,24966.25,25065.75,24929.5,25028.25,30009.0
2026-02-20T18:35:00Z,25027.25,25055.75,24965.0,25023.75,31043.0
2026-02-20T18:40:00Z,25023.75,25077.0,25022.25,25070.5,18448.0
2026-02-20T18:45:00Z,25070.5,25122.5,25067.0,25084.25,20669.0
2026-02-20T18:50:00Z,25084.0,25108.0,25047.0,25101.75,17962.0
2026-02-20T18:55:00Z,25102.0,25112.5,25085.0,25098.25,9222.0
2026-02-20T19:00:00Z,25098.5,25120.0,25094.25,25103.0,10145.0
2026-02-20T19:05:00Z,25103.25,25104.5,25073.5,25081.75,12457.0
2026-02-20T19:10:00Z,25081.75,25089.75,25059.0,25062.75,10277.0
2026-02-20T19:15:00Z,25062.75,25069.25,25052.25,25060.25,8270.0
2026-02-20T19:20:00Z,25060.75,25084.75,25051.5,25072.0,10452.0
2026-02-20T19:25:00Z,25071.5,25074.75,25036.75,25053.0,10589.0
2026-02-20T19:30:00Z,25053.5,25078.75,25052.25,25062.25,8947.0
2026-02-20T19:35:00Z,25062.75,25066.5,25042.5,25049.5,7597.0
2026-02-20T19:40:00Z,25050.0,25059.5,25034.25,25039.25,7149.0
2026-02-20T19:45:00Z,25039.25,25046.0,25028.0,25039.0,7502.0
2026-02-20T19:50:00Z,25038.75,25064.0,25032.5,25038.25,8836.0
2026-02-20T19:55:00Z,25038.75,25047.5,25017.75,25022.5,7480.0
2026-02-20T20:00:00Z,25023.0,25052.25,25016.0,25044.75,8832.0
2026-02-20T20:05:00Z,25044.5,25077.25,25043.75,25066.5,10487.0
2026-02-20T20:10:00Z,25066.0,25073.25,25056.5,25067.0,6624.0
2026-02-20T20:15:00Z,25067.0,25069.5,25041.5,25046.25,7405.0
2026-02-20T20:20:00Z,25046.5,25047.75,25025.25,25029.25,6567.0
2026-02-20T20:25:00Z,25029.75,25035.0,25013.75,25021.25,6771.0
2026-02-20T20:30:00Z,25021.5,25039.0,25018.0,25026.25,8069.0
2026-02-20T20:35:00Z,25027.0,25045.75,25023.0,25044.0,5714.0
2026-02-20T20:40:00Z,25043.75,25060.75,25041.5,25059.75,7886.0
2026-02-20T20:45:00Z,25059.5,25065.0,25044.0,25044.0,8487.0
2026-02-20T20:50:00Z,25044.75,25063.0,25034.75,25054.0,12619.0
2026-02-20T20:55:00Z,25053.75,25079.0,25044.75,25073.75,15039.0
2026-02-20T21:00:00Z,25074.75,25088.25,25063.5,25084.75,9386.0
2026-02-20T21:05:00Z,25084.0,25088.0,25076.0,25080.0,3790.0
2026-02-20T21:10:00Z,25080.0,25082.25,25070.5,25079.0,2916.0
2026-02-20T21:15:00Z,25078.25,25078.5,25066.25,25070.5,1670.0
2026-02-20T21:20:00Z,25070.25,25074.0,25066.75,25070.0,1176.0
2026-02-20T21:25:00Z,25069.25,25071.0,25067.0,25068.5,959.0
2026-02-20T21:30:00Z,25068.0,25073.5,25066.25,25071.5,1194.0
2026-02-20T21:35:00Z,25071.25,25075.75,25070.25,25074.75,1077.0
2026-02-20T21:40:00Z,25074.5,25080.0,25073.0,25074.0,1216.0
2026-02-20T21:45:00Z,25074.5,25078.0,25072.5,25074.75,898.0
2026-02-20T21:50:00Z,25075.0,25079.25,25070.75,25078.75,1318.0
2026-02-20T21:55:00Z,25078.5,25081.25,25067.5,25067.5,1504.0
2026-02-22T23:10:00Z,25032.0,25055.25,25030.0,25050.25,2075.0
2026-02-22T23:15:00Z,25050.0,25057.5,25034.0,25035.0,2530.0
2026-02-22T23:20:00Z,25035.0,25038.25,25004.0,25007.75,5536.0
2026-02-22T23:25:00Z,25007.75,25009.75,24968.0,24980.5,6413.0
2026-02-22T23:30:00Z,24979.5,24989.5,24961.0,24973.0,5649.0
2026-02-22T23:35:00Z,24973.0,24982.25,24956.0,24963.25,3192.0
2026-02-22T23:40:00Z,24962.75,24967.25,24935.75,24940.25,5781.0
2026-02-22T23:45:00Z,24940.25,24976.75,24936.25,24971.5,5204.0
2026-02-22T23:50:00Z,24971.5,24979.75,24952.5,24956.5,3662.0
2026-02-22T23:55:00Z,24957.0,24982.5,24950.25,24973.0,3027.0
2026-02-23T00:00:00Z,24971.75,24971.75,24932.25,24934.75,5255.0
2026-02-23T00:05:00Z,24935.5,24951.0,24927.5,24931.25,4905.0
2026-02-23T00:10:00Z,24931.25,24940.75,24928.25,24933.25,2800.0
2026-02-23T00:15:00Z,24934.25,24951.25,24925.75,24928.0,3629.0
2026-02-23T00:20:00Z,24926.75,24927.75,24901.75,24908.0,5907.0
2026-02-23T00:25:00Z,24908.5,24911.0,24883.75,24906.75,5183.0
2026-02-23T00:30:00Z,24907.5,24908.25,24879.0,24894.25,4810.0
2026-02-23T00:35:00Z,24893.25,24901.25,24877.25,24886.75,3479.0
2026-02-23T00:40:00Z,24886.0,24901.75,24878.75,24882.75,3505.0
2026-02-23T00:45:00Z,24883.25,24901.0,24873.75,24881.0,5406.0
2026-02-23T00:50:00Z,24879.75,24889.75,24875.0,24882.0,2891.0
2026-02-23T00:55:00Z,24882.25,24887.0,24848.0,24853.0,7879.0
2026-02-23T01:00:00Z,24854.0,24874.0,24839.0,24869.0,8933.0
2026-02-23T01:05:00Z,24868.25,24876.0,24860.25,24872.0,3854.0
2026-02-23T01:10:00Z,24872.0,24875.0,24853.75,24864.75,3662.0
2026-02-23T01:15:00Z,24863.25,24873.75,24855.0,24869.75,3368.0
2026-02-23T01:20:00Z,24870.0,24882.75,24862.75,24866.75,4678.0
2026-02-23T01:25:00Z,24866.0,24873.0,24853.25,24859.75,3805.0
2026-02-23T01:30:00Z,24858.75,24867.25,24842.25,24859.0,4306.0
2026-02-23T01:35:00Z,24859.75,24870.0,24850.5,24863.25,2845.0
2026-02-23T01:40:00Z,24863.0,24874.0,24857.75,24872.75,2198.0
2026-02-23T01:45:00Z,24872.75,24881.75,24845.5,24863.0,4819.0
2026-02-23T01:50:00Z,24862.25,24869.0,24831.0,24848.0,5062.0
2026-02-23T01:55:00Z,24848.0,24861.5,24839.75,24843.25,3124.0
2026-02-23T02:00:00Z,24843.0,24857.75,24831.25,24842.0,5292.0
2026-02-23T02:05:00Z,24841.75,24851.75,24835.75,24841.5,2487.0
2026-02-23T02:10:00Z,24840.75,24840.75,24814.75,24817.25,6004.0
2026-02-23T02:15:00Z,24818.0,24828.75,24810.75,24822.0,4518.0
2026-02-23T02:20:00Z,24822.5,24835.0,24822.0,24827.5,2511.0
2026-02-23T02:25:00Z,24828.0,24840.0,24827.75,24832.25,2309.0
2026-02-23T02:30:00Z,24832.75,24845.25,24828.75,24839.5,2508.0
2026-02-23T02:35:00Z,24840.0,24841.75,24830.0,24834.75,1838.0
2026-02-23T02:40:00Z,24834.75,24841.75,24829.25,24839.5,1773.0
2026-02-23T02:45:00Z,24839.0,24843.25,24831.5,24836.5,1496.0
2026-02-23T02:50:00Z,24836.25,24840.75,24832.5,24835.0,992.0
2026-02-23T02:55:00Z,24835.75,24840.5,24831.75,24839.0,928.0
2026-02-23T03:00:00Z,24838.5,24858.75,24838.25,24849.5,3357.0
2026-02-23T03:05:00Z,24849.25,24863.25,24848.0,24853.0,2535.0
2026-02-23T03:10:00Z,24852.75,24854.5,24843.5,24849.5,2107.0
2026-02-23T03:15:00Z,24848.5,24850.25,24831.25,24836.25,2606.0
2026-02-23T03:20:00Z,24836.0,24845.75,24822.75,24824.25,3279.0
2026-02-23T03:25:00Z,24824.25,24833.75,24815.75,24833.25,3502.0
2026-02-23T03:30:00Z,24832.25,24838.0,24816.0,24822.5,2771.0
2026-02-23T03:35:00Z,24823.5,24827.25,24813.25,24818.0,2500.0
2026-02-23T03:40:00Z,24817.5,24839.75,24817.25,24838.5,1645.0
2026-02-23T03:45:00Z,24838.75,24841.75,24832.25,24836.0,1808.0
2026-02-23T03:50:00Z,24835.75,24839.0,24830.5,24836.25,989.0
2026-02-23T03:55:00Z,24836.25,24844.0,24832.25,24841.5,1133.0
2026-02-23T04:00:00Z,24842.25,24843.75,24828.5,24830.75,1673.0
2026-02-23T04:05:00Z,24830.5,24846.25,24826.75,24842.25,2030.0
2026-02-23T04:10:00Z,24842.5,24853.0,24841.75,24843.0,2007.0
2026-02-23T04:15:00Z,24842.0,24842.5,24830.0,24836.5,2150.0
2026-02-23T04:20:00Z,24838.25,24840.0,24824.0,24826.75,1470.0
2026-02-23T04:25:00Z,24827.25,24832.75,24821.0,24830.75,1284.0
2026-02-23T04:30:00Z,24830.5,24839.25,24823.75,24825.0,1546.0
2026-02-23T04:35:00Z,24825.25,24827.5,24822.5,24824.0,741.0
2026-02-23T04:40:00Z,24824.25,24828.0,24811.25,24824.5,2200.0
2026-02-23T04:45:00Z,24824.5,24826.5,24818.75,24826.0,938.0
2026-02-23T04:50:00Z,24825.5,24833.0,24822.0,24825.5,1049.0
2026-02-23T04:55:00Z,24826.25,24830.75,24823.75,24829.0,430.0
2026-02-23T05:00:00Z,24833.75,24835.25,24826.0,24829.25,1048.0
2026-02-23T05:05:00Z,24829.25,24831.75,24820.25,24823.25,1048.0
2026-02-23T05:10:00Z,24822.5,24825.25,24815.75,24820.5,1479.0
2026-02-23T05:15:00Z,24820.0,24820.75,24807.0,24808.25,2328.0
2026-02-23T05:20:00Z,24809.0,24822.5,24807.0,24817.0,1823.0
2026-02-23T05:25:00Z,24818.0,24828.5,24815.5,24827.0,1358.0
2026-02-23T05:30:00Z,24827.0,24835.0,24822.75,24830.5,1521.0
2026-02-23T05:35:00Z,24831.0,24843.0,24825.75,24838.5,1616.0
2026-02-23T05:40:00Z,24838.0,24842.75,24832.75,24834.5,1371.0
2026-02-23T05:45:00Z,24835.25,24839.25,24825.5,24828.75,1138.0
2026-02-23T05:50:00Z,24828.75,24841.0,24824.0,24840.0,1312.0
2026-02-23T05:55:00Z,24840.5,24843.75,24836.75,24838.5,1160.0
2026-02-23T06:00:00Z,24838.5,24841.75,24832.25,24841.0,788.0
2026-02-23T06:05:00Z,24840.5,24842.75,24837.25,24838.0,623.0
2026-02-23T06:10:00Z,24837.25,24855.75,24836.25,24854.0,1907.0
2026-02-23T06:15:00Z,24854.0,24854.5,24843.75,24850.5,1118.0
2026-02-23T06:20:00Z,24850.5,24852.75,24845.0,24847.75,722.0
2026-02-23T06:25:00Z,24847.5,24852.25,24845.75,24845.75,567.0
2026-02-23T06:30:00Z,24846.25,24858.0,24841.5,24857.5,1390.0
2026-02-23T06:35:00Z,24858.0,24864.75,24853.25,24858.0,1712.0
2026-02-23T06:40:00Z,24858.5,24863.75,24854.25,24857.75,995.0
2026-02-23T06:45:00Z,24857.5,24862.75,24853.0,24860.25,748.0
2026-02-23T06:50:00Z,24860.5,24868.0,24857.25,24867.25,1110.0
2026-02-23T06:55:00Z,24867.25,24869.25,24858.0,24868.25,1152.0
2026-02-23T07:00:00Z,24867.75,24897.75,24863.25,24889.75,6473.0
2026-02-23T07:05:00Z,24890.0,24897.25,24885.5,24895.5,1796.0
2026-02-23T07:10:00Z,24894.5,24914.5,24893.0,24909.5,2904.0
2026-02-23T07:15:00Z,24909.25,24914.25,24900.25,24905.0,2992.0
2026-02-23T07:20:00Z,24903.0,24906.25,24895.25,24901.5,1920.0
2026-02-23T07:25:00Z,24901.25,24904.0,24892.75,24902.5,1601.0
2026-02-23T07:30:00Z,24902.0,24906.0,24891.25,24900.25,1391.0
2026-02-23T07:35:00Z,24901.0,24907.75,24893.75,24905.0,1323.0
2026-02-23T07:40:00Z,24906.0,24911.25,24901.75,24907.5,1350.0
2026-02-23T07:45:00Z,24907.0,24912.25,24904.75,24910.0,866.0
2026-02-23T07:50:00Z,24910.25,24910.5,24900.75,24902.5,763.0
2026-02-23T07:55:00Z,24902.5,24905.75,24896.75,24898.0,1362.0
2026-02-23T08:00:00Z,24898.5,24914.25,24884.75,24888.0,3563.0
2026-02-23T08:05:00Z,24888.0,24897.0,24877.25,24884.0,3112.0
2026-02-23T08:10:00Z,24884.5,24911.5,24882.25,24904.75,2747.0
2026-02-23T08:15:00Z,24905.25,24906.5,24893.0,24897.5,1670.0
2026-02-23T08:20:00Z,24896.5,24907.5,24890.0,24896.0,1782.0
2026-02-23T08:25:00Z,24895.75,24901.75,24886.5,24899.25,1255.0
2026-02-23T08:30:00Z,24900.0,24906.0,24890.75,24893.75,1553.0
2026-02-23T08:35:00Z,24893.0,24899.75,24885.5,24896.25,1458.0
2026-02-23T08:40:00Z,24896.75,24900.0,24877.75,24883.25,1753.0
2026-02-23T08:45:00Z,24883.75,24921.5,24883.75,24919.5,4149.0
2026-02-23T08:50:00Z,24919.25,24932.25,24916.0,24930.0,2990.0
2026-02-23T08:55:00Z,24929.5,24934.25,24924.0,24929.75,1716.0
2026-02-23T09:00:00Z,24929.25,24963.5,24929.25,24961.75,4496.0
2026-02-23T09:05:00Z,24961.75,24974.25,24958.75,24974.0,2832.0
2026-02-23T09:10:00Z,24974.5,24998.75,24973.25,24994.75,4540.0
2026-02-23T09:15:00Z,24994.5,24997.0,24975.75,24982.75,2907.0
2026-02-23T09:20:00Z,24983.25,24987.25,24972.5,24981.5,2268.0
2026-02-23T09:25:00Z,24981.25,24995.75,24980.0,24994.0,2237.0
2026-02-23T09:30:00Z,24994.5,25000.0,24975.0,24979.25,2975.0
2026-02-23T09:35:00Z,24979.0,25001.0,24976.25,24994.25,2215.0
2026-02-23T09:40:00Z,24994.5,25004.25,24993.0,24996.25,2001.0
2026-02-23T09:45:00Z,24996.5,25000.5,24987.5,24988.5,1620.0
2026-02-23T09:50:00Z,24988.75,24994.0,24981.75,24985.0,1721.0
2026-02-23T09:55:00Z,24986.5,24990.5,24980.0,24983.75,1069.0
2026-02-23T10:00:00Z,24984.25,24992.25,24979.25,24981.0,1314.0
2026-02-23T10:05:00Z,24981.0,24992.75,24980.25,24990.0,1059.0
2026-02-23T10:10:00Z,24990.25,25002.75,24988.0,24991.75,2113.0
2026-02-23T10:15:00Z,24991.5,24992.0,24980.5,24984.0,1570.0
2026-02-23T10:20:00Z,24984.0,24984.0,24974.5,24980.75,1646.0
2026-02-23T10:25:00Z,24980.75,24983.25,24945.5,24968.75,6868.0
2026-02-23T10:30:00Z,24969.25,24977.25,24959.5,24971.0,2166.0
2026-02-23T10:35:00Z,24971.0,24976.5,24963.75,24973.25,1172.0
2026-02-23T10:40:00Z,24974.0,24986.0,24974.0,24977.25,1705.0
2026-02-23T10:45:00Z,24976.75,24977.75,24967.0,24969.25,1289.0
2026-02-23T10:50:00Z,24969.25,24977.0,24967.25,24970.0,1280.0
2026-02-23T10:55:00Z,24969.5,24971.25,24963.25,24970.75,945.0
2026-02-23T11:00:00Z,24970.5,24976.5,24964.0,24965.5,1788.0
2026-02-23T11:05:00Z,24966.0,24967.75,24959.5,24963.5,1266.0
2026-02-23T11:10:00Z,24962.75,24980.25,24961.0,24978.0,1571.0
2026-02-23T11:15:00Z,24978.0,24988.25,24977.25,24982.5,1701.0
2026-02-23T11:20:00Z,24982.25,24983.0,24965.5,24966.75,1619.0
2026-02-23T11:25:00Z,24966.0,24970.75,24964.75,24968.25,1005.0
2026-02-23T11:30:00Z,24968.25,24969.5,24956.25,24959.5,1639.0
2026-02-23T11:35:00Z,24959.0,24961.25,24948.25,24952.5,1881.0
2026-02-23T11:40:00Z,24952.75,24954.75,24946.0,24947.5,1587.0
2026-02-23T11:45:00Z,24948.75,24951.5,24924.25,24927.0,3506.0
2026-02-23T11:50:00Z,24926.25,24927.75,24916.25,24918.0,2670.0
2026-02-23T11:55:00Z,24918.0,24931.75,24907.75,24929.25,4124.0
2026-02-23T12:00:00Z,24928.75,24942.5,24914.0,24932.25,4627.0
2026-02-23T12:05:00Z,24932.0,24942.75,24928.0,24931.75,2216.0
2026-02-23T12:10:00Z,24932.0,24932.25,24918.75,24921.25,1864.0
2026-02-23T12:15:00Z,24921.0,24921.0,24902.75,24912.0,3360.0
2026-02-23T12:20:00Z,24911.5,24916.5,24905.5,24910.75,1867.0
2026-02-23T12:25:00Z,24911.25,24911.5,24901.25,24910.25,1908.0
2026-02-23T12:30:00Z,24910.5,24912.0,24883.75,24897.0,4486.0
2026-02-23T12:35:00Z,24896.5,24915.75,24892.5,24911.0,3678.0
2026-02-23T12:40:00Z,24911.25,24923.0,24901.0,24922.0,3111.0
2026-02-23T12:45:00Z,24921.5,24926.5,24900.0,24901.0,3537.0
2026-02-23T12:50:00Z,24901.5,24910.75,24896.75,24907.75,2580.0
2026-02-23T12:55:00Z,24907.5,24907.5,24892.5,24905.0,2751.0
2026-02-23T13:00:00Z,24904.0,24917.75,24886.5,24913.5,4433.0
2026-02-23T13:05:00Z,24912.5,24938.25,24906.5,24930.25,4268.0
2026-02-23T13:10:00Z,24930.5,24933.0,24915.5,24917.75,3064.0
2026-02-23T13:15:00Z,24917.0,24932.25,24912.25,24915.75,3145.0
2026-02-23T13:20:00Z,24916.0,24935.5,24915.0,24923.0,3210.0
2026-02-23T13:25:00Z,24923.25,24936.25,24920.25,24927.0,2367.0
2026-02-23T13:30:00Z,24927.0,24942.25,24915.75,24916.5,4817.0
2026-02-23T13:35:00Z,24916.5,24938.0,24910.25,24935.75,6259.0
2026-02-23T13:40:00Z,24936.0,24950.5,24934.0,24949.0,4814.0
2026-02-23T13:45:00Z,24949.25,24954.25,24937.25,24942.75,4880.0
2026-02-23T13:50:00Z,24942.75,24950.5,24932.25,24946.0,4619.0
2026-02-23T13:55:00Z,24945.5,24945.5,24926.5,24935.25,4218.0
2026-02-23T14:00:00Z,24935.0,24946.5,24931.5,24938.0,4555.0
2026-02-23T14:05:00Z,24938.25,24949.5,24936.5,24937.0,3071.0
2026-02-23T14:10:00Z,24936.75,24961.75,24933.5,24960.75,4714.0
2026-02-23T14:15:00Z,24961.0,24962.25,24941.75,24943.5,4918.0
2026-02-23T14:20:00Z,24943.5,24956.25,24937.75,24953.75,3537.0
2026-02-23T14:25:00Z,24952.75,24982.75,24949.5,24981.75,10740.0
2026-02-23T14:30:00Z,24981.25,25040.0,24970.25,25005.0,52189.0
2026-02-23T14:35:00Z,25004.0,25028.75,24965.75,24996.0,41480.0
2026-02-23T14:40:00Z,24996.75,24996.75,24880.25,24880.75,52371.0
2026-02-23T14:45:00Z,24881.5,24923.75,24857.5,24892.0,47374.0
2026-02-23T14:50:00Z,24891.75,24965.5,24887.5,24923.25,41748.0
2026-02-23T14:55:00Z,24923.25,24944.0,24900.0,24913.75,26234.0
2026-02-23T15:00:00Z,24913.5,24952.75,24863.25,24866.5,39410.0
2026-02-23T15:05:00Z,24866.5,24892.0,24839.5,24856.75,40392.0
2026-02-23T15:10:00Z,24857.25,24902.25,24856.75,24875.0,28245.0
2026-02-23T15:15:00Z,24874.25,24901.25,24857.5,24899.5,23210.0
2026-02-23T15:20:00Z,24899.25,24929.75,24878.0,24898.0,36460.0
2026-02-23T15:25:00Z,24898.5,24903.75,24865.25,24870.5,22392.0
2026-02-23T15:30:00Z,24870.75,24900.75,24850.0,24850.75,28496.0
2026-02-23T15:35:00Z,24850.75,24871.75,24830.5,24845.0,29352.0
2026-02-23T15:40:00Z,24844.5,24854.75,24817.0,24829.0,21830.0
2026-02-23T15:45:00Z,24828.75,24852.25,24813.0,24824.5,22372.0
2026-02-23T15:50:00Z,24824.75,24839.0,24772.5,24775.5,32232.0
2026-02-23T15:55:00Z,24775.0,24780.75,24738.0,24744.0,29739.0
2026-02-23T16:00:00Z,24743.75,24757.5,24688.0,24708.75,33611.0
2026-02-23T16:05:00Z,24709.25,24712.0,24671.5,24684.0,30260.0
2026-02-23T16:10:00Z,24684.5,24707.5,24667.75,24683.25,26859.0
2026-02-23T16:15:00Z,24683.0,24723.75,24668.25,24721.25,25338.0
2026-02-23T16:20:00Z,24721.0,24741.75,24711.0,24723.75,26378.0
2026-02-23T16:25:00Z,24723.75,24780.25,24722.75,24777.75,25184.0
2026-02-23T16:30:00Z,24777.75,24789.5,24756.75,24765.25,22159.0
2026-02-23T16:35:00Z,24765.5,24782.0,24749.75,24759.0,16748.0
2026-02-23T16:40:00Z,24759.0,24783.0,24755.0,24764.75,13194.0
2026-02-23T16:45:00Z,24765.25,24770.0,24733.25,24750.0,19890.0
2026-02-23T16:50:00Z,24750.0,24769.75,24738.0,24748.75,15457.0
2026-02-23T16:55:00Z,24749.25,24755.5,24727.5,24735.0,12648.0
2026-02-23T17:00:00Z,24735.25,24758.5,24728.75,24743.75,14681.0
2026-02-23T17:05:00Z,24743.75,24764.0,24734.75,24741.75,12464.0
2026-02-23T17:10:00Z,24741.5,24752.0,24725.0,24733.25,10092.0
2026-02-23T17:15:00Z,24733.25,24758.5,24731.75,24738.5,10856.0
2026-02-23T17:20:00Z,24738.5,24761.5,24735.0,24749.0,8329.0
2026-02-23T17:25:00Z,24749.0,24760.25,24740.75,24743.0,7479.0
2026-02-23T17:30:00Z,24742.25,24746.25,24719.25,24722.75,11153.0
2026-02-23T17:35:00Z,24722.75,24723.75,24680.5,24682.25,17826.0
2026-02-23T17:40:00Z,24681.75,24727.75,24677.5,24701.0,19119.0
2026-02-23T17:45:00Z,24701.5,24719.25,24694.0,24701.5,9976.0
2026-02-23T17:50:00Z,24701.5,24748.75,24700.0,24740.25,15763.0
2026-02-23T17:55:00Z,24740.5,24755.75,24732.0,24744.5,13397.0
2026-02-23T18:00:00Z,24744.5,24763.5,24739.25,24755.5,9578.0
2026-02-23T18:05:00Z,24755.25,24778.25,24751.75,24774.25,10236.0
2026-02-23T18:10:00Z,24773.75,24788.75,24760.75,24784.25,10200.0
2026-02-23T18:15:00Z,24784.25,24799.0,24780.0,24786.0,12304.0
2026-02-23T18:20:00Z,24785.75,24820.5,24780.75,24816.75,12992.0
2026-02-23T18:25:00Z,24816.5,24819.25,24803.0,24810.5,10319.0
2026-02-23T18:30:00Z,24810.25,24811.0,24792.5,24804.75,10387.0
2026-02-23T18:35:00Z,24805.25,24819.75,24799.75,24801.5,9085.0
2026-02-23T18:40:00Z,24802.75,24808.25,24777.0,24785.0,11349.0
2026-02-23T18:45:00Z,24785.25,24801.5,24775.5,24791.75,11475.0
2026-02-23T18:50:00Z,24792.25,24796.0,24755.0,24755.5,12633.0
2026-02-23T18:55:00Z,24755.0,24760.25,24720.25,24727.25,16141.0
2026-02-23T19:00:00Z,24727.5,24746.25,24721.5,24730.5,14072.0
2026-02-23T19:05:00Z,24730.25,24754.75,24728.75,24742.75,10817.0
2026-02-23T19:10:00Z,24742.75,24754.75,24733.0,24742.5,9032.0
2026-02-23T19:15:00Z,24742.75,24753.25,24727.0,24733.0,9093.0
2026-02-23T19:20:00Z,24733.25,24740.5,24726.75,24734.5,7023.0
2026-02-23T19:25:00Z,24734.25,24741.75,24708.75,24714.25,9760.0
2026-02-23T19:30:00Z,24714.25,24730.25,24711.5,24714.75,10158.0
2026-02-23T19:35:00Z,24714.25,24717.75,24703.5,24709.25,8782.0
2026-02-23T19:40:00Z,24709.5,24710.75,24683.5,24698.0,12807.0
2026-02-23T19:45:00Z,24698.25,24713.25,24692.0,24708.75,10317.0
2026-02-23T19:50:00Z,24708.5,24713.75,24693.0,24696.75,7876.0
2026-02-23T19:55:00Z,24696.75,24716.75,24684.5,24692.0,12304.0
2026-02-23T20:00:00Z,24692.0,24705.75,24687.5,24699.5,9724.0
2026-02-23T20:05:00Z,24700.0,24705.25,24684.0,24690.75,8237.0
2026-02-23T20:10:00Z,24691.0,24693.75,24678.5,24685.25,8212.0
2026-02-23T20:15:00Z,24685.0,24707.75,24684.75,24695.25,10023.0
2026-02-23T20:20:00Z,24695.0,24700.75,24684.5,24700.5,6231.0
2026-02-23T20:25:00Z,24700.5,24715.25,24695.75,24706.5,9395.0
2026-02-23T20:30:00Z,24707.0,24751.5,24704.75,24746.75,17600.0
2026-02-23T20:35:00Z,24746.25,24746.5,24719.25,24727.75,12483.0
2026-02-23T20:40:00Z,24727.25,24734.5,24710.75,24730.5,8927.0
2026-02-23T20:45:00Z,24730.5,24745.0,24718.25,24743.0,8184.0
2026-02-23T20:50:00Z,24742.75,24757.75,24715.0,24717.75,21175.0
2026-02-23T20:55:00Z,24718.0,24772.75,24710.5,24766.25,22812.0
2026-02-23T21:00:00Z,24768.5,24781.5,24757.75,24778.0,13095.0
2026-02-23T21:05:00Z,24777.75,24783.0,24770.5,24779.25,4345.0
2026-02-23T21:10:00Z,24778.75,24786.75,24775.5,24782.25,4078.0
2026-02-23T21:15:00Z,24781.75,24782.0,24769.5,24773.25,2513.0
2026-02-23T21:20:00Z,24773.25,24784.0,24772.5,24779.0,1630.0
2026-02-23T21:25:00Z,24779.25,24781.0,24776.25,24779.25,864.0
2026-02-23T21:30:00Z,24779.5,24791.0,24778.5,24785.75,2561.0
2026-02-23T21:35:00Z,24785.5,24786.0,24778.0,24778.5,935.0
2026-02-23T21:40:00Z,24779.0,24784.75,24778.0,24784.0,724.0
2026-02-23T21:45:00Z,24784.75,24785.0,24777.0,24780.75,1149.0
2026-02-23T21:50:00Z,24781.0,24788.0,24778.75,24788.0,1067.0
2026-02-23T21:55:00Z,24787.5,24796.75,24782.5,24787.0,1519.0
2026-02-23T23:00:00Z,24787.0,24803.25,24779.75,24781.25,0.0
2026-02-23T23:05:00Z,24780.75,24814.0,24769.25,24807.25,3799.0
2026-02-23T23:10:00Z,24807.75,24815.0,24794.5,24796.0,2367.0
2026-02-23T23:15:00Z,24795.75,24804.0,24784.5,24792.0,1945.0
2026-02-23T23:20:00Z,24791.75,24798.5,24784.5,24794.5,1549.0
2026-02-23T23:25:00Z,24794.25,24807.0,24788.75,24806.5,1346.0
2026-02-23T23:30:00Z,24806.5,24824.75,24803.0,24818.25,2840.0
2026-02-23T23:35:00Z,24819.25,24823.0,24803.75,24817.25,2329.0
2026-02-23T23:40:00Z,24818.25,24821.25,24804.25,24813.75,2067.0
2026-02-23T23:45:00Z,24813.0,24818.0,24799.5,24802.25,2647.0
2026-02-23T23:50:00Z,24801.5,24812.5,24792.25,24806.25,2052.0
2026-02-23T23:55:00Z,24806.0,24807.25,24786.0,24788.25,2115.0
2026-02-24T00:00:00Z,24789.0,24812.25,24781.5,24803.25,4478.0
2026-02-24T00:05:00Z,24803.25,24808.0,24782.0,24786.0,3037.0
2026-02-24T00:10:00Z,24786.0,24802.75,24786.0,24799.0,2631.0
2026-02-24T00:15:00Z,24799.25,24816.75,24797.5,24814.5,2572.0
2026-02-24T00:20:00Z,24813.5,24818.0,24782.5,24789.5,3119.0
2026-02-24T00:25:00Z,24789.75,24791.5,24772.75,24781.0,2759.0
2026-02-24T00:30:00Z,24781.0,24790.0,24776.25,24780.0,1783.0
2026-02-24T00:35:00Z,24778.75,24797.5,24778.0,24796.5,1649.0
2026-02-24T00:40:00Z,24796.75,24807.0,24796.5,24805.0,1903.0
2026-02-24T00:45:00Z,24805.0,24818.75,24799.75,24817.25,2289.0
2026-02-24T00:50:00Z,24817.75,24824.25,24810.5,24811.0,2246.0
2026-02-24T00:55:00Z,24812.0,24819.0,24801.5,24816.0,2306.0
2026-02-24T01:00:00Z,24816.5,24818.25,24795.25,24805.75,2518.0
2026-02-24T01:05:00Z,24805.75,24812.0,24796.5,24806.0,1980.0
2026-02-24T01:10:00Z,24806.0,24811.5,24801.0,24804.75,1273.0
2026-02-24T01:15:00Z,24805.25,24811.5,24795.0,24805.75,1743.0
2026-02-24T01:20:00Z,24806.5,24829.75,24804.5,24818.25,3353.0
2026-02-24T01:25:00Z,24817.75,24826.5,24811.5,24820.75,1929.0
2026-02-24T01:30:00Z,24821.0,24821.5,24798.75,24820.75,3072.0
2026-02-24T01:35:00Z,24821.0,24825.75,24814.5,24821.0,1941.0
2026-02-24T01:40:00Z,24820.25,24836.0,24808.25,24827.75,3474.0
2026-02-24T01:45:00Z,24827.75,24829.0,24813.75,24826.0,1846.0
2026-02-24T01:50:00Z,24826.5,24828.25,24815.5,24817.5,1165.0
2026-02-24T01:55:00Z,24816.75,24826.25,24811.5,24822.0,1334.0
2026-02-24T02:00:00Z,24822.0,24831.25,24819.0,24820.0,1531.0
2026-02-24T02:05:00Z,24820.5,24828.25,24816.5,24826.5,1316.0
2026-02-24T02:10:00Z,24826.5,24840.5,24826.0,24836.5,2254.0
2026-02-24T02:15:00Z,24835.75,24845.0,24832.5,24843.75,1961.0
2026-02-24T02:20:00Z,24843.75,24863.5,24842.25,24863.0,3392.0
2026-02-24T02:25:00Z,24863.25,24867.5,24860.5,24863.5,2224.0
2026-02-24T02:30:00Z,24862.5,24875.0,24858.75,24873.25,3028.0
2026-02-24T02:35:00Z,24873.0,24879.5,24867.75,24875.0,2269.0
2026-02-24T02:40:00Z,24874.25,24875.5,24860.75,24863.75,2560.0
2026-02-24T02:45:00Z,24863.75,24871.75,24857.5,24867.25,2253.0
2026-02-24T02:50:00Z,24867.5,24870.5,24862.0,24867.75,1169.0
2026-02-24T02:55:00Z,24867.75,24873.75,24866.5,24869.25,1055.0
2026-02-24T03:00:00Z,24869.5,24876.25,24867.25,24872.75,1533.0
2026-02-24T03:05:00Z,24873.0,24874.5,24868.25,24872.75,949.0
2026-02-24T03:10:00Z,24873.0,24874.75,24866.25,24872.5,747.0
2026-02-24T03:15:00Z,24873.0,24881.25,24869.75,24877.75,1586.0
2026-02-24T03:20:00Z,24877.25,24884.75,24876.25,24880.5,2262.0
2026-02-24T03:25:00Z,24880.75,24881.5,24874.75,24878.25,1387.0
2026-02-24T03:30:00Z,24878.75,24879.25,24873.5,24874.75,848.0
2026-02-24T03:35:00Z,24874.5,24877.75,24869.5,24876.75,969.0
2026-02-24T03:40:00Z,24876.0,24880.5,24873.0,24873.75,804.0
2026-02-24T03:45:00Z,24873.75,24876.0,24869.0,24873.25,851.0
2026-02-24T03:50:00Z,24873.5,24877.75,24869.5,24873.75,1159.0
2026-02-24T03:55:00Z,24873.5,24876.25,24870.5,24873.0,385.0
2026-02-24T04:00:00Z,24873.0,24876.25,24870.25,24874.25,571.0
2026-02-24T04:05:00Z,24874.75,24881.0,24871.0,24879.75,844.0
2026-02-24T04:10:00Z,24879.75,24880.0,24872.75,24873.75,562.0
2026-02-24T04:15:00Z,24874.0,24877.25,24865.25,24877.25,1352.0
2026-02-24T04:20:00Z,24877.0,24881.5,24876.0,24878.75,981.0
2026-02-24T04:25:00Z,24879.0,24883.25,24876.0,24878.25,841.0
2026-02-24T04:30:00Z,24878.0,24884.0,24872.25,24873.25,957.0
2026-02-24T04:35:00Z,24872.75,24873.75,24866.5,24870.0,826.0
2026-02-24T04:40:00Z,24870.0,24877.25,24869.25,24872.0,661.0
2026-02-24T04:45:00Z,24872.0,24878.5,24870.0,24876.75,718.0
2026-02-24T04:50:00Z,24877.25,24880.25,24875.0,24877.5,618.0
2026-02-24T04:55:00Z,24878.25,24880.0,24875.5,24878.75,308.0
2026-02-24T05:05:00Z,24884.5,24886.0,24881.75,24884.5,3222.0
2026-02-24T05:10:00Z,24884.75,24886.75,24881.75,24882.25,437.0
2026-02-24T05:15:00Z,24882.25,24883.0,24857.0,24857.75,2376.0
2026-02-24T05:20:00Z,24857.5,24862.25,24853.75,24861.5,1510.0
2026-02-24T05:25:00Z,24861.25,24866.0,24855.25,24862.25,1194.0
2026-02-24T05:30:00Z,24862.25,24862.25,24848.0,24851.5,1768.0
2026-02-24T05:35:00Z,24851.25,24855.5,24843.25,24853.5,1928.0
2026-02-24T05:40:00Z,24853.0,24858.5,24847.0,24855.75,1204.0
2026-02-24T05:45:00Z,24855.5,24855.75,24832.5,24834.75,2506.0
2026-02-24T05:50:00Z,24833.75,24841.75,24825.75,24839.0,2500.0
2026-02-24T05:55:00Z,24839.0,24841.0,24834.25,24840.75,732.0
2026-02-24T06:00:00Z,24840.25,24842.75,24834.75,24838.25,994.0
2026-02-24T06:05:00Z,24838.25,24853.0,24837.75,24852.25,1454.0
2026-02-24T06:10:00Z,24851.75,24852.5,24834.75,24837.25,1448.0
2026-02-24T06:15:00Z,24836.25,24850.5,24832.5,24846.25,1459.0
2026-02-24T06:20:00Z,24846.0,24847.25,24826.5,24829.75,1658.0
2026-02-24T06:25:00Z,24830.0,24834.0,24822.75,24832.0,1387.0
2026-02-24T06:30:00Z,24832.5,24839.0,24823.5,24835.25,1522.0
2026-02-24T06:35:00Z,24835.25,24839.25,24824.0,24838.5,1320.0
2026-02-24T06:40:00Z,24838.5,24843.75,24834.5,24839.25,1020.0
2026-02-24T06:45:00Z,24839.75,24843.75,24833.5,24843.25,646.0
2026-02-24T06:50:00Z,24843.25,24843.5,24832.0,24833.75,692.0
2026-02-24T06:55:00Z,24833.75,24843.25,24829.5,24838.0,1044.0
2026-02-24T07:00:00Z,24837.5,24855.0,24833.75,24843.75,2183.0
2026-02-24T07:05:00Z,24843.75,24861.0,24842.5,24858.0,2493.0
2026-02-24T07:10:00Z,24857.75,24859.0,24851.25,24857.75,1015.0
2026-02-24T07:15:00Z,24858.0,24858.5,24848.25,24852.75,885.0
2026-02-24T07:20:00Z,24853.0,24854.25,24846.0,24849.75,752.0
2026-02-24T07:25:00Z,24850.0,24862.25,24847.75,24859.75,1416.0
2026-02-24T07:30:00Z,24859.75,24869.0,24857.0,24857.75,1687.0
2026-02-24T07:35:00Z,24858.0,24858.25,24848.0,24849.25,1118.0
2026-02-24T07:40:00Z,24849.0,24852.5,24830.75,24836.0,2024.0
2026-02-24T07:45:00Z,24836.5,24839.75,24831.0,24837.0,1294.0
2026-02-24T07:50:00Z,24837.75,24846.25,24836.5,24840.25,1169.0
2026-02-24T07:55:00Z,24840.0,24843.25,24829.75,24832.75,1199.0
2026-02-24T08:00:00Z,24833.75,24834.5,24792.25,24803.25,8017.0
2026-02-24T08:05:00Z,24803.0,24813.5,24788.75,24803.0,3695.0
2026-02-24T08:10:00Z,24803.25,24811.25,24783.0,24792.75,4598.0
2026-02-24T08:15:00Z,24792.5,24809.5,24774.25,24789.25,5473.0
2026-02-24T08:20:00Z,24790.0,24817.25,24779.5,24812.75,3711.0
2026-02-24T08:25:00Z,24813.5,24817.75,24794.5,24807.5,2734.0
2026-02-24T08:30:00Z,24807.5,24821.25,24793.5,24795.25,3150.0
2026-02-24T08:35:00Z,24794.75,24798.5,24779.0,24796.75,2818.0
2026-02-24T08:40:00Z,24797.75,24798.0,24776.5,24786.75,2137.0
2026-02-24T08:45:00Z,24786.75,24788.75,24761.5,24762.5,3759.0
2026-02-24T08:50:00Z,24762.75,24773.5,24761.0,24770.5,2557.0
2026-02-24T08:55:00Z,24771.0,24799.0,24771.0,24791.25,3019.0
2026-02-24T09:00:00Z,24791.25,24815.25,24788.0,24804.25,3955.0
2026-02-24T09:05:00Z,24803.5,24818.75,24797.5,24816.0,2541.0
2026-02-24T09:10:00Z,24815.25,24838.5,24811.25,24837.5,3530.0
2026-02-24T09:15:00Z,24837.5,24843.0,24827.5,24828.5,2500.0
2026-02-24T09:20:00Z,24829.25,24833.5,24821.0,24825.5,2144.0
2026-02-24T09:25:00Z,24826.0,24833.75,24820.25,24825.25,2291.0
2026-02-24T09:30:00Z,24825.0,24826.0,24806.0,24806.25,2567.0
2026-02-24T09:35:00Z,24806.0,24821.0,24794.25,24820.75,3043.0
2026-02-24T09:40:00Z,24821.25,24830.5,24819.25,24828.25,2041.0
2026-02-24T09:45:00Z,24828.75,24839.5,24823.0,24837.5,1505.0
2026-02-24T09:50:00Z,24837.5,24843.75,24833.25,24839.0,1674.0
2026-02-24T09:55:00Z,24839.25,24848.0,24838.0,24846.75,1459.0
2026-02-24T10:00:00Z,24847.5,24865.0,24845.0,24864.5,2368.0
2026-02-24T10:05:00Z,24864.0,24865.75,24844.0,24848.0,2324.0
2026-02-24T10:10:00Z,24848.5,24850.75,24841.75,24842.0,1332.0
2026-02-24T10:15:00Z,24842.0,24848.25,24835.25,24846.5,1731.0
2026-02-24T10:20:00Z,24846.25,24847.25,24839.0,24841.0,1025.0
2026-02-24T10:25:00Z,24840.0,24845.25,24835.0,24839.75,1246.0
2026-02-24T10:30:00Z,24840.75,24843.0,24830.25,24834.25,1222.0
2026-02-24T10:35:00Z,24834.5,24847.25,24832.0,24832.5,1451.0
2026-02-24T10:40:00Z,24832.25,24844.75,24826.25,24843.75,1928.0
2026-02-24T10:45:00Z,24844.25,24844.25,24824.0,24829.5,1695.0
2026-02-24T10:50:00Z,24829.75,24841.0,24826.0,24840.75,1467.0
2026-02-24T10:55:00Z,24840.25,24843.5,24836.75,24841.75,1004.0
2026-02-24T11:00:00Z,24842.25,24853.5,24834.0,24846.25,2613.0
2026-02-24T11:05:00Z,24846.75,24849.0,24830.5,24830.75,1568.0
2026-02-24T11:10:00Z,24830.75,24837.5,24822.75,24824.5,1721.0
2026-02-24T11:15:00Z,24825.0,24832.75,24820.75,24825.75,2027.0
2026-02-24T11:20:00Z,24825.75,24827.25,24813.75,24818.0,1988.0
2026-02-24T11:25:00Z,24817.5,24825.5,24815.5,24822.25,1206.0
2026-02-24T11:30:00Z,24822.25,24828.0,24817.25,24817.75,1455.0
2026-02-24T11:35:00Z,24817.75,24822.25,24808.75,24811.75,2208.0
2026-02-24T11:40:00Z,24811.25,24823.0,24809.0,24819.5,1321.0
2026-02-24T11:45:00Z,24819.0,24830.25,24815.75,24815.75,1698.0
2026-02-24T11:50:00Z,24816.25,24822.5,24811.75,24817.25,1004.0
2026-02-24T11:55:00Z,24817.5,24834.5,24815.75,24833.0,2393.0
2026-02-24T12:00:00Z,24832.75,24878.0,24829.0,24870.5,10450.0
2026-02-24T12:05:00Z,24870.25,24901.25,24869.0,24873.75,7296.0
2026-02-24T12:10:00Z,24874.0,24883.75,24861.5,24872.0,4525.0
2026-02-24T12:15:00Z,24872.25,24874.25,24847.25,24851.0,3827.0
2026-02-24T12:20:00Z,24850.75,24855.0,24834.0,24844.0,3825.0
2026-02-24T12:25:00Z,24843.75,24854.5,24838.5,24840.0,2620.0
2026-02-24T12:30:00Z,24840.5,24847.0,24829.25,24830.25,3248.0
2026-02-24T12:35:00Z,24830.75,24837.25,24817.0,24819.75,5001.0
2026-02-24T12:40:00Z,24819.0,24820.5,24800.25,24819.0,6242.0
2026-02-24T12:45:00Z,24818.25,24819.0,24796.5,24801.5,4336.0
2026-02-24T12:50:00Z,24801.5,24823.5,24796.25,24821.25,4141.0
2026-02-24T12:55:00Z,24820.5,24823.25,24810.5,24815.75,2350.0
2026-02-24T13:00:00Z,24817.25,24837.75,24814.0,24832.75,5953.0
2026-02-24T13:05:00Z,24832.75,24837.75,24819.5,24836.0,4235.0
2026-02-24T13:10:00Z,24835.25,24839.75,24820.5,24826.75,2870.0
2026-02-24T13:15:00Z,24826.0,24848.0,24823.25,24842.25,3163.0
2026-02-24T13:20:00Z,24842.25,24847.5,24828.5,24847.5,3586.0
2026-02-24T13:25:00Z,24847.5,24858.75,24844.25,24857.75,3917.0
2026-02-24T13:30:00Z,24857.75,24871.0,24849.25,24858.0,5599.0
2026-02-24T13:35:00Z,24858.25,24860.5,24840.75,24843.25,3413.0
2026-02-24T13:40:00Z,24842.75,24877.0,24836.75,24872.25,6770.0
2026-02-24T13:45:00Z,24872.5,24888.75,24869.5,24877.25,4983.0
2026-02-24T13:50:00Z,24877.25,24883.75,24869.5,24879.75,4092.0
2026-02-24T13:55:00Z,24880.25,24891.25,24875.75,24877.5,4783.0
2026-02-24T14:00:00Z,24877.0,24879.25,24860.75,24862.5,5553.0
2026-02-24T14:05:00Z,24862.5,24869.25,24856.5,24859.5,4595.0
2026-02-24T14:10:00Z,24859.75,24865.25,24844.75,24852.5,5812.0
2026-02-24T14:15:00Z,24852.5,24854.5,24834.25,24836.25,5323.0
2026-02-24T14:20:00Z,24836.5,24841.5,24826.5,24829.5,5297.0
2026-02-24T14:25:00Z,24829.5,24834.5,24797.0,24804.5,11107.0
2026-02-24T14:30:00Z,24804.75,24825.75,24708.75,24739.0,60203.0
2026-02-24T14:35:00Z,24738.75,24815.75,24694.0,24803.0,62283.0
2026-02-24T14:40:00Z,24803.5,24912.25,24800.5,24910.75,53319.0
2026-02-24T14:45:00Z,24911.25,24964.25,24904.5,24943.5,48447.0
2026-02-24T14:50:00Z,24943.75,24949.25,24901.25,24915.0,36991.0
2026-02-24T14:55:00Z,24914.5,24914.75,24860.75,24877.5,35883.0
2026-02-24T15:00:00Z,24876.75,24878.5,24819.5,24841.5,39917.0
2026-02-24T15:05:00Z,24840.5,24906.0,24837.75,24899.5,42720.0
2026-02-24T15:10:00Z,24899.5,24922.75,24853.25,24865.0,40284.0
2026-02-24T15:15:00Z,24865.0,24903.75,24853.75,24894.25,30687.0
2026-02-24T15:20:00Z,24894.25,24953.25,24888.25,24948.75,36263.0
2026-02-24T15:25:00Z,24949.5,25014.5,24934.5,25012.0,37626.0
2026-02-24T15:30:00Z,25011.25,25024.25,24996.0,25009.75,32849.0
2026-02-24T15:35:00Z,25010.5,25012.75,24986.75,25001.0,23690.0
2026-02-24T15:40:00Z,25000.5,25031.25,24994.75,25017.5,20506.0
2026-02-24T15:45:00Z,25017.5,25019.0,24995.75,25009.0,17654.0
2026-02-24T15:50:00Z,25009.25,25009.75,24980.25,24985.0,19606.0
2026-02-24T15:55:00Z,24984.75,24995.75,24967.0,24976.25,20154.0
2026-02-24T16:00:00Z,24976.25,25026.0,24974.0,25019.25,23879.0
2026-02-24T16:05:00Z,25019.25,25034.5,25002.75,25014.0,17055.0
2026-02-24T16:10:00Z,25012.75,25047.0,25000.25,25033.75,20676.0
2026-02-24T16:15:00Z,25033.25,25041.0,25013.25,25019.0,16219.0
2026-02-24T16:20:00Z,25019.25,25022.75,24995.0,25010.25,17712.0
2026-02-24T16:25:00Z,25010.25,25021.5,25006.25,25014.75,10072.0
2026-02-24T16:30:00Z,25014.75,25016.25,24969.25,24972.5,21327.0
2026-02-24T16:35:00Z,24972.75,24998.0,24970.25,24992.0,17866.0
2026-02-24T16:40:00Z,24991.5,25007.5,24977.75,24988.5,15719.0
2026-02-24T16:45:00Z,24988.5,25018.25,24986.25,25008.5,14926.0
2026-02-24T16:50:00Z,25008.25,25034.25,24998.75,25028.75,14823.0
2026-02-24T16:55:00Z,25028.75,25040.25,25021.5,25028.75,9440.0
2026-02-24T17:00:00Z,25029.0,25040.75,25021.5,25030.5,10099.0
2026-02-24T17:05:00Z,25030.75,25052.0,25030.5,25050.25,10071.0
2026-02-24T17:10:00Z,25050.75,25076.0,25048.75,25055.25,20787.0
2026-02-24T17:15:00Z,25055.5,25068.25,25043.25,25049.5,11145.0
2026-02-24T17:20:00Z,25049.25,25065.5,25046.5,25062.5,9004.0
2026-02-24T17:25:00Z,25062.75,25074.25,25057.0,25060.5,8331.0
2026-02-24T17:30:00Z,25060.75,25069.75,25051.25,25061.25,7350.0
2026-02-24T17:35:00Z,25061.25,25065.25,25053.0,25056.5,6257.0
2026-02-24T17:40:00Z,25056.5,25058.75,25036.5,25041.75,10519.0
2026-02-24T17:45:00Z,25041.75,25061.5,25031.25,25057.75,10625.0
2026-02-24T17:50:00Z,25058.0,25064.25,25047.75,25048.25,7293.0
2026-02-24T17:55:00Z,25048.25,25052.5,25041.5,25046.5,5734.0
2026-02-24T18:00:00Z,25046.25,25080.75,25043.0,25072.0,11323.0
2026-02-24T18:05:00Z,25072.0,25072.5,25050.5,25052.25,8987.0
2026-02-24T18:10:00Z,25052.25,25055.5,25038.5,25043.25,7781.0
2026-02-24T18:15:00Z,25043.25,25045.0,25032.25,25034.25,6331.0
2026-02-24T18:20:00Z,25033.75,25042.5,25024.25,25027.0,10680.0
2026-02-24T18:25:00Z,25026.75,25030.25,25015.5,25019.0,10240.0
2026-02-24T18:30:00Z,25019.75,25033.75,25011.75,25028.75,9728.0
2026-02-24T18:35:00Z,25029.0,25051.25,25021.25,25043.0,12540.0
2026-02-24T18:40:00Z,25043.0,25050.0,25034.75,25038.75,7639.0
2026-02-24T18:45:00Z,25039.0,25044.75,25022.25,25028.75,7751.0
2026-02-24T18:50:00Z,25029.25,25042.0,25026.0,25039.0,7170.0
2026-02-24T18:55:00Z,25039.0,25044.0,25029.25,25029.5,5669.0
2026-02-24T19:00:00Z,25029.5,25037.75,25024.25,25032.25,7536.0
2026-02-24T19:05:00Z,25032.5,25036.75,25020.0,25023.75,6372.0
2026-02-24T19:10:00Z,25024.0,25025.5,25008.75,25014.75,9807.0
2026-02-24T19:15:00Z,25014.5,25016.0,24988.25,25003.5,13176.0
2026-02-24T19:20:00Z,25003.5,25008.25,24996.5,25001.25,6561.0
2026-02-24T19:25:00Z,25000.5,25015.5,24995.25,25003.25,10654.0
2026-02-24T19:30:00Z,25003.0,25014.0,25000.25,25004.5,7289.0
2026-02-24T19:35:00Z,25004.0,25015.0,25003.0,25014.5,6138.0
2026-02-24T19:40:00Z,25014.0,25030.5,25011.5,25019.0,10510.0
2026-02-24T19:45:00Z,25019.25,25025.75,25013.5,25020.5,5505.0
2026-02-24T19:50:00Z,25020.75,25050.75,25014.0,25017.25,16328.0
2026-02-24T19:55:00Z,25016.75,25031.5,25014.75,25021.25,7486.0
2026-02-24T20:00:00Z,25021.75,25029.0,25013.25,25017.75,5995.0
2026-02-24T20:05:00Z,25018.25,25022.75,25003.75,25006.75,8150.0
2026-02-24T20:10:00Z,25007.0,25011.75,25000.5,25004.5,6583.0
2026-02-24T20:15:00Z,25004.25,25019.5,24995.75,25015.0,10403.0
2026-02-24T20:20:00Z,25015.0,25025.25,25007.0,25010.5,7873.0
2026-02-24T20:25:00Z,25010.5,25018.25,24997.5,24999.25,7167.0
2026-02-24T20:30:00Z,24999.0,25022.75,24994.75,25017.0,9539.0
2026-02-24T20:35:00Z,25017.0,25020.25,25004.75,25006.25,6069.0
2026-02-24T20:40:00Z,25006.25,25032.0,25004.0,25030.25,7403.0
2026-02-24T20:45:00Z,25030.5,25043.75,25027.75,25037.0,8989.0
2026-02-24T20:50:00Z,25036.5,25071.75,25034.5,25053.5,20363.0
2026-02-24T20:55:00Z,25053.5,25054.0,25022.25,25029.0,19640.0
2026-02-24T21:00:00Z,25029.75,25037.25,25020.5,25021.75,8513.0
2026-02-24T21:05:00Z,25021.75,25023.5,25003.75,25009.0,5649.0
2026-02-24T21:10:00Z,25009.5,25021.5,25009.0,25019.5,3136.0
2026-02-24T21:15:00Z,25019.5,25021.0,25014.0,25017.5,1374.0
2026-02-24T21:20:00Z,25017.25,25027.75,25017.25,25025.25,2000.0
2026-02-24T21:25:00Z,25025.5,25026.25,25021.5,25023.5,947.0
2026-02-24T21:30:00Z,25023.25,25029.25,25020.5,25020.5,1576.0
2026-02-24T21:35:00Z,25020.5,25025.5,25018.75,25020.5,1340.0
2026-02-24T21:40:00Z,25020.5,25021.25,25018.0,25018.5,1129.0
2026-02-24T21:45:00Z,25018.0,25023.0,25015.75,25020.0,2314.0
2026-02-24T21:50:00Z,25020.0,25020.75,25012.25,25017.25,1330.0
2026-02-24T21:55:00Z,25016.75,25022.5,25014.75,25017.0,1372.0
2026-02-24T23:00:00Z,25020.5,25021.25,24996.25,24997.5,0.0
2026-02-24T23:05:00Z,24998.0,25004.5,24992.25,25002.25,1962.0
2026-02-24T23:10:00Z,25002.5,25026.25,25002.5,25020.25,2361.0
2026-02-24T23:15:00Z,25019.5,25028.25,25011.0,25013.75,1672.0
2026-02-24T23:20:00Z,25013.75,25019.5,25009.0,25017.5,906.0
2026-02-24T23:25:00Z,25017.25,25025.0,25016.0,25022.5,960.0
2026-02-24T23:30:00Z,25022.0,25032.75,25016.5,25031.25,1749.0
2026-02-24T23:35:00Z,25030.5,25035.0,25023.75,25033.25,1455.0
2026-02-24T23:40:00Z,25033.75,25038.0,25030.5,25032.75,1265.0
2026-02-24T23:45:00Z,25032.25,25034.5,25028.0,25032.0,924.0
2026-02-24T23:50:00Z,25031.5,25034.75,25027.0,25031.75,688.0
2026-02-24T23:55:00Z,25030.75,25051.0,25030.25,25044.25,2716.0
2026-02-25T00:00:00Z,25044.25,25045.25,25029.25,25033.5,1957.0
2026-02-25T00:05:00Z,25034.25,25043.25,25030.75,25040.0,1454.0
2026-02-25T00:10:00Z,25041.0,25042.75,25027.5,25029.25,1742.0
2026-02-25T00:15:00Z,25029.0,25037.5,25027.0,25036.25,1207.0
2026-02-25T00:20:00Z,25036.0,25045.0,25035.0,25040.5,1144.0
2026-02-25T00:25:00Z,25040.5,25041.25,25022.5,25028.0,2233.0
2026-02-25T00:30:00Z,25028.0,25033.5,25018.5,25029.75,2060.0
2026-02-25T00:35:00Z,25030.0,25047.75,25025.75,25042.5,2161.0
2026-02-25T00:40:00Z,25043.25,25062.75,25042.75,25060.25,2268.0
2026-02-25T00:45:00Z,25060.75,25070.0,25046.25,25066.25,2728.0
2026-02-25T00:50:00Z,25066.0,25075.0,25065.25,25070.25,2345.0
2026-02-25T00:55:00Z,25069.75,25071.75,25061.5,25071.25,1981.0
2026-02-25T01:00:00Z,25071.5,25088.75,25062.5,25077.5,5224.0
2026-02-25T01:05:00Z,25078.25,25082.75,25068.0,25073.0,2457.0
2026-02-25T01:10:00Z,25072.75,25093.0,25070.0,25089.5,3328.0
2026-02-25T01:15:00Z,25090.0,25108.5,25082.0,25098.0,4919.0
2026-02-25T01:20:00Z,25098.0,25099.25,25071.75,25074.25,3893.0
2026-02-25T01:25:00Z,25074.5,25086.0,25071.25,25080.0,2072.0
2026-02-25T01:30:00Z,25080.25,25090.0,25073.0,25084.0,2493.0
2026-02-25T01:35:00Z,25085.5,25098.75,25085.5,25095.0,1995.0
2026-02-25T01:40:00Z,25094.75,25103.0,25090.5,25092.75,1800.0
2026-02-25T01:45:00Z,25094.0,25112.75,25092.25,25107.5,3402.0
2026-02-25T01:50:00Z,25107.5,25113.25,25105.5,25109.5,1707.0
2026-02-25T01:55:00Z,25109.0,25111.25,25101.0,25102.75,1701.0
2026-02-25T02:00:00Z,25102.75,25110.75,25091.0,25094.5,3216.0
2026-02-25T02:05:00Z,25095.0,25102.5,25092.5,25096.25,1675.0
2026-02-25T02:10:00Z,25096.5,25104.75,25094.5,25102.75,1327.0
2026-02-25T02:15:00Z,25103.0,25103.75,25083.75,25095.25,3437.0
2026-02-25T02:20:00Z,25095.25,25107.5,25089.25,25095.75,2893.0
2026-02-25T02:25:00Z,25096.25,25103.75,25092.5,25101.5,985.0
2026-02-25T02:30:00Z,25101.25,25118.0,25101.25,25104.25,2368.0
2026-02-25T02:35:00Z,25104.0,25114.75,25101.5,25103.75,1776.0
2026-02-25T02:40:00Z,25103.25,25105.5,25092.0,25096.0,2657.0
2026-02-25T02:45:00Z,25097.0,25104.5,25094.75,25101.5,1267.0
2026-02-25T02:50:00Z,25101.5,25108.0,25091.75,25104.25,1858.0
2026-02-25T02:55:00Z,25104.25,25108.75,25097.5,25107.25,1115.0
2026-02-25T03:00:00Z,25106.75,25110.0,25096.75,25098.25,1361.0
2026-02-25T03:05:00Z,25098.5,25099.75,25076.75,25083.5,3714.0
2026-02-25T03:10:00Z,25083.5,25090.0,25077.0,25078.5,2044.0
2026-02-25T03:15:00Z,25079.0,25082.5,25061.75,25070.75,3630.0
2026-02-25T03:20:00Z,25070.25,25072.75,25054.5,25062.5,2764.0
2026-02-25T03:25:00Z,25062.5,25074.25,25058.25,25070.0,2078.0
2026-02-25T03:30:00Z,25069.5,25076.25,24995.0,25041.75,10402.0
2026-02-25T03:35:00Z,25042.25,25053.75,25033.0,25044.5,4767.0
2026-02-25T03:40:00Z,25043.5,25066.75,25043.5,25057.25,3358.0
2026-02-25T03:45:00Z,25058.0,25069.0,25050.0,25062.75,2309.0
2026-02-25T03:50:00Z,25062.75,25074.25,25060.0,25073.0,1763.0
2026-02-25T03:55:00Z,25073.25,25081.5,25065.0,25066.5,2101.0
2026-02-25T04:00:00Z,25067.5,25068.25,25047.75,25054.75,3163.0
2026-02-25T04:05:00Z,25054.25,25057.5,25048.5,25050.75,1196.0
2026-02-25T04:10:00Z,25050.0,25051.5,25034.75,25041.5,2452.0
2026-02-25T04:15:00Z,25041.5,25045.0,25033.25,25038.25,1530.0
2026-02-25T04:20:00Z,25038.25,25046.25,25036.5,25041.75,1339.0
2026-02-25T04:25:00Z,25040.75,25054.5,25039.5,25054.5,1529.0
2026-02-25T04:30:00Z,25053.5,25062.25,25053.0,25057.0,1549.0
2026-02-25T04:35:00Z,25057.5,25062.75,25052.75,25058.75,811.0
2026-02-25T04:40:00Z,25058.5,25059.0,25053.75,25055.5,505.0
2026-02-25T04:45:00Z,25056.25,25059.5,25052.0,25058.5,803.0
2026-02-25T04:50:00Z,25058.5,25061.5,25054.25,25055.0,756.0
2026-02-25T04:55:00Z,25054.75,25056.0,25045.5,25047.25,1297.0
2026-02-25T05:05:00Z,25059.25,25066.0,25058.75,25064.0,2296.0
2026-02-25T05:10:00Z,25065.25,25067.75,25051.5,25054.5,1460.0
2026-02-25T05:15:00Z,25054.5,25055.5,25044.75,25047.25,932.0
2026-02-25T05:20:00Z,25046.5,25048.0,25035.25,25038.5,1651.0
2026-02-25T05:25:00Z,25039.0,25046.0,25036.5,25041.0,962.0
2026-02-25T05:30:00Z,25042.0,25047.0,25034.5,25036.5,1028.0
2026-02-25T05:35:00Z,25037.0,25046.0,25030.25,25045.25,1734.0
2026-02-25T05:40:00Z,25045.5,25046.0,25036.25,25040.25,828.0
2026-02-25T05:45:00Z,25041.25,25057.25,25040.25,25055.75,1636.0
2026-02-25T05:50:00Z,25056.5,25057.25,25047.0,25047.0,674.0
2026-02-25T05:55:00Z,25048.25,25048.25,25037.25,25040.75,1165.0
2026-02-25T06:00:00Z,25040.75,25043.75,25032.0,25035.5,1295.0
2026-02-25T06:05:00Z,25035.25,25043.5,25034.75,25039.5,1245.0
2026-02-25T06:10:00Z,25040.25,25045.75,25035.75,25045.5,991.0
2026-02-25T06:15:00Z,25045.0,25048.25,25040.5,25047.5,649.0
2026-02-25T06:20:00Z,25048.25,25058.75,25043.75,25050.75,1483.0
2026-02-25T06:25:00Z,25051.25,25059.0,25040.5,25041.75,1549.0
2026-02-25T06:30:00Z,25040.75,25051.25,25036.5,25049.0,1312.0
2026-02-25T06:35:00Z,25049.5,25059.0,25048.0,25053.75,854.0
2026-02-25T06:40:00Z,25054.25,25054.5,25043.5,25044.5,888.0
2026-02-25T06:45:00Z,25045.0,25045.0,25037.0,25043.0,996.0
2026-02-25T06:50:00Z,25042.75,25046.5,25038.0,25042.25,539.0
2026-02-25T06:55:00Z,25042.0,25043.5,25038.0,25041.25,549.0
2026-02-25T07:00:00Z,25042.25,25051.25,25034.25,25045.0,1645.0
2026-02-25T07:05:00Z,25045.0,25048.0,25037.25,25048.0,981.0
2026-02-25T07:10:00Z,25049.0,25053.75,25040.25,25041.0,1467.0
2026-02-25T07:15:00Z,25041.25,25048.0,25035.25,25038.5,1068.0
2026-02-25T07:20:00Z,25038.5,25046.25,25038.0,25041.25,636.0
2026-02-25T07:25:00Z,25041.0,25043.75,25036.0,25041.0,727.0
2026-02-25T07:30:00Z,25041.25,25042.75,25026.5,25029.0,2264.0
2026-02-25T07:35:00Z,25029.0,25031.0,25017.5,25029.0,2814.0
2026-02-25T07:40:00Z,25029.0,25034.75,25024.75,25027.25,1544.0
2026-02-25T07:45:00Z,25027.25,25035.75,25026.25,25033.0,797.0
2026-02-25T07:50:00Z,25033.25,25042.25,25032.0,25040.5,1338.0
2026-02-25T07:55:00Z,25041.25,25042.25,25033.75,25036.0,811.0
2026-02-25T08:00:00Z,25036.25,25071.5,25036.0,25071.0,4817.0
2026-02-25T08:05:00Z,25071.25,25077.75,25053.25,25060.5,4027.0
2026-02-25T08:10:00Z,25060.75,25061.25,25049.5,25056.75,1672.0
2026-02-25T08:15:00Z,25057.0,25068.25,25048.5,25067.75,2014.0
2026-02-25T08:20:00Z,25067.5,25082.25,25067.0,25078.25,2551.0
2026-02-25T08:25:00Z,25078.25,25090.75,25072.75,25074.5,2841.0
2026-02-25T08:30:00Z,25075.5,25078.5,25061.5,25064.0,1801.0
2026-02-25T08:35:00Z,25063.75,25078.75,25062.5,25070.25,1689.0
2026-02-25T08:40:00Z,25070.5,25080.5,25069.25,25075.25,1103.0
2026-02-25T08:45:00Z,25076.25,25083.75,25068.5,25083.25,1335.0
2026-02-25T08:50:00Z,25083.25,25083.5,25063.75,25069.0,1534.0
2026-02-25T08:55:00Z,25069.5,25076.5,25067.0,25074.5,1042.0
2026-02-25T09:00:00Z,25073.75,25075.5,25061.75,25064.5,1504.0
2026-02-25T09:05:00Z,25063.75,25082.0,25055.0,25080.75,2679.0
2026-02-25T09:10:00Z,25080.5,25088.0,25074.0,25079.75,1503.0
2026-02-25T09:15:00Z,25079.25,25081.0,25069.25,25073.75,1434.0
2026-02-25T09:20:00Z,25074.0,25083.0,25071.75,25072.5,1136.0
2026-02-25T09:25:00Z,25073.75,25080.0,25063.75,25069.0,1062.0
2026-02-25T09:30:00Z,25069.25,25073.5,25063.75,25071.25,886.0
2026-02-25T09:35:00Z,25070.25,25077.5,25064.75,25076.25,1022.0
2026-02-25T09:40:00Z,25076.0,25083.0,25072.75,25081.5,1094.0
2026-02-25T09:45:00Z,25082.0,25088.0,25072.25,25075.75,1736.0
2026-02-25T09:50:00Z,25075.75,25081.75,25074.25,25080.0,773.0
2026-02-25T09:55:00Z,25079.75,25085.25,25079.75,25081.75,614.0
2026-02-25T10:00:00Z,25082.25,25086.0,25072.25,25074.0,1051.0
2026-02-25T10:05:00Z,25074.0,25076.25,25066.0,25073.5,1677.0
2026-02-25T10:10:00Z,25074.0,25077.25,25066.25,25071.0,758.0
2026-02-25T10:15:00Z,25070.5,25074.5,25065.25,25069.25,954.0
2026-02-25T10:20:00Z,25068.25,25078.5,25065.0,25073.0,1375.0
2026-02-25T10:25:00Z,25073.0,25082.75,25071.5,25076.0,1130.0
2026-02-25T10:30:00Z,25076.0,25081.75,25073.0,25076.25,756.0
2026-02-25T10:35:00Z,25076.5,25093.0,25075.75,25088.75,1824.0
2026-02-25T10:40:00Z,25089.0,25094.25,25087.0,25088.0,891.0
2026-02-25T10:45:00Z,25087.75,25088.5,25080.75,25085.25,855.0
2026-02-25T10:50:00Z,25085.75,25086.0,25070.5,25071.75,1176.0
2026-02-25T10:55:00Z,25071.75,25074.25,25067.25,25073.5,1527.0
2026-02-25T11:00:00Z,25073.75,25077.25,25069.25,25070.5,1092.0
2026-02-25T11:05:00Z,25071.0,25078.0,25068.25,25074.0,837.0
2026-02-25T11:10:00Z,25074.25,25083.25,25073.0,25080.25,1022.0
2026-02-25T11:15:00Z,25079.75,25082.5,25073.75,25075.25,863.0
2026-02-25T11:20:00Z,25076.25,25085.0,25070.0,25080.0,1331.0
2026-02-25T11:25:00Z,25079.75,25084.0,25079.0,25080.25,546.0
2026-02-25T11:30:00Z,25080.75,25100.0,25080.75,25096.25,2493.0
2026-02-25T11:35:00Z,25096.25,25107.5,25091.5,25106.0,2419.0
2026-02-25T11:40:00Z,25106.0,25110.25,25103.0,25109.5,1834.0
2026-02-25T11:45:00Z,25109.25,25120.25,25107.5,25113.5,2604.0
2026-02-25T11:50:00Z,25114.0,25121.25,25112.75,25120.25,1277.0
2026-02-25T11:55:00Z,25120.75,25128.5,25120.0,25124.75,2735.0
2026-02-25T12:00:00Z,25124.5,25131.75,25114.5,25119.0,4054.0
2026-02-25T12:05:00Z,25118.5,25126.0,25115.0,25121.25,1769.0
2026-02-25T12:10:00Z,25121.25,25125.0,25105.75,25112.0,2426.0
2026-02-25T12:15:00Z,25112.0,25133.5,25109.75,25128.0,2585.0
2026-02-25T12:20:00Z,25128.0,25149.25,25127.25,25142.5,6134.0
2026-02-25T12:25:00Z,25142.0,25150.0,25132.0,25134.0,2865.0
2026-02-25T12:30:00Z,25133.75,25142.25,25122.25,25139.0,3808.0
2026-02-25T12:35:00Z,25138.75,25143.5,25131.75,25135.0,2328.0
2026-02-25T12:40:00Z,25135.5,25135.75,25126.75,25130.5,1712.0
2026-02-25T12:45:00Z,25130.75,25141.75,25129.75,25136.5,2178.0
2026-02-25T12:50:00Z,25136.25,25146.75,25135.75,25143.75,2664.0
2026-02-25T12:55:00Z,25144.0,25146.25,25131.25,25138.75,2356.0
2026-02-25T13:00:00Z,25139.5,25147.5,25133.5,25139.5,2156.0
2026-02-25T13:05:00Z,25139.75,25146.75,25137.75,25140.0,1620.0
2026-02-25T13:10:00Z,25139.75,25154.0,25139.25,25149.5,2479.0
2026-02-25T13:15:00Z,25149.5,25149.5,25138.25,25139.75,2174.0
2026-02-25T13:20:00Z,25140.75,25141.5,25131.25,25140.5,2768.0
2026-02-25T13:25:00Z,25140.5,25147.0,25138.0,25143.5,2326.0
2026-02-25T13:30:00Z,25143.75,25144.0,25123.75,25132.25,3808.0
2026-02-25T13:35:00Z,25131.75,25138.25,25128.75,25134.75,3396.0
2026-02-25T13:40:00Z,25135.25,25144.5,25132.25,25134.75,2950.0
2026-02-25T13:45:00Z,25134.25,25146.75,25132.0,25142.25,3253.0
2026-02-25T13:50:00Z,25142.5,25148.0,25137.25,25145.0,2263.0
2026-02-25T13:55:00Z,25145.25,25166.0,25144.5,25150.25,7703.0
2026-02-25T14:00:00Z,25150.75,25164.75,25147.0,25150.75,6606.0
2026-02-25T14:05:00Z,25151.0,25171.75,25145.25,25166.5,6356.0
2026-02-25T14:10:00Z,25166.75,25177.5,25155.25,25155.75,6822.0
2026-02-25T14:15:00Z,25155.75,25156.5,25130.0,25140.25,11127.0
2026-02-25T14:20:00Z,25140.0,25153.25,25134.0,25152.25,5876.0
2026-02-25T14:25:00Z,25152.25,25164.75,25144.25,25160.25,9148.0
2026-02-25T14:30:00Z,25160.25,25244.75,25156.75,25222.0,52191.0
2026-02-25T14:35:00Z,25222.25,25255.0,25217.25,25246.0,35842.0
2026-02-25T14:40:00Z,25246.0,25279.75,25233.25,25271.5,34790.0
2026-02-25T14:45:00Z,25271.5,25331.75,25270.75,25319.75,41163.0
2026-02-25T14:50:00Z,25319.5,25348.5,25315.0,25335.0,27396.0
2026-02-25T14:55:00Z,25335.25,25352.0,25305.5,25343.25,33592.0
2026-02-25T15:00:00Z,25343.25,25361.0,25333.5,25334.25,26579.0
2026-02-25T15:05:00Z,25334.25,25344.0,25309.25,25318.0,26828.0
2026-02-25T15:10:00Z,25317.75,25328.25,25303.5,25308.75,21976.0
2026-02-25T15:15:00Z,25308.5,25314.5,25285.5,25297.75,29403.0
2026-02-25T15:20:00Z,25297.25,25314.75,25281.25,25309.25,24993.0
2026-02-25T15:25:00Z,25308.75,25341.0,25304.5,25334.25,24498.0
2026-02-25T15:30:00Z,25334.0,25341.75,25294.25,25297.5,27009.0
2026-02-25T15:35:00Z,25297.25,25304.25,25284.75,25296.25,20969.0
2026-02-25T15:40:00Z,25296.0,25315.0,25292.75,25297.5,17269.0
2026-02-25T15:45:00Z,25298.25,25313.75,25296.0,25302.0,12235.0
2026-02-25T15:50:00Z,25302.25,25304.75,25276.0,25283.25,20316.0
2026-02-25T15:55:00Z,25283.0,25298.5,25264.75,25294.75,23348.0
2026-02-25T16:00:00Z,25295.0,25310.75,25283.75,25291.5,20163.0
2026-02-25T16:05:00Z,25291.75,25306.0,25284.0,25304.25,11060.0
2026-02-25T16:10:00Z,25304.25,25305.25,25287.5,25299.5,10746.0
2026-02-25T16:15:00Z,25299.0,25301.25,25281.5,25290.25,11264.0
2026-02-25T16:20:00Z,25290.25,25303.25,25283.75,25295.0,9437.0
2026-02-25T16:25:00Z,25295.25,25305.0,25290.25,25300.25,10423.0
2026-02-25T16:30:00Z,25300.25,25315.5,25297.25,25299.75,13843.0
2026-02-25T16:35:00Z,25299.5,25314.25,25293.5,25313.25,10527.0
2026-02-25T16:40:00Z,25313.25,25327.75,25311.25,25320.75,13017.0
2026-02-25T16:45:00Z,25320.75,25331.25,25317.25,25323.5,9298.0
2026-02-25T16:50:00Z,25323.5,25333.0,25318.0,25324.25,7669.0
2026-02-25T16:55:00Z,25324.5,25324.75,25313.75,25316.5,8361.0
2026-02-25T17:00:00Z,25316.75,25332.25,25313.75,25328.25,8942.0
2026-02-25T17:05:00Z,25328.75,25335.5,25309.0,25327.5,12921.0
2026-02-25T17:10:00Z,25327.75,25341.25,25323.25,25338.75,8880.0
2026-02-25T17:15:00Z,25339.0,25339.75,25331.5,25335.75,6273.0
2026-02-25T17:20:00Z,25336.0,25339.0,25330.0,25336.25,5096.0
2026-02-25T17:25:00Z,25336.0,25340.0,25319.5,25321.25,7048.0
2026-02-25T17:30:00Z,25321.0,25328.75,25315.0,25320.5,7883.0
2026-02-25T17:35:00Z,25321.0,25334.0,25321.0,25330.75,5554.0
2026-02-25T17:40:00Z,25330.5,25340.5,25328.5,25333.75,6136.0
2026-02-25T17:45:00Z,25334.0,25345.75,25330.25,25337.75,7902.0
2026-02-25T17:50:00Z,25337.75,25351.5,25336.75,25347.75,7661.0
2026-02-25T17:55:00Z,25347.75,25354.75,25343.0,25351.75,5268.0
2026-02-25T18:00:00Z,25352.75,25356.25,25344.5,25347.0,6531.0
2026-02-25T18:05:00Z,25347.25,25348.5,25341.25,25347.0,5099.0
2026-02-25T18:10:00Z,25346.75,25355.5,25344.25,25345.0,5835.0
2026-02-25T18:15:00Z,25345.25,25346.25,25336.25,25340.75,6658.0
2026-02-25T18:20:00Z,25340.5,25343.25,25337.25,25338.5,3940.0
2026-02-25T18:25:00Z,25338.25,25343.75,25336.5,25339.25,3144.0
2026-02-25T18:30:00Z,25339.25,25341.75,25334.0,25338.75,3872.0
2026-02-25T18:35:00Z,25339.0,25343.0,25335.0,25341.75,3447.0
2026-02-25T18:40:00Z,25341.75,25354.25,25341.0,25350.75,5518.0
2026-02-25T18:45:00Z,25351.0,25354.0,25347.75,25352.75,2784.0
2026-02-25T18:50:00Z,25352.75,25356.0,25349.25,25354.0,2663.0
2026-02-25T18:55:00Z,25354.25,25354.5,25348.5,25350.5,2319.0
2026-02-25T19:00:00Z,25350.75,25369.0,25349.5,25363.75,8760.0
2026-02-25T19:05:00Z,25363.75,25374.25,25360.25,25369.75,7793.0
2026-02-25T19:10:00Z,25369.25,25371.0,25362.25,25365.75,4267.0
2026-02-25T19:15:00Z,25366.25,25377.75,25363.75,25376.25,5484.0
2026-02-25T19:20:00Z,25376.25,25377.0,25366.0,25370.0,4513.0
2026-02-25T19:25:00Z,25370.25,25376.75,25367.5,25370.75,3926.0
2026-02-25T19:30:00Z,25371.0,25379.0,25370.0,25374.0,3936.0
2026-02-25T19:35:00Z,25374.0,25377.25,25371.0,25372.5,3013.0
2026-02-25T19:40:00Z,25372.75,25376.75,25365.5,25366.5,4515.0
2026-02-25T19:45:00Z,25366.75,25375.25,25364.75,25372.25,4941.0
2026-02-25T19:50:00Z,25372.75,25375.75,25367.75,25373.25,3114.0
2026-02-25T19:55:00Z,25373.75,25375.0,25368.0,25368.5,2492.0
2026-02-25T20:00:00Z,25368.75,25372.75,25364.5,25368.5,4569.0
2026-02-25T20:05:00Z,25368.5,25376.0,25365.25,25375.0,4311.0
2026-02-25T20:10:00Z,25374.75,25374.75,25367.0,25371.0,3651.0
2026-02-25T20:15:00Z,25371.0,25374.25,25367.0,25372.25,3603.0
2026-02-25T20:20:00Z,25372.5,25372.75,25359.0,25363.25,6524.0
2026-02-25T20:25:00Z,25363.0,25373.75,25361.75,25366.75,5730.0
2026-02-25T20:30:00Z,25367.0,25367.0,25352.0,25357.25,10623.0
2026-02-25T20:35:00Z,25357.0,25377.0,25354.0,25373.25,8729.0
2026-02-25T20:40:00Z,25373.5,25385.5,25370.5,25374.0,9308.0
2026-02-25T20:45:00Z,25374.0,25387.5,25371.25,25381.5,7564.0
2026-02-25T20:50:00Z,25381.5,25396.75,25370.5,25387.0,16537.0
2026-02-25T20:55:00Z,25387.25,25387.5,25372.25,25383.5,14931.0
2026-02-25T21:00:00Z,25384.0,25391.25,25371.25,25384.0,10883.0
2026-02-25T21:05:00Z,25384.25,25411.5,25384.0,25400.75,9412.0
2026-02-25T21:10:00Z,25400.25,25400.5,25387.75,25391.75,5172.0
2026-02-25T21:15:00Z,25391.5,25399.75,25382.0,25382.5,4472.0
2026-02-25T21:20:00Z,25382.5,25395.0,25379.5,25386.0,2254.0
2026-02-25T21:25:00Z,25385.5,25420.0,25374.0,25395.5,6312.0
2026-02-25T21:30:00Z,25395.5,25488.0,25388.25,25475.0,18301.0
2026-02-25T21:35:00Z,25474.0,25495.0,25452.5,25483.0,12820.0
2026-02-25T21:40:00Z,25482.75,25485.0,25452.0,25459.25,7002.0
2026-02-25T21:45:00Z,25459.75,25463.0,25435.0,25452.0,8347.0
2026-02-25T21:50:00Z,25452.0,25467.0,25439.75,25462.0,4256.0
2026-02-25T21:55:00Z,25462.0,25471.0,25454.0,25460.75,2908.0
2026-02-25T23:00:00Z,25398.75,25418.5,25366.25,25381.75,0.0
2026-02-25T23:05:00Z,25382.0,25409.25,25365.0,25404.5,4914.0
2026-02-25T23:10:00Z,25405.5,25405.5,25376.25,25381.25,3268.0
2026-02-25T23:15:00Z,25380.5,25393.0,25371.5,25375.5,2608.0
2026-02-25T23:20:00Z,25376.0,25378.5,25367.5,25369.25,1970.0
2026-02-25T23:25:00Z,25368.25,25385.25,25361.25,25383.25,3246.0
2026-02-25T23:30:00Z,25384.25,25387.75,25346.25,25352.5,4879.0
2026-02-25T23:35:00Z,25352.75,25355.5,25322.5,25326.0,5771.0
2026-02-25T23:40:00Z,25325.5,25326.25,25274.5,25309.5,11447.0
2026-02-25T23:45:00Z,25308.25,25333.5,25301.0,25317.75,6432.0
2026-02-25T23:50:00Z,25318.0,25328.25,25301.75,25308.75,3637.0
2026-02-25T23:55:00Z,25308.75,25327.25,25307.5,25316.5,3104.0
2026-02-26T00:00:00Z,25316.25,25337.75,25304.0,25320.75,5205.0
2026-02-26T00:05:00Z,25320.5,25325.25,25310.25,25316.25,3638.0
2026-02-26T00:10:00Z,25316.25,25336.75,25315.5,25331.5,2971.0
2026-02-26T00:15:00Z,25331.0,25337.0,25321.25,25327.25,2595.0
2026-02-26T00:20:00Z,25328.0,25333.25,25317.0,25325.0,2130.0
2026-02-26T00:25:00Z,25325.75,25340.5,25319.25,25336.75,2844.0
2026-02-26T00:30:00Z,25336.75,25343.0,25322.75,25331.0,2599.0
2026-02-26T00:35:00Z,25331.0,25335.25,25312.75,25318.0,2854.0
2026-02-26T00:40:00Z,25318.0,25321.0,25302.25,25308.75,3452.0
2026-02-26T00:45:00Z,25309.75,25320.0,25309.0,25316.75,1579.0
2026-02-26T00:50:00Z,25318.25,25325.0,25311.0,25322.0,1976.0
2026-02-26T00:55:00Z,25321.75,25325.0,25309.0,25316.0,1799.0
2026-02-26T01:00:00Z,25316.25,25320.0,25307.0,25313.25,2347.0
2026-02-26T01:05:00Z,25313.25,25313.75,25289.0,25290.0,3055.0
2026-02-26T01:10:00Z,25290.0,25312.75,25288.0,25311.5,4104.0
2026-02-26T01:15:00Z,25311.0,25313.75,25299.25,25310.75,2324.0
2026-02-26T01:20:00Z,25310.75,25314.75,25290.0,25293.0,2795.0
2026-02-26T01:25:00Z,25293.0,25302.0,25272.75,25274.5,3911.0
2026-02-26T01:30:00Z,25274.0,25289.5,25264.75,25287.5,4982.0
2026-02-26T01:35:00Z,25286.75,25299.75,25284.75,25297.5,2537.0
2026-02-26T01:40:00Z,25299.0,25312.5,25299.0,25307.5,2260.0
2026-02-26T01:45:00Z,25307.0,25316.5,25303.5,25310.0,2020.0
2026-02-26T01:50:00Z,25309.0,25311.75,25304.75,25311.75,800.0
2026-02-26T01:55:00Z,25311.0,25320.25,25304.75,25316.5,2130.0
2026-02-26T02:00:00Z,25315.75,25320.0,25303.5,25307.5,2043.0
2026-02-26T02:05:00Z,25308.0,25309.25,25292.0,25305.0,2460.0
2026-02-26T02:10:00Z,25304.5,25306.5,25290.75,25294.0,1937.0
2026-02-26T02:15:00Z,25294.25,25310.75,25294.0,25306.25,1918.0
2026-02-26T02:20:00Z,25307.25,25312.0,25301.5,25306.25,1468.0
2026-02-26T02:25:00Z,25305.5,25305.75,25298.5,25300.5,1172.0
2026-02-26T02:30:00Z,25300.0,25303.75,25294.25,25294.5,1347.0
2026-02-26T02:35:00Z,25294.25,25302.5,25292.25,25296.25,1310.0
2026-02-26T02:40:00Z,25296.25,25299.0,25289.25,25294.5,1483.0
2026-02-26T02:45:00Z,25294.75,25303.75,25294.75,25302.25,1240.0
2026-02-26T02:50:00Z,25301.5,25309.75,25300.0,25304.0,1394.0
2026-02-26T02:55:00Z,25304.25,25309.25,25302.5,25307.5,656.0
2026-02-26T03:00:00Z,25306.25,25312.25,25300.75,25305.5,1416.0
2026-02-26T03:05:00Z,25303.75,25304.75,25294.5,25295.75,1122.0
2026-02-26T03:10:00Z,25296.5,25303.75,25294.5,25301.75,866.0
2026-02-26T03:15:00Z,25300.75,25309.75,25300.0,25301.25,980.0
2026-02-26T03:20:00Z,25301.75,25308.25,25300.5,25305.75,537.0
2026-02-26T03:25:00Z,25306.0,25311.25,25304.0,25306.0,716.0
2026-02-26T03:30:00Z,25305.5,25314.75,25303.5,25313.25,1097.0
2026-02-26T03:35:00Z,25313.25,25317.75,25310.0,25311.0,1066.0
2026-02-26T03:40:00Z,25311.25,25323.75,25311.25,25313.25,1465.0
2026-02-26T03:45:00Z,25312.5,25319.0,25309.25,25313.25,921.0
2026-02-26T03:50:00Z,25313.75,25314.75,25305.75,25306.75,823.0
2026-02-26T03:55:00Z,25306.75,25308.75,25298.25,25301.25,1067.0
2026-02-26T04:00:00Z,25301.0,25308.75,25295.5,25300.25,1393.0
2026-02-26T04:05:00Z,25300.0,25310.25,25298.0,25309.75,834.0
2026-02-26T04:10:00Z,25309.75,25310.5,25299.75,25300.0,770.0
2026-02-26T04:15:00Z,25300.25,25302.5,25295.25,25301.5,1019.0
2026-02-26T04:20:00Z,25301.25,25304.75,25298.75,25300.25,765.0
2026-02-26T04:25:00Z,25300.0,25302.0,25295.75,25298.75,591.0
2026-02-26T04:30:00Z,25298.75,25301.5,25292.75,25295.75,787.0
2026-02-26T04:35:00Z,25294.75,25305.5,25294.75,25303.0,675.0
2026-02-26T04:40:00Z,25302.0,25302.25,25298.25,25299.25,365.0
2026-02-26T04:45:00Z,25299.0,25301.0,25296.25,25300.75,384.0
2026-02-26T04:50:00Z,25300.5,25306.0,25300.5,25303.5,452.0
2026-02-26T04:55:00Z,25303.5,25303.5,25298.75,25299.0,389.0
2026-02-26T05:05:00Z,25285.25,25290.25,25283.0,25290.25,3270.0
2026-02-26T05:10:00Z,25290.25,25293.25,25284.75,25285.5,1142.0
2026-02-26T05:15:00Z,25285.25,25300.0,25283.0,25299.25,1197.0
2026-02-26T05:20:00Z,25299.75,25304.25,25296.0,25300.0,997.0
2026-02-26T05:25:00Z,25300.25,25302.0,25294.0,25295.25,583.0
2026-02-26T05:30:00Z,25295.5,25297.75,25292.0,25296.0,609.0
2026-02-26T05:35:00Z,25295.25,25299.75,25292.25,25295.75,476.0
2026-02-26T05:40:00Z,25296.0,25300.25,25294.75,25298.0,614.0
2026-02-26T05:45:00Z,25298.5,25309.75,25298.25,25306.5,1237.0
2026-02-26T05:50:00Z,25306.25,25306.5,25295.5,25299.0,769.0
2026-02-26T05:55:00Z,25299.5,25310.0,25299.5,25307.25,734.0
2026-02-26T06:00:00Z,25308.0,25321.5,25306.75,25307.75,1733.0
2026-02-26T06:05:00Z,25307.75,25326.5,25307.75,25323.75,1481.0
2026-02-26T06:10:00Z,25324.5,25333.75,25321.5,25333.5,1506.0
2026-02-26T06:15:00Z,25333.0,25333.25,25318.25,25323.75,1443.0
2026-02-26T06:20:00Z,25324.0,25330.0,25320.0,25325.25,824.0
2026-02-26T06:25:00Z,25324.75,25327.0,25316.0,25320.5,879.0
2026-02-26T06:30:00Z,25319.5,25335.75,25316.75,25330.25,1683.0
2026-02-26T06:35:00Z,25329.25,25337.5,25326.25,25336.0,1260.0
2026-02-26T06:40:00Z,25336.0,25340.5,25330.25,25335.25,1267.0
2026-02-26T06:45:00Z,25334.75,25344.5,25333.0,25335.25,1462.0
2026-02-26T06:50:00Z,25335.25,25339.5,25322.5,25325.0,1469.0
2026-02-26T06:55:00Z,25325.25,25329.5,25322.25,25327.5,887.0
2026-02-26T07:00:00Z,25327.25,25340.5,25326.0,25339.75,1856.0
2026-02-26T07:05:00Z,25339.5,25346.5,25333.75,25346.5,1475.0
2026-02-26T07:10:00Z,25346.25,25351.25,25339.25,25347.75,2095.0
2026-02-26T07:15:00Z,25347.0,25349.5,25340.75,25346.75,1011.0
2026-02-26T07:20:00Z,25346.75,25355.75,25331.5,25332.75,2052.0
2026-02-26T07:25:00Z,25332.0,25343.25,25328.25,25342.0,1325.0
2026-02-26T07:30:00Z,25341.25,25348.0,25339.25,25343.0,1470.0
2026-02-26T07:35:00Z,25343.5,25346.0,25339.0,25342.75,670.0
2026-02-26T07:40:00Z,25342.5,25361.25,25342.25,25360.75,1730.0
2026-02-26T07:45:00Z,25360.0,25365.0,25348.0,25352.75,1754.0
2026-02-26T07:50:00Z,25353.75,25356.25,25344.75,25355.0,1133.0
2026-02-26T07:55:00Z,25355.0,25358.0,25347.0,25347.5,1175.0
2026-02-26T08:00:00Z,25348.0,25360.5,25343.5,25353.5,2682.0
2026-02-26T08:05:00Z,25353.25,25360.75,25346.5,25350.75,1452.0
2026-02-26T08:10:00Z,25349.25,25367.5,25347.75,25364.25,2014.0
2026-02-26T08:15:00Z,25364.75,25382.0,25364.25,25380.5,2890.0
2026-02-26T08:20:00Z,25380.5,25392.25,25365.5,25370.0,3605.0
2026-02-26T08:25:00Z,25369.75,25378.0,25362.75,25372.0,2279.0
2026-02-26T08:30:00Z,25372.25,25375.5,25351.5,25359.25,2299.0
2026-02-26T08:35:00Z,25359.75,25366.25,25349.25,25358.0,2165.0
2026-02-26T08:40:00Z,25357.25,25360.0,25351.0,25353.5,953.0
2026-02-26T08:45:00Z,25354.25,25357.5,25343.0,25346.5,2056.0
2026-02-26T08:50:00Z,25347.5,25356.0,25346.25,25348.25,1708.0
2026-02-26T08:55:00Z,25349.0,25359.75,25348.25,25349.5,2162.0
2026-02-26T09:00:00Z,25349.75,25361.0,25347.25,25350.5,1974.0
2026-02-26T09:05:00Z,25350.75,25358.0,25345.5,25354.25,1297.0
2026-02-26T09:10:00Z,25355.5,25372.75,25352.75,25372.75,2166.0
2026-02-26T09:15:00Z,25372.5,25377.25,25364.5,25366.25,1716.0
2026-02-26T09:20:00Z,25366.5,25376.0,25363.75,25364.25,1201.0
2026-02-26T09:25:00Z,25363.75,25380.5,25363.75,25380.5,1369.0
2026-02-26T09:30:00Z,25379.25,25387.5,25375.0,25379.0,1854.0
2026-02-26T09:35:00Z,25379.5,25393.25,25379.5,25391.0,1458.0
2026-02-26T09:40:00Z,25391.75,25398.25,25387.75,25393.0,1572.0
2026-02-26T09:45:00Z,25393.25,25402.0,25391.25,25399.0,1918.0
2026-02-26T09:50:00Z,25398.75,25398.75,25380.0,25381.75,2153.0
2026-02-26T09:55:00Z,25381.75,25384.75,25377.25,25378.0,1404.0
2026-02-26T10:00:00Z,25378.75,25383.0,25375.5,25380.75,1013.0
2026-02-26T10:05:00Z,25380.5,25382.5,25373.25,25379.0,1120.0
2026-02-26T10:10:00Z,25378.75,25389.0,25378.5,25383.25,1048.0
2026-02-26T10:15:00Z,25383.0,25385.75,25371.75,25377.0,1248.0
2026-02-26T10:20:00Z,25376.75,25380.25,25364.0,25365.25,1579.0
2026-02-26T10:25:00Z,25365.5,25370.75,25362.5,25363.5,1050.0
2026-02-26T10:30:00Z,25363.5,25373.25,25361.5,25366.25,1367.0
2026-02-26T10:35:00Z,25365.75,25368.0,25353.5,25361.75,1829.0
2026-02-26T10:40:00Z,25361.25,25370.5,25359.75,25367.5,1155.0
2026-02-26T10:45:00Z,25367.5,25369.5,25361.25,25362.75,805.0
2026-02-26T10:50:00Z,25363.0,25363.75,25353.25,25354.75,1540.0
2026-02-26T10:55:00Z,25354.25,25358.0,25347.0,25356.5,1578.0
2026-02-26T11:00:00Z,25358.0,25361.0,25344.75,25357.0,1745.0
2026-02-26T11:05:00Z,25356.5,25363.0,25351.5,25354.5,1413.0
2026-02-26T11:10:00Z,25355.0,25361.25,25349.0,25355.5,1259.0
2026-02-26T11:15:00Z,25355.0,25355.0,25349.75,25352.25,708.0
2026-02-26T11:20:00Z,25352.5,25361.5,25351.0,25360.0,1023.0
2026-02-26T11:25:00Z,25360.5,25370.75,25360.5,25364.0,2342.0
2026-02-26T11:30:00Z,25363.75,25370.0,25360.0,25365.75,1213.0
2026-02-26T11:35:00Z,25365.75,25370.0,25361.0,25366.75,778.0
2026-02-26T11:40:00Z,25366.75,25367.5,25356.25,25356.5,1147.0
2026-02-26T11:45:00Z,25357.0,25362.5,25338.0,25361.5,2991.0
2026-02-26T11:50:00Z,25362.75,25366.0,25354.5,25361.0,1291.0
2026-02-26T11:55:00Z,25362.0,25370.0,25359.0,25362.25,1515.0
2026-02-26T12:00:00Z,25361.75,25385.0,25360.25,25373.5,2846.0
2026-02-26T12:05:00Z,25373.5,25379.5,25368.0,25377.25,1417.0
2026-02-26T12:10:00Z,25377.0,25378.75,25362.5,25364.75,1353.0
2026-02-26T12:15:00Z,25364.75,25380.75,25363.0,25369.5,1792.0
2026-02-26T12:20:00Z,25369.5,25384.25,25368.25,25384.0,1219.0
2026-02-26T12:25:00Z,25383.25,25389.0,25376.25,25387.0,1839.0
2026-02-26T12:30:00Z,25386.75,25388.75,25378.0,25384.0,1541.0
2026-02-26T12:35:00Z,25384.25,25384.5,25368.0,25377.0,2013.0
2026-02-26T12:40:00Z,25377.0,25390.75,25375.25,25387.0,1911.0
2026-02-26T12:45:00Z,25386.5,25387.25,25375.5,25379.5,1698.0
2026-02-26T12:50:00Z,25379.0,25382.75,25373.5,25377.0,1318.0
2026-02-26T12:55:00Z,25377.5,25383.5,25370.25,25373.5,1425.0
2026-02-26T13:00:00Z,25373.0,25380.0,25360.75,25362.25,2797.0
2026-02-26T13:05:00Z,25362.0,25373.75,25361.25,25371.0,1640.0
2026-02-26T13:10:00Z,25371.25,25379.75,25364.5,25377.75,1914.0
2026-02-26T13:15:00Z,25377.5,25391.5,25373.0,25385.75,3397.0
2026-02-26T13:20:00Z,25385.5,25392.25,25382.5,25385.25,2098.0
2026-02-26T13:25:00Z,25385.75,25399.5,25383.75,25397.5,2570.0
2026-02-26T13:30:00Z,25397.75,25404.25,25391.25,25399.75,3719.0
2026-02-26T13:35:00Z,25399.5,25401.0,25386.75,25396.75,3567.0
2026-02-26T13:40:00Z,25397.0,25400.0,25384.5,25387.0,2582.0
2026-02-26T13:45:00Z,25386.5,25415.5,25385.5,25411.25,6407.0
2026-02-26T13:50:00Z,25411.75,25411.75,25394.0,25397.25,3768.0
2026-02-26T13:55:00Z,25396.75,25400.25,25380.75,25383.75,5144.0
2026-02-26T14:00:00Z,25384.0,25398.75,25382.25,25389.25,5872.0
2026-02-26T14:05:00Z,25389.0,25390.25,25372.75,25373.75,5487.0
2026-02-26T14:10:00Z,25374.0,25379.75,25366.75,25378.25,4621.0
2026-02-26T14:15:00Z,25378.0,25385.0,25366.5,25382.5,6017.0
2026-02-26T14:20:00Z,25382.0,25383.75,25358.0,25369.75,5577.0
2026-02-26T14:25:00Z,25370.25,25371.0,25340.0,25342.0,9058.0
2026-02-26T14:30:00Z,25341.25,25342.0,25255.75,25272.5,63877.0
2026-02-26T14:35:00Z,25272.25,25295.5,25224.75,25275.75,62609.0
2026-02-26T14:40:00Z,25276.0,25294.0,25231.25,25265.5,53601.0
2026-02-26T14:45:00Z,25265.5,25265.5,25209.0,25230.25,48646.0
2026-02-26T14:50:00Z,25230.0,25254.0,25188.25,25216.0,48205.0
2026-02-26T14:55:00Z,25216.0,25241.5,25182.5,25193.25,42009.0
2026-02-26T15:00:00Z,25192.5,25211.0,25135.0,25173.5,55341.0
2026-02-26T15:05:00Z,25174.0,25177.5,25141.5,25145.75,33088.0
2026-02-26T15:10:00Z,25145.75,25173.75,25064.25,25066.75,48629.0
2026-02-26T15:15:00Z,25067.25,25067.5,24946.75,24953.75,64923.0
2026-02-26T15:20:00Z,24954.0,24983.0,24899.25,24917.25,63018.0
2026-02-26T15:25:00Z,24917.5,24970.5,24885.0,24933.5,65812.0
2026-02-26T15:30:00Z,24933.0,24937.0,24862.0,24871.75,51060.0
2026-02-26T15:35:00Z,24872.5,24976.75,24871.0,24975.5,48373.0
2026-02-26T15:40:00Z,24974.75,25000.5,24958.5,24989.5,41145.0
2026-02-26T15:45:00Z,24989.25,25027.0,24979.25,25014.5,38664.0
2026-02-26T15:50:00Z,25014.75,25026.75,24984.5,25009.25,32022.0
2026-02-26T15:55:00Z,25009.5,25023.75,24980.5,24999.75,27856.0
2026-02-26T16:00:00Z,24999.0,25026.0,24985.5,25023.75,26973.0
2026-02-26T16:05:00Z,25024.0,25041.5,24997.25,25023.5,25295.0
2026-02-26T16:10:00Z,25023.25,25051.5,25019.5,25047.0,21485.0
2026-02-26T16:15:00Z,25047.25,25069.25,25031.0,25035.25,23774.0
2026-02-26T16:20:00Z,25034.75,25060.0,25027.5,25049.0,17302.0
2026-02-26T16:25:00Z,25049.75,25085.5,25049.25,25058.5,19651.0
2026-02-26T16:30:00Z,25059.0,25071.0,25045.75,25065.0,16616.0
2026-02-26T16:35:00Z,25065.0,25068.0,25006.5,25017.5,24198.0
2026-02-26T16:40:00Z,25017.5,25036.75,24996.25,25001.5,20801.0
2026-02-26T16:45:00Z,25001.25,25022.0,24975.0,25019.5,26005.0
2026-02-26T16:50:00Z,25019.5,25029.75,24977.0,24977.75,18600.0
2026-02-26T16:55:00Z,24978.25,24983.25,24954.25,24963.5,20796.0
2026-02-26T17:00:00Z,24963.75,24998.5,24960.0,24995.75,18375.0
2026-02-26T17:05:00Z,24995.5,25009.25,24987.0,24989.5,14542.0
2026-02-26T17:10:00Z,24989.25,25003.5,24966.25,24967.0,12449.0
2026-02-26T17:15:00Z,24967.25,24977.25,24952.75,24965.75,14940.0
2026-02-26T17:20:00Z,24966.25,24970.5,24954.5,24965.25,10446.0
2026-02-26T17:25:00Z,24965.0,24974.25,24958.75,24967.75,8511.0
2026-02-26T17:30:00Z,24967.5,25008.0,24964.5,24992.25,16702.0
2026-02-26T17:35:00Z,24992.25,24992.25,24944.0,24955.5,17183.0
2026-02-26T17:40:00Z,24955.25,24963.25,24941.5,24944.75,10380.0
2026-02-26T17:45:00Z,24944.5,24950.0,24915.75,24921.75,13516.0
2026-02-26T17:50:00Z,24921.75,24953.5,24912.25,24951.5,16350.0
2026-02-26T17:55:00Z,24951.0,24951.0,24926.25,24935.25,10268.0
2026-02-26T18:00:00Z,24935.25,24939.75,24908.75,24916.0,11654.0
2026-02-26T18:05:00Z,24916.75,24927.25,24888.75,24904.75,18104.0
2026-02-26T18:10:00Z,24904.5,24922.75,24901.0,24908.25,14062.0
2026-02-26T18:15:00Z,24908.0,24930.75,24890.75,24929.25,13160.0
2026-02-26T18:20:00Z,24929.0,24933.25,24907.0,24931.75,12226.0
2026-02-26T18:25:00Z,24931.5,24936.0,24916.5,24920.0,8846.0
2026-02-26T18:30:00Z,24920.25,24981.5,24908.0,24975.5,23412.0
2026-02-26T18:35:00Z,24975.0,25006.0,24958.5,24997.75,23092.0
2026-02-26T18:40:00Z,24998.5,25013.75,24989.25,24999.25,13231.0
2026-02-26T18:45:00Z,24999.75,25030.75,24982.25,24999.5,19200.0
2026-02-26T18:50:00Z,24999.25,25000.5,24977.0,24991.5,10747.0
2026-02-26T18:55:00Z,24991.25,25012.0,24986.5,25001.25,9474.0
2026-02-26T19:00:00Z,25001.75,25031.75,24988.25,25026.5,13711.0
2026-02-26T19:05:00Z,25026.0,25058.75,25023.75,25055.5,13171.0
2026-02-26T19:10:00Z,25055.75,25072.25,25048.0,25059.25,13980.0
2026-02-26T19:15:00Z,25059.25,25082.0,25058.5,25063.75,14314.0
2026-02-26T19:20:00Z,25063.5,25086.5,25058.5,25078.25,9883.0
2026-02-26T19:25:00Z,25077.5,25079.0,25040.0,25048.25,14385.0
2026-02-26T19:30:00Z,25048.75,25078.0,25039.5,25073.0,12603.0
2026-02-26T19:35:00Z,25073.0,25075.0,25057.5,25063.0,8176.0
2026-02-26T19:40:00Z,25063.25,25068.25,25055.75,25064.25,6645.0
2026-02-26T19:45:00Z,25063.75,25093.5,25063.25,25085.5,11550.0
2026-02-26T19:50:00Z,25085.5,25091.0,25070.0,25090.5,9005.0
2026-02-26T19:55:00Z,25091.0,25099.0,25061.0,25063.0,13118.0
2026-02-26T20:00:00Z,25063.0,25088.0,25053.5,25083.75,13249.0
2026-02-26T20:05:00Z,25084.0,25093.75,25047.75,25049.5,12617.0
2026-02-26T20:10:00Z,25049.25,25053.25,25036.75,25037.25,11285.0
2026-02-26T20:15:00Z,25037.25,25053.25,25027.0,25047.5,13550.0
2026-02-26T20:20:00Z,25047.5,25051.0,25023.75,25033.5,10161.0
2026-02-26T20:25:00Z,25033.75,25046.0,25026.0,25029.25,8542.0
2026-02-26T20:30:00Z,25029.0,25069.5,25027.5,25069.0,12284.0
2026-02-26T20:35:00Z,25069.5,25073.0,25056.0,25070.0,10433.0
2026-02-26T20:40:00Z,25069.5,25072.25,25051.5,25065.75,9490.0
2026-02-26T20:45:00Z,25065.75,25069.0,25046.25,25057.75,10824.0
2026-02-26T20:50:00Z,25057.0,25067.5,25040.0,25064.75,13664.0
2026-02-26T20:55:00Z,25064.5,25086.5,25056.75,25082.75,20050.0
2026-02-26T21:00:00Z,25083.0,25090.0,25068.25,25082.5,11276.0
2026-02-26T21:05:00Z,25082.5,25088.0,25058.5,25063.0,6167.0
2026-02-26T21:10:00Z,25063.25,25071.25,25060.5,25070.0,2912.0
2026-02-26T21:15:00Z,25069.75,25074.25,25065.75,25068.5,2381.0
2026-02-26T21:20:00Z,25068.25,25075.75,25062.5,25066.5,2318.0
2026-02-26T21:25:00Z,25066.75,25069.25,25062.0,25067.75,1219.0
2026-02-26T21:30:00Z,25068.25,25072.75,25062.25,25063.5,1795.0
2026-02-26T21:35:00Z,25063.25,25064.75,25048.5,25056.5,2377.0
2026-02-26T21:40:00Z,25056.25,25059.75,25046.75,25049.75,1683.0
2026-02-26T21:45:00Z,25050.0,25050.25,25038.0,25042.5,2218.0
2026-02-26T21:50:00Z,25042.5,25051.75,25038.75,25039.0,1597.0
2026-02-26T21:55:00Z,25039.5,25044.25,25024.75,25028.75,1948.0
2026-02-26T23:00:00Z,25026.0,25030.25,24975.0,24979.75,0.0
2026-02-26T23:05:00Z,24980.75,24987.25,24954.0,24981.5,5698.0
2026-02-26T23:10:00Z,24982.5,25021.0,24975.25,25017.25,4606.0
2026-02-26T23:15:00Z,25018.0,25034.75,25010.25,25029.75,3787.0
2026-02-26T23:20:00Z,25029.5,25036.75,25023.75,25024.25,2474.0
2026-02-26T23:25:00Z,25024.75,25026.0,25011.25,25022.0,2602.0
2026-02-26T23:30:00Z,25023.0,25023.5,25002.75,25008.75,2537.0
2026-02-26T23:35:00Z,25009.5,25010.25,24988.25,25005.5,4282.0
2026-02-26T23:40:00Z,25004.5,25006.0,24984.25,24991.25,2224.0
2026-02-26T23:45:00Z,24990.75,25000.5,24977.25,24980.25,3583.0
2026-02-26T23:50:00Z,24979.0,24997.5,24975.5,24996.5,2958.0
2026-02-26T23:55:00Z,24996.75,25003.75,24987.25,24996.25,2039.0
2026-02-27T00:00:00Z,24995.75,24999.25,24980.25,24985.75,2278.0
2026-02-27T00:05:00Z,24985.5,25011.5,24982.5,25006.5,3305.0
2026-02-27T00:10:00Z,25007.5,25019.75,25005.0,25011.25,3332.0
2026-02-27T00:15:00Z,25011.0,25023.25,25008.0,25020.5,2109.0
2026-02-27T00:20:00Z,25020.25,25026.25,25006.25,25012.0,2287.0
2026-02-27T00:25:00Z,25011.5,25012.75,24994.5,24999.5,2412.0
2026-02-27T00:30:00Z,24999.0,25003.0,24980.75,24989.75,3188.0
2026-02-27T00:35:00Z,24989.5,24998.5,24969.25,24973.0,3311.0
2026-02-27T00:40:00Z,24973.75,24979.25,24957.75,24960.5,3068.0
2026-02-27T00:45:00Z,24960.0,24988.0,24954.75,24986.5,3999.0
2026-02-27T00:50:00Z,24986.75,24996.5,24982.5,24986.25,2763.0
2026-02-27T00:55:00Z,24986.0,24989.25,24980.25,24986.25,1800.0
2026-02-27T01:00:00Z,24986.75,24998.75,24985.75,24997.0,2279.0
2026-02-27T01:05:00Z,24996.5,25001.5,24978.0,24979.0,2753.0
2026-02-27T01:10:00Z,24979.25,25005.5,24975.75,25003.75,2962.0
2026-02-27T01:15:00Z,25003.75,25018.0,24999.5,25002.25,3219.0
2026-02-27T01:20:00Z,25002.25,25008.0,24986.0,24992.5,2565.0
2026-02-27T01:25:00Z,24992.75,25007.5,24986.0,24988.75,2408.0
2026-02-27T01:30:00Z,24988.0,24997.0,24973.25,24997.0,3284.0
2026-02-27T01:35:00Z,24997.0,25006.5,24990.75,24995.75,2823.0
2026-02-27T01:40:00Z,24996.25,24996.25,24975.0,24976.25,2903.0
2026-02-27T01:45:00Z,24976.0,24987.25,24970.5,24975.75,1846.0
2026-02-27T01:50:00Z,24974.5,24995.5,24974.5,24991.25,1998.0
2026-02-27T01:55:00Z,24991.25,25003.75,24987.25,24993.25,1859.0
2026-02-27T02:00:00Z,24992.5,25006.0,24992.5,25002.5,1659.0
2026-02-27T02:05:00Z,25002.75,25017.0,24999.25,25002.75,2553.0
2026-02-27T02:10:00Z,25002.25,25003.0,24985.0,24998.5,2135.0
2026-02-27T02:15:00Z,24998.5,25013.25,24997.0,25010.25,1572.0
2026-02-27T02:20:00Z,25010.25,25014.25,25002.0,25009.0,1323.0
2026-02-27T02:25:00Z,25008.5,25018.75,25008.0,25015.5,1467.0
2026-02-27T02:30:00Z,25015.0,25017.25,25005.25,25005.75,1180.0
2026-02-27T02:35:00Z,25005.5,25006.75,24993.0,25005.0,2181.0
2026-02-27T02:40:00Z,25005.0,25007.25,24998.75,25007.0,1052.0
2026-02-27T02:45:00Z,25007.0,25018.0,25002.75,25017.25,1138.0
2026-02-27T02:50:00Z,25017.0,25023.75,25011.25,25021.0,1503.0
2026-02-27T02:55:00Z,25021.5,25033.5,25017.0,25032.0,1977.0
2026-02-27T03:00:00Z,25031.75,25036.0,25028.25,25034.75,1720.0
2026-02-27T03:05:00Z,25033.5,25035.0,25029.5,25031.0,977.0
2026-02-27T03:10:00Z,25029.5,25031.5,25024.25,25027.0,1138.0
2026-02-27T03:15:00Z,25026.5,25032.5,25021.0,25024.5,1378.0
2026-02-27T03:20:00Z,25024.25,25024.75,25013.5,25019.5,1652.0
2026-02-27T03:25:00Z,25019.25,25020.0,25011.25,25014.25,1216.0
2026-02-27T03:30:00Z,25015.75,25023.75,25014.5,25017.5,1530.0
2026-02-27T03:35:00Z,25018.5,25020.0,25002.25,25011.0,1673.0
2026-02-27T03:40:00Z,25010.75,25018.5,25010.75,25018.25,931.0
2026-02-27T03:45:00Z,25017.5,25028.5,25010.25,25022.0,1360.0
2026-02-27T03:50:00Z,25021.5,25029.0,25017.5,25023.75,1224.0
2026-02-27T03:55:00Z,25023.75,25034.0,25023.75,25025.25,1185.0
2026-02-27T04:00:00Z,25025.5,25035.75,25024.5,25033.75,1209.0
2026-02-27T04:05:00Z,25034.0,25036.0,25026.25,25030.25,1173.0
2026-02-27T04:10:00Z,25030.75,25034.0,25023.0,25024.25,858.0
2026-02-27T04:15:00Z,25024.25,25025.0,25012.0,25014.75,1153.0
2026-02-27T04:20:00Z,25014.5,25028.75,25012.25,25027.75,983.0
2026-02-27T04:25:00Z,25027.5,25030.5,25025.75,25027.75,480.0
2026-02-27T04:30:00Z,25027.25,25029.0,25021.5,25024.5,685.0
2026-02-27T04:35:00Z,25024.5,25034.75,25019.25,25029.25,1447.0
2026-02-27T04:40:00Z,25029.5,25034.5,25027.25,25032.0,705.0
2026-02-27T04:45:00Z,25032.0,25032.0,25026.25,25029.0,324.0
2026-02-27T04:50:00Z,25029.5,25032.25,25022.5,25023.75,465.0
2026-02-27T04:55:00Z,25024.5,25025.75,25020.0,25022.5,542.0
2026-02-27T05:05:00Z,25041.25,25042.0,25036.75,25037.0,2758.0
2026-02-27T05:10:00Z,25037.5,25047.0,25032.75,25046.5,1358.0
2026-02-27T05:15:00Z,25046.25,25052.75,25045.25,25051.25,1211.0
2026-02-27T05:20:00Z,25052.0,25057.25,25047.0,25049.25,1363.0
2026-02-27T05:25:00Z,25049.75,25057.25,25048.5,25055.5,891.0
2026-02-27T05:30:00Z,25055.0,25059.5,25054.0,25058.0,870.0
2026-02-27T05:35:00Z,25058.0,25058.75,25048.5,25055.0,983.0
2026-02-27T05:40:00Z,25054.5,25055.25,25047.5,25054.75,610.0
2026-02-27T05:45:00Z,25054.75,25060.5,25051.5,25056.25,1139.0
2026-02-27T05:50:00Z,25055.75,25057.0,25044.5,25049.0,977.0
2026-02-27T05:55:00Z,25049.75,25051.75,25037.75,25039.5,1433.0
2026-02-27T06:00:00Z,25040.25,25045.25,25034.0,25039.5,1397.0
2026-02-27T06:05:00Z,25038.75,25046.25,25035.75,25042.0,1199.0
2026-02-27T06:10:00Z,25042.25,25042.5,25010.75,25015.25,2905.0
2026-02-27T06:15:00Z,25015.0,25018.75,25000.0,25004.75,2486.0
2026-02-27T06:20:00Z,25005.25,25008.25,24991.75,24997.5,2133.0
2026-02-27T06:25:00Z,24997.25,25008.25,24991.75,25006.0,1561.0
2026-02-27T06:30:00Z,25005.5,25028.5,25003.5,25024.75,2761.0
2026-02-27T06:35:00Z,25025.5,25038.25,25023.5,25028.75,2097.0
2026-02-27T06:40:00Z,25029.0,25035.5,25026.25,25031.75,1091.0
2026-02-27T06:45:00Z,25032.25,25037.5,25028.0,25035.5,903.0
2026-02-27T06:50:00Z,25035.5,25035.75,25025.25,25026.0,911.0
2026-02-27T06:55:00Z,25026.0,25034.5,25022.25,25031.75,1277.0
2026-02-27T07:00:00Z,25033.75,25051.5,25032.75,25042.75,2769.0
2026-02-27T07:05:00Z,25042.75,25054.75,25040.0,25049.0,1646.0
2026-02-27T07:10:00Z,25049.5,25054.5,25044.0,25046.5,936.0
2026-02-27T07:15:00Z,25046.25,25060.0,25045.25,25058.5,1546.0
2026-02-27T07:20:00Z,25058.25,25066.5,25054.5,25065.0,1817.0
2026-02-27T07:25:00Z,25065.0,25073.0,25064.25,25070.0,1794.0
2026-02-27T07:30:00Z,25070.25,25072.25,25062.75,25068.75,1170.0
2026-02-27T07:35:00Z,25069.25,25074.5,25064.25,25066.75,1394.0
2026-02-27T07:40:00Z,25067.0,25072.0,25061.0,25071.0,1490.0
2026-02-27T07:45:00Z,25071.0,25078.5,25070.5,25074.75,1821.0
2026-02-27T07:50:00Z,25075.0,25079.0,25067.0,25070.5,911.0
2026-02-27T07:55:00Z,25071.25,25075.75,25063.0,25073.25,1198.0
2026-02-27T08:00:00Z,25073.0,25090.0,25066.0,25076.0,4011.0
2026-02-27T08:05:00Z,25076.0,25086.25,25058.5,25068.0,2836.0
2026-02-27T08:10:00Z,25068.75,25072.75,25045.5,25047.5,2726.0
2026-02-27T08:15:00Z,25047.25,25068.5,25038.25,25065.25,3707.0
2026-02-27T08:20:00Z,25065.25,25071.5,25053.5,25054.0,2053.0
2026-02-27T08:25:00Z,25053.0,25065.75,25047.5,25056.75,2073.0
2026-02-27T08:30:00Z,25056.5,25076.75,25049.0,25050.0,2424.0
2026-02-27T08:35:00Z,25049.25,25060.5,25046.25,25060.25,1584.0
2026-02-27T08:40:00Z,25060.0,25062.25,25053.75,25057.0,1183.0
2026-02-27T08:45:00Z,25057.0,25063.25,25052.5,25058.25,1110.0
2026-02-27T08:50:00Z,25058.5,25067.25,25056.5,25059.75,1206.0
2026-02-27T08:55:00Z,25059.5,25071.25,25058.25,25067.5,1273.0
2026-02-27T09:00:00Z,25067.5,25073.25,25050.5,25061.5,2986.0
2026-02-27T09:05:00Z,25061.5,25081.0,25061.5,25068.0,2416.0
2026-02-27T09:10:00Z,25067.25,25089.0,25065.0,25081.25,2384.0
2026-02-27T09:15:00Z,25081.5,25096.25,25080.75,25092.0,2430.0
2026-02-27T09:20:00Z,25092.0,25098.75,25067.75,25071.75,5563.0
2026-02-27T09:25:00Z,25072.5,25081.5,25067.0,25078.0,2161.0
2026-02-27T09:30:00Z,25078.25,25079.0,25063.0,25063.75,1605.0
2026-02-27T09:35:00Z,25064.75,25068.25,25038.75,25051.5,3086.0
2026-02-27T09:40:00Z,25051.25,25053.0,25030.25,25030.75,3113.0
2026-02-27T09:45:00Z,25031.0,25039.25,25024.25,25034.75,2826.0
2026-02-27T09:50:00Z,25035.0,25047.75,25028.75,25031.5,2259.0
2026-02-27T09:55:00Z,25031.5,25040.0,25029.5,25030.25,1496.0
2026-02-27T10:00:00Z,25029.75,25033.75,24989.25,24992.0,5057.0
2026-02-27T10:05:00Z,24992.75,25011.0,24990.5,25006.0,3059.0
2026-02-27T10:10:00Z,25005.5,25009.0,24966.0,24988.5,6219.0
2026-02-27T10:15:00Z,24988.0,25012.25,24987.75,25005.25,4239.0
2026-02-27T10:20:00Z,25006.25,25017.5,25002.75,25014.5,2148.0
2026-02-27T10:25:00Z,25014.75,25022.0,25009.75,25017.5,2964.0
2026-02-27T10:30:00Z,25016.75,25045.25,25015.5,25038.5,4622.0
2026-02-27T10:35:00Z,25038.5,25039.5,25020.0,25021.25,1750.0
2026-02-27T10:40:00Z,25021.5,25037.25,25019.75,25035.0,1840.0
2026-02-27T10:45:00Z,25036.0,25036.5,25010.5,25012.25,2371.0
2026-02-27T10:50:00Z,25012.0,25019.25,24998.0,25000.75,2512.0
2026-02-27T10:55:00Z,25000.5,25004.75,24984.75,25000.75,3244.0
2026-02-27T11:00:00Z,25001.0,25012.5,24994.5,25002.5,2277.0
2026-02-27T11:05:00Z,25002.25,25007.75,24993.25,24995.75,1691.0
2026-02-27T11:10:00Z,24997.5,25002.25,24986.25,24994.25,2439.0
2026-02-27T11:15:00Z,24994.5,24997.5,24987.0,24995.5,1481.0
2026-02-27T11:20:00Z,24995.25,24999.75,24986.5,24995.5,2171.0
2026-02-27T11:25:00Z,24996.25,25007.25,24987.25,24991.25,2798.0
2026-02-27T11:30:00Z,24991.25,25002.0,24984.0,24994.5,2550.0
2026-02-27T11:35:00Z,24995.0,24996.5,24959.25,24963.75,4349.0
2026-02-27T11:40:00Z,24964.25,24967.75,24928.75,24939.0,6159.0
2026-02-27T11:45:00Z,24939.25,24958.5,24938.25,24948.25,4035.0
2026-02-27T11:50:00Z,24948.5,24958.5,24936.5,24937.5,4180.0
2026-02-27T11:55:00Z,24937.5,24956.75,24930.75,24952.75,3913.0
2026-02-27T12:00:00Z,24953.25,24957.5,24921.25,24939.0,6213.0
2026-02-27T12:05:00Z,24939.25,24957.5,24923.5,24941.75,5296.0
2026-02-27T12:10:00Z,24941.5,24979.75,24935.0,24977.25,5034.0
2026-02-27T12:15:00Z,24976.75,24983.75,24971.0,24978.25,2898.0
2026-02-27T12:20:00Z,24977.75,24994.5,24977.0,24990.75,3391.0
2026-02-27T12:25:00Z,24990.5,24991.0,24972.25,24974.25,2576.0
2026-02-27T12:30:00Z,24974.25,24985.75,24969.75,24975.0,2747.0
2026-02-27T12:35:00Z,24975.25,24977.0,24943.5,24954.5,5821.0
2026-02-27T12:40:00Z,24954.25,24957.25,24925.25,24928.25,4106.0
2026-02-27T12:45:00Z,24928.0,24938.25,24911.25,24914.75,6625.0
2026-02-27T12:50:00Z,24914.75,24934.5,24912.0,24921.75,5120.0
2026-02-27T12:55:00Z,24921.25,24923.0,24897.25,24921.25,6622.0
2026-02-27T13:00:00Z,24921.0,24937.75,24915.5,24937.25,4861.0
2026-02-27T13:05:00Z,24937.5,24942.75,24914.5,24917.0,5184.0
2026-02-27T13:10:00Z,24917.25,24938.5,24905.5,24911.0,5036.0
2026-02-27T13:15:00Z,24910.75,24921.0,24890.5,24901.0,6589.0
2026-02-27T13:20:00Z,24900.25,24924.0,24894.25,24896.0,5085.0
2026-02-27T13:25:00Z,24895.5,24898.5,24874.0,24882.0,7186.0
2026-02-27T13:30:00Z,24879.5,24891.5,24812.75,24836.5,16062.0
2026-02-27T13:35:00Z,24837.25,24845.5,24805.75,24825.0,13507.0
2026-02-27T13:40:00Z,24824.5,24844.75,24795.5,24840.5,16969.0
2026-02-27T13:45:00Z,24840.5,24862.5,24832.25,24858.75,13502.0
2026-02-27T13:50:00Z,24859.0,24868.25,24839.75,24845.75,9995.0
2026-02-27T13:55:00Z,24846.0,24879.25,24838.25,24870.25,9275.0
2026-02-27T14:00:00Z,24871.0,24878.5,24841.5,24847.25,9964.0
2026-02-27T14:05:00Z,24847.25,24849.5,24831.5,24844.25,6495.0
2026-02-27T14:10:00Z,24844.25,24860.5,24836.0,24845.25,7033.0
2026-02-27T14:15:00Z,24844.25,24844.75,24817.5,24820.25,9262.0
2026-02-27T14:20:00Z,24821.25,24839.0,24818.5,24824.25,6365.0
2026-02-27T14:25:00Z,24824.25,24835.25,24796.0,24815.25,14742.0
2026-02-27T14:30:00Z,24815.5,24904.5,24804.0,24880.5,54643.0
2026-02-27T14:35:00Z,24881.25,24910.0,24840.25,24900.25,48120.0
2026-02-27T14:40:00Z,24901.25,24902.75,24780.0,24844.0,46837.0
2026-02-27T14:45:00Z,24844.0,24938.75,24817.75,24926.25,55630.0
2026-02-27T14:50:00Z,24926.5,24935.5,24871.0,24882.75,40443.0
2026-02-27T14:55:00Z,24882.75,24898.75,24850.0,24881.0,32430.0
2026-02-27T15:00:00Z,24880.5,24954.0,24866.25,24923.0,42921.0
2026-02-27T15:05:00Z,24923.25,24979.75,24918.0,24955.75,37295.0
2026-02-27T15:10:00Z,24955.75,24993.75,24949.0,24954.0,29511.0
2026-02-27T15:15:00Z,24954.0,24971.0,24921.0,24947.75,31035.0
2026-02-27T15:20:00Z,24947.75,24997.75,24940.5,24981.5,28530.0
2026-02-27T15:25:00Z,24981.25,24983.5,24944.75,24971.0,25583.0
2026-02-27T15:30:00Z,24971.0,24977.0,24928.0,24954.5,25598.0
2026-02-27T15:35:00Z,24955.0,24995.0,24952.75,24974.0,20896.0
2026-02-27T15:40:00Z,24973.75,25007.75,24955.25,24998.75,22392.0
2026-02-27T15:45:00Z,24998.75,25017.5,24976.75,24982.25,25765.0
2026-02-27T15:50:00Z,24982.25,24985.5,24925.25,24942.5,28140.0
2026-02-27T15:55:00Z,24942.5,24987.5,24923.25,24983.0,25049.0
2026-02-27T16:00:00Z,24983.25,25021.5,24976.0,25003.0,21758.0
2026-02-27T16:05:00Z,25002.5,25006.5,24943.5,24950.75,23247.0
2026-02-27T16:10:00Z,24951.0,24993.75,24950.25,24988.5,20902.0
2026-02-27T16:15:00Z,24988.25,25013.75,24977.25,24990.25,20038.0
2026-02-27T16:20:00Z,24989.75,24991.5,24954.0,24985.0,19471.0
2026-02-27T16:25:00Z,24984.75,24997.75,24962.5,24968.25,17450.0
2026-02-27T16:30:00Z,24968.5,25010.0,24966.0,25005.5,17029.0
2026-02-27T16:35:00Z,25006.5,25009.25,24972.0,24976.0,14942.0
2026-02-27T16:40:00Z,24975.0,24975.0,24932.25,24936.25,20164.0
2026-02-27T16:45:00Z,24935.75,24955.25,24931.0,24935.75,15208.0
2026-02-27T16:50:00Z,24937.25,24988.5,24936.0,24986.5,20553.0
2026-02-27T16:55:00Z,24985.75,25005.75,24965.25,24969.25,18640.0
2026-02-27T17:00:00Z,24969.5,25012.5,24967.75,25000.5,15913.0
2026-02-27T17:05:00Z,25000.5,25036.75,24993.75,25027.75,16562.0
2026-02-27T17:10:00Z,25028.0,25029.25,24956.25,24960.75,20379.0
2026-02-27T17:15:00Z,24961.25,24963.0,24935.5,24942.0,14058.0
2026-02-27T17:20:00Z,24941.75,24946.0,24900.25,24938.75,25419.0
2026-02-27T17:25:00Z,24938.25,24967.5,24934.25,24953.0,20353.0
2026-02-27T17:30:00Z,24953.0,24989.75,24929.5,24983.25,31270.0
2026-02-27T17:35:00Z,24983.25,24994.25,24958.5,24960.75,15392.0
2026-02-27T17:40:00Z,24960.5,24966.25,24925.0,24935.0,15696.0
2026-02-27T17:45:00Z,24934.75,24935.25,24914.0,24926.5,12351.0
2026-02-27T17:50:00Z,24926.0,24947.0,24915.5,24936.0,13237.0
2026-02-27T17:55:00Z,24936.25,24953.75,24936.25,24945.75,9744.0
2026-02-27T18:00:00Z,24945.25,24955.5,24921.0,24929.5,13577.0
2026-02-27T18:05:00Z,24929.5,24943.5,24915.75,24922.0,11588.0
2026-02-27T18:10:00Z,24921.75,24933.25,24911.0,24912.75,10018.0
2026-02-27T18:15:00Z,24913.5,24920.0,24894.25,24897.75,12579.0
2026-02-27T18:20:00Z,24898.5,24907.5,24881.25,24892.75,14226.0
2026-02-27T18:25:00Z,24893.0,24918.0,24874.75,24911.25,15892.0
2026-02-27T18:30:00Z,24911.5,24917.5,24894.5,24902.0,12920.0
2026-02-27T18:35:00Z,24902.75,24913.5,24888.75,24907.0,10090.0
2026-02-27T18:40:00Z,24906.75,24931.25,24905.5,24912.0,13061.0
2026-02-27T18:45:00Z,24912.25,24924.25,24901.75,24904.75,11001.0
2026-02-27T18:50:00Z,24905.5,24914.5,24892.25,24900.25,10605.0
2026-02-27T18:55:00Z,24900.0,24911.0,24886.0,24902.75,9518.0
2026-02-27T19:00:00Z,24902.5,24947.0,24900.0,24943.0,13433.0
2026-02-27T19:05:00Z,24944.0,24960.25,24905.0,24911.5,17372.0
2026-02-27T19:10:00Z,24911.0,24922.25,24897.0,24909.5,12096.0
2026-02-27T19:15:00Z,24909.5,24921.0,24903.25,24908.75,7850.0
2026-02-27T19:20:00Z,24909.25,24917.5,24898.5,24905.0,6171.0
2026-02-27T19:25:00Z,24905.0,24922.25,24897.75,24905.75,8965.0
2026-02-27T19:30:00Z,24906.75,24907.75,24889.75,24900.75,9784.0
2026-02-27T19:35:00Z,24900.5,24919.5,24899.5,24910.75,7217.0
2026-02-27T19:40:00Z,24911.0,24913.75,24873.5,24887.0,12319.0
2026-02-27T19:45:00Z,24886.75,24898.75,24880.25,24885.0,8522.0
2026-02-27T19:50:00Z,24884.5,24895.25,24881.25,24886.75,6064.0
2026-02-27T19:55:00Z,24886.5,24904.25,24884.25,24894.5,7184.0
2026-02-27T20:00:00Z,24894.5,24917.5,24893.25,24900.0,10746.0
2026-02-27T20:05:00Z,24900.5,24924.0,24898.0,24914.75,9636.0
2026-02-27T20:10:00Z,24915.0,24969.0,24913.5,24969.0,16764.0
2026-02-27T20:15:00Z,24968.5,24985.5,24964.5,24980.75,13933.0
2026-02-27T20:20:00Z,24980.5,25004.5,24966.25,24993.75,14555.0
2026-02-27T20:25:00Z,24993.5,25002.25,24975.75,24978.75,12211.0
2026-02-27T20:30:00Z,24978.5,24985.5,24957.25,24960.75,12084.0
2026-02-27T20:35:00Z,24960.25,24961.25,24921.75,24925.0,15373.0
2026-02-27T20:40:00Z,24925.5,24958.75,24923.25,24935.5,17941.0
2026-02-27T20:45:00Z,24935.25,24957.0,24928.75,24953.25,13861.0
2026-02-27T20:50:00Z,24953.5,24987.0,24941.5,24983.75,24724.0
2026-02-27T20:55:00Z,24983.25,25022.75,24966.75,24997.75,34063.0
2026-02-27T21:00:00Z,24998.25,24998.25,24973.25,24981.75,13254.0
2026-02-27T21:05:00Z,24982.0,24985.75,24962.75,24967.75,5971.0
2026-02-27T21:10:00Z,24967.25,24979.0,24962.75,24977.25,4101.0
2026-02-27T21:15:00Z,24976.25,24979.25,24962.25,24965.5,2937.0
2026-02-27T21:20:00Z,24965.0,24967.0,24942.0,24949.0,4140.0
2026-02-27T21:25:00Z,24948.25,24967.0,24945.0,24961.25,2818.0
2026-02-27T21:30:00Z,24961.0,24980.25,24959.75,24970.0,3166.0
2026-02-27T21:35:00Z,24970.25,24977.0,24961.0,24961.25,2489.0
2026-02-27T21:40:00Z,24960.75,24969.75,24960.25,24963.0,1479.0
2026-02-27T21:45:00Z,24962.75,24963.75,24942.25,24949.75,2055.0
2026-02-27T21:50:00Z,24948.0,24951.75,24942.25,24945.5,1360.0
2026-02-27T21:55:00Z,24945.5,24960.0,24943.0,24958.25,1506.0
2026-03-01T23:10:00Z,24787.0,24816.25,24769.5,24776.25,7155.0
2026-03-01T23:15:00Z,24777.25,24802.0,24759.0,24770.5,8536.0
2026-03-01T23:20:00Z,24771.25,24799.75,24765.0,24770.25,5540.0
2026-03-01T23:25:00Z,24771.25,24784.0,24752.75,24765.25,5860.0
2026-03-01T23:30:00Z,24765.25,24768.75,24733.5,24738.25,8848.0
2026-03-01T23:35:00Z,24738.25,24753.25,24715.5,24747.25,7706.0
2026-03-01T23:40:00Z,24746.5,24778.0,24742.5,24771.5,6420.0
2026-03-01T23:45:00Z,24772.25,24779.75,24748.5,24762.5,4254.0
2026-03-01T23:50:00Z,24761.0,24766.25,24732.0,24734.75,4550.0
2026-03-01T23:55:00Z,24734.0,24744.0,24725.75,24739.0,4168.0
2026-03-02T00:00:00Z,24740.0,24762.5,24723.0,24735.75,6748.0
2026-03-02T00:05:00Z,24736.25,24765.5,24728.0,24755.75,4934.0
2026-03-02T00:10:00Z,24756.0,24778.5,24750.0,24757.75,4501.0
2026-03-02T00:15:00Z,24758.25,24758.5,24712.5,24732.5,7027.0
2026-03-02T00:20:00Z,24731.5,24747.75,24718.25,24741.75,3421.0
2026-03-02T00:25:00Z,24741.75,24747.5,24715.0,24731.5,4604.0
2026-03-02T00:30:00Z,24731.75,24739.0,24713.5,24727.5,3670.0
2026-03-02T00:35:00Z,24728.0,24736.5,24718.0,24731.5,2511.0
2026-03-02T00:40:00Z,24731.5,24756.5,24731.0,24753.5,3601.0
2026-03-02T00:45:00Z,24754.0,24777.75,24754.0,24767.25,4469.0
2026-03-02T00:50:00Z,24767.25,24783.25,24766.25,24781.25,3987.0
2026-03-02T00:55:00Z,24780.75,24797.0,24775.5,24786.25,3732.0
2026-03-02T01:00:00Z,24786.0,24799.75,24772.0,24792.25,6578.0
2026-03-02T01:05:00Z,24792.25,24863.5,24790.25,24852.0,10697.0
2026-03-02T01:10:00Z,24852.75,24893.25,24852.75,24874.0,11185.0
2026-03-02T01:15:00Z,24874.5,24883.75,24861.5,24876.25,6179.0
2026-03-02T01:20:00Z,24876.75,24879.5,24853.5,24856.5,4524.0
2026-03-02T01:25:00Z,24856.5,24876.5,24847.0,24869.25,5339.0
2026-03-02T01:30:00Z,24870.5,24901.25,24862.0,24886.5,6710.0
2026-03-02T01:35:00Z,24887.5,24897.5,24874.0,24887.25,3881.0
2026-03-02T01:40:00Z,24887.75,24893.25,24866.75,24869.5,3444.0
2026-03-02T01:45:00Z,24869.5,24872.5,24853.25,24858.0,3863.0
2026-03-02T01:50:00Z,24858.0,24873.25,24856.25,24862.25,2583.0
2026-03-02T01:55:00Z,24862.25,24868.75,24854.5,24861.75,2247.0
2026-03-02T02:00:00Z,24863.25,24875.0,24855.75,24867.5,2567.0
2026-03-02T02:05:00Z,24867.25,24873.5,24833.75,24836.25,4793.0
2026-03-02T02:10:00Z,24835.75,24845.5,24822.75,24839.0,4144.0
2026-03-02T02:15:00Z,24838.0,24845.75,24829.25,24831.25,2562.0
2026-03-02T02:20:00Z,24831.0,24839.0,24814.25,24817.0,4497.0
2026-03-02T02:25:00Z,24817.25,24824.0,24808.25,24810.0,3258.0
2026-03-02T02:30:00Z,24809.25,24837.5,24804.0,24832.75,3995.0
2026-03-02T02:35:00Z,24832.5,24843.0,24827.75,24840.5,2169.0
2026-03-02T02:40:00Z,24840.25,24847.75,24832.0,24837.0,2518.0
2026-03-02T02:45:00Z,24837.0,24843.0,24821.0,24822.25,2292.0
2026-03-02T02:50:00Z,24822.0,24822.25,24796.25,24807.75,5045.0
2026-03-02T02:55:00Z,24807.25,24825.75,24803.5,24821.0,3116.0
2026-03-02T03:00:00Z,24820.5,24828.75,24803.5,24808.5,2823.0
2026-03-02T03:05:00Z,24808.0,24820.75,24802.5,24811.75,2045.0
2026-03-02T03:10:00Z,24812.5,24823.75,24812.0,24819.0,1169.0
2026-03-02T03:15:00Z,24818.75,24831.0,24806.5,24829.5,2206.0
2026-03-02T03:20:00Z,24830.0,24835.25,24805.5,24824.0,3308.0
2026-03-02T03:25:00Z,24823.5,24829.0,24812.75,24822.25,1599.0
2026-03-02T03:30:00Z,24822.25,24824.5,24796.0,24797.0,2715.0
2026-03-02T03:35:00Z,24796.75,24810.0,24787.0,24805.0,2775.0
2026-03-02T03:40:00Z,24805.75,24809.5,24791.0,24796.25,1908.0
2026-03-02T03:45:00Z,24796.5,24803.25,24789.0,24802.25,1605.0
2026-03-02T03:50:00Z,24802.75,24814.25,24795.5,24796.25,2354.0
2026-03-02T03:55:00Z,24796.5,24797.25,24786.5,24791.75,1859.0
2026-03-02T04:00:00Z,24791.5,24798.75,24787.0,24794.25,1322.0
2026-03-02T04:05:00Z,24793.75,24798.5,24791.5,24794.5,953.0
2026-03-02T04:10:00Z,24794.25,24797.25,24777.75,24795.5,2946.0
2026-03-02T04:15:00Z,24795.5,24809.5,24764.25,24769.25,6034.0
2026-03-02T04:20:00Z,24769.25,24783.75,24740.75,24776.0,7002.0
2026-03-02T04:25:00Z,24774.75,24802.0,24770.0,24799.25,3415.0
2026-03-02T04:30:00Z,24799.25,24807.75,24793.25,24799.0,2630.0
2026-03-02T04:35:00Z,24798.75,24809.75,24796.75,24806.75,1967.0
2026-03-02T04:40:00Z,24807.25,24817.25,24792.25,24794.0,2420.0
2026-03-02T04:45:00Z,24793.5,24797.5,24780.75,24783.0,2030.0
2026-03-02T04:50:00Z,24783.0,24784.0,24766.5,24774.75,2711.0
2026-03-02T04:55:00Z,24773.25,24773.5,24757.25,24761.5,1393.0
2026-03-02T05:00:00Z,24759.0,24768.75,24745.75,24748.25,3007.0
2026-03-02T05:05:00Z,24747.75,24752.5,24732.75,24737.25,3620.0
2026-03-02T05:10:00Z,24737.5,24753.0,24737.0,24743.5,1969.0
2026-03-02T05:15:00Z,24743.25,24757.75,24742.0,24749.25,1808.0
2026-03-02T05:20:00Z,24749.75,24752.0,24718.0,24722.75,3608.0
2026-03-02T05:25:00Z,24721.5,24737.25,24719.75,24729.0,2534.0
2026-03-02T05:30:00Z,24730.0,24738.75,24726.75,24736.0,1908.0
2026-03-02T05:35:00Z,24735.75,24749.75,24725.5,24730.75,2648.0
2026-03-02T05:40:00Z,24730.75,24741.0,24727.25,24735.25,1226.0
2026-03-02T05:45:00Z,24735.25,24739.0,24724.0,24727.25,1795.0
2026-03-02T05:50:00Z,24726.75,24729.0,24711.5,24714.75,2916.0
2026-03-02T05:55:00Z,24713.75,24716.5,24672.0,24677.0,6903.0
2026-03-02T06:00:00Z,24676.25,24695.25,24674.0,24693.25,4085.0
2026-03-02T06:05:00Z,24692.0,24702.75,24683.75,24696.25,2919.0
2026-03-02T06:10:00Z,24696.5,24702.5,24683.5,24691.25,1846.0
2026-03-02T06:15:00Z,24692.25,24699.5,24656.25,24657.75,3929.0
2026-03-02T06:20:00Z,24656.75,24666.0,24633.25,24645.25,6763.0
2026-03-02T06:25:00Z,24645.75,24673.5,24642.0,24669.0,3623.0
2026-03-02T06:30:00Z,24669.25,24679.0,24658.25,24671.0,3318.0
2026-03-02T06:35:00Z,24671.5,24672.5,24626.75,24631.5,4651.0
2026-03-02T06:40:00Z,24631.25,24643.0,24616.0,24621.0,4947.0
2026-03-02T06:45:00Z,24620.75,24623.0,24574.5,24581.5,9345.0
2026-03-02T06:50:00Z,24582.25,24584.25,24534.5,24578.0,9155.0
2026-03-02T06:55:00Z,24577.5,24594.5,24572.25,24590.5,3781.0
2026-03-02T07:00:00Z,24590.25,24603.25,24572.5,24588.5,5577.0
2026-03-02T07:05:00Z,24587.75,24598.75,24531.75,24541.5,9318.0
2026-03-02T07:10:00Z,24542.0,24574.25,24533.25,24540.0,5885.0
2026-03-02T07:15:00Z,24541.25,24579.75,24536.5,24545.0,5336.0
2026-03-02T07:20:00Z,24544.0,24588.25,24533.25,24574.25,5880.0
2026-03-02T07:25:00Z,24574.25,24587.5,24562.0,24567.0,4083.0
2026-03-02T07:30:00Z,24566.5,24583.75,24550.0,24554.75,5103.0
2026-03-02T07:35:00Z,24555.75,24570.25,24546.75,24568.25,4129.0
2026-03-02T07:40:00Z,24568.5,24582.0,24555.0,24576.5,3576.0
2026-03-02T07:45:00Z,24577.0,24577.0,24555.0,24558.0,3603.0
2026-03-02T07:50:00Z,24558.25,24568.25,24541.75,24546.25,3558.0
2026-03-02T07:55:00Z,24546.0,24562.0,24530.5,24541.5,6422.0
2026-03-02T08:00:00Z,24541.25,24556.25,24506.5,24522.5,13876.0
2026-03-02T08:05:00Z,24524.25,24539.75,24504.0,24511.5,9382.0
2026-03-02T08:10:00Z,24510.75,24537.75,24482.75,24530.5,9990.0
2026-03-02T08:15:00Z,24529.5,24537.25,24477.25,24501.75,8479.0
2026-03-02T08:20:00Z,24504.5,24518.25,24477.0,24490.0,5597.0
2026-03-02T08:25:00Z,24489.25,24514.75,24477.5,24489.0,5662.0
2026-03-02T08:30:00Z,24489.5,24527.5,24484.75,24512.75,6477.0
2026-03-02T08:35:00Z,24511.25,24549.0,24508.0,24548.25,6250.0
2026-03-02T08:40:00Z,24547.5,24569.75,24545.0,24555.0,6833.0
2026-03-02T08:45:00Z,24554.0,24581.75,24543.75,24570.5,6361.0
2026-03-02T08:50:00Z,24570.25,24591.25,24570.25,24572.5,4717.0
2026-03-02T08:55:00Z,24573.25,24580.0,24558.0,24563.5,4022.0
2026-03-02T09:00:00Z,24562.5,24595.25,24551.75,24571.25,6592.0
2026-03-02T09:05:00Z,24570.75,24617.25,24570.25,24617.25,6265.0
2026-03-02T09:10:00Z,24617.5,24633.25,24612.5,24618.0,6703.0
2026-03-02T09:15:00Z,24618.0,24648.5,24617.25,24632.75,6137.0
2026-03-02T09:20:00Z,24633.25,24650.5,24621.0,24628.75,5121.0
2026-03-02T09:25:00Z,24628.75,24655.0,24625.0,24638.5,3946.0
2026-03-02T09:30:00Z,24638.5,24654.5,24629.5,24638.5,3604.0
2026-03-02T09:35:00Z,24637.75,24649.0,24623.5,24626.25,4852.0
2026-03-02T09:40:00Z,24626.75,24640.5,24612.0,24635.5,4926.0
2026-03-02T09:45:00Z,24636.0,24638.25,24616.0,24625.75,2940.0
2026-03-02T09:50:00Z,24625.25,24632.5,24610.75,24622.0,3138.0
2026-03-02T09:55:00Z,24621.5,24639.5,24619.0,24629.25,2817.0
2026-03-02T10:00:00Z,24629.0,24672.75,24625.0,24665.0,8093.0
2026-03-02T10:05:00Z,24664.0,24684.5,24652.5,24664.25,5603.0
2026-03-02T10:10:00Z,24665.5,24668.25,24637.75,24647.75,3827.0
2026-03-02T10:15:00Z,24647.5,24657.25,24632.5,24650.0,3125.0
2026-03-02T10:20:00Z,24651.5,24673.25,24646.0,24649.5,3104.0
2026-03-02T10:25:00Z,24649.0,24657.75,24638.0,24657.75,3197.0
2026-03-02T10:30:00Z,24657.5,24674.5,24656.25,24669.75,2908.0
2026-03-02T10:35:00Z,24668.75,24685.0,24667.25,24682.5,2598.0
2026-03-02T10:40:00Z,24682.0,24682.5,24652.75,24680.5,3918.0
2026-03-02T10:45:00Z,24680.5,24683.75,24660.0,24662.75,2036.0
2026-03-02T10:50:00Z,24661.5,24674.25,24654.25,24663.75,2675.0
2026-03-02T10:55:00Z,24664.0,24664.5,24641.5,24657.75,2961.0
2026-03-02T11:00:00Z,24657.75,24667.25,24653.25,24666.5,2403.0
2026-03-02T11:05:00Z,24667.0,24668.75,24636.75,24638.5,3109.0
2026-03-02T11:10:00Z,24639.5,24656.25,24638.0,24645.25,2996.0
2026-03-02T11:15:00Z,24646.0,24661.25,24634.75,24659.0,2468.0
2026-03-02T11:20:00Z,24659.0,24669.25,24646.5,24658.0,2789.0
2026-03-02T11:25:00Z,24658.5,24671.5,24654.25,24656.25,2096.0
2026-03-02T11:30:00Z,24656.0,24692.0,24654.75,24679.5,3902.0
2026-03-02T11:35:00Z,24679.75,24690.0,24666.0,24667.5,2974.0
2026-03-02T11:40:00Z,24667.5,24684.5,24662.25,24681.25,2241.0
2026-03-02T11:45:00Z,24681.5,24729.25,24676.5,24722.0,7290.0
2026-03-02T11:50:00Z,24722.0,24727.75,24687.25,24689.25,5272.0
2026-03-02T11:55:00Z,24689.25,24691.5,24670.0,24688.0,4657.0
2026-03-02T12:00:00Z,24686.0,24705.5,24675.75,24682.25,5154.0
2026-03-02T12:05:00Z,24682.5,24687.0,24650.0,24657.0,5690.0
2026-03-02T12:10:00Z,24657.0,24663.25,24636.5,24660.5,5329.0
2026-03-02T12:15:00Z,24660.0,24660.0,24632.5,24634.0,3747.0
2026-03-02T12:20:00Z,24633.75,24649.75,24630.25,24643.75,4051.0
2026-03-02T12:25:00Z,24644.0,24656.75,24633.5,24634.0,3872.0
2026-03-02T12:30:00Z,24634.0,24656.0,24632.0,24651.25,3172.0
2026-03-02T12:35:00Z,24651.0,24655.25,24628.75,24634.25,3285.0
2026-03-02T12:40:00Z,24635.0,24650.25,24634.25,24639.5,3244.0
2026-03-02T12:45:00Z,24640.75,24664.25,24640.5,24655.5,3708.0
2026-03-02T12:50:00Z,24655.0,24656.25,24622.0,24624.0,5664.0
2026-03-02T12:55:00Z,24623.0,24639.0,24609.25,24628.75,5910.0
2026-03-02T13:00:00Z,24629.5,24652.75,24621.75,24633.5,5912.0
2026-03-02T13:05:00Z,24634.25,24658.25,24631.5,24642.25,4642.0
2026-03-02T13:10:00Z,24643.25,24663.25,24641.75,24648.75,5232.0
2026-03-02T13:15:00Z,24648.75,24679.5,24645.25,24665.5,5151.0
2026-03-02T13:20:00Z,24666.25,24721.5,24661.25,24716.5,9645.0
2026-03-02T13:25:00Z,24716.25,24739.75,24694.5,24702.25,10225.0
2026-03-02T13:30:00Z,24701.5,24711.5,24671.0,24696.0,8265.0
2026-03-02T13:35:00Z,24696.75,24699.75,24666.5,24679.25,5480.0
2026-03-02T13:40:00Z,24680.25,24687.5,24654.25,24657.5,4762.0
2026-03-02T13:45:00Z,24657.75,24675.0,24656.5,24662.75,4787.0
2026-03-02T13:50:00Z,24663.0,24672.75,24643.75,24653.25,6770.0
2026-03-02T13:55:00Z,24653.5,24654.5,24594.5,24620.5,11530.0
2026-03-02T14:00:00Z,24621.5,24632.5,24606.75,24616.5,8492.0
2026-03-02T14:05:00Z,24616.5,24652.25,24616.5,24640.0,8533.0
2026-03-02T14:10:00Z,24640.5,24643.75,24625.0,24631.75,6045.0
2026-03-02T14:15:00Z,24632.0,24636.0,24618.0,24626.25,6645.0
2026-03-02T14:20:00Z,24627.0,24640.0,24618.0,24639.25,5481.0
2026-03-02T14:25:00Z,24638.75,24649.5,24609.0,24644.5,12512.0
2026-03-02T14:30:00Z,24644.75,24849.75,24605.75,24833.25,63591.0
2026-03-02T14:35:00Z,24833.25,24885.25,24795.25,24805.25,51480.0
2026-03-02T14:40:00Z,24805.25,24854.75,24800.75,24838.0,31515.0
2026-03-02T14:45:00Z,24837.75,24897.25,24815.25,24891.25,36820.0
2026-03-02T14:50:00Z,24891.25,24899.0,24810.0,24842.0,37257.0
2026-03-02T14:55:00Z,24843.25,24869.5,24819.25,24863.0,23083.0
2026-03-02T15:00:00Z,24859.25,24907.0,24803.0,24888.25,40973.0
2026-03-02T15:05:00Z,24889.0,24924.0,24881.0,24902.75,35132.0
2026-03-02T15:10:00Z,24902.25,24947.75,24900.25,24931.0,28298.0
2026-03-02T15:15:00Z,24930.75,24946.0,24896.0,24913.0,28664.0
2026-03-02T15:20:00Z,24912.0,24925.5,24866.75,24913.0,34833.0
2026-03-02T15:25:00Z,24913.75,24928.75,24856.75,24881.75,31571.0
2026-03-02T15:30:00Z,24881.5,24900.5,24843.25,24868.0,32169.0
2026-03-02T15:35:00Z,24867.75,24919.5,24842.0,24918.0,29886.0
2026-03-02T15:40:00Z,24918.0,24941.0,24894.75,24939.0,22853.0
2026-03-02T15:45:00Z,24939.0,24957.75,24911.0,24925.0,26172.0
2026-03-02T15:50:00Z,24924.75,24948.0,24881.5,24889.25,19773.0
2026-03-02T15:55:00Z,24889.0,24932.75,24877.25,24924.0,19178.0
2026-03-02T16:00:00Z,24923.75,24934.25,24892.75,24931.75,17879.0
2026-03-02T16:05:00Z,24931.5,24978.5,24920.25,24978.0,23626.0
2026-03-02T16:10:00Z,24977.75,24988.0,24961.0,24972.5,18480.0
2026-03-02T16:15:00Z,24972.5,24975.5,24927.25,24931.75,19710.0
2026-03-02T16:20:00Z,24930.75,24935.5,24916.0,24924.0,14174.0
2026-03-02T16:25:00Z,24923.25,24926.0,24852.25,24867.25,26272.0
2026-03-02T16:30:00Z,24867.0,24910.5,24861.0,24904.25,25902.0
2026-03-02T16:35:00Z,24904.25,24967.5,24887.5,24966.5,25034.0
2026-03-02T16:40:00Z,24966.5,25019.5,24964.25,25012.75,24132.0
2026-03-02T16:45:00Z,25013.5,25039.75,25007.0,25016.5,24692.0
2026-03-02T16:50:00Z,25017.0,25027.5,24994.75,25015.5,16156.0
2026-03-02T16:55:00Z,25016.25,25044.5,25006.0,25033.5,14530.0
2026-03-02T17:00:00Z,25033.5,25036.25,25008.25,25031.25,13586.0
2026-03-02T17:05:00Z,25031.25,25040.75,25014.25,25030.0,10153.0
2026-03-02T17:10:00Z,25029.25,25036.0,25007.75,25030.5,9635.0
2026-03-02T17:15:00Z,25030.75,25066.5,25029.25,25061.0,15843.0
2026-03-02T17:20:00Z,25061.5,25076.5,25051.5,25068.75,11373.0
2026-03-02T17:25:00Z,25069.25,25069.75,25040.75,25044.25,11298.0
2026-03-02T17:30:00Z,25044.75,25050.75,25028.5,25029.75,11729.0
2026-03-02T17:35:00Z,25030.0,25055.25,25026.25,25033.75,10940.0
2026-03-02T17:40:00Z,25033.75,25055.75,25026.5,25046.5,9743.0
2026-03-02T17:45:00Z,25046.75,25059.75,25036.5,25049.75,7924.0
2026-03-02T17:50:00Z,25049.25,25075.5,25039.5,25063.25,9239.0
2026-03-02T17:55:00Z,25063.5,25070.75,25042.75,25064.75,8946.0
2026-03-02T18:00:00Z,25065.75,25074.0,25055.75,25066.75,7618.0
2026-03-02T18:05:00Z,25066.75,25073.5,25046.5,25046.5,7802.0
2026-03-02T18:10:00Z,25046.75,25052.75,25036.5,25049.5,8460.0
2026-03-02T18:15:00Z,25049.0,25051.0,25034.25,25036.0,6584.0
2026-03-02T18:20:00Z,25036.0,25037.75,25016.25,25025.0,10204.0
2026-03-02T18:25:00Z,25024.0,25046.0,25013.0,25035.75,10622.0
2026-03-02T18:30:00Z,25036.25,25039.75,25017.0,25024.5,9721.0
2026-03-02T18:35:00Z,25024.5,25024.75,25000.25,25010.0,10467.0
2026-03-02T18:40:00Z,25009.25,25025.25,24999.25,25021.5,9347.0
2026-03-02T18:45:00Z,25021.0,25022.0,24978.75,24999.25,14635.0
2026-03-02T18:50:00Z,24999.75,25007.5,24982.75,24993.0,8553.0
2026-03-02T18:55:00Z,24992.25,24994.0,24968.25,24971.75,9654.0
2026-03-02T19:00:00Z,24972.0,25000.75,24967.0,24997.0,12154.0
2026-03-02T19:05:00Z,24997.25,25031.5,24987.75,25028.5,11248.0
2026-03-02T19:10:00Z,25029.0,25054.25,25027.0,25049.0,13729.0
2026-03-02T19:15:00Z,25049.25,25086.25,25049.0,25073.5,18261.0
2026-03-02T19:20:00Z,25073.75,25089.5,25063.5,25064.5,14264.0
2026-03-02T19:25:00Z,25064.25,25085.0,25056.75,25079.5,11613.0
2026-03-02T19:30:00Z,25079.75,25092.75,25069.75,25086.5,12470.0
2026-03-02T19:35:00Z,25086.5,25098.25,25082.0,25083.0,8331.0
2026-03-02T19:40:00Z,25083.25,25093.0,25072.5,25076.5,8131.0
2026-03-02T19:45:00Z,25077.0,25100.0,25076.75,25094.25,8749.0
2026-03-02T19:50:00Z,25094.5,25097.25,25084.0,25092.25,6231.0
2026-03-02T19:55:00Z,25092.25,25094.0,25078.75,25082.75,5501.0
2026-03-02T20:00:00Z,25082.75,25088.25,25065.5,25079.5,9497.0
2026-03-02T20:05:00Z,25079.5,25090.75,24989.25,25000.25,27935.0
2026-03-02T20:10:00Z,25000.75,25002.25,24959.0,24967.75,30069.0
2026-03-02T20:15:00Z,24967.0,25021.0,24947.0,25001.5,25904.0
2026-03-02T20:20:00Z,25001.25,25012.75,24973.75,24982.0,15633.0
2026-03-02T20:25:00Z,24981.75,24999.0,24962.0,24967.25,14820.0
2026-03-02T20:30:00Z,24967.25,25009.75,24962.25,25005.5,13780.0
2026-03-02T20:35:00Z,25005.25,25015.75,24981.25,25002.0,12842.0
2026-03-02T20:40:00Z,25002.5,25012.25,24974.25,25008.75,11457.0
2026-03-02T20:45:00Z,25008.25,25029.75,24997.25,25012.0,14794.0
2026-03-02T20:50:00Z,25011.25,25043.5,25007.5,25042.0,16933.0
2026-03-02T20:55:00Z,25041.75,25062.75,25018.75,25021.75,19675.0
2026-03-02T21:00:00Z,25022.5,25028.75,25004.0,25017.5,10725.0
2026-03-02T21:05:00Z,25017.5,25018.25,24975.75,24981.0,7913.0
2026-03-02T21:10:00Z,24981.5,25001.0,24978.5,24997.0,5361.0
2026-03-02T21:15:00Z,24997.5,25001.25,24984.0,24988.25,2410.0
2026-03-02T21:20:00Z,24988.25,25001.5,24984.5,24993.25,2318.0
2026-03-02T21:25:00Z,24993.75,24998.75,24989.75,24997.5,1237.0
2026-03-02T21:30:00Z,24996.25,25003.5,24992.0,25001.0,1490.0
2026-03-02T21:35:00Z,25001.0,25008.0,24998.0,25005.5,1016.0
2026-03-02T21:40:00Z,25005.25,25007.5,25001.25,25005.75,1306.0
2026-03-02T21:45:00Z,25005.25,25005.75,24978.5,24997.25,3268.0
2026-03-02T21:50:00Z,24998.0,25006.75,24994.5,24997.0,1547.0
2026-03-02T21:55:00Z,24997.25,25005.0,24993.5,24997.5,1349.0
2026-03-02T23:00:00Z,25002.75,25011.25,24967.75,24995.0,0.0
2026-03-02T23:05:00Z,24995.5,25000.0,24972.75,24981.25,2451.0
2026-03-02T23:10:00Z,24982.5,24984.25,24966.5,24972.5,2644.0
2026-03-02T23:15:00Z,24973.0,24977.0,24965.25,24972.5,1696.0
2026-03-02T23:20:00Z,24972.5,24973.0,24947.5,24957.0,4120.0
2026-03-02T23:25:00Z,24956.75,24969.0,24948.25,24961.25,2463.0
2026-03-02T23:30:00Z,24961.25,24972.0,24953.5,24954.0,2219.0
2026-03-02T23:35:00Z,24954.75,24956.5,24944.0,24948.25,2379.0
2026-03-02T23:40:00Z,24948.25,24955.75,24946.5,24948.5,1471.0
2026-03-02T23:45:00Z,24947.75,24966.5,24946.5,24956.75,2735.0
2026-03-02T23:50:00Z,24955.5,24972.25,24953.5,24968.25,1845.0
2026-03-02T23:55:00Z,24969.5,24978.75,24960.0,24971.75,2376.0
2026-03-03T00:00:00Z,24972.5,24983.0,24953.0,24971.25,4012.0
2026-03-03T00:05:00Z,24971.0,24981.0,24956.0,24960.75,2801.0
2026-03-03T00:10:00Z,24961.5,24971.0,24939.5,24947.0,4106.0
2026-03-03T00:15:00Z,24947.25,24960.5,24935.5,24936.75,3992.0
2026-03-03T00:20:00Z,24936.75,24944.25,24929.25,24940.75,2793.0
2026-03-03T00:25:00Z,24942.0,24948.25,24928.25,24941.25,2381.0
2026-03-03T00:30:00Z,24941.0,24945.75,24933.0,24941.75,1732.0
2026-03-03T00:35:00Z,24941.25,24945.5,24930.25,24939.25,1583.0
2026-03-03T00:40:00Z,24939.75,24947.25,24934.25,24947.0,1104.0
2026-03-03T00:45:00Z,24947.0,24951.25,24941.25,24946.75,1915.0
2026-03-03T00:50:00Z,24947.5,24949.75,24934.5,24939.5,1611.0
2026-03-03T00:55:00Z,24940.25,24940.25,24925.5,24930.75,1990.0
2026-03-03T01:00:00Z,24931.25,24934.75,24904.0,24928.5,5584.0
2026-03-03T01:05:00Z,24929.5,24938.75,24920.75,24935.0,2987.0
2026-03-03T01:10:00Z,24935.5,24957.0,24935.25,24942.25,4465.0
2026-03-03T01:15:00Z,24942.5,24957.25,24939.25,24945.5,3221.0
2026-03-03T01:20:00Z,24946.0,24958.25,24933.0,24955.75,3356.0
2026-03-03T01:25:00Z,24956.0,24962.0,24921.0,24923.0,4858.0
2026-03-03T01:30:00Z,24923.75,24933.75,24911.5,24918.0,4371.0
2026-03-03T01:35:00Z,24917.75,24922.25,24893.5,24899.0,5255.0
2026-03-03T01:40:00Z,24899.25,24918.75,24894.75,24908.5,3130.0
2026-03-03T01:45:00Z,24909.0,24914.0,24899.5,24907.5,2462.0
2026-03-03T01:50:00Z,24907.75,24908.25,24889.5,24892.5,3129.0
2026-03-03T01:55:00Z,24893.0,24897.0,24869.25,24873.75,4830.0
2026-03-03T02:00:00Z,24873.75,24879.0,24838.0,24848.5,8580.0
2026-03-03T02:05:00Z,24849.0,24858.25,24835.25,24847.5,6067.0
2026-03-03T02:10:00Z,24847.75,24859.0,24840.5,24855.25,4077.0
2026-03-03T02:15:00Z,24855.75,24859.5,24813.0,24823.75,6176.0
2026-03-03T02:20:00Z,24823.0,24834.75,24808.25,24822.0,6196.0
2026-03-03T02:25:00Z,24822.75,24841.25,24811.25,24836.0,3998.0
2026-03-03T02:30:00Z,24837.0,24852.75,24830.5,24842.25,3730.0
2026-03-03T02:35:00Z,24842.25,24855.75,24835.75,24849.0,2900.0
2026-03-03T02:40:00Z,24849.25,24878.75,24848.5,24861.0,5520.0
2026-03-03T02:45:00Z,24861.75,24877.25,24852.75,24873.0,2932.0
2026-03-03T02:50:00Z,24873.75,24876.0,24855.75,24860.75,2045.0
2026-03-03T02:55:00Z,24861.25,24863.25,24850.0,24861.25,2365.0
2026-03-03T03:00:00Z,24861.0,24884.75,24858.25,24860.25,3830.0
2026-03-03T03:05:00Z,24860.75,24864.25,24844.5,24846.5,2768.0
2026-03-03T03:10:00Z,24847.5,24852.0,24834.25,24851.5,2975.0
2026-03-03T03:15:00Z,24852.25,24861.5,24837.25,24843.0,2546.0
2026-03-03T03:20:00Z,24842.5,24843.75,24828.25,24830.0,2486.0
2026-03-03T03:25:00Z,24830.25,24838.75,24816.5,24823.25,2513.0
2026-03-03T03:30:00Z,24823.0,24834.75,24805.0,24826.75,4764.0
2026-03-03T03:35:00Z,24829.0,24869.75,24826.25,24869.5,4544.0
2026-03-03T03:40:00Z,24869.0,24873.25,24851.25,24864.0,2928.0
2026-03-03T03:45:00Z,24864.75,24879.5,24850.75,24857.0,3366.0
2026-03-03T03:50:00Z,24856.25,24860.75,24838.5,24848.25,3292.0
2026-03-03T03:55:00Z,24848.25,24856.25,24840.0,24845.75,1734.0
2026-03-03T04:00:00Z,24846.5,24863.25,24831.0,24833.5,3134.0
2026-03-03T04:05:00Z,24832.75,24840.0,24826.0,24829.25,1990.0
2026-03-03T04:10:00Z,24829.0,24844.5,24822.5,24835.5,2366.0
2026-03-03T04:15:00Z,24835.0,24840.25,24814.5,24838.0,2901.0
2026-03-03T04:20:00Z,24837.0,24846.75,24826.5,24838.5,2351.0
2026-03-03T04:25:00Z,24838.75,24841.25,24801.0,24815.5,3671.0
2026-03-03T04:30:00Z,24815.75,24830.25,24807.5,24809.5,3564.0
2026-03-03T04:35:00Z,24812.25,24816.5,24796.75,24804.0,3926.0
2026-03-03T04:40:00Z,24804.0,24821.75,24800.5,24819.5,2610.0
2026-03-03T04:45:00Z,24819.75,24825.5,24792.75,24801.75,3606.0
2026-03-03T04:50:00Z,24802.25,24813.5,24795.5,24801.75,2319.0
2026-03-03T04:55:00Z,24802.25,24805.0,24794.5,24803.25,1792.0
2026-03-03T05:05:00Z,24824.25,24829.75,24821.25,24826.25,5885.0
2026-03-03T05:10:00Z,24826.25,24829.0,24796.5,24808.75,2867.0
2026-03-03T05:15:00Z,24810.0,24823.0,24805.0,24814.75,2170.0
2026-03-03T05:20:00Z,24816.0,24819.25,24798.75,24813.25,2085.0
2026-03-03T05:25:00Z,24813.5,24820.5,24804.0,24813.5,2059.0
2026-03-03T05:30:00Z,24812.0,24812.0,24795.75,24801.5,2900.0
2026-03-03T05:35:00Z,24801.25,24806.0,24773.0,24778.75,4437.0
2026-03-03T05:40:00Z,24778.5,24792.5,24771.5,24776.75,3289.0
2026-03-03T05:45:00Z,24777.25,24784.0,24763.75,24770.25,3521.0
2026-03-03T05:50:00Z,24770.5,24775.75,24753.5,24764.75,3601.0
2026-03-03T05:55:00Z,24764.5,24769.0,24750.0,24765.0,3395.0
2026-03-03T06:00:00Z,24765.0,24789.75,24764.5,24769.0,4544.0
2026-03-03T06:05:00Z,24769.25,24772.5,24742.5,24763.25,4961.0
2026-03-03T06:10:00Z,24763.25,24773.25,24756.5,24764.0,2637.0
2026-03-03T06:15:00Z,24764.75,24765.0,24740.0,24745.5,3199.0
2026-03-03T06:20:00Z,24744.75,24769.5,24740.75,24764.5,2864.0
2026-03-03T06:25:00Z,24766.0,24798.5,24759.25,24797.5,3795.0
2026-03-03T06:30:00Z,24796.5,24800.75,24779.75,24779.75,3041.0
2026-03-03T06:35:00Z,24779.5,24785.25,24768.5,24780.0,2476.0
2026-03-03T06:40:00Z,24778.0,24785.75,24757.5,24760.0,2400.0
2026-03-03T06:45:00Z,24759.25,24759.5,24737.25,24740.5,3530.0
2026-03-03T06:50:00Z,24740.75,24756.75,24740.0,24756.0,2519.0
2026-03-03T06:55:00Z,24756.75,24765.75,24751.0,24753.25,2223.0
2026-03-03T07:00:00Z,24753.5,24759.5,24734.25,24758.5,4567.0
2026-03-03T07:05:00Z,24757.75,24768.0,24721.0,24735.5,6422.0
2026-03-03T07:10:00Z,24734.75,24743.0,24727.0,24738.0,2748.0
2026-03-03T07:15:00Z,24737.25,24758.75,24728.25,24750.25,3271.0
2026-03-03T07:20:00Z,24750.0,24753.5,24707.25,24725.5,4625.0
2026-03-03T07:25:00Z,24724.75,24733.0,24692.75,24703.5,5419.0
2026-03-03T07:30:00Z,24704.25,24713.0,24688.25,24691.0,4316.0
2026-03-03T07:35:00Z,24690.75,24695.5,24675.75,24687.5,4691.0
2026-03-03T07:40:00Z,24686.25,24708.5,24684.5,24700.75,3452.0
2026-03-03T07:45:00Z,24701.5,24714.0,24682.25,24684.25,3132.0
2026-03-03T07:50:00Z,24684.75,24693.5,24677.75,24690.75,2892.0
2026-03-03T07:55:00Z,24690.0,24693.0,24668.5,24675.75,4140.0
2026-03-03T08:00:00Z,24675.0,24692.0,24647.25,24677.75,10091.0
2026-03-03T08:05:00Z,24679.5,24692.25,24657.75,24690.75,6240.0
2026-03-03T08:10:00Z,24691.25,24695.75,24633.5,24637.75,8839.0
2026-03-03T08:15:00Z,24638.5,24654.75,24627.0,24652.5,8972.0
2026-03-03T08:20:00Z,24653.0,24662.5,24627.5,24627.5,7353.0
2026-03-03T08:25:00Z,24627.75,24635.75,24597.75,24598.75,9278.0
2026-03-03T08:30:00Z,24598.25,24613.0,24581.0,24607.0,9719.0
2026-03-03T08:35:00Z,24607.25,24621.25,24550.5,24566.5,11490.0
2026-03-03T08:40:00Z,24566.75,24568.75,24508.0,24538.75,13299.0
2026-03-03T08:45:00Z,24538.75,24548.5,24518.25,24535.25,9329.0
2026-03-03T08:50:00Z,24534.5,24548.0,24512.0,24517.25,8232.0
2026-03-03T08:55:00Z,24516.75,24532.0,24505.5,24517.0,8406.0
2026-03-03T09:00:00Z,24516.5,24554.75,24515.25,24541.5,10251.0
2026-03-03T09:05:00Z,24542.0,24582.0,24527.25,24573.5,9354.0
2026-03-03T09:10:00Z,24573.25,24577.75,24536.25,24560.25,8095.0
2026-03-03T09:15:00Z,24558.75,24560.75,24522.25,24534.25,6232.0
2026-03-03T09:20:00Z,24535.0,24555.5,24520.0,24552.25,6266.0
2026-03-03T09:25:00Z,24551.5,24560.75,24508.5,24519.5,7286.0
2026-03-03T09:30:00Z,24518.75,24535.25,24502.0,24502.25,6762.0
2026-03-03T09:35:00Z,24502.75,24543.0,24494.0,24532.5,7935.0
2026-03-03T09:40:00Z,24533.5,24541.25,24497.5,24502.75,6513.0
2026-03-03T09:45:00Z,24502.0,24504.0,24471.75,24485.25,10360.0
2026-03-03T09:50:00Z,24485.25,24493.5,24456.25,24469.5,10467.0
2026-03-03T09:55:00Z,24470.0,24490.75,24446.5,24455.0,7178.0
2026-03-03T10:00:00Z,24456.25,24483.75,24437.0,24474.5,9147.0
2026-03-03T10:05:00Z,24473.75,24482.5,24425.25,24432.25,8155.0
2026-03-03T10:10:00Z,24431.75,24459.0,24422.0,24448.5,7427.0
2026-03-03T10:15:00Z,24450.0,24477.25,24438.0,24450.75,6633.0
2026-03-03T10:20:00Z,24449.75,24481.25,24449.75,24458.5,6040.0
2026-03-03T10:25:00Z,24457.75,24469.75,24435.0,24437.0,5029.0
2026-03-03T10:30:00Z,24435.75,24450.75,24395.25,24404.25,10159.0
2026-03-03T10:35:00Z,24404.5,24417.0,24392.75,24403.0,9171.0
2026-03-03T10:40:00Z,24403.0,24469.25,24402.75,24468.75,11411.0
2026-03-03T10:45:00Z,24468.25,24484.0,24451.5,24456.25,7654.0
2026-03-03T10:50:00Z,24455.75,24477.75,24446.5,24454.75,6750.0
2026-03-03T10:55:00Z,24453.75,24459.75,24402.0,24452.5,9242.0
2026-03-03T11:00:00Z,24450.75,24478.25,24428.0,24468.5,6638.0
2026-03-03T11:05:00Z,24468.25,24469.75,24424.25,24444.0,6036.0
2026-03-03T11:10:00Z,24444.75,24452.0,24423.25,24428.5,5927.0
2026-03-03T11:15:00Z,24430.0,24446.75,24394.0,24405.5,8648.0
2026-03-03T11:20:00Z,24406.5,24468.75,24369.5,24463.75,13853.0
2026-03-03T11:25:00Z,24463.75,24487.0,24448.25,24454.75,9458.0
2026-03-03T11:30:00Z,24455.5,24483.0,24455.25,24466.25,7130.0
2026-03-03T11:35:00Z,24467.25,24504.0,24458.75,24487.75,9445.0
2026-03-03T11:40:00Z,24486.75,24502.0,24473.75,24498.0,6551.0
2026-03-03T11:45:00Z,24498.0,24514.5,24481.25,24486.0,7369.0
2026-03-03T11:50:00Z,24486.75,24509.5,24477.25,24508.25,5458.0
2026-03-03T11:55:00Z,24507.25,24509.75,24470.25,24488.0,5885.0
2026-03-03T12:00:00Z,24487.5,24517.5,24477.5,24515.0,7635.0
2026-03-03T12:05:00Z,24514.75,24551.5,24505.5,24548.5,8294.0
2026-03-03T12:10:00Z,24548.0,24576.25,24536.75,24555.25,11250.0
2026-03-03T12:15:00Z,24555.75,24566.75,24536.25,24560.25,7614.0
2026-03-03T12:20:00Z,24559.5,24602.25,24543.75,24573.0,11875.0
2026-03-03T12:25:00Z,24572.75,24592.25,24565.0,24571.75,5183.0
2026-03-03T12:30:00Z,24571.0,24579.0,24550.5,24578.25,6822.0
2026-03-03T12:35:00Z,24579.0,24592.0,24560.25,24571.5,6480.0
2026-03-03T12:40:00Z,24571.75,24586.0,24555.25,24580.25,5741.0
2026-03-03T12:45:00Z,24581.25,24607.25,24577.0,24596.75,6800.0
2026-03-03T12:50:00Z,24596.75,24602.25,24557.0,24575.75,8747.0
2026-03-03T12:55:00Z,24576.0,24599.0,24575.75,24582.0,5291.0
2026-03-03T13:00:00Z,24583.75,24590.25,24554.0,24563.5,6366.0
2026-03-03T13:05:00Z,24564.75,24570.0,24542.0,24542.5,5965.0
2026-03-03T13:10:00Z,24543.0,24558.0,24527.75,24549.5,7276.0
2026-03-03T13:15:00Z,24549.75,24570.75,24540.0,24554.25,6432.0
2026-03-03T13:20:00Z,24554.5,24574.75,24536.25,24549.5,7720.0
2026-03-03T13:25:00Z,24550.0,24551.0,24515.0,24529.5,7108.0
2026-03-03T13:30:00Z,24530.25,24532.75,24473.5,24504.0,13533.0
2026-03-03T13:35:00Z,24504.75,24513.5,24477.5,24498.25,10747.0
2026-03-03T13:40:00Z,24498.75,24521.25,24481.75,24495.5,9893.0
2026-03-03T13:45:00Z,24495.5,24500.0,24466.0,24476.0,10123.0
2026-03-03T13:50:00Z,24476.25,24501.0,24447.75,24479.0,12619.0
2026-03-03T13:55:00Z,24478.5,24499.25,24473.75,24496.25,8132.0
2026-03-03T14:00:00Z,24496.5,24500.75,24467.5,24482.25,10094.0
2026-03-03T14:05:00Z,24481.5,24506.5,24477.0,24497.5,10671.0
2026-03-03T14:10:00Z,24497.25,24497.25,24455.75,24478.5,11966.0
2026-03-03T14:15:00Z,24479.5,24510.0,24472.0,24496.0,12137.0
2026-03-03T14:20:00Z,24496.25,24542.75,24492.25,24517.75,13109.0
2026-03-03T14:25:00Z,24516.75,24537.25,24506.5,24534.0,15190.0
2026-03-03T14:30:00Z,24534.75,24626.75,24516.0,24527.75,59840.0
2026-03-03T14:35:00Z,24528.75,24661.0,24503.0,24593.25,62010.0
2026-03-03T14:40:00Z,24593.0,24613.0,24515.0,24532.5,48214.0
2026-03-03T14:45:00Z,24533.0,24613.25,24491.5,24501.75,51326.0
2026-03-03T14:50:00Z,24502.5,24567.0,24487.5,24543.75,49365.0
2026-03-03T14:55:00Z,24543.5,24551.0,24480.0,24489.75,39067.0
2026-03-03T15:00:00Z,24489.75,24563.75,24463.5,24485.0,48943.0
2026-03-03T15:05:00Z,24484.0,24543.5,24461.75,24502.75,36332.0
2026-03-03T15:10:00Z,24503.0,24552.0,24479.5,24503.0,33640.0
2026-03-03T15:15:00Z,24501.25,24520.0,24427.75,24434.75,35254.0
2026-03-03T15:20:00Z,24434.5,24442.5,24385.25,24397.5,43263.0
2026-03-03T15:25:00Z,24397.75,24402.0,24350.75,24359.5,45333.0
2026-03-03T15:30:00Z,24359.5,24440.0,24356.25,24405.75,48665.0
2026-03-03T15:35:00Z,24406.0,24460.0,24392.0,24438.5,38651.0
2026-03-03T15:40:00Z,24437.75,24472.25,24402.75,24414.75,36948.0
2026-03-03T15:45:00Z,24414.5,24460.0,24393.5,24420.0,34060.0
2026-03-03T15:50:00Z,24420.0,24440.0,24373.5,24381.0,31702.0
2026-03-03T15:55:00Z,24381.25,24454.0,24376.5,24446.75,29288.0
2026-03-03T16:00:00Z,24446.25,24526.0,24436.25,24520.25,32454.0
2026-03-03T16:05:00Z,24520.25,24586.25,24518.5,24565.75,36018.0
2026-03-03T16:10:00Z,24565.75,24590.0,24544.0,24572.5,21432.0
2026-03-03T16:15:00Z,24572.75,24620.25,24572.0,24584.25,24853.0
2026-03-03T16:20:00Z,24584.75,24633.0,24570.75,24628.25,25541.0
2026-03-03T16:25:00Z,24628.25,24642.5,24611.0,24619.25,20163.0
2026-03-03T16:30:00Z,24619.25,24625.75,24563.0,24608.5,28638.0
2026-03-03T16:35:00Z,24608.5,24646.5,24601.5,24624.0,22262.0
2026-03-03T16:40:00Z,24624.25,24653.0,24584.0,24648.0,25500.0
2026-03-03T16:45:00Z,24647.0,24725.0,24644.75,24690.75,34935.0
2026-03-03T16:50:00Z,24690.25,24700.0,24665.0,24695.0,16893.0
2026-03-03T16:55:00Z,24695.0,24710.0,24661.0,24671.25,18223.0
2026-03-03T17:00:00Z,24671.5,24691.5,24641.25,24674.5,19610.0
2026-03-03T17:05:00Z,24674.5,24690.25,24631.0,24639.5,17455.0
2026-03-03T17:10:00Z,24638.5,24659.0,24620.5,24655.75,15175.0
2026-03-03T17:15:00Z,24655.75,24680.5,24632.25,24673.5,15876.0
2026-03-03T17:20:00Z,24673.5,24698.0,24639.75,24697.5,15239.0
2026-03-03T17:25:00Z,24697.75,24712.5,24675.0,24703.75,13773.0
2026-03-03T17:30:00Z,24704.5,24708.0,24610.25,24619.0,18436.0
2026-03-03T17:35:00Z,24619.75,24649.75,24601.75,24627.5,17752.0
2026-03-03T17:40:00Z,24627.0,24696.5,24626.25,24692.25,16220.0
2026-03-03T17:45:00Z,24692.25,24698.75,24664.25,24688.0,12389.0
2026-03-03T17:50:00Z,24688.25,24690.75,24628.5,24636.0,12507.0
2026-03-03T17:55:00Z,24636.0,24656.0,24624.0,24641.0,11648.0
2026-03-03T18:00:00Z,24641.25,24702.5,24640.0,24683.75,14449.0
2026-03-03T18:05:00Z,24683.25,24702.75,24669.0,24700.75,10598.0
2026-03-03T18:10:00Z,24700.5,24704.0,24654.0,24679.25,12507.0
2026-03-03T18:15:00Z,24679.25,24708.75,24675.0,24704.0,10750.0
2026-03-03T18:20:00Z,24704.0,24764.5,24702.25,24759.5,21467.0
2026-03-03T18:25:00Z,24759.75,24771.75,24741.5,24746.5,14480.0
2026-03-03T18:30:00Z,24746.75,24790.25,24741.5,24782.25,15063.0
2026-03-03T18:35:00Z,24783.5,24809.5,24766.25,24806.75,18153.0
2026-03-03T18:40:00Z,24806.5,24835.0,24792.0,24802.25,18798.0
2026-03-03T18:45:00Z,24803.0,24812.25,24771.25,24808.5,17255.0
2026-03-03T18:50:00Z,24808.25,24825.0,24792.5,24802.25,13297.0
2026-03-03T18:55:00Z,24802.0,24812.5,24780.25,24800.0,11642.0
2026-03-03T19:00:00Z,24799.75,24813.75,24784.0,24803.75,11787.0
2026-03-03T19:05:00Z,24804.0,24809.25,24745.75,24749.25,15619.0
2026-03-03T19:10:00Z,24749.25,24773.5,24730.25,24768.0,15423.0
2026-03-03T19:15:00Z,24768.5,24794.75,24762.75,24776.75,13582.0
2026-03-03T19:20:00Z,24777.0,24803.0,24775.0,24779.5,12132.0
2026-03-03T19:25:00Z,24777.75,24784.5,24753.25,24759.25,11962.0
2026-03-03T19:30:00Z,24759.25,24769.5,24715.75,24725.0,13937.0
2026-03-03T19:35:00Z,24724.75,24816.25,24709.25,24784.75,26028.0
2026-03-03T19:40:00Z,24785.25,24822.5,24775.5,24819.75,18639.0
2026-03-03T19:45:00Z,24820.25,24850.25,24815.25,24825.75,19724.0
2026-03-03T19:50:00Z,24825.25,24838.5,24768.75,24792.25,18000.0
2026-03-03T19:55:00Z,24791.25,24798.25,24766.0,24787.0,11458.0
2026-03-03T20:00:00Z,24786.75,24821.25,24773.5,24792.75,15498.0
2026-03-03T20:05:00Z,24792.25,24813.0,24777.0,24808.75,12370.0
2026-03-03T20:10:00Z,24808.0,24818.0,24773.5,24774.75,9510.0
2026-03-03T20:15:00Z,24774.0,24788.5,24744.75,24756.75,13821.0
2026-03-03T20:20:00Z,24757.0,24781.0,24750.75,24767.5,10891.0
2026-03-03T20:25:00Z,24767.75,24790.5,24741.25,24782.5,12304.0
2026-03-03T20:30:00Z,24782.25,24797.75,24773.0,24774.0,10880.0
2026-03-03T20:35:00Z,24774.5,24808.0,24758.25,24769.25,14112.0
2026-03-03T20:40:00Z,24769.75,24781.5,24755.25,24767.75,10085.0
2026-03-03T20:45:00Z,24768.0,24780.0,24744.5,24763.75,11152.0
2026-03-03T20:50:00Z,24764.0,24775.5,24717.75,24755.0,20436.0
2026-03-03T20:55:00Z,24754.5,24764.75,24740.5,24756.5,16689.0
2026-03-03T21:00:00Z,24756.75,24759.0,24742.75,24752.75,3934.0
2026-03-03T21:10:00Z,24738.0,24739.5,24728.25,24737.5,13735.0
2026-03-03T21:15:00Z,24736.75,24746.75,24731.75,24740.75,2449.0
2026-03-03T21:20:00Z,24741.0,24746.0,24735.75,24737.75,1712.0
2026-03-03T21:25:00Z,24738.0,24738.5,24716.5,24723.0,2770.0
2026-03-03T21:30:00Z,24723.5,24725.25,24693.0,24700.75,4367.0
2026-03-03T21:35:00Z,24700.5,24714.0,24698.5,24712.5,2299.0
2026-03-03T21:40:00Z,24712.5,24731.5,24712.25,24721.0,2129.0
2026-03-03T21:45:00Z,24720.5,24720.75,24710.75,24715.5,1683.0
2026-03-03T21:50:00Z,24715.25,24727.75,24713.25,24714.25,1223.0
2026-03-03T21:55:00Z,24713.5,24720.5,24708.25,24711.5,1229.0
2026-03-03T23:00:00Z,24711.5,24714.0,24678.75,24687.0,0.0
2026-03-03T23:05:00Z,24687.0,24727.5,24668.75,24722.0,6681.0
2026-03-03T23:10:00Z,24720.75,24759.75,24714.75,24745.0,4687.0
2026-03-03T23:15:00Z,24746.25,24759.25,24731.25,24744.75,3700.0
2026-03-03T23:20:00Z,24744.0,24754.25,24728.5,24731.75,3062.0
2026-03-03T23:25:00Z,24731.75,24738.5,24702.0,24706.75,4124.0
2026-03-03T23:30:00Z,24707.5,24714.5,24701.5,24710.75,1875.0
2026-03-03T23:35:00Z,24710.25,24723.25,24706.0,24711.75,2173.0
2026-03-03T23:40:00Z,24712.25,24733.0,24711.0,24719.5,2422.0
2026-03-03T23:45:00Z,24719.0,24740.0,24714.25,24734.0,3634.0
2026-03-03T23:50:00Z,24733.75,24742.25,24717.25,24718.5,2342.0
2026-03-03T23:55:00Z,24718.5,24724.25,24697.75,24702.5,3057.0
2026-03-04T00:00:00Z,24702.75,24715.0,24680.25,24687.5,5848.0
2026-03-04T00:05:00Z,24687.5,24722.25,24677.0,24720.5,5657.0
2026-03-04T00:10:00Z,24719.5,24745.0,24699.75,24739.25,5779.0
2026-03-04T00:15:00Z,24739.25,24795.25,24731.25,24792.25,7496.0
2026-03-04T00:20:00Z,24791.0,24804.25,24770.75,24772.75,6206.0
2026-03-04T00:25:00Z,24772.5,24784.0,24766.5,24767.0,3403.0
2026-03-04T00:30:00Z,24768.0,24771.0,24719.5,24721.0,6632.0
2026-03-04T00:35:00Z,24720.75,24726.25,24697.5,24705.5,5123.0
2026-03-04T00:40:00Z,24706.0,24715.5,24689.0,24699.75,4146.0
2026-03-04T00:45:00Z,24699.25,24745.75,24698.25,24736.25,6252.0
2026-03-04T00:50:00Z,24736.25,24760.0,24736.0,24754.25,3695.0
2026-03-04T00:55:00Z,24755.25,24765.75,24733.25,24747.5,4768.0
2026-03-04T01:00:00Z,24748.75,24773.25,24735.75,24763.0,5234.0
2026-03-04T01:05:00Z,24764.0,24764.75,24710.0,24719.0,5506.0
2026-03-04T01:10:00Z,24719.75,24724.75,24693.0,24705.75,4973.0
2026-03-04T01:15:00Z,24707.25,24719.5,24693.75,24700.0,3751.0
2026-03-04T01:20:00Z,24699.75,24701.0,24637.25,24653.75,9890.0
2026-03-04T01:25:00Z,24653.5,24672.5,24639.5,24650.25,6124.0
2026-03-04T01:30:00Z,24651.5,24664.75,24629.75,24647.0,7350.0
2026-03-04T01:35:00Z,24648.25,24703.25,24647.5,24688.5,6676.0
2026-03-04T01:40:00Z,24687.25,24722.0,24681.0,24708.0,4921.0
2026-03-04T01:45:00Z,24709.5,24713.75,24653.0,24662.0,6043.0
2026-03-04T01:50:00Z,24662.75,24688.5,24645.75,24666.0,5856.0
2026-03-04T01:55:00Z,24667.0,24687.5,24665.0,24675.25,3867.0
2026-03-04T02:00:00Z,24676.0,24703.25,24637.5,24649.75,6056.0
2026-03-04T02:05:00Z,24649.25,24660.5,24633.5,24643.5,4103.0
2026-03-04T02:10:00Z,24643.75,24678.75,24633.5,24644.5,5399.0
2026-03-04T02:15:00Z,24644.75,24663.5,24621.75,24662.5,4614.0
2026-03-04T02:20:00Z,24663.5,24667.75,24643.25,24647.5,3102.0
2026-03-04T02:25:00Z,24646.75,24647.0,24618.75,24623.0,4036.0
2026-03-04T02:30:00Z,24621.5,24630.0,24595.25,24599.75,5534.0
2026-03-04T02:35:00Z,24599.5,24614.25,24588.75,24607.75,5695.0
2026-03-04T02:40:00Z,24608.5,24625.0,24597.75,24623.0,4216.0
2026-03-04T02:45:00Z,24623.75,24649.5,24622.5,24646.5,4330.0
2026-03-04T02:50:00Z,24646.5,24667.0,24629.0,24633.75,4934.0
2026-03-04T02:55:00Z,24632.75,24651.75,24623.0,24636.5,3543.0
2026-03-04T03:00:00Z,24636.25,24638.0,24585.75,24593.5,6552.0
2026-03-04T03:05:00Z,24594.25,24624.0,24588.0,24622.5,5094.0
2026-03-04T03:10:00Z,24623.0,24628.75,24589.5,24592.75,4491.0
2026-03-04T03:15:00Z,24593.75,24597.25,24574.0,24595.25,4611.0
2026-03-04T03:20:00Z,24595.25,24603.25,24557.0,24573.25,6080.0
2026-03-04T03:25:00Z,24573.25,24579.25,24559.75,24569.25,3383.0
2026-03-04T03:30:00Z,24568.5,24573.75,24526.0,24527.0,6656.0
2026-03-04T03:35:00Z,24527.75,24572.5,24525.0,24559.25,6443.0
2026-03-04T03:40:00Z,24559.25,24572.5,24537.75,24566.25,4913.0
2026-03-04T03:45:00Z,24566.25,24590.0,24550.25,24574.75,4502.0
2026-03-04T03:50:00Z,24574.25,24584.5,24556.5,24558.0,3725.0
2026-03-04T03:55:00Z,24557.75,24600.75,24555.25,24599.0,4228.0
2026-03-04T04:00:00Z,24599.25,24616.0,24593.75,24604.5,4975.0
2026-03-04T04:05:00Z,24605.5,24644.75,24605.0,24632.25,5392.0
2026-03-04T04:10:00Z,24632.75,24644.25,24613.0,24622.5,4126.0
2026-03-04T04:15:00Z,24621.25,24637.75,24591.0,24598.0,4508.0
2026-03-04T04:20:00Z,24597.75,24614.25,24586.5,24594.0,3519.0
2026-03-04T04:25:00Z,24593.75,24605.75,24591.0,24592.75,2431.0
2026-03-04T04:30:00Z,24592.0,24599.0,24575.5,24597.0,3839.0
2026-03-04T04:35:00Z,24598.25,24606.0,24572.0,24585.0,3158.0
2026-03-04T04:40:00Z,24584.0,24602.25,24566.25,24598.5,3631.0
2026-03-04T04:45:00Z,24598.0,24606.5,24584.75,24600.25,2681.0
2026-03-04T04:50:00Z,24600.75,24603.0,24574.5,24580.5,3048.0
2026-03-04T04:55:00Z,24579.5,24608.25,24575.5,24595.25,2359.0
2026-03-04T05:05:00Z,24580.25,24581.75,24573.0,24580.0,7828.0
2026-03-04T05:10:00Z,24581.0,24588.25,24561.5,24565.25,2455.0
2026-03-04T05:15:00Z,24566.0,24593.25,24561.0,24579.0,3108.0
2026-03-04T05:20:00Z,24579.25,24589.75,24543.75,24547.25,4194.0
2026-03-04T05:25:00Z,24547.75,24560.25,24532.0,24558.0,3632.0
2026-03-04T05:30:00Z,24558.25,24568.75,24546.0,24550.5,3283.0
2026-03-04T05:35:00Z,24551.0,24582.75,24541.0,24574.5,3674.0
2026-03-04T05:40:00Z,24574.75,24617.75,24572.5,24598.0,4473.0
2026-03-04T05:45:00Z,24597.75,24607.75,24573.5,24577.25,3359.0
2026-03-04T05:50:00Z,24577.75,24590.75,24572.75,24586.25,3240.0
2026-03-04T05:55:00Z,24587.0,24592.0,24569.5,24574.0,2453.0
2026-03-04T06:00:00Z,24574.5,24574.5,24537.75,24545.0,3933.0
2026-03-04T06:05:00Z,24545.75,24558.25,24535.5,24537.5,3254.0
2026-03-04T06:10:00Z,24537.5,24540.0,24516.0,24518.25,3957.0
2026-03-04T06:15:00Z,24517.5,24523.0,24500.25,24503.25,4675.0
2026-03-04T06:20:00Z,24503.25,24538.75,24498.5,24528.5,4589.0
2026-03-04T06:25:00Z,24526.75,24548.75,24522.5,24547.25,3776.0
2026-03-04T06:30:00Z,24548.0,24585.0,24541.0,24579.0,4209.0
2026-03-04T06:35:00Z,24579.25,24590.5,24568.5,24575.75,3731.0
2026-03-04T06:40:00Z,24577.0,24581.25,24567.25,24572.25,2602.0
2026-03-04T06:45:00Z,24572.25,24575.5,24548.5,24553.5,2464.0
2026-03-04T06:50:00Z,24553.0,24573.75,24546.5,24558.0,2827.0
2026-03-04T06:55:00Z,24558.75,24574.75,24555.25,24571.5,2228.0
2026-03-04T07:00:00Z,24570.25,24585.25,24560.5,24568.75,5048.0
2026-03-04T07:05:00Z,24568.0,24576.0,24552.75,24565.75,3867.0
2026-03-04T07:10:00Z,24565.0,24566.0,24536.25,24542.0,3473.0
2026-03-04T07:15:00Z,24541.25,24565.75,24535.75,24550.0,3275.0
2026-03-04T07:20:00Z,24550.5,24607.0,24550.5,24603.0,4944.0
2026-03-04T07:25:00Z,24601.75,24615.0,24595.25,24602.0,3999.0
2026-03-04T07:30:00Z,24602.0,24631.75,24596.75,24626.5,4441.0
2026-03-04T07:35:00Z,24626.0,24639.75,24621.25,24632.0,3492.0
2026-03-04T07:40:00Z,24632.5,24666.0,24631.75,24655.25,5868.0
2026-03-04T07:45:00Z,24655.5,24663.25,24642.0,24651.0,3481.0
2026-03-04T07:50:00Z,24652.0,24677.75,24648.0,24663.75,3544.0
2026-03-04T07:55:00Z,24663.25,24673.75,24650.75,24655.5,3778.0
2026-03-04T08:00:00Z,24656.0,24675.5,24639.0,24649.25,6771.0
2026-03-04T08:05:00Z,24648.25,24677.25,24638.25,24659.25,5713.0
2026-03-04T08:10:00Z,24658.75,24674.0,24634.75,24669.0,5163.0
2026-03-04T08:15:00Z,24669.75,24689.25,24642.0,24668.25,5271.0
2026-03-04T08:20:00Z,24667.5,24668.75,24613.75,24634.75,6183.0
2026-03-04T08:25:00Z,24634.25,24640.25,24611.5,24628.75,4233.0
2026-03-04T08:30:00Z,24629.75,24657.5,24623.25,24651.0,3861.0
2026-03-04T08:35:00Z,24649.75,24655.0,24622.25,24625.25,2686.0
2026-03-04T08:40:00Z,24626.75,24669.75,24619.75,24663.5,3556.0
2026-03-04T08:45:00Z,24663.25,24674.75,24644.25,24672.75,3001.0
2026-03-04T08:50:00Z,24675.0,24678.0,24644.75,24662.0,2659.0
2026-03-04T08:55:00Z,24661.5,24665.75,24632.25,24645.25,2508.0
2026-03-04T09:00:00Z,24647.0,24672.25,24626.25,24653.75,3701.0
2026-03-04T09:05:00Z,24655.0,24660.25,24621.75,24653.75,2338.0
2026-03-04T09:10:00Z,24654.75,24708.5,24648.5,24693.0,4119.0
2026-03-04T09:15:00Z,24692.75,24721.75,24685.0,24699.75,3940.0
2026-03-04T09:20:00Z,24699.5,24716.5,24691.25,24710.0,2447.0
2026-03-04T09:25:00Z,24710.0,24712.0,24694.25,24706.5,1544.0
2026-03-04T09:30:00Z,24707.5,24718.0,24693.5,24712.75,2127.0
2026-03-04T09:35:00Z,24713.0,24735.0,24702.75,24708.25,3738.0
2026-03-04T09:40:00Z,24708.5,24745.0,24703.0,24735.0,3303.0
2026-03-04T09:45:00Z,24733.25,24764.25,24725.0,24759.75,3629.0
2026-03-04T09:50:00Z,24759.5,24771.0,24746.5,24753.0,3206.0
2026-03-04T09:55:00Z,24753.0,24760.5,24736.0,24754.75,2305.0
2026-03-04T10:00:00Z,24754.25,24762.5,24745.5,24750.0,2088.0
2026-03-04T10:05:00Z,24749.0,24835.0,24734.5,24822.75,12516.0
2026-03-04T10:10:00Z,24821.5,24858.75,24811.0,24850.25,10795.0
2026-03-04T10:15:00Z,24851.25,24866.0,24823.0,24835.25,6720.0
2026-03-04T10:20:00Z,24834.25,24861.0,24824.5,24839.75,5492.0
2026-03-04T10:25:00Z,24839.5,24840.25,24795.25,24805.5,4903.0
2026-03-04T10:30:00Z,24805.75,24834.5,24805.25,24829.0,3255.0
2026-03-04T10:35:00Z,24829.75,24846.25,24814.0,24822.25,3320.0
2026-03-04T10:40:00Z,24821.5,24841.5,24811.5,24833.0,2921.0
2026-03-04T10:45:00Z,24833.0,24846.75,24818.25,24839.0,2922.0
2026-03-04T10:50:00Z,24838.25,24854.25,24811.25,24832.25,3718.0
2026-03-04T10:55:00Z,24832.0,24845.75,24821.25,24842.5,2428.0
2026-03-04T11:00:00Z,24842.25,24874.75,24839.0,24854.75,6290.0
2026-03-04T11:05:00Z,24855.75,24867.75,24838.25,24847.0,4301.0
2026-03-04T11:10:00Z,24847.5,24869.0,24840.75,24858.75,3112.0
2026-03-04T11:15:00Z,24860.0,24893.25,24855.25,24891.25,5300.0
2026-03-04T11:20:00Z,24890.0,24894.5,24871.75,24879.0,4190.0
2026-03-04T11:25:00Z,24878.5,24886.75,24860.5,24864.0,3331.0
2026-03-04T11:30:00Z,24864.5,24873.0,24831.25,24843.0,4358.0
2026-03-04T11:35:00Z,24843.5,24847.5,24823.25,24836.5,3952.0
2026-03-04T11:40:00Z,24837.25,24845.25,24814.75,24815.25,3465.0
2026-03-04T11:45:00Z,24815.5,24836.5,24808.0,24814.75,4288.0
2026-03-04T11:50:00Z,24814.75,24829.75,24803.0,24818.0,3273.0
2026-03-04T11:55:00Z,24818.25,24826.75,24801.5,24806.0,2970.0
2026-03-04T12:00:00Z,24806.25,24844.75,24805.0,24822.5,5153.0
2026-03-04T12:05:00Z,24821.5,24843.25,24805.0,24809.75,4542.0
2026-03-04T12:10:00Z,24809.0,24829.25,24805.5,24828.25,3319.0
2026-03-04T12:15:00Z,24829.25,24829.75,24774.0,24785.25,6555.0
2026-03-04T12:20:00Z,24785.25,24789.0,24757.5,24766.75,6877.0
2026-03-04T12:25:00Z,24766.75,24770.5,24728.0,24732.75,6854.0
2026-03-04T12:30:00Z,24731.5,24750.5,24720.0,24745.0,6538.0
2026-03-04T12:35:00Z,24743.5,24779.5,24730.25,24778.5,5643.0
2026-03-04T12:40:00Z,24778.75,24794.75,24765.0,24782.25,4936.0
2026-03-04T12:45:00Z,24782.0,24782.75,24764.0,24770.75,4435.0
2026-03-04T12:50:00Z,24769.25,24776.25,24758.0,24764.75,2994.0
2026-03-04T12:55:00Z,24764.25,24803.75,24759.5,24800.25,4555.0
2026-03-04T13:00:00Z,24799.75,24843.0,24795.5,24838.75,8215.0
2026-03-04T13:05:00Z,24839.0,24889.0,24833.0,24884.5,10830.0
2026-03-04T13:10:00Z,24885.25,24925.0,24884.25,24917.5,11424.0
2026-03-04T13:15:00Z,24917.5,24928.0,24873.0,24885.75,8669.0
2026-03-04T13:20:00Z,24885.75,24887.25,24863.25,24870.5,5772.0
2026-03-04T13:25:00Z,24869.25,24891.25,24867.5,24882.0,5152.0
2026-03-04T13:30:00Z,24881.5,24899.25,24857.5,24885.25,7355.0
2026-03-04T13:35:00Z,24886.25,24896.25,24865.0,24889.75,5494.0
2026-03-04T13:40:00Z,24890.25,24922.0,24877.75,24904.5,7794.0
2026-03-04T13:45:00Z,24903.25,24918.0,24898.25,24912.25,3843.0
2026-03-04T13:50:00Z,24911.75,24916.25,24885.5,24891.5,6107.0
2026-03-04T13:55:00Z,24891.75,24912.0,24874.25,24889.5,8674.0
2026-03-04T14:00:00Z,24889.5,24895.25,24874.25,24887.5,5613.0
2026-03-04T14:05:00Z,24887.75,24905.0,24867.25,24873.75,6816.0
2026-03-04T14:10:00Z,24874.75,24897.0,24868.25,24896.25,5141.0
2026-03-04T14:15:00Z,24896.0,24904.5,24880.75,24901.5,6218.0
2026-03-04T14:20:00Z,24901.25,24911.5,24880.75,24881.0,6040.0
2026-03-04T14:25:00Z,24881.0,24881.0,24850.75,24852.75,11923.0
2026-03-04T14:30:00Z,24853.0,24969.25,24837.25,24964.25,52292.0
2026-03-04T14:35:00Z,24965.0,24970.5,24866.5,24885.5,43095.0
2026-03-04T14:40:00Z,24886.5,24887.75,24841.5,24852.25,29277.0
2026-03-04T14:45:00Z,24851.0,24939.5,24813.5,24896.5,45936.0
2026-03-04T14:50:00Z,24896.0,24944.0,24865.25,24932.25,28253.0
2026-03-04T14:55:00Z,24932.5,24941.25,24880.0,24921.25,19424.0
2026-03-04T15:00:00Z,24921.25,24983.5,24890.25,24930.0,47394.0
2026-03-04T15:05:00Z,24930.5,25001.25,24922.0,24995.0,35799.0
2026-03-04T15:10:00Z,24994.75,25010.0,24957.5,24978.0,34763.0
2026-03-04T15:15:00Z,24977.5,25036.0,24974.25,25033.0,28978.0
2026-03-04T15:20:00Z,25033.0,25094.0,25022.0,25091.75,36564.0
2026-03-04T15:25:00Z,25091.5,25142.0,25074.75,25139.25,38453.0
2026-03-04T15:30:00Z,25139.0,25147.75,25112.5,25113.75,28407.0
2026-03-04T15:35:00Z,25113.75,25129.75,25078.0,25082.25,28943.0
2026-03-04T15:40:00Z,25082.75,25096.25,25060.75,25061.75,25293.0
2026-03-04T15:45:00Z,25062.0,25068.75,25037.0,25061.0,26971.0
2026-03-04T15:50:00Z,25060.5,25086.5,25043.75,25080.5,25504.0
2026-03-04T15:55:00Z,25080.75,25132.25,25078.5,25127.25,22318.0
2026-03-04T16:00:00Z,25127.75,25158.25,25126.75,25138.75,24085.0
2026-03-04T16:05:00Z,25138.75,25143.25,25104.5,25110.0,22763.0
2026-03-04T16:10:00Z,25110.25,25114.5,25057.75,25070.25,22319.0
2026-03-04T16:15:00Z,25071.5,25094.0,25051.75,25066.0,21735.0
2026-03-04T16:20:00Z,25066.0,25090.25,25051.25,25066.75,19159.0
2026-03-04T16:25:00Z,25066.25,25121.25,25059.25,25106.5,21703.0
2026-03-04T16:30:00Z,25105.5,25135.75,25097.5,25122.25,15928.0
2026-03-04T16:35:00Z,25122.0,25139.75,25098.0,25114.5,19340.0
2026-03-04T16:40:00Z,25115.5,25168.0,25108.5,25159.5,19915.0
2026-03-04T16:45:00Z,25160.0,25170.0,25147.5,25164.5,14505.0
2026-03-04T16:50:00Z,25164.5,25172.25,25139.0,25160.0,15872.0
2026-03-04T16:55:00Z,25160.25,25168.75,25140.25,25145.0,11363.0
2026-03-04T17:00:00Z,25146.0,25168.5,25134.0,25167.25,12532.0
2026-03-04T17:05:00Z,25167.25,25175.25,25154.0,25161.75,11721.0
2026-03-04T17:10:00Z,25161.5,25170.5,25155.5,25156.25,6419.0
2026-03-04T17:15:00Z,25156.5,25161.25,25140.5,25155.0,9039.0
2026-03-04T17:20:00Z,25155.25,25164.0,25134.0,25152.5,10856.0
2026-03-04T17:25:00Z,25152.25,25165.75,25131.0,25133.5,10732.0
2026-03-04T17:30:00Z,25133.25,25146.5,25105.0,25139.75,18170.0
2026-03-04T17:35:00Z,25140.5,25168.75,25132.0,25165.5,14958.0
2026-03-04T17:40:00Z,25166.0,25173.5,25146.25,25153.25,11231.0
2026-03-04T17:45:00Z,25152.5,25171.0,25152.25,25160.0,7376.0
2026-03-04T17:50:00Z,25160.25,25181.25,25150.25,25174.25,12615.0
2026-03-04T17:55:00Z,25174.25,25177.5,25148.25,25169.0,9856.0
2026-03-04T18:00:00Z,25169.5,25184.0,25163.25,25166.75,9579.0
2026-03-04T18:05:00Z,25166.75,25181.5,25157.0,25171.75,9206.0
2026-03-04T18:10:00Z,25172.25,25177.5,25158.25,25163.25,7468.0
2026-03-04T18:15:00Z,25162.5,25167.0,25151.75,25152.5,7437.0
2026-03-04T18:20:00Z,25152.0,25161.25,25140.5,25147.5,10307.0
2026-03-04T18:25:00Z,25147.5,25175.25,25144.25,25172.0,9210.0
2026-03-04T18:30:00Z,25172.0,25203.75,25170.5,25185.25,15015.0
2026-03-04T18:35:00Z,25185.25,25205.0,25183.25,25193.75,8820.0
2026-03-04T18:40:00Z,25193.75,25213.75,25192.75,25200.0,8747.0
2026-03-04T18:45:00Z,25200.0,25207.75,25181.5,25205.0,9838.0
2026-03-04T18:50:00Z,25205.5,25215.0,25200.0,25201.25,8023.0
2026-03-04T18:55:00Z,25201.75,25202.0,25178.5,25192.5,10011.0
2026-03-04T19:00:00Z,25192.5,25211.5,25186.5,25208.5,8452.0
2026-03-04T19:05:00Z,25208.75,25211.0,25197.5,25203.75,6629.0
2026-03-04T19:10:00Z,25204.0,25217.0,25202.5,25209.5,8827.0
2026-03-04T19:15:00Z,25209.5,25216.0,25203.25,25207.75,5284.0
2026-03-04T19:20:00Z,25208.0,25210.25,25194.0,25205.5,6132.0
2026-03-04T19:25:00Z,25205.25,25207.0,25189.0,25194.25,6962.0
2026-03-04T19:30:00Z,25194.5,25202.25,25183.75,25187.0,6419.0
2026-03-04T19:35:00Z,25186.75,25204.75,25185.0,25204.25,6563.0
2026-03-04T19:40:00Z,25204.5,25210.25,25187.5,25191.5,7452.0
2026-03-04T19:45:00Z,25191.5,25198.25,25180.5,25196.5,6523.0
2026-03-04T19:50:00Z,25196.25,25201.75,25192.75,25195.5,4739.0
2026-03-04T19:55:00Z,25195.5,25197.75,25185.25,25189.0,5268.0
2026-03-04T20:00:00Z,25188.75,25195.5,25180.25,25190.75,5636.0
2026-03-04T20:05:00Z,25191.25,25196.0,25161.75,25168.25,10984.0
2026-03-04T20:10:00Z,25168.5,25168.75,25147.0,25149.75,11605.0
2026-03-04T20:15:00Z,25150.0,25155.0,25135.5,25139.5,11144.0
2026-03-04T20:20:00Z,25139.25,25146.25,25123.75,25128.25,12086.0
2026-03-04T20:25:00Z,25127.75,25153.25,25127.25,25151.0,10424.0
2026-03-04T20:30:00Z,25151.0,25154.75,25136.0,25140.5,8738.0
2026-03-04T20:35:00Z,25140.75,25158.75,25138.75,25148.0,6729.0
2026-03-04T20:40:00Z,25147.75,25167.75,25143.5,25164.75,7547.0
2026-03-04T20:45:00Z,25164.25,25166.0,25146.25,25149.5,8396.0
2026-03-04T20:50:00Z,25149.25,25149.5,25113.25,25142.0,24949.0
2026-03-04T20:55:00Z,25142.25,25151.75,25121.0,25121.0,17610.0
2026-03-04T21:00:00Z,25125.0,25131.25,25093.75,25115.5,15759.0
2026-03-04T21:05:00Z,25116.0,25148.0,25115.0,25140.5,8012.0
2026-03-04T21:10:00Z,25140.5,25157.25,25136.5,25150.5,4686.0
2026-03-04T21:15:00Z,25151.0,25163.5,25119.25,25144.75,9782.0
2026-03-04T21:20:00Z,25145.25,25149.5,25120.5,25132.75,3412.0
2026-03-04T21:25:00Z,25132.75,25141.75,25131.0,25139.0,1856.0
2026-03-04T21:30:00Z,25139.25,25145.25,25132.5,25132.5,1994.0
2026-03-04T21:35:00Z,25132.75,25139.75,25131.25,25131.25,1585.0
2026-03-04T21:40:00Z,25131.5,25138.0,25130.0,25136.75,1567.0
2026-03-04T21:45:00Z,25136.25,25144.0,25134.75,25140.25,1519.0
2026-03-04T21:50:00Z,25139.75,25154.75,25138.25,25146.0,1818.0
2026-03-04T21:55:00Z,25147.0,25147.0,25127.0,25137.75,1673.0
2026-03-04T23:00:00Z,25154.5,25169.25,25141.0,25151.25,0.0
2026-03-04T23:05:00Z,25151.75,25170.5,25150.75,25168.5,2324.0
2026-03-04T23:10:00Z,25169.5,25177.75,25168.0,25171.5,1771.0
2026-03-04T23:15:00Z,25170.5,25173.25,25150.25,25154.25,1966.0
2026-03-04T23:20:00Z,25154.25,25159.0,25143.5,25153.5,2429.0
2026-03-04T23:25:00Z,25153.25,25158.0,25148.75,25151.5,1532.0
2026-03-04T23:30:00Z,25151.0,25157.25,25145.0,25147.25,1709.0
2026-03-04T23:35:00Z,25147.5,25158.75,25145.75,25153.75,1475.0
2026-03-04T23:40:00Z,25153.5,25185.75,25151.75,25180.25,3401.0
2026-03-04T23:45:00Z,25180.75,25190.25,25176.25,25179.75,2652.0
2026-03-04T23:50:00Z,25179.25,25180.25,25169.25,25171.25,1744.0
2026-03-04T23:55:00Z,25171.25,25177.0,25166.25,25171.75,1915.0
2026-03-05T00:00:00Z,25171.0,25179.5,25160.0,25177.25,3207.0
2026-03-05T00:05:00Z,25177.75,25192.25,25177.5,25188.5,3368.0
2026-03-05T00:10:00Z,25189.25,25202.25,25183.0,25199.25,3907.0
2026-03-05T00:15:00Z,25200.0,25243.0,25198.75,25228.5,9259.0
2026-03-05T00:20:00Z,25228.5,25231.75,25214.0,25217.75,2692.0
2026-03-05T00:25:00Z,25216.25,25220.25,25204.25,25212.25,3283.0
2026-03-05T00:30:00Z,25212.5,25217.75,25201.0,25208.0,2810.0
2026-03-05T00:35:00Z,25208.0,25218.5,25202.25,25217.5,2176.0
2026-03-05T00:40:00Z,25217.5,25228.25,25206.25,25212.25,3857.0
2026-03-05T00:45:00Z,25212.5,25219.5,25207.5,25214.75,1926.0
2026-03-05T00:50:00Z,25213.75,25221.0,25195.25,25202.5,2466.0
2026-03-05T00:55:00Z,25203.0,25213.0,25198.75,25209.0,1795.0
2026-03-05T01:00:00Z,25209.25,25215.25,25196.25,25201.75,2866.0
2026-03-05T01:05:00Z,25202.5,25217.5,25200.5,25202.25,2441.0
2026-03-05T01:10:00Z,25202.5,25206.25,25184.25,25197.0,3765.0
2026-03-05T01:15:00Z,25196.25,25197.5,25147.75,25151.5,8068.0
2026-03-05T01:20:00Z,25152.0,25166.75,25134.0,25161.75,7736.0
2026-03-05T01:25:00Z,25161.75,25173.0,25139.5,25141.0,4604.0
2026-03-05T01:30:00Z,25140.0,25150.5,25135.25,25142.75,4287.0
2026-03-05T01:35:00Z,25142.5,25167.5,25137.5,25164.25,4551.0
2026-03-05T01:40:00Z,25164.0,25174.75,25072.0,25086.75,13375.0
2026-03-05T01:45:00Z,25087.0,25122.0,25079.25,25097.75,8340.0
2026-03-05T01:50:00Z,25098.0,25101.0,25061.75,25067.5,7457.0
2026-03-05T01:55:00Z,25067.5,25077.75,25044.0,25070.25,8668.0
2026-03-05T02:00:00Z,25071.0,25086.75,25060.5,25082.25,5549.0
2026-03-05T02:05:00Z,25082.25,25089.25,25073.0,25083.0,3655.0
2026-03-05T02:10:00Z,25083.0,25095.25,25072.75,25084.75,3922.0
2026-03-05T02:15:00Z,25084.5,25094.0,25079.0,25079.75,2156.0
2026-03-05T02:20:00Z,25079.75,25084.5,25059.25,25064.5,4201.0
2026-03-05T02:25:00Z,25065.25,25075.75,25056.0,25068.5,3374.0
2026-03-05T02:30:00Z,25069.25,25072.0,25049.0,25062.0,3352.0
2026-03-05T02:35:00Z,25062.0,25089.25,25061.0,25087.0,3635.0
2026-03-05T02:40:00Z,25088.0,25095.0,25075.75,25086.5,2867.0
2026-03-05T02:45:00Z,25087.25,25107.25,25081.5,25104.5,3641.0
2026-03-05T02:50:00Z,25104.5,25125.25,25090.75,25092.75,5247.0
2026-03-05T02:55:00Z,25092.25,25095.5,25078.5,25091.0,3214.0
2026-03-05T03:00:00Z,25091.5,25101.5,25074.25,25085.75,3312.0
2026-03-05T03:05:00Z,25085.75,25100.25,25083.25,25096.75,2439.0
2026-03-05T03:10:00Z,25096.0,25096.0,25075.25,25079.5,3070.0
2026-03-05T03:15:00Z,25080.0,25086.5,25065.25,25068.25,2611.0
2026-03-05T03:20:00Z,25067.75,25070.75,25056.25,25061.5,2867.0
2026-03-05T03:25:00Z,25061.75,25071.75,25033.25,25047.75,4843.0
2026-03-05T03:30:00Z,25047.75,25051.75,25025.5,25045.0,5878.0
2026-03-05T03:35:00Z,25045.0,25053.5,25029.25,25048.25,5521.0
2026-03-05T03:40:00Z,25048.0,25061.5,25038.75,25040.25,3840.0
2026-03-05T03:45:00Z,25041.25,25043.75,25033.0,25038.75,2443.0
2026-03-05T03:50:00Z,25038.75,25065.0,25030.5,25062.0,3474.0
2026-03-05T03:55:00Z,25062.5,25070.25,25042.0,25048.0,3453.0
2026-03-05T04:00:00Z,25047.75,25053.25,25032.0,25043.75,2778.0
2026-03-05T04:05:00Z,25043.25,25075.0,25040.5,25071.75,3857.0
2026-03-05T04:10:00Z,25071.25,25084.25,25066.0,25074.5,3369.0
2026-03-05T04:15:00Z,25074.25,25080.25,25066.25,25080.25,1747.0
2026-03-05T04:20:00Z,25079.5,25088.0,25072.25,25084.25,2012.0
2026-03-05T04:25:00Z,25084.25,25089.0,25076.75,25089.0,1383.0
2026-03-05T04:30:00Z,25088.75,25089.75,25066.75,25070.25,1778.0
2026-03-05T04:35:00Z,25070.5,25095.75,25068.5,25088.0,2706.0
2026-03-05T04:40:00Z,25088.0,25091.5,25081.5,25083.0,1110.0
2026-03-05T04:45:00Z,25083.25,25100.75,25081.75,25099.0,1973.0
2026-03-05T04:50:00Z,25098.5,25106.5,25084.75,25092.0,2273.0
2026-03-05T04:55:00Z,25091.75,25102.5,25087.75,25098.0,1242.0
2026-03-05T05:05:00Z,25097.0,25101.5,25095.5,25100.75,3995.0
2026-03-05T05:10:00Z,25100.25,25104.25,25086.5,25089.75,1725.0
2026-03-05T05:15:00Z,25090.25,25090.25,25069.5,25071.5,2494.0
2026-03-05T05:20:00Z,25072.25,25079.0,25067.5,25076.75,1865.0
2026-03-05T05:25:00Z,25077.25,25090.0,25075.75,25077.25,1817.0
2026-03-05T05:30:00Z,25077.25,25081.25,25066.0,25077.25,2153.0
2026-03-05T05:35:00Z,25077.75,25080.25,25057.75,25064.25,2098.0
2026-03-05T05:40:00Z,25065.25,25069.0,25052.5,25055.5,1745.0
2026-03-05T05:45:00Z,25055.75,25066.5,25052.5,25059.0,1473.0
2026-03-05T05:50:00Z,25059.5,25061.0,25045.25,25047.75,1607.0
2026-03-05T05:55:00Z,25047.75,25049.5,25030.0,25035.25,3209.0
2026-03-05T06:00:00Z,25035.25,25041.25,25018.25,25039.0,4691.0
2026-03-05T06:05:00Z,25039.25,25039.25,24986.0,24989.25,7385.0
2026-03-05T06:10:00Z,24988.75,25000.75,24982.5,24986.25,4639.0
2026-03-05T06:15:00Z,24986.5,25013.0,24980.75,25010.0,4720.0
2026-03-05T06:20:00Z,25010.0,25022.75,25008.25,25015.25,3133.0
2026-03-05T06:25:00Z,25014.75,25016.75,25001.5,25010.75,2584.0
2026-03-05T06:30:00Z,25010.5,25012.75,24986.75,24997.5,3644.0
2026-03-05T06:35:00Z,24997.0,25008.5,24991.5,25002.5,2144.0
2026-03-05T06:40:00Z,25001.75,25011.5,24990.5,25008.5,1806.0
2026-03-05T06:45:00Z,25008.75,25026.5,24998.75,25026.5,2819.0
2026-03-05T06:50:00Z,25026.25,25067.25,25022.0,25057.25,7292.0
2026-03-05T06:55:00Z,25057.0,25092.5,25056.25,25091.75,4028.0
2026-03-05T07:00:00Z,25092.0,25096.5,25063.5,25065.5,4889.0
2026-03-05T07:05:00Z,25065.0,25075.0,25057.0,25070.0,3038.0
2026-03-05T07:10:00Z,25070.75,25086.25,25068.5,25068.5,2237.0
2026-03-05T07:15:00Z,25068.5,25073.0,25057.25,25067.0,2670.0
2026-03-05T07:20:00Z,25067.25,25089.0,25051.0,25088.0,3153.0
2026-03-05T07:25:00Z,25089.25,25093.75,25078.0,25089.0,2610.0
2026-03-05T07:30:00Z,25087.5,25089.25,25059.75,25061.75,2413.0
2026-03-05T07:35:00Z,25062.0,25069.0,25056.0,25066.25,1995.0
2026-03-05T07:40:00Z,25065.25,25077.25,25062.25,25064.25,1713.0
2026-03-05T07:45:00Z,25065.75,25069.5,25056.0,25067.25,2407.0
2026-03-05T07:50:00Z,25066.75,25068.0,25047.75,25052.25,2562.0
2026-03-05T07:55:00Z,25052.25,25074.0,25039.25,25072.75,3719.0
2026-03-05T08:00:00Z,25071.75,25079.25,25014.5,25018.0,8605.0
2026-03-05T08:05:00Z,25018.75,25022.5,24990.0,24999.75,8500.0
2026-03-05T08:10:00Z,24999.25,25020.75,24995.0,24997.5,5690.0
2026-03-05T08:15:00Z,24997.75,25044.5,24996.0,25013.25,6646.0
2026-03-05T08:20:00Z,25013.0,25034.25,25008.5,25027.25,5779.0
2026-03-05T08:25:00Z,25028.0,25033.5,24995.25,24996.25,5463.0
2026-03-05T08:30:00Z,24995.75,25022.25,24973.0,25000.25,9151.0
2026-03-05T08:35:00Z,25000.25,25023.75,24998.0,25005.25,4778.0
2026-03-05T08:40:00Z,25004.5,25009.25,24980.75,25007.0,5879.0
2026-03-05T08:45:00Z,25006.75,25037.25,25001.25,25010.0,5230.0
2026-03-05T08:50:00Z,25011.25,25036.75,24999.5,25021.5,4476.0
2026-03-05T08:55:00Z,25021.75,25053.25,25021.75,25051.75,3876.0
2026-03-05T09:00:00Z,25051.0,25104.0,25040.75,25103.75,9106.0
2026-03-05T09:05:00Z,25103.5,25169.5,25100.25,25162.0,17312.0
2026-03-05T09:10:00Z,25162.5,25206.5,25158.75,25184.25,13787.0
2026-03-05T09:15:00Z,25184.0,25192.0,25132.5,25156.5,10822.0
2026-03-05T09:20:00Z,25156.25,25195.25,25144.75,25170.0,13895.0
2026-03-05T09:25:00Z,25169.75,25175.0,25121.25,25129.75,9030.0
2026-03-05T09:30:00Z,25129.0,25137.5,25113.5,25137.5,6373.0
2026-03-05T09:35:00Z,25137.75,25146.25,25094.0,25094.75,8636.0
2026-03-05T09:40:00Z,25095.0,25114.75,25088.25,25092.25,7819.0
2026-03-05T09:45:00Z,25092.25,25112.25,25085.0,25111.0,5332.0
2026-03-05T09:50:00Z,25111.5,25117.25,25082.0,25084.0,5328.0
2026-03-05T09:55:00Z,25083.5,25123.75,25083.25,25114.25,4592.0
2026-03-05T10:00:00Z,25114.25,25122.75,25085.75,25104.75,5098.0
2026-03-05T10:05:00Z,25105.5,25131.0,25102.0,25114.25,4604.0
2026-03-05T10:10:00Z,25115.0,25129.0,25113.25,25117.0,3244.0
2026-03-05T10:15:00Z,25117.25,25137.25,25117.0,25126.25,3387.0
2026-03-05T10:20:00Z,25125.75,25142.75,25113.0,25127.25,3954.0
2026-03-05T10:25:00Z,25127.25,25137.5,25114.0,25135.75,3373.0
2026-03-05T10:30:00Z,25136.0,25143.25,25119.75,25131.5,2756.0
2026-03-05T10:35:00Z,25130.75,25140.25,25114.0,25119.25,3044.0
2026-03-05T10:40:00Z,25119.0,25119.0,25098.0,25106.25,4245.0
2026-03-05T10:45:00Z,25105.75,25116.5,25096.25,25100.0,2874.0
2026-03-05T10:50:00Z,25101.25,25123.25,25092.25,25121.5,3554.0
2026-03-05T10:55:00Z,25120.5,25122.25,25100.0,25107.0,2753.0
2026-03-05T11:00:00Z,25107.25,25119.75,25083.5,25117.25,6592.0
2026-03-05T11:05:00Z,25117.75,25133.75,25108.25,25128.0,1933.0
2026-03-05T11:10:00Z,25128.25,25138.25,25113.5,25137.5,2294.0
2026-03-05T11:15:00Z,25137.5,25148.5,25133.5,25136.25,2330.0
2026-03-05T11:20:00Z,25136.75,25146.0,25121.0,25122.5,2206.0
2026-03-05T11:25:00Z,25123.0,25147.25,25120.5,25135.5,2500.0
2026-03-05T11:30:00Z,25135.0,25152.0,25119.25,25127.0,3856.0
2026-03-05T11:35:00Z,25127.5,25130.0,25107.0,25110.5,3164.0
2026-03-05T11:40:00Z,25110.25,25123.75,25104.25,25123.25,2334.0
2026-03-05T11:45:00Z,25122.75,25137.5,25114.5,25120.25,2618.0
2026-03-05T11:50:00Z,25121.0,25129.0,25104.5,25105.0,2248.0
2026-03-05T11:55:00Z,25105.25,25113.0,25089.25,25093.25,3142.0
2026-03-05T12:00:00Z,25094.25,25102.25,25078.25,25093.5,4576.0
2026-03-05T12:05:00Z,25092.75,25111.5,25085.5,25108.0,3107.0
2026-03-05T12:10:00Z,25107.25,25108.75,25084.0,25100.25,2689.0
2026-03-05T12:15:00Z,25099.25,25115.75,25084.0,25115.25,2797.0
2026-03-05T12:20:00Z,25116.0,25156.75,25116.0,25127.25,7570.0
2026-03-05T12:25:00Z,25128.5,25134.75,25109.75,25119.0,2978.0
2026-03-05T12:30:00Z,25119.0,25124.75,25092.0,25104.5,3558.0
2026-03-05T12:35:00Z,25105.0,25110.25,25083.0,25095.75,3841.0
2026-03-05T12:40:00Z,25095.25,25107.75,25062.0,25081.75,4704.0
2026-03-05T12:45:00Z,25079.5,25103.25,25064.25,25076.5,5018.0
2026-03-05T12:50:00Z,25075.75,25078.0,25037.5,25055.5,7799.0
2026-03-05T12:55:00Z,25055.75,25076.5,25051.75,25068.25,5720.0
2026-03-05T13:00:00Z,25069.25,25076.0,25050.25,25053.0,5123.0
2026-03-05T13:05:00Z,25052.0,25053.5,25028.0,25031.5,6290.0
2026-03-05T13:10:00Z,25031.75,25050.75,25027.0,25042.75,4568.0
2026-03-05T13:15:00Z,25043.25,25060.0,25034.25,25049.5,4306.0
2026-03-05T13:20:00Z,25048.75,25059.75,25029.5,25031.5,4232.0
2026-03-05T13:25:00Z,25030.75,25057.5,25021.25,25056.0,4552.0
2026-03-05T13:30:00Z,25056.0,25070.0,25018.0,25024.5,8870.0
2026-03-05T13:35:00Z,25025.5,25029.75,24992.0,25005.0,10311.0
2026-03-05T13:40:00Z,25006.0,25029.25,24997.25,25022.0,6047.0
2026-03-05T13:45:00Z,25022.0,25039.5,25015.25,25031.75,6137.0
2026-03-05T13:50:00Z,25032.25,25051.5,25023.25,25025.75,7527.0
2026-03-05T13:55:00Z,25025.5,25027.75,24981.5,24993.75,9530.0
2026-03-05T14:00:00Z,24994.25,25013.0,24978.0,24990.0,11530.0
2026-03-05T14:05:00Z,24989.5,25010.0,24980.75,24997.75,7730.0
2026-03-05T14:10:00Z,24998.25,25009.75,24981.25,24987.25,6555.0
2026-03-05T14:15:00Z,24987.25,24995.5,24962.25,24966.75,10787.0
2026-03-05T14:20:00Z,24966.5,24997.25,24962.5,24970.0,8541.0
2026-03-05T14:25:00Z,24970.0,25002.25,24969.0,24987.75,10432.0
2026-03-05T14:30:00Z,24987.75,25095.5,24985.25,25093.5,50185.0
2026-03-05T14:35:00Z,25093.25,25125.25,25066.5,25091.75,40614.0
2026-03-05T14:40:00Z,25092.5,25111.75,25048.75,25059.25,36817.0
2026-03-05T14:45:00Z,25059.5,25131.75,25035.25,25088.5,40808.0
2026-03-05T14:50:00Z,25088.5,25144.75,25079.5,25142.75,33507.0
2026-03-05T14:55:00Z,25142.25,25188.0,25120.25,25185.75,31011.0
2026-03-05T15:00:00Z,25185.25,25208.25,25165.0,25171.75,32332.0
2026-03-05T15:05:00Z,25171.0,25180.0,25126.0,25145.25,31697.0
2026-03-05T15:10:00Z,25145.75,25182.0,25129.5,25175.75,31487.0
2026-03-05T15:15:00Z,25175.75,25180.25,25102.75,25107.25,29520.0
2026-03-05T15:20:00Z,25107.5,25108.5,25023.25,25023.5,38601.0
2026-03-05T15:25:00Z,25023.25,25033.25,24991.25,25012.25,34546.0
2026-03-05T15:30:00Z,25011.75,25014.0,24930.5,24975.5,47985.0
2026-03-05T15:35:00Z,24975.5,25044.5,24958.75,25042.5,36330.0
2026-03-05T15:40:00Z,25044.0,25071.75,25018.0,25041.5,34204.0
2026-03-05T15:45:00Z,25041.75,25081.5,25032.5,25040.5,26953.0
2026-03-05T15:50:00Z,25040.5,25097.0,25036.0,25077.5,24547.0
2026-03-05T15:55:00Z,25077.0,25086.25,25049.25,25081.5,21803.0
2026-03-05T16:00:00Z,25081.75,25092.5,25026.75,25030.25,24478.0
2026-03-05T16:05:00Z,25029.25,25053.0,24997.5,24998.5,21966.0
2026-03-05T16:10:00Z,24998.5,25015.0,24956.5,24986.0,34367.0
2026-03-05T16:15:00Z,24986.0,25000.5,24941.5,24944.5,29283.0
2026-03-05T16:20:00Z,24944.75,25011.75,24940.0,24986.5,24176.0
2026-03-05T16:25:00Z,24986.0,25009.5,24965.75,24968.5,16689.0
2026-03-05T16:30:00Z,24967.75,25032.75,24965.0,25002.75,23056.0
2026-03-05T16:35:00Z,25003.0,25037.0,24993.75,25019.5,16068.0
2026-03-05T16:40:00Z,25019.0,25039.75,24989.5,25006.0,16349.0
2026-03-05T16:45:00Z,25006.5,25054.25,25005.75,25026.5,20387.0
2026-03-05T16:50:00Z,25027.0,25041.5,25009.5,25027.0,12958.0
2026-03-05T16:55:00Z,25026.5,25049.25,25022.25,25042.75,11712.0
2026-03-05T17:00:00Z,25043.0,25112.5,25035.0,25110.25,18823.0
2026-03-05T17:05:00Z,25110.75,25123.0,25044.25,25045.0,24983.0
2026-03-05T17:10:00Z,25044.75,25056.0,25006.75,25032.25,22165.0
2026-03-05T17:15:00Z,25032.0,25033.75,24955.0,24963.5,19343.0
2026-03-05T17:20:00Z,24962.75,24987.25,24940.0,24974.75,21003.0
2026-03-05T17:25:00Z,24975.25,24999.5,24925.75,24927.5,23043.0
2026-03-05T17:30:00Z,24928.25,24944.75,24864.5,24869.25,29230.0
2026-03-05T17:35:00Z,24869.25,24922.5,24851.5,24887.25,29302.0
2026-03-05T17:40:00Z,24886.25,24905.75,24834.75,24850.0,21755.0
2026-03-05T17:45:00Z,24849.25,24852.5,24807.25,24813.5,19768.0
2026-03-05T17:50:00Z,24814.0,24852.5,24792.25,24811.75,25255.0
2026-03-05T17:55:00Z,24810.75,24823.0,24785.25,24806.75,19309.0
2026-03-05T18:00:00Z,24806.75,24844.0,24798.25,24837.5,17607.0
2026-03-05T18:05:00Z,24836.75,24877.5,24822.0,24871.25,20097.0
2026-03-05T18:10:00Z,24869.25,24887.75,24843.75,24876.25,14970.0
2026-03-05T18:15:00Z,24875.75,24889.0,24802.5,24805.5,17494.0
2026-03-05T18:20:00Z,24805.25,24855.5,24801.75,24834.75,16125.0
2026-03-05T18:25:00Z,24834.25,24837.5,24781.5,24793.5,15910.0
2026-03-05T18:30:00Z,24792.75,24824.0,24774.0,24796.5,16376.0
2026-03-05T18:35:00Z,24796.5,24830.0,24793.0,24813.5,12740.0
2026-03-05T18:40:00Z,24816.5,24869.75,24811.75,24859.75,13443.0
2026-03-05T18:45:00Z,24858.5,24863.0,24814.0,24826.25,14485.0
2026-03-05T18:50:00Z,24825.75,24827.0,24775.5,24782.5,14587.0
2026-03-05T18:55:00Z,24782.5,24832.5,24781.5,24814.25,12425.0
2026-03-05T19:00:00Z,24814.25,24846.25,24803.0,24832.5,13831.0
2026-03-05T19:05:00Z,24832.25,24859.75,24830.5,24839.75,10402.0
2026-03-05T19:10:00Z,24840.0,24860.0,24822.25,24854.0,10532.0
2026-03-05T19:15:00Z,24854.75,24863.5,24828.5,24859.75,10400.0
2026-03-05T19:20:00Z,24860.5,24881.25,24839.0,24855.75,12212.0
2026-03-05T19:25:00Z,24857.0,24864.0,24814.5,24838.75,12159.0
2026-03-05T19:30:00Z,24838.75,24838.75,24792.75,24809.75,13442.0
2026-03-05T19:35:00Z,24809.25,24826.25,24795.75,24822.5,10063.0
2026-03-05T19:40:00Z,24823.5,24852.0,24820.0,24849.75,10293.0
2026-03-05T19:45:00Z,24850.5,24873.25,24832.0,24865.25,10398.0
2026-03-05T19:50:00Z,24865.25,24883.0,24835.25,24835.25,12331.0
2026-03-05T19:55:00Z,24836.0,24865.5,24823.0,24858.0,11844.0
2026-03-05T20:00:00Z,24858.25,24903.5,24826.25,24895.25,18322.0
2026-03-05T20:05:00Z,24894.75,24913.75,24843.0,24901.25,21200.0
2026-03-05T20:10:00Z,24902.0,24934.75,24898.75,24918.75,17017.0
2026-03-05T20:15:00Z,24919.5,24946.5,24902.75,24931.5,15286.0
2026-03-05T20:20:00Z,24931.0,24966.5,24921.75,24965.75,14636.0
2026-03-05T20:25:00Z,24965.75,24994.25,24951.0,24954.5,19229.0
2026-03-05T20:30:00Z,24954.5,24988.5,24940.75,24984.0,15770.0
2026-03-05T20:35:00Z,24984.0,24999.5,24973.25,24979.5,11285.0
2026-03-05T20:40:00Z,24980.0,24982.75,24950.0,24967.75,13985.0
2026-03-05T20:45:00Z,24967.75,24990.5,24945.0,24989.0,13635.0
2026-03-05T20:50:00Z,24989.5,25031.5,24989.5,25028.0,20415.0
2026-03-05T20:55:00Z,25027.75,25055.75,25016.5,25048.5,21177.0
2026-03-05T21:00:00Z,25048.0,25051.0,25023.25,25035.0,9942.0
2026-03-05T21:05:00Z,25034.25,25049.75,25023.75,25036.0,5040.0
2026-03-05T21:10:00Z,25036.0,25037.75,25020.0,25031.25,3454.0
2026-03-05T21:15:00Z,25030.75,25045.75,25027.25,25032.25,3438.0
2026-03-05T21:20:00Z,25032.5,25036.5,25016.5,25017.75,2593.0
2026-03-05T21:25:00Z,25017.75,25030.5,25012.0,25029.75,3098.0
2026-03-05T21:30:00Z,25029.5,25030.0,25004.25,25009.25,2435.0
2026-03-05T21:35:00Z,25009.5,25023.25,25002.5,25012.5,2651.0
2026-03-05T21:40:00Z,25012.5,25016.5,25003.0,25011.25,1708.0
2026-03-05T21:45:00Z,25011.25,25013.25,25000.0,25008.75,1824.0
2026-03-05T21:50:00Z,25008.75,25020.75,25007.0,25010.25,1245.0
2026-03-05T21:55:00Z,25010.5,25021.25,25003.25,25010.5,1610.0
2026-03-05T23:00:00Z,25015.75,25032.75,25000.75,25028.75,0.0
2026-03-05T23:05:00Z,25028.75,25041.25,25021.5,25034.75,2617.0
2026-03-05T23:10:00Z,25035.0,25045.5,25030.25,25037.0,1825.0
2026-03-05T23:15:00Z,25038.0,25042.5,25030.25,25039.5,1319.0
2026-03-05T23:20:00Z,25039.25,25043.5,25035.5,25037.25,1535.0
2026-03-05T23:25:00Z,25038.25,25054.5,25027.75,25048.0,2996.0
2026-03-05T23:30:00Z,25047.25,25050.75,25039.5,25041.0,1951.0
2026-03-05T23:35:00Z,25041.25,25051.0,25037.5,25049.75,1634.0
2026-03-05T23:40:00Z,25049.75,25066.25,25049.25,25058.75,3272.0
2026-03-05T23:45:00Z,25058.0,25068.0,25050.25,25051.5,2300.0
2026-03-05T23:50:00Z,25050.75,25069.0,25046.0,25059.25,2275.0
2026-03-05T23:55:00Z,25059.75,25070.0,25057.0,25060.75,1516.0
2026-03-06T00:00:00Z,25060.5,25080.25,25059.0,25075.75,3504.0
2026-03-06T00:05:00Z,25075.75,25092.75,25074.25,25086.5,3109.0
2026-03-06T00:10:00Z,25086.5,25098.5,25086.25,25092.0,2239.0
2026-03-06T00:15:00Z,25092.25,25094.75,25079.0,25082.25,2534.0
2026-03-06T00:20:00Z,25082.75,25088.0,25075.25,25076.5,1864.0
2026-03-06T00:25:00Z,25077.0,25083.0,25065.25,25072.75,2373.0
2026-03-06T00:30:00Z,25073.5,25080.0,25066.75,25075.25,2699.0
2026-03-06T00:35:00Z,25075.75,25085.0,25071.25,25074.0,1856.0
2026-03-06T00:40:00Z,25074.25,25086.0,25072.0,25084.5,1688.0
2026-03-06T00:45:00Z,25084.75,25093.0,25081.75,25087.5,1841.0
2026-03-06T00:50:00Z,25086.75,25088.75,25068.0,25073.25,2684.0
2026-03-06T00:55:00Z,25073.0,25078.0,25066.5,25074.0,1620.0
2026-03-06T01:00:00Z,25073.75,25086.0,25068.0,25080.25,3324.0
2026-03-06T01:05:00Z,25080.25,25090.25,25066.25,25072.75,2982.0
2026-03-06T01:10:00Z,25073.25,25085.25,25071.25,25076.75,2173.0
2026-03-06T01:15:00Z,25076.25,25091.25,25074.75,25075.5,2206.0
2026-03-06T01:20:00Z,25075.0,25079.0,25055.75,25061.25,3574.0
2026-03-06T01:25:00Z,25062.0,25064.75,25038.0,25052.5,4442.0
2026-03-06T01:30:00Z,25053.0,25077.0,25049.75,25075.75,4034.0
2026-03-06T01:35:00Z,25076.5,25088.75,25062.75,25063.25,4688.0
2026-03-06T01:40:00Z,25063.5,25075.0,25055.0,25055.0,2774.0
2026-03-06T01:45:00Z,25055.75,25060.0,25041.75,25059.25,3409.0
2026-03-06T01:50:00Z,25059.5,25069.25,25054.25,25063.75,2325.0
2026-03-06T01:55:00Z,25064.0,25084.75,25062.5,25066.75,3258.0
2026-03-06T02:00:00Z,25067.5,25082.5,25060.0,25076.5,2921.0
2026-03-06T02:05:00Z,25075.0,25084.75,25071.75,25075.5,1709.0
2026-03-06T02:10:00Z,25076.25,25103.5,25074.75,25102.75,4050.0
2026-03-06T02:15:00Z,25102.5,25114.5,25096.0,25103.75,3399.0
2026-03-06T02:20:00Z,25104.25,25116.25,25102.75,25106.25,2490.0
2026-03-06T02:25:00Z,25106.0,25113.25,25103.5,25109.5,1491.0
2026-03-06T02:30:00Z,25109.25,25112.0,25094.25,25096.5,2717.0
2026-03-06T02:35:00Z,25095.75,25099.5,25086.5,25090.5,2970.0
2026-03-06T02:40:00Z,25090.0,25096.0,25085.0,25091.75,1581.0
2026-03-06T02:45:00Z,25092.25,25096.75,25083.75,25092.0,1771.0
2026-03-06T02:50:00Z,25092.25,25094.0,25068.25,25071.25,2697.0
2026-03-06T02:55:00Z,25071.25,25079.0,25069.5,25069.5,2062.0
2026-03-06T03:00:00Z,25070.0,25099.0,25069.75,25098.75,2621.0
2026-03-06T03:05:00Z,25098.25,25099.75,25089.75,25090.0,1451.0
2026-03-06T03:10:00Z,25090.0,25096.0,25082.5,25085.25,1294.0
2026-03-06T03:15:00Z,25085.0,25086.0,25076.25,25084.0,1959.0
2026-03-06T03:20:00Z,25084.0,25095.5,25080.75,25089.25,1710.0
2026-03-06T03:25:00Z,25089.25,25092.0,25081.0,25083.75,1454.0
2026-03-06T03:30:00Z,25084.5,25090.0,25075.75,25078.0,2035.0
2026-03-06T03:35:00Z,25078.0,25090.0,25074.25,25088.75,1623.0
2026-03-06T03:40:00Z,25088.25,25102.25,25088.0,25097.75,2230.0
2026-03-06T03:45:00Z,25098.25,25104.0,25096.75,25099.5,1696.0
2026-03-06T03:50:00Z,25098.75,25103.75,25094.0,25097.75,2113.0
2026-03-06T03:55:00Z,25098.5,25116.0,25097.5,25113.0,2325.0
2026-03-06T04:00:00Z,25113.75,25115.25,25107.0,25110.25,1985.0
2026-03-06T04:05:00Z,25110.5,25113.5,25104.5,25111.0,1404.0
2026-03-06T04:10:00Z,25111.0,25113.0,25102.0,25106.0,1321.0
2026-03-06T04:15:00Z,25106.0,25110.75,25102.5,25105.5,1076.0
2026-03-06T04:20:00Z,25105.5,25109.5,25098.5,25101.5,1021.0
2026-03-06T04:25:00Z,25099.5,25102.25,25093.5,25097.5,1329.0
2026-03-06T04:30:00Z,25097.0,25121.0,25095.5,25118.5,2344.0
2026-03-06T04:35:00Z,25118.25,25121.0,25115.25,25116.75,1274.0
2026-03-06T04:40:00Z,25116.75,25137.75,25116.75,25126.5,3382.0
2026-03-06T04:45:00Z,25126.5,25135.75,25126.25,25132.25,1327.0
2026-03-06T04:50:00Z,25133.0,25134.5,25119.5,25120.0,1583.0
2026-03-06T04:55:00Z,25120.0,25121.0,25105.5,25106.75,1719.0
2026-03-06T05:05:00Z,25118.75,25125.25,25117.75,25123.0,4075.0
2026-03-06T05:10:00Z,25123.5,25130.0,25121.5,25127.75,1732.0
2026-03-06T05:15:00Z,25127.5,25128.0,25122.0,25127.0,949.0
2026-03-06T05:20:00Z,25126.0,25127.75,25111.25,25116.0,1916.0
2026-03-06T05:25:00Z,25116.5,25123.5,25111.5,25121.0,1527.0
2026-03-06T05:30:00Z,25120.5,25128.25,25118.75,25125.75,1602.0
2026-03-06T05:35:00Z,25125.75,25141.5,25124.75,25131.5,2513.0
2026-03-06T05:40:00Z,25132.0,25135.0,25123.5,25129.5,1466.0
2026-03-06T05:45:00Z,25129.25,25130.0,25108.25,25112.0,2727.0
2026-03-06T05:50:00Z,25111.25,25121.5,25106.75,25121.25,1718.0
2026-03-06T05:55:00Z,25121.5,25124.5,25113.5,25117.75,1632.0
2026-03-06T06:00:00Z,25118.25,25133.25,25117.5,25130.25,2026.0
2026-03-06T06:05:00Z,25130.5,25137.25,25124.75,25129.0,1641.0
2026-03-06T06:10:00Z,25128.75,25133.5,25120.75,25123.0,1647.0
2026-03-06T06:15:00Z,25123.5,25124.25,25114.0,25120.0,1205.0
2026-03-06T06:20:00Z,25119.0,25125.5,25108.0,25124.25,1942.0
2026-03-06T06:25:00Z,25123.75,25123.75,25108.5,25112.25,1903.0
2026-03-06T06:30:00Z,25112.0,25116.0,25103.25,25107.5,1949.0
2026-03-06T06:35:00Z,25107.0,25113.75,25104.5,25109.25,1334.0
2026-03-06T06:40:00Z,25109.0,25122.25,25107.25,25119.0,1586.0
2026-03-06T06:45:00Z,25119.0,25119.75,25105.5,25106.75,1682.0
2026-03-06T06:50:00Z,25107.25,25112.75,25103.0,25108.5,1297.0
2026-03-06T06:55:00Z,25109.25,25110.5,25100.5,25106.75,1324.0
2026-03-06T07:00:00Z,25106.5,25120.5,25105.0,25112.0,3201.0
2026-03-06T07:05:00Z,25112.25,25115.5,25098.5,25102.25,2269.0
2026-03-06T07:10:00Z,25102.0,25102.25,25091.25,25098.0,2235.0
2026-03-06T07:15:00Z,25098.5,25113.25,25097.75,25102.0,1978.0
2026-03-06T07:20:00Z,25102.5,25128.25,25102.5,25123.25,3109.0
2026-03-06T07:25:00Z,25123.0,25140.25,25122.5,25130.5,2900.0
2026-03-06T07:30:00Z,25131.25,25136.25,25124.25,25134.5,1977.0
2026-03-06T07:35:00Z,25134.5,25134.5,25126.25,25129.5,1067.0
2026-03-06T07:40:00Z,25129.5,25139.75,25126.25,25133.5,1409.0
2026-03-06T07:45:00Z,25134.25,25134.25,25116.0,25122.5,1737.0
2026-03-06T07:50:00Z,25123.5,25123.5,25114.0,25120.5,1575.0
2026-03-06T07:55:00Z,25119.75,25131.75,25119.25,25124.75,1823.0
2026-03-06T08:00:00Z,25125.25,25128.25,25095.5,25100.25,5872.0
2026-03-06T08:05:00Z,25100.0,25115.75,25092.0,25092.75,4851.0
2026-03-06T08:10:00Z,25093.0,25106.5,25089.5,25093.5,5080.0
2026-03-06T08:15:00Z,25092.75,25112.25,25082.0,25101.25,4685.0
2026-03-06T08:20:00Z,25101.5,25109.25,25082.0,25082.5,3338.0
2026-03-06T08:25:00Z,25082.5,25082.75,25036.5,25038.25,8262.0
2026-03-06T08:30:00Z,25038.5,25075.0,25033.0,25061.25,6224.0
2026-03-06T08:35:00Z,25062.0,25079.25,25045.75,25077.5,4216.0
2026-03-06T08:40:00Z,25077.5,25091.75,25067.25,25090.75,3720.0
2026-03-06T08:45:00Z,25091.0,25109.0,25085.5,25090.75,4030.0
2026-03-06T08:50:00Z,25091.5,25106.0,25088.25,25098.25,2555.0
2026-03-06T08:55:00Z,25097.75,25098.75,25068.25,25074.0,3618.0
2026-03-06T09:00:00Z,25074.25,25082.0,25043.5,25044.0,6427.0
2026-03-06T09:05:00Z,25043.5,25066.25,25016.5,25017.75,6346.0
2026-03-06T09:10:00Z,25017.5,25036.0,25008.75,25025.75,5384.0
2026-03-06T09:15:00Z,25026.25,25029.5,24985.5,24997.75,8590.0
2026-03-06T09:20:00Z,24998.5,25002.5,24980.75,24984.25,6032.0
2026-03-06T09:25:00Z,24983.5,24992.75,24957.5,24962.0,7314.0
2026-03-06T09:30:00Z,24961.25,24980.5,24938.5,24940.5,8930.0
2026-03-06T09:35:00Z,24940.25,24950.0,24916.25,24917.5,8692.0
2026-03-06T09:40:00Z,24917.5,24931.25,24907.0,24927.25,7617.0
2026-03-06T09:45:00Z,24927.25,24934.75,24882.0,24903.75,8914.0
2026-03-06T09:50:00Z,24904.0,24921.25,24882.25,24913.25,7151.0
2026-03-06T09:55:00Z,24913.25,24932.5,24905.0,24920.5,6053.0
2026-03-06T10:00:00Z,24920.5,24954.25,24917.75,24950.0,5693.0
2026-03-06T10:05:00Z,24950.0,24965.25,24941.0,24959.25,4887.0
2026-03-06T10:10:00Z,24959.75,24968.75,24940.5,24947.0,4169.0
2026-03-06T10:15:00Z,24947.25,24971.5,24943.0,24953.5,3775.0
2026-03-06T10:20:00Z,24953.25,24963.25,24945.25,24956.0,3151.0
2026-03-06T10:25:00Z,24956.0,24980.0,24937.0,24973.25,8040.0
2026-03-06T10:30:00Z,24971.75,24975.5,24943.0,24946.0,4395.0
2026-03-06T10:35:00Z,24945.25,24966.5,24941.25,24947.75,4159.0
2026-03-06T10:40:00Z,24949.0,24964.5,24936.75,24941.75,2625.0
2026-03-06T10:45:00Z,24942.0,24945.75,24928.25,24930.5,3213.0
2026-03-06T10:50:00Z,24930.0,24954.75,24929.5,24952.25,3601.0
2026-03-06T10:55:00Z,24952.25,24962.5,24947.5,24948.0,3044.0
2026-03-06T11:00:00Z,24947.5,24953.0,24915.75,24919.25,7322.0
2026-03-06T11:05:00Z,24918.5,24933.0,24887.0,24911.0,9385.0
2026-03-06T11:10:00Z,24911.5,24953.25,24897.0,24942.25,6402.0
2026-03-06T11:15:00Z,24942.5,24944.0,24922.25,24935.5,3608.0
2026-03-06T11:20:00Z,24935.75,24959.75,24929.25,24956.0,4087.0
2026-03-06T11:25:00Z,24956.25,24963.0,24940.75,24946.5,4095.0
2026-03-06T11:30:00Z,24947.5,24951.5,24916.75,24919.25,4406.0
2026-03-06T11:35:00Z,24918.75,24923.0,24903.5,24912.0,3679.0
2026-03-06T11:40:00Z,24911.25,24911.25,24858.5,24874.5,11938.0
2026-03-06T11:45:00Z,24874.75,24896.25,24862.75,24883.75,6296.0
2026-03-06T11:50:00Z,24883.0,24894.0,24863.75,24865.25,5062.0
2026-03-06T11:55:00Z,24864.25,24867.0,24836.25,24857.0,9943.0
2026-03-06T12:00:00Z,24857.5,24870.25,24841.75,24850.0,9021.0
2026-03-06T12:05:00Z,24849.75,24869.0,24838.5,24855.25,7383.0
2026-03-06T12:10:00Z,24855.75,24877.0,24844.0,24872.0,5316.0
2026-03-06T12:15:00Z,24872.75,24884.5,24852.0,24871.75,7901.0
2026-03-06T12:20:00Z,24871.5,24881.0,24853.75,24862.5,5585.0
2026-03-06T12:25:00Z,24862.25,24870.0,24853.5,24859.0,4322.0
2026-03-06T12:30:00Z,24859.0,24861.0,24822.75,24846.75,10288.0
2026-03-06T12:35:00Z,24847.5,24848.5,24819.25,24836.75,6942.0
2026-03-06T12:40:00Z,24837.5,24860.0,24827.75,24845.25,5081.0
2026-03-06T12:45:00Z,24844.5,24852.25,24805.25,24814.5,6721.0
2026-03-06T12:50:00Z,24814.5,24840.0,24811.0,24812.5,6000.0
2026-03-06T12:55:00Z,24813.25,24836.0,24809.75,24836.0,4299.0
2026-03-06T13:00:00Z,24835.25,24856.25,24829.75,24838.5,6234.0
2026-03-06T13:05:00Z,24837.25,24862.5,24824.5,24853.25,6915.0
2026-03-06T13:10:00Z,24852.5,24863.75,24846.5,24849.75,4997.0
2026-03-06T13:15:00Z,24849.5,24853.0,24836.5,24845.5,4142.0
2026-03-06T13:20:00Z,24845.5,24852.25,24837.25,24850.5,3351.0
2026-03-06T13:25:00Z,24850.75,24877.0,24847.25,24866.0,5129.0
2026-03-06T13:30:00Z,24874.75,24894.5,24736.0,24822.75,25048.0
2026-03-06T13:35:00Z,24822.0,24846.5,24753.75,24762.5,15882.0
2026-03-06T13:40:00Z,24762.0,24773.5,24727.5,24734.25,17732.0
2026-03-06T13:45:00Z,24734.5,24735.0,24667.0,24693.5,28676.0
2026-03-06T13:50:00Z,24692.75,24706.5,24640.75,24649.75,28429.0
2026-03-06T13:55:00Z,24648.75,24672.5,24616.75,24646.0,27101.0
2026-03-06T14:00:00Z,24646.0,24668.5,24626.25,24647.75,20536.0
2026-03-06T14:05:00Z,24647.5,24661.75,24613.0,24622.5,15466.0
2026-03-06T14:10:00Z,24623.0,24646.0,24614.0,24628.5,14778.0
2026-03-06T14:15:00Z,24628.25,24640.5,24616.75,24628.25,9810.0
2026-03-06T14:20:00Z,24627.5,24660.0,24619.75,24644.75,10704.0
2026-03-06T14:25:00Z,24644.0,24687.0,24640.25,24686.0,12781.0
2026-03-06T14:30:00Z,24685.25,24732.25,24652.25,24705.5,55676.0
2026-03-06T14:35:00Z,24706.0,24716.25,24611.75,24680.0,59179.0
2026-03-06T14:40:00Z,24680.25,24730.5,24669.0,24680.5,47500.0
2026-03-06T14:45:00Z,24681.0,24716.75,24635.5,24675.0,41180.0
2026-03-06T14:50:00Z,24675.25,24742.5,24665.5,24685.75,38554.0
2026-03-06T14:55:00Z,24686.0,24704.25,24631.75,24690.25,32561.0
2026-03-06T15:00:00Z,24690.25,24777.75,24687.75,24765.75,51029.0
2026-03-06T15:05:00Z,24765.25,24774.0,24670.25,24676.0,40755.0
2026-03-06T15:10:00Z,24676.0,24796.25,24664.25,24789.75,44444.0
2026-03-06T15:15:00Z,24789.25,24800.0,24760.0,24783.0,29431.0
2026-03-06T15:20:00Z,24782.25,24822.25,24773.25,24811.25,30772.0
2026-03-06T15:25:00Z,24811.75,24828.75,24791.5,24821.75,30741.0
2026-03-06T15:30:00Z,24822.25,24864.25,24820.75,24851.0,35766.0
2026-03-06T15:35:00Z,24850.75,24892.75,24844.5,24876.75,28865.0
2026-03-06T15:40:00Z,24877.0,24877.25,24810.0,24838.0,33702.0
2026-03-06T15:45:00Z,24837.0,24847.25,24788.5,24804.0,27311.0
2026-03-06T15:50:00Z,24803.75,24806.25,24752.0,24789.25,32455.0
2026-03-06T15:55:00Z,24789.0,24884.5,24788.75,24858.5,40863.0
2026-03-06T16:00:00Z,24858.5,24899.25,24848.75,24892.75,26660.0
2026-03-06T16:05:00Z,24893.0,24897.5,24844.0,24849.5,24931.0
2026-03-06T16:10:00Z,24850.25,24853.5,24816.5,24823.75,22423.0
2026-03-06T16:15:00Z,24824.25,24864.5,24812.5,24855.0,27796.0
2026-03-06T16:20:00Z,24854.25,24860.0,24791.0,24834.75,28273.0
2026-03-06T16:25:00Z,24834.5,24845.25,24810.75,24844.0,22144.0
2026-03-06T16:30:00Z,24843.75,24850.5,24796.25,24805.0,23736.0
2026-03-06T16:35:00Z,24804.75,24868.0,24798.5,24857.75,23935.0
2026-03-06T16:40:00Z,24858.0,24874.25,24838.75,24849.75,18094.0
2026-03-06T16:45:00Z,24849.75,24903.0,24847.5,24884.75,22520.0
2026-03-06T16:50:00Z,24885.25,24915.5,24852.25,24857.75,22622.0
2026-03-06T16:55:00Z,24858.0,24898.5,24842.75,24880.5,23170.0
2026-03-06T17:00:00Z,24881.0,24921.0,24862.5,24896.5,22163.0
2026-03-06T17:05:00Z,24896.5,24899.75,24827.75,24844.25,21429.0
2026-03-06T17:10:00Z,24844.0,24858.75,24821.75,24834.5,15319.0
2026-03-06T17:15:00Z,24834.5,24850.0,24808.75,24848.25,16148.0
2026-03-06T17:20:00Z,24847.5,24870.75,24828.0,24838.75,17519.0
2026-03-06T17:25:00Z,24839.0,24843.0,24792.75,24813.25,20578.0
2026-03-06T17:30:00Z,24812.75,24826.0,24797.75,24822.5,13944.0
2026-03-06T17:35:00Z,24822.0,24824.5,24761.75,24774.0,19331.0
2026-03-06T17:40:00Z,24774.25,24784.5,24744.0,24770.0,17948.0
2026-03-06T17:45:00Z,24770.0,24811.25,24769.25,24803.0,17533.0
2026-03-06T17:50:00Z,24802.25,24825.75,24784.25,24793.0,17589.0
2026-03-06T17:55:00Z,24792.5,24816.75,24780.5,24784.75,13297.0
2026-03-06T18:00:00Z,24785.0,24828.75,24779.25,24797.0,22569.0
2026-03-06T18:05:00Z,24796.75,24835.25,24790.0,24819.75,15853.0
2026-03-06T18:10:00Z,24819.5,24895.75,24805.0,24888.0,25331.0
2026-03-06T18:15:00Z,24889.25,24899.0,24860.25,24884.5,20291.0
2026-03-06T18:20:00Z,24884.5,24889.75,24846.25,24863.0,17230.0
2026-03-06T18:25:00Z,24863.0,24866.5,24814.25,24831.0,16389.0
2026-03-06T18:30:00Z,24830.75,24861.5,24825.25,24845.75,19206.0
2026-03-06T18:35:00Z,24845.75,24847.75,24805.75,24828.75,18042.0
2026-03-06T18:40:00Z,24828.25,24852.75,24818.75,24841.0,13006.0
2026-03-06T18:45:00Z,24840.75,24848.0,24822.0,24844.0,11041.0
2026-03-06T18:50:00Z,24843.75,24846.5,24790.5,24800.5,15635.0
2026-03-06T18:55:00Z,24801.5,24818.25,24792.75,24800.5,8684.0
2026-03-06T19:00:00Z,24800.5,24815.75,24793.5,24795.0,10943.0
2026-03-06T19:05:00Z,24795.5,24828.75,24790.25,24821.25,11909.0
2026-03-06T19:10:00Z,24821.0,24854.0,24817.75,24842.5,12136.0
2026-03-06T19:15:00Z,24841.75,24848.25,24801.5,24826.75,12101.0
2026-03-06T19:20:00Z,24826.5,24832.75,24786.75,24793.75,15288.0
2026-03-06T19:25:00Z,24793.75,24828.25,24782.75,24819.25,13973.0
2026-03-06T19:30:00Z,24819.0,24839.25,24811.5,24825.0,11943.0
2026-03-06T19:35:00Z,24825.25,24835.5,24785.0,24805.5,10921.0
2026-03-06T19:40:00Z,24806.25,24840.0,24797.5,24797.5,13006.0
2026-03-06T19:45:00Z,24797.75,24805.25,24777.5,24792.5,12464.0
2026-03-06T19:50:00Z,24791.75,24807.25,24774.25,24800.5,11766.0
2026-03-06T19:55:00Z,24800.75,24815.75,24798.0,24808.75,9378.0
2026-03-06T20:00:00Z,24808.0,24853.25,24806.25,24844.5,13959.0
2026-03-06T20:05:00Z,24844.0,24848.25,24797.75,24799.5,13109.0
2026-03-06T20:10:00Z,24799.75,24807.0,24726.0,24750.0,25270.0
2026-03-06T20:15:00Z,24750.75,24774.0,24723.0,24745.0,19177.0
2026-03-06T20:20:00Z,24745.25,24749.25,24686.5,24689.5,19359.0
2026-03-06T20:25:00Z,24689.5,24691.75,24643.25,24653.25,20469.0
2026-03-06T20:30:00Z,24652.75,24664.25,24625.75,24637.75,20917.0
2026-03-06T20:35:00Z,24637.75,24657.25,24605.0,24650.0,24321.0
2026-03-06T20:40:00Z,24650.25,24707.0,24629.75,24680.0,28425.0
2026-03-06T20:45:00Z,24679.25,24699.75,24673.5,24692.0,13034.0
2026-03-06T20:50:00Z,24691.75,24703.75,24653.25,24679.25,19829.0
2026-03-06T20:55:00Z,24679.0,24693.5,24651.75,24667.75,24101.0
2026-03-06T21:00:00Z,24667.25,24678.0,24629.25,24642.5,13405.0
2026-03-06T21:05:00Z,24643.0,24644.25,24621.75,24629.75,6537.0
2026-03-06T21:10:00Z,24630.0,24665.75,24629.0,24658.5,5769.0
2026-03-06T21:15:00Z,24658.25,24659.25,24637.5,24644.25,3896.0
2026-03-06T21:20:00Z,24644.5,24652.25,24640.5,24643.0,1832.0
2026-03-06T21:25:00Z,24643.25,24646.75,24630.25,24633.5,1993.0
2026-03-06T21:30:00Z,24634.0,24644.5,24631.25,24639.75,1899.0
2026-03-06T21:35:00Z,24640.25,24661.0,24639.25,24657.5,2474.0
2026-03-06T21:40:00Z,24658.0,24668.25,24655.25,24662.25,2384.0
2026-03-06T21:45:00Z,24662.5,24673.75,24659.75,24672.0,2197.0
2026-03-06T21:50:00Z,24672.5,24682.0,24670.0,24675.75,1667.0
2026-03-06T21:55:00Z,24674.75,24678.0,24658.25,24670.25,0.0
2026-03-08T22:10:00Z,24246.5,24285.5,24225.0,24233.5,47648.0
2026-03-08T22:15:00Z,24233.25,24285.0,24224.0,24275.5,7707.0
2026-03-08T22:20:00Z,24275.25,24299.0,24253.75,24282.0,7286.0
2026-03-08T22:25:00Z,24282.0,24296.25,24254.5,24293.25,5829.0
2026-03-08T22:30:00Z,24293.25,24308.0,24278.25,24292.0,5571.0
2026-03-08T22:35:00Z,24291.75,24305.75,24273.25,24294.75,4344.0
2026-03-08T22:40:00Z,24294.75,24312.25,24293.75,24301.75,3591.0
2026-03-08T22:45:00Z,24302.5,24320.0,24298.75,24300.75,3760.0
2026-03-08T22:50:00Z,24300.75,24314.75,24284.0,24311.5,4569.0
2026-03-08T22:55:00Z,24311.75,24318.5,24278.25,24305.25,5532.0
2026-03-08T23:00:00Z,24305.75,24326.5,24291.5,24296.25,6672.0
2026-03-08T23:05:00Z,24295.25,24303.5,24270.0,24278.25,6517.0
2026-03-08T23:10:00Z,24279.25,24288.0,24264.0,24282.25,4509.0
2026-03-08T23:15:00Z,24281.75,24293.0,24272.25,24291.25,4037.0
2026-03-08T23:20:00Z,24290.75,24296.5,24275.5,24276.25,2907.0
2026-03-08T23:25:00Z,24275.5,24278.5,24259.5,24277.0,5361.0
2026-03-08T23:30:00Z,24277.25,24280.75,24246.5,24259.25,6881.0
2026-03-08T23:35:00Z,24257.75,24268.5,24227.5,24238.25,5798.0
2026-03-08T23:40:00Z,24238.75,24250.25,24233.5,24240.75,4493.0
2026-03-08T23:45:00Z,24240.25,24242.75,24181.5,24214.0,12630.0
2026-03-08T23:50:00Z,24213.25,24228.75,24198.0,24198.0,6789.0
2026-03-08T23:55:00Z,24198.5,24218.0,24167.0,24214.5,9141.0
2026-03-09T00:00:00Z,24215.25,24230.0,24185.25,24212.75,11538.0
2026-03-09T00:05:00Z,24211.75,24239.25,24204.0,24229.75,8793.0
2026-03-09T00:10:00Z,24229.75,24238.25,24191.25,24203.0,6526.0
2026-03-09T00:15:00Z,24201.75,24208.5,24158.0,24166.25,8431.0
2026-03-09T00:20:00Z,24166.5,24185.0,24133.25,24140.25,10608.0
2026-03-09T00:25:00Z,24139.25,24165.25,24129.25,24164.0,7125.0
2026-03-09T00:30:00Z,24164.25,24195.5,24144.0,24194.5,8536.0
2026-03-09T00:35:00Z,24194.25,24207.25,24167.0,24170.25,6432.0
2026-03-09T00:40:00Z,24169.5,24170.0,24133.5,24140.75,6172.0
2026-03-09T00:45:00Z,24141.25,24145.25,24113.0,24139.0,7890.0
2026-03-09T00:50:00Z,24138.75,24148.0,24102.5,24106.5,6797.0
2026-03-09T00:55:00Z,24106.25,24120.75,24092.0,24119.0,8407.0
2026-03-09T01:00:00Z,24118.75,24137.5,24099.0,24104.0,8924.0
2026-03-09T01:05:00Z,24103.0,24121.0,24091.0,24094.25,6750.0
2026-03-09T01:10:00Z,24094.25,24096.75,24063.0,24086.5,9745.0
2026-03-09T01:15:00Z,24086.5,24102.25,24079.5,24080.75,5658.0
2026-03-09T01:20:00Z,24080.5,24094.75,24066.25,24090.75,5946.0
2026-03-09T01:25:00Z,24090.5,24100.75,24069.5,24071.75,4837.0
2026-03-09T01:30:00Z,24071.25,24107.5,24057.0,24100.5,7574.0
2026-03-09T01:35:00Z,24100.0,24116.75,24067.0,24068.25,6874.0
2026-03-09T01:40:00Z,24068.75,24077.0,24050.0,24061.25,6716.0
2026-03-09T01:45:00Z,24060.75,24067.75,24030.75,24034.0,7107.0
2026-03-09T01:50:00Z,24032.5,24043.25,24007.0,24025.5,9137.0
2026-03-09T01:55:00Z,24025.75,24051.25,24005.0,24008.25,7017.0
2026-03-09T02:00:00Z,24010.5,24046.25,24005.25,24015.5,6534.0
2026-03-09T02:05:00Z,24014.0,24044.0,24004.0,24030.0,6411.0
2026-03-09T02:10:00Z,24030.25,24057.5,24018.5,24027.5,6240.0
2026-03-09T02:15:00Z,24026.75,24027.25,23999.0,24014.0,7751.0
2026-03-09T02:20:00Z,24013.75,24052.25,24006.75,24045.5,7288.0
2026-03-09T02:25:00Z,24045.75,24066.75,24034.0,24047.5,5877.0
2026-03-09T02:30:00Z,24047.0,24052.5,24027.75,24048.5,5422.0
2026-03-09T02:35:00Z,24048.25,24075.75,24041.0,24070.75,5498.0
2026-03-09T02:40:00Z,24070.5,24087.25,24069.5,24082.0,4507.0
2026-03-09T02:45:00Z,24082.5,24088.0,24065.5,24083.0,4327.0
2026-03-09T02:50:00Z,24082.75,24090.0,24070.75,24086.25,3687.0
2026-03-09T02:55:00Z,24087.25,24103.5,24080.75,24085.0,5059.0
2026-03-09T03:00:00Z,24084.0,24110.0,24081.25,24089.75,4857.0
2026-03-09T03:05:00Z,24090.0,24101.0,24085.5,24091.25,2923.0
2026-03-09T03:10:00Z,24091.75,24107.75,24084.0,24106.75,3478.0
2026-03-09T03:15:00Z,24106.25,24124.5,24099.5,24112.0,5204.0
2026-03-09T03:20:00Z,24112.0,24130.0,24101.5,24107.0,4523.0
2026-03-09T03:25:00Z,24105.75,24109.75,24092.0,24098.75,3085.0
2026-03-09T03:30:00Z,24098.25,24127.75,24089.5,24125.5,4492.0
2026-03-09T03:35:00Z,24126.0,24132.75,24100.0,24100.75,4380.0
2026-03-09T03:40:00Z,24099.75,24104.25,24077.75,24085.0,4256.0
2026-03-09T03:45:00Z,24084.25,24099.0,24080.5,24087.25,2816.0
2026-03-09T03:50:00Z,24085.5,24114.5,24080.5,24084.75,4364.0
2026-03-09T03:55:00Z,24084.75,24104.5,24076.75,24096.0,2989.0
2026-03-09T04:00:00Z,24093.5,24128.0,24092.0,24111.5,4913.0
2026-03-09T04:05:00Z,24109.75,24134.75,24109.25,24123.75,3074.0
2026-03-09T04:10:00Z,24123.5,24132.75,24108.5,24110.25,2576.0
2026-03-09T04:15:00Z,24109.75,24111.0,24098.25,24109.5,2067.0
2026-03-09T04:20:00Z,24109.0,24122.5,24108.0,24119.0,2207.0
2026-03-09T04:25:00Z,24119.25,24133.0,24119.0,24130.5,2160.0
2026-03-09T04:30:00Z,24129.75,24132.75,24121.75,24129.5,1573.0
2026-03-09T04:35:00Z,24129.5,24134.5,24115.25,24117.0,2133.0
2026-03-09T04:40:00Z,24117.75,24121.25,24109.0,24114.25,2031.0
2026-03-09T04:45:00Z,24114.5,24116.0,24102.0,24107.75,1930.0
2026-03-09T04:50:00Z,24107.5,24114.25,24099.0,24110.75,1854.0
2026-03-09T04:55:00Z,24110.0,24120.25,24100.25,24101.5,2148.0
2026-03-09T05:00:00Z,24102.0,24126.75,24086.0,24123.0,4361.0
2026-03-09T05:05:00Z,24123.0,24151.25,24120.5,24140.0,5088.0
2026-03-09T05:10:00Z,24140.5,24147.0,24128.25,24141.25,2290.0
2026-03-09T05:15:00Z,24140.5,24142.5,24115.25,24118.5,2258.0
2026-03-09T05:20:00Z,24118.0,24200.0,24113.5,24199.25,10811.0
2026-03-09T05:25:00Z,24199.5,24205.0,24182.5,24203.25,5980.0
2026-03-09T05:30:00Z,24203.0,24221.5,24186.25,24207.0,5887.0
2026-03-09T05:35:00Z,24207.0,24208.5,24162.0,24169.25,4379.0
2026-03-09T05:40:00Z,24170.25,24222.75,24165.5,24209.0,4707.0
2026-03-09T05:45:00Z,24209.5,24236.0,24193.75,24233.0,4485.0
2026-03-09T05:50:00Z,24232.25,24249.75,24217.0,24219.75,5653.0
2026-03-09T05:55:00Z,24220.75,24258.5,24218.25,24257.75,3792.0
2026-03-09T06:00:00Z,24258.0,24260.0,24230.5,24248.5,4511.0
2026-03-09T06:05:00Z,24249.25,24276.5,24245.25,24274.5,4559.0
2026-03-09T06:10:00Z,24275.25,24303.75,24268.0,24288.75,6825.0
2026-03-09T06:15:00Z,24289.0,24302.5,24276.5,24286.5,3740.0
2026-03-09T06:20:00Z,24287.5,24307.0,24270.25,24304.0,3994.0
2026-03-09T06:25:00Z,24304.5,24316.75,24292.75,24294.25,3501.0
2026-03-09T06:30:00Z,24294.75,24307.75,24280.5,24294.25,3616.0
2026-03-09T06:35:00Z,24293.5,24293.5,24264.25,24265.0,4063.0
2026-03-09T06:40:00Z,24265.25,24270.0,24253.5,24265.5,3096.0
2026-03-09T06:45:00Z,24265.75,24266.25,24236.25,24240.75,4311.0
2026-03-09T06:50:00Z,24241.75,24262.75,24226.75,24253.5,4368.0
2026-03-09T06:55:00Z,24254.25,24270.0,24242.5,24245.25,2999.0
2026-03-09T07:00:00Z,24245.0,24263.0,24225.5,24227.75,5378.0
2026-03-09T07:05:00Z,24226.75,24278.25,24210.25,24253.5,6993.0
2026-03-09T07:10:00Z,24254.5,24277.25,24245.0,24267.5,3955.0
2026-03-09T07:15:00Z,24266.75,24289.5,24244.25,24262.0,4553.0
2026-03-09T07:20:00Z,24262.75,24310.0,24262.0,24300.75,4583.0
2026-03-09T07:25:00Z,24300.0,24314.25,24289.0,24298.75,4186.0
2026-03-09T07:30:00Z,24299.75,24304.0,24263.75,24273.5,4245.0
2026-03-09T07:35:00Z,24273.25,24301.25,24259.25,24284.5,3830.0
2026-03-09T07:40:00Z,24285.5,24297.25,24278.75,24283.5,3229.0
2026-03-09T07:45:00Z,24283.25,24290.0,24255.5,24277.0,3866.0
2026-03-09T07:50:00Z,24277.75,24287.75,24259.5,24272.25,2828.0
2026-03-09T07:55:00Z,24272.75,24295.25,24264.0,24277.5,3345.0
2026-03-09T08:00:00Z,24278.0,24311.5,24248.75,24249.75,13274.0
2026-03-09T08:05:00Z,24250.75,24299.0,24247.5,24295.5,8308.0
2026-03-09T08:10:00Z,24294.5,24297.5,24251.0,24260.0,7452.0
2026-03-09T08:15:00Z,24259.5,24272.0,24233.0,24254.25,8859.0
2026-03-09T08:20:00Z,24254.25,24312.0,24245.5,24303.75,8208.0
2026-03-09T08:25:00Z,24304.5,24315.75,24273.25,24276.75,6423.0
2026-03-09T08:30:00Z,24277.0,24332.25,24275.5,24328.25,7883.0
2026-03-09T08:35:00Z,24328.5,24337.75,24309.75,24315.5,6343.0
2026-03-09T08:40:00Z,24316.25,24320.0,24278.5,24284.75,6086.0
2026-03-09T08:45:00Z,24284.0,24314.25,24268.0,24302.25,6553.0
2026-03-09T08:50:00Z,24302.0,24327.25,24297.75,24320.0,4772.0
2026-03-09T08:55:00Z,24320.0,24325.0,24298.75,24313.5,4721.0
2026-03-09T09:00:00Z,24313.75,24334.0,24297.75,24299.0,5957.0
2026-03-09T09:05:00Z,24299.5,24320.25,24284.25,24313.0,5442.0
2026-03-09T09:10:00Z,24313.75,24350.5,24291.25,24346.0,7153.0
2026-03-09T09:15:00Z,24346.75,24389.0,24342.25,24382.25,7842.0
2026-03-09T09:20:00Z,24381.5,24428.75,24380.5,24404.25,8511.0
2026-03-09T09:25:00Z,24403.75,24422.25,24398.25,24410.0,5189.0
2026-03-09T09:30:00Z,24409.0,24495.0,24380.0,24473.5,14254.0
2026-03-09T09:35:00Z,24474.75,24494.5,24442.5,24464.5,9999.0
2026-03-09T09:40:00Z,24465.5,24478.75,24447.25,24462.5,6131.0
2026-03-09T09:45:00Z,24462.25,24483.75,24426.0,24440.25,6472.0
2026-03-09T09:50:00Z,24440.0,24440.25,24393.25,24405.5,6694.0
2026-03-09T09:55:00Z,24405.75,24431.0,24404.5,24420.0,5867.0
2026-03-09T10:00:00Z,24420.25,24434.75,24377.0,24402.0,6137.0
2026-03-09T10:05:00Z,24402.0,24415.0,24370.0,24391.25,5112.0
2026-03-09T10:10:00Z,24392.0,24402.0,24368.75,24382.0,5080.0
2026-03-09T10:15:00Z,24381.25,24416.0,24377.5,24394.0,4757.0
2026-03-09T10:20:00Z,24393.0,24415.25,24382.5,24389.75,3823.0
2026-03-09T10:25:00Z,24390.0,24410.75,24377.0,24379.25,3656.0
2026-03-09T10:30:00Z,24379.0,24385.0,24358.75,24381.75,4336.0
2026-03-09T10:35:00Z,24380.75,24417.75,24360.5,24394.25,6817.0
2026-03-09T10:40:00Z,24394.75,24411.75,24376.25,24390.75,4002.0
2026-03-09T10:45:00Z,24390.0,24401.5,24364.5,24370.5,3691.0
2026-03-09T10:50:00Z,24370.0,24388.75,24344.75,24383.5,5729.0
2026-03-09T10:55:00Z,24382.25,24389.75,24359.0,24370.75,3483.0
2026-03-09T11:00:00Z,24372.0,24404.25,24366.75,24398.0,4325.0
2026-03-09T11:05:00Z,24397.25,24413.25,24385.25,24392.75,3407.0
2026-03-09T11:10:00Z,24393.25,24396.25,24372.5,24379.5,3491.0
2026-03-09T11:15:00Z,24379.5,24381.5,24356.25,24363.25,4153.0
2026-03-09T11:20:00Z,24363.75,24391.5,24350.0,24389.25,4337.0
2026-03-09T11:25:00Z,24389.5,24392.5,24359.75,24360.75,3123.0
2026-03-09T11:30:00Z,24360.75,24398.0,24354.25,24396.75,4244.0
2026-03-09T11:35:00Z,24397.0,24423.5,24396.5,24407.0,5738.0
2026-03-09T11:40:00Z,24406.0,24409.5,24380.0,24389.0,4507.0
2026-03-09T11:45:00Z,24388.75,24412.75,24375.5,24376.25,3708.0
2026-03-09T11:50:00Z,24376.25,24412.0,24374.5,24406.25,3096.0
2026-03-09T11:55:00Z,24406.5,24408.0,24381.25,24384.0,3129.0
2026-03-09T12:00:00Z,24384.25,24425.0,24378.5,24418.25,4693.0
2026-03-09T12:05:00Z,24418.5,24435.75,24408.5,24411.75,5098.0
2026-03-09T12:10:00Z,24411.75,24439.5,24400.25,24438.0,3863.0
2026-03-09T12:15:00Z,24438.0,24446.75,24433.5,24443.25,4816.0
2026-03-09T12:20:00Z,24443.25,24460.0,24439.75,24454.0,5342.0
2026-03-09T12:25:00Z,24454.5,24457.0,24433.5,24452.5,4101.0
2026-03-09T12:30:00Z,24451.75,24457.25,24400.5,24407.0,6607.0
2026-03-09T12:35:00Z,24406.25,24412.0,24391.5,24392.25,4882.0
2026-03-09T12:40:00Z,24393.0,24398.25,24363.5,24370.0,6319.0
2026-03-09T12:45:00Z,24369.0,24380.75,24360.5,24362.25,4938.0
2026-03-09T12:50:00Z,24362.5,24383.0,24348.75,24361.0,6999.0
2026-03-09T12:55:00Z,24359.75,24380.75,24358.75,24379.5,4070.0
2026-03-09T13:00:00Z,24380.0,24412.25,24376.25,24406.75,6726.0
2026-03-09T13:05:00Z,24406.25,24412.25,24375.0,24393.0,6484.0
2026-03-09T13:10:00Z,24393.5,24445.75,24390.75,24435.25,8592.0
2026-03-09T13:15:00Z,24434.0,24441.75,24411.0,24414.75,7095.0
2026-03-09T13:20:00Z,24414.75,24422.25,24403.0,24410.0,7165.0
2026-03-09T13:25:00Z,24409.75,24434.0,24387.5,24432.5,11800.0
2026-03-09T13:30:00Z,24432.75,24526.0,24420.0,24477.0,47007.0
2026-03-09T13:35:00Z,24476.5,24493.5,24392.75,24400.0,33887.0
2026-03-09T13:40:00Z,24398.75,24409.5,24354.75,24384.0,34222.0
2026-03-09T13:45:00Z,24383.25,24420.0,24343.5,24361.5,35224.0
2026-03-09T13:50:00Z,24362.5,24383.0,24320.0,24341.5,34852.0
2026-03-09T13:55:00Z,24341.25,24413.0,24313.25,24371.25,35784.0
2026-03-09T14:00:00Z,24371.25,24472.5,24352.0,24467.75,31243.0
2026-03-09T14:05:00Z,24468.25,24476.0,24358.25,24386.0,38258.0
2026-03-09T14:10:00Z,24385.25,24390.75,24323.5,24357.25,27920.0
2026-03-09T14:15:00Z,24357.75,24409.0,24340.75,24393.5,27827.0
2026-03-09T14:20:00Z,24393.5,24467.5,24353.5,24455.5,36446.0
2026-03-09T14:25:00Z,24455.5,24469.75,24382.0,24401.75,33057.0
2026-03-09T14:30:00Z,24401.0,24444.75,24398.25,24429.0,26164.0
2026-03-09T14:35:00Z,24428.5,24507.0,24421.5,24483.5,28464.0
2026-03-09T14:40:00Z,24482.75,24537.75,24464.25,24535.0,28180.0
2026-03-09T14:45:00Z,24535.5,24574.75,24529.75,24569.75,28900.0
2026-03-09T14:50:00Z,24569.5,24584.75,24547.0,24577.5,22164.0
2026-03-09T14:55:00Z,24577.0,24577.75,24530.0,24550.25,22656.0
2026-03-09T15:00:00Z,24550.0,24590.0,24549.5,24577.75,19127.0
2026-03-09T15:05:00Z,24578.0,24598.0,24564.0,24572.25,16348.0
2026-03-09T15:10:00Z,24572.5,24609.75,24567.5,24600.5,17325.0
2026-03-09T15:15:00Z,24600.75,24624.5,24581.75,24604.0,20807.0
2026-03-09T15:20:00Z,24603.75,24628.0,24593.25,24619.5,17562.0
2026-03-09T15:25:00Z,24619.75,24649.75,24610.25,24642.75,17223.0
2026-03-09T15:30:00Z,24643.0,24644.0,24601.0,24608.5,20556.0
2026-03-09T15:35:00Z,24608.25,24617.0,24592.5,24603.5,15484.0
2026-03-09T15:40:00Z,24603.5,24623.0,24593.0,24607.75,12607.0
2026-03-09T15:45:00Z,24607.5,24642.0,24598.25,24628.0,16474.0
2026-03-09T15:50:00Z,24628.5,24657.0,24615.75,24648.75,14754.0
2026-03-09T15:55:00Z,24648.75,24658.5,24635.25,24641.5,11353.0
2026-03-09T16:00:00Z,24642.75,24678.25,24630.0,24650.25,18009.0
2026-03-09T16:05:00Z,24650.5,24674.5,24648.0,24662.5,12515.0
2026-03-09T16:10:00Z,24662.25,24673.0,24643.75,24663.25,10252.0
2026-03-09T16:15:00Z,24663.5,24672.5,24651.75,24664.5,8303.0
2026-03-09T16:20:00Z,24664.75,24684.25,24634.0,24673.75,17832.0
2026-03-09T16:25:00Z,24674.0,24728.25,24661.75,24690.75,23425.0
2026-03-09T16:30:00Z,24691.0,24699.75,24653.5,24693.5,19483.0
2026-03-09T16:35:00Z,24692.75,24720.0,24690.25,24710.0,14726.0
2026-03-09T16:40:00Z,24709.75,24747.25,24709.5,24737.75,14399.0
2026-03-09T16:45:00Z,24738.0,24750.0,24728.0,24735.75,11591.0
2026-03-09T16:50:00Z,24736.25,24738.25,24713.25,24718.25,11164.0
2026-03-09T16:55:00Z,24718.0,24735.75,24705.0,24709.0,9983.0
2026-03-09T17:00:00Z,24709.25,24712.5,24676.25,24687.75,14976.0
2026-03-09T17:05:00Z,24688.0,24694.0,24665.5,24685.75,10782.0
2026-03-09T17:10:00Z,24686.5,24699.75,24672.25,24683.75,10857.0
2026-03-09T17:15:00Z,24684.0,24688.5,24640.75,24645.0,14212.0
2026-03-09T17:20:00Z,24644.75,24649.5,24616.0,24619.25,16607.0
2026-03-09T17:25:00Z,24620.25,24624.5,24606.0,24612.75,12627.0
2026-03-09T17:30:00Z,24612.5,24623.25,24600.75,24606.5,14274.0
2026-03-09T17:35:00Z,24606.5,24617.75,24590.0,24596.25,12249.0
2026-03-09T17:40:00Z,24595.75,24603.75,24575.5,24584.0,15396.0
2026-03-09T17:45:00Z,24584.25,24620.25,24581.5,24600.25,14593.0
2026-03-09T17:50:00Z,24600.5,24627.5,24592.25,24623.5,11268.0
2026-03-09T17:55:00Z,24623.25,24630.75,24604.0,24610.75,9119.0
2026-03-09T18:00:00Z,24611.75,24636.0,24608.75,24622.5,10880.0
2026-03-09T18:05:00Z,24622.5,24647.75,24612.5,24617.0,15088.0
2026-03-09T18:10:00Z,24617.5,24649.5,24613.25,24639.25,11792.0
2026-03-09T18:15:00Z,24639.0,24663.5,24630.75,24660.75,9749.0
2026-03-09T18:20:00Z,24660.75,24683.5,24629.5,24660.0,17182.0
2026-03-09T18:25:00Z,24659.75,24662.5,24644.0,24650.5,9589.0
2026-03-09T18:30:00Z,24650.0,24699.5,24647.5,24694.5,11417.0
2026-03-09T18:35:00Z,24695.0,24702.0,24680.25,24688.25,12169.0
2026-03-09T18:40:00Z,24688.5,24697.75,24676.0,24686.5,9284.0
2026-03-09T18:45:00Z,24686.75,24708.25,24685.0,24694.25,8056.0
2026-03-09T18:50:00Z,24694.5,24704.0,24683.75,24689.25,7650.0
2026-03-09T18:55:00Z,24689.5,24690.0,24650.0,24655.75,12580.0
2026-03-09T19:00:00Z,24656.0,24671.25,24644.0,24656.5,8598.0
2026-03-09T19:05:00Z,24656.25,24664.5,24640.75,24661.0,8672.0
2026-03-09T19:10:00Z,24661.75,24681.25,24659.75,24668.25,9443.0
2026-03-09T19:15:00Z,24668.75,24799.0,24661.75,24793.0,27704.0
2026-03-09T19:20:00Z,24793.0,24890.75,24774.5,24868.75,44605.0
2026-03-09T19:25:00Z,24869.0,24960.0,24847.0,24953.0,33509.0
2026-03-09T19:30:00Z,24953.5,24998.0,24894.25,24990.0,33310.0
2026-03-09T19:35:00Z,24989.5,25054.5,24941.5,25044.0,32457.0
2026-03-09T19:40:00Z,25044.25,25044.75,24931.0,24969.25,30423.0
2026-03-09T19:45:00Z,24969.25,24995.75,24943.5,24975.5,18962.0
2026-03-09T19:50:00Z,24975.0,24978.0,24937.75,24953.25,20173.0
2026-03-09T19:55:00Z,24953.5,25018.25,24943.5,24992.0,23180.0
2026-03-09T20:00:00Z,24992.0,25025.75,24956.25,24974.0,15114.0
2026-03-09T20:05:00Z,24974.5,24980.25,24950.25,24954.5,6940.0
2026-03-09T20:10:00Z,24954.75,24965.75,24934.25,24963.5,7002.0
2026-03-09T20:15:00Z,24962.75,24964.25,24916.0,24922.75,5936.0
2026-03-09T20:20:00Z,24923.0,24944.0,24906.75,24934.0,5409.0
2026-03-09T20:25:00Z,24933.25,24967.25,24920.0,24963.25,5474.0
2026-03-09T20:30:00Z,24962.0,24975.0,24938.75,24958.75,5888.0
2026-03-09T20:35:00Z,24959.25,24973.75,24945.5,24959.75,4955.0
2026-03-09T20:40:00Z,24959.5,24964.0,24948.75,24959.75,2154.0
2026-03-09T20:45:00Z,24959.75,24967.25,24940.75,24965.5,3591.0
2026-03-09T20:50:00Z,24966.0,24974.75,24953.25,24962.0,2960.0
2026-03-09T20:55:00Z,24961.75,24972.75,24955.0,24958.25,2513.0
2026-03-09T22:00:00Z,24978.0,24983.0,24884.5,24912.75,0.0
2026-03-09T22:05:00Z,24913.75,24972.0,24905.0,24943.25,7914.0
2026-03-09T22:10:00Z,24944.5,24944.5,24905.5,24934.75,4170.0
2026-03-09T22:15:00Z,24935.5,24936.25,24896.75,24896.75,4029.0
2026-03-09T22:20:00Z,24898.0,24906.75,24873.5,24884.5,5606.0
2026-03-09T22:25:00Z,24885.25,24945.0,24873.25,24933.5,5831.0
2026-03-09T22:30:00Z,24933.75,24935.0,24892.0,24896.25,4064.0
2026-03-09T22:35:00Z,24896.25,24912.0,24888.0,24889.25,2670.0
2026-03-09T22:40:00Z,24889.5,24929.0,24888.0,24925.75,2412.0
2026-03-09T22:45:00Z,24925.0,24936.0,24920.25,24933.5,2333.0
2026-03-09T22:50:00Z,24932.25,24933.5,24914.75,24915.75,1803.0
2026-03-09T22:55:00Z,24916.0,24920.0,24894.5,24908.0,2560.0
2026-03-09T23:00:00Z,24908.5,24909.75,24891.25,24905.0,2582.0
2026-03-09T23:05:00Z,24905.0,24933.0,24896.25,24921.75,3326.0
2026-03-09T23:10:00Z,24921.25,24931.75,24916.75,24925.0,1639.0
2026-03-09T23:15:00Z,24925.0,24933.0,24911.75,24924.25,1991.0
2026-03-09T23:20:00Z,24923.5,24926.75,24901.5,24902.75,2107.0
2026-03-09T23:25:00Z,24903.5,24920.25,24903.5,24917.5,1706.0
2026-03-09T23:30:00Z,24917.0,24918.75,24902.0,24903.25,1678.0
2026-03-09T23:35:00Z,24903.5,24905.0,24891.0,24894.25,2485.0
2026-03-09T23:40:00Z,24894.5,24901.0,24875.0,24876.5,2930.0
2026-03-09T23:45:00Z,24877.25,24887.0,24871.5,24877.25,3087.0
2026-03-09T23:50:00Z,24877.25,24878.5,24858.25,24873.0,4300.0
2026-03-09T23:55:00Z,24873.25,24884.0,24866.5,24881.75,2351.0
2026-03-10T00:00:00Z,24881.5,24894.0,24860.0,24884.5,5860.0
2026-03-10T00:05:00Z,24884.5,24888.25,24856.0,24861.75,4416.0
2026-03-10T00:10:00Z,24862.25,24862.5,24832.5,24841.75,5062.0
2026-03-10T00:15:00Z,24841.25,24886.25,24841.0,24885.5,5033.0
2026-03-10T00:20:00Z,24885.25,24911.25,24869.75,24905.75,5138.0
2026-03-10T00:25:00Z,24905.0,24919.5,24894.75,24917.25,3350.0
2026-03-10T00:30:00Z,24916.5,24927.0,24893.5,24903.0,4435.0
2026-03-10T00:35:00Z,24903.0,24946.5,24894.25,24942.25,5005.0
2026-03-10T00:40:00Z,24942.25,24965.75,24930.0,24960.0,5266.0
2026-03-10T00:45:00Z,24960.0,24970.25,24944.5,24951.0,3627.0
2026-03-10T00:50:00Z,24951.25,24961.25,24935.25,24941.75,3263.0
2026-03-10T00:55:00Z,24943.0,24947.75,24933.25,24934.5,2808.0
2026-03-10T01:00:00Z,24934.75,24962.25,24925.75,24930.25,4841.0
2026-03-10T01:05:00Z,24929.5,24967.0,24926.0,24962.75,3703.0
2026-03-10T01:10:00Z,24962.25,24975.0,24953.0,24962.25,3525.0
2026-03-10T01:15:00Z,24963.0,24974.25,24948.75,24951.5,3543.0
2026-03-10T01:20:00Z,24953.25,24967.5,24949.5,24963.25,2234.0
2026-03-10T01:25:00Z,24962.0,24978.0,24949.75,24955.25,3410.0
2026-03-10T01:30:00Z,24955.25,24969.25,24942.0,24952.25,3786.0
2026-03-10T01:35:00Z,24951.75,24966.75,24938.0,24945.75,3367.0
2026-03-10T01:40:00Z,24946.25,24951.0,24935.25,24947.75,2071.0
2026-03-10T01:45:00Z,24948.5,24977.5,24945.0,24973.0,3314.0
2026-03-10T01:50:00Z,24972.75,24991.75,24972.25,24986.5,3269.0
2026-03-10T01:55:00Z,24986.5,24998.25,24982.75,24987.75,2646.0
2026-03-10T02:00:00Z,24987.0,24999.25,24978.75,24982.75,2837.0
2026-03-10T02:05:00Z,24984.0,24986.75,24969.0,24975.0,2556.0
2026-03-10T02:10:00Z,24974.75,24983.75,24966.25,24977.75,2015.0
2026-03-10T02:15:00Z,24977.5,24979.0,24967.25,24978.5,1176.0
2026-03-10T02:20:00Z,24978.25,24980.75,24968.5,24972.25,1272.0
2026-03-10T02:25:00Z,24972.0,24977.0,24968.25,24974.0,977.0
2026-03-10T02:30:00Z,24973.25,24975.5,24940.0,24953.25,3726.0
2026-03-10T02:35:00Z,24953.5,24959.75,24946.75,24956.5,2352.0
2026-03-10T02:40:00Z,24956.0,24961.5,24939.0,24944.75,2185.0
2026-03-10T02:45:00Z,24944.25,24950.0,24921.75,24924.75,3681.0
2026-03-10T02:50:00Z,24924.0,24925.0,24910.0,24915.5,3197.0
2026-03-10T02:55:00Z,24916.0,24932.0,24906.75,24927.0,3266.0
2026-03-10T03:00:00Z,24926.75,24950.5,24921.0,24930.25,4147.0
2026-03-10T03:05:00Z,24932.25,24945.0,24924.0,24930.25,2190.0
2026-03-10T03:10:00Z,24930.0,24943.0,24926.75,24928.75,1622.0
2026-03-10T03:15:00Z,24928.25,24939.75,24920.5,24937.75,1955.0
2026-03-10T03:20:00Z,24936.5,24961.5,24932.75,24941.5,3547.0
2026-03-10T03:25:00Z,24942.75,24942.75,24909.75,24923.5,3362.0
2026-03-10T03:30:00Z,24922.75,24925.25,24905.75,24908.0,2442.0
2026-03-10T03:35:00Z,24907.75,24912.25,24886.25,24891.0,3590.0
2026-03-10T03:40:00Z,24891.0,24897.0,24865.5,24866.5,3461.0
2026-03-10T03:45:00Z,24867.5,24876.25,24854.25,24869.75,4139.0
2026-03-10T03:50:00Z,24870.0,24894.75,24865.75,24892.5,3332.0
2026-03-10T03:55:00Z,24892.0,24899.25,24881.0,24888.5,1814.0
2026-03-10T04:05:00Z,24885.0,24887.5,24874.0,24875.75,4710.0
2026-03-10T04:10:00Z,24876.25,24893.0,24875.25,24890.0,1893.0
2026-03-10T04:15:00Z,24889.5,24905.5,24882.75,24902.75,1773.0
2026-03-10T04:20:00Z,24902.75,24906.0,24896.25,24896.75,1266.0
2026-03-10T04:25:00Z,24897.0,24905.0,24883.5,24887.0,1702.0
2026-03-10T04:30:00Z,24888.25,24901.5,24879.5,24895.5,1862.0
2026-03-10T04:35:00Z,24895.5,24916.5,24887.75,24914.75,1931.0
2026-03-10T04:40:00Z,24915.0,24920.0,24904.0,24906.0,1709.0
2026-03-10T04:45:00Z,24904.75,24913.5,24901.75,24908.5,1234.0
2026-03-10T04:50:00Z,24908.5,24908.5,24881.75,24887.25,2105.0
2026-03-10T04:55:00Z,24887.75,24912.25,24885.5,24904.5,1960.0
2026-03-10T05:00:00Z,24903.75,24949.75,24902.75,24944.75,3649.0
2026-03-10T05:05:00Z,24944.75,24956.25,24932.25,24947.0,2566.0
2026-03-10T05:10:00Z,24946.0,24956.0,24938.25,24939.25,1657.0
2026-03-10T05:15:00Z,24939.75,24948.75,24928.25,24938.5,1858.0
2026-03-10T05:20:00Z,24938.25,24945.0,24921.25,24922.0,1934.0
2026-03-10T05:25:00Z,24922.25,24938.0,24919.0,24933.75,1456.0
2026-03-10T05:30:00Z,24933.75,24954.0,24921.0,24949.0,3253.0
2026-03-10T05:35:00Z,24948.75,24949.5,24929.75,24940.75,1804.0
2026-03-10T05:40:00Z,24940.25,24945.5,24934.0,24941.0,1062.0
2026-03-10T05:45:00Z,24941.0,24953.5,24934.25,24948.0,1430.0
2026-03-10T05:50:00Z,24948.5,24961.5,24947.0,24950.0,1508.0
2026-03-10T05:55:00Z,24950.5,24962.5,24949.25,24957.0,1209.0
2026-03-10T06:00:00Z,24957.0,24967.5,24953.0,24964.75,1688.0
2026-03-10T06:05:00Z,24964.75,24967.75,24952.0,24959.0,1431.0
2026-03-10T06:10:00Z,24958.75,24963.5,24950.25,24961.5,1038.0
2026-03-10T06:15:00Z,24962.25,24964.75,24943.5,24946.75,1619.0
2026-03-10T06:20:00Z,24947.5,24951.0,24941.0,24949.5,1205.0
2026-03-10T06:25:00Z,24951.0,24967.0,24946.5,24965.25,1592.0
2026-03-10T06:30:00Z,24965.5,24983.0,24964.25,24973.5,3203.0
2026-03-10T06:35:00Z,24973.25,24978.0,24960.25,24964.25,1750.0
2026-03-10T06:40:00Z,24963.5,24967.5,24956.0,24957.5,1428.0
2026-03-10T06:45:00Z,24958.5,24963.0,24949.75,24956.0,1847.0
2026-03-10T06:50:00Z,24956.0,24961.5,24943.5,24947.75,1921.0
2026-03-10T06:55:00Z,24948.75,24958.75,24945.25,24953.25,1046.0
2026-03-10T07:00:00Z,24953.0,24988.5,24939.5,24986.5,4749.0
2026-03-10T07:05:00Z,24987.25,25019.0,24983.25,25002.0,6749.0
2026-03-10T07:10:00Z,25001.75,25007.0,24981.0,24989.75,3236.0
2026-03-10T07:15:00Z,24989.0,25005.25,24986.25,25004.75,2717.0
2026-03-10T07:20:00Z,25006.0,25048.25,25001.0,25040.25,6122.0
2026-03-10T07:25:00Z,25039.5,25065.5,25038.5,25059.5,5759.0
2026-03-10T07:30:00Z,25059.0,25076.75,25038.5,25040.25,6135.0
2026-03-10T07:35:00Z,25041.0,25043.75,25024.0,25038.75,3774.0
2026-03-10T07:40:00Z,25039.0,25059.75,25031.25,25056.0,3764.0
2026-03-10T07:45:00Z,25055.75,25074.5,25051.75,25071.75,3171.0
2026-03-10T07:50:00Z,25071.0,25073.0,25047.0,25047.0,3299.0
2026-03-10T07:55:00Z,25047.0,25074.75,25045.0,25073.0,3968.0
2026-03-10T08:00:00Z,25073.25,25093.75,25063.0,25091.5,8927.0
2026-03-10T08:05:00Z,25089.5,25145.0,25082.5,25139.0,10485.0
2026-03-10T08:10:00Z,25138.5,25143.5,25106.0,25112.75,5839.0
2026-03-10T08:15:00Z,25112.75,25130.25,25098.25,25124.75,4556.0
2026-03-10T08:20:00Z,25125.0,25134.75,25111.25,25125.0,3881.0
2026-03-10T08:25:00Z,25124.0,25135.75,25109.5,25123.75,4162.0
2026-03-10T08:30:00Z,25123.25,25135.5,25112.5,25124.0,3551.0
2026-03-10T08:35:00Z,25123.5,25146.75,25121.25,25137.5,4387.0
2026-03-10T08:40:00Z,25138.0,25140.0,25125.25,25126.75,3302.0
2026-03-10T08:45:00Z,25127.0,25139.0,25124.75,25125.0,2632.0
2026-03-10T08:50:00Z,25125.25,25126.5,25088.25,25104.5,5550.0
2026-03-10T08:55:00Z,25104.75,25108.75,25079.25,25086.75,4392.0
2026-03-10T09:00:00Z,25087.0,25111.5,25081.25,25111.5,4106.0
2026-03-10T09:05:00Z,25110.75,25129.5,25107.5,25124.75,3242.0
2026-03-10T09:10:00Z,25125.25,25134.5,25114.0,25122.5,2774.0
2026-03-10T09:15:00Z,25123.5,25124.25,25107.0,25110.5,2562.0
2026-03-10T09:20:00Z,25109.75,25113.0,25097.25,25104.25,2871.0
2026-03-10T09:25:00Z,25104.25,25113.0,25093.25,25108.0,2354.0
2026-03-10T09:30:00Z,25108.0,25122.5,25102.5,25104.25,2115.0
2026-03-10T09:35:00Z,25104.0,25127.75,25098.25,25104.5,2813.0
2026-03-10T09:40:00Z,25104.5,25119.0,25099.75,25115.25,2250.0
2026-03-10T09:45:00Z,25114.75,25115.75,25091.0,25095.5,2633.0
2026-03-10T09:50:00Z,25095.75,25117.75,25092.5,25105.0,2311.0
2026-03-10T09:55:00Z,25106.5,25111.0,25085.5,25090.75,2637.0
2026-03-10T10:00:00Z,25091.25,25095.75,25069.5,25081.0,4028.0
2026-03-10T10:05:00Z,25081.0,25083.25,25053.75,25076.0,3750.0
2026-03-10T10:10:00Z,25076.25,25077.75,25061.0,25063.75,3011.0
2026-03-10T10:15:00Z,25063.0,25078.75,25046.0,25052.75,3430.0
2026-03-10T10:20:00Z,25053.0,25068.0,25045.0,25063.5,3294.0
2026-03-10T10:25:00Z,25063.0,25082.25,25060.25,25079.5,2330.0
2026-03-10T10:30:00Z,25079.0,25092.25,25065.0,25067.25,3467.0
2026-03-10T10:35:00Z,25067.5,25073.0,25020.25,25035.25,7682.0
2026-03-10T10:40:00Z,25036.25,25064.5,25032.5,25063.75,4214.0
2026-03-10T10:45:00Z,25063.0,25064.75,25044.5,25049.5,2503.0
2026-03-10T10:50:00Z,25050.75,25074.0,25045.75,25059.0,2902.0
2026-03-10T10:55:00Z,25058.75,25069.5,25050.25,25066.5,1887.0
2026-03-10T11:00:00Z,25065.75,25108.0,25038.5,25101.0,9690.0
2026-03-10T11:05:00Z,25101.25,25105.75,25029.0,25036.0,9560.0
2026-03-10T11:10:00Z,25036.25,25043.0,25005.25,25008.0,6319.0
2026-03-10T11:15:00Z,25008.75,25022.5,24995.5,24997.5,5035.0
2026-03-10T11:20:00Z,24998.0,25022.75,24994.75,25022.5,4070.0
2026-03-10T11:25:00Z,25022.25,25029.25,25007.5,25022.75,3392.0
2026-03-10T11:30:00Z,25023.5,25027.25,24998.0,25003.25,3556.0
2026-03-10T11:35:00Z,25003.75,25017.0,24994.0,24997.5,3009.0
2026-03-10T11:40:00Z,24997.5,25006.25,24967.5,24973.5,5783.0
2026-03-10T11:45:00Z,24974.25,24980.75,24958.5,24970.5,5071.0
2026-03-10T11:50:00Z,24971.5,24992.25,24970.75,24978.5,4022.0
2026-03-10T11:55:00Z,24979.0,24984.5,24958.75,24971.5,5439.0
2026-03-10T12:00:00Z,24972.5,24976.0,24933.5,24934.5,6536.0
2026-03-10T12:05:00Z,24934.75,24939.25,24900.75,24912.25,11254.0
2026-03-10T12:10:00Z,24911.25,24938.25,24904.25,24931.75,5457.0
2026-03-10T12:15:00Z,24931.75,24934.0,24914.0,24918.0,3333.0
2026-03-10T12:20:00Z,24917.75,24951.0,24917.0,24937.0,5664.0
2026-03-10T12:25:00Z,24937.5,24946.5,24918.5,24918.75,3899.0
2026-03-10T12:30:00Z,24919.25,24934.75,24892.5,24928.75,8354.0
2026-03-10T12:35:00Z,24928.75,24949.5,24927.5,24935.75,5436.0
2026-03-10T12:40:00Z,24935.75,24960.25,24933.25,24950.25,5033.0
2026-03-10T12:45:00Z,24949.75,24987.75,24949.0,24983.75,7214.0
2026-03-10T12:50:00Z,24983.75,24997.0,24969.25,24984.25,6774.0
2026-03-10T12:55:00Z,24984.5,24999.5,24960.75,24968.75,6784.0
2026-03-10T13:00:00Z,24969.0,24992.25,24967.25,24968.75,8248.0
2026-03-10T13:05:00Z,24969.25,24982.0,24959.25,24976.0,5991.0
2026-03-10T13:10:00Z,24977.0,24988.0,24962.0,24970.25,5437.0
2026-03-10T13:15:00Z,24970.75,24983.5,24965.25,24978.0,5514.0
2026-03-10T13:20:00Z,24978.5,25007.75,24974.25,25001.5,6987.0
2026-03-10T13:25:00Z,25001.5,25008.75,24984.25,24990.75,8132.0
2026-03-10T13:30:00Z,24990.5,25081.0,24990.5,25025.0,53687.0
2026-03-10T13:35:00Z,25024.25,25037.5,24993.0,25014.25,35250.0
2026-03-10T13:40:00Z,25014.25,25038.5,24959.5,25030.5,42806.0
2026-03-10T13:45:00Z,25029.5,25056.75,24995.0,25046.0,39085.0
2026-03-10T13:50:00Z,25046.25,25049.75,24992.25,24992.5,25420.0
2026-03-10T13:55:00Z,24993.25,25003.25,24945.5,24964.25,30618.0
2026-03-10T14:00:00Z,24964.5,24977.25,24919.5,24966.75,39421.0
2026-03-10T14:05:00Z,24966.75,24998.75,24895.0,24902.0,38603.0
2026-03-10T14:10:00Z,24901.5,24941.75,24898.0,24931.25,26443.0
2026-03-10T14:15:00Z,24931.0,24959.75,24892.5,24952.5,32968.0
2026-03-10T14:20:00Z,24952.0,24997.0,24944.0,24978.75,31090.0
2026-03-10T14:25:00Z,24979.0,25024.75,24978.25,25003.5,31791.0
2026-03-10T14:30:00Z,25003.75,25062.25,25001.75,25054.0,29676.0
2026-03-10T14:35:00Z,25054.0,25092.25,25037.75,25091.5,26071.0
2026-03-10T14:40:00Z,25091.25,25117.0,25073.25,25102.75,27174.0
2026-03-10T14:45:00Z,25103.0,25118.75,25085.5,25115.25,22565.0
2026-03-10T14:50:00Z,25115.5,25130.75,25108.75,25127.5,16757.0
2026-03-10T14:55:00Z,25127.75,25153.25,25123.75,25151.75,15554.0
2026-03-10T15:00:00Z,25151.25,25182.0,25144.5,25168.0,24570.0
2026-03-10T15:05:00Z,25168.5,25169.75,25126.25,25131.25,19982.0
2026-03-10T15:10:00Z,25130.75,25145.5,25117.5,25125.0,16839.0
2026-03-10T15:15:00Z,25124.75,25172.25,25123.25,25170.25,17974.0
2026-03-10T15:20:00Z,25169.75,25177.0,25143.5,25151.25,15509.0
2026-03-10T15:25:00Z,25151.5,25158.75,25137.25,25143.25,10563.0
2026-03-10T15:30:00Z,25143.0,25146.75,25109.0,25115.75,16971.0
2026-03-10T15:35:00Z,25115.5,25139.25,25113.0,25132.75,12559.0
2026-03-10T15:40:00Z,25133.0,25172.0,25123.5,25149.5,20286.0
2026-03-10T15:45:00Z,25149.5,25157.0,25121.5,25137.25,15799.0
2026-03-10T15:50:00Z,25137.75,25163.5,25133.0,25135.5,11819.0
2026-03-10T15:55:00Z,25135.0,25156.25,25127.5,25148.75,10010.0
2026-03-10T16:00:00Z,25149.25,25150.25,25107.5,25116.0,12449.0
2026-03-10T16:05:00Z,25116.0,25117.0,25080.0,25100.0,19023.0
2026-03-10T16:10:00Z,25100.0,25130.0,25094.5,25115.25,17015.0
2026-03-10T16:15:00Z,25115.25,25148.75,25107.25,25136.0,14147.0
2026-03-10T16:20:00Z,25136.25,25138.25,25106.25,25131.25,14263.0
2026-03-10T16:25:00Z,25131.25,25161.5,25120.5,25131.5,16196.0
2026-03-10T16:30:00Z,25131.5,25158.25,25131.5,25153.75,14295.0
2026-03-10T16:35:00Z,25154.0,25165.25,25144.5,25160.5,10990.0
2026-03-10T16:40:00Z,25160.5,25163.75,25145.0,25161.25,7809.0
2026-03-10T16:45:00Z,25162.0,25162.75,25117.25,25128.75,13820.0
2026-03-10T16:50:00Z,25130.0,25169.25,25121.25,25160.5,14496.0
2026-03-10T16:55:00Z,25160.75,25167.5,25149.75,25156.0,8870.0
2026-03-10T17:00:00Z,25156.25,25177.0,25145.25,25167.5,13194.0
2026-03-10T17:05:00Z,25167.75,25180.0,25152.5,25162.75,13306.0
2026-03-10T17:10:00Z,25163.25,25174.0,25146.75,25157.25,13038.0
2026-03-10T17:15:00Z,25158.25,25200.0,25155.75,25198.0,18093.0
2026-03-10T17:20:00Z,25198.25,25204.5,25182.25,25195.75,13654.0
2026-03-10T17:25:00Z,25196.25,25217.75,25191.0,25212.0,12797.0
2026-03-10T17:30:00Z,25212.25,25212.25,25159.0,25162.5,18850.0
2026-03-10T17:35:00Z,25162.5,25169.75,25102.0,25134.25,30812.0
2026-03-10T17:40:00Z,25134.0,25160.5,25123.0,25135.0,20515.0
2026-03-10T17:45:00Z,25135.75,25179.75,25128.0,25162.0,16515.0
2026-03-10T17:50:00Z,25162.25,25188.25,25159.25,25180.0,11786.0
2026-03-10T17:55:00Z,25179.75,25181.75,25155.5,25169.25,10764.0
2026-03-10T18:00:00Z,25169.5,25180.75,25159.25,25174.25,10006.0
2026-03-10T18:05:00Z,25174.75,25176.5,25139.0,25146.5,11385.0
2026-03-10T18:10:00Z,25147.25,25169.25,25036.25,25039.5,32479.0
2026-03-10T18:15:00Z,25039.5,25086.75,25000.0,25017.0,46896.0
2026-03-10T18:20:00Z,25016.5,25057.0,24987.5,25030.5,32783.0
2026-03-10T18:25:00Z,25031.25,25104.25,25028.25,25067.5,28416.0
2026-03-10T18:30:00Z,25067.0,25109.5,25046.75,25082.5,25725.0
2026-03-10T18:35:00Z,25082.0,25097.5,25027.5,25047.75,31050.0
2026-03-10T18:40:00Z,25047.75,25070.25,25024.25,25037.0,20354.0
2026-03-10T18:45:00Z,25037.25,25066.75,25030.0,25047.25,16756.0
2026-03-10T18:50:00Z,25047.75,25087.5,25031.0,25050.75,17276.0
2026-03-10T18:55:00Z,25051.25,25062.5,25026.75,25029.0,12535.0
2026-03-10T19:00:00Z,25029.75,25045.5,25015.25,25022.5,15734.0
2026-03-10T19:05:00Z,25022.25,25049.5,25008.75,25039.25,15392.0
2026-03-10T19:10:00Z,25038.5,25052.5,25013.0,25046.75,13008.0
2026-03-10T19:15:00Z,25047.25,25073.0,25036.5,25063.25,13237.0
2026-03-10T19:20:00Z,25063.0,25068.5,25004.75,25038.5,24735.0
2026-03-10T19:25:00Z,25038.5,25038.75,24985.75,24988.0,21117.0
2026-03-10T19:30:00Z,24988.5,24998.25,24966.0,24975.25,21420.0
2026-03-10T19:35:00Z,24975.25,25003.0,24956.0,24994.75,17733.0
2026-03-10T19:40:00Z,24994.5,25032.75,24966.5,24993.0,27588.0
2026-03-10T19:45:00Z,24992.75,25006.25,24952.0,24964.75,14581.0
2026-03-10T19:50:00Z,24964.75,24975.25,24940.75,24966.5,18906.0
2026-03-10T19:55:00Z,24966.25,24990.75,24947.0,24985.75,18994.0
2026-03-10T20:00:00Z,24985.75,25006.0,24985.5,24993.5,10547.0
2026-03-10T20:05:00Z,24993.5,25018.25,24993.25,25009.0,6205.0
2026-03-10T20:10:00Z,25009.25,25038.25,25002.5,25033.0,5441.0
2026-03-10T20:15:00Z,25033.25,25035.0,25012.0,25020.0,4276.0
2026-03-10T20:20:00Z,25019.75,25034.25,25019.75,25027.5,2505.0
2026-03-10T20:25:00Z,25027.75,25028.75,25017.75,25024.25,1437.0
2026-03-10T20:30:00Z,25024.0,25029.0,25017.5,25020.5,1833.0
2026-03-10T20:35:00Z,25020.75,25024.75,25010.5,25014.25,2049.0
2026-03-10T20:40:00Z,25013.75,25019.25,25008.75,25016.75,1889.0
2026-03-10T20:45:00Z,25017.0,25026.5,25014.0,25018.25,1668.0
2026-03-10T20:50:00Z,25018.5,25020.25,24993.0,25007.5,1462.0
2026-03-10T20:55:00Z,25007.25,25015.25,25002.0,25008.75,1206.0
2026-03-10T22:00:00Z,25015.0,25015.0,24979.25,24998.5,0.0
2026-03-10T22:05:00Z,24998.75,25002.25,24984.25,24989.5,1239.0
2026-03-10T22:10:00Z,24989.25,25015.5,24985.0,25012.5,2049.0
2026-03-10T22:15:00Z,25013.0,25020.0,24985.5,24993.0,2538.0
2026-03-10T22:20:00Z,24993.0,25003.75,24989.0,24996.0,1533.0
2026-03-10T22:25:00Z,24997.0,24997.5,24968.25,24972.0,2217.0
2026-03-10T22:30:00Z,24971.75,24977.75,24964.0,24967.0,1716.0
2026-03-10T22:35:00Z,24967.75,24970.75,24955.25,24960.0,1629.0
2026-03-10T22:40:00Z,24959.75,24963.5,24951.5,24953.0,1571.0
2026-03-10T22:45:00Z,24953.25,24961.25,24952.75,24957.5,963.0
2026-03-10T22:50:00Z,24958.0,24965.0,24956.0,24958.75,1094.0
2026-03-10T22:55:00Z,24958.75,24970.75,24955.75,24970.0,1161.0
2026-03-10T23:00:00Z,24970.5,24973.5,24963.25,24967.25,1632.0
2026-03-10T23:05:00Z,24967.75,24976.75,24966.5,24975.75,1370.0
2026-03-10T23:10:00Z,24976.25,24987.0,24972.0,24983.75,2042.0
2026-03-10T23:15:00Z,24983.75,24990.75,24981.0,24986.75,1694.0
2026-03-10T23:20:00Z,24986.75,24994.0,24986.0,24989.5,1360.0
2026-03-10T23:25:00Z,24990.0,24995.25,24978.25,24984.75,1859.0
2026-03-10T23:30:00Z,24984.75,24986.75,24974.75,24978.0,1553.0
2026-03-10T23:35:00Z,24978.5,24984.0,24974.0,24984.0,1426.0
2026-03-10T23:40:00Z,24984.0,24986.0,24975.75,24979.75,1162.0
2026-03-10T23:45:00Z,24979.25,25001.75,24978.0,25000.75,2472.0
2026-03-10T23:50:00Z,25001.0,25025.5,24999.75,25018.5,3957.0
2026-03-10T23:55:00Z,25018.25,25025.5,25014.5,25015.75,1916.0
2026-03-11T00:00:00Z,25016.5,25030.0,25015.25,25016.75,2764.0
2026-03-11T00:05:00Z,25018.0,25073.25,25009.25,25058.75,6934.0
2026-03-11T00:10:00Z,25058.75,25069.25,25033.5,25058.0,6694.0
2026-03-11T00:15:00Z,25058.0,25081.25,25049.25,25068.25,5569.0
2026-03-11T00:20:00Z,25068.0,25070.75,25051.0,25064.5,3092.0
2026-03-11T00:25:00Z,25064.5,25085.75,25064.25,25069.25,3849.0
2026-03-11T00:30:00Z,25069.25,25076.75,25060.25,25067.0,2752.0
2026-03-11T00:35:00Z,25065.75,25070.75,25055.25,25062.5,2177.0
2026-03-11T00:40:00Z,25062.5,25065.0,25052.75,25059.5,1659.0
2026-03-11T00:45:00Z,25059.75,25076.5,25052.0,25055.75,2516.0
2026-03-11T00:50:00Z,25056.25,25069.0,25052.5,25066.0,1508.0
2026-03-11T00:55:00Z,25065.5,25067.5,25056.75,25061.0,1329.0
2026-03-11T01:00:00Z,25061.25,25072.25,25050.5,25060.0,3367.0
2026-03-11T01:05:00Z,25060.25,25072.75,25058.0,25062.5,2001.0
2026-03-11T01:10:00Z,25062.5,25077.75,25060.75,25076.5,1684.0
2026-03-11T01:15:00Z,25075.5,25081.75,25070.75,25080.25,1956.0
2026-03-11T01:20:00Z,25080.5,25083.5,25074.75,25078.5,1720.0
2026-03-11T01:25:00Z,25078.25,25081.0,25071.25,25076.0,1250.0
2026-03-11T01:30:00Z,25076.0,25085.5,25073.0,25083.5,1610.0
2026-03-11T01:35:00Z,25083.0,25089.25,25077.0,25082.75,1941.0
2026-03-11T01:40:00Z,25083.75,25098.0,25081.0,25092.75,2228.0
2026-03-11T01:45:00Z,25093.25,25094.25,25085.75,25089.5,1500.0
2026-03-11T01:50:00Z,25089.25,25092.75,25082.0,25092.75,1355.0
2026-03-11T01:55:00Z,25091.25,25094.25,25085.75,25091.0,1575.0
2026-03-11T02:00:00Z,25091.0,25093.5,25078.5,25080.5,1601.0
2026-03-11T02:05:00Z,25081.0,25087.25,25079.5,25081.75,1071.0
2026-03-11T02:10:00Z,25081.75,25084.75,25075.25,25079.0,1403.0
2026-03-11T02:15:00Z,25080.25,25102.5,25079.75,25099.25,2635.0
2026-03-11T02:20:00Z,25099.25,25099.5,25087.0,25088.5,1817.0
2026-03-11T02:25:00Z,25088.25,25092.0,25087.0,25088.5,833.0
2026-03-11T02:30:00Z,25087.5,25088.75,25075.5,25082.25,1867.0
2026-03-11T02:35:00Z,25082.0,25085.5,25073.75,25076.75,1205.0
2026-03-11T02:40:00Z,25076.75,25092.5,25075.75,25089.0,1220.0
2026-03-11T02:45:00Z,25089.0,25093.75,25084.5,25091.0,920.0
2026-03-11T02:50:00Z,25091.75,25099.0,25090.0,25098.0,1008.0
2026-03-11T02:55:00Z,25097.75,25098.25,25092.5,25094.25,586.0
2026-03-11T03:00:00Z,25094.25,25100.0,25090.25,25090.75,1129.0
2026-03-11T03:05:00Z,25091.0,25095.75,25086.5,25088.0,834.0
2026-03-11T03:10:00Z,25088.75,25095.25,25086.75,25093.25,656.0
2026-03-11T03:15:00Z,25092.75,25099.75,25091.75,25097.0,830.0
2026-03-11T03:20:00Z,25096.5,25098.0,25094.25,25096.25,471.0
2026-03-11T03:25:00Z,25096.75,25097.25,25090.25,25093.0,620.0
2026-03-11T03:30:00Z,25093.0,25105.5,25092.5,25103.25,1509.0
2026-03-11T03:35:00Z,25103.5,25119.0,25102.0,25115.25,3219.0
2026-03-11T03:40:00Z,25115.75,25116.75,25108.5,25114.5,982.0
2026-03-11T03:45:00Z,25113.75,25116.25,25110.75,25115.0,817.0
2026-03-11T03:50:00Z,25116.0,25117.0,25109.25,25112.0,752.0
2026-03-11T03:55:00Z,25112.0,25123.5,25110.5,25118.0,1158.0
2026-03-11T04:05:00Z,25116.0,25116.0,25113.75,25114.5,2137.0
2026-03-11T04:10:00Z,25114.0,25117.5,25110.5,25116.25,865.0
2026-03-11T04:15:00Z,25116.0,25117.25,25113.0,25114.0,497.0
2026-03-11T04:20:00Z,25113.5,25118.0,25113.25,25116.5,437.0
2026-03-11T04:25:00Z,25116.0,25119.0,25116.0,25117.75,496.0
2026-03-11T04:30:00Z,25117.75,25118.0,25105.0,25107.25,1060.0
2026-03-11T04:35:00Z,25107.0,25108.5,25097.0,25104.0,1799.0
2026-03-11T04:40:00Z,25103.5,25106.25,25096.25,25097.0,1109.0
2026-03-11T04:45:00Z,25097.5,25105.25,25093.5,25104.25,1197.0
2026-03-11T04:50:00Z,25104.75,25106.0,25097.5,25098.5,945.0
2026-03-11T04:55:00Z,25099.25,25099.5,25086.75,25091.75,1529.0
2026-03-11T05:00:00Z,25091.75,25095.25,25085.5,25088.0,1179.0
2026-03-11T05:05:00Z,25087.75,25089.25,25059.75,25061.75,3195.0
2026-03-11T05:10:00Z,25061.75,25072.5,25056.25,25061.75,2683.0
2026-03-11T05:15:00Z,25061.0,25068.5,25059.75,25064.5,1525.0
2026-03-11T05:20:00Z,25064.75,25071.5,25058.25,25068.0,1579.0
2026-03-11T05:25:00Z,25067.75,25076.5,25065.0,25065.25,1518.0
2026-03-11T05:30:00Z,25065.25,25066.0,25056.25,25058.25,1683.0
2026-03-11T05:35:00Z,25057.5,25058.5,25048.5,25049.5,2210.0
2026-03-11T05:40:00Z,25049.25,25057.5,25040.0,25041.0,2208.0
2026-03-11T05:45:00Z,25040.75,25042.25,25025.75,25040.0,2992.0
2026-03-11T05:50:00Z,25039.25,25043.5,25025.25,25034.5,1883.0
2026-03-11T05:55:00Z,25034.5,25038.25,25027.0,25030.25,1456.0
2026-03-11T06:00:00Z,25029.5,25030.5,25010.5,25029.25,3753.0
2026-03-11T06:05:00Z,25029.75,25035.0,25017.75,25018.75,2410.0
2026-03-11T06:10:00Z,25018.0,25038.75,25017.5,25038.25,2122.0
2026-03-11T06:15:00Z,25037.75,25042.0,25023.0,25025.25,2003.0
2026-03-11T06:20:00Z,25024.25,25031.5,25011.75,25013.25,2246.0
2026-03-11T06:25:00Z,25013.75,25021.0,25008.25,25020.25,1993.0
2026-03-11T06:30:00Z,25020.0,25046.5,25019.75,25045.75,2675.0
2026-03-11T06:35:00Z,25045.5,25053.5,25037.0,25048.5,2299.0
2026-03-11T06:40:00Z,25048.5,25052.0,25043.0,25049.25,1229.0
2026-03-11T06:45:00Z,25048.75,25048.75,25028.0,25031.5,1588.0
2026-03-11T06:50:00Z,25032.0,25039.25,25023.5,25027.75,1288.0
2026-03-11T06:55:00Z,25027.5,25043.75,25026.75,25041.25,1010.0
2026-03-11T07:00:00Z,25040.75,25048.25,25025.5,25027.75,2276.0
2026-03-11T07:05:00Z,25027.5,25037.25,25008.5,25026.75,3434.0
2026-03-11T07:10:00Z,25026.75,25038.75,25026.5,25033.25,1467.0
2026-03-11T07:15:00Z,25033.25,25035.25,25016.75,25027.25,2591.0
2026-03-11T07:20:00Z,25027.5,25031.0,25007.75,25013.25,2940.0
2026-03-11T07:25:00Z,25013.5,25020.5,24998.0,25002.0,3426.0
2026-03-11T07:30:00Z,25002.5,25009.5,24989.0,24989.75,3756.0
2026-03-11T07:35:00Z,24991.0,24993.5,24955.25,24958.5,4882.0
2026-03-11T07:40:00Z,24959.0,24966.0,24947.5,24963.75,4766.0
2026-03-11T07:45:00Z,24964.0,24980.0,24954.0,24978.75,3962.0
2026-03-11T07:50:00Z,24979.0,24997.0,24973.5,24990.75,4616.0
2026-03-11T07:55:00Z,24991.5,25006.25,24989.25,25006.0,2413.0
2026-03-11T08:00:00Z,25005.5,25025.25,24997.25,25014.0,6291.0
2026-03-11T08:05:00Z,25013.25,25025.0,25005.5,25016.5,3569.0
2026-03-11T08:10:00Z,25016.25,25028.0,25006.5,25027.0,4199.0
2026-03-11T08:15:00Z,25027.75,25028.75,25011.25,25018.0,4213.0
2026-03-11T08:20:00Z,25018.0,25032.75,24999.0,25022.25,3986.0
2026-03-11T08:25:00Z,25022.5,25025.0,25003.0,25011.0,3681.0
2026-03-11T08:30:00Z,25012.5,25037.75,25005.75,25028.25,3814.0
2026-03-11T08:35:00Z,25028.25,25029.0,24979.0,24987.0,4550.0
2026-03-11T08:40:00Z,24986.25,25004.0,24981.5,24990.75,3610.0
2026-03-11T08:45:00Z,24991.25,24995.25,24963.0,24968.5,3181.0
2026-03-11T08:50:00Z,24969.0,24976.0,24947.25,24958.75,4091.0
2026-03-11T08:55:00Z,24958.75,24999.0,24934.0,24965.75,9025.0
2026-03-11T09:00:00Z,24966.5,24969.75,24928.75,24931.5,4940.0
2026-03-11T09:05:00Z,24931.25,24949.25,24925.0,24943.5,4120.0
2026-03-11T09:10:00Z,24943.0,24945.25,24927.75,24936.25,2660.0
2026-03-11T09:15:00Z,24935.0,24954.75,24933.75,24949.25,2358.0
2026-03-11T09:20:00Z,24948.5,24971.0,24948.5,24952.5,3192.0
2026-03-11T09:25:00Z,24953.25,24954.25,24921.0,24923.25,3346.0
2026-03-11T09:30:00Z,24922.75,24943.5,24919.5,24938.0,2766.0
2026-03-11T09:35:00Z,24937.5,24948.25,24926.5,24934.5,2248.0
2026-03-11T09:40:00Z,24934.75,24943.25,24913.25,24921.75,2365.0
2026-03-11T09:45:00Z,24922.0,24940.5,24914.0,24916.0,2600.0
2026-03-11T09:50:00Z,24915.75,24924.0,24909.0,24919.25,2271.0
2026-03-11T09:55:00Z,24920.0,24923.75,24899.5,24902.25,3350.0
2026-03-11T10:00:00Z,24902.0,24942.5,24895.25,24938.75,4072.0
2026-03-11T10:05:00Z,24939.25,24963.0,24929.0,24963.0,4305.0
2026-03-11T10:10:00Z,24962.0,24974.5,24949.25,24974.0,3267.0
2026-03-11T10:15:00Z,24973.75,24986.25,24967.5,24971.5,3222.0
2026-03-11T10:20:00Z,24971.75,24982.75,24960.0,24961.75,2026.0
2026-03-11T10:25:00Z,24961.75,24982.5,24958.25,24976.75,2165.0
2026-03-11T10:30:00Z,24976.5,25001.5,24970.5,25000.25,3462.0
2026-03-11T10:35:00Z,25000.25,25012.5,24997.5,25006.25,2680.0
2026-03-11T10:40:00Z,25005.25,25020.5,24997.0,25016.0,3629.0
2026-03-11T10:45:00Z,25017.0,25025.0,25009.25,25013.5,3320.0
2026-03-11T10:50:00Z,25013.75,25024.25,25009.25,25014.75,1960.0
2026-03-11T10:55:00Z,25015.5,25020.25,25009.75,25017.25,1727.0
2026-03-11T11:00:00Z,25017.75,25043.5,25015.0,25032.5,4795.0
2026-03-11T11:05:00Z,25032.0,25035.25,25012.0,25018.75,3744.0
2026-03-11T11:10:00Z,25019.5,25032.5,25013.25,25031.75,2885.0
2026-03-11T11:15:00Z,25031.5,25039.0,25003.75,25006.5,3462.0
2026-03-11T11:20:00Z,25007.0,25008.25,24983.5,24987.0,3925.0
2026-03-11T11:25:00Z,24987.25,24997.0,24970.75,24978.0,3576.0
2026-03-11T11:30:00Z,24978.0,24989.75,24968.5,24979.75,3841.0
2026-03-11T11:35:00Z,24979.5,24994.75,24975.75,24982.0,3506.0
2026-03-11T11:40:00Z,24982.75,24990.0,24955.5,24970.5,4169.0
2026-03-11T11:45:00Z,24970.5,24973.5,24937.5,24939.25,5509.0
2026-03-11T11:50:00Z,24938.75,24998.25,24928.5,24964.75,9188.0
2026-03-11T11:55:00Z,24964.5,24976.25,24946.25,24946.25,3975.0
2026-03-11T12:00:00Z,24947.0,24972.0,24944.0,24950.0,3483.0
2026-03-11T12:05:00Z,24949.25,24958.25,24937.75,24943.0,2306.0
2026-03-11T12:10:00Z,24943.0,24964.0,24938.75,24956.0,3652.0
2026-03-11T12:15:00Z,24955.75,24971.25,24949.25,24968.75,3052.0
2026-03-11T12:20:00Z,24969.5,24981.75,24960.5,24964.0,2673.0
2026-03-11T12:25:00Z,24965.0,24998.5,24956.5,24991.5,3395.0
2026-03-11T12:30:00Z,24991.5,25056.0,24929.0,24941.25,12065.0
2026-03-11T12:35:00Z,24941.25,24964.25,24930.0,24960.0,7751.0
2026-03-11T12:40:00Z,24959.25,24969.75,24920.75,24932.5,8659.0
2026-03-11T12:45:00Z,24932.75,24939.0,24908.5,24933.0,8174.0
2026-03-11T12:50:00Z,24933.0,24941.0,24923.5,24938.75,5023.0
2026-03-11T12:55:00Z,24938.25,24958.75,24935.0,24945.5,6912.0
2026-03-11T13:00:00Z,24945.0,24982.0,24943.25,24974.75,10233.0
2026-03-11T13:05:00Z,24974.25,24999.5,24969.0,24971.25,9327.0
2026-03-11T13:10:00Z,24971.25,24982.25,24960.25,24963.75,6820.0
2026-03-11T13:15:00Z,24964.25,24994.0,24960.25,24992.5,5846.0
2026-03-11T13:20:00Z,24992.75,25020.25,24988.75,25017.75,7499.0
2026-03-11T13:25:00Z,25018.0,25036.0,25013.75,25035.0,8679.0
2026-03-11T13:30:00Z,25035.0,25099.5,25035.0,25076.75,37404.0
2026-03-11T13:35:00Z,25076.5,25109.75,25070.0,25103.25,27751.0
2026-03-11T13:40:00Z,25102.5,25115.5,25062.0,25070.25,25857.0
2026-03-11T13:45:00Z,25070.25,25098.25,25035.5,25050.25,31198.0
2026-03-11T13:50:00Z,25050.0,25077.0,25014.75,25051.5,35216.0
2026-03-11T13:55:00Z,25051.75,25108.25,25031.5,25101.5,30468.0
2026-03-11T14:00:00Z,25101.5,25180.0,25087.25,25122.5,61173.0
2026-03-11T14:05:00Z,25122.5,25149.25,25070.25,25089.75,33218.0
2026-03-11T14:10:00Z,25089.75,25112.5,25058.0,25101.25,28479.0
2026-03-11T14:15:00Z,25102.0,25111.5,25053.0,25092.75,25214.0
2026-03-11T14:20:00Z,25091.5,25096.0,25016.75,25019.25,26210.0
2026-03-11T14:25:00Z,25019.5,25033.25,24978.75,25027.75,35294.0
2026-03-11T14:30:00Z,25027.75,25045.0,24958.5,24969.5,32100.0
2026-03-11T14:35:00Z,24970.25,25033.75,24968.75,25008.75,28077.0
2026-03-11T14:40:00Z,25008.0,25053.25,25001.5,25036.25,21089.0
2026-03-11T14:45:00Z,25036.25,25057.5,25016.0,25050.75,21612.0
2026-03-11T14:50:00Z,25050.75,25060.75,25037.25,25049.75,13806.0
2026-03-11T14:55:00Z,25050.0,25080.25,25037.5,25065.0,16772.0
2026-03-11T15:00:00Z,25065.5,25090.0,25027.75,25073.75,28725.0
2026-03-11T15:05:00Z,25073.25,25076.5,25037.25,25040.5,16258.0
2026-03-11T15:10:00Z,25040.0,25059.0,24953.25,24993.75,33416.0
2026-03-11T15:15:00Z,24994.0,24995.25,24947.0,24969.25,24745.0
2026-03-11T15:20:00Z,24969.0,25007.75,24955.75,25001.75,21682.0
2026-03-11T15:25:00Z,25001.5,25018.25,24933.0,24935.25,25230.0
2026-03-11T15:30:00Z,24935.0,24962.25,24911.25,24951.5,30573.0
2026-03-11T15:35:00Z,24952.0,24964.0,24933.5,24949.0,17074.0
2026-03-11T15:40:00Z,24949.0,24961.5,24918.0,24919.25,16901.0
2026-03-11T15:45:00Z,24920.25,24926.5,24892.0,24912.0,22897.0
2026-03-11T15:50:00Z,24912.5,24959.75,24911.75,24957.25,19389.0
2026-03-11T15:55:00Z,24957.0,24960.75,24931.5,24934.75,13979.0
2026-03-11T16:00:00Z,24934.5,24941.25,24900.5,24905.25,17993.0
2026-03-11T16:05:00Z,24905.0,24919.75,24897.25,24906.75,13161.0
2026-03-11T16:10:00Z,24906.5,24935.75,24898.5,24932.75,15962.0
2026-03-11T16:15:00Z,24932.75,24942.5,24907.5,24910.25,13450.0
2026-03-11T16:20:00Z,24910.25,24948.75,24906.0,24932.75,14629.0
2026-03-11T16:25:00Z,24932.5,24953.0,24921.5,24952.0,11705.0
2026-03-11T16:30:00Z,24951.75,25005.5,24949.25,24998.75,21903.0
2026-03-11T16:35:00Z,24998.5,25007.0,24967.0,24974.0,14286.0
2026-03-11T16:40:00Z,24974.0,25002.75,24970.75,24979.25,12462.0
2026-03-11T16:45:00Z,24979.75,24994.0,24966.0,24973.25,9944.0
2026-03-11T16:50:00Z,24973.25,25000.0,24972.0,24996.25,6988.0
2026-03-11T16:55:00Z,24996.25,25012.25,24990.5,25007.0,7569.0
2026-03-11T17:00:00Z,25007.0,25035.0,25003.0,25008.0,12542.0
2026-03-11T17:05:00Z,25008.25,25025.75,25004.75,25010.75,7707.0
2026-03-11T17:10:00Z,25011.75,25013.0,24984.75,24996.0,11342.0
2026-03-11T17:15:00Z,24995.5,25007.5,24970.25,24979.25,10194.0
2026-03-11T17:20:00Z,24979.5,25003.75,24977.25,25003.5,9262.0
2026-03-11T17:25:00Z,25002.75,25021.0,24997.0,25007.25,9717.0
2026-03-11T17:30:00Z,25007.5,25016.5,24990.0,24996.5,9441.0
2026-03-11T17:35:00Z,24996.25,25007.5,24873.75,24922.25,35047.0
2026-03-11T17:40:00Z,24922.0,24948.25,24899.0,24934.5,24104.0
2026-03-11T17:45:00Z,24934.25,24950.75,24915.5,24946.0,14604.0
2026-03-11T17:50:00Z,24946.75,24984.75,24945.5,24951.5,16468.0
2026-03-11T17:55:00Z,24951.75,24965.75,24929.25,24952.25,15590.0
2026-03-11T18:00:00Z,24951.5,24961.75,24942.75,24949.25,9446.0
2026-03-11T18:05:00Z,24949.25,24951.25,24916.25,24919.75,10588.0
2026-03-11T18:10:00Z,24919.25,24922.75,24890.25,24912.75,14804.0
2026-03-11T18:15:00Z,24913.25,24933.5,24901.25,24922.0,12659.0
2026-03-11T18:20:00Z,24921.75,24944.25,24907.75,24926.5,11521.0
2026-03-11T18:25:00Z,24926.0,24958.0,24921.75,24948.5,12621.0
2026-03-11T18:30:00Z,24949.0,24966.0,24945.0,24964.0,10787.0
2026-03-11T18:35:00Z,24963.75,24965.0,24944.25,24948.0,9542.0
2026-03-11T18:40:00Z,24947.5,24954.25,24933.75,24943.0,7336.0
2026-03-11T18:45:00Z,24943.5,24954.0,24930.5,24933.0,7507.0
2026-03-11T18:50:00Z,24932.75,24972.0,24932.75,24963.75,12151.0
2026-03-11T18:55:00Z,24963.5,24977.5,24947.0,24957.75,10796.0
2026-03-11T19:00:00Z,24958.25,24966.0,24925.25,24944.25,12752.0
2026-03-11T19:05:00Z,24944.25,24948.75,24933.75,24943.0,6039.0
2026-03-11T19:10:00Z,24943.25,24946.25,24916.0,24921.5,8549.0
2026-03-11T19:15:00Z,24921.0,24939.75,24913.5,24935.5,8977.0
2026-03-11T19:20:00Z,24935.75,24939.5,24915.75,24930.5,6544.0
2026-03-11T19:25:00Z,24930.5,24944.75,24928.0,24935.0,6638.0
2026-03-11T19:30:00Z,24934.75,24974.0,24928.5,24968.25,9540.0
2026-03-11T19:35:00Z,24968.5,24979.75,24954.75,24970.0,8583.0
2026-03-11T19:40:00Z,24970.25,24987.25,24964.0,24976.75,7570.0
2026-03-11T19:45:00Z,24976.5,24985.25,24955.0,24961.75,7227.0
2026-03-11T19:50:00Z,24961.75,24997.0,24957.0,24994.0,11667.0
2026-03-11T19:55:00Z,24994.0,25006.75,24980.75,24984.0,11705.0
2026-03-11T20:00:00Z,24983.75,24991.25,24946.75,24952.75,10187.0
2026-03-11T20:05:00Z,24952.5,24971.25,24950.0,24965.75,4355.0
2026-03-11T20:10:00Z,24965.75,24974.5,24962.0,24964.25,2250.0
2026-03-11T20:15:00Z,24964.5,24970.0,24958.5,24968.5,1399.0
2026-03-11T20:20:00Z,24968.25,24968.5,24961.75,24964.25,754.0
2026-03-11T20:25:00Z,24964.75,24966.75,24962.75,24964.5,668.0
2026-03-11T20:30:00Z,24964.5,24966.5,24962.0,24965.75,675.0
2026-03-11T20:35:00Z,24965.75,24968.0,24960.0,24962.75,1277.0
2026-03-11T20:40:00Z,24963.0,24969.5,24961.0,24967.75,761.0
2026-03-11T20:45:00Z,24967.5,24969.0,24959.25,24962.25,1104.0
2026-03-11T20:50:00Z,24961.0,24962.0,24947.5,24949.75,1266.0
2026-03-11T20:55:00Z,24949.25,24953.25,24940.0,24947.5,1728.0
2026-03-11T22:00:00Z,24940.0,24949.75,24908.0,24911.75,0.0
2026-03-11T22:05:00Z,24912.0,24916.25,24891.75,24897.25,3437.0
2026-03-11T22:10:00Z,24898.25,24905.0,24890.25,24905.0,2464.0
2026-03-11T22:15:00Z,24905.0,24907.0,24895.0,24902.75,1542.0
2026-03-11T22:20:00Z,24897.75,24898.25,24868.0,24872.0,4504.0
2026-03-11T22:25:00Z,24872.75,24885.0,24845.0,24861.0,6384.0
2026-03-11T22:30:00Z,24862.25,24871.0,24850.0,24851.75,3391.0
2026-03-11T22:35:00Z,24852.0,24852.25,24821.25,24824.5,6676.0
2026-03-11T22:40:00Z,24824.5,24841.25,24816.0,24831.5,4404.0
2026-03-11T22:45:00Z,24830.75,24846.75,24830.25,24843.5,3172.0
2026-03-11T22:50:00Z,24843.0,24844.0,24832.25,24835.0,1818.0
2026-03-11T22:55:00Z,24835.25,24851.75,24817.0,24850.0,5320.0
2026-03-11T23:00:00Z,24848.5,24854.25,24834.25,24847.0,3565.0
2026-03-11T23:05:00Z,24846.0,24848.75,24791.5,24811.25,5832.0
2026-03-11T23:10:00Z,24810.5,24839.25,24807.5,24829.0,3695.0
2026-03-11T23:15:00Z,24828.25,24837.25,24824.75,24832.5,2031.0
2026-03-11T23:20:00Z,24832.75,24848.0,24820.5,24821.0,3553.0
2026-03-11T23:25:00Z,24820.75,24823.0,24802.25,24803.75,4880.0
2026-03-11T23:30:00Z,24803.25,24805.0,24751.25,24758.75,9679.0
2026-03-11T23:35:00Z,24758.75,24775.5,24746.5,24764.25,6359.0
2026-03-11T23:40:00Z,24765.25,24768.5,24738.5,24740.25,5230.0
2026-03-11T23:45:00Z,24739.75,24765.75,24732.5,24765.75,5621.0
2026-03-11T23:50:00Z,24765.0,24786.0,24761.25,24781.75,5667.0
2026-03-11T23:55:00Z,24781.25,24789.0,24772.5,24788.0,2856.0
2026-03-12T00:00:00Z,24787.75,24791.25,24764.25,24767.75,4417.0
2026-03-12T00:05:00Z,24768.25,24768.75,24743.75,24756.75,5287.0
2026-03-12T00:10:00Z,24756.5,24774.0,24754.5,24755.25,3864.0
2026-03-12T00:15:00Z,24755.25,24780.25,24740.25,24769.0,5636.0
2026-03-12T00:20:00Z,24768.25,24779.75,24760.75,24778.5,2657.0
2026-03-12T00:25:00Z,24778.25,24781.0,24756.0,24768.5,3558.0
2026-03-12T00:30:00Z,24768.25,24784.25,24765.0,24779.0,2736.0
2026-03-12T00:35:00Z,24779.5,24804.25,24778.75,24801.25,3649.0
2026-03-12T00:40:00Z,24801.75,24805.5,24785.25,24795.25,2581.0
2026-03-12T00:45:00Z,24794.25,24804.75,24788.75,24801.0,2210.0
2026-03-12T00:50:00Z,24799.25,24800.0,24781.75,24790.0,2149.0
2026-03-12T00:55:00Z,24789.25,24798.5,24785.75,24791.0,2042.0
2026-03-12T01:00:00Z,24791.25,24801.25,24785.25,24793.25,2179.0
2026-03-12T01:05:00Z,24792.5,24797.25,24768.5,24783.75,4981.0
2026-03-12T01:10:00Z,24783.75,24793.75,24771.25,24783.5,3334.0
2026-03-12T01:15:00Z,24783.75,24800.0,24781.25,24794.25,2169.0
2026-03-12T01:20:00Z,24793.5,24819.0,24787.25,24812.75,4306.0
2026-03-12T01:25:00Z,24812.0,24820.0,24806.5,24819.25,2120.0
2026-03-12T01:30:00Z,24818.5,24829.0,24817.5,24827.25,3439.0
2026-03-12T01:35:00Z,24827.5,24837.25,24825.25,24834.0,2732.0
2026-03-12T01:40:00Z,24833.75,24842.25,24831.5,24835.75,2597.0
2026-03-12T01:45:00Z,24836.0,24836.75,24805.5,24805.75,4001.0
2026-03-12T01:50:00Z,24805.5,24807.25,24773.5,24778.75,5745.0
2026-03-12T01:55:00Z,24777.75,24792.25,24776.75,24789.25,3160.0
2026-03-12T02:00:00Z,24790.0,24795.75,24780.5,24788.25,2671.0
2026-03-12T02:05:00Z,24788.0,24791.75,24779.25,24785.25,1979.0
2026-03-12T02:10:00Z,24784.75,24788.5,24773.5,24776.25,2244.0
2026-03-12T02:15:00Z,24776.25,24786.75,24772.0,24774.75,2403.0
2026-03-12T02:20:00Z,24774.25,24776.5,24749.25,24757.5,4932.0
2026-03-12T02:25:00Z,24757.5,24763.5,24753.0,24755.25,1875.0
2026-03-12T02:30:00Z,24755.25,24760.0,24740.5,24741.25,3556.0
2026-03-12T02:35:00Z,24740.5,24742.25,24708.0,24715.75,7054.0
2026-03-12T02:40:00Z,24715.5,24737.0,24703.75,24730.5,4288.0
2026-03-12T02:45:00Z,24731.0,24737.5,24717.75,24719.0,3041.0
2026-03-12T02:50:00Z,24719.75,24732.0,24710.5,24722.25,2994.0
2026-03-12T02:55:00Z,24722.75,24736.25,24721.75,24729.75,2096.0
2026-03-12T03:00:00Z,24729.5,24741.75,24725.25,24739.0,2482.0
2026-03-12T03:05:00Z,24738.75,24758.75,24737.5,24746.5,3152.0
2026-03-12T03:10:00Z,24746.75,24752.0,24729.5,24732.0,2558.0
2026-03-12T03:15:00Z,24732.0,24737.25,24725.0,24733.0,1856.0
2026-03-12T03:20:00Z,24733.25,24743.0,24733.25,24739.25,1260.0
2026-03-12T03:25:00Z,24739.75,24740.25,24721.25,24723.25,2121.0
2026-03-12T03:30:00Z,24723.0,24724.75,24710.0,24711.25,2408.0
2026-03-12T03:35:00Z,24711.25,24725.0,24696.25,24700.0,3922.0
2026-03-12T03:40:00Z,24699.0,24715.25,24698.75,24709.75,2152.0
2026-03-12T03:45:00Z,24709.5,24719.75,24704.25,24716.5,2007.0
2026-03-12T03:50:00Z,24716.25,24728.75,24712.25,24719.0,2105.0
2026-03-12T03:55:00Z,24718.25,24729.75,24715.75,24726.5,993.0
2026-03-12T04:05:00Z,24744.0,24744.75,24731.0,24732.25,5288.0
2026-03-12T04:10:00Z,24731.25,24742.75,24728.75,24737.25,1568.0
2026-03-12T04:15:00Z,24736.5,24750.75,24730.0,24748.0,1997.0
2026-03-12T04:20:00Z,24747.5,24751.75,24741.0,24742.25,1273.0
2026-03-12T04:25:00Z,24742.25,24748.25,24736.5,24744.0,1037.0
2026-03-12T04:30:00Z,24743.75,24746.25,24726.0,24728.25,1480.0
2026-03-12T04:35:00Z,24728.25,24729.5,24711.5,24721.25,2350.0
2026-03-12T04:40:00Z,24719.75,24722.0,24710.75,24711.0,1187.0
2026-03-12T04:45:00Z,24711.0,24722.25,24709.75,24711.5,1143.0
2026-03-12T04:50:00Z,24712.0,24726.25,24709.25,24724.25,1644.0
2026-03-12T04:55:00Z,24722.75,24726.75,24718.0,24718.75,1036.0
2026-03-12T05:00:00Z,24718.25,24774.0,24717.5,24761.0,6050.0
2026-03-12T05:05:00Z,24760.75,24777.5,24752.0,24758.0,3364.0
2026-03-12T05:10:00Z,24758.0,24771.25,24752.75,24761.75,2392.0
2026-03-12T05:15:00Z,24762.0,24764.0,24756.25,24757.5,1267.0
2026-03-12T05:20:00Z,24758.0,24766.25,24749.75,24753.5,1825.0
2026-03-12T05:25:00Z,24753.5,24761.25,24744.0,24752.5,1968.0
2026-03-12T05:30:00Z,24752.75,24763.0,24751.5,24757.75,1249.0
2026-03-12T05:35:00Z,24758.25,24762.5,24746.0,24761.75,1355.0
2026-03-12T05:40:00Z,24761.25,24779.5,24759.5,24773.0,2739.0
2026-03-12T05:45:00Z,24774.25,24776.75,24742.25,24748.0,3187.0
2026-03-12T05:50:00Z,24747.5,24751.5,24731.5,24749.25,2371.0
2026-03-12T05:55:00Z,24749.5,24772.75,24744.5,24771.25,2133.0
2026-03-12T06:00:00Z,24770.75,24771.5,24752.5,24765.25,1994.0
2026-03-12T06:05:00Z,24764.5,24768.0,24753.5,24757.75,967.0
2026-03-12T06:10:00Z,24756.5,24760.25,24746.25,24753.5,1424.0
2026-03-12T06:15:00Z,24753.75,24769.0,24753.75,24756.75,1254.0
2026-03-12T06:20:00Z,24755.75,24777.75,24752.5,24775.75,1804.0
2026-03-12T06:25:00Z,24776.0,24787.5,24757.75,24786.75,4475.0
2026-03-12T06:30:00Z,24787.25,24794.5,24779.5,24793.25,1822.0
2026-03-12T06:35:00Z,24792.75,24799.0,24787.0,24787.75,1739.0
2026-03-12T06:40:00Z,24787.75,24797.0,24783.5,24795.75,1110.0
2026-03-12T06:45:00Z,24795.5,24807.25,24789.0,24799.5,2090.0
2026-03-12T06:50:00Z,24798.5,24812.5,24798.25,24810.0,1555.0
2026-03-12T06:55:00Z,24811.0,24813.75,24801.5,24809.5,1199.0
2026-03-12T07:00:00Z,24809.5,24824.0,24807.75,24818.5,2276.0
2026-03-12T07:05:00Z,24818.5,24823.5,24811.0,24813.25,2155.0
2026-03-12T07:10:00Z,24812.75,24825.5,24811.0,24823.75,2029.0
2026-03-12T07:15:00Z,24823.75,24831.5,24819.0,24824.0,2143.0
2026-03-12T07:20:00Z,24824.75,24834.75,24818.5,24828.0,2048.0
2026-03-12T07:25:00Z,24828.5,24838.75,24824.0,24833.75,2283.0
2026-03-12T07:30:00Z,24833.5,24835.25,24813.25,24816.25,2977.0
2026-03-12T07:35:00Z,24817.0,24835.0,24808.5,24829.0,2619.0
2026-03-12T07:40:00Z,24829.75,24835.0,24826.25,24828.75,1753.0
2026-03-12T07:45:00Z,24829.25,24836.0,24825.0,24829.0,1374.0
2026-03-12T07:50:00Z,24828.5,24852.25,24812.5,24850.75,3771.0
2026-03-12T07:55:00Z,24851.75,24872.25,24851.25,24871.75,4085.0
2026-03-12T08:00:00Z,24870.75,24900.0,24866.75,24893.0,7276.0
2026-03-12T08:05:00Z,24892.75,24902.0,24884.75,24899.25,4067.0
2026-03-12T08:10:00Z,24899.0,24900.0,24877.25,24879.5,3643.0
2026-03-12T08:15:00Z,24879.5,24893.0,24872.0,24888.25,3648.0
2026-03-12T08:20:00Z,24888.75,24888.75,24868.0,24870.0,3028.0
2026-03-12T08:25:00Z,24870.25,24876.0,24856.25,24856.5,2753.0
2026-03-12T08:30:00Z,24856.5,24872.0,24852.5,24866.0,3014.0
2026-03-12T08:35:00Z,24866.0,24875.0,24851.25,24852.0,2526.0
2026-03-12T08:40:00Z,24852.0,24872.5,24837.0,24872.5,4120.0
2026-03-12T08:45:00Z,24872.5,24884.5,24858.75,24883.0,3517.0
2026-03-12T08:50:00Z,24884.0,24890.25,24871.5,24872.0,3039.0
2026-03-12T08:55:00Z,24872.5,24880.0,24867.0,24877.25,1856.0
2026-03-12T09:00:00Z,24877.75,24883.75,24853.0,24863.0,3266.0
2026-03-12T09:05:00Z,24862.25,24864.5,24846.5,24849.0,2235.0
2026-03-12T09:10:00Z,24848.5,24853.5,24832.5,24840.25,2349.0
2026-03-12T09:15:00Z,24840.0,24843.25,24826.75,24828.0,2692.0
2026-03-12T09:20:00Z,24828.25,24837.0,24813.25,24834.5,3681.0
2026-03-12T09:25:00Z,24834.0,24853.75,24832.25,24852.0,3012.0
2026-03-12T09:30:00Z,24853.75,24868.75,24851.0,24867.25,2943.0
2026-03-12T09:35:00Z,24867.5,24879.5,24858.5,24879.25,2707.0
2026-03-12T09:40:00Z,24879.75,24908.0,24877.5,24900.75,4760.0
2026-03-12T09:45:00Z,24901.0,24908.75,24888.0,24892.0,3485.0
2026-03-12T09:50:00Z,24892.25,24917.25,24891.5,24913.5,3619.0
2026-03-12T09:55:00Z,24914.25,24921.5,24907.75,24917.0,2555.0
2026-03-12T10:00:00Z,24917.0,24926.75,24911.25,24911.25,3392.0
2026-03-12T10:05:00Z,24911.75,24917.25,24894.0,24896.5,2829.0
2026-03-12T10:10:00Z,24896.75,24909.0,24893.25,24908.25,1934.0
2026-03-12T10:15:00Z,24907.75,24909.0,24889.25,24902.0,2278.0
2026-03-12T10:20:00Z,24902.25,24902.75,24888.0,24889.5,1665.0
2026-03-12T10:25:00Z,24890.25,24895.25,24882.0,24890.0,1871.0
2026-03-12T10:30:00Z,24889.5,24926.25,24889.25,24906.25,5617.0
2026-03-12T10:35:00Z,24906.0,24908.0,24889.5,24894.75,2125.0
2026-03-12T10:40:00Z,24895.75,24897.0,24882.5,24892.25,2043.0
2026-03-12T10:45:00Z,24891.75,24906.5,24887.5,24899.0,2236.0
2026-03-12T10:50:00Z,24899.25,24904.75,24875.0,24883.25,2680.0
2026-03-12T10:55:00Z,24883.75,24887.75,24876.75,24884.0,2174.0
2026-03-12T11:00:00Z,24883.75,24890.5,24864.5,24867.25,3812.0
2026-03-12T11:05:00Z,24867.25,24873.75,24859.0,24862.5,2437.0
2026-03-12T11:10:00Z,24862.75,24868.5,24858.5,24861.25,1813.0
2026-03-12T11:15:00Z,24861.75,24876.25,24860.0,24866.25,3034.0
2026-03-12T11:20:00Z,24865.75,24886.5,24865.0,24882.0,2385.0
2026-03-12T11:25:00Z,24882.25,24885.75,24847.0,24875.5,5512.0
2026-03-12T11:30:00Z,24875.75,24905.5,24875.75,24899.5,4224.0
2026-03-12T11:35:00Z,24900.25,24909.5,24893.75,24903.25,2611.0
2026-03-12T11:40:00Z,24903.5,24929.0,24901.0,24911.25,4615.0
2026-03-12T11:45:00Z,24911.25,24912.0,24890.0,24891.0,3666.0
2026-03-12T11:50:00Z,24890.25,24894.0,24860.25,24860.75,4685.0
2026-03-12T11:55:00Z,24861.25,24867.75,24852.5,24858.25,3555.0
2026-03-12T12:00:00Z,24858.25,24862.75,24832.25,24837.0,5321.0
2026-03-12T12:05:00Z,24836.5,24840.75,24810.0,24822.0,7007.0
2026-03-12T12:10:00Z,24822.0,24844.0,24816.5,24833.5,5590.0
2026-03-12T12:15:00Z,24834.0,24843.75,24823.0,24830.5,4143.0
2026-03-12T12:20:00Z,24830.75,24837.75,24818.0,24830.0,4297.0
2026-03-12T12:25:00Z,24829.5,24844.0,24825.25,24841.75,2873.0
2026-03-12T12:30:00Z,24841.5,24844.0,24805.5,24817.5,6774.0
2026-03-12T12:35:00Z,24817.0,24823.5,24801.25,24802.5,5377.0
2026-03-12T12:40:00Z,24802.75,24827.5,24801.0,24822.0,5356.0
2026-03-12T12:45:00Z,24821.75,24831.0,24809.5,24824.0,5214.0
2026-03-12T12:50:00Z,24823.25,24826.75,24801.75,24811.0,4774.0
2026-03-12T12:55:00Z,24811.5,24834.75,24810.75,24834.25,4553.0
2026-03-12T13:00:00Z,24833.25,24852.75,24823.25,24842.5,7255.0
2026-03-12T13:05:00Z,24842.0,24845.25,24833.75,24838.75,3749.0
2026-03-12T13:10:00Z,24838.5,24847.25,24800.0,24803.5,7313.0
2026-03-12T13:15:00Z,24802.75,24813.25,24775.0,24786.0,18002.0
2026-03-12T13:20:00Z,24786.25,24794.5,24750.5,24789.25,16099.0
2026-03-12T13:25:00Z,24788.5,24799.25,24772.75,24775.5,10523.0
2026-03-12T13:30:00Z,24775.75,24830.25,24742.0,24814.25,50503.0
2026-03-12T13:35:00Z,24814.0,24834.75,24796.75,24817.0,31694.0
2026-03-12T13:40:00Z,24816.25,24828.25,24761.0,24765.25,33623.0
2026-03-12T13:45:00Z,24765.0,24765.0,24676.5,24736.5,51189.0
2026-03-12T13:50:00Z,24736.25,24767.0,24664.25,24669.25,42721.0
2026-03-12T13:55:00Z,24669.0,24678.75,24630.5,24657.5,33819.0
2026-03-12T14:00:00Z,24658.75,24746.5,24652.0,24719.25,42577.0
2026-03-12T14:05:00Z,24719.5,24730.0,24694.25,24704.75,27488.0
2026-03-12T14:10:00Z,24706.25,24745.25,24696.0,24737.0,24628.0
2026-03-12T14:15:00Z,24737.25,24750.0,24678.0,24680.25,28985.0
2026-03-12T14:20:00Z,24680.0,24685.5,24658.0,24673.5,25763.0
2026-03-12T14:25:00Z,24673.25,24703.25,24616.75,24617.25,33711.0
2026-03-12T14:30:00Z,24617.5,24628.0,24590.75,24605.5,31591.0
2026-03-12T14:35:00Z,24605.25,24633.0,24572.5,24606.25,35072.0
2026-03-12T14:40:00Z,24605.5,24649.5,24586.0,24645.0,26731.0
2026-03-12T14:45:00Z,24645.0,24725.75,24603.5,24615.0,47828.0
2026-03-12T14:50:00Z,24614.5,24634.75,24600.5,24627.25,23683.0
2026-03-12T14:55:00Z,24627.25,24646.0,24611.5,24619.75,19123.0
2026-03-12T15:00:00Z,24620.25,24633.75,24580.0,24608.25,25398.0
2026-03-12T15:05:00Z,24607.5,24617.5,24595.5,24601.75,12435.0
2026-03-12T15:10:00Z,24601.0,24602.25,24561.0,24590.5,22136.0
2026-03-12T15:15:00Z,24590.0,24600.0,24573.75,24583.25,15249.0
2026-03-12T15:20:00Z,24583.5,24605.0,24568.75,24600.0,16499.0
2026-03-12T15:25:00Z,24599.75,24640.0,24597.25,24619.5,20154.0
2026-03-12T15:30:00Z,24619.5,24636.25,24600.0,24609.0,17618.0
2026-03-12T15:35:00Z,24608.75,24698.75,24578.75,24693.5,33819.0
2026-03-12T15:40:00Z,24693.75,24710.75,24645.0,24688.25,38175.0
2026-03-12T15:45:00Z,24688.75,24697.0,24623.5,24657.0,25486.0
2026-03-12T15:50:00Z,24657.0,24682.25,24637.75,24676.25,16545.0
2026-03-12T15:55:00Z,24675.5,24677.0,24642.25,24665.25,14193.0
2026-03-12T16:00:00Z,24666.0,24693.25,24650.0,24691.25,16160.0
2026-03-12T16:05:00Z,24691.25,24706.75,24587.75,24597.0,27522.0
2026-03-12T16:10:00Z,24597.75,24656.25,24593.75,24655.0,20359.0
2026-03-12T16:15:00Z,24655.25,24698.5,24651.0,24674.5,19645.0
2026-03-12T16:20:00Z,24675.0,24735.25,24673.25,24681.75,26187.0
2026-03-12T16:25:00Z,24682.25,24685.75,24632.25,24640.75,21169.0
2026-03-12T16:30:00Z,24639.75,24692.5,24630.5,24674.25,18902.0
2026-03-12T16:35:00Z,24673.75,24715.75,24667.0,24707.0,21163.0
2026-03-12T16:40:00Z,24707.25,24709.75,24677.5,24689.0,16923.0
2026-03-12T16:45:00Z,24689.0,24696.0,24624.0,24661.25,20672.0
2026-03-12T16:50:00Z,24661.0,24679.75,24628.25,24643.25,14996.0
2026-03-12T16:55:00Z,24643.5,24669.0,24637.5,24661.75,11454.0
2026-03-12T17:00:00Z,24661.5,24699.75,24656.25,24695.75,12453.0
2026-03-12T17:05:00Z,24695.25,24724.0,24665.0,24672.0,17954.0
2026-03-12T17:10:00Z,24672.0,24696.25,24659.0,24660.75,12463.0
2026-03-12T17:15:00Z,24660.75,24671.75,24635.0,24637.5,12104.0
2026-03-12T17:20:00Z,24637.25,24688.25,24630.75,24675.75,14453.0
2026-03-12T17:25:00Z,24676.0,24684.75,24642.5,24651.0,10812.0
2026-03-12T17:30:00Z,24651.5,24677.0,24649.0,24663.75,9379.0
2026-03-12T17:35:00Z,24663.5,24690.75,24662.25,24681.5,9234.0
2026-03-12T17:40:00Z,24682.0,24693.0,24642.75,24646.25,11071.0
2026-03-12T17:45:00Z,24646.75,24656.5,24618.0,24628.25,14970.0
2026-03-12T17:50:00Z,24628.0,24652.0,24622.5,24622.75,8113.0
2026-03-12T17:55:00Z,24622.75,24628.0,24585.25,24624.25,16303.0
2026-03-12T18:00:00Z,24625.5,24663.0,24624.75,24640.5,13746.0
2026-03-12T18:05:00Z,24640.75,24671.5,24626.0,24653.0,11448.0
2026-03-12T18:10:00Z,24653.5,24661.5,24640.5,24657.5,8225.0
2026-03-12T18:15:00Z,24657.25,24670.75,24632.75,24637.25,10582.0
2026-03-12T18:20:00Z,24637.5,24640.5,24611.75,24630.75,11671.0
2026-03-12T18:25:00Z,24630.5,24640.0,24616.5,24637.25,8294.0
2026-03-12T18:30:00Z,24637.5,24646.5,24615.75,24619.0,7991.0
2026-03-12T18:35:00Z,24619.25,24630.5,24602.25,24622.75,9952.0
2026-03-12T18:40:00Z,24622.75,24624.75,24607.75,24609.5,6511.0
2026-03-12T18:45:00Z,24609.5,24617.25,24594.75,24599.0,7143.0
2026-03-12T18:50:00Z,24599.5,24630.25,24599.0,24615.5,9718.0
2026-03-12T18:55:00Z,24615.5,24617.0,24595.5,24600.0,8182.0
2026-03-12T19:00:00Z,24599.75,24633.75,24580.0,24596.0,16224.0
2026-03-12T19:05:00Z,24595.75,24618.75,24591.0,24600.25,11494.0
2026-03-12T19:10:00Z,24599.75,24608.5,24569.5,24594.25,10805.0
2026-03-12T19:15:00Z,24593.5,24612.5,24583.75,24603.75,9039.0
2026-03-12T19:20:00Z,24603.75,24630.0,24596.0,24610.0,9581.0
2026-03-12T19:25:00Z,24610.0,24621.75,24602.25,24615.5,7431.0
2026-03-12T19:30:00Z,24615.5,24643.25,24613.75,24626.5,10135.0
2026-03-12T19:35:00Z,24626.0,24632.0,24602.25,24609.75,8910.0
2026-03-12T19:40:00Z,24610.0,24611.0,24572.75,24583.25,12787.0
2026-03-12T19:45:00Z,24583.5,24585.0,24557.75,24571.5,12932.0
2026-03-12T19:50:00Z,24572.0,24581.5,24545.5,24572.0,14816.0
2026-03-12T19:55:00Z,24571.75,24584.5,24543.0,24555.75,19011.0
2026-03-12T20:00:00Z,24555.5,24574.25,24549.0,24571.5,9031.0
2026-03-12T20:05:00Z,24571.75,24573.75,24538.0,24543.75,6991.0
2026-03-12T20:10:00Z,24543.5,24546.5,24517.0,24532.75,8736.0
2026-03-12T20:15:00Z,24532.75,24553.0,24531.0,24546.75,3881.0
2026-03-12T20:20:00Z,24546.75,24554.5,24538.25,24551.0,2334.0
2026-03-12T20:25:00Z,24551.75,24565.0,24548.5,24550.0,2919.0
2026-03-12T20:30:00Z,24550.0,24555.75,24546.0,24554.25,2055.0
2026-03-12T20:35:00Z,24554.5,24563.0,24550.5,24561.25,1504.0
2026-03-12T20:40:00Z,24562.5,24569.0,24555.0,24563.5,1835.0
2026-03-12T20:45:00Z,24563.75,24573.25,24561.0,24571.25,2027.0
2026-03-12T20:50:00Z,24571.0,24577.75,24569.5,24571.0,1366.0
2026-03-12T20:55:00Z,24571.25,24574.25,24565.0,24567.25,0.0
2026-03-12T22:00:00Z,24565.0,24581.75,24538.0,24545.0,4545.0
2026-03-12T22:05:00Z,24545.0,24587.5,24543.75,24561.25,3848.0
2026-03-12T22:10:00Z,24561.5,24571.0,24557.25,24558.25,1437.0
2026-03-12T22:15:00Z,24559.25,24565.75,24541.5,24546.5,2376.0
2026-03-12T22:20:00Z,24547.25,24558.5,24540.75,24555.25,1607.0
2026-03-12T22:25:00Z,24556.5,24583.25,24556.5,24582.0,2995.0
2026-03-12T22:30:00Z,24581.0,24596.25,24574.0,24591.0,3559.0
2026-03-12T22:35:00Z,24591.75,24598.25,24588.75,24595.75,1955.0
2026-03-12T22:40:00Z,24596.0,24601.5,24587.25,24588.25,2168.0
2026-03-12T22:45:00Z,24588.75,24597.0,24570.5,24574.5,3308.0
2026-03-12T22:50:00Z,24575.75,24586.75,24573.25,24578.5,1538.0
2026-03-12T22:55:00Z,24579.25,24588.0,24577.0,24586.25,1259.0
2026-03-12T23:00:00Z,24586.75,24603.5,24585.0,24601.75,2488.0
2026-03-12T23:05:00Z,24602.0,24613.5,24600.5,24601.0,2614.0
2026-03-12T23:10:00Z,24601.25,24602.0,24585.0,24587.5,2545.0
2026-03-12T23:15:00Z,24588.25,24589.75,24573.75,24580.25,2296.0
2026-03-12T23:20:00Z,24580.0,24583.75,24572.5,24578.0,1467.0
2026-03-12T23:25:00Z,24577.25,24582.25,24562.75,24575.75,3609.0
2026-03-12T23:30:00Z,24575.75,24587.5,24570.25,24578.0,2071.0
2026-03-12T23:35:00Z,24578.0,24578.5,24565.0,24571.75,1737.0
2026-03-12T23:40:00Z,24572.5,24575.75,24550.25,24569.5,3863.0
2026-03-12T23:45:00Z,24568.25,24569.0,24543.0,24550.25,3432.0
2026-03-12T23:50:00Z,24550.25,24555.5,24535.25,24547.5,3109.0
2026-03-12T23:55:00Z,24547.0,24548.25,24526.25,24528.75,3315.0
2026-03-13T00:00:00Z,24529.0,24530.0,24491.5,24508.0,10396.0
2026-03-13T00:05:00Z,24507.75,24545.75,24505.75,24545.25,5483.0
2026-03-13T00:10:00Z,24545.25,24579.25,24540.25,24578.0,6063.0
2026-03-13T00:15:00Z,24578.75,24618.5,24578.0,24605.25,9000.0
2026-03-13T00:20:00Z,24605.25,24616.0,24603.25,24608.0,4019.0
2026-03-13T00:25:00Z,24607.25,24639.5,24601.5,24619.25,7455.0
2026-03-13T00:30:00Z,24620.0,24640.0,24616.25,24637.0,4576.0
2026-03-13T00:35:00Z,24636.5,24647.25,24626.25,24626.5,4536.0
2026-03-13T00:40:00Z,24627.0,24633.5,24615.0,24615.5,3469.0
2026-03-13T00:45:00Z,24615.25,24630.25,24609.75,24614.25,3897.0
2026-03-13T00:50:00Z,24614.25,24618.0,24604.75,24609.0,2793.0
2026-03-13T00:55:00Z,24609.75,24628.75,24606.75,24625.75,3041.0
2026-03-13T01:00:00Z,24626.0,24646.5,24624.25,24634.75,4688.0
2026-03-13T01:05:00Z,24634.25,24658.25,24630.5,24656.75,4588.0
2026-03-13T01:10:00Z,24656.75,24661.25,24640.5,24646.25,3531.0
2026-03-13T01:15:00Z,24646.5,24656.0,24645.0,24649.5,2162.0
2026-03-13T01:20:00Z,24649.75,24655.25,24636.0,24637.5,2401.0
2026-03-13T01:25:00Z,24637.25,24650.25,24637.25,24645.5,2036.0
2026-03-13T01:30:00Z,24645.25,24653.25,24640.25,24646.5,1726.0
2026-03-13T01:35:00Z,24647.0,24649.0,24641.0,24641.5,1351.0
2026-03-13T01:40:00Z,24641.5,24647.25,24633.0,24636.0,2226.0
2026-03-13T01:45:00Z,24637.25,24639.5,24623.5,24628.5,2586.0
2026-03-13T01:50:00Z,24628.75,24633.0,24619.25,24623.25,1739.0
2026-03-13T01:55:00Z,24622.25,24632.25,24619.0,24630.25,1951.0
2026-03-13T02:00:00Z,24629.75,24646.5,24627.5,24646.25,3071.0
2026-03-13T02:05:00Z,24646.0,24651.0,24639.5,24645.0,1820.0
2026-03-13T02:10:00Z,24644.5,24646.75,24625.0,24627.25,2128.0
2026-03-13T02:15:00Z,24626.75,24634.0,24621.5,24628.0,2143.0
2026-03-13T02:20:00Z,24626.0,24632.75,24615.0,24616.75,2146.0
2026-03-13T02:25:00Z,24616.25,24625.25,24616.25,24620.25,1130.0
2026-03-13T02:30:00Z,24619.75,24638.0,24614.0,24635.5,2310.0
2026-03-13T02:35:00Z,24636.25,24639.5,24613.0,24617.5,2207.0
2026-03-13T02:40:00Z,24617.75,24625.25,24603.75,24607.0,2753.0
2026-03-13T02:45:00Z,24607.5,24617.0,24605.25,24605.25,2149.0
2026-03-13T02:50:00Z,24605.5,24610.0,24599.25,24601.0,2011.0
2026-03-13T02:55:00Z,24600.75,24612.0,24599.0,24604.0,1991.0
2026-03-13T03:00:00Z,24604.25,24617.25,24602.75,24602.75,2325.0
2026-03-13T03:05:00Z,24603.0,24620.5,24596.25,24617.75,3013.0
2026-03-13T03:10:00Z,24618.25,24618.75,24589.75,24590.25,2809.0
2026-03-13T03:15:00Z,24590.5,24596.75,24582.25,24596.0,3171.0
2026-03-13T03:20:00Z,24595.75,24604.75,24589.0,24603.25,2276.0
2026-03-13T03:25:00Z,24603.5,24611.0,24596.0,24600.0,2016.0
2026-03-13T03:30:00Z,24599.75,24606.75,24583.75,24602.25,2996.0
2026-03-13T03:35:00Z,24603.0,24605.0,24586.75,24595.75,2016.0
2026-03-13T03:40:00Z,24596.0,24613.0,24591.75,24608.75,1965.0
2026-03-13T03:45:00Z,24608.5,24626.25,24608.25,24616.5,2438.0
2026-03-13T03:50:00Z,24616.0,24629.5,24612.0,24627.25,1930.0
2026-03-13T03:55:00Z,24627.75,24629.5,24623.0,24625.25,947.0
2026-03-13T04:05:00Z,24620.5,24620.75,24614.75,24616.0,2759.0
2026-03-13T04:10:00Z,24616.25,24619.75,24603.75,24606.5,1827.0
2026-03-13T04:15:00Z,24607.5,24610.25,24600.75,24607.5,1433.0
2026-03-13T04:20:00Z,24606.75,24607.25,24578.75,24588.75,3521.0
2026-03-13T04:25:00Z,24589.0,24592.0,24579.25,24584.5,1804.0
2026-03-13T04:30:00Z,24585.25,24587.25,24572.0,24573.75,2404.0
2026-03-13T04:35:00Z,24573.75,24574.5,24562.75,24573.25,2160.0
2026-03-13T04:40:00Z,24573.0,24587.75,24570.75,24587.25,1966.0
2026-03-13T04:45:00Z,24587.0,24588.5,24573.0,24575.75,1692.0
2026-03-13T04:50:00Z,24576.75,24580.5,24567.75,24569.25,1333.0
2026-03-13T04:55:00Z,24569.75,24578.25,24568.0,24575.75,1017.0
2026-03-13T05:00:00Z,24576.5,24585.75,24571.5,24573.75,1671.0
2026-03-13T05:05:00Z,24573.5,24582.0,24567.25,24570.75,1603.0
2026-03-13T05:10:00Z,24570.25,24571.5,24553.25,24557.75,2797.0
2026-03-13T05:15:00Z,24558.5,24571.75,24555.0,24570.0,1622.0
2026-03-13T05:20:00Z,24570.25,24583.0,24563.75,24573.0,2340.0
2026-03-13T05:25:00Z,24573.0,24584.5,24569.5,24581.0,1363.0
2026-03-13T05:30:00Z,24581.5,24599.75,24581.0,24592.5,2343.0
2026-03-13T05:35:00Z,24592.0,24593.5,24579.0,24585.5,1761.0
2026-03-13T05:40:00Z,24585.5,24588.0,24569.5,24573.25,1602.0
2026-03-13T05:45:00Z,24573.25,24580.0,24569.0,24575.25,1031.0
2026-03-13T05:50:00Z,24574.5,24579.75,24570.75,24573.75,987.0
2026-03-13T05:55:00Z,24573.25,24589.25,24567.25,24585.75,1721.0
2026-03-13T06:00:00Z,24585.0,24585.5,24563.0,24564.75,2009.0
2026-03-13T06:05:00Z,24564.5,24596.0,24564.5,24592.75,2404.0
2026-03-13T06:10:00Z,24592.75,24595.25,24575.25,24579.0,2026.0
2026-03-13T06:15:00Z,24578.25,24580.25,24566.5,24570.5,1631.0
2026-03-13T06:20:00Z,24570.5,24575.25,24565.0,24565.0,999.0
2026-03-13T06:25:00Z,24565.0,24565.5,24538.75,24549.25,4058.0
2026-03-13T06:30:00Z,24549.0,24560.0,24529.75,24532.0,4011.0
2026-03-13T06:35:00Z,24531.5,24540.0,24519.75,24538.0,3399.0
2026-03-13T06:40:00Z,24537.5,24545.0,24515.0,24516.5,3142.0
2026-03-13T06:45:00Z,24516.5,24521.0,24482.0,24488.75,6067.0
2026-03-13T06:50:00Z,24489.75,24506.5,24479.75,24483.5,3795.0
2026-03-13T06:55:00Z,24483.5,24493.25,24476.0,24480.75,2891.0
2026-03-13T07:00:00Z,24479.5,24488.25,24452.75,24457.75,6254.0
2026-03-13T07:05:00Z,24457.0,24459.5,24428.5,24432.25,7082.0
2026-03-13T07:10:00Z,24432.25,24445.25,24423.75,24431.75,5879.0
2026-03-13T07:15:00Z,24431.5,24436.0,24415.75,24434.25,5120.0
2026-03-13T07:20:00Z,24434.25,24437.75,24410.5,24436.75,4821.0
2026-03-13T07:25:00Z,24436.25,24462.25,24433.75,24457.25,5863.0
2026-03-13T07:30:00Z,24457.75,24466.25,24448.25,24458.75,4535.0
2026-03-13T07:35:00Z,24459.0,24476.0,24455.75,24461.25,3485.0
2026-03-13T07:40:00Z,24461.5,24465.75,24447.75,24460.75,4284.0
2026-03-13T07:45:00Z,24461.0,24463.0,24443.25,24452.0,2491.0
2026-03-13T07:50:00Z,24451.25,24459.25,24431.5,24432.75,3155.0
2026-03-13T07:55:00Z,24433.25,24451.25,24423.0,24447.5,3666.0
2026-03-13T08:00:00Z,24448.75,24460.5,24418.5,24422.5,7165.0
2026-03-13T08:05:00Z,24422.5,24435.25,24407.25,24407.75,7468.0
2026-03-13T08:10:00Z,24407.75,24415.0,24397.5,24409.75,5998.0
2026-03-13T08:15:00Z,24409.5,24425.0,24397.5,24420.75,4901.0
2026-03-13T08:20:00Z,24418.75,24435.5,24415.5,24423.0,3994.0
2026-03-13T08:25:00Z,24423.5,24431.5,24406.0,24415.5,3982.0
2026-03-13T08:30:00Z,24415.0,24447.25,24414.5,24442.75,5063.0
2026-03-13T08:35:00Z,24442.25,24483.0,24439.5,24472.5,5524.0
2026-03-13T08:40:00Z,24472.5,24482.25,24464.5,24468.25,3803.0
2026-03-13T08:45:00Z,24468.75,24492.75,24456.0,24491.5,4059.0
2026-03-13T08:50:00Z,24491.0,24523.25,24488.75,24509.5,5814.0
2026-03-13T08:55:00Z,24510.0,24523.75,24505.0,24513.0,3605.0
2026-03-13T09:00:00Z,24513.25,24574.75,24513.25,24548.25,12812.0
2026-03-13T09:05:00Z,24548.5,24555.75,24528.25,24529.0,4960.0
2026-03-13T09:10:00Z,24529.75,24547.5,24516.0,24530.5,4888.0
2026-03-13T09:15:00Z,24530.75,24537.25,24514.25,24531.5,3214.0
2026-03-13T09:20:00Z,24531.25,24542.75,24514.5,24516.5,2901.0
2026-03-13T09:25:00Z,24517.0,24535.0,24512.5,24527.5,2682.0
2026-03-13T09:30:00Z,24527.0,24533.5,24512.5,24520.0,2950.0
2026-03-13T09:35:00Z,24519.25,24533.5,24509.5,24513.75,3040.0
2026-03-13T09:40:00Z,24513.5,24534.75,24512.5,24529.5,2689.0
2026-03-13T09:45:00Z,24529.0,24539.0,24518.5,24537.25,2724.0
2026-03-13T09:50:00Z,24536.75,24553.0,24531.5,24538.0,3760.0
2026-03-13T09:55:00Z,24538.0,24545.25,24527.75,24530.25,2234.0
2026-03-13T10:00:00Z,24532.0,24566.25,24525.0,24554.0,4779.0
2026-03-13T10:05:00Z,24554.25,24568.75,24553.75,24558.5,2457.0
2026-03-13T10:10:00Z,24559.5,24594.75,24559.5,24589.75,4559.0
2026-03-13T10:15:00Z,24589.5,24605.25,24587.5,24604.25,2777.0
2026-03-13T10:20:00Z,24604.5,24613.25,24596.5,24598.0,3497.0
2026-03-13T10:25:00Z,24597.25,24601.25,24578.5,24584.5,3068.0
2026-03-13T10:30:00Z,24585.75,24587.25,24568.25,24584.25,3075.0
2026-03-13T10:35:00Z,24584.25,24587.25,24574.25,24582.5,1840.0
2026-03-13T10:40:00Z,24582.25,24587.0,24574.25,24579.0,1516.0
2026-03-13T10:45:00Z,24579.5,24613.0,24573.5,24609.75,6966.0
2026-03-13T10:50:00Z,24611.0,24623.25,24596.0,24599.25,6115.0
2026-03-13T10:55:00Z,24599.5,24621.0,24596.0,24618.0,3306.0
2026-03-13T11:00:00Z,24618.0,24636.5,24615.0,24633.0,5280.0
2026-03-13T11:05:00Z,24633.75,24645.5,24608.25,24624.5,7931.0
2026-03-13T11:10:00Z,24623.75,24627.25,24602.25,24617.75,4849.0
2026-03-13T11:15:00Z,24617.75,24635.75,24605.0,24634.0,4308.0
2026-03-13T11:20:00Z,24633.75,24639.0,24625.25,24631.0,2954.0
2026-03-13T11:25:00Z,24630.5,24653.5,24620.5,24629.25,6016.0
2026-03-13T11:30:00Z,24628.75,24641.25,24621.0,24629.0,3348.0
2026-03-13T11:35:00Z,24629.0,24647.0,24626.25,24635.75,3376.0
2026-03-13T11:40:00Z,24635.25,24649.75,24624.5,24648.0,3309.0
2026-03-13T11:45:00Z,24648.75,24656.75,24639.75,24644.25,3999.0
2026-03-13T11:50:00Z,24644.25,24662.25,24638.0,24653.5,4565.0
2026-03-13T11:55:00Z,24653.25,24665.25,24652.75,24662.75,3672.0
2026-03-13T12:00:00Z,24662.5,24676.75,24654.25,24655.0,5780.0
2026-03-13T12:05:00Z,24654.75,24657.25,24640.25,24644.5,4595.0
2026-03-13T12:10:00Z,24644.5,24653.5,24635.25,24650.0,3618.0
2026-03-13T12:15:00Z,24650.25,24652.5,24638.25,24644.25,3075.0
2026-03-13T12:20:00Z,24644.75,24644.75,24630.25,24637.5,3438.0
2026-03-13T12:25:00Z,24637.25,24659.0,24633.0,24653.75,4885.0
2026-03-13T12:30:00Z,24653.75,24680.25,24649.0,24660.0,9474.0
2026-03-13T12:35:00Z,24659.75,24659.75,24634.0,24653.25,6580.0
2026-03-13T12:40:00Z,24653.75,24663.5,24646.25,24659.25,4891.0
2026-03-13T12:45:00Z,24659.25,24735.25,24657.75,24685.25,24317.0
2026-03-13T12:50:00Z,24685.5,24688.5,24662.25,24672.5,8151.0
2026-03-13T12:55:00Z,24673.0,24683.0,24666.5,24681.25,5018.0
2026-03-13T13:00:00Z,24680.75,24689.75,24642.0,24676.0,13082.0
2026-03-13T13:05:00Z,24676.0,24681.75,24652.0,24657.0,5762.0
2026-03-13T13:10:00Z,24657.75,24672.5,24643.75,24668.0,5792.0
2026-03-13T13:15:00Z,24667.75,24683.75,24658.5,24682.5,5044.0
2026-03-13T13:20:00Z,24682.75,24684.5,24661.5,24681.0,5619.0
2026-03-13T13:25:00Z,24681.5,24683.5,24637.25,24645.5,9918.0
2026-03-13T13:30:00Z,24645.5,24701.5,24637.0,24660.75,45432.0
2026-03-13T13:35:00Z,24660.25,24694.75,24611.0,24676.75,45800.0
2026-03-13T13:40:00Z,24677.0,24772.75,24666.0,24770.0,42999.0
2026-03-13T13:45:00Z,24770.0,24805.0,24755.0,24755.0,39104.0
2026-03-13T13:50:00Z,24756.0,24797.0,24735.5,24789.25,36182.0
2026-03-13T13:55:00Z,24789.0,24792.5,24720.75,24727.75,27687.0
2026-03-13T14:00:00Z,24728.0,24765.5,24693.5,24711.5,34720.0
2026-03-13T14:05:00Z,24711.0,24735.0,24678.0,24685.75,33296.0
2026-03-13T14:10:00Z,24686.25,24694.25,24658.25,24666.75,29995.0
2026-03-13T14:15:00Z,24666.75,24685.5,24633.75,24655.5,32086.0
2026-03-13T14:20:00Z,24655.0,24691.5,24652.75,24671.0,30754.0
2026-03-13T14:25:00Z,24671.25,24703.5,24655.0,24674.25,25209.0
2026-03-13T14:30:00Z,24674.5,24728.25,24666.0,24689.25,30742.0
2026-03-13T14:35:00Z,24689.0,24691.0,24639.25,24661.5,31052.0
2026-03-13T14:40:00Z,24660.75,24662.5,24594.0,24595.25,33274.0
2026-03-13T14:45:00Z,24596.5,24597.5,24545.75,24572.25,40937.0
2026-03-13T14:50:00Z,24571.5,24597.75,24539.25,24547.0,33430.0
2026-03-13T14:55:00Z,24546.75,24561.25,24480.75,24491.0,39667.0
2026-03-13T15:00:00Z,24490.5,24509.0,24461.5,24486.25,34743.0
2026-03-13T15:05:00Z,24486.0,24527.0,24472.25,24526.75,30778.0
2026-03-13T15:10:00Z,24526.75,24569.5,24516.5,24561.5,26368.0
2026-03-13T15:15:00Z,24561.75,24564.0,24520.0,24521.5,20794.0
2026-03-13T15:20:00Z,24521.5,24543.5,24477.75,24479.25,25135.0
2026-03-13T15:25:00Z,24479.5,24484.5,24462.0,24470.0,20044.0
2026-03-13T15:30:00Z,24469.5,24496.5,24455.25,24486.25,25171.0
2026-03-13T15:35:00Z,24486.0,24494.75,24441.0,24462.25,30598.0
2026-03-13T15:40:00Z,24462.25,24472.25,24402.5,24414.25,26213.0
2026-03-13T15:45:00Z,24413.75,24474.5,24396.25,24445.5,40626.0
2026-03-13T15:50:00Z,24445.25,24451.0,24398.75,24425.5,22028.0
2026-03-13T15:55:00Z,24425.25,24429.75,24391.75,24409.0,18743.0
2026-03-13T16:00:00Z,24409.0,24452.0,24406.25,24437.75,21113.0
2026-03-13T16:05:00Z,24438.25,24467.0,24423.0,24456.25,16982.0
2026-03-13T16:10:00Z,24456.75,24474.5,24407.75,24435.5,23265.0
2026-03-13T16:15:00Z,24436.25,24449.25,24417.0,24430.25,15200.0
2026-03-13T16:20:00Z,24430.75,24463.0,24427.75,24442.0,15828.0
2026-03-13T16:25:00Z,24441.5,24457.25,24411.5,24444.25,15403.0
2026-03-13T16:30:00Z,24443.75,24471.25,24436.5,24440.0,15635.0
2026-03-13T16:35:00Z,24440.0,24488.25,24439.5,24455.5,18280.0
2026-03-13T16:40:00Z,24454.75,24470.5,24426.5,24428.25,15955.0
2026-03-13T16:45:00Z,24428.0,24436.25,24400.25,24431.5,16634.0
2026-03-13T16:50:00Z,24431.25,24472.25,24427.75,24469.0,13984.0
2026-03-13T16:55:00Z,24468.5,24473.75,24386.0,24396.75,23669.0
2026-03-13T17:00:00Z,24396.25,24412.75,24390.75,24406.25,13967.0
2026-03-13T17:05:00Z,24406.0,24435.0,24392.25,24428.25,13674.0
2026-03-13T17:10:00Z,24428.0,24459.75,24401.75,24459.25,15349.0
2026-03-13T17:15:00Z,24459.75,24474.25,24435.5,24459.75,17208.0
2026-03-13T17:20:00Z,24459.75,24461.75,24419.25,24450.75,14843.0
2026-03-13T17:25:00Z,24450.25,24460.75,24428.5,24450.25,10298.0
2026-03-13T17:30:00Z,24448.75,24456.0,24424.0,24433.75,11223.0
2026-03-13T17:35:00Z,24433.25,24442.75,24420.75,24437.0,9521.0
2026-03-13T17:40:00Z,24437.0,24441.0,24407.0,24425.25,15318.0
2026-03-13T17:45:00Z,24425.25,24433.0,24365.75,24368.25,17340.0
2026-03-13T17:50:00Z,24367.75,24385.25,24353.0,24377.0,15096.0
2026-03-13T17:55:00Z,24377.25,24392.75,24362.0,24374.25,12074.0
2026-03-13T18:00:00Z,24374.25,24399.0,24370.75,24392.75,11096.0
2026-03-13T18:05:00Z,24391.75,24400.5,24377.0,24390.0,10729.0
2026-03-13T18:10:00Z,24390.25,24407.75,24387.75,24401.25,11537.0
2026-03-13T18:15:00Z,24400.75,24416.25,24379.75,24385.75,11820.0
2026-03-13T18:20:00Z,24384.75,24392.0,24367.25,24378.0,9926.0
2026-03-13T18:25:00Z,24378.25,24414.0,24376.5,24412.0,11967.0
2026-03-13T18:30:00Z,24411.25,24445.5,24401.0,24433.75,14576.0
2026-03-13T18:35:00Z,24435.0,24450.0,24428.75,24443.75,9659.0
2026-03-13T18:40:00Z,24444.0,24462.5,24437.5,24458.0,9699.0
2026-03-13T18:45:00Z,24457.0,24468.0,24448.25,24461.0,10507.0
2026-03-13T18:50:00Z,24460.5,24472.75,24445.25,24464.0,12050.0
2026-03-13T18:55:00Z,24464.0,24464.25,24440.5,24448.75,8364.0
2026-03-13T19:00:00Z,24448.75,24449.5,24418.75,24419.25,12582.0
2026-03-13T19:05:00Z,24419.25,24429.75,24406.0,24421.75,12472.0
2026-03-13T19:10:00Z,24421.75,24434.5,24414.0,24416.25,8866.0
2026-03-13T19:15:00Z,24416.25,24431.5,24412.75,24419.5,11892.0
2026-03-13T19:20:00Z,24419.25,24420.5,24376.0,24386.75,15639.0
2026-03-13T19:25:00Z,24385.75,24389.5,24368.0,24376.75,11107.0
2026-03-13T19:30:00Z,24376.75,24398.75,24373.0,24378.5,11723.0
2026-03-13T19:35:00Z,24378.0,24384.5,24359.0,24362.0,9969.0
2026-03-13T19:40:00Z,24362.0,24368.75,24350.75,24367.75,12263.0
2026-03-13T19:45:00Z,24367.75,24379.0,24357.0,24372.5,12743.0
2026-03-13T19:50:00Z,24372.75,24391.75,24358.75,24385.75,14342.0
2026-03-13T19:55:00Z,24385.5,24404.0,24378.25,24397.5,15940.0
2026-03-13T20:00:00Z,24397.75,24400.75,24363.25,24370.25,10623.0
2026-03-13T20:05:00Z,24370.0,24383.0,24369.25,24372.75,3944.0
2026-03-13T20:10:00Z,24372.0,24374.75,24359.0,24364.25,3531.0
2026-03-13T20:15:00Z,24363.75,24374.0,24361.0,24372.5,2456.0
2026-03-13T20:20:00Z,24372.25,24379.75,24372.0,24374.0,2011.0
2026-03-13T20:25:00Z,24374.0,24376.25,24366.0,24369.0,1855.0
2026-03-13T20:30:00Z,24369.25,24373.5,24367.75,24372.5,1053.0
2026-03-13T20:35:00Z,24372.5,24383.5,24372.0,24379.75,1774.0
2026-03-13T20:40:00Z,24379.75,24382.0,24361.5,24365.0,2082.0
2026-03-13T20:45:00Z,24365.0,24368.75,24355.0,24357.5,2380.0
2026-03-13T20:50:00Z,24357.75,24360.0,24342.5,24353.5,2058.0
2026-03-13T20:55:00Z,24354.0,24394.25,24335.25,24394.25,0.0
2026-03-15T22:10:00Z,24323.75,24337.25,24305.25,24313.0,14224.0
2026-03-15T22:15:00Z,24313.25,24313.25,24295.0,24306.25,2041.0
2026-03-15T22:20:00Z,24303.75,24332.25,24303.0,24330.25,2775.0
2026-03-15T22:25:00Z,24329.75,24350.0,24321.0,24338.75,3012.0
2026-03-15T22:30:00Z,24338.75,24348.5,24323.75,24332.0,2186.0
2026-03-15T22:35:00Z,24331.75,24358.25,24326.5,24353.5,2719.0
2026-03-15T22:40:00Z,24352.25,24396.75,24349.25,24392.25,4227.0
2026-03-15T22:45:00Z,24392.0,24429.25,24383.5,24418.25,5301.0
2026-03-15T22:50:00Z,24419.0,24459.25,24418.25,24455.0,5421.0
2026-03-15T22:55:00Z,24456.25,24476.0,24447.75,24466.0,5114.0
2026-03-15T23:00:00Z,24465.75,24495.75,24440.75,24458.5,8693.0
2026-03-15T23:05:00Z,24459.25,24475.25,24436.25,24447.0,4327.0
2026-03-15T23:10:00Z,24446.0,24452.25,24426.0,24449.25,4176.0
2026-03-15T23:15:00Z,24449.75,24454.25,24430.0,24437.5,2242.0
2026-03-15T23:20:00Z,24437.0,24446.75,24427.5,24444.75,1954.0
2026-03-15T23:25:00Z,24444.5,24448.25,24425.0,24434.25,1774.0
2026-03-15T23:30:00Z,24434.5,24438.75,24420.0,24426.5,2202.0
2026-03-15T23:35:00Z,24426.75,24431.5,24407.0,24415.25,2600.0
2026-03-15T23:40:00Z,24415.0,24449.25,24413.25,24433.5,3864.0
2026-03-15T23:45:00Z,24434.25,24460.0,24433.75,24458.75,3468.0
2026-03-15T23:50:00Z,24458.75,24461.25,24447.5,24455.5,2116.0
2026-03-15T23:55:00Z,24454.75,24455.25,24437.75,24440.5,2244.0
2026-03-16T00:00:00Z,24440.0,24491.0,24435.0,24481.75,5944.0
2026-03-16T00:05:00Z,24481.75,24513.25,24480.0,24506.25,5712.0
2026-03-16T00:10:00Z,24507.25,24519.75,24491.75,24507.75,4982.0
2026-03-16T00:15:00Z,24507.0,24526.25,24507.0,24509.75,3746.0
2026-03-16T00:20:00Z,24509.25,24509.25,24486.75,24495.25,3036.0
2026-03-16T00:25:00Z,24496.0,24497.0,24486.0,24492.25,2002.0
2026-03-16T00:30:00Z,24491.25,24499.75,24485.0,24497.75,1811.0
2026-03-16T00:35:00Z,24497.75,24511.5,24490.0,24505.5,2799.0
2026-03-16T00:40:00Z,24505.5,24512.25,24498.0,24499.0,1652.0
2026-03-16T00:45:00Z,24498.5,24517.75,24488.0,24515.25,2955.0
2026-03-16T00:50:00Z,24515.75,24521.0,24510.25,24517.5,1539.0
2026-03-16T00:55:00Z,24517.75,24519.75,24507.75,24510.75,1070.0
2026-03-16T01:00:00Z,24510.75,24523.0,24495.0,24497.0,2933.0
2026-03-16T01:05:00Z,24496.75,24507.0,24495.5,24498.0,1624.0
2026-03-16T01:10:00Z,24499.0,24503.0,24490.0,24500.75,1793.0
2026-03-16T01:15:00Z,24501.5,24520.0,24499.0,24512.25,2282.0
2026-03-16T01:20:00Z,24512.25,24516.25,24505.0,24507.75,1158.0
2026-03-16T01:25:00Z,24507.0,24512.5,24492.25,24493.25,1992.0
2026-03-16T01:30:00Z,24493.25,24496.75,24468.75,24479.25,4094.0
2026-03-16T01:35:00Z,24478.75,24497.75,24472.75,24474.5,3204.0
2026-03-16T01:40:00Z,24474.75,24491.25,24471.25,24482.0,2187.0
2026-03-16T01:45:00Z,24483.0,24501.25,24481.25,24500.5,2022.0
2026-03-16T01:50:00Z,24499.0,24525.0,24499.0,24517.75,3699.0
2026-03-16T01:55:00Z,24518.25,24521.0,24508.25,24516.5,1707.0
2026-03-16T02:00:00Z,24515.5,24518.5,24495.0,24508.75,2189.0
2026-03-16T02:05:00Z,24509.25,24516.5,24498.75,24510.5,1564.0
2026-03-16T02:10:00Z,24510.0,24513.75,24496.0,24502.0,1588.0
2026-03-16T02:15:00Z,24502.5,24512.0,24486.5,24503.0,2523.0
2026-03-16T02:20:00Z,24502.75,24506.75,24485.0,24490.25,1902.0
2026-03-16T02:25:00Z,24489.75,24493.25,24482.0,24487.25,1211.0
2026-03-16T02:30:00Z,24486.0,24489.0,24481.0,24484.75,766.0
2026-03-16T02:35:00Z,24485.25,24486.75,24474.5,24478.0,1114.0
2026-03-16T02:40:00Z,24477.75,24491.0,24475.0,24479.0,1648.0
2026-03-16T02:45:00Z,24478.5,24499.75,24475.0,24489.75,2168.0
2026-03-16T02:50:00Z,24489.0,24496.0,24475.75,24477.75,1185.0
2026-03-16T02:55:00Z,24478.75,24500.0,24478.75,24488.5,1297.0
2026-03-16T03:00:00Z,24490.75,24496.0,24485.25,24493.75,662.0
2026-03-16T03:05:00Z,24493.0,24502.0,24491.75,24501.75,718.0
2026-03-16T03:10:00Z,24500.5,24501.5,24490.5,24495.5,576.0
2026-03-16T03:15:00Z,24496.0,24514.25,24492.5,24503.5,905.0
2026-03-16T03:20:00Z,24503.75,24507.25,24492.75,24505.0,938.0
2026-03-16T03:25:00Z,24504.5,24510.0,24500.0,24507.5,844.0
2026-03-16T03:30:00Z,24508.5,24520.0,24508.25,24515.75,1419.0
2026-03-16T03:35:00Z,24515.0,24519.25,24511.5,24515.5,890.0
2026-03-16T03:40:00Z,24516.5,24518.5,24513.75,24516.5,565.0
2026-03-16T03:45:00Z,24517.5,24538.0,24514.25,24538.0,1551.0
2026-03-16T03:50:00Z,24538.0,24539.75,24529.0,24531.25,1593.0
2026-03-16T03:55:00Z,24531.5,24534.0,24526.25,24532.75,522.0
2026-03-16T04:00:00Z,24530.75,24534.0,24526.75,24526.75,709.0
2026-03-16T04:05:00Z,24527.5,24542.0,24527.5,24532.0,980.0
2026-03-16T04:10:00Z,24531.5,24538.0,24530.5,24533.0,430.0
2026-03-16T04:15:00Z,24534.25,24550.0,24534.25,24544.75,1466.0
2026-03-16T04:20:00Z,24544.0,24544.5,24530.75,24534.25,692.0
2026-03-16T04:25:00Z,24534.75,24537.25,24531.75,24532.75,489.0
2026-03-16T04:30:00Z,24532.75,24534.5,24527.75,24528.5,560.0
2026-03-16T04:35:00Z,24529.0,24529.0,24519.0,24522.25,957.0
2026-03-16T04:40:00Z,24521.5,24521.5,24515.25,24517.0,707.0
2026-03-16T04:45:00Z,24517.5,24522.0,24512.0,24513.25,603.0
2026-03-16T04:50:00Z,24513.0,24530.0,24506.5,24523.75,1776.0
2026-03-16T04:55:00Z,24524.25,24525.25,24504.0,24507.0,982.0
2026-03-16T05:00:00Z,24506.5,24512.75,24506.0,24510.0,709.0
2026-03-16T05:05:00Z,24510.0,24526.0,24508.75,24522.5,1110.0
2026-03-16T05:10:00Z,24522.0,24525.0,24520.25,24524.0,498.0
2026-03-16T05:15:00Z,24524.0,24526.75,24516.5,24521.75,655.0
2026-03-16T05:20:00Z,24522.0,24522.5,24512.25,24519.5,631.0
2026-03-16T05:25:00Z,24519.25,24521.5,24511.5,24515.5,653.0
2026-03-16T05:30:00Z,24515.5,24517.75,24510.0,24510.75,411.0
2026-03-16T05:35:00Z,24510.5,24535.0,24509.0,24534.75,1424.0
2026-03-16T05:40:00Z,24534.5,24542.25,24532.5,24536.75,1102.0
2026-03-16T05:45:00Z,24537.25,24553.5,24534.5,24550.75,1552.0
2026-03-16T05:50:00Z,24551.75,24560.0,24544.75,24545.75,1777.0
2026-03-16T05:55:00Z,24546.75,24562.0,24543.5,24560.0,1184.0
2026-03-16T06:00:00Z,24559.75,24561.5,24551.25,24551.25,1031.0
2026-03-16T06:05:00Z,24552.25,24561.0,24551.25,24558.0,770.0
2026-03-16T06:10:00Z,24558.0,24564.75,24550.0,24553.5,940.0
2026-03-16T06:15:00Z,24554.25,24558.0,24544.25,24545.75,943.0
2026-03-16T06:20:00Z,24546.0,24547.0,24539.0,24540.5,779.0
2026-03-16T06:25:00Z,24540.5,24548.25,24536.0,24539.0,891.0
2026-03-16T06:30:00Z,24538.75,24549.75,24538.5,24540.25,709.0
2026-03-16T06:35:00Z,24540.0,24549.25,24537.75,24545.5,539.0
2026-03-16T06:40:00Z,24545.0,24557.75,24544.25,24545.25,854.0
2026-03-16T06:45:00Z,24544.5,24549.5,24539.25,24544.75,660.0
2026-03-16T06:50:00Z,24545.5,24554.25,24541.5,24553.75,567.0
2026-03-16T06:55:00Z,24554.5,24568.0,24551.5,24565.25,1212.0
2026-03-16T07:00:00Z,24564.5,24585.25,24560.5,24571.75,2561.0
2026-03-16T07:05:00Z,24570.5,24577.0,24557.5,24558.5,1535.0
2026-03-16T07:10:00Z,24557.75,24570.0,24543.75,24544.25,1849.0
2026-03-16T07:15:00Z,24544.75,24551.25,24538.5,24540.75,1209.0
2026-03-16T07:20:00Z,24541.5,24551.25,24539.25,24546.25,697.0
2026-03-16T07:25:00Z,24546.25,24549.75,24527.75,24531.25,1464.0
2026-03-16T07:30:00Z,24532.0,24541.75,24512.75,24515.25,2081.0
2026-03-16T07:35:00Z,24513.5,24522.25,24504.0,24507.25,2393.0
2026-03-16T07:40:00Z,24506.75,24516.75,24505.25,24516.0,1161.0
2026-03-16T07:45:00Z,24516.5,24528.25,24512.0,24524.75,1175.0
2026-03-16T07:50:00Z,24525.5,24535.25,24513.75,24516.75,1102.0
2026-03-16T07:55:00Z,24515.5,24520.5,24506.25,24513.75,921.0
2026-03-16T08:00:00Z,24513.0,24546.25,24508.5,24528.5,2624.0
2026-03-16T08:05:00Z,24528.5,24566.75,24526.25,24566.75,2591.0
2026-03-16T08:10:00Z,24567.0,24570.5,24531.25,24531.25,2253.0
2026-03-16T08:15:00Z,24530.25,24531.5,24510.5,24518.25,2326.0
2026-03-16T08:20:00Z,24518.75,24552.5,24503.5,24539.5,2944.0
2026-03-16T08:25:00Z,24539.0,24539.0,24519.25,24527.75,1583.0
2026-03-16T08:30:00Z,24529.75,24542.0,24512.25,24517.5,1617.0
2026-03-16T08:35:00Z,24516.5,24523.25,24507.25,24508.25,1200.0
2026-03-16T08:40:00Z,24508.75,24525.75,24500.25,24505.0,2168.0
2026-03-16T08:45:00Z,24504.5,24516.25,24497.5,24499.25,1655.0
2026-03-16T08:50:00Z,24498.75,24534.0,24497.25,24531.25,2196.0
2026-03-16T08:55:00Z,24530.25,24541.0,24523.0,24528.5,1190.0
2026-03-16T09:00:00Z,24528.5,24535.25,24515.0,24516.5,1139.0
2026-03-16T09:05:00Z,24516.0,24516.0,24486.0,24502.75,2410.0
2026-03-16T09:10:00Z,24502.25,24536.75,24502.25,24525.0,2008.0
2026-03-16T09:15:00Z,24524.0,24533.75,24508.75,24523.5,1480.0
2026-03-16T09:20:00Z,24524.0,24533.0,24513.0,24513.75,1309.0
2026-03-16T09:25:00Z,24514.25,24532.5,24507.5,24512.0,1255.0
2026-03-16T09:30:00Z,24512.0,24512.0,24490.0,24492.25,1983.0
2026-03-16T09:35:00Z,24493.25,24510.5,24488.75,24494.25,1400.0
2026-03-16T09:40:00Z,24495.0,24506.0,24483.5,24485.25,1591.0
2026-03-16T09:45:00Z,24485.5,24515.75,24478.0,24509.25,2203.0
2026-03-16T09:50:00Z,24509.5,24511.75,24488.25,24493.5,1148.0
2026-03-16T09:55:00Z,24492.0,24502.75,24486.25,24491.75,920.0
2026-03-16T10:00:00Z,24491.25,24517.75,24487.5,24516.0,1646.0
2026-03-16T10:05:00Z,24514.75,24528.5,24495.0,24526.0,1665.0
2026-03-16T10:10:00Z,24526.0,24533.25,24518.25,24526.0,1522.0
2026-03-16T10:15:00Z,24527.0,24535.5,24522.75,24533.0,1252.0
2026-03-16T10:20:00Z,24533.75,24573.0,24533.0,24557.75,2853.0
2026-03-16T10:25:00Z,24557.25,24582.5,24555.25,24572.0,2192.0
2026-03-16T10:30:00Z,24571.0,24575.5,24553.75,24559.25,1979.0
2026-03-16T10:35:00Z,24559.5,24570.0,24554.75,24567.0,1322.0
2026-03-16T10:40:00Z,24568.25,24598.75,24558.75,24565.75,4014.0
2026-03-16T10:45:00Z,24564.75,24593.0,24556.75,24591.75,2016.0
2026-03-16T10:50:00Z,24591.75,24600.0,24581.5,24596.25,2482.0
2026-03-16T10:55:00Z,24597.25,24614.0,24595.75,24604.25,2365.0
2026-03-16T11:00:00Z,24604.0,24612.0,24588.5,24596.75,2736.0
2026-03-16T11:05:00Z,24596.75,24599.75,24586.0,24586.75,1052.0
2026-03-16T11:10:00Z,24586.75,24599.75,24584.25,24592.0,1193.0
2026-03-16T11:15:00Z,24592.0,24606.5,24590.25,24602.5,1494.0
2026-03-16T11:20:00Z,24603.25,24603.5,24585.0,24595.25,1339.0
2026-03-16T11:25:00Z,24597.0,24599.5,24576.5,24578.0,1592.0
2026-03-16T11:30:00Z,24580.0,24603.25,24576.5,24600.5,2385.0
2026-03-16T11:35:00Z,24601.25,24625.0,24597.75,24616.25,3149.0
2026-03-16T11:40:00Z,24616.0,24634.75,24613.5,24630.25,2275.0
2026-03-16T11:45:00Z,24629.5,24636.75,24615.75,24621.5,1819.0
2026-03-16T11:50:00Z,24621.75,24626.25,24614.5,24618.0,1144.0
2026-03-16T11:55:00Z,24618.25,24628.5,24614.5,24625.75,1598.0
2026-03-16T12:00:00Z,24624.75,24639.25,24624.25,24634.75,2253.0
2026-03-16T12:05:00Z,24635.25,24648.25,24630.5,24648.25,2191.0
2026-03-16T12:10:00Z,24647.5,24675.0,24640.5,24669.75,4466.0
2026-03-16T12:15:00Z,24669.75,24678.75,24657.0,24673.25,2549.0
2026-03-16T12:20:00Z,24673.75,24673.75,24655.25,24658.25,1897.0
2026-03-16T12:25:00Z,24658.5,24666.75,24651.5,24665.0,1575.0
2026-03-16T12:30:00Z,24665.0,24686.0,24663.25,24681.75,3175.0
2026-03-16T12:35:00Z,24682.0,24684.0,24667.0,24671.75,2598.0
2026-03-16T12:40:00Z,24672.5,24688.75,24663.5,24677.0,3397.0
2026-03-16T12:45:00Z,24676.25,24689.75,24670.25,24674.75,2550.0
2026-03-16T12:50:00Z,24674.5,24683.25,24660.25,24663.25,2844.0
2026-03-16T12:55:00Z,24663.0,24663.25,24647.5,24658.25,2699.0
2026-03-16T13:00:00Z,24658.0,24682.25,24653.5,24669.25,4137.0
2026-03-16T13:05:00Z,24668.75,24677.5,24661.75,24663.75,2049.0
2026-03-16T13:10:00Z,24664.25,24667.25,24652.5,24656.75,2110.0
2026-03-16T13:15:00Z,24657.25,24664.25,24648.25,24659.0,2949.0
2026-03-16T13:20:00Z,24658.5,24671.0,24650.0,24655.25,2877.0
2026-03-16T13:25:00Z,24654.5,24663.25,24649.0,24655.5,3139.0
2026-03-16T13:30:00Z,24656.0,24707.75,24623.0,24691.25,25351.0
2026-03-16T13:35:00Z,24690.25,24717.0,24674.0,24684.0,14582.0
2026-03-16T13:40:00Z,24684.0,24694.25,24660.25,24671.5,13445.0
2026-03-16T13:45:00Z,24671.25,24735.0,24669.0,24713.25,22318.0
2026-03-16T13:50:00Z,24713.75,24715.5,24683.75,24698.25,9726.0
2026-03-16T13:55:00Z,24698.75,24744.25,24680.5,24736.75,17477.0
2026-03-16T14:00:00Z,24736.0,24740.0,24696.25,24707.75,14134.0
2026-03-16T14:05:00Z,24709.5,24748.25,24698.0,24739.25,11559.0
2026-03-16T14:10:00Z,24739.5,24761.25,24724.5,24735.25,13368.0
2026-03-16T14:15:00Z,24736.0,24760.75,24726.0,24735.0,11848.0
2026-03-16T14:20:00Z,24734.0,24765.75,24731.25,24751.25,8364.0
2026-03-16T14:25:00Z,24751.0,24754.75,24716.25,24717.5,7951.0
2026-03-16T14:30:00Z,24718.0,24721.0,24664.75,24669.25,19153.0
2026-03-16T14:35:00Z,24670.0,24698.5,24638.5,24644.5,16798.0
2026-03-16T14:40:00Z,24643.75,24663.5,24633.75,24644.5,11246.0
2026-03-16T14:45:00Z,24644.25,24675.25,24630.0,24643.0,14285.0
2026-03-16T14:50:00Z,24642.75,24679.5,24602.25,24673.5,17228.0
2026-03-16T14:55:00Z,24673.5,24695.5,24658.5,24694.5,9956.0
2026-03-16T15:00:00Z,24694.75,24700.0,24660.0,24666.0,9390.0
2026-03-16T15:05:00Z,24666.0,24683.0,24647.0,24682.5,9153.0
2026-03-16T15:10:00Z,24682.0,24708.75,24655.5,24701.75,9378.0
2026-03-16T15:15:00Z,24701.25,24710.25,24679.5,24709.75,8503.0
2026-03-16T15:20:00Z,24710.0,24736.5,24700.5,24729.75,7800.0
2026-03-16T15:25:00Z,24730.25,24734.25,24702.75,24715.75,6383.0
2026-03-16T15:30:00Z,24715.25,24739.75,24715.0,24729.75,6263.0
2026-03-16T15:35:00Z,24729.5,24737.25,24720.0,24722.5,5064.0
2026-03-16T15:40:00Z,24722.0,24730.0,24711.5,24718.0,5768.0
2026-03-16T15:45:00Z,24717.5,24734.0,24716.75,24728.5,3459.0
2026-03-16T15:50:00Z,24728.75,24729.25,24693.25,24705.75,9131.0
2026-03-16T15:55:00Z,24706.25,24715.0,24668.25,24675.5,8768.0
2026-03-16T16:00:00Z,24675.25,24692.5,24664.25,24666.0,6350.0
2026-03-16T16:05:00Z,24665.75,24704.0,24664.25,24681.25,7122.0
2026-03-16T16:10:00Z,24683.0,24697.75,24668.75,24681.5,5018.0
2026-03-16T16:15:00Z,24680.5,24692.75,24660.0,24672.0,5503.0
2026-03-16T16:20:00Z,24672.5,24675.0,24630.0,24630.5,8788.0
2026-03-16T16:25:00Z,24630.75,24648.5,24620.75,24633.75,8244.0
2026-03-16T16:30:00Z,24632.75,24651.0,24617.25,24632.0,6990.0
2026-03-16T16:35:00Z,24631.25,24664.5,24631.0,24661.25,6123.0
2026-03-16T16:40:00Z,24660.5,24688.75,24650.0,24680.5,7368.0
2026-03-16T16:45:00Z,24681.5,24691.0,24664.25,24676.5,5500.0
2026-03-16T16:50:00Z,24675.5,24698.25,24671.5,24681.25,4709.0
2026-03-16T16:55:00Z,24680.5,24690.0,24669.0,24674.0,4005.0
2026-03-16T17:00:00Z,24674.75,24721.0,24674.25,24687.75,11601.0
2026-03-16T17:05:00Z,24688.75,24708.5,24682.0,24694.0,4177.0
2026-03-16T17:10:00Z,24694.25,24718.0,24694.0,24708.0,4707.0
2026-03-16T17:15:00Z,24707.25,24712.0,24691.0,24708.25,4073.0
2026-03-16T17:20:00Z,24709.25,24727.25,24707.75,24714.75,4018.0
2026-03-16T17:25:00Z,24715.0,24722.5,24693.5,24696.5,3982.0
2026-03-16T17:30:00Z,24697.0,24712.0,24686.25,24696.0,4398.0
2026-03-16T17:35:00Z,24695.5,24706.25,24681.5,24685.25,3101.0
2026-03-16T17:40:00Z,24685.25,24693.0,24671.25,24673.5,3551.0
2026-03-16T17:45:00Z,24674.75,24696.5,24659.5,24669.0,5637.0
2026-03-16T17:50:00Z,24668.75,24687.0,24652.0,24674.5,5117.0
2026-03-16T17:55:00Z,24674.5,24693.0,24668.0,24681.5,3225.0
2026-03-16T18:00:00Z,24682.75,24700.75,24676.5,24698.5,3566.0
2026-03-16T18:05:00Z,24699.0,24721.0,24693.0,24710.75,6835.0
2026-03-16T18:10:00Z,24711.25,24718.0,24696.0,24705.75,3426.0
2026-03-16T18:15:00Z,24706.5,24724.0,24703.25,24715.25,4717.0
2026-03-16T18:20:00Z,24715.75,24721.75,24707.25,24718.75,2661.0
2026-03-16T18:25:00Z,24718.75,24730.0,24709.75,24720.0,3933.0
2026-03-16T18:30:00Z,24719.5,24725.0,24704.25,24713.25,3183.0
2026-03-16T18:35:00Z,24713.0,24726.25,24706.25,24722.5,2769.0
2026-03-16T18:40:00Z,24722.75,24735.5,24715.5,24730.75,3517.0
2026-03-16T18:45:00Z,24730.75,24735.5,24724.75,24725.75,2324.0
2026-03-16T18:50:00Z,24725.5,24726.0,24711.0,24711.75,2903.0
2026-03-16T18:55:00Z,24712.5,24714.5,24701.5,24704.75,2796.0
2026-03-16T19:00:00Z,24704.0,24718.25,24694.0,24702.25,4213.0
2026-03-16T19:05:00Z,24702.25,24787.5,24686.5,24785.75,10380.0
2026-03-16T19:10:00Z,24785.0,24816.25,24701.0,24710.0,17079.0
2026-03-16T19:15:00Z,24709.5,24732.25,24695.0,24697.25,7397.0
2026-03-16T19:20:00Z,24697.25,24703.5,24668.5,24677.75,7475.0
2026-03-16T19:25:00Z,24676.5,24697.5,24659.5,24683.5,7692.0
2026-03-16T19:30:00Z,24683.5,24692.75,24668.25,24677.75,5401.0
2026-03-16T19:35:00Z,24678.25,24693.25,24666.5,24672.25,3737.0
2026-03-16T19:40:00Z,24671.0,24679.5,24649.0,24656.75,4732.0
2026-03-16T19:45:00Z,24657.75,24664.5,24645.0,24656.25,4101.0
2026-03-16T19:50:00Z,24656.25,24671.5,24636.5,24653.5,6036.0
2026-03-16T19:55:00Z,24653.25,24680.75,24650.75,24669.5,6440.0
2026-03-16T20:00:00Z,24669.75,24678.75,24651.25,24661.0,3948.0
2026-03-16T20:05:00Z,24662.0,24685.25,24662.0,24675.0,2527.0
2026-03-16T20:10:00Z,24674.75,24684.0,24671.25,24679.5,1109.0
2026-03-16T20:15:00Z,24681.0,24681.25,24667.75,24668.5,778.0
2026-03-16T20:20:00Z,24668.5,24669.5,24650.75,24651.5,1596.0
2026-03-16T20:25:00Z,24652.25,24656.75,24648.75,24650.0,833.0
2026-03-16T20:30:00Z,24651.25,24656.25,24640.25,24652.25,836.0
2026-03-16T20:35:00Z,24651.75,24655.0,24646.25,24651.25,661.0
2026-03-16T20:40:00Z,24650.5,24666.0,24647.5,24650.5,1003.0
2026-03-16T20:45:00Z,24652.0,24659.0,24645.5,24657.25,877.0
2026-03-16T20:50:00Z,24657.25,24661.0,24653.5,24657.25,410.0
2026-03-16T20:55:00Z,24656.25,24660.75,24648.75,24659.5,691.0
2026-03-16T22:00:00Z,24660.0,24666.5,24629.75,24631.75,0.0
2026-03-16T22:05:00Z,24632.25,24645.0,24629.25,24638.25,778.0
2026-03-16T22:10:00Z,24638.25,24647.25,24630.75,24640.25,646.0
2026-03-16T22:15:00Z,24641.25,24641.5,24625.25,24627.25,521.0
2026-03-16T22:20:00Z,24626.5,24649.0,24626.5,24647.25,855.0
2026-03-16T22:25:00Z,24646.75,24660.5,24640.25,24647.75,1144.0
2026-03-16T22:30:00Z,24648.75,24652.25,24630.0,24632.25,580.0
2026-03-16T22:35:00Z,24632.25,24636.5,24621.0,24626.5,678.0
2026-03-16T22:40:00Z,24626.75,24631.5,24623.75,24627.0,334.0
2026-03-16T22:45:00Z,24627.75,24632.75,24625.5,24626.75,285.0
2026-03-16T22:50:00Z,24625.25,24627.25,24619.25,24620.75,543.0
2026-03-16T22:55:00Z,24621.25,24630.0,24619.75,24624.0,366.0
2026-03-16T23:00:00Z,24623.75,24647.75,24623.0,24633.5,1152.0
2026-03-16T23:05:00Z,24633.25,24640.0,24631.75,24635.75,324.0
2026-03-16T23:10:00Z,24637.0,24642.75,24629.25,24634.0,502.0
2026-03-16T23:15:00Z,24634.25,24635.0,24622.25,24633.25,712.0
2026-03-16T23:20:00Z,24632.75,24637.75,24626.75,24630.75,256.0
2026-03-16T23:25:00Z,24630.0,24642.25,24625.0,24638.75,417.0
2026-03-16T23:30:00Z,24639.75,24650.0,24634.75,24643.0,549.0
2026-03-16T23:35:00Z,24642.75,24645.75,24637.25,24643.0,438.0
2026-03-16T23:40:00Z,24643.75,24657.5,24643.5,24653.0,774.0
2026-03-16T23:45:00Z,24651.5,24656.25,24640.5,24649.0,480.0
2026-03-16T23:50:00Z,24649.25,24658.0,24647.0,24656.25,440.0
2026-03-16T23:55:00Z,24656.25,24667.75,24651.25,24666.5,686.0
2026-03-17T00:00:00Z,24666.75,24667.75,24630.5,24630.75,1705.0
2026-03-17T00:05:00Z,24630.75,24652.5,24630.75,24642.25,915.0
2026-03-17T00:10:00Z,24644.5,24652.75,24640.25,24643.75,547.0
2026-03-17T00:15:00Z,24642.0,24648.0,24629.25,24637.5,624.0
2026-03-17T00:20:00Z,24638.25,24638.25,24611.75,24613.75,1071.0
2026-03-17T00:25:00Z,24613.5,24625.5,24603.0,24616.75,1610.0
2026-03-17T00:30:00Z,24618.25,24635.75,24617.5,24632.5,566.0
2026-03-17T00:35:00Z,24632.0,24649.5,24627.25,24629.0,937.0
2026-03-17T00:40:00Z,24629.0,24632.0,24608.0,24614.0,671.0
2026-03-17T00:45:00Z,24614.25,24623.0,24608.0,24610.0,651.0
2026-03-17T00:50:00Z,24611.25,24612.0,24597.5,24600.5,1090.0
2026-03-17T00:55:00Z,24602.25,24605.25,24590.0,24600.25,967.0
2026-03-17T01:00:00Z,24600.25,24611.75,24597.75,24609.5,1120.0
2026-03-17T01:05:00Z,24610.5,24620.0,24610.0,24615.25,755.0
2026-03-17T01:10:00Z,24614.75,24626.0,24611.25,24617.0,714.0
2026-03-17T01:15:00Z,24616.5,24621.5,24605.0,24606.75,520.0
2026-03-17T01:20:00Z,24609.0,24610.75,24600.75,24607.0,458.0
2026-03-17T01:25:00Z,24608.25,24615.75,24600.25,24612.5,433.0
2026-03-17T01:30:00Z,24612.25,24630.0,24611.25,24629.5,792.0
2026-03-17T01:35:00Z,24629.0,24634.0,24615.25,24618.0,671.0
2026-03-17T01:40:00Z,24617.75,24619.0,24597.0,24608.0,1112.0
2026-03-17T01:45:00Z,24608.0,24611.25,24597.0,24605.5,814.0
2026-03-17T01:50:00Z,24606.5,24620.75,24605.5,24619.75,475.0
2026-03-17T01:55:00Z,24619.0,24625.25,24615.5,24623.0,676.0
2026-03-17T02:00:00Z,24621.25,24625.5,24615.0,24616.25,406.0
2026-03-17T02:05:00Z,24616.25,24617.0,24601.75,24606.75,1230.0
2026-03-17T02:10:00Z,24607.25,24612.75,24603.0,24610.25,424.0
2026-03-17T02:15:00Z,24612.0,24612.0,24601.5,24604.25,538.0
2026-03-17T02:20:00Z,24605.25,24617.0,24602.75,24613.5,552.0
2026-03-17T02:25:00Z,24612.0,24613.25,24606.0,24608.0,229.0
2026-03-17T02:30:00Z,24609.5,24619.0,24609.5,24614.0,409.0
2026-03-17T02:35:00Z,24613.25,24616.0,24607.0,24609.75,174.0
2026-03-17T02:40:00Z,24610.0,24612.25,24605.25,24608.25,163.0
2026-03-17T02:45:00Z,24610.25,24611.0,24600.5,24603.0,364.0
2026-03-17T02:50:00Z,24602.5,24603.0,24583.0,24591.5,1001.0
2026-03-17T02:55:00Z,24590.25,24595.25,24572.5,24578.5,1010.0
2026-03-17T03:00:00Z,24579.0,24586.0,24575.0,24579.75,675.0
2026-03-17T03:05:00Z,24579.25,24582.5,24572.5,24580.5,459.0
2026-03-17T03:10:00Z,24581.25,24586.25,24579.0,24582.0,455.0
2026-03-17T03:15:00Z,24583.25,24598.5,24582.0,24594.0,555.0
2026-03-17T03:20:00Z,24593.25,24595.25,24585.75,24586.0,340.0
2026-03-17T03:25:00Z,24585.75,24591.75,24584.25,24587.0,400.0
2026-03-17T03:30:00Z,24587.5,24591.75,24576.5,24581.5,585.0
2026-03-17T03:35:00Z,24580.25,24584.25,24574.75,24578.75,342.0
2026-03-17T03:40:00Z,24578.25,24582.75,24566.75,24582.5,1120.0
2026-03-17T03:45:00Z,24581.5,24585.0,24575.25,24581.0,326.0
2026-03-17T03:50:00Z,24581.5,24586.0,24576.25,24578.0,264.0
2026-03-17T03:55:00Z,24577.75,24578.5,24573.5,24575.5,251.0
2026-03-17T04:05:00Z,24583.75,24585.25,24582.75,24584.75,0.0
2026-03-17T04:10:00Z,24585.25,24589.75,24584.25,24588.0,177.0
2026-03-17T04:15:00Z,24589.0,24602.25,24586.25,24599.25,461.0
2026-03-17T04:20:00Z,24599.25,24600.0,24588.75,24592.25,195.0
2026-03-17T04:25:00Z,24591.5,24598.25,24588.25,24596.75,157.0
2026-03-17T04:30:00Z,24598.25,24604.75,24597.75,24602.5,375.0
2026-03-17T04:35:00Z,24603.25,24618.25,24603.25,24612.75,646.0
2026-03-17T04:40:00Z,24612.0,24619.25,24608.0,24618.5,302.0
2026-03-17T04:45:00Z,24619.0,24635.25,24617.25,24631.75,771.0
2026-03-17T04:50:00Z,24633.25,24635.75,24628.5,24631.5,485.0
2026-03-17T04:55:00Z,24633.0,24633.0,24621.75,24623.0,313.0
2026-03-17T05:00:00Z,24623.0,24627.0,24616.25,24619.5,370.0
2026-03-17T05:05:00Z,24619.75,24628.5,24618.75,24628.0,292.0
2026-03-17T05:10:00Z,24628.5,24639.25,24622.75,24636.0,371.0
2026-03-17T05:15:00Z,24635.25,24640.75,24629.5,24631.75,316.0
2026-03-17T05:20:00Z,24630.75,24635.5,24628.75,24632.0,261.0
2026-03-17T05:25:00Z,24631.5,24636.0,24628.25,24628.5,178.0
2026-03-17T05:30:00Z,24628.75,24634.5,24625.0,24627.0,217.0
2026-03-17T05:35:00Z,24627.25,24627.5,24614.25,24614.25,400.0
2026-03-17T05:40:00Z,24614.0,24620.75,24604.0,24605.5,431.0
2026-03-17T05:45:00Z,24604.75,24605.5,24572.0,24580.0,1061.0
2026-03-17T05:50:00Z,24580.0,24581.25,24558.0,24563.75,1018.0
2026-03-17T05:55:00Z,24562.25,24563.5,24540.5,24544.0,1263.0
2026-03-17T06:00:00Z,24544.0,24549.75,24518.25,24525.0,1602.0
2026-03-17T06:05:00Z,24524.5,24537.0,24517.5,24523.75,823.0
2026-03-17T06:10:00Z,24522.5,24541.5,24518.0,24532.25,1154.0
2026-03-17T06:15:00Z,24532.5,24545.0,24527.5,24544.25,521.0
2026-03-17T06:20:00Z,24543.0,24562.25,24541.25,24549.5,1367.0
2026-03-17T06:25:00Z,24548.25,24555.5,24533.25,24554.75,744.0
2026-03-17T06:30:00Z,24552.75,24556.75,24541.5,24549.5,707.0
2026-03-17T06:35:00Z,24550.25,24560.75,24544.0,24560.75,455.0
2026-03-17T06:40:00Z,24561.0,24563.0,24550.75,24555.25,379.0
2026-03-17T06:45:00Z,24554.75,24554.75,24531.0,24531.25,654.0
2026-03-17T06:50:00Z,24531.5,24540.0,24530.5,24532.75,254.0
2026-03-17T06:55:00Z,24534.0,24543.25,24532.75,24543.25,317.0
2026-03-17T07:00:00Z,24540.75,24549.75,24525.0,24549.0,999.0
2026-03-17T07:05:00Z,24549.25,24559.5,24541.75,24544.5,745.0
2026-03-17T07:10:00Z,24544.0,24554.0,24543.5,24551.0,296.0
2026-03-17T07:15:00Z,24549.0,24575.5,24545.25,24572.5,782.0
2026-03-17T07:20:00Z,24572.5,24588.75,24566.0,24581.0,893.0
2026-03-17T07:25:00Z,24580.0,24584.25,24569.5,24581.75,634.0
2026-03-17T07:30:00Z,24581.5,24801.5,24580.5,24798.75,109714.0
2026-03-17T07:35:00Z,24798.75,24807.75,24790.5,24805.75,1719.0
2026-03-17T07:40:00Z,24805.75,24816.25,24785.0,24786.25,2664.0
2026-03-17T07:45:00Z,24786.25,24788.5,24776.75,24781.75,1963.0
2026-03-17T07:50:00Z,24781.25,24781.75,24763.75,24765.75,1718.0
2026-03-17T07:55:00Z,24765.25,24774.0,24764.5,24772.0,1243.0
2026-03-17T08:00:00Z,24771.25,24809.5,24771.0,24791.75,5203.0
2026-03-17T08:05:00Z,24791.75,24793.0,24768.25,24771.75,2889.0
2026-03-17T08:10:00Z,24771.75,24779.5,24757.75,24766.75,2758.0
2026-03-17T08:15:00Z,24766.0,24786.0,24757.5,24784.75,2428.0
2026-03-17T08:20:00Z,24785.75,24791.0,24758.5,24765.5,2472.0
2026-03-17T08:25:00Z,24766.25,24780.5,24754.0,24758.25,2406.0
2026-03-17T08:30:00Z,24759.0,24772.5,24756.0,24757.75,2086.0
2026-03-17T08:35:00Z,24757.75,24766.0,24739.75,24760.5,2842.0
2026-03-17T08:40:00Z,24760.5,24799.0,24760.25,24789.5,3032.0
2026-03-17T08:45:00Z,24789.25,24796.0,24778.0,24781.75,1953.0
2026-03-17T08:50:00Z,24781.0,24783.0,24748.5,24758.25,3005.0
2026-03-17T08:55:00Z,24758.25,24771.0,24753.0,24769.75,1561.0
2026-03-17T09:00:00Z,24768.25,24793.75,24768.0,24777.5,2367.0
2026-03-17T09:05:00Z,24778.25,24788.75,24774.0,24785.5,1413.0
2026-03-17T09:10:00Z,24786.0,24795.75,24782.0,24788.5,1931.0
2026-03-17T09:15:00Z,24789.0,24805.75,24778.5,24799.5,1725.0
2026-03-17T09:20:00Z,24799.5,24808.5,24792.5,24805.75,2115.0
2026-03-17T09:25:00Z,24805.75,24845.0,24805.5,24841.5,3995.0
2026-03-17T09:30:00Z,24840.25,24850.5,24835.25,24839.75,2326.0
2026-03-17T09:35:00Z,24838.25,24841.0,24824.25,24828.5,1826.0
2026-03-17T09:40:00Z,24827.75,24846.0,24821.75,24842.25,1950.0
2026-03-17T09:45:00Z,24842.5,24847.75,24830.25,24838.5,1617.0
2026-03-17T09:50:00Z,24838.25,24841.0,24827.75,24834.0,1201.0
2026-03-17T09:55:00Z,24832.5,24845.75,24830.25,24844.0,1487.0
2026-03-17T10:00:00Z,24843.25,24844.25,24828.75,24832.75,1871.0
2026-03-17T10:05:00Z,24833.0,24835.0,24817.0,24820.5,2198.0
2026-03-17T10:10:00Z,24820.75,24827.5,24816.0,24823.0,1432.0
2026-03-17T10:15:00Z,24822.75,24823.5,24793.5,24800.0,2256.0
2026-03-17T10:20:00Z,24799.5,24808.5,24793.5,24800.75,1510.0
2026-03-17T10:25:00Z,24800.75,24810.75,24797.75,24808.25,1090.0
2026-03-17T10:30:00Z,24807.75,24813.5,24801.5,24804.5,280.0
2026-03-17T10:31:28Z,24807.75,24807.75,24807.75,24807.75,0.0
